latent_0,latent_1,latent_2,latent_3,latent_4,latent_5,date
3.584345,0.0,0.46155554,0.026786637,12.620573,0.0,2014-02-17
3.588724,0.0,0.46211112,0.014847644,12.626417,0.0,2014-02-18
3.5938897,0.0,0.464885,0.005186975,12.634292,0.0,2014-02-19
3.5986652,0.0,0.46835527,0.0,12.640857,0.0,2014-02-20
3.6033769,0.0,0.4723731,0.0,12.644335,0.0,2014-02-21
3.6075494,0.0,0.4751768,0.0,12.646175,0.0,2014-02-24
3.6120353,0.0,0.4758333,0.0,12.652824,0.0,2014-02-25
3.6140516,0.0,0.47714567,0.0,12.659916,0.0,2014-02-26
3.614296,0.0,0.47838813,0.0,12.670616,0.0,2014-02-27
3.612344,0.0,0.47712097,0.0,12.685351,0.0,2014-02-28
3.6084464,0.0,0.47582233,0.0,12.701055,0.0,2014-03-03
3.6041775,0.0,0.47711924,0.0,12.716903,0.0,2014-03-04
3.6005778,0.0,0.48243856,0.0055721328,12.734407,0.0,2014-03-05
3.5950885,0.0,0.48619673,0.018311724,12.75145,0.0,2014-03-06
3.5877,0.0,0.4894368,0.033128094,12.768485,0.0,2014-03-07
3.577894,0.0,0.49126914,0.048736006,12.78426,0.0,2014-03-10
3.565862,0.0,0.49152032,0.06475262,12.797886,0.0,2014-03-11
3.5524843,0.0,0.49229142,0.08096175,12.811124,0.0,2014-03-12
3.5389345,0.0,0.4949333,0.09549876,12.8207855,0.0,2014-03-13
3.5239856,0.0,0.49749854,0.10903284,12.824729,0.0,2014-03-14
3.5088465,0.0,0.5015912,0.12046701,12.82172,0.0,2014-03-17
3.495958,0.0,0.50504357,0.1293849,12.815086,0.0,2014-03-18
3.486693,0.0,0.509395,0.1388655,12.816146,0.0,2014-03-19
3.4778936,0.0,0.51357025,0.14738093,12.812768,0.0,2014-03-20
3.4699361,0.0,0.51784104,0.15431973,12.806504,0.0,2014-03-21
3.4617937,0.0,0.5188007,0.15918544,12.795078,0.0,2014-03-24
3.4527035,0.0,0.5163102,0.16240366,12.778323,0.0,2014-03-25
3.4447258,0.0,0.51388294,0.16699952,12.766572,0.0,2014-03-26
3.4381196,0.0,0.5127969,0.17276666,12.757473,0.0,2014-03-27
3.4314191,0.0,0.5081147,0.17937002,12.747916,0.0,2014-03-28
3.421592,0.0,0.49827048,0.18618298,12.734261,0.0,2014-03-31
3.408999,0.0,0.48516724,0.19298318,12.716935,0.0,2014-04-01
3.39779,0.0,0.46138573,0.19868602,12.705938,0.0,2014-04-02
3.3863323,0.0,0.43016252,0.2030411,12.700329,0.0,2014-04-03
3.3746603,0.0,0.39381036,0.20595744,12.696267,0.0,2014-04-04
3.3629594,0.0,0.35541168,0.20787561,12.690739,0.0,2014-04-07
3.35328,0.0,0.3168706,0.20961878,12.686535,0.0,2014-04-08
3.3463602,0.0,0.27981117,0.21344422,12.686853,0.0,2014-04-09
3.3416443,0.0,0.24560732,0.222145,12.693862,0.0,2014-04-10
3.3365507,0.0,0.21182308,0.23579402,12.704717,0.0,2014-04-11
3.3332322,0.0,0.18154816,0.25314516,12.723359,0.0,2014-04-14
3.3334284,0.0,0.1592102,0.2736144,12.755116,0.0,2014-04-15
3.333938,0.0,0.1408762,0.296734,12.790865,0.0,2014-04-16
3.3324559,0.0,0.12267288,0.31952676,12.823674,0.0,2014-04-17
3.3310626,0.0,0.10828825,0.34245726,12.858297,0.0,2014-04-18
3.3302839,0.0,0.095992,0.3651115,12.896144,0.0,2014-04-21
3.3314517,0.0,0.08912903,0.38689482,12.939458,0.0,2014-04-22
3.3319016,0.0,0.085478395,0.40765417,12.981885,0.0,2014-04-23
3.3338542,0.0,0.08684133,0.4276707,13.026318,0.0,2014-04-24
3.3378975,0.0,0.0928224,0.44493872,13.069106,0.0,2014-04-25
3.3437586,0.0,0.10295431,0.4582456,13.107274,0.0,2014-04-28
3.3507297,0.0,0.11530921,0.46740174,13.138929,0.0,2014-04-29
3.3589356,0.0,0.1312918,0.47345135,13.167117,0.0,2014-04-30
3.3681173,0.0,0.15146406,0.47924584,13.193629,0.0,2014-05-02
3.380531,0.0,0.17945215,0.48479187,13.218421,0.0,2014-05-07
3.3935924,0.0,0.21208674,0.48674107,13.233538,0.0,2014-05-08
3.407366,0.0,0.24689823,0.4864904,13.242798,0.0,2014-05-09
3.4205077,0.0,0.2821215,0.4846791,13.247117,0.0,2014-05-12
3.431992,0.0,0.3171438,0.48069173,13.244808,0.0,2014-05-13
3.4424965,0.0,0.34867516,0.4754371,13.239851,0.0,2014-05-14
3.452612,0.0,0.3781465,0.47186625,13.238148,0.0,2014-05-15
3.4604285,0.0,0.40419272,0.46972242,13.237028,0.0,2014-05-16
3.4605503,0.0,0.42334333,0.46846202,13.219642,0.0,2014-05-19
3.459541,0.0,0.44172248,0.46849462,13.202133,0.0,2014-05-20
3.4570544,0.0,0.4586176,0.47001937,13.185306,0.0,2014-05-21
3.4519975,0.0,0.47254482,0.4714103,13.169275,0.0,2014-05-22
3.4441898,0.0,0.4826829,0.47325197,13.151828,0.0,2014-05-23
3.4334078,0.0,0.48992437,0.4752711,13.131964,0.0,2014-05-26
3.4192636,0.0,0.49296936,0.47660354,13.106041,0.0,2014-05-27
3.4036052,0.0,0.49422467,0.4771523,13.078279,0.0,2014-05-28
3.3857012,0.0,0.49257743,0.47830305,13.048602,0.0,2014-05-29
3.3670902,0.0,0.48708582,0.47889438,13.016256,0.0,2014-05-30
3.3479257,0.0,0.47992575,0.4779075,12.980644,0.0,2014-06-02
3.3275783,0.0,0.47880775,0.4808077,12.941187,0.0,2014-06-03
3.307083,0.0,0.4805022,0.48684305,12.898783,0.0,2014-06-05
3.2876394,0.0,0.4849162,0.49354127,12.853201,0.0,2014-06-09
3.269226,0.0,0.4918537,0.5011408,12.806002,0.0,2014-06-10
3.250929,0.0,0.49939102,0.5098614,12.758984,0.0,2014-06-11
3.2344916,0.0,0.50803703,0.5205579,12.717303,0.0,2014-06-12
3.219795,0.0,0.51809496,0.532524,12.680502,0.0,2014-06-13
3.206293,0.0,0.52871275,0.5428138,12.646095,0.0,2014-06-16
3.1928577,0.0,0.5388539,0.5511421,12.60845,0.0,2014-06-17
3.179377,0.0,0.54735726,0.55723,12.568286,0.0,2014-06-18
3.1683342,0.0,0.5594619,0.5612341,12.531314,0.0,2014-06-19
3.1632118,0.0,0.5775331,0.56582075,12.509786,0.0,2014-06-20
3.1593332,0.0,0.59614867,0.5682981,12.48783,0.0,2014-06-23
3.155074,0.0,0.6135261,0.567328,12.459061,0.0,2014-06-24
3.1512854,0.0,0.62899995,0.56446373,12.4287615,0.0,2014-06-25
3.1483548,0.0,0.64308095,0.5595497,12.398389,0.0,2014-06-26
3.143057,0.0,0.65150535,0.5519561,12.361695,0.0,2014-06-27
3.1350198,0.0,0.65410495,0.542192,12.319606,0.0,2014-06-30
3.1254117,0.0,0.653003,0.5330875,12.277912,0.0,2014-07-01
3.1149929,0.0,0.65629274,0.5253786,12.241725,0.0,2014-07-02
3.103175,0.0,0.662015,0.5201992,12.20629,0.0,2014-07-03
3.093461,0.0,0.6716909,0.5176409,12.177334,0.0,2014-07-04
3.0835755,0.0,0.6821794,0.5174687,12.149886,0.0,2014-07-07
3.0749662,0.0,0.6948843,0.51870227,12.124157,0.0,2014-07-08
3.0666015,0.0,0.70790136,0.52091384,12.102151,0.0,2014-07-09
3.0603297,0.0,0.72260284,0.5240881,12.086838,0.0,2014-07-10
3.0554838,0.0,0.7390555,0.5286248,12.076844,0.0,2014-07-11
3.0502534,0.0,0.7574239,0.53338635,12.067508,0.0,2014-07-14
3.0460148,0.0,0.77905816,0.53939575,12.065663,0.0,2014-07-15
3.0412214,0.0,0.7991695,0.54600775,12.065699,0.0,2014-07-16
3.0445259,0.0,0.8248485,0.551927,12.085589,0.0,2014-07-17
3.0475273,0.0,0.8495265,0.5581484,12.104461,0.0,2014-07-18
3.0488327,0.0,0.8721453,0.5646111,12.121459,0.0,2014-07-21
3.0485518,0.0,0.8945528,0.57194084,12.13308,0.0,2014-07-22
3.0464973,0.0,0.9148074,0.58066046,12.140573,0.0,2014-07-23
3.043654,0.0,0.93506473,0.59306073,12.150962,0.0,2014-07-24
3.03945,0.0,0.9524177,0.60689056,12.160509,0.0,2014-07-25
3.0333881,0.0,0.9662206,0.6233325,12.170698,0.0,2014-07-28
3.0292826,0.0,0.983059,0.6457182,12.189069,0.0,2014-07-29
3.024974,0.0,0.997722,0.67214346,12.208464,0.0,2014-07-30
3.020143,0.0,1.0122088,0.70547664,12.232142,0.0,2014-07-31
3.0134504,0.0,1.0267926,0.74451184,12.259634,0.0,2014-08-01
3.0030625,0.0,1.0367364,0.79051125,12.299211,0.0,2014-08-04
2.9871058,0.0,1.043359,0.8399296,12.338455,0.0,2014-08-05
2.9670844,0.0,1.0490456,0.8907367,12.374151,0.0,2014-08-06
2.945983,0.0,1.0559376,0.94425607,12.413723,0.0,2014-08-07
2.9248428,0.0,1.0647151,0.9980742,12.4531975,0.0,2014-08-08
2.901411,0.0,1.0724732,1.0498927,12.487799,0.0,2014-08-11
2.8775203,0.0,1.0815887,1.0987692,12.518994,0.0,2014-08-12
2.8550055,0.0,1.0907589,1.1465838,12.551258,0.0,2014-08-13
2.8302696,0.0,1.0977695,1.1939327,12.585009,0.0,2014-08-14
2.8035338,0.0,1.1039064,1.2410284,12.616825,0.0,2014-08-18
2.7759655,0.0,1.1119024,1.2873313,12.647291,0.0,2014-08-19
2.7478747,0.0,1.1218691,1.3350301,12.678543,0.0,2014-08-20
2.7191947,0.0,1.1331148,1.3817979,12.705114,0.0,2014-08-21
2.6903176,0.0,1.1440754,1.4252216,12.727786,0.0,2014-08-22
2.661152,0.0,1.1549429,1.4665827,12.745215,0.0,2014-08-25
2.6340184,0.0,1.1681886,1.5074017,12.765137,0.0,2014-08-26
2.6075583,0.0,1.1822585,1.5474563,12.784534,0.0,2014-08-27
2.58255,0.0,1.1998376,1.5881815,12.803894,0.0,2014-08-28
2.55898,0.0,1.2169179,1.6292049,12.825905,0.0,2014-08-29
2.537947,0.0,1.2321695,1.6671362,12.848862,0.0,2014-09-01
2.5192492,0.0,1.250255,1.7030864,12.869884,0.0,2014-09-02
2.5029204,0.0,1.2710198,1.736192,12.888399,0.0,2014-09-03
2.490335,0.0,1.296968,1.769204,12.908065,0.0,2014-09-04
2.4809766,0.0,1.3249384,1.8015758,12.929222,0.0,2014-09-05
2.472448,0.0,1.3518937,1.8330635,12.948508,0.0,2014-09-11
2.4646873,0.0,1.3778462,1.8616455,12.963612,0.0,2014-09-12
2.4564934,0.0,1.4025422,1.8881208,12.972549,0.0,2014-09-15
2.4455483,0.0,1.4241289,1.9111984,12.974026,0.0,2014-09-16
2.4335923,0.0,1.4437054,1.930936,12.9709,0.0,2014-09-17
2.4196732,0.0,1.4608419,1.9492382,12.964689,0.0,2014-09-18
2.4028552,0.0,1.4776287,1.9668512,12.947811,0.0,2014-09-19
2.3872721,0.0,1.4966054,1.9854928,12.934695,0.0,2014-09-22
2.3717496,0.0,1.5166278,2.0044198,12.922132,0.0,2014-09-23
2.3561625,0.0,1.5388211,2.0225878,12.907592,0.0,2014-09-24
2.340672,0.0,1.5621471,2.0406015,12.8960705,0.0,2014-09-25
2.323244,0.0,1.5838886,2.0578303,12.881785,0.0,2014-09-26
2.3047743,0.0,1.6037341,2.07019,12.862328,0.0,2014-09-29
2.286039,0.0,1.6235439,2.0784807,12.83849,0.0,2014-09-30
2.2684066,0.0,1.6427112,2.0808628,12.807703,0.0,2014-10-01
2.2537503,0.0,1.672805,2.0784197,12.777014,0.0,2014-10-02
2.242046,0.0,1.7125849,2.0738113,12.743515,0.0,2014-10-06
2.2323284,0.0,1.7564678,2.063168,12.701922,0.0,2014-10-07
2.227099,0.0,1.8047321,2.049127,12.6603155,0.0,2014-10-08
2.225634,0.0,1.8563969,2.0327508,12.618484,0.0,2014-10-10
2.22824,0.0,1.9111308,2.0108716,12.573552,0.0,2014-10-13
2.2357535,0.0,1.9678075,1.9826483,12.523101,0.0,2014-10-14
2.2433724,0.0,2.0222957,1.9500474,12.463773,0.0,2014-10-15
2.2540731,0.0,2.076339,1.912052,12.403441,0.0,2014-10-16
2.2658029,0.0,2.1304872,1.8706464,12.33943,0.0,2014-10-17
2.2765336,0.0,2.1832235,1.8257091,12.269398,0.0,2014-10-20
2.2886996,0.0,2.2335315,1.7793611,12.20368,0.0,2014-10-21
2.300735,0.0,2.2821834,1.7317626,12.139451,0.0,2014-10-22
2.3127398,0.0,2.331163,1.6851593,12.076827,0.0,2014-10-23
2.322118,0.0,2.3757157,1.638455,12.011779,0.0,2014-10-24
2.3308685,0.0,2.4185102,1.5912526,11.947542,0.0,2014-10-27
2.3415916,0.0,2.4602654,1.5459396,11.8860235,0.0,2014-10-28
2.3506534,0.0,2.4988275,1.5025034,11.822355,0.0,2014-10-29
2.3577774,0.0,2.5325568,1.4647408,11.757141,0.0,2014-10-30
2.3652618,0.0,2.5622084,1.4303744,11.694554,0.0,2014-10-31
2.3712661,0.0,2.587048,1.3981897,11.627308,0.0,2014-11-03
2.3732839,0.0,2.6096885,1.3703461,11.570577,0.0,2014-11-04
2.3742163,0.0,2.6347964,1.3430113,11.515853,0.0,2014-11-05
2.3719487,0.0,2.6606648,1.319935,11.462716,0.0,2014-11-06
2.36906,0.0,2.6859648,1.2990566,11.4121685,0.0,2014-11-07
2.3628922,0.0,2.7073843,1.278986,11.35515,0.0,2014-11-10
2.3540308,0.0,2.726905,1.259142,11.29249,0.0,2014-11-11
2.3417413,0.0,2.7446804,1.2425246,11.231973,0.0,2014-11-12
2.328889,0.0,2.7590382,1.2289697,11.177453,0.0,2014-11-13
2.315584,0.0,2.7721052,1.2174623,11.131245,0.0,2014-11-14
2.317248,0.0,2.7781537,1.2077771,11.116211,0.0,2014-11-17
2.3219285,0.0,2.7879064,1.1968812,11.106521,0.0,2014-11-18
2.3236775,0.0,2.7978017,1.1874527,11.099059,0.0,2014-11-19
2.324835,0.0,2.8099213,1.1800829,11.097449,0.0,2014-11-20
2.3264627,0.0,2.8234873,1.1714927,11.09826,0.0,2014-11-21
2.3289042,0.0,2.8357203,1.1636603,11.102933,0.0,2014-11-24
2.3310955,0.0,2.8450627,1.1589751,11.108663,0.0,2014-11-25
2.332448,0.0,2.8567877,1.1545495,11.117155,0.0,2014-11-26
2.3348515,0.0,2.86889,1.1527826,11.131014,0.0,2014-11-27
2.3380177,0.0,2.877313,1.1491324,11.1442795,0.0,2014-11-28
2.3412797,0.0,2.8871605,1.1439219,11.158734,0.0,2014-12-01
2.346138,0.0,2.9068208,1.1332271,11.161791,0.0,2014-12-02
2.3531609,0.0,2.9281049,1.1220084,11.166535,0.0,2014-12-03
2.3620584,0.0,2.9586637,1.108387,11.169002,0.0,2014-12-04
2.3703885,0.0,2.9905872,1.0962508,11.167227,0.0,2014-12-05
2.3789551,0.0,3.0214443,1.08527,11.165075,0.0,2014-12-08
2.388306,0.0,3.054336,1.0733606,11.160339,0.0,2014-12-09
2.397802,0.0,3.0842125,1.060732,11.155667,0.0,2014-12-10
2.4045205,0.0,3.1178846,1.0437032,11.146292,0.0,2014-12-11
2.4140236,0.0,3.1566877,1.0225326,11.130716,0.0,2014-12-12
2.4270828,0.0,3.2009869,0.99902415,11.114329,0.0,2014-12-15
2.4448042,0.0,3.222967,0.97559,11.091416,0.0,2014-12-16
2.4633846,0.0,3.242372,0.95012045,11.063362,0.0,2014-12-17
2.4818225,0.0,3.2590327,0.92313266,11.034669,0.0,2014-12-18
2.4974716,0.0,3.2780151,0.89477456,10.99385,0.0,2014-12-19
2.513167,0.0,3.2999482,0.86540926,10.9516735,0.0,2014-12-22
2.5270731,0.0,3.3241823,0.83532035,10.906829,0.0,2014-12-23
2.5420933,0.0,3.3479757,0.8037834,10.859961,0.0,2014-12-24
2.554398,0.0,3.369428,0.77198267,10.815465,0.0,2014-12-26
2.5653837,0.0,3.388066,0.7403197,10.764587,0.0,2014-12-29
2.5750115,0.0,3.401752,0.70622194,10.709911,0.0,2014-12-30
2.5812557,0.0,3.4129632,0.66797984,10.647181,0.0,2015-01-02
2.5820994,0.0,3.419274,0.6259068,10.576444,0.0,2015-01-05
2.5804532,0.0,3.4213362,0.5842874,10.507939,0.0,2015-01-06
2.5769656,0.0,3.4253469,0.5441739,10.436921,0.0,2015-01-07
2.5724998,0.0,3.4297357,0.5038527,10.364429,0.0,2015-01-08
2.5662231,0.0,3.4380572,0.46596417,10.28955,0.0,2015-01-09
2.5612037,0.0,3.4429584,0.43364123,10.223143,0.0,2015-01-12
2.5548449,0.0,3.4470804,0.40623474,10.167358,0.0,2015-01-13
2.545643,0.0,3.4441972,0.3833034,10.116153,0.0,2015-01-14
2.5366905,0.0,3.4377248,0.36416757,10.071582,0.0,2015-01-15
2.5335789,0.0,3.4291198,0.3498457,10.051001,0.0,2015-01-16
2.5254905,0.0,3.4222817,0.3334338,10.021284,0.0,2015-01-19
2.518927,0.0,3.4143503,0.31967872,9.999708,0.0,2015-01-20
2.5106654,0.0,3.409479,0.3076017,9.982771,0.0,2015-01-21
2.5028067,0.0,3.4091852,0.29891747,9.973184,0.0,2015-01-22
2.4977221,0.0,3.4157407,0.29429182,9.976475,0.0,2015-01-23
2.4939737,0.0,3.4282172,0.29600668,9.987255,0.0,2015-01-26
2.4924972,0.0,3.4418015,0.30295742,10.005168,0.0,2015-01-27
2.4930732,0.0,3.4553332,0.3158562,10.03731,0.0,2015-01-28
2.4911854,0.0,3.4651167,0.33128923,10.075378,0.0,2015-01-29
2.4864845,0.0,3.4746869,0.34828562,10.111257,0.0,2015-01-30
2.4812965,0.0,3.4871318,0.36525962,10.153651,0.0,2015-02-02
2.473945,0.0,3.5084891,0.38431108,10.190791,0.0,2015-02-03
2.467721,0.0,3.5319264,0.40571055,10.230438,0.0,2015-02-04
2.457195,0.0,3.552248,0.42897534,10.26841,0.0,2015-02-05
2.4436445,0.0,3.5724368,0.45120203,10.299359,0.0,2015-02-06
2.429867,0.0,3.593282,0.47267714,10.326901,0.0,2015-02-09
2.4121869,0.0,3.61709,0.4914848,10.341541,0.0,2015-02-10
2.3979516,0.0,3.644506,0.50911915,10.360334,0.0,2015-02-11
2.3852441,0.0,3.672384,0.5267031,10.377361,0.0,2015-02-12
2.3703418,0.0,3.6972606,0.5443637,10.392216,0.0,2015-02-13
2.354204,0.0,3.7165377,0.5617949,10.398716,0.0,2015-02-16
2.338312,0.0,3.7366068,0.57907313,10.40131,0.0,2015-02-17
2.3240402,0.0,3.7550247,0.5952282,10.406205,0.0,2015-02-23
2.308684,0.0,3.7735884,0.6105437,10.409351,0.0,2015-02-24
2.2899203,0.0,3.7921934,0.62585056,10.4134445,0.0,2015-02-25
2.2694225,0.0,3.8118722,0.64201903,10.412717,0.0,2015-02-26
2.250253,0.0,3.8279626,0.6587049,10.410464,0.0,2015-02-27
2.22898,0.0,3.8412883,0.6760262,10.404304,0.0,2015-03-02
2.2083514,0.0,3.85463,0.69416606,10.401107,0.0,2015-03-03
2.1887894,0.0,3.8645568,0.71285224,10.39924,0.0,2015-03-04
2.168014,0.0,3.8715498,0.73165584,10.397879,0.0,2015-03-05
2.1434665,0.0,3.8757465,0.7491951,10.389988,0.0,2015-03-06
2.1161916,0.0,3.8737385,0.7663276,10.378528,0.0,2015-03-09
2.0908282,0.0,3.873437,0.7805352,10.369498,0.0,2015-03-10
2.0639575,0.0,3.8700793,0.79149735,10.350969,0.0,2015-03-11
2.0394824,0.0,3.8671477,0.7960683,10.329811,0.0,2015-03-12
2.0185804,0.0,3.8673303,0.79889286,10.308483,0.0,2015-03-13
2.00042,0.0,3.8708239,0.8009136,10.291353,0.0,2015-03-16
1.978182,0.0,3.8699899,0.8016459,10.262776,0.0,2015-03-17
1.9579117,0.0,3.8697748,0.80686903,10.2429695,0.0,2015-03-18
1.940095,0.0,3.8686762,0.8165351,10.231322,0.0,2015-03-19
1.9301946,0.0,3.87414,0.830613,10.249135,0.0,2015-03-20
1.9193977,0.0,3.880301,0.847662,10.273171,0.0,2015-03-23
1.9050366,0.0,3.8877907,0.86733794,10.293843,0.0,2015-03-24
1.8904766,0.0,3.8915687,0.89063907,10.3227215,0.0,2015-03-25
1.874209,0.0,3.8959737,0.91591465,10.356253,0.0,2015-03-26
1.8585488,0.0,3.9004636,0.9425452,10.3917,0.0,2015-03-27
1.8419578,0.0,3.9043088,0.97022367,10.428472,0.0,2015-03-30
1.8221544,0.0,3.9073658,1.0013139,10.4662695,0.0,2015-03-31
1.7987766,0.0,3.9089627,1.0344896,10.500272,0.0,2015-04-01
1.7727299,0.0,3.9071712,1.0730008,10.535741,0.0,2015-04-02
1.7435803,0.0,3.9057722,1.1144037,10.569761,0.0,2015-04-03
1.7106385,0.0,3.9029818,1.1627346,10.604924,0.0,2015-04-06
1.6736135,0.0,3.896839,1.2161448,10.638827,0.0,2015-04-07
1.6325778,0.0,3.8905842,1.2726433,10.668537,0.0,2015-04-08
1.5873705,0.0,3.879522,1.3343052,10.699105,0.0,2015-04-09
1.5365856,0.0,3.865329,1.3989807,10.725933,0.0,2015-04-10
1.4847949,0.0,3.852719,1.4705296,10.761391,0.0,2015-04-13
1.4315964,0.0,3.8378382,1.5499259,10.802269,0.0,2015-04-14
1.3774672,0.0,3.8233113,1.6358494,10.846756,0.0,2015-04-15
1.3207545,0.0,3.8073766,1.7273177,10.896784,0.0,2015-04-16
1.2608744,0.0,3.792028,1.8230579,10.951288,0.0,2015-04-17
1.1978236,0.0,3.7780473,1.9203632,11.00938,0.0,2015-04-20
1.1343908,0.0,3.7630167,2.0187519,11.071913,0.0,2015-04-21
1.0694132,0.0,3.7456222,2.1155555,11.131965,0.0,2015-04-22
1.0024562,0.0,3.727681,2.2115316,11.185301,0.0,2015-04-23
0.93865854,0.0,3.7133439,2.3073342,11.241933,0.0,2015-04-24
0.8751553,0.0,3.6965156,2.4035304,11.293047,0.0,2015-04-27
0.81155634,0.0,3.6781857,2.499047,11.341724,0.0,2015-04-28
0.7462097,0.0,3.6602554,2.5916176,11.383257,0.0,2015-04-29
0.6819864,0.0,3.6428902,2.6803286,11.419109,0.0,2015-04-30
0.61931425,0.0,3.6250558,2.7636218,11.444165,0.0,2015-05-04
0.56329155,0.0,3.6093054,2.8439152,11.466339,0.0,2015-05-06
0.5123612,0.0,3.5925257,2.9147384,11.479042,0.0,2015-05-07
0.46583313,0.0,3.5725036,2.97701,11.483717,0.0,2015-05-08
0.42370465,0.0,3.550061,3.0304995,11.484014,0.0,2015-05-11
0.38483986,0.0,3.5245924,3.0796664,11.487746,0.0,2015-05-12
0.34985498,0.0,3.501382,3.1224675,11.490398,0.0,2015-05-13
0.31840068,0.0,3.4814718,3.1612716,11.491378,0.0,2015-05-14
0.28907424,0.0,3.4640102,3.198886,11.492548,0.0,2015-05-15
0.26543933,0.0,3.44976,3.231289,11.499475,0.0,2015-05-18
0.24177188,0.0,3.4334855,3.2622645,11.503666,0.0,2015-05-19
0.21854898,0.0,3.4205878,3.2868888,11.50083,0.0,2015-05-20
0.1959028,0.0,3.4116123,3.3115706,11.5004835,0.0,2015-05-21
0.17438436,0.0,3.4043334,3.3324194,11.5002575,0.0,2015-05-22
0.15675284,0.0,3.4022596,3.3495982,11.501693,0.0,2015-05-26
0.14079826,0.0,3.3991663,3.363468,11.497945,0.0,2015-05-27
0.12892368,0.0,3.3966742,3.3678505,11.485375,0.0,2015-05-28
0.11827142,0.0,3.395117,3.3656135,11.4650955,0.0,2015-05-29
0.107051924,0.0,3.392247,3.3614466,11.439917,0.0,2015-06-01
0.09485077,0.0,3.3865163,3.3462982,11.411691,0.0,2015-06-02
0.081974685,0.0,3.3808165,3.3247519,11.375972,0.0,2015-06-03
0.06986107,0.0,3.3741245,3.2996223,11.335411,0.0,2015-06-04
0.05937246,0.0,3.3708467,3.2706628,11.290449,0.0,2015-06-05
0.04946705,0.0,3.367576,3.2391844,11.24193,0.0,2015-06-08
0.039671134,0.0,3.3686967,3.2080445,11.191607,0.0,2015-06-09
0.028973728,0.0,3.374287,3.1773987,11.14074,0.0,2015-06-10
0.018265344,0.0,3.38013,3.1506789,11.091363,0.0,2015-06-11
0.009765651,0.0,3.3873408,3.123846,11.040034,0.0,2015-06-12
0.00045125932,0.0,3.3935814,3.0954814,10.987451,0.0,2015-06-15
0.0,0.0,3.403684,3.065024,10.940351,0.0,2015-06-16
0.0,0.0,3.4161937,3.0309958,10.892979,0.0,2015-06-17
0.0,0.0,3.4448175,2.9913948,10.85045,0.0,2015-06-18
0.0,0.0,3.473114,2.9525344,10.807357,0.0,2015-06-19
0.0,0.0,3.5037565,2.9125319,10.767103,0.0,2015-06-22
0.0,0.0,3.533086,2.8718328,10.729872,0.0,2015-06-23
0.0023599453,0.0,3.5613494,2.8326185,10.697055,0.0,2015-06-24
0.013387885,0.0,3.5879724,2.7978907,10.672674,0.0,2015-06-25
0.027011588,0.0,3.616539,2.7659183,10.662839,0.0,2015-06-26
0.041848026,0.0,3.6463335,2.7362466,10.659711,0.0,2015-06-29
0.056089588,0.0,3.6708322,2.7065003,10.655693,0.0,2015-06-30
0.06913733,0.0,3.6939752,2.6756084,10.652711,0.0,2015-07-01
0.07593773,0.0,3.7200465,2.6431837,10.651528,0.0,2015-07-02
0.07694059,0.0,3.7476265,2.610283,10.64746,0.0,2015-07-03
0.0723553,0.0,3.7740264,2.5835772,10.643485,0.0,2015-07-06
0.06534416,0.0,3.80583,2.5538652,10.633874,0.0,2015-07-07
0.058966123,0.0,3.8441825,2.5281262,10.626493,0.0,2015-07-08
0.052955836,0.0,3.8842459,2.503767,10.618144,0.0,2015-07-09
0.04847597,0.0,3.9288907,2.4787257,10.610175,0.0,2015-07-10
0.045310806,0.0,3.979745,2.4530365,10.60472,0.0,2015-07-13
0.04262396,0.0,4.009835,2.4369771,10.599001,0.0,2015-07-14
0.04191168,0.0,4.044241,2.4250557,10.608484,0.0,2015-07-15
0.040783804,0.0,4.0802217,2.415133,10.624923,0.0,2015-07-16
0.039948642,0.0,4.1185136,2.4081585,10.646916,0.0,2015-07-17
0.035619535,0.0,4.1546884,2.4040558,10.665736,0.0,2015-07-20
0.028943334,0.0,4.1936464,2.398562,10.685009,0.0,2015-07-21
0.019041665,0.0,4.232019,2.3940163,10.703831,0.0,2015-07-22
0.0068886057,0.0,4.2708173,2.3893673,10.722479,0.0,2015-07-23
0.0,0.0,4.309662,2.384348,10.741491,0.0,2015-07-24
0.0,0.0,4.347367,2.375252,10.756308,0.0,2015-07-27
0.0,0.0,4.384726,2.3616834,10.766865,0.0,2015-07-28
0.0,0.0,4.421572,2.3457587,10.777101,0.0,2015-07-29
0.0,0.0,4.4593096,2.3256433,10.784512,0.0,2015-07-30
0.0,0.0,4.496821,2.3038125,10.790206,0.0,2015-07-31
0.0,0.0,4.537079,2.2823591,10.795375,0.0,2015-08-03
0.0,0.0,4.58293,2.2623935,10.795293,0.0,2015-08-04
0.0,0.0,4.6371417,2.2434292,10.791865,0.0,2015-08-05
0.0,0.0,4.6945834,2.2265863,10.786318,0.0,2015-08-06
0.0,0.0,4.75391,2.2105815,10.779213,0.0,2015-08-07
0.0,0.0,4.8129077,2.1981788,10.772023,0.0,2015-08-10
0.0,0.0,4.868899,2.1918373,10.767491,0.0,2015-08-11
0.0,0.0,4.9244437,2.183423,10.751547,0.0,2015-08-12
0.0,0.0,4.965218,2.171735,10.738076,0.0,2015-08-13
0.0,0.0,5.005655,2.1560795,10.721723,0.0,2015-08-17
0.0,0.0,5.047288,2.1379516,10.704866,0.0,2015-08-18
0.0,0.0,5.080745,2.1213434,10.688322,0.0,2015-08-19
0.0,0.0,5.115635,2.0981278,10.666808,0.0,2015-08-20
0.0,0.0,5.1491346,2.0692267,10.643082,0.0,2015-08-21
0.0,0.0,5.18111,2.0304809,10.611973,0.0,2015-08-24
0.0,0.0,5.211632,1.9809555,10.569434,0.0,2015-08-25
0.0,0.0,5.2461543,1.9205335,10.515979,0.0,2015-08-26
0.023557432,0.0,5.27912,1.8583258,10.462439,0.0,2015-08-27
0.05664911,0.0,5.3128834,1.7945648,10.40737,0.0,2015-08-28
0.08869992,0.0,5.3524933,1.733252,10.356624,0.0,2015-08-31
0.119677186,0.0,5.390432,1.6740661,10.308391,0.0,2015-09-01
0.15076013,0.0,5.42823,1.6156371,10.25821,0.0,2015-09-02
0.18005244,0.0,5.4658155,1.5586205,10.20484,0.0,2015-09-03
0.21106097,0.0,5.503561,1.5025159,10.157364,0.0,2015-09-04
0.24903187,0.0,5.5394,1.4441532,10.1133585,0.0,2015-09-07
0.29068086,0.0,5.573279,1.3842996,10.074964,0.0,2015-09-08
0.337524,0.0,5.606209,1.3224978,10.039518,0.0,2015-09-09
0.38509893,0.0,5.637784,1.2651528,10.010624,0.0,2015-09-10
0.4307913,0.0,5.6657815,1.2153128,9.989305,0.0,2015-09-11
0.4714456,0.0,5.6913757,1.1702284,9.970303,0.0,2015-09-14
0.5095375,0.0,5.712924,1.1273308,9.949004,0.0,2015-09-15
0.54262555,0.0,5.722709,1.0906445,9.927105,0.0,2015-09-16
0.57436454,0.0,5.731252,1.0602529,9.913177,0.0,2015-09-17
0.6022594,0.0,5.734511,1.0358853,9.898859,0.0,2015-09-18
0.62110126,0.0,5.7352543,1.018843,9.890821,0.0,2015-09-21
0.629153,0.0,5.734713,1.0099257,9.882177,0.0,2015-09-22
0.631145,0.0,5.731564,1.0065868,9.876123,0.0,2015-09-23
0.6270632,0.0,5.7272153,1.0080582,9.87449,0.0,2015-09-24
0.6185616,0.0,5.7240896,1.0131059,9.875387,0.0,2015-09-25
0.6109373,0.0,5.7229686,1.0187451,9.881603,0.0,2015-09-30
0.60265714,0.0,5.7261596,1.0269859,9.895346,0.0,2015-10-01
0.59294254,0.0,5.735485,1.0428092,9.914111,0.0,2015-10-02
0.58014184,0.0,5.7410917,1.0637758,9.93191,0.0,2015-10-05
0.56423825,0.0,5.741177,1.0893347,9.950112,0.0,2015-10-06
0.5458672,0.0,5.7377996,1.1190364,9.968289,0.0,2015-10-07
0.52909213,0.0,5.7335052,1.1484836,9.982892,0.0,2015-10-08
0.51370764,0.0,5.7294493,1.175972,9.989433,0.0,2015-10-12
0.49991512,0.0,5.7261567,1.2051535,9.98888,0.0,2015-10-13
0.48515093,0.0,5.72009,1.236135,9.988062,0.0,2015-10-14
0.47263846,0.0,5.716815,1.2651976,9.988423,0.0,2015-10-15
0.46187446,0.0,5.7122254,1.2969191,9.994374,0.0,2015-10-16
0.44975433,0.0,5.7071095,1.330385,10.004106,0.0,2015-10-19
0.43913615,0.0,5.702144,1.3639933,10.014875,0.0,2015-10-20
0.428431,0.0,5.694595,1.3990327,10.0253725,0.0,2015-10-21
0.41751653,0.0,5.685441,1.4356316,10.03774,0.0,2015-10-22
0.40727553,0.0,5.6751184,1.4686968,10.040244,0.0,2015-10-23
0.39561298,0.0,5.666638,1.5009553,10.036351,0.0,2015-10-26
0.3836116,0.0,5.6613884,1.529203,10.024927,0.0,2015-10-27
0.36939302,0.0,5.6544933,1.5550623,10.006645,0.0,2015-10-28
0.3563565,0.0,5.6453204,1.5794749,9.990488,0.0,2015-10-29
0.341401,0.0,5.6325045,1.6018268,9.969254,0.0,2015-10-30
0.32920414,0.0,5.620635,1.6185157,9.941237,0.0,2015-11-02
0.32310706,0.0,5.607845,1.6282665,9.909914,0.0,2015-11-03
0.31996202,0.0,5.591064,1.6364197,9.883567,0.0,2015-11-04
0.31702548,0.0,5.56773,1.642703,9.8561735,0.0,2015-11-05
0.31085882,0.0,5.5406494,1.6496127,9.8323765,0.0,2015-11-06
0.3030841,0.0,5.5111732,1.6532035,9.804954,0.0,2015-11-09
0.2980112,0.0,5.4829845,1.653698,9.780979,0.0,2015-11-10
0.29637966,0.0,5.4545956,1.6470771,9.751444,0.0,2015-11-11
0.29507878,0.0,5.424732,1.6357473,9.714877,0.0,2015-11-12
0.2954808,0.0,5.397807,1.6207681,9.674168,0.0,2015-11-13
0.30320692,0.0,5.3813486,1.5997319,9.644581,0.0,2015-11-16
0.31505966,0.0,5.3683605,1.5732868,9.61806,0.0,2015-11-17
0.3277979,0.0,5.3569145,1.5440931,9.59199,0.0,2015-11-18
0.3413801,0.0,5.3464537,1.5117353,9.564047,0.0,2015-11-19
0.35461664,0.0,5.3395553,1.4806771,9.541008,0.0,2015-11-20
0.3692639,0.0,5.3361464,1.4496821,9.521035,0.0,2015-11-23
0.38418207,0.0,5.3369427,1.4190575,9.506684,0.0,2015-11-24
0.3978853,0.0,5.3346195,1.3927531,9.4926815,0.0,2015-11-25
0.40832964,0.0,5.326879,1.3700117,9.47732,0.0,2015-11-26
0.4181473,0.0,5.319032,1.3484557,9.465647,0.0,2015-11-27
0.4264606,0.0,5.3110776,1.329997,9.459977,0.0,2015-11-30
0.43470827,0.0,5.307787,1.3104212,9.458873,0.0,2015-12-01
0.43839818,0.0,5.3049197,1.2888081,9.459979,0.0,2015-12-02
0.43944532,0.0,5.30511,1.2659541,9.46252,0.0,2015-12-03
0.43873408,0.0,5.3055477,1.2429645,9.46753,0.0,2015-12-04
0.44002393,0.0,5.312418,1.2161133,9.470748,0.0,2015-12-07
0.44174743,0.0,5.3233967,1.1871647,9.464239,0.0,2015-12-08
0.4425164,0.0,5.3366976,1.1562564,9.454798,0.0,2015-12-09
0.44337457,0.0,5.3534255,1.1233723,9.444024,0.0,2015-12-10
0.4450179,0.0,5.373417,1.0911292,9.43388,0.0,2015-12-11
0.44533816,0.0,5.395961,1.060185,9.4218645,0.0,2015-12-14
0.4453149,0.0,5.426144,1.027456,9.399006,0.0,2015-12-15
0.44684285,0.0,5.459546,0.9932425,9.374893,0.0,2015-12-16
0.4476779,0.0,5.491756,0.96275973,9.352947,0.0,2015-12-17
0.45011094,0.0,5.5246434,0.9345062,9.340635,0.0,2015-12-18
0.45298547,0.0,5.5569386,0.9086579,9.336987,0.0,2015-12-21
0.45599124,0.0,5.5893674,0.88829803,9.345073,0.0,2015-12-22
0.46201307,0.0,5.623556,0.87088346,9.358299,0.0,2015-12-23
0.46902695,0.0,5.655247,0.8558239,9.374231,0.0,2015-12-24
0.4798273,0.0,5.6874933,0.8415483,9.397719,0.0,2015-12-28
0.49052063,0.0,5.716731,0.82897115,9.422798,0.0,2015-12-29
0.4978249,0.0,5.7400107,0.8157042,9.443751,0.0,2015-12-30
0.50570714,0.0,5.7648087,0.7980399,9.455854,0.0,2016-01-04
0.5104137,0.0,5.793522,0.7736305,9.465774,0.0,2016-01-05
0.51344633,0.0,5.829239,0.74489105,9.472469,0.0,2016-01-06
0.514124,0.0,5.8709292,0.7146994,9.47873,0.0,2016-01-07
0.5114322,0.0,5.9158554,0.68258667,9.479205,0.0,2016-01-08
0.5067041,0.0,5.9678698,0.6513455,9.477516,0.0,2016-01-11
0.49948093,0.0,6.0204163,0.6197847,9.47217,0.0,2016-01-12
0.4914439,0.0,6.0759497,0.5882789,9.464609,0.0,2016-01-13
0.4826057,0.0,6.132844,0.5600214,9.46047,0.0,2016-01-14
0.47303468,0.0,6.185579,0.5340637,9.457388,0.0,2016-01-15
0.46444386,0.0,6.231957,0.50598145,9.44502,0.0,2016-01-18
0.45789438,0.0,6.279496,0.47615638,9.435842,0.0,2016-01-19
0.4503121,0.0,6.3236446,0.44553396,9.423999,0.0,2016-01-20
0.44435272,0.0,6.366293,0.41034067,9.411235,0.0,2016-01-21
0.43853688,0.0,6.406368,0.373231,9.399133,0.0,2016-01-22
0.4334042,0.0,6.447135,0.33643824,9.382017,0.0,2016-01-25
0.42995316,0.0,6.4871774,0.30040115,9.364021,0.0,2016-01-26
0.42901257,0.0,6.5254927,0.2631455,9.346621,0.0,2016-01-27
0.42944315,0.0,6.5602903,0.22681668,9.327419,0.0,2016-01-28
0.42689174,0.0,6.593851,0.19708204,9.31022,0.0,2016-01-29
0.42476818,0.0,6.634528,0.1726551,9.29559,0.0,2016-02-01
0.42119944,0.0,6.684134,0.1520438,9.285923,0.0,2016-02-02
0.41899344,0.0,6.7381344,0.13371876,9.275636,0.0,2016-02-03
0.42065713,0.0,6.794904,0.114224434,9.266065,0.0,2016-02-04
0.42316875,0.0,6.852343,0.0974247,9.2565,0.0,2016-02-05
0.4225255,0.0,6.9090796,0.08882609,9.243708,0.0,2016-02-11
0.4236406,0.0,6.9674864,0.07918663,9.22702,0.0,2016-02-12
0.42818373,0.0,7.023718,0.06597081,9.201006,0.0,2016-02-15
0.43579313,0.0,7.076746,0.053440478,9.173455,0.0,2016-02-16
0.44681367,0.0,7.121187,0.04317546,9.145881,0.0,2016-02-17
0.45995504,0.0,7.161327,0.035780504,9.1188345,0.0,2016-02-18
0.47836435,0.0,7.1892676,0.03038881,9.098204,0.0,2016-02-19
0.49652556,0.0,7.217195,0.02588877,9.079825,0.0,2016-02-22
0.5150317,0.0,7.24284,0.02120198,9.064418,0.0,2016-02-23
0.53744197,0.0,7.2638626,0.015666097,9.054131,0.0,2016-02-24
0.5605345,0.0,7.284439,0.00988315,9.047276,0.0,2016-02-25
0.58224404,0.0,7.304666,0.004353054,9.041021,0.0,2016-02-26
0.6031047,0.0,7.3251944,0.0,9.040966,0.0,2016-02-29
0.6214615,0.0,7.348762,0.0,9.03706,0.0,2016-03-02
0.64285356,0.0,7.3728933,0.0016697943,9.028002,0.0,2016-03-03
0.6649722,0.0,7.3902383,0.011240557,9.022429,0.0,2016-03-04
0.6887201,0.0,7.4035234,0.020938538,9.021935,0.0,2016-03-07
0.71350104,0.0,7.410728,0.030642536,9.024897,0.0,2016-03-08
0.7374511,0.0,7.4076805,0.041000273,9.030713,0.0,2016-03-09
0.75999916,0.0,7.3999805,0.050281078,9.041968,0.0,2016-03-10
0.7802685,0.0,7.39163,0.06013003,9.055405,0.0,2016-03-11
0.79747283,0.0,7.38182,0.07057097,9.071485,0.0,2016-03-14
0.8116767,0.0,7.369731,0.08193261,9.087739,0.0,2016-03-15
0.82227796,0.0,7.357274,0.093934625,9.105768,0.0,2016-03-16
0.82796866,0.0,7.343919,0.10751724,9.126531,0.0,2016-03-17
0.83098716,0.0,7.330106,0.12437314,9.150557,0.0,2016-03-18
0.8327669,0.0,7.3100348,0.14373863,9.181194,0.0,2016-03-21
0.83174986,0.0,7.287668,0.16472271,9.213341,0.0,2016-03-22
0.8294403,0.0,7.262591,0.18638995,9.243703,0.0,2016-03-23
0.8257232,0.0,7.2389407,0.20746088,9.2746935,0.0,2016-03-24
0.8220641,0.0,7.2169003,0.22613081,9.3076725,0.0,2016-03-25
0.8184666,0.0,7.19272,0.24318922,9.338984,0.0,2016-03-28
0.81206805,0.0,7.167212,0.26114908,9.365536,0.0,2016-03-29
0.807115,0.0,7.14569,0.27931622,9.391412,0.0,2016-03-30
0.8030143,0.0,7.1252933,0.29835036,9.416664,0.0,2016-03-31
0.79822844,0.0,7.1058836,0.31775928,9.440555,0.0,2016-04-01
0.7988155,0.0,7.090631,0.33965376,9.453631,0.0,2016-04-04
0.8017854,0.0,7.073273,0.36351833,9.458792,0.0,2016-04-05
0.8082284,0.0,7.053522,0.386274,9.454268,0.0,2016-04-06
0.8154491,0.0,7.03078,0.40843916,9.442986,0.0,2016-04-07
0.82291955,0.0,7.006402,0.42928362,9.426804,0.0,2016-04-08
0.8287259,0.0,6.979772,0.44870305,9.403111,0.0,2016-04-11
0.835781,0.0,6.9533,0.46387187,9.371051,0.0,2016-04-12
0.84471256,0.0,6.928478,0.4767628,9.341991,0.0,2016-04-14
0.8563517,0.0,6.910206,0.49188474,9.309014,0.0,2016-04-15
0.868603,0.0,6.8915524,0.508384,9.276739,0.0,2016-04-18
0.8782372,0.0,6.8713236,0.52511716,9.246155,0.0,2016-04-19
0.88641524,0.0,6.8503532,0.5424676,9.217051,0.0,2016-04-20
0.89397466,0.0,6.8299766,0.559821,9.1887865,0.0,2016-04-21
0.89854574,0.0,6.8037467,0.5791336,9.1548,0.0,2016-04-22
0.9009854,0.0,6.7761483,0.59907734,9.11916,0.0,2016-04-25
0.9012996,0.0,6.7467313,0.6189858,9.082573,0.0,2016-04-26
0.897845,0.0,6.7150965,0.6387397,9.048738,0.0,2016-04-27
0.8967951,0.0,6.682048,0.65625846,9.018383,0.0,2016-04-28
0.89797723,0.0,6.6480246,0.6715902,8.992604,0.0,2016-04-29
0.89872307,0.0,6.6153455,0.6845865,8.967246,0.0,2016-05-02
0.897314,0.0,6.5816813,0.6918129,8.940282,0.0,2016-05-03
0.8923814,0.0,6.547654,0.69642186,8.915445,0.0,2016-05-04
0.8870907,0.0,6.516034,0.69458604,8.889089,0.0,2016-05-09
0.8803516,0.0,6.487964,0.68677413,8.865308,0.0,2016-05-10
0.87239623,0.0,6.4619737,0.6758801,8.842857,0.0,2016-05-11
0.86426485,0.0,6.4401655,0.66317904,8.823355,0.0,2016-05-12
0.85566527,0.0,6.423627,0.648937,8.808527,0.0,2016-05-13
0.8476918,0.0,6.413999,0.63207495,8.79818,0.0,2016-05-16
0.83982027,0.0,6.408981,0.6148584,8.790019,0.0,2016-05-17
0.831195,0.0,6.4067035,0.59725237,8.785158,0.0,2016-05-18
0.8289492,0.0,6.4243,0.57884294,8.802031,0.0,2016-05-19
0.8328907,0.0,6.4482822,0.5585216,8.822518,0.0,2016-05-20
0.8389466,0.0,6.4727135,0.5369579,8.839737,0.0,2016-05-23
0.84725326,0.0,6.498284,0.5134541,8.853868,0.0,2016-05-24
0.8577483,0.0,6.5234685,0.48728862,8.862582,0.0,2016-05-25
0.86973053,0.0,6.550066,0.46234488,8.871532,0.0,2016-05-26
0.88211095,0.0,6.576621,0.43721178,8.878344,0.0,2016-05-27
0.8949214,0.0,6.605459,0.41313648,8.885965,0.0,2016-05-30
0.90792024,0.0,6.6385417,0.39000505,8.895308,0.0,2016-05-31
0.92025423,0.0,6.668825,0.36961588,8.903646,0.0,2016-06-01
0.93019235,0.0,6.6968784,0.3503577,8.905963,0.0,2016-06-02
0.93805027,0.0,6.7263646,0.3332587,8.906547,0.0,2016-06-03
0.94493717,0.0,6.7567935,0.31799713,8.907847,0.0,2016-06-07
0.95195276,0.0,6.788181,0.30541337,8.909933,0.0,2016-06-08
0.9586897,0.0,6.8181934,0.29714513,8.914966,0.0,2016-06-09
0.96582144,0.0,6.8473916,0.29153153,8.924076,0.0,2016-06-10
0.9712095,0.0,6.8756657,0.28860205,8.934355,0.0,2016-06-13
0.9760111,0.0,6.902783,0.28489804,8.942873,0.0,2016-06-14
0.9814952,0.0,6.9273653,0.27877408,8.9494095,0.0,2016-06-15
0.9867768,0.0,6.9464593,0.2705756,8.947647,0.0,2016-06-16
0.99040693,0.0,6.956201,0.25992763,8.931872,0.0,2016-06-17
0.9949123,0.0,6.9637,0.24661885,8.911628,0.0,2016-06-20
1.0003501,0.0,6.9691057,0.23418793,8.89259,0.0,2016-06-21
1.0052726,0.0,6.9721074,0.22275801,8.870974,0.0,2016-06-22
1.0107065,0.0,6.976615,0.21290761,8.848427,0.0,2016-06-23
1.0161262,0.0,6.980778,0.20460963,8.828291,0.0,2016-06-24
1.021839,0.0,6.982705,0.1909785,8.806328,0.0,2016-06-27
1.0270865,0.0,6.9840593,0.17476058,8.781213,0.0,2016-06-28
1.0316671,0.0,6.9863544,0.15751734,8.756074,0.0,2016-06-29
1.0369201,0.0,6.991355,0.14182857,8.733123,0.0,2016-06-30
1.0416274,0.0,6.9981537,0.1290635,8.712793,0.0,2016-07-01
1.046465,0.0,7.0130506,0.122418284,8.696132,0.0,2016-07-04
1.0523523,0.0,7.031493,0.11876203,8.678645,0.0,2016-07-05
1.0582975,0.0,7.0505686,0.117732465,8.656369,0.0,2016-07-06
1.0638605,0.0,7.0696487,0.11644379,8.6302805,0.0,2016-07-07
1.0698833,0.0,7.088909,0.115040496,8.600022,0.0,2016-07-08
1.0760438,0.0,7.107075,0.11322221,8.564683,0.0,2016-07-11
1.0823077,0.0,7.1226854,0.11276198,8.524096,0.0,2016-07-12
1.0893272,0.0,7.1365566,0.11412976,8.482148,0.0,2016-07-13
1.0975287,0.0,7.1502676,0.11843261,8.4427,0.0,2016-07-14
1.1068144,0.0,7.1601853,0.12446155,8.40714,0.0,2016-07-15
1.1165899,0.0,7.168945,0.1324134,8.375347,0.0,2016-07-18
1.1250776,0.0,7.175366,0.14270294,8.34503,0.0,2016-07-19
1.133561,0.0,7.1820087,0.15293223,8.31817,0.0,2016-07-20
1.1400297,0.0,7.1868916,0.16358656,8.293731,0.0,2016-07-21
1.1444944,0.0,7.1898584,0.17557435,8.268544,0.0,2016-07-22
1.1485959,0.0,7.1923013,0.18957657,8.244784,0.0,2016-07-25
1.1534102,0.0,7.193789,0.2070895,8.225786,0.0,2016-07-26
1.1583419,0.0,7.1938877,0.22676459,8.210466,0.0,2016-07-27
1.1643444,0.0,7.1930203,0.24713099,8.200225,0.0,2016-07-28
1.1688895,0.0,7.1889234,0.26610368,8.192444,0.0,2016-07-29
1.1717376,0.0,7.1830254,0.28433877,8.183846,0.0,2016-08-01
1.1756856,0.0,7.177406,0.30533177,8.170461,0.0,2016-08-02
1.180734,0.0,7.168687,0.32505593,8.157471,0.0,2016-08-03
1.1855859,0.0,7.1563425,0.34315398,8.136809,0.0,2016-08-04
1.1904547,0.0,7.1413193,0.36049846,8.110341,0.0,2016-08-05
1.195809,0.0,7.120479,0.3787825,8.080153,0.0,2016-08-08
1.1996106,0.0,7.096279,0.3975113,8.048116,0.0,2016-08-09
1.2010281,0.0,7.0683746,0.41788825,8.013636,0.0,2016-08-10
1.199523,0.0,7.0389295,0.4389946,7.983899,0.0,2016-08-11
1.1963028,0.0,7.0089974,0.45993114,7.9567037,0.0,2016-08-12
1.1953466,0.0,6.9847894,0.48058447,7.9465623,0.0,2016-08-16
1.1933626,0.0,6.9598103,0.5001399,7.9376802,0.0,2016-08-17
1.1919807,0.0,6.933866,0.5184504,7.9233313,0.0,2016-08-18
1.1911777,0.0,6.9063835,0.53719485,7.903384,0.0,2016-08-19
1.1918888,0.0,6.878409,0.553213,7.8779526,0.0,2016-08-22
1.19319,0.0,6.848918,0.56583995,7.8461933,0.0,2016-08-23
1.1945357,0.0,6.819856,0.57580316,7.8117466,0.0,2016-08-24
1.1960045,0.0,6.7910786,0.58339846,7.774321,0.0,2016-08-25
1.1989086,0.0,6.764599,0.5888653,7.7367845,0.0,2016-08-26
1.2017266,0.0,6.7375016,0.59150136,7.6994853,0.0,2016-08-29
1.2050203,0.0,6.7110567,0.59161043,7.6602516,0.0,2016-08-30
1.2093815,0.0,6.684655,0.5903038,7.6190157,0.0,2016-08-31
1.2141922,0.0,6.6587152,0.58743787,7.576227,0.0,2016-09-01
1.2202984,0.0,6.6294446,0.5873333,7.5301304,0.0,2016-09-02
1.2264172,0.0,6.5975566,0.58710873,7.48581,0.0,2016-09-05
1.2315823,0.0,6.5621424,0.5878358,7.444353,0.0,2016-09-06
1.2352362,0.0,6.5226436,0.5890845,7.403104,0.0,2016-09-07
1.2388276,0.0,6.48073,0.589918,7.3636427,0.0,2016-09-08
1.2408558,0.0,6.4374075,0.5901545,7.327395,0.0,2016-09-09
1.2425041,0.0,6.395045,0.5886966,7.2926774,0.0,2016-09-12
1.2444521,0.0,6.357315,0.5840962,7.261101,0.0,2016-09-13
1.2496727,0.0,6.329838,0.57447,7.2405353,0.0,2016-09-19
1.252661,0.0,6.2992725,0.56259817,7.2151337,0.0,2016-09-20
1.2549446,0.0,6.2700725,0.5487401,7.1921954,0.0,2016-09-21
1.2579517,0.0,6.245352,0.53499794,7.174294,0.0,2016-09-22
1.2588633,0.0,6.2208567,0.5220951,7.1571784,0.0,2016-09-23
1.2586527,0.0,6.1968613,0.5105381,7.141976,0.0,2016-09-26
1.256735,0.0,6.173645,0.50080764,7.12804,0.0,2016-09-27
1.2521824,0.0,6.148145,0.49407825,7.114786,0.0,2016-09-28
1.2465187,0.0,6.1256056,0.49138907,7.104488,0.0,2016-09-29
1.2396948,0.0,6.105731,0.49337968,7.097808,0.0,2016-09-30
1.2322863,0.0,6.0873704,0.49784765,7.0890574,0.0,2016-10-04
1.2268112,0.0,6.0754824,0.50512624,7.0864487,0.0,2016-10-05
1.223044,0.0,6.067342,0.51308435,7.085842,0.0,2016-10-06
1.220417,0.0,6.058807,0.5221418,7.081147,0.0,2016-10-07
1.2191204,0.0,6.0498295,0.5303847,7.071533,0.0,2016-10-10
1.2181422,0.0,6.040737,0.53954244,7.058264,0.0,2016-10-11
1.2178234,0.0,6.0311995,0.5498127,7.045023,0.0,2016-10-12
1.2157373,0.0,6.018225,0.5603663,7.0281925,0.0,2016-10-13
1.214206,0.0,6.0030694,0.56719375,7.0063915,0.0,2016-10-14
1.2156477,0.0,5.9920254,0.573123,6.986223,0.0,2016-10-17
1.2193104,0.0,5.984867,0.5791377,6.9670377,0.0,2016-10-18
1.2242231,0.0,5.9795184,0.58809066,6.948412,0.0,2016-10-19
1.2328417,0.0,5.983856,0.598542,6.9350233,0.0,2016-10-20
1.2420801,0.0,5.987406,0.6099937,6.9206176,0.0,2016-10-21
1.2522008,0.0,5.990247,0.6202309,6.906039,0.0,2016-10-24
1.2624242,0.0,5.9912553,0.63275325,6.8894525,0.0,2016-10-25
1.2721658,0.0,5.988275,0.6464602,6.86814,0.0,2016-10-26
1.2809247,0.0,5.981104,0.6563908,6.841733,0.0,2016-10-27
1.2872318,0.0,5.9715366,0.6665611,6.8124356,0.0,2016-10-28
1.291849,0.0,5.9587197,0.674719,6.777103,0.0,2016-10-31
1.297394,0.0,5.944347,0.67978156,6.7345448,0.0,2016-11-01
1.3024968,0.0,5.9217834,0.66626215,6.698103,0.0,2016-11-02
1.3062273,0.0,5.8949113,0.63918114,6.657353,0.0,2016-11-03
1.3075439,0.0,5.86835,0.6056129,6.61772,0.0,2016-11-04
1.3068819,0.0,5.8427215,0.569099,6.577171,0.0,2016-11-07
1.3031169,0.0,5.8156886,0.5338332,6.5362654,0.0,2016-11-08
1.2975962,0.0,5.789594,0.4994162,6.502483,0.0,2016-11-09
1.2913784,0.0,5.7663474,0.46297547,6.468792,0.0,2016-11-10
1.2868837,0.0,5.749115,0.4335133,6.4435496,0.0,2016-11-11
1.2857169,0.0,5.7360673,0.41065547,6.42059,0.0,2016-11-14
1.2882364,0.0,5.727982,0.39243338,6.4051614,0.0,2016-11-15
1.291341,0.0,5.7233787,0.3769044,6.3988624,0.0,2016-11-16
1.2938617,0.0,5.719376,0.36233753,6.399841,0.0,2016-11-17
1.2955911,0.0,5.716548,0.34961626,6.404888,0.0,2016-11-18
1.2972642,0.0,5.715094,0.33896586,6.40811,0.0,2016-11-21
1.3016056,0.0,5.7157884,0.32689428,6.40847,0.0,2016-11-22
1.3058223,0.0,5.7146773,0.31508335,6.4054503,0.0,2016-11-23
1.311901,0.0,5.7133803,0.30575562,6.4000244,0.0,2016-11-24
1.3195214,0.0,5.712273,0.29758322,6.3917785,0.0,2016-11-25
1.3282009,0.0,5.7128334,0.28966242,6.3832536,0.0,2016-11-28
1.3376637,0.0,5.7142463,0.28107965,6.3729095,0.0,2016-11-29
1.3460782,0.0,5.7187767,0.27281603,6.3665376,0.0,2016-11-30
1.3541431,0.0,5.725301,0.26464075,6.3603926,0.0,2016-12-01
1.3608055,0.0,5.721845,0.250175,6.356273,0.0,2016-12-02
1.3682495,0.0,5.7159204,0.2335151,6.3453927,0.0,2016-12-05
1.3792809,0.0,5.714656,0.2133961,6.3388376,0.0,2016-12-06
1.3887026,0.0,5.7100253,0.19310203,6.3417487,0.0,2016-12-07
1.3970689,0.0,5.702549,0.17429644,6.3467536,0.0,2016-12-08
1.4061636,0.0,5.695913,0.16175735,6.361307,0.0,2016-12-09
1.4145607,0.0,5.685738,0.15143293,6.3827944,0.0,2016-12-12
1.4207754,0.0,5.671344,0.14391796,6.409238,0.0,2016-12-13
1.4216573,0.0,5.6472573,0.13809697,6.4157205,0.0,2016-12-14
1.4203774,0.0,5.6227393,0.13436657,6.4287586,0.0,2016-12-15
1.4169188,0.0,5.598971,0.13275869,6.447171,0.0,2016-12-16
1.4128428,0.0,5.5776024,0.13534454,6.4680243,0.0,2016-12-19
1.4088113,0.0,5.55956,0.14034791,6.490628,0.0,2016-12-20
1.4068472,0.0,5.545564,0.14755972,6.5058136,0.0,2016-12-21
1.4034996,0.0,5.5281143,0.15445046,6.522808,0.0,2016-12-22
1.4011686,0.0,5.515433,0.16138175,6.543915,0.0,2016-12-23
1.398937,0.0,5.5052996,0.16830319,6.5704646,0.0,2016-12-26
1.3955634,0.0,5.4947114,0.1746676,6.5950975,0.0,2016-12-27
1.3930584,0.0,5.4869027,0.18169409,6.611893,0.0,2016-12-28
1.3894008,0.0,5.4779916,0.18570662,6.626471,0.0,2016-12-29
1.3854504,0.0,5.468992,0.18685281,6.64092,0.0,2017-01-02
1.3823695,0.0,5.46525,0.18798786,6.649095,0.0,2017-01-03
1.3774403,0.0,5.4599514,0.18960716,6.65096,0.0,2017-01-04
1.3737918,0.0,5.4560633,0.19219787,6.6518974,0.0,2017-01-05
1.3692598,0.0,5.4542584,0.19474715,6.6512647,0.0,2017-01-06
1.365302,0.0,5.4536257,0.1977656,6.6502743,0.0,2017-01-09
1.3619874,0.0,5.45183,0.19997849,6.6431794,0.0,2017-01-10
1.3584995,0.0,5.44696,0.20124212,6.6276174,0.0,2017-01-11
1.3553656,0.0,5.438011,0.20534185,6.6113772,0.0,2017-01-12
1.3535802,0.0,5.428275,0.21161775,6.5965104,0.0,2017-01-13
1.3468938,0.0,5.4111185,0.2191318,6.5702786,0.0,2017-01-16
1.3411878,0.0,5.3947663,0.22706404,6.54935,0.0,2017-01-17
1.3351065,0.0,5.3768125,0.23776923,6.5258155,0.0,2017-01-18
1.3271608,0.0,5.3572164,0.25026596,6.502011,0.0,2017-01-19
1.3194304,0.0,5.3367777,0.2630782,6.4762106,0.0,2017-01-20
1.3113668,0.0,5.316969,0.27427602,6.4505596,0.0,2017-01-23
1.3009391,0.0,5.2928705,0.2832334,6.418476,0.0,2017-01-24
1.2899323,0.0,5.2697744,0.2895776,6.384583,0.0,2017-01-25
1.2797056,0.0,5.247124,0.29438716,6.350749,0.0,2017-01-26
1.2730259,0.0,5.229024,0.3011748,6.3182325,0.0,2017-01-31
1.2678709,0.0,5.214421,0.31029412,6.287374,0.0,2017-02-01
1.2672474,0.0,5.194555,0.32477373,6.2591906,0.0,2017-02-02
1.266384,0.0,5.168672,0.3409687,6.230244,0.0,2017-02-03
1.2651352,0.0,5.138603,0.3576169,6.2024837,0.0,2017-02-06
1.2598526,0.0,5.103637,0.37645942,6.1792407,0.0,2017-02-07
1.253704,0.0,5.0684237,0.3966832,6.1599135,0.0,2017-02-08
1.2463199,0.0,5.03199,0.41615814,6.1387873,0.0,2017-02-09
1.2388016,0.0,4.993817,0.4348949,6.1170044,0.0,2017-02-10
1.2309773,0.0,4.957026,0.4535737,6.1026087,0.0,2017-02-13
1.2215459,0.0,4.9208093,0.47291762,6.098629,0.0,2017-02-14
1.2122198,0.0,4.8865404,0.4924567,6.096478,0.0,2017-02-15
1.2024478,0.0,4.8528566,0.5101483,6.1001515,0.0,2017-02-16
1.1915503,0.0,4.8179164,0.5240487,6.1023,0.0,2017-02-17
1.1799811,0.0,4.783243,0.53614086,6.103428,0.0,2017-02-20
1.1664536,0.0,4.74443,0.5440216,6.1056194,0.0,2017-02-21
1.1549608,0.0,4.7087774,0.551218,6.1114717,0.0,2017-02-22
1.1458534,0.0,4.6773696,0.55852425,6.1214485,0.0,2017-02-23
1.137522,0.0,4.647879,0.5657791,6.1328964,0.0,2017-02-24
1.129582,0.0,4.6251516,0.5700073,6.150127,0.0,2017-02-27
1.1195332,0.0,4.60103,0.56940806,6.172792,0.0,2017-02-28
1.110722,0.0,4.5802,0.56779265,6.1927767,0.0,2017-03-02
1.1097367,0.0,4.567449,0.5783029,6.2054987,0.0,2017-03-03
1.1167163,0.0,4.560938,0.59358406,6.2132425,0.0,2017-03-06
1.1283466,0.0,4.5559077,0.61051726,6.2136655,0.0,2017-03-07
1.1400002,0.0,4.546265,0.63003314,6.2111764,0.0,2017-03-08
1.1505349,0.0,4.5312767,0.65240824,6.2005587,0.0,2017-03-09
1.1600317,0.0,4.5144305,0.67599463,6.1829505,0.0,2017-03-10
1.1674901,0.0,4.4961524,0.70122397,6.161206,0.0,2017-03-13
1.1742673,0.0,4.479406,0.73023605,6.14214,0.0,2017-03-14
1.1798483,0.0,4.4640794,0.7629603,6.122953,0.0,2017-03-15
1.1844192,0.0,4.4512534,0.7988498,6.1069336,0.0,2017-03-16
1.1877055,0.0,4.4420958,0.8384758,6.1013107,0.0,2017-03-17
1.1869445,0.0,4.427625,0.8805016,6.0941963,0.0,2017-03-20
1.1826196,0.0,4.4074826,0.9196228,6.0848002,0.0,2017-03-21
1.1735382,0.0,4.3807306,0.954679,6.0734334,0.0,2017-03-22
1.1611638,0.0,4.351112,0.9821143,6.062604,0.0,2017-03-23
1.1463886,0.0,4.3210254,1.0051804,6.056369,0.0,2017-03-24
1.1285443,0.0,4.292167,1.0254971,6.0487814,0.0,2017-03-27
1.1076651,0.0,4.2649035,1.0400015,6.0381727,0.0,2017-03-28
1.0850477,0.0,4.2399035,1.0514762,6.0257473,0.0,2017-03-29
1.0645143,0.0,4.21858,1.0627153,6.018511,0.0,2017-03-30
1.0439312,0.0,4.1972656,1.0736849,6.011612,0.0,2017-03-31
1.0257509,0.0,4.1764894,1.083376,6.0057826,0.0,2017-04-03
1.0057814,0.0,4.152938,1.1015882,5.998096,0.0,2017-04-04
0.9847503,0.0,4.126233,1.1224691,5.986063,0.0,2017-04-05
0.96415085,0.0,4.100506,1.1459734,5.976363,0.0,2017-04-06
0.9442028,0.0,4.076458,1.1705087,5.967239,0.0,2017-04-07
0.92526007,0.0,4.0539365,1.1950526,5.9579663,0.0,2017-04-10
0.90670097,0.0,4.0295014,1.2148894,5.941889,0.0,2017-04-11
0.8902298,0.0,4.006587,1.2295569,5.9219294,0.0,2017-04-12
0.87868327,0.0,3.9913378,1.2404133,5.908657,0.0,2017-04-13
0.8752432,0.0,3.9939256,1.2512398,5.9166903,0.0,2017-04-14
0.87269795,0.0,3.997157,1.2601653,5.9247403,0.0,2017-04-17
0.8710374,0.0,4.0037093,1.2718834,5.935272,0.0,2017-04-18
0.86940306,0.0,4.0108113,1.2855872,5.9443383,0.0,2017-04-19
0.86639977,0.0,4.019322,1.3015,5.9510736,0.0,2017-04-20
0.8592178,0.0,4.024475,1.3178165,5.9574213,0.0,2017-04-21
0.84845746,0.0,4.0266695,1.3363403,5.96286,0.0,2017-04-24
0.8370668,0.0,4.029068,1.36007,5.968301,0.0,2017-04-25
0.82400876,0.0,4.0288033,1.3889176,5.9742446,0.0,2017-04-26
0.80777824,0.0,4.0224824,1.4209466,5.980083,0.0,2017-04-27
0.7908545,0.0,4.014252,1.4523209,5.988618,0.0,2017-04-28
0.77348,0.0,4.0038977,1.4825133,5.9948144,0.0,2017-05-02
0.75356287,0.0,3.989861,1.5266253,5.9881215,0.0,2017-05-04
0.73041487,0.0,3.9699237,1.5806113,5.9733276,0.0,2017-05-08
0.70009726,0.0,3.9384396,1.6451648,5.950889,0.0,2017-05-10
0.66536784,0.0,3.8999228,1.7141111,5.924762,0.0,2017-05-11
0.6282816,0.0,3.8559442,1.788551,5.9060726,0.0,2017-05-12
0.5895506,0.0,3.806657,1.8643653,5.88894,0.0,2017-05-15
0.5501985,0.0,3.757635,1.9414744,5.873479,0.0,2017-05-16
0.51046264,0.0,3.7112837,2.0188396,5.8636985,0.0,2017-05-17
0.46958753,0.0,3.6650689,2.0926833,5.8551536,0.0,2017-05-18
0.42738202,0.0,3.6190982,2.1628587,5.847386,0.0,2017-05-19
0.38579825,0.0,3.575773,2.229191,5.84592,0.0,2017-05-22
0.3431764,0.0,3.5319626,2.2945373,5.847232,0.0,2017-05-23
0.30066365,0.0,3.4898567,2.3592484,5.8537374,0.0,2017-05-24
0.2577072,0.0,3.4497354,2.4229202,5.863253,0.0,2017-05-25
0.21437883,0.0,3.4095614,2.4872396,5.8773584,0.0,2017-05-26
0.1699589,0.0,3.3697853,2.5541832,5.892867,0.0,2017-05-29
0.12537205,0.0,3.3312666,2.6196272,5.90899,0.0,2017-05-30
0.08088349,0.0,3.2950568,2.6820428,5.928042,0.0,2017-05-31
0.035497464,0.0,3.2598307,2.742815,5.944964,0.0,2017-06-01
0.0,0.0,3.2262595,2.8030431,5.9608274,0.0,2017-06-02
0.0,0.0,3.1941586,2.8659256,5.977754,0.0,2017-06-05
0.0,0.0,3.162944,2.9284751,5.9946046,0.0,2017-06-07
0.0,0.0,3.1354403,2.9903576,6.0138187,0.0,2017-06-08
0.0,0.0,3.1065662,3.050787,6.0292215,0.0,2017-06-09
0.0,0.0,3.0826077,3.1180806,6.0457463,0.0,2017-06-12
0.0,0.0,3.0646007,3.186397,6.067006,0.0,2017-06-13
0.0,0.0,3.0488112,3.2561831,6.087934,0.0,2017-06-14
0.0,0.0,3.0316257,3.3264587,6.104405,0.0,2017-06-15
0.0,0.0,3.0131323,3.3930776,6.114806,0.0,2017-06-16
0.0,0.0,2.9981818,3.456075,6.1259828,0.0,2017-06-19
0.0,0.0,2.995563,3.513496,6.1473584,0.0,2017-06-20
0.0,0.0,2.9960508,3.5667758,6.160101,0.0,2017-06-21
0.0,0.0,2.9974794,3.6132634,6.1670036,0.0,2017-06-22
0.0,0.0,3.0015192,3.6573527,6.17094,0.0,2017-06-23
0.0,0.0,3.0066833,3.7017355,6.171407,0.0,2017-06-26
0.0,0.0,3.0112383,3.7477293,6.1673284,0.0,2017-06-27
0.0,0.0,3.01822,3.7935925,6.160916,0.0,2017-06-28
0.0,0.0,3.0239491,3.8403738,6.149843,0.0,2017-06-29
0.0,0.0,3.025526,3.891465,6.1325955,0.0,2017-06-30
0.0,0.0,3.0239332,3.9428935,6.1137333,0.0,2017-07-03
0.0,0.0,3.0169365,3.990174,6.095596,0.0,2017-07-04
0.0,0.0,3.0076623,4.032399,6.0756946,0.0,2017-07-05
0.0,0.0,2.9957244,4.072891,6.0522456,0.0,2017-07-06
0.0,0.0,2.9806263,4.110797,6.0283227,0.0,2017-07-07
0.0,0.0,2.9638782,4.1449003,6.0013313,0.0,2017-07-10
0.0,0.0,2.9477084,4.177207,5.9704328,0.0,2017-07-11
0.0,0.0,2.9310505,4.211247,5.935856,0.0,2017-07-12
0.0,0.0,2.9118295,4.242712,5.8939085,0.0,2017-07-13
0.0,0.0,2.8905485,4.275283,5.848526,0.0,2017-07-14
0.0,0.0,2.8635786,4.309515,5.792425,0.0,2017-07-17
0.0,0.0,2.8383422,4.3439713,5.7391257,0.0,2017-07-18
0.0,0.0,2.8127627,4.378774,5.685419,0.0,2017-07-19
0.0,0.0,2.786953,4.4118805,5.6360073,0.0,2017-07-20
0.0,0.0,2.7566285,4.441174,5.5927477,0.0,2017-07-21
0.0,0.0,2.7304244,4.471495,5.560603,0.0,2017-07-24
0.0,0.0,2.7072654,4.507266,5.5359406,0.0,2017-07-25
0.0,0.0,2.687333,4.543358,5.5184364,0.0,2017-07-26
0.0,0.0,2.6704988,4.578415,5.506626,0.0,2017-07-27
0.0,0.0,2.6549582,4.6155186,5.498573,0.0,2017-07-28
0.0,0.0,2.6423047,4.64698,5.4931393,0.0,2017-07-31
0.0,0.0,2.63392,4.6759,5.4891133,0.0,2017-08-01
0.0,0.0,2.627503,4.70497,5.487044,0.0,2017-08-02
0.0,0.0,2.6205654,4.7330093,5.4839773,0.0,2017-08-03
0.0,0.0,2.6172478,4.752583,5.4805236,0.0,2017-08-04
0.0,0.0,2.6170151,4.7643332,5.47702,0.0,2017-08-07
0.0,0.0,2.6185088,4.772148,5.4712806,0.0,2017-08-08
0.0,0.0,2.6214256,4.7771106,5.463533,0.0,2017-08-09
0.0,0.0,2.6266246,4.7764115,5.4555926,0.0,2017-08-10
0.0,0.0,2.6331475,4.769528,5.447356,0.0,2017-08-11
0.0,0.0,2.6432283,4.7546387,5.438142,0.0,2017-08-14
0.0,0.0,2.6560435,4.7362323,5.4269524,0.0,2017-08-16
0.0,0.0,2.671748,4.717915,5.4170713,0.0,2017-08-17
0.0,0.0,2.688271,4.699791,5.407657,0.0,2017-08-18
0.0,0.0,2.7040174,4.683375,5.3999863,0.0,2017-08-21
0.0,0.0,2.7191894,4.6667066,5.391972,0.0,2017-08-22
0.0,0.0,2.732284,4.651009,5.3830748,0.0,2017-08-23
0.0,0.0,2.742908,4.6345773,5.371316,0.0,2017-08-24
0.0,0.0,2.7513998,4.619777,5.359674,0.0,2017-08-25
0.0,0.0,2.7570024,4.6059585,5.346822,0.0,2017-08-28
0.0,0.0,2.7596395,4.592503,5.334335,0.0,2017-08-29
0.0,0.0,2.759432,4.579107,5.3210707,0.0,2017-08-30
0.0,0.0,2.7562335,4.566933,5.3063607,0.0,2017-08-31
0.0,0.0,2.7502193,4.555678,5.287157,0.0,2017-09-01
0.0,0.0,2.7413394,4.541025,5.263582,0.0,2017-09-04
0.0,0.0,2.728589,4.520223,5.2356853,0.0,2017-09-05
0.0,0.0,2.7129514,4.4920683,5.2039,0.0,2017-09-06
0.0,0.0,2.6977189,4.4592514,5.16795,0.0,2017-09-07
0.0,0.0,2.682799,4.427183,5.129461,0.0,2017-09-08
0.0,0.0,2.6686184,4.3928967,5.0863786,0.0,2017-09-11
0.0,0.0,2.655868,4.3615985,5.0409245,0.0,2017-09-12
0.0,0.0,2.6427412,4.331746,4.995773,0.0,2017-09-13
0.0,0.0,2.6312225,4.302515,4.9518147,0.0,2017-09-14
0.0,0.0,2.6198618,4.276585,4.908496,0.0,2017-09-15
0.0,0.0,2.609184,4.258734,4.86893,0.0,2017-09-18
0.0,0.0,2.5987535,4.2467575,4.8310256,0.0,2017-09-19
0.0,0.0,2.5857232,4.2367454,4.798163,0.0,2017-09-20
0.0,0.0,2.571093,4.2287855,4.7694387,0.0,2017-09-21
0.0,0.0,2.5571814,4.221033,4.7426095,0.0,2017-09-22
0.0,0.0,2.5455003,4.21243,4.7142386,0.0,2017-09-25
0.0,0.0,2.536276,4.199413,4.680884,0.0,2017-09-26
0.0,0.0,2.5252156,4.179508,4.64775,0.0,2017-09-27
0.0,0.0,2.5137281,4.154031,4.6131268,0.0,2017-09-28
0.0,0.0,2.5036826,4.12761,4.5779037,0.0,2017-09-29
0.0,0.0,2.492807,4.1031375,4.5432844,0.0,2017-10-10
0.0,0.0,2.4748168,4.084891,4.513657,0.0,2017-10-11
0.0,0.0,2.451371,4.071612,4.481166,0.0,2017-10-12
0.0,0.0,2.422301,4.0664167,4.451608,0.0,2017-10-13
0.0,0.0,2.3888783,4.064954,4.429542,0.0,2017-10-16
0.0,0.0,2.3525274,4.066663,4.4164824,0.0,2017-10-17
0.0,0.0,2.3151307,4.0712376,4.4095473,0.0,2017-10-18
0.0,0.0,2.277016,4.079569,4.408836,0.0,2017-10-19
0.0,0.0,2.2384987,4.0916786,4.412758,0.0,2017-10-20
0.0,0.0,2.2034636,4.1076713,4.419433,0.0,2017-10-23
0.0,0.0,2.1724396,4.126422,4.4272113,0.0,2017-10-24
0.0,0.0,2.1450562,4.149092,4.436048,0.0,2017-10-25
0.0,0.0,2.1208122,4.1768136,4.4440317,0.0,2017-10-26
0.0,0.0,2.0943768,4.203896,4.4529905,0.0,2017-10-27
0.0,0.0,2.066784,4.229292,4.4598083,0.0,2017-10-30
0.0,0.0,2.0413916,4.2537136,4.465595,0.0,2017-10-31
0.0,0.0,2.0167103,4.2759066,4.473786,0.0,2017-11-01
0.0,0.0,1.9846034,4.301859,4.4829054,0.0,2017-11-02
0.0,0.0,1.9448571,4.325851,4.49183,0.0,2017-11-03
0.0,0.0,1.8989823,4.3505406,4.5039663,0.0,2017-11-06
0.0,0.0,1.8487422,4.3722954,4.5181303,0.0,2017-11-07
0.0,0.0,1.7977476,4.392574,4.5347757,0.0,2017-11-08
0.0,0.0,1.7490777,4.4113173,4.5549774,0.0,2017-11-09
0.0,0.0,1.7033688,4.428245,4.5781984,0.0,2017-11-10
0.0,0.0,1.6598374,4.445946,4.6014647,0.0,2017-11-13
0.0,0.0,1.6204951,4.465267,4.626008,0.0,2017-11-14
0.0,0.0,1.586228,4.4862556,4.6485753,0.0,2017-11-15
0.0,0.0,1.5576472,4.5115933,4.667202,0.0,2017-11-16
0.0,0.0,1.5344963,4.541041,4.6841164,0.0,2017-11-17
0.0,0.0,1.5164074,4.5706434,4.6993203,0.0,2017-11-20
0.0,0.0,1.5000507,4.5995893,4.7116575,0.0,2017-11-21
0.0,0.0,1.4883039,4.6251807,4.7231603,0.0,2017-11-22
0.0,0.0,1.4786412,4.6528673,4.7332063,0.0,2017-11-23
0.0,0.0,1.468714,4.6811724,4.741114,0.0,2017-11-24
0.0,0.0,1.4605557,4.7094517,4.7483845,0.0,2017-11-27
0.0,0.0,1.4546196,4.7345743,4.756415,0.0,2017-11-28
0.0,0.0,1.4502728,4.7576337,4.7634225,0.0,2017-11-29
0.0,0.0,1.4471357,4.7783575,4.768406,0.0,2017-11-30
0.0,0.0,1.4456006,4.793894,4.7719893,0.0,2017-12-01
0.0,0.0,1.4508004,4.800728,4.7686176,0.0,2017-12-04
0.0,0.0,1.4568361,4.8062663,4.7619567,0.0,2017-12-05
0.0,0.0,1.460609,4.811331,4.754872,0.0,2017-12-06
0.0,0.0,1.4666257,4.8138685,4.7468166,0.0,2017-12-07
0.0,0.0,1.4758631,4.814176,4.739458,0.0,2017-12-08
0.0,0.0,1.4911002,4.807791,4.7255235,0.0,2017-12-11
0.0,0.0,1.5076052,4.802019,4.7122736,0.0,2017-12-12
0.0,0.0,1.5224576,4.7918634,4.696038,0.0,2017-12-13
0.0,0.0,1.5344542,4.78252,4.6832857,0.0,2017-12-14
0.0,0.0,1.5452468,4.777143,4.6726665,0.0,2017-12-15
0.0,0.0,1.5571033,4.7730813,4.6604996,0.0,2017-12-18
0.0,0.0,1.5715336,4.766928,4.6477575,0.0,2017-12-19
0.0,0.0,1.5838889,4.760066,4.6337075,0.0,2017-12-20
0.0,0.0,1.5949404,4.753177,4.6196446,0.0,2017-12-21
0.0,0.0,1.6063814,4.742316,4.6055255,0.0,2017-12-22
0.0,0.0,1.6170229,4.7299848,4.5903893,0.0,2017-12-26
0.0,0.0,1.627241,4.716283,4.5771146,0.0,2017-12-27
0.0,0.0,1.6392368,4.699629,4.5594797,0.0,2017-12-28
0.0,0.0,1.646331,4.683014,4.539691,0.0,2018-01-02
0.0,0.0,1.6485227,4.6681647,4.5188913,0.0,2018-01-03
0.0,0.0,1.6445833,4.6549416,4.4983454,0.0,2018-01-04
0.0,0.0,1.6350521,4.6396523,4.479471,0.0,2018-01-05
0.0,0.0,1.6188552,4.627308,4.4626646,0.0,2018-01-08
0.0,0.0,1.5962728,4.618363,4.4466796,0.0,2018-01-09
0.0,0.0,1.5695925,4.616189,4.4346523,0.0,2018-01-10
0.0,0.0,1.5391089,4.618203,4.428675,0.0,2018-01-11
0.0,0.0,1.5154921,4.6268544,4.4282603,0.0,2018-01-12
0.0,0.0,1.494341,4.642661,4.4335523,0.0,2018-01-15
0.0,0.0,1.4754549,4.664855,4.441991,0.0,2018-01-16
0.0,0.0,1.4574153,4.6912894,4.452028,0.0,2018-01-17
0.0,0.0,1.4397395,4.7221055,4.4631557,0.0,2018-01-18
0.0,0.0,1.4228218,4.7580686,4.4748144,0.0,2018-01-19
0.0,0.0,1.4059427,4.7967725,4.489741,0.0,2018-01-22
0.0,0.0,1.3889961,4.8332367,4.509878,0.0,2018-01-23
0.0,0.0,1.3728137,4.875378,4.5348177,0.0,2018-01-24
0.0,0.0,1.3551925,4.919754,4.5642204,0.0,2018-01-25
0.0,0.0,1.3353955,4.964355,4.595581,0.0,2018-01-26
0.0,0.0,1.3155452,5.0145936,4.6306663,0.0,2018-01-29
0.0,0.0,1.2951369,5.0675616,4.6672564,0.0,2018-01-30
0.0,0.0,1.2762642,5.119128,4.7059,0.0,2018-01-31
0.0,0.0,1.2588923,5.168284,4.7431626,0.0,2018-02-01
0.0,0.0,1.2424052,5.211432,4.785074,0.0,2018-02-02
0.0,0.0,1.2276353,5.247815,4.82761,0.0,2018-02-05
0.0,0.0,1.2195835,5.2702427,4.862968,0.0,2018-02-06
0.0,0.0,1.2188575,5.275674,4.8907466,0.0,2018-02-07
0.0,0.0,1.2248505,5.262478,4.9066424,0.0,2018-02-08
0.0,0.0,1.2355615,5.238645,4.91101,0.0,2018-02-09
0.0,0.0,1.2486533,5.2045646,4.9086905,0.0,2018-02-12
0.0,0.0,1.2695041,5.162867,4.8938475,0.0,2018-02-13
0.0,0.0,1.2949096,5.1174917,4.8696065,0.0,2018-02-14
0.0,0.0,1.3210878,5.068607,4.836706,0.0,2018-02-19
0.0,0.0,1.345685,5.0241585,4.800483,0.0,2018-02-20
0.0,0.0,1.3692042,4.978685,4.757939,0.0,2018-02-21
0.0,0.0,1.3831496,4.937592,4.715453,0.0,2018-02-22
0.0,0.0,1.392777,4.8979254,4.6690216,0.0,2018-02-23
0.0,0.0,1.4006344,4.8635273,4.620173,0.0,2018-02-26
0.0,0.0,1.4012637,4.8291607,4.576768,0.0,2018-02-27
0.0,0.0,1.39672,4.793381,4.5394835,0.0,2018-02-28
0.0,0.0,1.3905842,4.755487,4.502688,0.0,2018-03-02
0.0,0.0,1.3823053,4.719878,4.461802,0.0,2018-03-05
0.0,0.0,1.3745794,4.680232,4.416934,0.0,2018-03-06
0.0,0.0,1.3633524,4.6398816,4.3683147,0.0,2018-03-07
0.0,0.0,1.3506379,4.596758,4.316763,0.0,2018-03-08
0.0,0.0,1.3349848,4.556119,4.2663636,0.0,2018-03-09
0.0,0.0,1.311334,4.5202737,4.2184753,0.0,2018-03-12
0.0,0.0,1.2843032,4.495294,4.178778,0.0,2018-03-13
0.0,0.0,1.2564996,4.476589,4.1429777,0.0,2018-03-14
0.0,0.0,1.2291133,4.45982,4.1096554,0.0,2018-03-15
0.0,0.0,1.2027483,4.446931,4.0817175,0.0,2018-03-16
0.0,0.0,1.1786811,4.443369,4.062518,0.0,2018-03-19
0.0,0.0,1.1602685,4.4424353,4.048123,0.0,2018-03-20
0.0,0.0,1.145222,4.444586,4.037421,0.0,2018-03-21
0.0,0.0,1.1335362,4.448883,4.0311117,0.0,2018-03-22
0.0,0.0,1.1249793,4.457872,4.02977,0.0,2018-03-23
0.0,0.0,1.1232989,4.456791,4.02799,0.0,2018-03-26
0.0,0.0,1.1235234,4.452492,4.0263333,0.0,2018-03-27
0.0,0.0,1.1231996,4.4456825,4.0227704,0.0,2018-03-28
0.0,0.0,1.124602,4.434264,4.0186687,0.0,2018-03-29
0.0,0.0,1.1266786,4.4217043,4.0125527,0.0,2018-03-30
0.0,0.0,1.1290503,4.410671,4.0059743,0.0,2018-04-02
0.0,0.0,1.134021,4.398529,3.9999743,0.0,2018-04-03
0.0,0.0,1.139855,4.381165,3.9941907,0.0,2018-04-04
0.0,0.0,1.1505073,4.3562593,3.9873939,0.0,2018-04-05
0.0,0.0,1.162388,4.3272095,3.9770277,0.0,2018-04-06
0.0,0.0,1.1759683,4.2963824,3.9647584,0.0,2018-04-09
0.0,0.0,1.1877959,4.263198,3.9501479,0.0,2018-04-10
0.0,0.0,1.20048,4.231211,3.9349697,0.0,2018-04-11
0.0,0.0,1.2133483,4.20015,3.9195895,0.0,2018-04-12
0.0,0.0,1.2261655,4.169043,3.9047258,0.0,2018-04-13
0.0,0.0,1.2379656,4.141997,3.8897595,0.0,2018-04-16
0.0,0.0,1.247596,4.118352,3.8743567,0.0,2018-04-17
0.0,0.0,1.253271,4.095264,3.8587792,0.0,2018-04-18
0.0,0.0,1.2533307,4.0782666,3.8466058,0.0,2018-04-19
0.0,0.0,1.2474529,4.0637608,3.8370905,0.0,2018-04-20
0.0,0.0,1.2382147,4.0506797,3.8324213,0.0,2018-04-23
0.0,0.0,1.2265902,4.0403466,3.8332326,0.0,2018-04-24
0.0,0.0,1.2136403,4.0370197,3.8431735,0.0,2018-04-25
0.0,0.0,1.2019558,4.0364056,3.8561594,0.0,2018-04-26
0.0,0.0,1.191554,4.0380845,3.866926,0.0,2018-04-27
0.0,0.0,1.1821187,4.043537,3.877794,0.0,2018-04-30
0.0,0.0,1.1708057,4.054609,3.8968554,0.0,2018-05-02
0.0,0.0,1.1512717,4.0667543,3.924712,0.0,2018-05-03
0.0,0.0,1.126997,4.077841,3.959379,0.0,2018-05-04
0.0,0.0,1.0979187,4.0863533,4.0028324,0.0,2018-05-08
0.0,0.0,1.070196,4.0942006,4.051956,0.0,2018-05-09
0.0,0.0,1.043734,4.101087,4.0986414,0.0,2018-05-10
0.0,0.0,1.0180491,4.1113143,4.1452847,0.0,2018-05-11
0.0,0.0,0.99450856,4.132562,4.195396,0.0,2018-05-14
0.0,0.0,0.9698774,4.1596,4.2512174,0.0,2018-05-15
0.0,0.0,0.946098,4.1867485,4.311164,0.0,2018-05-16
0.0,0.0,0.9259263,4.2156796,4.3689995,0.0,2018-05-17
0.0,0.0,0.90995175,4.2446427,4.424199,0.0,2018-05-18
0.0,0.0,0.8974967,4.2742815,4.479136,0.0,2018-05-21
0.0,0.0,0.88946444,4.303379,4.529941,0.0,2018-05-23
0.0,0.0,0.88623464,4.3338227,4.573407,0.0,2018-05-24
0.0,0.0,0.88872725,4.365891,4.6099453,0.0,2018-05-25
0.0,0.0,0.8966576,4.39539,4.6368556,0.0,2018-05-28
0.0,0.0,0.90255433,4.4234858,4.6649847,0.0,2018-05-29
0.0,0.0,0.9079881,4.4468327,4.6912456,0.0,2018-05-30
0.0,0.0,0.91283256,4.457619,4.71242,0.0,2018-05-31
0.0,0.0,0.91762054,4.4618783,4.7276063,0.0,2018-06-01
0.0,0.0,0.9304812,4.4619665,4.7358294,0.0,2018-06-04
0.0,0.0,0.94869363,4.459948,4.7347374,0.0,2018-06-05
0.0,0.0,0.97019464,4.4599447,4.7266707,0.0,2018-06-07
0.0,0.0,0.99334717,4.468188,4.7177653,0.0,2018-06-08
0.0,0.0,1.0176823,4.4780416,4.707147,0.0,2018-06-11
0.0,0.0,1.041184,4.491554,4.6961493,0.0,2018-06-12
0.0,0.0,1.06593,4.50969,4.6848583,0.0,2018-06-14
0.0,0.0,1.0924163,4.5261335,4.6674643,0.0,2018-06-15
0.0,0.0,1.1193191,4.535536,4.644084,0.0,2018-06-18
0.0,0.0,1.1455983,4.534078,4.61276,0.0,2018-06-19
0.0,0.0,1.1747783,4.523292,4.573897,0.0,2018-06-20
0.0,0.0,1.2061574,4.508204,4.5353923,0.0,2018-06-21
0.0,0.0,1.2378263,4.4857354,4.49252,0.0,2018-06-22
0.0,0.0,1.2684524,4.458977,4.449248,0.0,2018-06-25
0.0,0.0,1.295979,4.429076,4.407843,0.0,2018-06-26
0.0,0.0,1.32124,4.3931403,4.364487,0.0,2018-06-27
0.0,0.0,1.3473607,4.353139,4.3182654,0.0,2018-06-28
0.0,0.0,1.3761733,4.3080583,4.271199,0.0,2018-06-29
0.0,0.0,1.4039723,4.264277,4.226196,0.0,2018-07-02
0.0,0.0,1.4417367,4.2088156,4.178076,0.0,2018-07-03
0.0,0.0,1.4861312,4.1445217,4.1242704,0.0,2018-07-04
0.0,0.0,1.5348285,4.073312,4.065072,0.0,2018-07-05
0.0,0.0,1.5844251,3.9976678,3.9997823,0.0,2018-07-06
0.0,0.0,1.6322501,3.923343,3.933629,0.0,2018-07-09
0.0,0.0,1.676291,3.853453,3.8638573,0.0,2018-07-10
0.0,0.0,1.7162422,3.7899446,3.7965193,0.0,2018-07-11
0.0,0.0,1.751615,3.7273128,3.7314017,0.0,2018-07-12
0.0,0.0,1.7807355,3.6694036,3.6722956,0.0,2018-07-13
0.0,0.0,1.8048898,3.620409,3.6210582,0.0,2018-07-16
0.0,0.0,1.822081,3.5725284,3.5732286,0.0,2018-07-17
0.0,0.0,1.8323327,3.5238385,3.527069,0.0,2018-07-18
0.0,0.0,1.8386527,3.4730334,3.478761,0.0,2018-07-19
0.0,0.0,1.8419119,3.4183867,3.4276822,0.0,2018-07-20
0.0,0.0,1.8417497,3.3624442,3.3740704,0.0,2018-07-23
0.0,0.0,1.8423055,3.3072383,3.3259227,0.0,2018-07-24
0.0,0.0,1.841,3.2541063,3.2845695,0.0,2018-07-25
0.0,0.0,1.8384693,3.2052536,3.250271,0.0,2018-07-26
0.0,0.0,1.8332405,3.1636646,3.2230372,0.0,2018-07-27
0.0,0.0,1.8254409,3.1302204,3.1997356,0.0,2018-07-30
0.0,0.0,1.8168261,3.1018736,3.1826193,0.0,2018-07-31
0.0,0.0,1.8084203,3.0777135,3.1718583,0.0,2018-08-01
0.0,0.0,1.8042234,3.055916,3.1596174,0.0,2018-08-02
0.0,0.0,1.8101667,3.0327423,3.14993,0.0,2018-08-03
0.0,0.0,1.8223888,3.0123084,3.142699,0.0,2018-08-06
0.0,0.0,1.8378807,2.9966478,3.1398187,0.0,2018-08-07
0.0,0.0,1.8559843,2.9832697,3.135407,0.0,2018-08-08
0.0,0.0,1.8749925,2.973227,3.1305714,0.0,2018-08-09
0.0,0.0,1.8954341,2.9642408,3.1290948,0.0,2018-08-10
0.0,0.0,1.9169513,2.9531486,3.132798,0.0,2018-08-13
0.0,0.0,1.9376519,2.933404,3.1348398,0.0,2018-08-14
0.0,0.0,1.9610746,2.910066,3.1342337,0.0,2018-08-16
0.0,0.0,1.9876304,2.8830872,3.1303425,0.0,2018-08-17
0.0,0.0,2.0150764,2.8562071,3.1249871,0.0,2018-08-20
0.0,0.0,2.039993,2.8302314,3.1189272,0.0,2018-08-21
0.0,0.0,2.0582025,2.811001,3.1119277,0.0,2018-08-22
0.0,0.0,2.0726562,2.7928045,3.1023517,0.0,2018-08-23
0.0,0.0,2.083348,2.7781694,3.0918908,0.0,2018-08-24
0.0,0.0,2.0905704,2.7682364,3.0835276,0.0,2018-08-27
0.0,0.0,2.0934615,2.766128,3.0774217,0.0,2018-08-28
0.0,0.0,2.0926707,2.7711442,3.076272,0.0,2018-08-29
0.0,0.0,2.0907226,2.7799997,3.0775754,0.0,2018-08-30
0.0,0.0,2.0862398,2.7900548,3.0773902,0.0,2018-08-31
0.0,0.0,2.0796387,2.8020115,3.0753968,0.0,2018-09-03
0.0,0.0,2.0714931,2.8212528,3.070795,0.0,2018-09-04
0.0,0.0,2.0614262,2.8434277,3.0638454,0.0,2018-09-05
0.0,0.0,2.0500808,2.8618155,3.0568688,0.0,2018-09-06
0.0,0.0,2.0394163,2.8737063,3.0493748,0.0,2018-09-07
0.0,0.0,2.0295043,2.8818157,3.0437093,0.0,2018-09-10
0.0,0.0,2.0198348,2.888905,3.0427048,0.0,2018-09-11
0.0,0.0,2.012028,2.8955767,3.0449607,0.0,2018-09-12
0.0,0.0,2.0043726,2.9023647,3.0533667,0.0,2018-09-13
0.0,0.0,1.9909579,2.908144,3.0567937,0.0,2018-09-14
0.0,0.0,1.9768745,2.9181404,3.06205,0.0,2018-09-17
0.0,0.0,1.9661251,2.9276574,3.068758,0.0,2018-09-18
0.0,0.0,1.9583782,2.934739,3.0759609,0.0,2018-09-19
0.0,0.0,1.9521159,2.9430394,3.082166,0.0,2018-09-20
0.0,0.0,1.9483064,2.9526632,3.0857406,0.0,2018-09-21
0.0,0.0,1.9445821,2.9659295,3.0903747,0.0,2018-09-27
0.0,0.0,1.9397299,2.9850004,3.0991058,0.0,2018-09-28
0.0,0.0,1.9351226,3.0108006,3.11204,0.0,2018-10-01
0.0,0.0,1.9396799,3.0321844,3.1268046,0.0,2018-10-02
0.0,0.0,1.9495821,3.0452633,3.1413066,0.0,2018-10-04
0.0,0.0,1.9675161,3.0483031,3.1520662,0.0,2018-10-05
0.0,0.0,1.9920975,3.0441976,3.1567366,0.0,2018-10-08
0.0,0.0,2.021908,3.0319107,3.1528513,0.0,2018-10-10
0.0,0.0,2.0598304,3.007928,3.1382492,0.0,2018-10-11
0.0,0.0,2.1100461,2.9586117,3.1079204,0.0,2018-10-12
0.0,0.0,2.1645105,2.8965938,3.066795,0.0,2018-10-15
0.0,0.0,2.2233267,2.8248148,3.0182555,0.0,2018-10-16
0.0,0.0,2.2816002,2.7478657,2.963993,0.0,2018-10-17
0.0,0.0,2.3357437,2.6727629,2.90794,0.0,2018-10-18
0.0,0.0,2.388061,2.5979218,2.8530574,0.0,2018-10-19
0.0,0.0,2.4360712,2.5234597,2.800302,0.0,2018-10-22
0.0,0.0,2.4800317,2.4568675,2.7518942,0.0,2018-10-23
0.0,0.0,2.5231872,2.3867981,2.7023733,0.0,2018-10-24
0.0,0.0,2.565179,2.3169873,2.6546974,0.0,2018-10-25
0.0,0.0,2.6086292,2.2440586,2.6100452,0.0,2018-10-26
0.0,0.0,2.6553748,2.163983,2.5617073,0.0,2018-10-29
0.0,0.0,2.7074113,2.075943,2.5067506,0.0,2018-10-30
0.0,0.0,2.7547212,1.982979,2.4432242,0.0,2018-10-31
0.0,0.0,2.794276,1.8915002,2.376463,0.034214593,2018-11-01
0.0,0.0,2.8424628,1.7916974,2.3110633,0.072422855,2018-11-02
0.0,0.0,2.8821175,1.7044696,2.2488613,0.10253458,2018-11-05
0.03321895,0.0,2.9184906,1.6235015,2.1896646,0.13065776,2018-11-06
0.060506392,0.0,2.9453719,1.5532378,2.1340346,0.15397164,2018-11-07
0.0835405,0.0,2.9662461,1.4926642,2.0847769,0.17311248,2018-11-08
0.10284716,0.0,2.978786,1.4430026,2.0431423,0.18658288,2018-11-09
0.12107947,0.0,2.9847476,1.3986667,2.0090048,0.19675072,2018-11-12
0.13820161,0.0,2.9883525,1.3592063,1.9802544,0.20603016,2018-11-13
0.15471438,0.0,2.9925163,1.3206315,1.9574399,0.21694353,2018-11-14
0.17112772,0.0,3.0002437,1.2853154,1.9397392,0.22675768,2018-11-15
0.18460271,0.0,3.0075028,1.2572448,1.9281771,0.23284929,2018-11-16
0.19580808,0.0,3.0127687,1.2367269,1.9238107,0.23431386,2018-11-19
0.20311528,0.0,3.0155737,1.2231741,1.9248455,0.23311672,2018-11-20
0.20967856,0.0,3.0212495,1.2143368,1.9310956,0.23139083,2018-11-21
0.21497947,0.0,3.0285401,1.2096635,1.9405782,0.2277767,2018-11-22
0.21840784,0.0,3.041999,1.2109476,1.9522257,0.22433065,2018-11-23
0.22180566,0.0,3.0571895,1.2108488,1.961787,0.22266822,2018-11-26
0.22393566,0.0,3.069789,1.2133689,1.9721692,0.21840599,2018-11-27
0.2259084,0.0,3.0797682,1.2185735,1.9854565,0.21188807,2018-11-28
0.22849369,0.0,3.0881493,1.2248393,2.0042748,0.20146513,2018-11-29
0.22830704,0.0,3.0936332,1.234634,2.025678,0.18953812,2018-11-30
0.22544649,0.0,3.0971801,1.2421943,2.0533335,0.17651975,2018-12-03
0.22466573,0.0,3.1106765,1.2610048,2.0733588,0.16803457,2018-12-04
0.22260386,0.0,3.1243274,1.2836071,2.0986197,0.15465987,2018-12-05
0.21920192,0.0,3.1414185,1.3041823,2.1289613,0.14004876,2018-12-06
0.21636885,0.0,3.1630702,1.3154591,2.1631248,0.12683086,2018-12-07
0.21556064,0.0,3.1867137,1.319253,2.1992707,0.11342859,2018-12-10
0.21920493,0.0,3.2202709,1.3101721,2.234444,0.10578464,2018-12-11
0.22615752,0.0,3.256379,1.2960243,2.2734141,0.094300136,2018-12-12
0.23315448,0.0,3.2872922,1.2824004,2.3151407,0.076512836,2018-12-13
0.23896673,0.0,3.3070629,1.2698793,2.3581364,0.052945536,2018-12-14
0.24597293,0.0,3.3293066,1.254789,2.4108043,0.028242406,2018-12-17
0.25736475,0.0,3.356292,1.2339383,2.4633079,0.010283646,2018-12-18
0.27182886,0.0,3.3829088,1.2096208,2.5215974,0.0,2018-12-19
0.2868344,0.0,3.4074357,1.1869862,2.5817266,0.0,2018-12-20
0.30395228,0.0,3.4339716,1.1630013,2.6428425,0.0,2018-12-21
0.32205716,0.0,3.46307,1.141413,2.6988437,0.0,2018-12-24
0.34368995,0.0,3.501065,1.121941,2.7412596,0.0,2018-12-26
0.3660779,0.0,3.5402434,1.0981152,2.7748766,0.0,2018-12-27
0.38688263,0.0,3.5758681,1.0677534,2.8020098,0.0,2018-12-28
0.40680373,0.0,3.609955,1.0379156,2.8262677,0.0,2019-01-02
0.42529252,0.0,3.6499822,1.0021105,2.8360076,0.0,2019-01-03
0.44391713,0.0,3.6952636,0.9608046,2.8421698,0.0,2019-01-04
0.4587906,0.0,3.736551,0.9185722,2.8517745,0.0,2019-01-07
0.4705396,0.0,3.7742815,0.8830205,2.864488,0.0,2019-01-08
0.48053485,0.0,3.8115957,0.85211277,2.8810968,0.0,2019-01-09
0.48776984,0.0,3.8413296,0.8329332,2.8945417,0.0,2019-01-10
0.49376982,0.0,3.865379,0.8192916,2.9086,0.0,2019-01-11
0.49683872,0.0,3.8828778,0.8113326,2.9246078,0.0,2019-01-14
0.49709848,0.0,3.8970523,0.803844,2.9434857,0.0,2019-01-15
0.49770075,0.0,3.909496,0.8072307,2.9657767,0.0,2019-01-16
0.4975288,0.0,3.91817,0.82218957,2.9890718,0.0,2019-01-17
0.4956667,0.0,3.9208758,0.8431884,3.0112147,0.0,2019-01-18
0.48964107,0.0,3.9177516,0.8717294,3.0371656,0.0,2019-01-21
0.47918192,0.0,3.909233,0.9028138,3.0547833,0.0,2019-01-22
0.46579257,0.0,3.8975081,0.9332504,3.0694313,0.0,2019-01-23
0.45100716,0.0,3.8829515,0.96422267,3.0853922,0.0,2019-01-24
0.4353673,0.0,3.8643448,0.9991678,3.0966787,0.0,2019-01-25
0.41978377,0.0,3.8439693,1.0412569,3.1066706,0.0,2019-01-28
0.4033204,0.0,3.824088,1.0850376,3.1161766,0.0,2019-01-29
0.38531938,0.0,3.805212,1.1285543,3.1241004,0.0,2019-01-30
0.3652742,0.0,3.7829254,1.1732397,3.1291513,0.0,2019-01-31
0.34196538,0.0,3.7580585,1.2183398,3.1355326,0.0,2019-02-01
0.31205404,0.0,3.741153,1.2656286,3.1514547,0.0,2019-02-07
0.2796856,0.0,3.7290354,1.3199892,3.167833,0.0,2019-02-08
0.24889418,0.0,3.725036,1.3710341,3.1780486,0.0,2019-02-11
0.22196355,0.0,3.725766,1.4166479,3.1843514,0.0,2019-02-12
0.19809249,0.0,3.7274544,1.4603397,3.1804976,0.0,2019-02-13
0.17548856,0.0,3.7304368,1.5079114,3.1651442,0.0,2019-02-14
0.14993408,0.0,3.725605,1.565638,3.1430097,0.0,2019-02-15
0.12202976,0.0,3.7201524,1.6203282,3.1126022,0.0,2019-02-18
0.09213271,0.0,3.7047129,1.6722821,3.0690744,0.0,2019-02-19
0.0626781,0.0,3.6879866,1.7190622,3.0231452,0.0,2019-02-20
0.034042746,0.0,3.6703203,1.7648612,2.9765549,0.0,2019-02-21
0.0057116896,0.0,3.646495,1.8075874,2.938383,0.0,2019-02-22
0.0,0.0,3.623321,1.8461308,2.9004002,0.0,2019-02-25
0.0,0.0,3.603082,1.878327,2.868533,0.0,2019-02-26
0.0,0.0,3.5810053,1.901522,2.8421876,0.0,2019-02-27
0.0,0.0,3.557708,1.91734,2.820934,0.0,2019-02-28
0.0,0.0,3.5326622,1.9218041,2.807462,0.0,2019-03-04
0.0,0.0,3.5091865,1.9283849,2.8007424,0.0,2019-03-05
0.0,0.0,3.4901664,1.9286577,2.8066964,0.0,2019-03-06
0.0,0.0,3.47316,1.9223742,2.8171818,0.0,2019-03-07
0.0,0.0,3.4613054,1.9076705,2.8279316,0.0,2019-03-08
0.0,0.0,3.4588845,1.8823483,2.839926,0.0,2019-03-11
0.0,0.0,3.4625235,1.8526586,2.8473983,0.0,2019-03-12
0.0,0.0,3.4693522,1.82405,2.8502848,0.0,2019-03-13
0.0,0.0,3.4772048,1.7974082,2.851721,0.0,2019-03-14
0.0,0.0,3.4854507,1.7775966,2.851038,0.0,2019-03-15
0.0,0.0,3.4900262,1.767508,2.849513,0.0,2019-03-18
0.0,0.0,3.4888427,1.764998,2.8474298,0.0,2019-03-19
0.009496521,0.0,3.4857714,1.7677871,2.8417752,0.0,2019-03-20
0.015841965,0.0,3.478584,1.7741976,2.8319683,0.0,2019-03-21
0.019542694,0.0,3.4691725,1.7819623,2.814645,0.0,2019-03-22
0.020325743,0.0,3.4560177,1.7905406,2.789785,0.0,2019-03-25
0.018715605,0.0,3.440927,1.7920624,2.758583,0.0,2019-03-26
0.01465705,0.0,3.4256153,1.7887105,2.722651,0.0,2019-03-27
0.009939019,0.0,3.4115095,1.7838541,2.686333,0.0,2019-03-28
0.0052397475,0.0,3.3992794,1.7737569,2.6494555,0.0,2019-03-29
0.0,0.0,3.386705,1.7629601,2.6149938,0.0,2019-04-01
0.0,0.0,3.3738534,1.7650541,2.5777698,0.0,2019-04-02
0.0,0.0,3.360738,1.7770106,2.5392756,0.01100476,2019-04-03
0.0,0.0,3.3427553,1.7929271,2.5054653,0.026672851,2019-04-04
0.0,0.0,3.3218381,1.8111895,2.4764056,0.037422407,2019-04-05
0.0,0.0,3.2987163,1.8315612,2.4544022,0.045687407,2019-04-08
0.0,0.0,3.27299,1.8529205,2.438414,0.050905462,2019-04-09
0.0,0.0,3.2495272,1.8759675,2.4292746,0.05295452,2019-04-10
0.0,0.0,3.2271752,1.9014549,2.425973,0.05131002,2019-04-11
0.0,0.0,3.2059865,1.9274925,2.427469,0.045997288,2019-04-12
0.0,0.0,3.1883893,1.9548044,2.433291,0.03956639,2019-04-15
0.0,0.0,3.1758406,1.986929,2.4450738,0.03143439,2019-04-16
0.0,0.0,3.1614099,2.017762,2.4577417,0.022065323,2019-04-17
0.0,0.0,3.146098,2.047993,2.4701822,0.012869464,2019-04-18
0.0,0.0,3.1330223,2.0712497,2.4806323,0.0075844796,2019-04-19
0.0,0.0,3.122046,2.0916512,2.486858,0.0033265417,2019-04-22
0.0,0.0,3.1134048,2.1088316,2.491145,0.0001583118,2019-04-23
0.0,0.0,3.1072054,2.1237185,2.4944627,0.0,2019-04-24
0.0,0.0,3.1047022,2.1337857,2.4971423,0.0,2019-04-25
0.0,0.0,3.1066093,2.1425943,2.497232,0.00018871855,2019-04-26
0.0,0.0,3.11252,2.1469152,2.4966564,0.004412936,2019-04-29
0.0,0.0,3.1175463,2.153991,2.4961524,0.0045858705,2019-04-30
0.0,0.0,3.122277,2.1620326,2.4939127,0.0025871731,2019-05-02
0.0,0.0,3.133118,2.1674998,2.490359,0.0,2019-05-03
0.0,0.0,3.1499856,2.1700006,2.4870708,0.0,2019-05-07
0.0,0.0,3.1742203,2.1676142,2.4830751,0.0,2019-05-08
0.0,0.0,3.2024317,2.1631112,2.4790394,0.0,2019-05-09
0.0,0.0,3.239549,2.1476705,2.4722154,0.0058418675,2019-05-10
0.0,0.0,3.2814672,2.1280134,2.460491,0.021126218,2019-05-13
0.0,0.0,3.3273327,2.1000893,2.4435458,0.04219648,2019-05-14
0.0,0.0,3.3746927,2.066784,2.4224393,0.06540488,2019-05-15
0.0,0.0,3.4190843,2.0327973,2.3984308,0.08711743,2019-05-16
0.0,0.0,3.4625566,1.9939873,2.3748956,0.11131025,2019-05-17
0.0,0.0,3.5053196,1.950262,2.3509457,0.13773878,2019-05-20
0.0,0.0,3.54576,1.904197,2.3251023,0.16449165,2019-05-21
0.0,0.0,3.5842378,1.859254,2.2956412,0.1906863,2019-05-22
0.0,0.0,3.6175263,1.8148769,2.264612,0.21453027,2019-05-23
0.0,0.0,3.6449997,1.7701249,2.2326922,0.23540136,2019-05-24
0.0,0.0,3.6687229,1.7257099,2.2021182,0.255589,2019-05-27
0.0,0.0,3.6879807,1.6807115,2.1726973,0.27563637,2019-05-28
0.0,0.0,3.703528,1.6379527,2.1442926,0.29400384,2019-05-29
0.0,0.0,3.7169864,1.592698,2.1169538,0.3119144,2019-05-30
0.0,0.0,3.7248893,1.5484979,2.0898478,0.32779965,2019-05-31
0.016141608,0.0,3.728924,1.5033481,2.0666564,0.33933452,2019-06-03
0.032747716,0.0,3.746998,1.4640293,2.0354433,0.35037556,2019-06-04
0.04697455,0.0,3.7707167,1.4319605,2.0057335,0.35878542,2019-06-05
0.059500467,0.0,3.7979593,1.4044217,1.9771361,0.36696917,2019-06-07
0.06934572,0.0,3.827637,1.3811811,1.9511294,0.3731084,2019-06-10
0.074929304,0.0,3.8538685,1.3665205,1.9291468,0.37449276,2019-06-11
0.07699234,0.0,3.875487,1.3615707,1.9159214,0.368717,2019-06-12
0.07565756,0.0,3.8958437,1.3647865,1.9137783,0.3601509,2019-06-13
0.07055853,0.0,3.9175165,1.3745216,1.9206324,0.35067543,2019-06-14
0.063742936,0.0,3.9382722,1.3867176,1.9318013,0.3422011,2019-06-17
0.056387685,0.0,3.953522,1.3980943,1.9420507,0.336079,2019-06-18
0.04838586,0.0,3.9684198,1.4124745,1.954819,0.3302375,2019-06-19
0.038414888,0.0,3.97841,1.4341694,1.9694533,0.32014957,2019-06-20
0.025652267,0.0,3.9866297,1.4604838,1.9852383,0.30738634,2019-06-21
0.01070169,0.0,3.9922833,1.488828,2.0029638,0.2947799,2019-06-24
0.0,0.0,3.9973028,1.5184726,2.0252802,0.28327215,2019-06-25
0.0,0.0,4.0008836,1.5462605,2.0479493,0.2734986,2019-06-26
0.0,0.0,4.0036736,1.5734693,2.071134,0.26393828,2019-06-27
0.0,0.0,4.0079837,1.6005585,2.0929203,0.25532866,2019-06-28
0.0,0.0,4.013383,1.625066,2.1119857,0.24857765,2019-07-01
0.0,0.0,4.0233946,1.6544648,2.1243591,0.23336154,2019-07-02
0.0,0.0,4.038366,1.684902,2.1361184,0.2157095,2019-07-03
0.0,0.0,4.0609136,1.7094257,2.1467726,0.1996628,2019-07-04
0.0,0.0,4.0876584,1.7331803,2.1569548,0.18364424,2019-07-05
0.0,0.0,4.1171165,1.7550586,2.168707,0.16838796,2019-07-08
0.0,0.0,4.152023,1.7646668,2.1796713,0.16212843,2019-07-09
0.0,0.0,4.19244,1.7643785,2.1838899,0.1635356,2019-07-10
0.0,0.0,4.235527,1.7594143,2.1816707,0.16905965,2019-07-11
0.0,0.0,4.276406,1.7537425,2.1753063,0.17449139,2019-07-12
0.0,0.0,4.315276,1.7488744,2.1675432,0.1794385,2019-07-15
0.0,0.0,4.351697,1.7427146,2.157567,0.18512033,2019-07-16
0.0,0.0,4.378582,1.73444,2.141817,0.1911197,2019-07-17
0.0,0.0,4.40592,1.7254529,2.127419,0.19919817,2019-07-18
0.0,0.0,4.4319615,1.7146155,2.1121418,0.20772627,2019-07-19
0.0,0.0,4.45372,1.707903,2.0970736,0.21332784,2019-07-22
0.0,0.0,4.473376,1.7033471,2.0825744,0.21702307,2019-07-23
0.0,0.0,4.489878,1.7014962,2.0722063,0.21796778,2019-07-24
0.0,0.0,4.5034094,1.6984565,2.0636036,0.21875928,2019-07-25
0.0,0.0,4.514239,1.6900858,2.0535588,0.21995553,2019-07-26
0.0,0.0,4.5239286,1.674955,2.04015,0.22337115,2019-07-29
0.0,0.0,4.5367064,1.6494119,2.023858,0.23245661,2019-07-30
0.0,0.0,4.5520487,1.6176444,2.0036528,0.24473728,2019-07-31
0.0,0.0,4.5710144,1.5811867,1.9835391,0.25964296,2019-08-01
0.0,0.0,4.6125293,1.5289131,1.9570746,0.2683632,2019-08-02
0.0,0.0,4.6722136,1.4683301,1.9267647,0.27400255,2019-08-05
0.0,0.0,4.748565,1.4013526,1.8930562,0.28394628,2019-08-06
0.0,0.0,4.835325,1.3297849,1.8596847,0.29720977,2019-08-07
0.0,0.0,4.9312706,1.260709,1.8209877,0.3131816,2019-08-08
0.0,0.0,5.027971,1.1971278,1.7814198,0.32812092,2019-08-09
0.0,0.0,5.120152,1.1407155,1.7428014,0.34252632,2019-08-12
0.0,0.0,5.2047873,1.0884206,1.7040973,0.35520044,2019-08-13
0.0,0.0,5.2845273,1.0390669,1.668567,0.36502948,2019-08-14
0.0,0.0,5.358992,0.9968426,1.632092,0.37366903,2019-08-16
0.0,0.0,5.4293733,0.9567039,1.5946882,0.3857941,2019-08-19
0.0,0.0,5.4931016,0.92152977,1.5614548,0.3982161,2019-08-20
0.0,0.0,5.5484476,0.8925468,1.5307593,0.40865964,2019-08-21
0.0,0.0,5.5986285,0.8706465,1.5044565,0.41645396,2019-08-22
0.0,0.0,5.646292,0.85412264,1.4837797,0.42246622,2019-08-23
0.0,0.0,5.6901584,0.8417603,1.4683642,0.42598364,2019-08-26
0.0,0.0,5.7331414,0.82649374,1.455663,0.43368557,2019-08-27
0.0,0.0,5.776389,0.81283796,1.4439046,0.4428638,2019-08-28
0.0,0.0,5.8184996,0.8025061,1.4338927,0.4512113,2019-08-29
0.0,0.0,5.8583455,0.79285455,1.4284732,0.45910102,2019-08-30
0.0,0.0,5.8948708,0.7913537,1.4287982,0.46191588,2019-09-02
0.0,0.0,5.92493,0.80518913,1.4346783,0.47237465,2019-09-03
0.0,0.0,5.950162,0.82619834,1.4470034,0.48428455,2019-09-04
0.0,0.0,5.9744554,0.85669184,1.4642296,0.49204966,2019-09-05
0.0,0.0,5.9963956,0.8938906,1.4809351,0.49583134,2019-09-06
0.0,0.0,6.0092463,0.93163335,1.4956093,0.49566615,2019-09-09
0.0,0.0,6.0155787,0.9679946,1.5093663,0.49494877,2019-09-10
0.0,0.0,6.014263,1.0049857,1.5240428,0.49387118,2019-09-11
0.0,0.0,6.0074773,1.0427488,1.5426505,0.49120736,2019-09-16
0.0,0.0,5.993451,1.0837829,1.568193,0.48399115,2019-09-17
0.0,0.0,5.9493976,1.1169785,1.5874016,0.47199327,2019-09-18
0.0,0.0,5.9032793,1.148824,1.6079822,0.4577022,2019-09-19
0.0,0.0,5.8525105,1.1764543,1.6244197,0.4420052,2019-09-20
0.0,0.0,5.7985563,1.202684,1.6376004,0.42604512,2019-09-23
0.0,0.0,5.7441764,1.2248641,1.6522548,0.40883103,2019-09-24
0.0,0.0,5.6905174,1.2437567,1.672046,0.3878353,2019-09-25
0.0,0.0,5.6420856,1.2570311,1.6915944,0.3691695,2019-09-26
0.0,0.0,5.598019,1.2673708,1.70735,0.35433653,2019-09-27
0.0,0.0,5.558938,1.2703121,1.7211931,0.34253988,2019-09-30
0.0,0.0,5.52512,1.2718226,1.7322574,0.3331146,2019-10-01
0.0,0.0,5.4858537,1.2805027,1.7340212,0.32712683,2019-10-02
0.0,0.0,5.447199,1.2855694,1.7322795,0.32550895,2019-10-04
0.0,0.0,5.411175,1.2851548,1.7258689,0.32835084,2019-10-07
0.0,0.0,5.3769016,1.2801744,1.7147005,0.33307698,2019-10-08
0.0,0.0,5.342902,1.2756052,1.697865,0.33689737,2019-10-10
0.0,0.0,5.309723,1.265736,1.6763668,0.34208107,2019-10-11
0.0,0.0,5.2736783,1.2569423,1.6469536,0.35048556,2019-10-14
0.0,0.0,5.2391295,1.2553552,1.6143153,0.35974884,2019-10-15
0.0,0.0,5.205434,1.2566224,1.5826418,0.36761418,2019-10-16
0.0,0.0,5.1674433,1.2574824,1.5540807,0.3699143,2019-10-17
0.0,0.0,5.1330338,1.2568911,1.5334451,0.3694163,2019-10-18
0.0,0.0,5.1110144,1.2552462,1.5220783,0.36972046,2019-10-21
0.0,0.0,5.0886364,1.251859,1.5091195,0.36937746,2019-10-22
0.0,0.0,5.067099,1.251114,1.4959934,0.36722958,2019-10-23
0.0,0.0,5.0475726,1.2482445,1.4839194,0.36550412,2019-10-24
0.0,0.0,5.029457,1.2461941,1.4730422,0.36430237,2019-10-25
0.0,0.0,5.012709,1.2439401,1.46019,0.36277404,2019-10-28
0.0,0.0,4.998777,1.2409905,1.4480152,0.3613733,2019-10-29
0.0,0.0,4.9867263,1.2370895,1.4351499,0.36079147,2019-10-30
0.0,0.0,4.979436,1.2308093,1.4252732,0.36028498,2019-10-31
0.0,0.0,4.9743104,1.2230407,1.4161603,0.35928908,2019-11-01
0.0,0.0,4.96391,1.2160826,1.4060118,0.36153996,2019-11-04
0.0,0.0,4.9452047,1.2161765,1.397224,0.36396003,2019-11-05
0.0,0.0,4.9199433,1.2230359,1.3919792,0.36359257,2019-11-06
0.0,0.0,4.890617,1.231542,1.3909955,0.35953617,2019-11-07
0.0,0.0,4.8599033,1.2427942,1.3950915,0.35331213,2019-11-08
0.0,0.0,4.829032,1.2543684,1.4030113,0.34902132,2019-11-11
0.0,0.0,4.8000126,1.2657139,1.4145157,0.34593022,2019-11-12
0.0,0.0,4.7700114,1.2770699,1.4252441,0.34056878,2019-11-13
0.0,0.0,4.7440205,1.2854418,1.4351223,0.33578658,2019-11-14
0.0,0.0,4.726396,1.2961373,1.4464059,0.32855877,2019-11-15
0.0,0.0,4.7064767,1.3093444,1.4541671,0.3181072,2019-11-18
0.0,0.0,4.6849003,1.3231486,1.4599442,0.30695325,2019-11-19
0.0,0.0,4.663051,1.3360726,1.466438,0.29649356,2019-11-20
0.0,0.0,4.6456265,1.346131,1.4752007,0.29095963,2019-11-21
0.0,0.0,4.6323857,1.3483932,1.4832039,0.29146972,2019-11-22
0.0,0.0,4.6252413,1.3480471,1.4894545,0.29482794,2019-11-25
0.0,0.0,4.62079,1.3498186,1.4949608,0.29733342,2019-11-26
0.0,0.0,4.6179175,1.3506947,1.4990687,0.3023848,2019-11-27
0.0,0.0,4.6151733,1.351327,1.5026321,0.30794117,2019-11-28
0.0,0.0,4.612201,1.3512492,1.5055356,0.31353167,2019-11-29
0.0,0.0,4.6122026,1.3461831,1.5081916,0.32198936,2019-12-02
0.0,0.0,4.6213856,1.3394744,1.5086458,0.33610588,2019-12-03
0.0,0.0,4.642473,1.3275012,1.5035939,0.35775957,2019-12-04
0.0,0.0,4.6633143,1.3120002,1.4991772,0.37863788,2019-12-05
0.0,0.0,4.6853366,1.2951286,1.490922,0.3991035,2019-12-06
0.0,0.0,4.705709,1.2789655,1.4768147,0.41599935,2019-12-09
0.0,0.0,4.724041,1.2635721,1.4588704,0.43112257,2019-12-10
0.0,0.0,4.743841,1.2460487,1.4372423,0.44818544,2019-12-11
0.0,0.0,4.758046,1.2314008,1.4194009,0.4594222,2019-12-12
0.0,0.0,4.7665873,1.222708,1.4039068,0.46540433,2019-12-13
0.0,0.0,4.7716346,1.2240274,1.3944194,0.4660648,2019-12-16
0.0,0.0,4.77863,1.2266483,1.3870056,0.4684296,2019-12-17
0.0,0.0,4.7835793,1.231789,1.3800061,0.4691968,2019-12-18
0.0,0.0,4.7793064,1.2412881,1.3796206,0.46441796,2019-12-19
0.0,0.0,4.770767,1.2539082,1.3859103,0.45642146,2019-12-20
0.0,0.0,4.757847,1.2693394,1.3956351,0.446588,2019-12-23
0.0,0.0,4.7431273,1.287388,1.4080946,0.43599886,2019-12-24
0.0,0.0,4.735972,1.3028395,1.4191477,0.43200997,2019-12-26
0.0,0.0,4.724691,1.3206433,1.4330359,0.42502916,2019-12-27
0.0,0.0,4.7115464,1.336371,1.4438326,0.4146216,2019-12-30
0.0,0.0,4.700939,1.3508195,1.4536622,0.40249252,2020-01-02
0.0,0.0,4.6941633,1.3680464,1.452466,0.39593333,2020-01-03
0.0,0.0,4.6861973,1.387095,1.4499729,0.39016697,2020-01-06
0.0,0.0,4.6830525,1.3999633,1.4416528,0.39075452,2020-01-07
0.0,0.0,4.682192,1.411785,1.4305468,0.39303374,2020-01-08
0.0,0.0,4.6878247,1.4190941,1.4132411,0.39923254,2020-01-09
0.0,0.0,4.6941566,1.4245088,1.3928652,0.4053261,2020-01-10
0.0,0.0,4.694338,1.4283079,1.3738327,0.40736777,2020-01-13
0.0,0.0,4.6930757,1.432037,1.3548076,0.40753138,2020-01-14
0.0,0.0,4.6893907,1.4403635,1.337805,0.40402168,2020-01-15
0.0,0.0,4.6822495,1.4498377,1.3252487,0.39800146,2020-01-16
0.0,0.0,4.6712184,1.4602569,1.3124187,0.38905743,2020-01-17
0.0,0.0,4.656835,1.4707761,1.299618,0.37820596,2020-01-20
0.0,0.0,4.6397514,1.4842136,1.2915809,0.36372605,2020-01-21
0.0,0.0,4.625821,1.4944834,1.2849979,0.35354644,2020-01-22
0.0,0.0,4.6115355,1.504459,1.278374,0.34282443,2020-01-23
0.0,0.0,4.5980234,1.5103273,1.271637,0.3346282,2020-01-28
0.0,0.0,4.5904055,1.5014827,1.2620702,0.33552912,2020-01-29
0.0,0.0,4.585408,1.4873395,1.2513161,0.33717474,2020-01-30
0.0,0.0,4.5895605,1.4671223,1.2367518,0.347272,2020-01-31
0.0,0.0,4.603099,1.4411303,1.2181108,0.36593956,2020-02-03
0.0,0.0,4.6271944,1.4005686,1.1922796,0.3793269,2020-02-04
0.0,0.0,4.6595826,1.3570201,1.1597276,0.38646042,2020-02-05
0.0,0.0,4.695625,1.317393,1.1276798,0.38880897,2020-02-06
0.0,0.0,4.731447,1.2874824,1.0958221,0.38622516,2020-02-07
0.0,0.0,4.766761,1.261634,1.067256,0.38306618,2020-02-10
0.0,0.0,4.800885,1.2365316,1.0418758,0.380931,2020-02-11
0.0,0.0,4.831374,1.2149658,1.0191333,0.376359,2020-02-12
0.0,0.0,4.8577867,1.2020081,1.0036736,0.3655645,2020-02-13
0.0,0.0,4.8824196,1.1892772,0.9888359,0.35635406,2020-02-14
0.0,0.0,4.905164,1.1798718,0.972003,0.34871507,2020-02-17
0.0,0.0,4.926427,1.1731421,0.95621866,0.3426308,2020-02-18
0.0,0.0,4.9497843,1.166151,0.94260734,0.34207833,2020-02-19
0.0,0.0,4.966646,1.1589148,0.9310064,0.33988056,2020-02-20
0.0,0.0,4.9839807,1.1506684,0.92035973,0.33812758,2020-02-21
0.0,0.0,5.005547,1.1356825,0.9066067,0.34298953,2020-02-24
0.0,0.0,5.036983,1.1056452,0.8943861,0.36052045,2020-02-25
0.0,0.0,5.0724916,1.0748513,0.8767597,0.38493773,2020-02-26
0.0,0.0,5.1106105,1.043084,0.8565343,0.41486755,2020-02-27
0.0,0.0,5.1524744,1.012297,0.83814734,0.44821024,2020-02-28
0.0,0.0,5.205948,0.9774649,0.81843615,0.49342498,2020-03-02
0.0,0.0,5.289619,0.8900827,0.8027824,0.5027618,2020-03-03
0.0,0.0,5.4033256,0.7916273,0.7870158,0.50104976,2020-03-04
0.0,0.0,5.53591,0.7098861,0.7632304,0.4981449,2020-03-05
0.0,0.0,5.6764617,0.6480857,0.73355484,0.49520066,2020-03-06
0.0,0.0,5.827706,0.59852016,0.70213,0.50221956,2020-03-09
0.0,0.0,5.989277,0.5488416,0.67349386,0.5288026,2020-03-10
0.0,0.0,6.1559663,0.5065974,0.63834995,0.5683457,2020-03-11
0.0,0.0,6.3308125,0.4700131,0.6006948,0.62199837,2020-03-12
0.0,0.0,6.51312,0.43105245,0.55941457,0.6942511,2020-03-13
0.0,0.0,6.705719,0.38880756,0.5058463,0.7892808,2020-03-16
0.0,0.0,6.9007034,0.34048092,0.43870023,0.9020664,2020-03-17
0.0,0.0,7.1085052,0.29588702,0.36509773,1.0256634,2020-03-18
0.0,0.0,7.3285108,0.25272006,0.28626466,1.1613241,2020-03-19
0.0,0.0,7.5655007,0.2086637,0.1968867,1.3215166,2020-03-20
0.0,0.0,7.814678,0.18517551,0.09813255,1.466798,2020-03-23
0.0,0.0,8.074579,0.17243326,0.0,1.6068177,2020-03-24
0.0,0.0,8.336224,0.1763642,0.0,1.7268409,2020-03-25
0.0,0.0,8.592623,0.19375016,0.0,1.8207402,2020-03-26
0.0,0.0,8.840869,0.21362524,0.0,1.8937502,2020-03-27
0.0,0.0,9.080971,0.23729318,0.0,1.9478202,2020-03-30
0.0,0.0,9.314972,0.26503092,0.0,1.9803289,2020-03-31
0.0,0.0,9.53967,0.29810727,0.0,1.9918101,2020-04-01
0.0,0.0,9.7811,0.28778285,0.0,1.9973183,2020-04-02
0.0,0.0,10.030319,0.27129698,0.0,2.000131,2020-04-03
0.0,0.0,10.278973,0.25748956,0.0,2.0021727,2020-04-06
0.0,0.0,10.518256,0.25707954,0.0,1.9955891,2020-04-07
0.0,0.0,10.752599,0.26779613,0.0,1.9845564,2020-04-08
0.0,0.0,10.976539,0.2822448,0.0,1.9722118,2020-04-09
0.0,0.0,11.185875,0.2999965,0.0,1.9600532,2020-04-10
0.0,0.0,11.368905,0.3206414,0.0,1.9493632,2020-04-13
0.0,0.0,11.511304,0.330162,0.0,1.9389329,2020-04-14
0.0,0.0,11.645317,0.34370938,0.0,1.9288766,2020-04-16
0.0,0.0,11.775612,0.35920477,0.0,1.9200658,2020-04-17
0.0,0.0,11.902349,0.38211283,0.0,1.9107589,2020-04-20
0.0,0.0,12.012994,0.4044767,0.0,1.9005281,2020-04-21
0.0,0.0,12.101366,0.422597,0.0,1.8882902,2020-04-22
0.0,0.0,12.183169,0.44021887,0.0,1.875558,2020-04-23
0.0,0.0,12.25219,0.45987922,0.0,1.8591583,2020-04-24
0.0,0.0,12.306707,0.47668868,0.0,1.8398321,2020-04-27
0.0,0.0,12.346691,0.49942806,0.0,1.8173882,2020-04-28
0.0,0.0,12.374402,0.524462,0.0,1.7941741,2020-04-29
0.0,0.0,12.393292,0.5514316,0.0,1.7691277,2020-05-04
0.0,0.0,12.408712,0.58625245,0.0,1.7358707,2020-05-06
0.0,0.0,12.408692,0.6232927,0.0,1.6933069,2020-05-07
0.0,0.0,12.422132,0.66163373,0.0,1.6521956,2020-05-08
0.0,0.0,12.425075,0.6996846,0.0,1.609512,2020-05-11
0.0,0.0,12.43263,0.7358992,0.0,1.5711763,2020-05-12
0.0,0.0,12.44681,0.7716032,0.0,1.537608,2020-05-13
0.0,0.0,12.455575,0.8061099,0.0,1.5045629,2020-05-14
0.0,0.0,12.464867,0.8369603,0.0,1.4736995,2020-05-15
0.0,0.0,12.47428,0.8690934,0.0,1.4432696,2020-05-18
0.0,0.0,12.484513,0.9018655,0.0,1.4160211,2020-05-19
0.0,0.0,12.426829,0.930243,0.0,1.376572,2020-05-20
0.0,0.0,12.373193,0.9626057,0.0,1.3378638,2020-05-21
0.0,0.0,12.3152895,0.9952911,0.0,1.2975997,2020-05-22
0.0,0.0,12.263554,1.021651,0.0,1.259771,2020-05-25
0.0,0.0,12.210173,1.0497805,0.0,1.2204882,2020-05-26
0.0,0.0,12.151531,1.0811356,0.0,1.1815389,2020-05-27
0.0,0.0,12.091437,1.1118577,0.0,1.1456481,2020-05-28
0.0,0.0,12.027094,1.1437348,0.0,1.1135607,2020-05-29
0.0,0.0,11.95542,1.1713597,0.0,1.0832105,2020-06-01
0.0,0.0,11.883749,1.2234071,0.0,1.0489777,2020-06-02
0.0,0.0,11.8062315,1.2855852,0.0,1.0152748,2020-06-03
0.0,0.0,11.729248,1.3565027,0.0,0.985004,2020-06-04
0.0,0.0,11.646934,1.4237113,0.0,0.95421517,2020-06-05
0.0,0.0,11.559989,1.4879245,0.0,0.9212854,2020-06-08
0.0,0.0,11.471889,1.547876,0.0,0.8872125,2020-06-09
0.0,0.0,11.3842535,1.6023731,0.0,0.85321,2020-06-10
0.0,0.0,11.292384,1.651926,0.0,0.8142658,2020-06-11
0.0,0.0,11.201008,1.6942793,0.0,0.7749162,2020-06-12
0.0,0.0,11.1095915,1.7247509,0.0,0.735269,2020-06-15
0.0,0.0,11.021694,1.7385337,0.0,0.7032377,2020-06-16
0.0,0.0,10.931363,1.7629673,0.0,0.6716735,2020-06-17
0.0,0.0,10.851271,1.7905556,0.0,0.6400558,2020-06-18
0.0,0.0,10.77384,1.8174956,0.0,0.60956687,2020-06-19
0.0,0.0,10.695428,1.8444115,0.0,0.5788567,2020-06-22
0.0,0.0,10.615386,1.8696797,0.0,0.54671204,2020-06-23
0.0,0.0,10.532142,1.8950866,0.0,0.5136507,2020-06-24
0.0,0.0,10.447761,1.922699,0.0,0.47980574,2020-06-25
0.0,0.0,10.359271,1.9405097,0.0,0.44643107,2020-06-26
0.0,0.0,10.273517,1.9574494,0.0,0.4148611,2020-06-29
0.0,0.0,10.18747,1.9661515,0.0,0.38625276,2020-06-30
0.0,0.0,10.109626,1.9755671,0.0,0.35995358,2020-07-01
0.0,0.0,10.037721,1.9994398,0.0,0.33830664,2020-07-02
0.0,0.0,9.969521,2.027775,0.0,0.31878173,2020-07-03
0.0,0.0,9.898017,2.0552988,0.0,0.29802406,2020-07-06
0.0,0.0,9.834633,2.08438,0.0,0.27651012,2020-07-07
0.0,0.0,9.772672,2.1064997,0.0,0.25520173,2020-07-08
0.0,0.0,9.708861,2.1213999,0.0,0.23366795,2020-07-09
0.0,0.0,9.646874,2.1327124,0.0,0.20984775,2020-07-10
0.0,0.0,9.589353,2.1413078,0.0,0.18417573,2020-07-13
0.0,0.0,9.568873,2.1610324,0.0,0.16365369,2020-07-14
0.0,0.0,9.548965,2.182658,0.0,0.14371663,2020-07-15
0.0,0.0,9.532233,2.2121956,0.0,0.12539041,2020-07-16
0.0,0.0,9.512276,2.2418184,0.0,0.10832099,2020-07-17
0.0,0.0,9.491948,2.2731907,0.0,0.09189051,2020-07-20
0.0,0.0,9.470632,2.3029633,0.0,0.07681551,2020-07-21
0.0,0.0,9.441416,2.335286,0.0,0.060533058,2020-07-22
0.0,0.0,9.415175,2.367599,0.0,0.046582848,2020-07-23
0.0,0.0,9.378902,2.394765,0.0,0.030207686,2020-07-24
0.0,0.0,9.333278,2.4147599,0.0,0.012706287,2020-07-27
0.0,0.0,9.266155,2.4351552,0.0,0.0,2020-07-28
0.0,0.0,9.218439,2.4642417,0.0,0.0,2020-07-29
0.0,0.0,9.172245,2.4946637,0.0,0.0,2020-07-30
0.0,0.0,9.123374,2.5258534,0.0,0.0,2020-07-31
0.0,0.0,9.075414,2.5517442,0.0,0.0,2020-08-03
0.0,0.0,9.024971,2.5919473,0.0,0.0,2020-08-04
0.0,0.0,8.96745,2.638385,0.0,0.0,2020-08-05
0.0,0.0,8.911427,2.6887233,0.0,0.0,2020-08-06
0.0,0.0,8.84508,2.740359,0.0,0.0,2020-08-07
0.0,0.0,8.778683,2.7889755,0.0,0.0,2020-08-10
0.0,0.0,8.705696,2.8423834,0.0,0.0,2020-08-11
0.0,0.0,8.637391,2.8975031,0.0,0.0,2020-08-12
0.0,0.0,8.580374,2.9593291,0.0,0.0,2020-08-13
0.0,0.0,8.52624,3.01992,0.0,0.0,2020-08-14
0.0,0.0,8.4720335,3.07116,0.0,0.0,2020-08-18
0.0,0.0,8.423753,3.108549,0.0,0.0,2020-08-19
0.0,0.0,8.374238,3.1417534,0.0,0.0,2020-08-20
0.0,0.0,8.324303,3.157929,0.0,0.0,2020-08-21
0.0,0.0,8.276591,3.1728525,0.0,0.0,2020-08-24
0.0,0.0,8.227897,3.1897264,0.0,0.0,2020-08-25
0.0,0.0,8.181753,3.2113473,0.0,0.0,2020-08-26
0.0,0.0,8.133608,3.2357006,0.0,0.0,2020-08-27
0.0,0.0,8.087142,3.2581468,0.0,0.0,2020-08-28
0.0,0.0,8.038699,3.2809477,0.0,0.0,2020-08-31
0.0,0.0,7.9913726,3.2991803,0.0,0.0,2020-09-01
0.0,0.0,7.9357305,3.3094974,0.0,0.0,2020-09-02
0.0,0.0,7.8800106,3.3193572,0.0,0.0,2020-09-03
0.0,0.0,7.825079,3.3340998,0.0,0.0,2020-09-04
0.0,0.0,7.7688537,3.3429346,0.0,0.0,2020-09-07
0.0,0.0,7.7125435,3.352145,0.0,0.0,2020-09-08
0.0,0.0,7.662158,3.35918,0.0,0.0,2020-09-09
0.0,0.0,7.615245,3.3575625,0.0,0.0,2020-09-10
0.0,0.0,7.571551,3.3515415,0.0,0.0,2020-09-11
0.0,0.0,7.531003,3.3417284,0.0,0.0,2020-09-14
0.0,0.0,7.4916945,3.3305922,0.0,0.0,2020-09-15
0.0,0.0,7.474687,3.3257523,0.0,0.0,2020-09-16
0.0,0.0,7.459565,3.3159394,0.0,0.0,2020-09-17
0.0,0.0,7.443637,3.2993293,0.0,0.0,2020-09-18
0.0,0.0,7.429756,3.2791152,0.0,0.0,2020-09-21
0.0,0.0,7.4159274,3.2543902,0.0,0.0,2020-09-22
0.0,0.0,7.4041224,3.2264185,0.0,0.0,2020-09-23
0.0,0.0,7.395541,3.2000175,0.0,0.0,2020-09-24
0.0,0.0,7.3873057,3.1687467,0.0,0.0,2020-09-25
0.0,0.0,7.3806877,3.137299,0.0,0.0,2020-09-28
0.0,0.0,7.37274,3.1088965,0.0,0.0,2020-09-29
0.0,0.0,7.356167,3.0839093,0.0,0.0,2020-10-05
0.0,0.0,7.3402014,3.0988412,0.0,0.0,2020-10-06
0.0,0.0,7.308649,3.1262488,0.0,0.0,2020-10-07
0.0,0.0,7.2761827,3.1595428,0.0,0.0,2020-10-08
0.0,0.0,7.2419786,3.1935496,0.0,0.0,2020-10-12
0.0,0.0,7.2103224,3.2272286,0.0,0.0,2020-10-13
0.0,0.0,7.1734495,3.2604618,0.0,0.0,2020-10-14
0.0,0.0,7.1317344,3.2875962,0.0,0.0,2020-10-15
0.0,0.0,7.091041,3.310052,0.0,0.0,2020-10-16
0.0,0.0,7.0484853,3.3278913,0.0,0.0,2020-10-19
0.0,0.0,7.024964,3.351975,0.0,0.0,2020-10-20
0.0,0.0,7.003123,3.3761685,0.0,0.0,2020-10-21
0.0,0.0,6.981488,3.3998773,0.0,0.0,2020-10-22
0.0,0.0,6.9554315,3.4233751,0.0,0.0,2020-10-23
0.0,0.0,6.9301214,3.4493897,0.0,0.0,2020-10-26
0.0,0.0,6.9022703,3.471745,0.0,0.0,2020-10-27
0.0,0.0,6.870613,3.4883053,0.0,0.0,2020-10-28
0.0,0.0,6.840572,3.5054553,0.0,0.0,2020-10-29
0.0,0.0,6.813544,3.5223866,0.0,0.0,2020-10-30
0.0,0.0,6.7909546,3.5327654,0.0,0.0,2020-11-02
0.0,0.0,6.7635427,3.5606954,0.0,0.0,2020-11-03
0.0,0.0,6.7308135,3.598605,0.0,0.0,2020-11-04
0.0,0.0,6.6907625,3.6363776,0.0,0.0,2020-11-05
0.0,0.0,6.646381,3.6769402,0.0,0.0,2020-11-06
0.0,0.0,6.5943794,3.7134268,0.0,0.0,2020-11-09
0.0,0.0,6.534042,3.7479682,0.0,0.0,2020-11-10
0.0,0.0,6.471603,3.778337,0.0,0.0,2020-11-11
0.0,0.0,6.4139447,3.8154628,0.0,0.0,2020-11-12
0.0,0.0,6.356824,3.8472087,0.0,0.0,2020-11-13
0.0,0.0,6.298603,3.866836,0.0,0.0,2020-11-16
0.0,0.0,6.241455,3.8838565,0.0,0.0,2020-11-17
0.0,0.0,6.1867657,3.893357,0.0,0.0,2020-11-18
0.0,0.0,6.130152,3.9048805,0.0,0.0,2020-11-19
0.0,0.0,6.0712743,3.9196482,0.0,0.0,2020-11-20
0.0,0.0,6.0107584,3.9384112,0.0,0.0,2020-11-23
0.0,0.0,5.9499,3.964953,0.0,0.0,2020-11-24
0.0,0.0,5.888473,3.9973269,0.0,0.0,2020-11-25
0.0,0.0,5.824939,4.0310397,0.0,0.0,2020-11-26
0.0,0.0,5.7606034,4.069424,0.0,0.0,2020-11-27
0.0,0.0,5.697181,4.112503,0.0,0.0,2020-11-30
0.0,0.0,5.6380024,4.1523476,0.0,0.0,2020-12-01
0.0,0.0,5.575751,4.1924033,0.0,0.0,2020-12-02
0.0,0.0,5.5172806,4.237348,0.0,0.0,2020-12-03
0.0,0.0,5.462802,4.2908077,0.0,0.0,2020-12-04
0.0,0.0,5.4093127,4.35026,0.0,0.0,2020-12-07
0.0,0.0,5.3571434,4.4095516,0.0,0.0,2020-12-08
0.0,0.0,5.302871,4.4646277,0.0,0.0,2020-12-09
0.0,0.0,5.2497993,4.5207953,0.0,0.0,2020-12-10
0.0,0.0,5.19361,4.575877,0.0,0.0,2020-12-11
0.0,0.0,5.1376987,4.6356573,0.0,0.0,2020-12-14
0.0,0.0,5.115576,4.7055,0.0,0.0,2020-12-15
0.0,0.0,5.090365,4.769548,0.0,0.0,2020-12-16
0.0,0.0,5.061949,4.8293657,0.0,0.0,2020-12-17
0.0,0.0,5.03406,4.885231,0.0,0.0,2020-12-18
0.0,0.0,5.0064526,4.938043,0.0,0.0,2020-12-21
0.0,0.0,4.9820957,4.9860744,0.0,0.0,2020-12-22
0.0,0.0,4.9591265,5.027948,0.0,0.0,2020-12-23
0.0,0.0,4.938624,5.0678563,0.0,0.0,2020-12-24
0.0,0.0,4.918354,5.1089435,0.0,0.0,2020-12-28
0.0,0.0,4.901588,5.147804,0.0,0.0,2020-12-29
0.0,0.0,4.888953,5.181899,0.0,0.0,2020-12-30
0.0,0.0,4.8732085,5.217959,0.0,0.0,2021-01-04
0.0,0.0,4.8593726,5.2596154,0.0,0.0,2021-01-05
0.0,0.0,4.84463,5.3112984,0.0,0.0,2021-01-06
0.0,0.0,4.8302097,5.36803,0.0,0.0,2021-01-07
0.0,0.0,4.8159256,5.434383,0.0,0.0,2021-01-08
0.0,0.0,4.7990456,5.515707,0.0,0.0,2021-01-11
0.0,0.0,4.778686,5.6047487,0.0,0.0,2021-01-12
0.0,0.0,4.75718,5.6935787,0.0,0.0,2021-01-13
0.0,0.0,4.7342954,5.7861013,0.0,0.0,2021-01-14
0.0,0.0,4.7077537,5.883861,0.0,0.0,2021-01-15
0.0,0.0,4.6923237,5.976811,0.0,0.0,2021-01-18
0.0,0.0,4.675895,6.057565,0.0,0.0,2021-01-19
0.0,0.0,4.6573687,6.1375623,0.0,0.0,2021-01-20
0.0,0.0,4.6408067,6.219217,0.0,0.0,2021-01-21
0.0,0.0,4.6205163,6.308896,0.0,0.0,2021-01-22
0.0,0.0,4.602729,6.401499,0.0,0.0,2021-01-25
0.0,0.0,4.585614,6.499934,0.0,0.0,2021-01-26
0.0,0.0,4.5671873,6.5965366,0.0,0.0,2021-01-27
0.0,0.0,4.5501666,6.6895137,0.0,0.0,2021-01-28
0.0,0.0,4.531515,6.7774444,0.0,0.0,2021-01-29
0.0,0.0,4.5155735,6.8493843,0.0,0.0,2021-02-01
0.0,0.0,4.5000887,6.9238853,0.0,0.0,2021-02-02
0.0,0.0,4.4793353,7.0008936,0.0,0.0,2021-02-03
0.0,0.0,4.4591575,7.0780077,0.0,0.0,2021-02-04
0.0,0.0,4.4354763,7.15006,0.0,0.0,2021-02-05
0.0,0.0,4.413334,7.221588,0.0,0.0,2021-02-08
0.0,0.0,4.3911257,7.2878523,0.0,0.0,2021-02-09
0.0,0.0,4.3696213,7.345855,0.0,0.0,2021-02-10
0.0,0.0,4.3470764,7.400295,0.0,0.0,2021-02-15
0.0,0.0,4.3220325,7.450801,0.0,0.0,2021-02-16
0.0,0.0,4.302821,7.494898,0.0,0.0,2021-02-17
0.0,0.0,4.276337,7.5320377,0.0,0.0,2021-02-18
0.0,0.0,4.251607,7.558046,0.0,0.0,2021-02-19
0.0,0.0,4.2287636,7.580875,0.0,0.0,2021-02-22
0.0,0.0,4.209806,7.59278,0.0,0.0,2021-02-23
0.0,0.0,4.190662,7.594031,0.0,0.0,2021-02-24
0.0,0.0,4.1757317,7.5869284,0.0,0.0,2021-02-25
0.0,0.0,4.1630497,7.5859394,0.0,0.0,2021-02-26
0.0,0.0,4.1542997,7.575253,0.0,0.0,2021-03-02
0.0,0.0,4.142962,7.5657234,0.0,0.0,2021-03-03
0.0,0.0,4.125205,7.5656724,0.0,0.0,2021-03-04
0.0,0.0,4.102626,7.5678506,0.0,0.0,2021-03-05
0.0,0.0,4.0798497,7.560634,0.0,0.0,2021-03-08
0.0,0.0,4.054071,7.547988,0.0,0.0,2021-03-09
0.0,0.0,4.0265846,7.5291953,0.0,0.0,2021-03-10
0.0,0.0,3.9931452,7.510624,0.0,0.0,2021-03-11
0.0,0.0,3.9633956,7.4916043,0.0,0.0,2021-03-12
0.0,0.0,3.930911,7.480078,0.0,0.0,2021-03-15
0.0,0.0,3.8946934,7.471389,0.0,0.0,2021-03-16
0.0,0.0,3.856384,7.4674554,0.0,0.0,2021-03-17
0.0,0.0,3.8156188,7.466952,0.0,0.0,2021-03-18
0.0,0.0,3.7967224,7.4667068,0.0,0.0,2021-03-19
0.0,0.0,3.776734,7.461321,0.0,0.0,2021-03-22
0.0,0.0,3.755678,7.452648,0.0,0.0,2021-03-23
0.0,0.0,3.7311153,7.4433,0.0,0.0,2021-03-24
0.0,0.0,3.7094884,7.4280896,0.0,0.0,2021-03-25
0.0,0.0,3.685358,7.416163,0.0,0.0,2021-03-26
0.0,0.0,3.6569233,7.4066706,0.0,0.0,2021-03-29
0.0,0.0,3.6238432,7.395725,0.0,0.0,2021-03-30
0.0,0.0,3.5891483,7.386844,0.0,0.0,2021-03-31
0.0,0.0,3.553446,7.38056,0.0,0.0,2021-04-01
0.0,0.0,3.507978,7.3915534,0.0,0.0,2021-04-02
0.0,0.0,3.4558208,7.4132614,0.0,0.0,2021-04-05
0.0,0.0,3.397146,7.439506,0.0,0.0,2021-04-06
0.0,0.0,3.3362808,7.4744806,0.0,0.0,2021-04-07
0.0,0.0,3.2731485,7.5142093,0.0,0.0,2021-04-08
0.0,0.0,3.2002854,7.562185,0.0,0.0,2021-04-09
0.0,0.0,3.1249447,7.606718,0.0,0.017056558,2021-04-12
0.0,0.0,3.0479386,7.6569157,0.0,0.04317262,2021-04-13
0.0,0.0,2.9927323,7.713097,0.0,0.0634515,2021-04-14
0.0,0.0,2.9387813,7.769554,0.0,0.08161301,2021-04-15
0.0,0.0,2.886123,7.831019,0.0,0.098965935,2021-04-16
0.0,0.0,2.8332915,7.893742,0.0,0.11558912,2021-04-19
0.0,0.0,2.78089,7.957232,0.0,0.13190037,2021-04-20
0.0,0.0,2.7288542,8.023169,0.0,0.14712936,2021-04-21
0.0,0.0,2.6714084,8.083219,0.0,0.16435672,2021-04-22
0.0,0.0,2.6142657,8.138327,0.0,0.18035999,2021-04-23
0.0,0.0,2.5567138,8.189925,0.0,0.19556873,2021-04-26
0.0,0.0,2.4991636,8.243544,0.0,0.20946735,2021-04-27
0.0,0.0,2.4393222,8.298465,0.008559182,0.22415404,2021-04-28
0.0,0.0,2.3769531,8.350961,0.042939287,0.24087088,2021-04-29
0.0,0.0,2.314964,8.397329,0.08015579,0.25751004,2021-04-30
0.0,0.0,2.254519,8.438554,0.118180886,0.27569047,2021-05-03
0.0,0.0,2.19457,8.485318,0.1502847,0.29358545,2021-05-04
0.0,0.0,2.1342568,8.535704,0.1778627,0.31223395,2021-05-06
0.0,0.0,2.0712066,8.589492,0.203411,0.3331108,2021-05-07
0.0,0.0,2.0122027,8.646168,0.22663654,0.35513094,2021-05-10
0.0,0.0,1.9562701,8.7073765,0.24949032,0.37616143,2021-05-11
0.0,0.0,1.9019521,8.768899,0.27420843,0.401081,2021-05-12
0.0,0.0,1.8481228,8.822273,0.30078632,0.42867544,2021-05-13
0.0,0.0,1.7987614,8.869672,0.32834867,0.4560717,2021-05-14
0.0,0.0,1.7649927,8.917099,0.35654986,0.47616297,2021-05-17
0.0,0.0,1.7331176,8.955389,0.38624027,0.49170518,2021-05-18
0.0,0.0,1.7038828,8.992054,0.41473284,0.5050413,2021-05-20
0.0,0.0,1.678425,9.022835,0.44243574,0.51542944,2021-05-21
0.0,0.0,1.6570305,9.047762,0.46480617,0.5241184,2021-05-24
0.0,0.0,1.63913,9.068739,0.4866668,0.53182185,2021-05-25
0.0,0.0,1.6224239,9.089111,0.5054504,0.53796685,2021-05-26
0.0,0.0,1.607325,9.108531,0.5209657,0.5436158,2021-05-27
0.0,0.0,1.5929272,9.123888,0.53074956,0.55241126,2021-05-28
0.0,0.0,1.5788085,9.137292,0.53917944,0.55891615,2021-05-31
0.0,0.0,1.564447,9.150998,0.5439881,0.563995,2021-06-01
0.0,0.0,1.5481741,9.169815,0.54766417,0.5754454,2021-06-02
0.0,0.0,1.5287561,9.190328,0.55137897,0.5922693,2021-06-03
0.0,0.0,1.5090907,9.209678,0.5535431,0.60975903,2021-06-04
0.0,0.0,1.4867496,9.228849,0.55398667,0.62965465,2021-06-07
0.0,0.0,1.4615734,9.246429,0.55237156,0.6510066,2021-06-08
0.0,0.0,1.436029,9.262207,0.5477532,0.6714483,2021-06-09
0.0,0.0,1.4092901,9.272012,0.5418283,0.69109887,2021-06-10
0.0,0.0,1.3871719,9.284238,0.5321142,0.7089737,2021-06-11
0.0,0.0,1.3664609,9.300655,0.518317,0.72761333,2021-06-14
0.0,0.0,1.3460437,9.318727,0.49847358,0.74816644,2021-06-15
0.0,0.0,1.3239733,9.338806,0.4751766,0.76934177,2021-06-16
0.0,0.0,1.3105549,9.360439,0.4614218,0.78284514,2021-06-17
0.0,0.0,1.2957504,9.380265,0.44574606,0.79617345,2021-06-18
0.0,0.0,1.2805517,9.400068,0.42475602,0.8096598,2021-06-21
0.0,0.0,1.2656794,9.415994,0.40329167,0.82371485,2021-06-22
0.0,0.0,1.2535357,9.431522,0.3836509,0.83583564,2021-06-23
0.0,0.0,1.244805,9.454856,0.36139706,0.8483632,2021-06-24
0.0,0.0,1.2362635,9.48192,0.34139535,0.86100745,2021-06-25
0.0,0.0,1.2261562,9.510737,0.321555,0.8747612,2021-06-28
0.0,0.0,1.214944,9.536984,0.30349156,0.888035,2021-06-29
0.0,0.0,1.2035874,9.56225,0.2872615,0.90175545,2021-06-30
0.0,0.0,1.1951536,9.586198,0.27272522,0.91290903,2021-07-01
0.0,0.0,1.1843704,9.603928,0.25756395,0.9253894,2021-07-02
0.0,0.0,1.1744119,9.616553,0.2444557,0.93668944,2021-07-05
0.0,0.0,1.1648163,9.626144,0.2295289,0.9472961,2021-07-06
0.0,0.0,1.1540178,9.63078,0.21346654,0.95642143,2021-07-07
0.0,0.0,1.1424989,9.632384,0.19475056,0.9658449,2021-07-08
0.0,0.0,1.1335431,9.630674,0.1768337,0.97499675,2021-07-09
0.0,0.0,1.1245463,9.621108,0.15923148,0.98444414,2021-07-12
0.0,0.0,1.1173882,9.609073,0.14150313,0.9920728,2021-07-13
0.0,0.0,1.1176469,9.603072,0.12169081,0.9946301,2021-07-14
0.0,0.0,1.1195192,9.5975895,0.10248376,0.99626,2021-07-15
0.0,0.0,1.1198629,9.593318,0.080485724,0.9982995,2021-07-16
0.0,0.0,1.1225889,9.590696,0.060533077,0.99908745,2021-07-19
0.0,0.0,1.1258479,9.583339,0.042570937,1.0003427,2021-07-20
0.0,0.0,1.1291267,9.572253,0.026323605,1.001599,2021-07-21
0.0,0.0,1.1326873,9.558254,0.013131224,1.002763,2021-07-22
0.0,0.0,1.1353128,9.541226,0.0010755956,1.0032746,2021-07-23
0.0,0.0,1.1382222,9.524495,0.0,1.0034078,2021-07-26
0.0,0.0,1.1401744,9.506686,0.0,1.0031877,2021-07-27
0.0,0.0,1.1410979,9.485967,0.0,1.0031247,2021-07-28
0.0,0.0,1.1423416,9.464192,0.0,1.0036677,2021-07-29
0.0,0.0,1.1430742,9.444363,0.0,1.0045817,2021-07-30
0.0,0.0,1.1436664,9.421069,0.0,1.0050801,2021-08-02
0.0,0.0,1.1459117,9.3977785,0.0,1.0067369,2021-08-03
0.0,0.0,1.1524227,9.369272,0.0,1.0025964,2021-08-04
0.0,0.0,1.161407,9.343691,0.0,0.9946135,2021-08-05
0.0,0.0,1.1707613,9.320151,0.0,0.98629993,2021-08-06
0.0,0.0,1.1788514,9.296057,0.0,0.97994655,2021-08-09
0.0,0.0,1.1869019,9.273045,0.0,0.9745976,2021-08-10
0.0,0.0,1.1959394,9.248807,0.0,0.96947134,2021-08-11
0.0,0.0,1.2058542,9.22277,0.0,0.9636023,2021-08-12
0.0,0.0,1.2126412,9.19919,0.0,0.9630792,2021-08-13
0.0,0.0,1.2194748,9.172106,0.0,0.96484005,2021-08-17
0.0,0.0,1.2265643,9.137615,0.0,0.96938825,2021-08-18
0.0,0.0,1.2364731,9.101336,0.0,0.9737759,2021-08-19
0.0,0.0,1.2489434,9.059918,0.0,0.9793194,2021-08-20
0.0,0.0,1.2638943,9.012566,0.0,0.9848995,2021-08-23
0.0,0.0,1.2810261,8.965215,0.0,0.9912451,2021-08-24
0.0,0.0,1.3000045,8.91924,0.0,0.99600434,2021-08-25
0.0,0.0,1.3170604,8.871982,0.0,1.0008914,2021-08-26
0.0,0.0,1.3347328,8.824658,0.0,1.0049578,2021-08-27
0.0,0.0,1.3518968,8.776122,0.0030179694,1.0074914,2021-08-30
0.0,0.0,1.3665328,8.730655,0.004499316,1.012354,2021-08-31
0.0,0.0,1.3783885,8.693849,0.0019649714,1.0187925,2021-09-01
0.0,0.0,1.3847449,8.668477,0.0,1.0286192,2021-09-02
0.0,0.0,1.3864473,8.64899,0.0,1.0421903,2021-09-03
0.0,0.0,1.3860033,8.6343775,0.0,1.0548224,2021-09-06
0.0,0.0,1.3823426,8.62188,0.0,1.0672774,2021-09-07
0.0,0.0,1.3742326,8.6115,0.0,1.0809338,2021-09-08
0.0,0.0,1.3647507,8.597724,0.0,1.0942496,2021-09-09
0.0,0.0,1.3559532,8.579454,0.0,1.1066157,2021-09-10
0.0,0.0,1.345494,8.558273,0.0,1.1168761,2021-09-13
0.0,0.0,1.3359206,8.538293,0.007567376,1.12515,2021-09-14
0.0,0.0,1.3172137,8.512707,0.01794361,1.1314487,2021-09-15
0.0,0.0,1.2945018,8.484855,0.02521519,1.1354377,2021-09-16
0.0,0.0,1.2703971,8.454557,0.03453012,1.1369172,2021-09-17
0.0,0.0,1.2447934,8.425834,0.042849556,1.1371808,2021-09-23
0.0,0.0,1.222512,8.397181,0.051014744,1.1356262,2021-09-24
0.0,0.0,1.2005981,8.3670025,0.057107672,1.1342307,2021-09-27
0.0,0.0,1.1812524,8.336511,0.06091793,1.1345534,2021-09-28
0.0,0.0,1.1662313,8.304158,0.06642647,1.1350902,2021-09-29
0.0,0.0,1.1553996,8.269658,0.07495754,1.1363994,2021-09-30
0.0,0.0,1.1500307,8.238815,0.08448574,1.1376387,2021-10-01
0.0,0.0,1.1406342,8.204676,0.0989918,1.1503925,2021-10-05
0.0,0.0,1.1314969,8.159055,0.11848472,1.1676661,2021-10-06
0.0,0.0,1.1219217,8.103909,0.14028034,1.1900098,2021-10-07
0.0,0.0,1.1127461,8.047299,0.16000003,1.2132492,2021-10-08
0.0,0.0,1.1045454,7.9859548,0.17826855,1.2350574,2021-10-12
0.0,0.0,1.0973543,7.914323,0.19578078,1.2571031,2021-10-13
0.0,0.0,1.0894644,7.843402,0.20959987,1.2798296,2021-10-14
0.0,0.0,1.0801032,7.7779517,0.2171201,1.3022897,2021-10-15
0.0,0.0,1.0685992,7.716248,0.21954888,1.3236136,2021-10-18
0.0,0.0,1.0583388,7.660119,0.224179,1.3409612,2021-10-19
0.0,0.0,1.0453441,7.608001,0.2264674,1.3554965,2021-10-20
0.0,0.0,1.0383444,7.564216,0.23054652,1.365238,2021-10-21
0.0,0.0,1.0292764,7.526771,0.23410831,1.3756701,2021-10-22
0.0,0.0,1.0182892,7.4906697,0.23827593,1.3846389,2021-10-25
0.0,0.0,1.0041182,7.459644,0.24246201,1.3946943,2021-10-26
0.0,0.0,0.98729056,7.437692,0.2450191,1.4046919,2021-10-27
0.0,0.0,0.96602345,7.4225698,0.24472497,1.4166765,2021-10-28
0.0,0.0,0.9422691,7.4080873,0.24239922,1.4285871,2021-10-29
0.0,0.0,0.9160106,7.3879013,0.2387372,1.4413991,2021-11-01
0.0,0.0,0.8870098,7.368137,0.2306944,1.4560177,2021-11-02
0.0,0.0,0.8576579,7.349482,0.21672745,1.4724957,2021-11-03
0.0,0.0,0.82654047,7.329786,0.19738403,1.4920903,2021-11-04
0.0,0.0,0.79638255,7.3145986,0.17470974,1.5120718,2021-11-05
0.0,0.0,0.7664518,7.298914,0.14670253,1.533404,2021-11-08
0.0,0.0,0.7350987,7.2838244,0.11222388,1.5594008,2021-11-09
0.0,0.0,0.7065372,7.273465,0.07223482,1.5882531,2021-11-10
0.0,0.0,0.68681663,7.262018,0.030728709,1.6203666,2021-11-11
0.0,0.0,0.6713154,7.2513013,0.0,1.6549332,2021-11-12
0.0,0.0,0.6589862,7.244677,0.0,1.6842235,2021-11-15
0.0,0.0,0.6501416,7.2433543,0.0,1.7078886,2021-11-16
0.0,0.0,0.65303963,7.253789,0.0,1.722168,2021-11-17
0.0,0.0,0.6551319,7.2636304,0.0,1.7362303,2021-11-18
0.0,0.0,0.65695316,7.2709675,0.0,1.7481172,2021-11-19
0.0,0.0,0.65871114,7.273028,0.0,1.7569546,2021-11-22
0.0,0.0,0.6591461,7.2743077,0.0,1.7629029,2021-11-23
0.0,0.0,0.6575236,7.273719,0.0,1.7683066,2021-11-24
0.0,0.0,0.6552002,7.2685976,0.0,1.7724222,2021-11-25
0.0,0.0,0.6505288,7.2584543,0.0,1.7770333,2021-11-26
0.0,0.0,0.64658964,7.2423635,0.0,1.780866,2021-11-29
0.0,0.0,0.644933,7.2187147,0.0,1.7830367,2021-11-30
0.0,0.0,0.6462147,7.180133,0.0,1.7850487,2021-12-01
0.0,0.0,0.6584234,7.1309547,0.0,1.7845906,2021-12-02
0.0,0.0,0.67511326,7.0817738,0.0,1.7806952,2021-12-03
0.0,0.0,0.69407415,7.0365224,0.0,1.7756466,2021-12-06
0.0,0.0,0.71588755,6.995174,0.0,1.7674531,2021-12-07
0.0,0.0,0.7385185,6.957798,0.0,1.7565229,2021-12-08
0.0,0.0,0.76540834,6.924615,0.0,1.7439002,2021-12-09
0.0,0.0,0.7922958,6.8976316,0.0,1.732779,2021-12-10
0.0,0.0,0.81507325,6.876133,0.0,1.7208622,2021-12-13
0.0,0.0,0.8364572,6.8580556,0.0,1.705542,2021-12-14
0.0,0.0,0.8559244,6.8418965,0.0,1.6907201,2021-12-15
0.0,0.0,0.8760353,6.830952,0.0,1.6749679,2021-12-16
0.0,0.0,0.8949647,6.8235416,0.0,1.6572473,2021-12-17
0.0,0.0,0.91407794,6.8186955,0.0,1.6401386,2021-12-20
0.0,0.0,0.92949533,6.8120217,0.0,1.6233861,2021-12-21
0.0,0.0,0.9431563,6.805533,0.0,1.6063378,2021-12-22
0.0,0.0,0.9532275,6.8007526,0.0,1.58767,2021-12-23
0.0,0.0,0.9604423,6.7946625,0.0,1.5676816,2021-12-24
0.0,0.0,0.9684448,6.7859254,0.0,1.5494577,2021-12-27
0.0,0.0,0.97308576,6.777294,0.0,1.5322798,2021-12-28
0.0,0.0,0.97469735,6.7730765,0.0,1.516724,2021-12-29
0.0,0.0,0.9749877,6.7694087,0.0,1.50141,2021-12-30
0.0,0.0,0.97748286,6.7645235,0.0,1.485138,2022-01-03
0.0,0.0,0.97321683,6.758343,0.0,1.4808018,2022-01-04
0.0,0.0,0.97046804,6.751559,0.0,1.4806538,2022-01-05
0.0,0.0,0.96983975,6.744465,0.0,1.4858893,2022-01-06
0.0,0.0,0.96929395,6.731973,0.0,1.4947834,2022-01-07
0.0,0.0,0.9714049,6.724135,0.0,1.502735,2022-01-10
0.0,0.0,0.9759147,6.71998,0.0,1.513501,2022-01-11
0.0,0.0,0.98525494,6.7166953,0.0,1.5253372,2022-01-12
0.0,0.0,0.9909927,6.7158127,0.0,1.5375493,2022-01-13
0.0,0.0,0.98540115,6.7088046,0.0,1.5530474,2022-01-14
0.0,0.0,0.9800543,6.693421,0.0,1.5716624,2022-01-17
0.0,0.0,0.97494763,6.672775,0.0,1.5907329,2022-01-18
0.0,0.0,0.97385615,6.646789,0.0,1.6078645,2022-01-19
0.0,0.0,0.97471553,6.612531,0.0,1.6249394,2022-01-20
0.0,0.0,0.97631186,6.576698,0.0,1.6404641,2022-01-21
0.0,0.0,0.9797987,6.5350313,0.0,1.6544919,2022-01-24
0.0,0.0,0.98598754,6.4871235,0.0,1.6667303,2022-01-25
0.0,0.0,0.99694145,6.4271617,0.0,1.6800929,2022-01-26
0.0,0.0,1.0134434,6.3597584,0.0,1.6927254,2022-01-27
0.0,0.0,1.035509,6.2755566,0.0,1.7090276,2022-01-28
0.0,0.0,1.0616091,6.1891255,0.0,1.7208881,2022-02-03
0.0,0.0,1.0821935,6.110374,0.0,1.7214667,2022-02-04
0.0,0.0,1.0980107,6.038473,0.0,1.722187,2022-02-07
0.0,0.0,1.1093147,5.9712906,0.0,1.7218162,2022-02-08
0.0,0.0,1.1141834,5.906532,0.0,1.723711,2022-02-09
0.0,0.0,1.112116,5.8487487,0.0,1.7271726,2022-02-10
0.0,0.0,1.1052965,5.7983737,0.0,1.7269213,2022-02-11
0.0,0.0,1.0914991,5.751665,0.0,1.72769,2022-02-14
0.0,0.0,1.0787661,5.7032056,0.0,1.7296939,2022-02-15
0.0,0.0,1.0653118,5.6503363,0.0,1.7342477,2022-02-16
0.0,0.0,1.052298,5.6047955,0.0,1.7371143,2022-02-17
0.0,0.0,1.0427276,5.5646205,0.0,1.7369568,2022-02-18
0.0,0.0,1.0261295,5.531206,0.0,1.7373143,2022-02-21
0.0,0.0,1.0083233,5.500996,0.0,1.7400596,2022-02-22
0.0,0.0,0.9925624,5.4684725,0.0,1.7482591,2022-02-23
0.0,0.0,0.9759709,5.434429,0.0,1.7574695,2022-02-24
0.0,0.0,0.9640516,5.3962674,0.0,1.7710967,2022-02-25
0.0,0.0,0.9475987,5.3614955,0.0,1.7867622,2022-02-28
0.0,0.0,0.9313962,5.328947,0.0,1.8038676,2022-03-02
0.0,0.0,0.91311556,5.3083205,0.0,1.8289748,2022-03-03
0.0,0.0,0.8917726,5.3013573,0.0,1.8556685,2022-03-04
0.0,0.0,0.86769253,5.2992253,0.0,1.8876059,2022-03-07
0.0,0.0,0.8406129,5.2869043,0.0,1.9273342,2022-03-08
0.0,0.0,0.8174302,5.2679024,0.0,1.9695029,2022-03-10
0.0,0.0,0.7970062,5.2544103,0.0,2.0093944,2022-03-11
0.0,0.0,0.77687883,5.244844,0.0,2.053953,2022-03-14
0.0,0.0,0.7563324,5.237527,0.0,2.1035168,2022-03-15
0.0,0.0,0.7355475,5.2272778,0.0,2.1499639,2022-03-16
0.0,0.0,0.7092758,5.2140794,0.0,2.1894631,2022-03-17
0.0,0.0,0.6807317,5.208952,0.0,2.2210627,2022-03-18
0.0,0.0,0.64789087,5.2043176,0.0,2.246301,2022-03-21
0.0,0.0,0.6176029,5.197115,0.0,2.2702603,2022-03-22
0.0,0.0,0.58367825,5.191769,0.0,2.2879725,2022-03-23
0.0,0.0,0.54611146,5.190828,0.0,2.3035958,2022-03-24
0.0,0.0,0.50561494,5.19476,0.0,2.315248,2022-03-25
0.0,0.0,0.46900302,5.2041516,0.0,2.3235924,2022-03-28
0.0,0.0,0.43397743,5.21707,0.0,2.3320909,2022-03-29
0.0,0.0,0.40401378,5.233345,0.0,2.3382323,2022-03-30
0.0,0.0,0.372586,5.251669,0.0,2.3377755,2022-03-31
0.0,0.0,0.34001145,5.2723255,0.0,2.3335364,2022-04-01
0.0,0.0,0.30082512,5.2806463,0.0,2.355286,2022-04-04
0.0,0.0,0.25804052,5.288884,0.0,2.3912363,2022-04-05
0.0,0.0,0.21608174,5.3009095,0.0,2.4349654,2022-04-06
0.0,0.0,0.1740005,5.312215,0.0,2.4816463,2022-04-07
0.0,0.0,0.13582677,5.318927,0.0,2.5323358,2022-04-08
0.0,0.0,0.10375634,5.324594,0.0,2.5882485,2022-04-11
0.0,0.0,0.075693645,5.330748,0.0,2.6476603,2022-04-12
0.0,0.0,0.052196927,5.3322067,0.0,2.7095582,2022-04-13
0.0,0.0,0.026674557,5.334966,0.0,2.7712126,2022-04-14
0.0,0.0,0.0040513426,5.340285,0.0,2.8358455,2022-04-15
0.0,0.0,0.0,5.343458,0.0,2.9081414,2022-04-18
0.0,0.0,0.0,5.347102,0.0,2.9829845,2022-04-19
0.0,0.0,0.0,5.3569756,0.0,3.0561397,2022-04-20
0.0,0.0,0.0,5.372196,0.0,3.1280806,2022-04-21
0.0,0.0,0.0,5.3871603,0.0,3.2001927,2022-04-22
0.0,0.0,0.0,5.4007087,0.0,3.2678144,2022-04-25
0.0,0.0,0.0,5.4045606,0.0,3.334867,2022-04-26
0.0,0.0,0.0,5.4012384,0.0,3.3972793,2022-04-27
0.0,0.0,0.0,5.384538,0.0,3.4571824,2022-04-28
0.0,0.0,0.0,5.361685,0.0,3.514498,2022-04-29
0.0,0.0,0.0,5.340112,0.0,3.5673034,2022-05-02
0.0,0.0,0.0,5.310725,0.0,3.6183531,2022-05-03
0.0,0.0,0.0,5.2794423,0.0,3.668518,2022-05-04
0.0,0.0,0.0,5.251361,0.0,3.7145293,2022-05-06
0.0,0.0,0.0,5.222008,0.0,3.7553158,2022-05-09
0.0,0.0,0.0,5.193313,0.0,3.7876573,2022-05-10
0.0,0.0,0.0,5.1618447,0.0,3.812881,2022-05-11
0.0,0.0,0.0,5.1268754,0.0,3.830349,2022-05-12
0.0,0.0,0.009034164,5.085248,0.0,3.8418918,2022-05-13
0.0,0.0,0.055620313,5.0445485,0.0,3.8485675,2022-05-16
0.0,0.0,0.100141935,4.999607,0.0,3.848559,2022-05-17
0.0,0.0,0.14186472,4.9579635,0.0,3.8500717,2022-05-18
0.0,0.0,0.1803394,4.918288,0.0,3.8506608,2022-05-19
0.0,0.0,0.21807697,4.8754277,0.0,3.8511071,2022-05-20
0.0,0.0,0.25152335,4.838517,0.0,3.8527155,2022-05-23
0.0,0.0,0.28001988,4.805329,0.0,3.855121,2022-05-24
0.0,0.0,0.30617213,4.767149,0.0,3.8563805,2022-05-25
0.0,0.0,0.3294685,4.7310143,0.0,3.857594,2022-05-26
0.0,0.0,0.34911537,4.6932797,0.0,3.8584514,2022-05-27
0.0,0.0,0.3639863,4.6609445,0.0,3.8578727,2022-05-30
0.0,0.0,0.37208235,4.6370444,0.0,3.8560119,2022-05-31
0.0,0.0,0.37160972,4.620079,0.0,3.8506553,2022-06-02
0.0,0.0,0.3627393,4.5859046,0.0,3.8438468,2022-06-03
0.0,0.0,0.35068482,4.549518,0.0,3.8365571,2022-06-07
0.0,0.0,0.33713448,4.5053134,0.0,3.8329506,2022-06-08
0.0,0.0,0.32898802,4.4616513,0.0,3.83123,2022-06-09
0.0,0.0,0.31935176,4.420056,0.0,3.830155,2022-06-10
0.0,0.0,0.3098697,4.372643,0.0,3.828835,2022-06-13
0.0,0.0,0.30937615,4.3091,0.0,3.826517,2022-06-14
0.0,0.0,0.32206482,4.2389293,0.0,3.825772,2022-06-15
0.0,0.0,0.35115272,4.16019,0.0,3.8239684,2022-06-16
0.0,0.0,0.38950002,4.076786,0.0,3.8199074,2022-06-17
0.0,0.0,0.43611258,3.9966214,0.0,3.8146732,2022-06-20
0.0,0.0,0.49428812,3.9151258,0.0,3.8077025,2022-06-21
0.0,0.0,0.5565638,3.8386605,0.0,3.799926,2022-06-22
0.0,0.0,0.6255152,3.7552292,0.0,3.79105,2022-06-23
0.0,0.0,0.7025939,3.6671655,0.0,3.7812562,2022-06-24
0.0,0.0,0.78288,3.589028,0.0,3.7712612,2022-06-27
0.0,0.0,0.856043,3.5219111,0.0,3.7639966,2022-06-28
0.0,0.0,0.92237234,3.4639244,0.0,3.7620456,2022-06-29
0.0,0.0,0.983535,3.4026241,0.0,3.761589,2022-06-30
0.0,0.0,1.0449941,3.3346713,0.0,3.7636554,2022-07-01
0.0,0.0,1.1344091,3.2353988,0.0,3.745003,2022-07-04
0.0,0.0,1.2408521,3.1231396,0.0,3.7158134,2022-07-05
0.0,0.0,1.3558214,3.0154824,0.0,3.6870542,2022-07-06
0.0,0.0,1.4762671,2.905122,0.0,3.6560783,2022-07-07
0.0,0.0,1.5943252,2.8005574,0.0,3.6268673,2022-07-08
0.0,0.0,1.705192,2.7016015,0.0,3.6019518,2022-07-11
0.0,0.0,1.8102322,2.6099052,0.0,3.5808244,2022-07-12
0.0,0.0,1.9114033,2.5192747,0.0,3.5621748,2022-07-13
0.0,0.0,2.0050745,2.43238,0.0,3.5459654,2022-07-14
0.0,0.0,2.0924423,2.350937,0.0,3.5337079,2022-07-15
0.0,0.0,2.1697166,2.2711353,0.0,3.5215359,2022-07-18
0.0,0.0,2.2379036,2.2066913,0.0,3.5182478,2022-07-19
0.0,0.0,2.2945466,2.1517777,0.0,3.5176692,2022-07-20
0.0,0.0,2.3448675,2.1117082,0.0,3.525837,2022-07-21
0.0,0.0,2.3892708,2.0847974,0.0,3.5443506,2022-07-22
0.0,0.0,2.4257176,2.0634334,0.0,3.5660872,2022-07-25
0.0,0.0,2.4527912,2.0467012,0.0,3.5860662,2022-07-26
0.0,0.0,2.4758258,2.0363839,0.0,3.6082265,2022-07-27
0.0,0.0,2.494117,2.0299835,0.0,3.6305294,2022-07-28
0.0,0.0,2.509747,2.0274773,0.0,3.6553795,2022-07-29
0.0,0.0,2.5201032,2.0318224,0.0,3.683945,2022-08-01
0.0,0.0,2.5338538,2.0307288,0.0,3.7094269,2022-08-02
0.0,0.0,2.5568295,2.027808,0.0,3.737455,2022-08-03
0.0,0.0,2.576784,2.0292988,0.0,3.760515,2022-08-04
0.0,0.0,2.5989745,2.0407858,0.0,3.7879632,2022-08-05
0.0,0.0,2.6245096,2.0649304,0.0,3.8251588,2022-08-08
0.0,0.0,2.651651,2.0946047,0.0,3.8677661,2022-08-09
0.0,0.0,2.6781359,2.1327453,0.0,3.913179,2022-08-10
0.0,0.0,2.6995084,2.1687727,0.0,3.9562752,2022-08-11
0.0,0.0,2.7259035,2.2154112,0.0,4.0123467,2022-08-12
0.0,0.0,2.7069712,2.249885,0.0,4.0293317,2022-08-16
0.0,0.0,2.687573,2.2868109,0.0,4.048352,2022-08-17
0.0,0.0,2.6790764,2.3249774,0.0,4.075046,2022-08-18
0.0,0.0,2.66771,2.3568141,0.0,4.0938854,2022-08-19
0.0,0.0,2.6636908,2.3826504,0.0,4.114553,2022-08-22
0.0,0.0,2.6699843,2.3997834,0.0,4.1363716,2022-08-23
0.0,0.0,2.6846566,2.4077976,0.0,4.1607428,2022-08-24
0.0,0.0,2.7023609,2.4111664,0.0,4.1817,2022-08-25
0.0,0.0,2.7227867,2.417557,0.0,4.2053266,2022-08-26
0.0,0.0,2.7430975,2.4240499,0.0,4.229451,2022-08-29
0.0,0.0,2.7645578,2.4202654,0.0,4.249852,2022-08-30
0.0,0.0,2.7928724,2.420402,0.0,4.2780476,2022-08-31
0.0,0.0,2.8212957,2.4259093,0.0,4.307356,2022-09-01
0.0,0.0,2.8399355,2.4304714,0.0,4.354024,2022-09-02
0.0,0.0,2.852364,2.433623,0.0,4.4049063,2022-09-05
0.0,0.0,2.8617294,2.4384162,0.0,4.4587026,2022-09-06
0.0,0.0,2.8675458,2.4442925,0.0,4.5185657,2022-09-07
0.0,0.0,2.8774862,2.4471695,0.0,4.5839663,2022-09-08
0.0,0.0,2.8909662,2.4518344,0.0,4.6501737,2022-09-13
0.0,0.0,2.9050405,2.4663553,0.0,4.7209272,2022-09-14
0.0,0.0,2.928786,2.479854,0.0,4.799537,2022-09-15
0.0,0.0,2.9292765,2.4827652,0.0,4.851333,2022-09-16
0.0,0.0,2.9289975,2.4813328,0.0,4.897802,2022-09-19
0.0,0.0,2.9367504,2.4730458,0.0,4.942017,2022-09-20
0.0,0.0,2.94744,2.4650044,0.0,4.985054,2022-09-21
0.0,0.0,2.967928,2.455366,0.0,5.032413,2022-09-22
0.0,0.0,2.9894025,2.4401171,0.0,5.072292,2022-09-23
0.0,0.0,3.0223806,2.4204772,0.0,5.1158495,2022-09-26
0.0,0.0,3.0667307,2.3893204,0.0,5.1544404,2022-09-27
0.0,0.0,3.1278486,2.3547146,0.0,5.1932836,2022-09-28
0.0,0.0,3.2010171,2.31255,0.0,5.227218,2022-09-29
0.0,0.0,3.2850857,2.267762,0.0,5.2568593,2022-09-30
0.0,0.0,3.3742497,2.2213562,0.0,5.279906,2022-10-04
0.0,0.0,3.4686797,2.167776,0.0,5.307707,2022-10-05
0.0,0.0,3.5694673,2.1151383,0.0,5.341028,2022-10-06
0.0,0.0,3.6694605,2.0681353,0.0,5.3769097,2022-10-07
0.0,0.0,3.769004,2.0243542,0.0,5.4154496,2022-10-11
0.0,0.0,3.8730676,1.9784969,0.0,5.4585414,2022-10-12
0.0,0.0,3.983255,1.9364805,0.0,5.512825,2022-10-13
0.0,0.0,4.095139,1.8922399,0.0,5.5716567,2022-10-14
0.0,0.0,4.195749,1.8555331,0.0,5.626894,2022-10-17
0.0,0.0,4.299848,1.8242593,0.0,5.6954455,2022-10-18
0.0,0.0,4.3953714,1.8011215,0.0,5.7658377,2022-10-19
0.0,0.0,4.484741,1.7744293,0.0,5.84094,2022-10-20
0.0,0.0,4.570294,1.7475415,0.0,5.92063,2022-10-21
0.0,0.0,4.6562424,1.7188592,0.0,6.003892,2022-10-24
0.0,0.0,4.743202,1.6922318,0.0,6.0931168,2022-10-25
0.0,0.0,4.826126,1.6668365,0.0,6.1790676,2022-10-26
0.0,0.0,4.912855,1.6433909,0.0,6.2671247,2022-10-27
0.0,0.0,5.00539,1.6297988,0.0,6.3665576,2022-10-28
0.0,0.0,5.090605,1.6222775,0.0,6.458525,2022-10-31
0.0,0.0,5.1723094,1.6233464,0.0,6.549981,2022-11-01
0.0,0.0,5.252252,1.6274801,0.0,6.6421466,2022-11-02
0.0,0.0,5.3262653,1.6356428,0.0,6.7299905,2022-11-03
0.0,0.0,5.4038215,1.6448652,0.0,6.8206673,2022-11-04
0.0,0.0,5.477286,1.6556985,0.0,6.9092846,2022-11-07
0.0,0.0,5.5420213,1.6692923,0.0,6.999597,2022-11-08
0.0,0.0,5.5960407,1.6869578,0.0,7.0858216,2022-11-09
0.0,0.0,5.629897,1.7079325,0.0,7.164616,2022-11-10
0.0,0.0,5.6617556,1.7270094,0.0,7.2448926,2022-11-11
0.0,0.0,5.678265,1.7555673,0.0,7.3164897,2022-11-14
0.0,0.0,5.689748,1.7879995,0.0,7.3883405,2022-11-15
0.0,0.0,5.691262,1.8226143,0.0,7.4555097,2022-11-16
0.0,0.0,5.670428,1.8529965,0.0,7.5013156,2022-11-17
0.0,0.0,5.643719,1.8795754,0.0,7.5387397,2022-11-18
0.0,0.0,5.618074,1.9019777,0.0,7.5770364,2022-11-21
0.0,0.0,5.587808,1.9175737,0.0,7.610082,2022-11-22
0.0,0.0,5.5443625,1.9294212,0.0,7.630964,2022-11-23
0.0,0.0,5.505166,1.9410326,0.0,7.6495333,2022-11-24
0.0,0.0,5.4559655,1.9546902,0.0,7.653881,2022-11-25
0.0,0.0,5.423829,1.9696627,0.0,7.6700697,2022-11-28
0.0,0.0,5.39017,1.9814085,0.0,7.68093,2022-11-29
0.0,0.0,5.3694243,1.9948046,0.0,7.699865,2022-11-30
0.0,0.0,5.3415504,2.0117092,0.0,7.7127757,2022-12-01
0.0,0.0,5.298501,2.0432796,0.0,7.7315474,2022-12-02
0.0,0.0,5.2450843,2.0771809,0.0,7.744436,2022-12-05
0.0,0.0,5.190749,2.110115,0.0,7.7561593,2022-12-06
0.0,0.0,5.134484,2.1371284,0.0,7.760815,2022-12-07
0.0,0.0,5.077094,2.1571023,0.0,7.757418,2022-12-08
0.0,0.0,5.028803,2.172552,0.0,7.757425,2022-12-09
0.0,0.0,4.986931,2.18732,0.0,7.754615,2022-12-12
0.0,0.0,4.9506273,2.197714,0.0,7.7508507,2022-12-13
0.0,0.0,4.9013877,2.2063167,0.0,7.729637,2022-12-14
0.0,0.0,4.8563137,2.2135696,0.0,7.711015,2022-12-15
0.0,0.0,4.8066144,2.2119565,0.0,7.6821985,2022-12-16
0.0,0.0,4.770236,2.2045588,0.0,7.656364,2022-12-19
0.0,0.0,4.7398148,2.194099,0.0,7.6322975,2022-12-20
0.0,0.0,4.7229586,2.179479,0.0,7.6105356,2022-12-21
0.0,0.0,4.715753,2.165174,0.0,7.588737,2022-12-22
0.0,0.0,4.707665,2.1551359,0.0,7.5626807,2022-12-23
0.0,0.0,4.7189546,2.1428685,0.0,7.5506134,2022-12-26
0.0,0.0,4.728352,2.131279,0.0,7.539069,2022-12-27
0.0,0.0,4.7423825,2.1222343,0.0,7.5293927,2022-12-28
0.0,0.0,4.753793,2.1031756,0.0,7.514765,2022-12-29
0.0,0.0,4.7683215,2.0756927,0.0,7.4953427,2023-01-02
0.0,0.0,4.7970595,2.0389094,0.0,7.478752,2023-01-03
0.0,0.0,4.828477,1.997337,0.0,7.455882,2023-01-04
0.0,0.0,4.8705106,1.9614338,0.0,7.4389186,2023-01-05
0.0,0.0,4.917431,1.9318768,0.0,7.428895,2023-01-06
0.0,0.0,4.9666004,1.91153,0.0,7.4284053,2023-01-09
0.0,0.0,5.009345,1.9023844,0.0,7.434195,2023-01-10
0.0,0.0,5.037693,1.8993291,0.0,7.440122,2023-01-11
0.0,0.0,5.0693994,1.9023327,0.0,7.4580626,2023-01-12
0.0,0.0,5.102592,1.9088196,0.0,7.4858017,2023-01-13
0.0,0.0,5.140228,1.9246706,0.0,7.5307403,2023-01-16
0.0,0.0,5.1551905,1.9483149,0.0,7.563885,2023-01-17
0.0,0.0,5.165998,1.9703108,0.0,7.6047015,2023-01-18
0.0,0.0,5.1690116,1.9900366,0.0,7.639836,2023-01-19
0.0,0.0,5.1728144,2.011314,0.0,7.6756663,2023-01-20
0.0,0.0,5.187562,2.0314898,0.0,7.728533,2023-01-25
0.0,0.0,5.1930423,2.0551848,0.0,7.7737026,2023-01-26
0.0,0.0,5.1903048,2.0815666,0.0,7.8184433,2023-01-27
0.0,0.0,5.182024,2.109961,0.0,7.8663707,2023-01-30
0.0,0.0,5.176089,2.1320019,0.0,7.916507,2023-01-31
0.0,0.0,5.1649747,2.1440318,0.0,7.9559937,2023-02-01
0.0,0.0,5.156228,2.151496,0.0,8.001944,2023-02-02
0.0,0.0,5.1615868,2.1601098,0.0,8.063768,2023-02-03
0.0,0.0,5.1456323,2.172916,0.0,8.106392,2023-02-06
0.0,0.0,5.1365047,2.1820152,0.0,8.150709,2023-02-07
0.0,0.0,5.135903,2.1918333,0.0,8.197094,2023-02-08
0.0,0.0,5.1296067,2.2083516,0.0,8.236362,2023-02-09
0.0,0.0,5.1398587,2.2246046,0.0,8.294395,2023-02-10
0.0,0.0,5.131153,2.2386668,0.0,8.334228,2023-02-13
0.0,0.0,5.11019,2.2499282,0.0,8.359847,2023-02-14
0.0,0.0,5.0829835,2.260905,0.0,8.379126,2023-02-15
0.0,0.0,5.032833,2.2639365,0.0,8.375304,2023-02-16
0.0,0.0,4.9872727,2.2687318,0.0,8.376175,2023-02-17
0.0,0.0,4.942574,2.2733922,0.0,8.377962,2023-02-20
0.0,0.0,4.9000106,2.280313,0.0,8.388274,2023-02-21
0.0,0.0,4.862099,2.2860534,0.0,8.407331,2023-02-22
0.0,0.0,4.836416,2.284713,0.0,8.436707,2023-02-23
0.0,0.0,4.816522,2.281733,0.0,8.471791,2023-02-24
0.0,0.0,4.796064,2.2757964,0.0,8.502563,2023-02-27
0.0,0.0,4.7787604,2.2666318,0.0,8.534801,2023-02-28
0.0,0.0,4.7723618,2.2580078,0.0,8.571079,2023-03-02
0.0,0.0,4.769104,2.2550147,0.0,8.622249,2023-03-03
0.0,0.0,4.762887,2.2535913,0.0,8.679339,2023-03-06
0.0,0.0,4.7529836,2.2546628,0.0,8.742191,2023-03-07
0.0,0.0,4.742917,2.2587194,0.0,8.808247,2023-03-08
0.0,0.0,4.7345176,2.2597718,0.0,8.876209,2023-03-09
0.0,0.0,4.7323065,2.259377,0.0,8.946851,2023-03-10
0.0,0.0,4.7401676,2.2522418,0.0,9.021591,2023-03-13
0.0,0.0,4.7596364,2.245539,0.0,9.105624,2023-03-14
0.0,0.0,4.77137,2.232061,0.0,9.172958,2023-03-15
0.0,0.0,4.7829595,2.2187326,0.0,9.236728,2023-03-16
0.0,0.0,4.786671,2.2041311,0.0,9.285386,2023-03-17
0.0,0.0,4.79486,2.190393,0.0,9.33338,2023-03-20
0.0,0.0,4.8175235,2.1757028,0.0,9.392992,2023-03-21
0.0,0.0,4.8293715,2.1646476,0.0,9.437901,2023-03-22
0.0,0.0,4.84372,2.1584835,0.0,9.484647,2023-03-23
0.0,0.0,4.8641706,2.153089,0.0,9.538476,2023-03-24
0.0,0.0,4.884433,2.1464875,0.0,9.590498,2023-03-27
0.0,0.0,4.910289,2.1367338,0.0,9.649207,2023-03-28
0.0,0.0,4.929612,2.130526,0.0,9.702255,2023-03-29
0.0,0.0,4.9509873,2.1257355,0.0,9.756404,2023-03-30
0.0,0.0,4.9632,2.1232762,0.0,9.801626,2023-03-31
0.0,0.0,4.98139,2.127196,0.0,9.856124,2023-04-03
0.0,0.0,4.9918084,2.1398783,0.0,9.916077,2023-04-04
0.0,0.0,5.008722,2.1572156,0.0,9.985901,2023-04-05
0.0,0.0,5.01377,2.177785,0.0,10.049198,2023-04-06
0.0,0.0,5.0071526,2.1926327,0.0,10.10129,2023-04-07
0.0,0.0,5.0040803,2.2067568,0.0,10.156849,2023-04-10
0.0,0.0,4.993954,2.2211878,0.0,10.211614,2023-04-11
0.0,0.0,4.9855375,2.2392137,0.0,10.272337,2023-04-12
0.0,0.0,4.9660068,2.2618945,0.0,10.328016,2023-04-13
0.0,0.0,4.952068,2.2872264,0.0,10.389258,2023-04-14
0.0,0.0,4.9329333,2.316003,0.0,10.456204,2023-04-17
0.0,0.0,4.910526,2.346694,0.0,10.526389,2023-04-18
0.0,0.0,4.8822703,2.378068,0.0,10.591109,2023-04-19
0.0,0.0,4.847301,2.4093053,0.0,10.652014,2023-04-20
0.0,0.0,4.8110857,2.4409878,0.0,10.706211,2023-04-21
0.0,0.0,4.766103,2.4661176,0.0,10.750353,2023-04-24
0.0,0.0,4.723153,2.48623,0.0,10.793125,2023-04-25
0.0,0.0,4.6615973,2.5010755,0.0,10.817343,2023-04-26
0.0,0.0,4.6168466,2.5145304,0.0,10.842554,2023-04-27
0.0,0.0,4.570059,2.5262065,0.0,10.860972,2023-04-28
0.0,0.0,4.52962,2.5384724,0.0,10.877615,2023-05-02
0.0,0.0,4.48437,2.5577009,0.0,10.895981,2023-05-03
0.0,0.0,4.435546,2.579024,0.0,10.913473,2023-05-04
0.0,0.0,4.3872213,2.60168,0.0,10.930391,2023-05-08
0.0,0.0,4.3363857,2.6247835,0.0,10.943645,2023-05-09
0.0,0.0,4.2797966,2.6449049,0.0,10.954227,2023-05-10
0.0,0.0,4.222045,2.6619778,0.0,10.958238,2023-05-11
0.0,0.0,4.1691914,2.6746671,0.0,10.964432,2023-05-12
0.0,0.0,4.1133075,2.6851351,0.0,10.960206,2023-05-15
0.0,0.0,4.06765,2.6938465,0.0,10.964875,2023-05-16
0.0,0.0,4.0309777,2.702938,0.0,10.974369,2023-05-17
0.0,0.0,3.9980478,2.7135928,0.0,10.983564,2023-05-18
0.0,0.0,3.9684827,2.727062,0.0,11.000659,2023-05-19
0.0,0.0,3.9420543,2.7424836,0.0,11.027475,2023-05-22
0.0,0.0,3.9020424,2.7595217,0.0,11.048804,2023-05-23
0.0,0.0,3.8657606,2.7752535,0.0,11.080197,2023-05-24
0.0,0.0,3.8315036,2.7880037,0.0,11.117554,2023-05-25
0.0,0.0,3.80966,2.7946727,0.0,11.172234,2023-05-26
0.0,0.0,3.7956789,2.7977366,0.0,11.234617,2023-05-30
0.0,0.0,3.782047,2.8009613,0.0,11.303862,2023-05-31
0.0,0.0,3.7757106,2.8042796,0.0,11.376111,2023-06-01
0.0,0.0,3.765576,2.8159692,0.0,11.448819,2023-06-02
0.0,0.0,3.7493143,2.8350503,0.0,11.523113,2023-06-05
0.0,0.0,3.7290125,2.8593454,0.0,11.599734,2023-06-07
0.0,0.0,3.7126994,2.8870494,0.0,11.6872015,2023-06-08
0.0,0.0,3.682649,2.91648,0.0,11.765161,2023-06-09
0.0,0.0,3.6444607,2.9482548,0.0,11.838548,2023-06-12
0.0,0.0,3.598712,2.9798737,0.0,11.908596,2023-06-13
0.0,0.0,3.5533924,3.0095959,0.0,11.986207,2023-06-14
0.0,0.0,3.5029824,3.036833,0.0,12.056591,2023-06-15
0.0,0.0,3.45672,3.0595696,0.0,12.1313505,2023-06-16
0.0,0.0,3.4220438,3.0792882,0.0,12.213792,2023-06-19
0.0,0.0,3.3823647,3.0950992,0.0,12.295692,2023-06-20
0.0,0.0,3.346735,3.1084743,0.0,12.379011,2023-06-21
0.0,0.0,3.3184037,3.1164505,0.0,12.465679,2023-06-22
0.0,0.0,3.2919853,3.1238813,0.0,12.547448,2023-06-23
0.0,0.0,3.2680185,3.1279001,0.0,12.623913,2023-06-26
0.0,0.0,3.2426891,3.1314332,0.0,12.691871,2023-06-27
0.0,0.0,3.2115593,3.1331933,0.0,12.751798,2023-06-28
0.0,0.0,3.1818368,3.1320548,0.0,12.808655,2023-06-29
0.0,0.0,3.1542203,3.1278841,0.0,12.863375,2023-06-30
0.0,0.0,3.129095,3.1225638,0.0,12.917315,2023-07-03
0.0,0.0,3.1017642,3.1237595,0.0,12.98179,2023-07-04
0.0,0.0,3.0704458,3.1293337,0.0,13.05006,2023-07-05
0.0,0.0,3.041133,3.1364696,0.0,13.123647,2023-07-06
0.0,0.0,3.0102153,3.1450589,0.0,13.192192,2023-07-07
0.0,0.0,2.9778311,3.1518455,0.0,13.258355,2023-07-10
0.0,0.0,2.9349537,3.1576817,0.0,13.309786,2023-07-11
0.0,0.0,2.8837683,3.1650212,0.0,13.351858,2023-07-12
0.0,0.0,2.8326511,3.1728787,0.0,13.398556,2023-07-13
0.0,0.0,2.7846184,3.1825058,0.0,13.452443,2023-07-14
0.0,0.0,2.7636492,3.1940603,0.0,13.537731,2023-07-17
0.0,0.0,2.7517688,3.2060623,0.0,13.641821,2023-07-18
0.0,0.0,2.743584,3.2182422,0.0,13.753633,2023-07-19
0.0,0.0,2.7361836,3.229995,0.0,13.869276,2023-07-20
0.0,0.0,2.72774,3.2422597,0.0,13.981202,2023-07-21
0.0,0.0,2.715743,3.2567658,0.0,14.094045,2023-07-24
0.0,0.0,2.7020993,3.2750618,0.0,14.22726,2023-07-25
0.0,0.0,2.6838706,3.2981582,0.0,14.377946,2023-07-26
0.0,0.0,2.665125,3.3192618,0.0,14.527797,2023-07-27
0.0,0.0,2.6453178,3.3397455,0.0,14.669941,2023-07-28
0.0,0.0,2.621349,3.3617272,0.0,14.8074665,2023-07-31
0.0,0.0,2.5978186,3.386222,0.0,14.946495,2023-08-01
0.0,0.0,2.5627582,3.4161992,0.0,15.108115,2023-08-02
0.0,0.0,2.5155663,3.4489691,0.0,15.274111,2023-08-03
0.0,0.0,2.465651,3.484683,0.0,15.439206,2023-08-04
0.0,0.0,2.3995504,3.5224876,0.0,15.5907755,2023-08-07
0.0,0.0,2.338689,3.5553374,0.0,15.739574,2023-08-08
0.0,0.0,2.2816226,3.5831459,0.0,15.892127,2023-08-09
0.0,0.0,2.2165341,3.6108432,0.0,16.036116,2023-08-10
0.0,0.0,2.1425338,3.6387804,0.0,16.167686,2023-08-11
0.0,0.0,2.074371,3.664984,0.0,16.292295,2023-08-14
0.0,0.0,2.0303614,3.6871207,0.0,16.419489,2023-08-16
0.0,0.0,1.9893184,3.7037842,0.0,16.53242,2023-08-17
0.0,0.0,1.9438701,3.7172823,0.0,16.629734,2023-08-18
0.0,0.0,1.9003217,3.725315,0.0,16.71207,2023-08-21
0.0,0.0,1.8575588,3.7293358,0.0,16.781965,2023-08-22
0.0,0.0,1.8181376,3.730439,0.0,16.845085,2023-08-23
0.0,0.0,1.791113,3.727262,0.0,16.915022,2023-08-24
0.0,0.0,1.7657056,3.7258668,0.0,16.988054,2023-08-25
0.0,0.0,1.7465616,3.7238119,0.0,17.06335,2023-08-28
0.0,0.0,1.7368335,3.7233284,0.0,17.137245,2023-08-29
0.0,0.0,1.72513,3.7271907,0.0,17.201773,2023-08-30
0.0,0.0,1.7084345,3.734782,0.0,17.254519,2023-08-31
0.0,0.0,1.6873807,3.7429357,0.0,17.295002,2023-09-01
0.0,0.0,1.6739817,3.7481062,0.0,17.314913,2023-09-04
0.0,0.0,1.6672417,3.7509341,0.0,17.325184,2023-09-05
0.0,0.0,1.6599951,3.7543077,0.0,17.314222,2023-09-06
0.0,0.0,1.6596857,3.7537644,0.0,17.29409,2023-09-07
0.0,0.0,1.6487312,3.749956,0.0,17.251198,2023-09-08
0.0,0.0,1.656417,3.741381,0.0,17.232311,2023-09-11
0.0,0.0,1.6683476,3.7309153,0.0,17.210466,2023-09-12
0.0,0.0,1.6976559,3.7147107,0.0,17.208883,2023-09-13
0.0,0.0,1.7319388,3.6989126,0.0,17.189396,2023-09-14
0.0,0.0,1.7576358,3.6868923,0.0,17.168816,2023-09-15
0.0,0.0,1.7851218,3.6781974,0.0,17.167591,2023-09-18
0.0,0.0,1.8137361,3.6697948,0.0,17.175323,2023-09-19
0.0,0.0,1.8413717,3.6603758,0.0,17.187292,2023-09-20
0.0,0.0,1.8637083,3.6518147,0.0,17.18871,2023-09-21
0.0,0.0,1.896696,3.6406143,0.0,17.199238,2023-09-22
0.0,0.0,1.9313995,3.6290197,0.0,17.207617,2023-09-25
0.0,0.0,1.9683112,3.6161556,0.0,17.209988,2023-09-26
0.0,0.0,2.0037448,3.6005936,0.0,17.199326,2023-09-27
0.0,0.0,2.0213828,3.5865993,0.0,17.155832,2023-10-04
0.0,0.0,2.040099,3.5693479,0.0,17.11919,2023-10-05
0.0,0.0,2.0553863,3.5517552,0.0,17.082127,2023-10-06
0.0,0.0,2.0735698,3.5354335,0.0,17.056967,2023-10-10
0.0,0.0,2.095647,3.517742,0.0,17.035347,2023-10-11
0.0,0.0,2.110521,3.5029187,0.0,17.014856,2023-10-12
0.0,0.0,2.128032,3.491098,0.0,17.00942,2023-10-13
0.0,0.0,2.138695,3.4805381,0.0,17.006891,2023-10-16
0.0,0.0,2.1629865,3.4694548,0.0,17.024307,2023-10-17
0.0,0.0,2.1924407,3.4594,0.0,17.054106,2023-10-18
0.0,0.0,2.2197921,3.451849,0.0,17.084774,2023-10-19
0.0,0.0,2.2504017,3.4424171,0.0,17.111412,2023-10-20
0.0,0.0,2.258718,3.4308515,0.0,17.121765,2023-10-23
0.0,0.0,2.2770278,3.4150724,0.0,17.124788,2023-10-24
0.0,0.0,2.2929435,3.3998108,0.0,17.125248,2023-10-25
0.0,0.0,2.3068955,3.385422,0.0,17.121841,2023-10-26
0.0,0.0,2.322149,3.3676023,0.0,17.10571,2023-10-27
0.0,0.0,2.3482275,3.3460944,0.0,17.091328,2023-10-30
0.0,0.0,2.3759995,3.3214157,0.0,17.077776,2023-10-31
0.0,0.0,2.4035244,3.2923336,0.0,17.05659,2023-11-01
0.0,0.0,2.4412942,3.2577193,0.0,17.021765,2023-11-02
0.0,0.0,2.4914074,3.2216601,0.0,16.989698,2023-11-03
0.0,0.0,2.554918,3.1876712,0.0,16.96986,2023-11-06
0.0,0.0,2.6052816,3.1658015,0.0,16.96648,2023-11-07
0.0,0.0,2.6505034,3.1484003,0.0,16.960468,2023-11-08
0.0,0.0,2.6946678,3.1351717,0.0,16.947903,2023-11-09
0.0,0.0,2.7257235,3.1271768,0.0,16.92415,2023-11-10
0.0,0.0,2.7549546,3.1210911,0.0,16.896648,2023-11-13
0.0,0.0,2.7836864,3.1143475,0.0,16.867931,2023-11-14
0.0,0.0,2.8009083,3.1106577,0.0,16.836267,2023-11-15
0.0,0.0,2.8194118,3.1106634,0.0,16.81561,2023-11-16
0.0,0.0,2.8310716,3.113563,0.0,16.782269,2023-11-17
0.0,0.0,2.840459,3.116259,0.0,16.748158,2023-11-20
0.0,0.0,2.8594296,3.1189983,0.0,16.72843,2023-11-21
0.0,0.0,2.8747394,3.12232,0.0,16.71198,2023-11-22
0.0,0.0,2.900605,3.1257553,0.0,16.708622,2023-11-23
0.0,0.0,2.9339173,3.1300006,0.0,16.711086,2023-11-24
0.0,0.0,2.9628298,3.136272,0.0,16.709843,2023-11-27
0.0,0.0,2.9927943,3.1438887,0.0,16.712078,2023-11-28
0.0,0.0,3.0196564,3.1527622,0.0,16.715399,2023-11-29
0.0,0.0,3.0454488,3.1624,0.0,16.722353,2023-11-30
0.0,0.0,3.0556068,3.175119,0.0,16.732538,2023-12-01
0.0,0.0,3.0545316,3.1874375,0.0,16.731644,2023-12-04
0.0,0.0,3.046457,3.1995692,0.0,16.73107,2023-12-05
0.0,0.0,3.041337,3.2103143,0.0,16.72655,2023-12-06
0.0,0.0,3.0368361,3.2185757,0.0,16.722792,2023-12-07
0.0,0.0,3.0146956,3.2271922,0.0,16.708744,2023-12-08
0.0,0.0,2.9911313,3.2362497,0.0,16.696663,2023-12-11
0.0,0.0,2.9660168,3.2420216,0.0,16.678827,2023-12-12
0.0,0.0,2.9338243,3.2466233,0.0,16.662914,2023-12-13
0.0,0.0,2.8908103,3.2467296,0.0,16.637083,2023-12-14
0.0,0.0,2.8547146,3.2501907,0.0,16.609476,2023-12-15
0.0,0.0,2.8225207,3.2574973,0.0,16.594965,2023-12-18
0.0,0.0,2.8164272,3.2679791,0.0,16.597479,2023-12-19
0.0,0.0,2.7887855,3.2820463,0.0,16.596478,2023-12-20
0.0,0.0,2.7574492,3.2968137,0.0,16.603989,2023-12-21
0.0,0.0,2.7266817,3.3137357,0.0,16.61831,2023-12-22
0.0,0.0,2.6903234,3.3307557,0.0,16.627209,2023-12-26
0.0,0.0,2.6517155,3.3471544,0.0,16.632864,2023-12-27
0.0,0.0,2.6219864,3.3625796,0.0,16.646236,2023-12-28
0.0,0.0,2.6043885,3.3790302,0.0,16.6794,2024-01-02
0.0,0.0,2.5808358,3.3990426,0.0,16.72884,2024-01-03
0.0,0.0,2.5537827,3.4174514,0.0,16.780762,2024-01-04
0.0,0.0,2.5315888,3.4322827,0.0,16.836714,2024-01-05
0.0,0.0,2.5161743,3.4445286,0.0,16.898497,2024-01-08
0.0,0.0,2.5072062,3.4552152,0.0,16.964813,2024-01-09
0.0,0.0,2.5027635,3.4637651,0.0,17.03298,2024-01-10
0.0,0.0,2.5021434,3.4704425,0.0,17.098873,2024-01-11
0.0,0.0,2.5049179,3.474607,0.0,17.165644,2024-01-12
0.0,0.0,2.5107365,3.4754152,0.0,17.229528,2024-01-15
0.0,0.0,2.5089378,3.4766722,0.0,17.285183,2024-01-16
0.0,0.0,2.5093057,3.4747105,0.0,17.33631,2024-01-17
0.0,0.0,2.498859,3.4656417,0.0,17.372345,2024-01-18
0.0,0.0,2.4936242,3.453015,0.0,17.402958,2024-01-19
0.0,0.0,2.4913263,3.4387743,0.0,17.438688,2024-01-22
0.0,0.0,2.4744139,3.4266577,0.0,17.451237,2024-01-23
0.0,0.0,2.4695005,3.4143517,0.0,17.476526,2024-01-24
0.0,0.0,2.4724627,3.4012513,0.0,17.499107,2024-01-25
0.0,0.0,2.475106,3.3877854,0.0,17.515198,2024-01-26
0.0,0.0,2.4785275,3.3742876,0.0,17.52963,2024-01-29
0.0,0.0,2.460046,3.364783,0.0,17.520773,2024-01-30
0.0,0.0,2.464774,3.3555048,0.0,17.531649,2024-01-31
0.0,0.0,2.475419,3.346685,0.0,17.540428,2024-02-01
0.0,0.0,2.482345,3.3423638,0.0,17.54395,2024-02-02
0.0,0.0,2.4905422,3.3444338,0.0,17.549465,2024-02-05
0.0,0.0,2.4989452,3.3449848,0.0,17.537498,2024-02-06
0.0,0.0,2.5252993,3.343232,0.0,17.536682,2024-02-07
0.0,0.0,2.5523138,3.3432457,0.0,17.535933,2024-02-08
0.0,0.0,2.581959,3.346866,0.0,17.542065,2024-02-13
0.0,0.0,2.6104715,3.3523521,0.0,17.559523,2024-02-14
0.0,0.0,2.6526546,3.3599083,0.0,17.591019,2024-02-15
0.0,0.0,2.6888251,3.3675954,0.0,17.60028,2024-02-16
0.0,0.0,2.709262,3.381352,0.0,17.605913,2024-02-19
0.0,0.0,2.7215276,3.4007914,0.0,17.607119,2024-02-20
0.0,0.0,2.732264,3.4174166,0.0,17.608608,2024-02-21
0.0,0.0,2.7393475,3.4314823,0.0,17.61132,2024-02-22
0.0,0.0,2.7524817,3.4426618,0.0,17.623795,2024-02-23
0.0,0.0,2.7694342,3.4566648,0.0,17.642591,2024-02-26
0.0,0.0,2.7834616,3.466742,0.0,17.651283,2024-02-27
0.0,0.0,2.7912717,3.4749324,0.0,17.645794,2024-02-28
0.0,0.0,2.794468,3.4857614,0.0,17.631435,2024-02-29
0.0,0.0,2.7860801,3.497431,0.0,17.593578,2024-03-04
0.0,0.0,2.7558043,3.5152898,0.0,17.532255,2024-03-05
0.0,0.0,2.7245598,3.532589,0.0,17.462719,2024-03-06
0.0,0.0,2.6904597,3.5476925,0.0,17.37846,2024-03-07
0.0,0.0,2.6490514,3.562739,0.0,17.290165,2024-03-08
0.0,0.0,2.6099615,3.5806794,0.0,17.207949,2024-03-11
0.0,0.0,2.5600235,3.5978549,0.0,17.124512,2024-03-12
0.0,0.0,2.511086,3.613352,0.0,17.058352,2024-03-13
0.0,0.0,2.4565825,3.629698,0.0,16.99252,2024-03-14
0.0,0.0,2.4067762,3.6497428,0.0,16.929846,2024-03-15
0.0,0.0,2.35666,3.665954,0.0,16.867176,2024-03-18
0.0,0.0,2.3030512,3.6809728,0.0,16.797094,2024-03-19
0.0,0.0,2.2767546,3.6896741,0.0,16.759167,2024-03-20
0.0,0.0,2.2769494,3.6976411,0.0,16.743832,2024-03-21
0.0,0.0,2.2571497,3.715942,0.0,16.70675,2024-03-22
0.0,0.0,2.2274308,3.7385993,0.0,16.665628,2024-03-25
0.0,0.0,2.2045727,3.76144,0.0,16.636187,2024-03-26
0.0,0.0,2.1802456,3.7848606,0.0,16.615093,2024-03-27
0.0,0.0,2.154911,3.8040707,0.0,16.605494,2024-03-28
0.0,0.0,2.135048,3.8211522,0.0,16.611746,2024-03-29
0.0,0.0,2.1046226,3.8367388,0.0,16.611324,2024-04-01
0.0,0.0,2.0926337,3.8436503,0.0,16.641783,2024-04-02
0.0,0.0,2.087283,3.8459086,0.0,16.682886,2024-04-03
0.0,0.0,2.073031,3.846581,0.0,16.71105,2024-04-04
0.0,0.0,2.0720663,3.8492665,0.0,16.753307,2024-04-05
0.0,0.0,2.0554314,3.8504124,0.0,16.775621,2024-04-08
0.0,0.0,2.039483,3.8498428,0.0,16.800297,2024-04-09
0.0,0.0,2.013321,3.8473423,0.0,16.820261,2024-04-11
0.0,0.0,1.9834075,3.8424864,0.0,16.834944,2024-04-12
0.0,0.0,1.9798223,3.832257,0.0,16.872267,2024-04-15
0.0,0.0,1.9714448,3.82411,0.0,16.889,2024-04-16
0.0,0.0,1.9822001,3.806119,0.0,16.915691,2024-04-17
0.0,0.0,1.9941287,3.7841556,0.0,16.93452,2024-04-18
0.0,0.0,2.0021815,3.7669454,0.0,16.948677,2024-04-19
0.0,0.0,2.0106163,3.7464373,0.0,16.952953,2024-04-22
0.0,0.0,2.0293443,3.727899,0.0,16.96507,2024-04-23
0.0,0.0,2.038703,3.7116888,0.0,16.963032,2024-04-24
0.0,0.0,2.0480826,3.6991825,0.0,16.964108,2024-04-25
0.0,0.0,2.064477,3.6860788,0.0,16.971905,2024-04-26
0.0,0.0,2.0842478,3.6794317,0.0,16.981905,2024-04-29
0.0,0.0,2.0981994,3.6787202,0.0,16.991331,2024-04-30
0.0,0.0,2.1144083,3.677056,0.0,17.005646,2024-05-02
0.0,0.0,2.117977,3.674592,0.0,17.013922,2024-05-03
0.0,0.0,2.1274447,3.67182,0.0,17.0361,2024-05-07
0.0,0.0,2.1461945,3.6734219,0.0,17.072485,2024-05-08
0.0,0.0,2.1695452,3.680257,0.0,17.127127,2024-05-09
0.0,0.0,2.1890783,3.6866019,0.0,17.187042,2024-05-10
0.0,0.0,2.2129307,3.6949868,0.0,17.259596,2024-05-13
0.0,0.0,2.2348218,3.706805,0.0,17.339474,2024-05-14
0.0,0.0,2.2446551,3.7222264,0.0,17.40849,2024-05-16
0.0,0.0,2.251757,3.740965,0.0,17.479958,2024-05-17
0.0,0.0,2.244919,3.7587605,0.0,17.541069,2024-05-20
0.0,0.0,2.2316196,3.776392,0.0,17.589197,2024-05-21
0.0,0.0,2.2143207,3.791816,0.0,17.631502,2024-05-22
0.0,0.0,2.2063773,3.80286,0.0,17.672874,2024-05-23
0.0,0.0,2.1903448,3.8113487,0.0,17.701982,2024-05-24
0.0,0.0,2.1752589,3.8167734,0.0,17.727404,2024-05-27
0.0,0.0,2.1542106,3.8255231,0.0,17.751535,2024-05-28
0.0,0.0,2.128877,3.8357034,0.0,17.777536,2024-05-29
0.0,0.0,2.093275,3.8458874,0.0,17.797009,2024-05-30
0.0,0.0,2.0559962,3.8521233,0.0,17.818224,2024-05-31
0.0,0.0,2.0099304,3.855708,0.0,17.821867,2024-06-03
0.0,0.0,1.9609032,3.8632336,0.0,17.802437,2024-06-04
0.0,0.0,1.9237185,3.8676536,0.0,17.783104,2024-06-05
0.0,0.0,1.8797517,3.8708913,0.0,17.75583,2024-06-07
0.0,0.0,1.8472823,3.8766277,0.0,17.737715,2024-06-10
0.0,0.0,1.8149691,3.8809662,0.0,17.713276,2024-06-11
0.0,0.0,1.7846696,3.8825042,0.0,17.673689,2024-06-12
0.0,0.0,1.7494314,3.8887038,0.0,17.625475,2024-06-13
0.0,0.0,1.7234927,3.8980625,0.0,17.58337,2024-06-14
0.0,0.0,1.7030033,3.9058154,0.0,17.557209,2024-06-17
0.0,0.0,1.6847457,3.911673,0.0,17.531542,2024-06-18
0.0,0.0,1.6746196,3.9179714,0.0,17.514233,2024-06-19
0.0,0.0,1.6620165,3.9258032,0.0,17.494068,2024-06-20
0.0,0.0,1.6558216,3.9340057,0.0,17.479893,2024-06-21
0.0,0.0,1.6525638,3.94363,0.0,17.467417,2024-06-24
0.0,0.0,1.6413975,3.9518824,0.0,17.441128,2024-06-25
0.0,0.0,1.6378264,3.95758,0.0,17.418873,2024-06-26
0.0,0.0,1.6367006,3.9630513,0.0,17.397242,2024-06-27
0.0,0.0,1.6380115,3.9658315,0.0,17.377783,2024-06-28
0.0,0.0,1.645796,3.9698355,0.0,17.360756,2024-07-01
0.0,0.0,1.653629,3.9765549,0.0,17.346567,2024-07-02
0.0,0.0,1.6703007,3.9826097,0.0,17.341381,2024-07-03
0.0,0.0,1.6896337,3.9883416,0.0,17.340345,2024-07-04
0.0,0.0,1.7136582,3.995482,0.0,17.351645,2024-07-05
0.0,0.0,1.7330317,4.0075145,0.0,17.361084,2024-07-08
0.0,0.0,1.7438594,4.022817,0.0,17.369678,2024-07-09
0.0,0.0,1.7570204,4.03943,0.0,17.388027,2024-07-10
0.0,0.0,1.7628907,4.058615,0.0,17.396267,2024-07-11
0.0,0.0,1.7554263,4.087577,0.0,17.390352,2024-07-12
0.0,0.0,1.7378678,4.1191964,0.0,17.376904,2024-07-15
0.0,0.0,1.7213328,4.1489506,0.0,17.367508,2024-07-16
0.0,0.0,1.7088345,4.173033,0.0,17.37379,2024-07-17
0.0,0.0,1.687152,4.1964893,0.0,17.360817,2024-07-18
0.0,0.0,1.6698345,4.2172713,0.0,17.34159,2024-07-19
0.0,0.0,1.6611514,4.2324195,0.0,17.318136,2024-07-22
0.0,0.0,1.6517993,4.2418256,0.0,17.29149,2024-07-23
0.0,0.0,1.6392941,4.2496147,0.0,17.248741,2024-07-24
0.0,0.0,1.6333055,4.2526646,0.0,17.208115,2024-07-25
0.0,0.0,1.6321361,4.2472873,0.0,17.167368,2024-07-26
0.0,0.0,1.6362095,4.2373295,0.0,17.137209,2024-07-29
0.0,0.0,1.644916,4.223601,0.0,17.120605,2024-07-30
0.0,0.0,1.6533798,4.207241,0.0,17.096071,2024-07-31
0.0,0.0,1.6718205,4.192601,0.0,17.075981,2024-08-01
0.0,0.0,1.6965513,4.17672,0.0,17.049473,2024-08-02
0.0,0.0,1.7262664,4.151526,0.0,17.013515,2024-08-05
0.0,0.0,1.7637713,4.098254,0.0,16.96206,2024-08-06
0.0,0.0,1.8115169,4.036308,0.0,16.90346,2024-08-07
0.0,0.0,1.8701391,3.9780583,0.0,16.843319,2024-08-08
0.0,0.0,1.925407,3.9257889,0.0,16.768133,2024-08-09
0.0,0.0,1.9871831,3.8753781,0.0,16.696709,2024-08-12
0.0,0.0,2.0279853,3.8375947,0.0,16.57413,2024-08-13
0.0,0.0,2.0626001,3.8068323,0.0,16.434372,2024-08-14
0.0,0.0,2.0973706,3.7799788,0.0,16.29667,2024-08-16
0.0,0.0,2.1400237,3.7576423,0.0,16.182142,2024-08-19
0.0,0.0,2.1872168,3.7396169,0.0,16.071087,2024-08-20
0.0,0.0,2.2396798,3.7236977,0.0,15.972587,2024-08-21
0.0,0.0,2.293715,3.7072911,0.0,15.882074,2024-08-22
0.0,0.0,2.3481543,3.6928694,0.0,15.798748,2024-08-23
0.0,0.0,2.4104316,3.6773295,0.0,15.726508,2024-08-26
0.0,0.0,2.4684548,3.6645534,0.0,15.651713,2024-08-27
0.0,0.0,2.5280538,3.647723,0.0,15.59509,2024-08-28
0.0,0.0,2.586545,3.6294317,0.0,15.543733,2024-08-29
0.0,0.0,2.6412792,3.61054,0.0,15.495893,2024-08-30
0.0,0.0,2.6917095,3.595583,0.0,15.449906,2024-09-02
0.0,0.0,2.7326233,3.5891643,0.0,15.4011,2024-09-03
0.0,0.0,2.768897,3.5853488,0.0,15.369847,2024-09-04
0.0,0.0,2.8091626,3.5701954,0.0,15.358141,2024-09-05
0.0,0.0,2.8487415,3.548281,0.0,15.361756,2024-09-06
0.0,0.0,2.8861692,3.5184398,0.0,15.368745,2024-09-09
0.0,0.0,2.93762,3.4798748,0.0,15.387302,2024-09-10
0.0,0.0,3.0005045,3.4438713,0.0,15.41143,2024-09-11
0.0,0.0,3.047512,3.4185073,0.0,15.428838,2024-09-12
0.0,0.0,3.0923111,3.402233,0.0,15.45881,2024-09-13
0.0,0.0,3.1224473,3.3989563,0.0,15.478368,2024-09-19
0.0,0.0,3.1175106,3.4043498,0.0,15.47511,2024-09-20
0.0,0.0,3.0444105,3.4177544,0.0,15.425352,2024-09-23
0.0,0.0,2.994378,3.4323056,0.0,15.406308,2024-09-24
0.0,0.0,2.9618876,3.4471753,0.0,15.415408,2024-09-25
0.0,0.0,2.9342966,3.4580078,0.0,15.430239,2024-09-26
0.0,0.0,2.9068327,3.4769118,0.0,15.4495325,2024-09-27
0.0,0.0,2.8864362,3.4956079,0.0,15.481382,2024-09-30
0.0,0.0,2.8657627,3.5083928,0.0,15.5075655,2024-10-02
0.0,0.0,2.8523042,3.5171766,0.0,15.531777,2024-10-04
0.0,0.0,2.8526793,3.5234106,0.0,15.568534,2024-10-07
0.0,0.0,2.8577337,3.5317526,0.0,15.608487,2024-10-08
0.0,0.0,2.868321,3.5357184,0.0,15.65686,2024-10-10
0.0,0.0,2.876975,3.541119,0.0,15.698214,2024-10-11
0.0,0.0,2.8866293,3.5497346,0.0,15.7370825,2024-10-14
0.0,0.0,2.901392,3.5614424,0.0,15.784364,2024-10-15
0.0,0.0,2.9130147,3.5744178,0.0,15.826901,2024-10-16
0.0,0.0,2.9184914,3.5853212,0.0,15.863635,2024-10-17
0.0,0.0,2.9176445,3.5934007,0.0,15.90617,2024-10-18
0.0,0.0,2.9145007,3.599749,0.0,15.944099,2024-10-21
0.0,0.0,2.9124913,3.6062522,0.0,15.985253,2024-10-22
0.0,0.0,2.913514,3.6139524,0.0,16.013567,2024-10-23
0.0,0.0,2.9099464,3.6230392,0.0,16.035248,2024-10-24
0.0,0.0,2.8845382,3.6376717,0.0,16.040756,2024-10-25
0.0,0.0,2.8566415,3.6586745,0.0,16.04353,2024-10-28
0.0,0.0,2.816845,3.6791663,0.0,16.04347,2024-10-29
0.0,0.0,2.7756722,3.6992729,0.0,16.067541,2024-10-30
0.0,0.0,2.7327979,3.713953,0.0,16.075872,2024-10-31
0.0,0.0,2.6860213,3.7221074,0.0,16.063704,2024-11-01
0.0,0.0,2.6612573,3.719544,0.0,16.063929,2024-11-04
0.0,0.0,2.6559355,3.7187438,0.0,16.070995,2024-11-05
0.0,0.0,2.6606934,3.7188413,0.0,16.086954,2024-11-06
0.0,0.0,2.660961,3.7195342,0.0,16.097197,2024-11-07
0.0,0.0,2.6639318,3.7170253,0.0,16.11092,2024-11-08
0.0,0.0,2.6701317,3.7110846,0.0,16.128826,2024-11-11
0.0,0.0,2.663764,3.703957,0.0,16.138456,2024-11-12
0.0,0.0,2.6767213,3.6889372,0.0,16.156904,2024-11-13
0.0,0.0,2.68673,3.6653435,0.0,16.152079,2024-11-14
0.0,0.0,2.684232,3.640047,0.0,16.12305,2024-11-15
0.0,0.0,2.6788611,3.6127124,0.0,16.081942,2024-11-18
0.0,0.0,2.6803296,3.5880754,0.0,16.037592,2024-11-19
0.0,0.0,2.6889415,3.5630186,0.0,15.997279,2024-11-20
0.0,0.0,2.6960497,3.542842,0.0,15.956241,2024-11-21
0.0,0.0,2.7102208,3.52112,0.0,15.924932,2024-11-22
0.0,0.0,2.726924,3.5020804,0.0,15.8984995,2024-11-25
0.0,0.0,2.7492948,3.4839947,0.0,15.884391,2024-11-26
0.0,0.0,2.7750416,3.4666908,0.0,15.878924,2024-11-27
0.0,0.0,2.8006992,3.4541316,0.0,15.870387,2024-11-28
0.0,0.0,2.8298688,3.4480865,0.0,15.856242,2024-11-29
