date,KOSPI_1001,KOSPI_1005,KOSPI_1008,KOSPI_1011,KOSPI_1012,KOSPI_1013,KOSPI_1014,KOSPI_1015,KOSPI_1017,KOSPI_1018,KOSPI_1020,KOSPI_1021,KOSPI_1024,KOSPI_1026,KOSPI_1035,KOSPI_1155,KOSPI_1156,year_key
2014-01-02,0.1641935959414198,-1.0689780080316624,0.30429176643949063,-1.8595154894185173,3.1063090874011046,1.858700186757023,9.390053036461875,2.230777364815917,0.665922967529875,-0.7422454879287388,-2.7868259138617457,-3.1367740497157515,0.09474025931004437,-0.8299353746730187,-0.44144485790809096,0.4484670027342208,-4.122315716826385,0.0
2014-01-03,0.1641935959414198,-1.0689780080316624,0.30429176643949063,-1.8595154894185173,3.1063090874011046,1.858700186757023,9.390053036461875,2.230777364815917,0.665922967529875,-0.7422454879287388,-2.7868259138617457,-3.1367740497157515,0.09474025931004437,-0.8299353746730187,-0.44144485790809096,0.4484670027342208,-4.122315716826385,0.0
2014-01-06,0.1641935959414198,-1.0689780080316624,0.30429176643949063,-1.8595154894185173,3.1063090874011046,1.858700186757023,9.390053036461875,2.230777364815917,0.665922967529875,-0.7422454879287388,-2.7868259138617457,-3.1367740497157515,0.09474025931004437,-0.8299353746730187,-0.44144485790809096,0.4484670027342208,-4.122315716826385,0.0
2014-01-07,0.1641935959414198,-1.0689780080316624,0.30429176643949063,-1.8595154894185173,3.1063090874011046,1.858700186757023,9.390053036461875,2.230777364815917,0.665922967529875,-0.7422454879287388,-2.7868259138617457,-3.1367740497157515,0.09474025931004437,-0.8299353746730187,-0.44144485790809096,0.4484670027342208,-4.122315716826385,0.0
2014-01-08,0.1641935959414198,-1.0689780080316624,0.30429176643949063,-1.8595154894185173,3.1063090874011046,1.858700186757023,9.390053036461875,2.230777364815917,0.665922967529875,-0.7422454879287388,-2.7868259138617457,-3.1367740497157515,0.09474025931004437,-0.8299353746730187,-0.44144485790809096,0.4484670027342208,-4.122315716826385,0.0
2014-01-09,0.1641935959414198,-1.0689780080316624,0.30429176643949063,-1.8595154894185173,3.1063090874011046,1.858700186757023,9.390053036461875,2.230777364815917,0.665922967529875,-0.7422454879287388,-2.7868259138617457,-3.1367740497157515,0.09474025931004437,-0.8299353746730187,-0.44144485790809096,0.4484670027342208,-4.122315716826385,0.0
2014-01-10,0.1641935959414198,-1.0689780080316624,0.30429176643949063,-1.8595154894185173,3.1063090874011046,1.858700186757023,9.390053036461875,2.230777364815917,0.665922967529875,-0.7422454879287388,-2.7868259138617457,-3.1367740497157515,0.09474025931004437,-0.8299353746730187,-0.44144485790809096,0.4484670027342208,-4.122315716826385,0.0
2014-01-13,0.1641935959414198,-1.0689780080316624,0.30429176643949063,-1.8595154894185173,3.1063090874011046,1.858700186757023,9.390053036461875,2.230777364815917,0.665922967529875,-0.7422454879287388,-2.7868259138617457,-3.1367740497157515,0.09474025931004437,-0.8299353746730187,-0.44144485790809096,0.4484670027342208,-4.122315716826385,0.0
2014-01-14,0.1641935959414198,-1.0689780080316624,0.30429176643949063,-1.8595154894185173,3.1063090874011046,1.858700186757023,9.390053036461875,2.230777364815917,0.665922967529875,-0.7422454879287388,-2.7868259138617457,-3.1367740497157515,0.09474025931004437,-0.8299353746730187,-0.44144485790809096,0.4484670027342208,-4.122315716826385,0.0
2014-01-15,0.1641935959414198,-1.0689780080316624,0.30429176643949063,-1.8595154894185173,3.1063090874011046,1.858700186757023,9.390053036461875,2.230777364815917,0.665922967529875,-0.7422454879287388,-2.7868259138617457,-3.1367740497157515,0.09474025931004437,-0.8299353746730187,-0.44144485790809096,0.4484670027342208,-4.122315716826385,0.0
2014-01-16,0.1641935959414198,-1.0689780080316624,0.30429176643949063,-1.8595154894185173,3.1063090874011046,1.858700186757023,9.390053036461875,2.230777364815917,0.665922967529875,-0.7422454879287388,-2.7868259138617457,-3.1367740497157515,0.09474025931004437,-0.8299353746730187,-0.44144485790809096,0.4484670027342208,-4.122315716826385,0.0
2014-01-17,0.1641935959414198,-1.0689780080316624,0.30429176643949063,-1.8595154894185173,3.1063090874011046,1.858700186757023,9.390053036461875,2.230777364815917,0.665922967529875,-0.7422454879287388,-2.7868259138617457,-3.1367740497157515,0.09474025931004437,-0.8299353746730187,-0.44144485790809096,0.4484670027342208,-4.122315716826385,0.0
2014-01-20,0.1641935959414198,-1.0689780080316624,0.30429176643949063,-1.8595154894185173,3.1063090874011046,1.858700186757023,9.390053036461875,2.230777364815917,0.665922967529875,-0.7422454879287388,-2.7868259138617457,-3.1367740497157515,0.09474025931004437,-0.8299353746730187,-0.44144485790809096,0.4484670027342208,-4.122315716826385,0.0
2014-01-21,0.1641935959414198,-1.0689780080316624,0.30429176643949063,-1.8595154894185173,3.1063090874011046,1.858700186757023,9.390053036461875,2.230777364815917,0.665922967529875,-0.7422454879287388,-2.7868259138617457,-3.1367740497157515,0.09474025931004437,-0.8299353746730187,-0.44144485790809096,0.4484670027342208,-4.122315716826385,0.0
2014-01-22,0.1641935959414198,-1.0689780080316624,0.30429176643949063,-1.8595154894185173,3.1063090874011046,1.858700186757023,9.390053036461875,2.230777364815917,0.665922967529875,-0.7422454879287388,-2.7868259138617457,-3.1367740497157515,0.09474025931004437,-0.8299353746730187,-0.44144485790809096,0.4484670027342208,-4.122315716826385,0.0
2014-01-23,0.07450645893922747,-0.18836333193804622,0.7015073732638877,-2.7770120736231085,3.5248323305514306,0.5493190405750692,7.979052998108194,2.1288106144368824,0.41901954567655775,0.8508946322067557,-3.5340314136125484,-2.297226463684232,0.054671040349885125,0.40092310099351103,-0.6289723384207302,0.17136433428384112,-3.1436595141369206,0.0
2014-01-24,-0.6512123197903064,-0.9573516962004036,-1.3446339717599676,-2.0624518118735558,2.559677574952035,0.1786973672050829,5.996400745948116,0.142975216323471,-2.886337389324989,2.161454069101043,-5.363233030513381,-1.7866502586540767,0.37985557434701,-0.08893058528052222,-1.3984050655595603,-0.8537392004036803,-2.4385592065827466,0.0
2014-01-27,-2.5058179888131416,-1.3448441906858344,-3.956556045026971,-3.2802378232236418,0.8146247594611911,-1.349894894792747,4.323756436915516,-2.3337976936769533,-5.161606349680781,0.14693877551021917,-7.432718475960076,-2.9802382365022084,-1.2151098002842642,-2.382396088019556,-2.9998210130660397,-3.6139836603968134,-3.265915346378745,0.0
2014-01-28,-2.1455261975742212,-1.461017539600007,-3.053022124607574,-3.2611306854580357,2.3218764464633557,-1.2626541218095588,6.527097661623116,-0.874698729926604,-4.320700096496177,-1.0226266205008439,-3.6924755957072675,-3.8465915557073016,-1.7204746505599111,-2.259606007411752,-2.3865349187740748,-3.1587291908043214,-4.370190470992741,0.0
2014-01-29,-0.25486740215094894,1.126727657925053,-1.8041288670620714,-0.16093345493658484,3.7575059460958515,-0.19888023920818787,5.837793998377938,2.1342362643196777,-3.37213478743551,-0.15006713529737148,-3.1115395042019323,-1.3901172415357155,-2.291173209282782,-0.30349611761459894,-0.33847697449939096,-1.4788800021949933,-1.7930209480309323,0.0
2014-02-03,-0.9584532689549841,0.9475141062493364,-3.5649974810078033,-2.199164549540744,1.7510472261795806,-0.7680291333653111,5.99261588657658,1.8034798527477802,-3.525034324199172,-1.6541235497021023,-1.922841396203312,-1.7462218945816455,-2.9292354893740824,-1.4434666718930678,-0.9564319134714672,-2.82776174196675,-1.8340744434747647,0.0
2014-02-04,-3.184840834923963,-0.24462713016135673,-5.041389925674689,-4.713034568170171,-1.490325675603632,-3.8175680952083457,4.979452164318721,-1.202028373552222,-2.29427934062445,-3.236650770072713,-5.745673438675691,-4.191479615208427,-5.986152324431259,-2.559179172082393,-3.5720101075281785,-4.1632613816643405,-4.649978669822607,0.0
2014-02-05,-2.813362314819101,0.12580333459137893,-4.2775314812166565,-3.9459035243014307,-1.3541812089906458,-5.56318800590444,2.78991130524755,-0.16365646305336323,-2.2714926832529514,1.1060714569905317,-7.08228076506675,-2.9210258309415815,-6.501472355372451,-1.199703043801037,-3.320797473542103,-4.002077936281179,-3.1609595720375694,0.0
2014-02-06,-2.323783584534722,-0.17104125674219928,-4.055614739001012,-4.130037313056734,-1.8107693122253465,-2.923876982025486,3.3908036894809923,-0.9150762236940002,-1.0756841636786474,1.6449459631277863,-7.2110764055742465,-3.5056283023202406,-7.822219886621163,-0.6009462953026623,-2.423750225591048,-1.2583926893377062,-3.90087069310483,0.0
2014-02-07,-1.7789630719555305,1.7454140309005162,-3.1987404386149887,-4.397856939024047,-2.1535174470875607,-1.9248662423106855,1.9766383181244462,-0.30964600141710763,1.727573642829161,0.4723665564478008,-6.863515473887805,-3.000921234454157,-7.90214147509265,-0.38700064822608793,-1.9688559512736625,-0.9917098725426676,-3.281232679303836,0.0
2014-02-10,-1.0892372253764493,1.3474482024361079,-2.646163336782603,-3.967414388639101,-0.981949917376379,-1.0795287086095007,1.16029089562526,2.078077175554993,3.1777464262038757,1.6636298819615147,-5.9583040810720185,-3.4586081947412417,-7.173221029321619,-0.5262799498039872,-1.1677224571784661,-0.45371247164297523,-3.998375441151747,0.0
2014-02-11,-1.1116911832447895,2.6262487555357206,-2.559247116751995,-4.291242488529489,-1.3728499603069655,-0.7188667073590449,1.6492252694150222,0.6682457764043415,2.51151038266193,0.9889240506329111,-4.362280565480825,-3.2629647692700603,-6.919359110169488,-0.028283852845933932,-1.2214107534637808,-0.6292925533714522,-3.742439516129037,0.0
2014-02-12,-1.428287735056455,3.2899956627066906,-2.6461049738020437,-1.8848310161863058,-2.1677089016661877,-1.1367745413145447,4.21274436713055,-1.996833114373886,3.6107521323339276,-0.007851142341219752,-5.2449922958397455,-3.3383285302593713,-6.763068906988067,0.14605220879624348,-1.7428946739909246,0.262056636736685,-3.9200177614964082,0.0
2014-02-13,-2.2056211366104694,3.176258926478215,-3.2839226862938053,-2.722300903366226,-3.7019710578842346,-1.849854689134267,1.8321722160992593,-2.713833116885611,1.2426721257391193,0.07084382871536121,-6.474931744849844,-4.474314122629353,-6.569280258402721,-0.16582461380320046,-2.60030115641684,0.2019560694890954,-5.413898117386495,0.0
2014-02-14,-0.3753356712655087,4.1897699010752465,-2.2107240176542864,-0.7969136052493053,-2.132047369572243,0.3036942804406362,2.6645879461293154,-0.16007361839840417,4.672753647922168,1.4508752562687244,-6.090057114007131,-2.575167362552766,-5.422802692077033,0.7616339092662239,-0.4384772879636123,1.5499048844243024,-3.1260556243666304,0.0
2014-02-17,0.2988827967184804,4.40378014650864,-0.03138148843654376,0.16820294730519603,-1.785098399891294,-1.140380178514555,3.320236361025053,1.1554679371337917,5.945969236072224,7.805738099054338,-5.246204873070537,-1.007030651785512,-4.333088186133582,1.4887123909385958,0.12480007754567257,1.691919365599004,-0.952327757142446,0.0
2014-02-18,1.9143189170514274,4.944499422064519,2.0129025611970386,1.7934557418413322,-0.08059214014548566,0.901407673688448,4.695041455995086,1.581685414182088,8.694738685108995,9.463645255950425,-2.303018424147396,0.18581240003763266,-3.946852920117272,3.866191115474793,1.6840732676434156,4.359855258155809,0.27745533818408497,0.0
2014-02-19,1.3563353904419984,4.452592279138035,1.2668856219105518,2.1743269250667385,-1.165628682040054,1.0629482922623223,5.409760708216904,-0.568243907769661,7.799648750630328,9.754311747478027,-4.875975824729295,0.7054089241330441,-3.883937372954538,3.1250311804675412,0.9362859838968562,3.6192795024102997,0.6819900412332824,0.0
2014-02-20,-0.5450377353630631,1.134126171536587,-0.13241626581038668,0.11879525228628562,-1.882157028021636,0.49088393670946306,3.219972719888431,-2.8963074198144034,4.599021736375697,9.428887834203458,-4.330659702791772,-3.030999908012133,-5.86896232179911,0.4872697082312083,-0.943070102555077,0.882823922578857,-3.2279497259288026,0.0
2014-02-21,1.972436925769272,1.5943366378401214,1.9947757719960713,2.0639886434832277,0.547515803772014,4.039429062713928,2.6459017887430214,1.283888572606462,4.226455133387241,10.83300119569548,-3.430944055944063,0.028135990621347418,-3.736955396310726,1.9518160937826101,2.16937838965372,3.4184673075707828,0.20884780921470725,0.0
2014-02-24,3.2964994567665773,2.615754901201295,2.5280391330192664,2.948087246617348,3.971560596058743,5.773951908936925,2.5066894132102613,2.76922339520449,4.758728611374763,13.104952734911546,-1.3188146634308562,1.7810184078412616,-1.0668293914653626,2.4283274553593914,3.601135752435991,4.316887025690641,2.493938344302049,0.0
2014-02-25,3.8882896601315498,3.9832223466793604,3.640681271329038,1.8878480601105085,4.9434997496135225,6.8317111867329805,4.54422813498816,2.6357994286277053,5.431036694344904,9.70407681410357,2.1652587629866993,2.4510037671069407,2.112830217991535,3.3773155801348542,4.209108930641969,5.3088775597391,3.0454735085523543,0.0
2014-02-26,3.2957874929896214,3.273415024823545,2.562067086932851,0.47877876720248125,4.12078727419789,5.444661385864591,2.1042012696536494,3.75383155022051,5.681374463100353,8.130716910327585,2.042401683120243,2.1378916293686157,2.664528772492436,1.9030513598131238,3.566562474953905,2.9943588541163857,2.675033025099083,0.0
2014-02-27,2.9092327698309495,1.389296140123264,1.6446643819125306,-0.2711667738721446,4.260218145653849,4.02977573034109,-0.26987404187105435,3.7237593359040533,2.571121802489995,10.178655383168799,1.661420644449496,2.018187430253815,3.735302705512855,2.433978573995499,3.210621679194925,2.7349156887746418,2.398280802292274,0.0
2014-02-28,2.94753808558208,1.7661238106877475,1.2545416451614555,-2.075257555589871,3.855493864800974,4.07887521356014,-1.140373176063858,2.0663766353004043,1.9307913443876057,7.659939219200496,3.2490506020968146,3.907321415682219,6.246494423026405,3.877523079330314,3.3015200582801274,3.4621517488691023,4.938073494872275,0.0
2014-03-03,1.688870946036869,-0.04503090406615673,0.277877535218618,-3.2245889504029623,2.874068986241385,0.8045889933313566,0.6282331772547778,2.6034281262173664,3.2134260829287165,7.982765374069722,1.504174653195145,2.5375714217122036,6.2259493986015935,3.1677121645220074,1.734283436680406,2.563072418371881,3.294497534581309,0.0
2014-03-04,0.9437763451524805,-1.0628437407183555,-1.0094734422867568,-6.329630756228067,1.3942214881705661,0.135144705732837,-1.515234314840852,2.1554536948950043,4.036221218849012,7.749685929648242,0.7024847144529556,1.8675316621747484,4.329603025641737,2.6163553809806395,0.9820066722978193,1.740451828588796,2.5057408183013052,0.0
2014-03-05,2.2979200398555166,-0.7266005764807071,-0.5599971645713131,-4.440477977540558,4.742472822273336,1.7360359569842165,-1.4735232496946749,3.5034593560124394,4.170217743687443,10.47746401321481,2.3984076961353518,3.614109483423289,6.06558654547773,3.4764448761534616,2.4980140543843676,3.255792006794689,4.662734710006,0.0
2014-03-06,1.8213866039952897,-0.3538528950211006,-0.4989100501930577,-4.212761179556789,4.068579455961863,1.3002877965135662,-1.5462770140926008,1.6079499026012911,1.4812580503154704,9.544535986320547,3.3601021471052706,3.3447458519884066,5.939463968661052,3.475873801422824,1.7737659769361924,2.8597804626591117,4.4967817862176185,0.0
2014-03-07,1.4550237366160568,0.2269950698711165,-0.04972388177769682,-4.772466709608936,3.625509454843412,2.7767737170067974,-0.8722676476574875,0.5924024005444561,0.8979625035584915,4.378531073446323,2.99215778667834,0.36096852073226326,4.314797084332134,3.431060737485314,1.3487021237974295,2.9129496743475203,0.30592680313539233,0.0
2014-03-10,0.38573945380115937,-0.09480828793098084,-0.9509960591854272,-5.954673681695111,2.172436482499518,0.6933019861768974,4.850807637293353,0.31359578127865273,-2.132697604742173,3.447762305458335,2.4442438225164675,-0.8193449935438468,4.237019950913856,3.7290326314469713,0.1161383982579256,2.2166906144806653,-1.201332618086337,0.0
2014-03-11,1.0777537018832328,1.5328087219841802,-0.11451192137353905,-5.266569043843172,3.8319070123898236,1.0712384843575284,1.4885808503236397,1.3200037680749954,-2.000177435095063,3.402268178785861,0.27466163671860944,0.18569447382648097,5.059414344320268,4.4535823133859065,0.7588358850454613,2.2423734993450406,0.15871441325265856,0.0
2014-03-12,0.10204240198490311,1.552319393609003,-1.1622184654534462,-5.838200546218896,0.6736440686844647,-0.3883518042832712,1.603563474387526,1.107110568306191,-2.4633127922660036,-2.421570044817112,-2.775160042894753,-0.3581084285917635,4.26954108675337,4.416292085099682,-0.11571523032840592,2.202928956921424,-0.41480718617690204,0.0
2014-03-13,-1.1977546569416075,2.2801412825989464,-1.786887033341522,-5.63603177354719,2.0690228517390885,-3.021124052879942,2.555995639714115,-2.701141627740211,-2.633896470093977,-1.9203107019562626,-1.157340057543721,-1.682996577750695,3.448959085183767,4.879261917765487,-2.229001032834521,2.0275546441594017,-2.402377029557956,0.0
2014-03-14,-1.4956004207177798,0.4982571412952108,-1.6913092449895362,-5.449535813790918,1.8297823620637699,-3.553527429593417,5.128040021794034,-2.641356901885794,-0.8709635289123829,-4.414601042931643,0.47568197262402023,-2.5836758661186177,2.320437288640287,4.785911602209936,-2.492574795354119,2.1089655077660696,-3.452743043821105,0.0
2014-03-17,-1.8998809075455703,-1.4962631983525765,-2.0591180844283907,-3.9270373371072975,0.602703347545086,-4.426141248270332,4.048916550033255,-1.651667792861966,-1.696001297753269,-4.347514168878663,-1.3083697649369785,-2.7577379567139793,-0.4183868937712165,2.9994960458985975,-2.860031346087133,0.16024340770790513,-3.4803853134161566,0.0
2014-03-18,-1.5506629388513105,-0.29836925767787736,-1.1620201039089784,-2.1778253972904227,1.1507467942742267,-4.147443962906006,8.916987684876542,-2.0051386442823227,-1.0257110498879451,-3.5138457089147646,-0.4504218740087551,-2.5383432007831774,0.5442025766326131,3.0858727896135862,-2.6639124688962124,0.04687039665747239,-3.175912847693241,0.0
2014-03-19,-2.0597140156588756,-1.280427099089132,-2.1507679514155775,-0.6074632402536029,1.6143414067684159,-4.234837157932548,10.202088536447661,-3.224743985311096,-0.9588800281271515,-5.177441149278151,0.006383861597880625,-2.131868643377477,0.029520396534454818,1.8261982648271946,-3.2821498259286264,-0.04114953209000127,-2.704479950751326,0.0
2014-03-20,-3.0540558285647945,-1.9720821845703451,-3.9138202519379828,-0.30722228021995424,-0.0957962938164969,-4.847255390356842,11.729160131038284,-4.196730520330827,0.07515455169906371,-4.357266936884773,-2.0999685633448673,-3.931738717669675,-3.6259146647064755,-0.026360135942982144,-4.4452477747093155,-1.1595295736264832,-4.857230238830046,0.0
2014-03-21,-1.514233797698361,-0.8863500039902439,-2.624520586218282,2.2857093606779566,2.563219829744612,-2.3005594106436433,11.674972187933385,-2.643298922102033,-0.9231952814463429,-3.3372025536854255,-2.0099859172961088,-2.2219100465922126,-3.0600902626186866,0.32718676122931445,-2.6635483272820837,0.25693969552313956,-2.9486312943561965,0.0
2014-03-24,-0.43805108207828347,0.0033643456994525422,-0.5913989468098069,5.192073821905074,4.564109073216138,-1.8693200534811272,8.680431196686822,-0.6815181962664618,-1.7695719937657395,-3.5269255993587434,-0.04521379666708736,-1.472723015687194,-2.011389305955713,1.6703933904343105,-1.3389337874675777,1.0594654877125853,-2.1697475202885452,0.0
2014-03-25,-1.5213774071142994,0.3011513703544688,-0.22047404465491693,5.109693246252989,3.9990105540897103,-4.409876221398479,7.959023249720332,-1.8916019266034145,-1.0082375494293028,-3.702385190459234,0.7839834132434831,-1.8044833038787234,-1.139467936601224,-0.5350655689999928,-2.72985250807809,-2.4115262336712795,-2.5295392574984366,0.0
2014-03-26,-0.5724785130743704,-1.080667881896069,-1.0670808836178658,4.184702339469171,3.137431355906206,-1.9558801220516897,8.52504810663346,0.6216435630733708,-0.8547351847240092,-3.703703703703698,2.0090374175091963,-0.3729960151978573,-0.6437796783761773,-0.6342711953069458,-1.0967330468316994,-0.8843934043905266,-0.9357359361530593,0.0
2014-03-27,0.16660927340126364,-1.5260745758571392,-1.618086386717621,4.254825844190369,2.2869172314643693,0.002962657140281877,7.544873592692003,2.2299531021757524,-1.139066014236323,-3.204899935902006,4.245098039215689,0.11444052595932508,-0.5393165084448426,-1.2719208334109888,0.09253786589771273,-0.9226886780053234,-0.13492810861712723,0.0
2014-03-28,1.3599942693996114,0.43126270958830926,-0.6438227677752262,3.744457819131619,5.934166381020645,1.4461908409529656,2.8381975472953735,3.7708264478877096,-0.15471468308179137,-0.5902677800172729,2.891833670605126,1.9457463428490307,1.1131800518134671,-1.0256744064944034,1.2784571511431198,-0.6091404058736205,1.9517910469087019,0.0
2014-03-31,1.106997917377428,-1.2990522272533278,-0.6987414555384208,3.4190373160813747,5.818673883626513,1.7474688709116837,3.293180446590216,3.829391597419951,-0.947254935848374,-1.204301075268821,3.9601346445779173,1.25991272112993,1.6427325914106783,-1.4153652346282741,1.2212609051911016,-0.48341401240233894,1.100751283974044,0.0
2014-04-01,3.075744874620967,0.5084225863347003,2.4183291497150483,6.261012390364917,5.900472454055405,3.712308199218284,4.293438550343409,5.654168954427785,1.1816141826823445,1.7334617379065165,5.628530365319695,2.520528382720455,3.134150680058023,0.7432247854633145,3.3381757108794208,2.4133972584239327,2.6873689351067043,0.0
2014-04-02,3.2501369947993686,0.2080621547627226,2.4188926124246724,5.037075137937652,3.133781307269401,4.752300653581876,3.500848880103491,7.632760550922946,2.370737940934875,0.8212950062330471,-0.5004088307440591,2.4985695212664583,4.1554941446864335,-0.2389830666084114,3.966343201080935,1.983934192749759,2.825111460602825,0.0
2014-04-03,3.8439502057398878,1.420271309897858,1.9916395823428301,4.861340663546687,3.292277814687994,7.476153904313199,1.3800219559655602,6.418864971895766,2.143427672697018,2.712801733801662,-3.626409017713361,2.8089210367691297,5.089936531692585,0.25703552362750237,4.791887223491398,3.2057535370932255,2.683624059273093,0.0
2014-04-04,3.141844744310074,2.724527533674892,1.4486017507165716,4.157437382859097,4.678284182305625,7.925285711712826,3.243116902940213,2.5222320250466446,0.7128771689535407,3.3150828770719176,-2.978846339036356,2.108412109608704,4.713259906387579,-0.13078783202701283,4.238691997413557,3.765433348859526,2.130552381503392,0.0
2014-04-07,2.550754815200418,0.8908209070739526,1.202808942756528,4.864639377052327,3.794914855053899,8.134392849949545,-1.2818750744476914,2.137583344355165,0.2864748178085019,1.7085050580741834,-5.184170277848576,1.8558821419175864,4.121561913177962,-2.1274011510576285,3.796074881812239,2.020506230842334,1.7563117453347932,0.0
2014-04-08,2.8565088146649487,0.5960189357212098,1.9356167911408706,4.274838299225947,2.77026682312127,8.20696730487358,-0.09277465451825728,3.1639850250560375,-0.3880722250012014,2.0175504387609733,-1.7171491494047397,1.697938217878292,5.008064239387799,-2.174297659952895,4.4102406868005595,1.065016466588764,1.9182928056829862,0.0
2014-04-09,4.138013670084195,2.6550587131332293,4.050916807168492,8.122882940642207,4.707798902957072,7.506591743678603,0.15926058898800832,3.375856741016592,2.9982719359162635,3.8898138338126387,0.6325862179692887,4.401166574272697,9.108369909651293,-0.034842221238695625,5.706985196072956,2.0625179851300635,5.102279368790197,0.0
2014-04-10,3.8073531995824084,3.6880136310272205,4.198999940006831,6.83934789523688,3.185743492722226,6.675930299871502,-0.033205967976712714,0.8829230055260595,2.8398796428109385,3.895226658661066,2.4105043114711178,4.310138403333164,9.108805570137868,1.2309606394208972,5.150863393350935,1.8250930426605638,5.114477235135362,0.0
2014-04-11,2.6671121276759857,2.845881920614479,1.9038379607529077,4.902446250650039,1.9179218467078707,5.759217097169778,2.0840392300658594,-0.19450579255297917,5.34332511533675,4.516957474129479,0.8885298869143687,2.9419452959768,8.851218906159408,-1.0483938606055565,3.60654337854982,-0.39609033224294876,3.6681260441269625,0.0
2014-04-14,2.872891178364445,1.9271201911736036,0.39165756626284853,3.5483672842665515,0.0,7.822970344675473,2.5349009797012156,0.07251603496283288,3.796914500550974,1.774491682070245,0.5143040822886524,2.545704272046989,7.4263747103294975,0.1019262167442303,4.173229794249789,1.7580124024162869,3.127420881990073,0.0
2014-04-15,1.423400583410972,2.7744753437403125,0.7630425554765674,3.61239986580586,-0.4025581280055479,5.420137001728453,2.7318812064535347,-3.352651515151528,4.095803725520386,0.8915414087828033,0.10197903056183844,0.43020254400856217,7.7466297173915954,-0.8479595386047145,2.171384491143913,0.3661672075454314,0.3691279877612308,0.0
2014-04-16,0.719930029272442,2.3273001664203097,0.18694405214001453,1.122563901674667,0.3363217444557032,3.752333023378518,3.192742750434241,-3.579741371206391,4.016765060830418,-0.28695460231034087,-2.467161979999377,0.21462231138897891,8.2016462568538,-0.25482997177994626,1.2263351903324615,2.002520562483423,0.02251840175644393,0.0
2014-04-17,0.5577990913679942,1.0129103407525042,0.8416748328707202,3.2601882179077,-1.7835781381758342,3.363170194361742,-2.042976459549539,-4.066201294200078,5.478627829154514,-1.6871832005792786,-0.7962187539652277,0.10680783876659827,7.38820609311821,-0.9038295313615552,1.0749994034409571,1.8890851383115859,0.023825207069094745,0.0
2014-04-18,0.940265208172808,1.9824121053022115,0.8496908593244257,3.057722760405679,-2.2271952259164562,3.6511656006294357,-0.7427107774858999,-3.3184090739496908,5.8267834294355225,-0.7546074590044971,-0.26030093327407133,0.1343868022892103,6.320997794307592,-0.32603589213567874,1.634494622119842,2.902628557777165,0.11615377079920997,0.0
2014-04-21,0.3634574644323818,1.4745714002324606,-0.029219364378063606,0.33899344708083756,-1.6734798160449649,3.7323803662658195,-1.7626947651608438,-4.3044280374317285,4.100856015843646,-0.8228355057161796,-0.8037211657121013,-0.11607930538143352,5.888752529105434,-1.0388226053783312,1.0552289888426936,2.42443823188101,-0.40003916467344913,0.0
2014-04-22,0.34897984729003184,1.4442956146992092,-0.09503522857611246,0.5608868843824055,-1.1145333570258042,2.635347417517697,-0.575743494423786,-4.311598896929536,5.2266389987679185,-0.5091279365772139,3.2082045887844357,-0.18840714551544568,5.395128294377627,0.0037284912659973912,0.8518531646167782,2.793693470288039,-0.4434154213148078,0.0
2014-04-23,0.33455384461051896,2.5798394017408244,1.0454053365599014,0.4321983632872062,-1.6683818872704093,1.8025706579188672,-1.5982562786979626,-4.087780174434952,4.511302441069298,-0.6621071012805513,4.310920999866319,0.37054409005630173,4.535504714182093,-0.19815183501745715,0.7993477605855892,2.739824254908596,0.66473495824102,0.0
2014-04-24,0.5155702206640633,1.2823053548380425,0.20311545510078854,-0.01594443880753582,-2.368076282790066,2.7735801127714232,-2.7522257592067945,-3.2742752919584395,7.201199380647694,-1.4519056261342977,3.5599669148056234,0.1054703979749716,4.360513313658521,-0.24778594309403656,0.8767162133421547,2.522850730247539,-0.11613085965161973,0.0
2014-04-25,-0.9066693471377563,1.0381693443423545,-1.8657131586134357,-3.011658625648983,-3.3158055700798106,0.9451620657952464,-3.9447548682916,-4.661773835413485,2.3362330568480694,-1.3630000736756798,4.402325503242932,-1.0777430791988452,3.2164595737909307,-0.7894611235740534,-0.8302006858435851,1.6072213438994565,-1.4307613694430121,0.0
2014-04-28,-1.192656407580417,1.5779911088203091,-1.5224245609070874,-2.3269908156873575,-2.8981334392374936,0.5134137739820632,-5.254720424295356,-5.237851468441312,2.93200502166604,-0.845463902367305,1.1171370116584978,-1.7186951946685292,1.2980222480752035,-1.4801629607066658,-1.5170291365913635,0.9795548314193381,-2.3111111111111082,0.0
2014-04-29,-1.709897696290552,1.109359090574391,-1.6675794983884606,-3.9477481252495505,-3.061425448529842,0.06517310851554825,-5.549632352941192,-4.532232659208746,0.5221440835430524,-0.3277972027971976,0.17550017550018726,-3.022047789449378,-1.928124304915635,-2.2485775650928685,-2.197215491395954,0.22883595281650848,-4.005171550909203,0.0
2014-04-30,-2.330965194836232,0.9195822676683285,-2.0008761499468064,-2.681712068394404,-4.014983488589873,-1.5600515857057684,-3.864092425159371,-5.046678392639691,0.7896620340875904,-0.5417900744058346,2.353766664540413,-3.1862632569670812,-1.932146949524871,-3.287648274706234,-2.8834915143297946,-1.0314642109233718,-4.215495465650765,0.0
2014-05-02,-1.9024351169496967,1.0462614647157142,-1.8229350311797954,-3.452171457124853,-4.111043839885653,-0.2311473910031725,-3.9261242992311374,-6.400142863798008,0.9168288689096915,0.03613500036134809,4.1441152922337965,-2.481590064405914,-2.7113399447079356,-2.2188318170688004,-2.17231330762665,0.904804299798867,-3.2924440492894225,0.0
2014-05-07,-2.861263282290605,0.19369704775511476,-2.395166967841633,-4.641327686631791,-5.5637041148021815,-0.891220847036378,-4.02357975236709,-7.824119103622795,1.8508688388940042,-0.9880130766436679,2.5455708346658223,-3.556335588758275,-5.110531115373728,-3.32997067891051,-3.218252847594849,-0.22482989843211065,-4.3429875079987745,0.0
2014-05-08,-2.09158397205198,0.9684274056657172,-3.209998731125485,-4.146668430394285,-3.9024778743442012,-0.7949815281518058,-0.7638369399655676,-4.7834794571015244,3.3952395037128102,-0.19718104140802328,2.970297029702973,-2.6187829952764696,-6.510651251498767,-3.0946895355121296,-2.329916123019571,-0.6038814364080602,-2.848472983555206,0.0
2014-05-09,-1.7899719407090675,3.030723929107171,-1.7005146663335857,-1.1621572544034953,-3.161833863640906,-2.186426049575696,-1.588046553817135,-4.68409373647245,3.472037127044114,0.8780991735537258,4.515942401645678,-1.4618930117789364,-5.7739955426622025,-3.334500345372471,-2.4052795946025496,-1.9970216999720347,-1.7180486569390307,0.0
2014-05-12,-1.3609096157224942,2.7828485557527705,-1.7217036929628393,-1.3332958115656823,-4.904808969021735,0.9121239245740709,1.7345268035351191,-5.761021126347976,2.2020269900682177,-0.7365397363187753,4.40955456783807,-1.8045182539314308,-7.230951804010022,-2.6233953391357145,-1.4218261228825968,-0.3649468546143009,-2.2390360095278172,0.0
2014-05-13,-1.0652204282834643,2.912302269277589,-0.9648431182273987,0.16910155521276948,-3.190487986128321,0.9294461690406042,3.1578897799460215,-5.672915878761686,2.1362790588124403,-0.7237900277818454,2.9248886059834556,-1.1800911678274795,-5.638067233173016,-1.970155444321886,-1.1431984960380448,-0.11221100828684438,-1.3195415152362222,0.0
2014-05-14,0.5807264833284975,4.1178254473091425,-0.5268581766322833,2.599270916326546,-1.9977813533744393,2.011458417388612,5.200874815765699,-2.9949457139421543,5.5115758028379425,0.20558002936856834,4.0096972790200525,1.3736519152101057,-2.895590833343775,-0.4951009571321774,0.7102272727272707,1.1020915276713783,1.6318620360357805,0.0
2014-05-15,0.2983704383750396,4.007617868544355,-0.5876594048213835,2.4483265199225723,-0.8236081023071051,1.7359429351415656,3.6347745617191896,-2.8227475464881135,2.2755284402538933,0.8553256817018795,3.3537167972482296,1.855002213884549,-3.0906892984883028,-1.6703018101150047,0.4908622305529464,-0.2831404465493126,2.2734640375480897,0.0
2014-05-16,0.6533791248619192,3.6406008410579727,-0.4162055465502301,3.760092510376456,-0.016101439066129597,1.7263734065574354,3.4028705964587624,-3.274040003441825,3.1278926257327866,0.7397641543982925,4.654962516819383,2.432356652180001,-1.5610316053712103,-0.9880214165404189,0.8035588690392448,-0.4993433032796646,2.7345072807314574,0.0
2014-05-19,0.8406977791567183,4.600449032322795,-0.013970808630403564,4.0395567981774905,-0.1957361799158508,1.5359579417965064,-2.039565576807978,-2.887128775233827,2.0068320940291873,-0.21362799263351384,4.268234241717517,3.5798740371332904,0.9125571936959842,-0.7329259423670909,0.9791979010494778,-1.342699231564859,4.253629764065336,0.0
2014-05-20,2.0084598764492867,5.59229424016725,1.7092100991048298,4.735693011829256,-0.12142609334502286,2.787758585741984,1.1856447124304337,-2.5942689586570866,4.7508342426974215,0.29130564684793914,6.885119258377048,4.113458343223342,1.4640037515497584,1.0613116773150688,2.304095443499743,1.481725386894972,4.749150394562518,0.0
2014-05-21,1.9839939875892387,6.456711692054773,1.205520921521841,4.852102793035518,0.02044968865348995,3.0413262458715007,2.4517381106793135,-1.9731734840057302,4.209780855333034,-0.6895529027952874,6.243376047788796,2.8598620033309485,1.6310940201822,2.184519956328912,2.3544285680207944,2.6941569130075615,3.2771495009893403,0.0
2014-05-22,2.5865622948233025,5.3362631843294706,2.130412016550487,4.856974119322355,-0.20823810249378516,4.046370057363302,3.7061365096047183,-0.2356436041026977,2.870914153349391,-1.162025871519401,5.0614767152959095,3.5899633385706675,2.497391800208648,2.2521176844722213,3.2795834383136047,3.567316498757056,4.318547160794206,0.0
2014-05-23,2.8229321181166167,4.853626692216428,1.795995729050115,2.8524540343412896,0.5627901244711131,5.256475272816052,0.6034788782392608,1.253511378903216,2.0921285710941318,-2.0482277745496713,2.8418297394989356,3.2389623938919643,1.7320069461031595,2.3548439891788897,3.599754480135764,3.950031542424548,3.9542893375412502,0.0
2014-05-26,2.5981913199689677,5.25209613196107,2.275444186201625,3.620612061206141,1.7958617548726297,4.512389796220084,0.7548437780995787,3.2799396106212297,-2.8762772186292085,-2.680248519000128,1.6636427934438425,2.5920840829466885,2.681969862870859,1.6778071003409556,3.102151346472093,2.2802878299685636,3.189059514745818,0.0
2014-05-27,2.9769882673154946,5.805954335698393,3.7837697084901034,3.4473893184216786,3.5827474026655537,3.9790563145343016,0.258488624129094,3.0045823348888057,-1.9827857104535163,-1.1813045711350667,2.3638745088255364,2.8589900150851166,3.0242777324876347,3.102355293314485,3.198215175868402,3.015687902327824,3.382583910185555,0.0
2014-05-28,3.4071567722751883,5.754334928992355,5.055571432691575,3.0306900102986756,3.4891069005169584,5.488578531665955,-2.63202110702917,1.5806111696522684,-2.7914119666355486,-0.8561393238694426,0.34318575315359645,2.712984758779746,3.95848146351514,4.595575645503724,3.607232582858244,5.26985304835228,3.0226700251889227,0.0
2014-05-29,2.8473588714829745,3.043293895028909,2.6484484806364783,1.2968746810378295,1.4579157281312538,7.641188191909731,1.0569806579417973,0.5846732948733724,-4.771537453311215,-1.9969278033794335,-2.924624042808377,1.9914953933380497,2.31106178027074,3.6903258645836434,3.609293114690759,5.768107864214245,2.3608406826251205,0.0
2014-05-30,1.527782018789381,1.9315826270406733,2.163429805011763,0.19333572371529328,3.6880340983055815,3.9199263994370126,1.0871632182628543,0.3079397051570565,-4.186832427307685,-2.188914446835366,-2.970721548450317,0.23856764928193996,1.7246113764073145,2.7135443543283344,1.6429071793367278,3.9355864134949403,0.3640428825316677,0.0
2014-06-02,0.9617081793104054,1.4039732516156977,1.2018556038112305,-1.1320490227491264,0.9139757433089368,3.9969370457406006,4.982584918493771,-0.9458895534845024,-3.2684561694800607,-3.0267324545253604,-1.76566993413525,-0.2411782611749791,0.15052883155295405,1.536641889357937,1.3003785612303531,3.4391927226242958,-0.0991557595331205,0.0
2014-06-03,-0.11288870764808445,0.9084628586971899,1.6520175283061933,-2.8704551457868654,-0.4945850584324174,3.7101523791717383,4.215231234379879,-3.4229046705054555,-6.244411992608945,-3.4657092614302387,-2.827700423234991,-1.8800871259887608,-2.038709677419348,-0.13198750391690828,0.017484759118291393,2.384545344565203,-2.3476903093866186,0.0
2014-06-05,-0.7322654462242562,0.8553059446642752,0.6477338199797344,-3.3103125973621306,-3.214084393622163,3.8883659197224363,2.954838593294795,-4.917797858365514,-5.267003088047007,-6.008988112496394,-4.015284582909606,-2.5716704418056624,-3.3757281927958793,-1.3251938498871962,-0.5764814231921545,2.9298479051141912,-3.1586780959730887,0.0
2014-06-09,-1.1621900826446319,0.5981852644627361,1.1776380408477394,-2.0241641939265143,-3.4261328180043016,0.4229505178283688,-3.540271675086104,-3.025389495647113,-7.398930401286519,-4.282390577286598,-3.7560841215906082,-2.0575286845046614,-2.874277586273166,-0.4694791062790471,-1.3187043206753901,3.0321387578114978,-2.299134734239805,0.0
2014-06-10,-0.16574530801830578,1.5979413584540136,2.350218356142797,-1.072150172686659,-2.628413146109443,1.9483184758872119,-1.9738788416677533,-2.8221654708338373,-7.2333475677822,-1.8529455189724042,-3.640040444893833,-2.217450271247745,-2.7494395324819343,0.8220663932788641,-0.4309144898621997,6.3147603825646215,-2.517408334240012,0.0
2014-06-11,0.1695454590654677,1.6822855499364797,2.673882145490203,0.22412023769597944,-2.0800343266961563,0.6575660329472655,-3.681420999856755,-1.275084383599856,-6.84758813316223,-0.7745587249571861,-4.881647894958741,-0.1573079816701961,-0.5305543596626827,1.1368072283421071,-0.33800461126565207,4.827524780191128,-0.3491792911935243,0.0
2014-06-12,0.16531147769540677,0.833180408820855,2.896151730466512,-1.4744751960505953,-2.2735404463254283,0.7353594044672063,-3.861365875482492,-2.0194227071775983,-5.241061652886314,-1.0004479617739315,-3.391674979595549,0.8604737231680204,-0.4856649483227171,0.04916699759840437,-0.26393679500326117,4.642558475456782,0.7523844152938386,0.0
2014-06-13,-1.2274321662639753,0.7025883957286982,1.7904175965578917,-3.597977879128045,-2.0572068403908683,-1.1650677903895956,-9.390028197296619,-3.5136287914758535,-7.594504844652694,-3.438331854480925,-3.356274444410756,-0.5768258491519962,-1.9314050892998202,-0.6182496748534438,-2.0404844190166527,2.8816332202661776,-1.0439659600461004,0.0
2014-06-16,-1.1689644402802069,-0.39320310206708564,2.132929164167785,-2.9082800490097704,-3.6785130718954395,-0.5744152349409948,-7.177134791813689,-3.9194399880985387,-8.208487479744386,-1.520094913243375,-3.051145315719306,-0.5236564079007744,-0.958817183831473,-0.7853870970776167,-1.6595027881040836,3.90297559217887,-1.1131596822712253,0.0
2014-06-17,-0.43773472280945747,-0.7518974883122476,1.7831164531307842,-3.302213649886787,-2.271571797531169,0.25659712460808226,-8.146192759879177,-2.5617445082526835,-4.75267342805582,-2.1379259149283625,-1.9903206291591147,-0.10152518516809428,-1.0257256564707773,0.11745983631403778,-0.7383412128640576,5.711967079030766,-0.7447830384363807,0.0
2014-06-18,-0.4074828671976394,-0.9712331790148965,1.768590396571712,-2.0633991670240937,-2.240030799157078,0.06703846094850974,-12.082162489474236,-2.4908475738418256,-3.360805717592219,-1.9379269379269481,-0.5514257860102401,-0.11173964662337665,-0.22323438967589704,-0.8040410155511046,-0.547835460859214,4.952350495682767,-0.4712336474890999,0.0
2014-06-19,-1.2409149950918685,-0.49951720402251487,2.3410027378251597,-0.5751538341589923,-2.6657457180896293,-2.870153387302943,-13.007019098477258,-3.319502074688796,-3.249488879251594,-1.8672964794449798,3.8977045139423794,-0.7546645678040642,-0.89744573137992,-1.1505649928908124,-1.7824979452893186,3.7076431196817694,-1.0101292350681135,0.0
2014-06-20,-2.1960382853110416,-0.21360862997893415,2.538431417130882,-0.9243827875773603,-2.1641053842942015,-6.009838512272781,-15.308627410052678,-4.80965184531339,-1.2578266092781787,-1.1344976862218137,5.461572578090346,-2.142542792949298,-1.109410617537454,-0.5871857564972771,-3.2883465613090412,2.0031241962095603,-2.412688644278782,0.0
2014-06-23,-1.0045314191763244,0.5325869575157904,2.874415045770218,1.2000691330913638,-4.258507396195077,-4.374582258300608,-17.598909846708665,-3.631871219383187,-1.4228145074412613,1.608253679259608,3.932832523199292,-0.22386125315172478,1.2608306339048303,1.0436612508768262,-1.4891173092215881,3.4203040829683395,0.08282637877361498,0.0
2014-06-24,-0.3821178821178828,1.546091856752696,2.503252614698792,1.0724984656891756,-3.403720156595469,-3.4907331781430018,-22.48867282957502,-2.5207133829518225,0.8041958041957953,2.2858444714459303,3.8592294132460347,0.401370763308595,1.5735625667462116,1.720790597683508,-0.8965331711425217,4.172440050431292,0.6621671440319776,0.0
2014-06-25,-1.333791372923887,0.41936922860392745,0.8873395263535588,2.4851959693777292,-2.2290088852905954,-5.839067468795578,-23.496938368401878,-2.0192944683670055,0.33218103071483984,0.6982922201138386,5.409670496149488,-0.8622502628811812,0.45969441517386134,1.4775514861087302,-1.8565568038786062,2.597047226955551,-0.3523418706664838,0.0
2014-06-26,-0.021548700062146153,1.3801078863647787,2.5260944013355546,5.288009699813889,0.6520993021393418,-5.715619835858421,-24.892023303692667,0.25580265934286306,-4.92299864045096,4.318655047428099,6.915371773468593,0.6481459737453843,2.262563884156732,4.083730402705199,-0.59917100997251,2.353486933663218,1.383236089369566,0.0
2014-06-27,-0.07688287672609206,2.0257958824976274,1.6568254603682941,3.0149824906359424,0.5638353309015187,-4.334339973957291,-20.59028254580064,0.21057020744292831,-2.340007915801723,2.9775921002658468,4.5706106870229135,-0.4634697347276284,1.2784653138770752,3.1137507280696086,-0.694088463872633,1.1295064211666483,-0.1855600539811153,0.0
2014-06-30,-0.4766875434933815,2.2667991700441537,1.7618411711850523,2.9836871112685293,0.6706880262461024,-5.423453790622535,-14.249244272052163,0.26238069812454246,-2.7870202868587657,4.0992854456562755,4.960412095774092,-0.6796273607804104,-0.09842647154050255,2.364931817109417,-1.196987436000485,-0.2317069481835632,-0.5748008426691986,0.0
2014-07-01,-0.7777948745948504,2.573017261089583,0.7113933983284859,1.9470487693938443,1.351111667553484,-5.213072786581074,-13.64416022209003,-0.8408178864895755,-1.260139871473831,5.967124521504186,6.788032293810353,-2.463807827556286,-1.9661383743873606,2.65850788420805,-1.5640569913463964,0.21970018814103653,-2.4003973071404894,0.0
2014-07-02,0.18044888524344493,4.068609029220505,0.7750410185408674,2.8636847366893647,3.267884975469948,-3.2649528352609924,-11.80431101913918,-0.006666000066657407,-2.5682502749135416,6.613876319758671,6.186050877687044,-1.1971378772589691,1.26825347206716,3.5004819778101215,-0.4124337681608137,1.6818831278909263,-0.9799566931319781,0.0
2014-07-03,1.0106236029836513,4.50051610337221,0.2878870179250592,4.279868900515038,2.152381546264248,-1.1600087459184283,-7.049765180425316,-0.21977930321203099,0.6908377843962699,10.100313959721262,6.6319488016062245,-0.7581536185655158,2.7578648788034954,2.891417733522994,0.5810781965230216,2.880736761320035,-0.20762896143431409,0.0
2014-07-04,0.8060834976098441,6.125718033971306,0.1481525160129893,4.473411917466397,4.773214020653538,-2.5551126482249,-7.902379685242911,0.09583153736383299,1.0567162687673104,8.613809201114364,7.594461980810685,-0.9697081640192118,2.1873538400425385,2.7530763542594983,-0.17424381139141687,1.2947110324225353,-0.3813048476182468,0.0
2014-07-07,0.17836176962853223,5.51103016548824,0.28709218739604303,5.262018897046206,3.3367321458298793,-3.5858445139811734,-7.930290354582359,-2.449810617769377,1.128522495987272,11.492073124478486,5.799024751558557,-0.6605843630904329,2.2958872834779376,2.6028460053741043,-0.8102784229559457,0.9768186901199849,0.060310247131756256,0.0
2014-07-08,0.8630352502400074,7.712601538350938,-0.07223598732789549,5.376361690327625,3.368119967251504,-2.1514577183241346,-5.209689743120649,-1.5503486610244699,-1.6287989125157831,10.767017490724617,2.6651962135832985,0.3588990654641355,2.9942938199168267,3.8229740812083968,-0.1771022750830742,2.3504963648662613,0.9794360822556802,0.0
2014-07-09,0.42519439968273787,6.052938656391049,-1.3500364578125867,2.3933469659406015,1.4840487895180665,-1.0836883788175378,-2.7701231999828435,-1.9506102467811148,-3.6683956072103174,10.852888086642576,-0.9994068801898015,0.33355103564096655,2.7579979360165208,2.3250752313719536,-0.44866735114155176,-0.13290528526086476,0.8623609778129149,0.0
2014-07-10,1.7667054525499548,5.676798642183356,-0.15275337966852431,4.461837619702402,2.1713786068201735,0.48102922382844415,-1.8886424277493763,0.7512338952631259,1.0015147608611663,10.62207458855502,-0.6158005407029044,1.8131035788676364,5.677195227864873,2.6218579961446276,1.2213565674276783,0.8936369115711607,2.4881041105314416,0.0
2014-07-11,0.699775180766804,7.014545210805023,-0.32534221272110253,2.7413719316786933,2.7104197290637844,-1.7848465092861532,0.5228459748098491,-0.7005839628870691,0.3132791503416277,8.951769449007019,1.436467444120515,1.1548816777667614,5.980533033374735,0.9400065669121327,-0.701399809850678,-1.3046203274937773,1.3155641801266826,0.0
2014-07-14,-0.023566575575995063,6.439179607133827,-1.0808497240069714,1.4947835880417149,3.121522017597278,-3.1007843250962175,1.0939139117800423,-2.1092237226231103,-2.1450193926780825,10.824857079218964,0.7364975450081745,0.5306838106370559,7.089777454715374,1.0194771339192554,-1.9013448680801903,-1.9148846935046149,0.27467496795459123,0.0
2014-07-15,1.5617352164983833,5.820281785161985,0.47249384374854486,1.479020769737227,3.7839877570700953,0.3099243920713812,1.2181641942487165,0.09000900090010422,-2.4989505199876416,11.012286123464254,-1.1856997424995575,2.083627963984358,8.932200500858812,2.0772430852260104,0.24106114403106282,0.47886333604083564,1.9497025035145832,0.0
2014-07-16,0.9237863712688865,3.5617300032624755,0.17488279655055727,1.2908693553892903,2.7774907520304204,0.680277118570749,3.814211729575878,-0.06973821027532745,2.6951540745076663,8.013602424780064,-0.8167677616959801,0.9496255162276368,5.857280441459722,-0.5593140557652698,-0.1332963720974134,-0.009064539521386195,0.7313101821958989,0.0
2014-07-17,1.6288577879920219,3.0671859785783795,1.2872198512436483,2.8066591606838998,2.9588251754049777,2.639925347097849,5.4155262577294305,-0.4302417509258194,1.4631201098374014,7.368886921885376,0.6326611308817842,1.731480181571432,7.841668512173849,-0.5537549773127148,0.91194427468686,1.6217870257037914,1.563292208889644,0.0
2014-07-18,0.8595501970322772,1.1769458037115932,0.714926873054722,0.8823811003190629,2.945392667457347,2.0907027765159514,3.0417373443648144,-0.3786034939693983,1.8799896986865683,3.771676300578042,0.7422218182919993,0.23042010939136048,7.203230531896976,-0.6241299517843468,0.18039687312085828,0.5590860580188206,0.08840244159125099,0.0
2014-07-21,0.9754877438719278,0.06802017625497925,0.28053824140499284,1.9179213019379748,3.3342941261246484,2.8378936987804693,3.0098107315281064,-0.9262905644884301,3.3436197104494303,2.974925626859326,-0.8627590500756122,1.566194545241717,9.337038455794989,-1.6084512466872702,0.5067457568922684,-0.3578955017803809,1.6028721659976375,0.0
2014-07-22,0.6773252352030523,-0.7958083791536397,0.3901628123013756,3.1727121672884495,3.4957101325959083,1.226523746870134,2.6163345495368917,-1.1228792373587426,2.7807084263643977,5.566951970007783,-1.935997171145687,1.4089410890859355,6.562344477412596,-1.2628061140634528,0.07449860095147809,-1.0622208990771043,1.606436962067903,0.0
2014-07-23,0.8627677190609528,0.7322057244350866,1.5495364192759098,4.018319037040219,3.563943432699146,0.4855740093586469,2.4717010561968067,-0.8455272319954577,2.7729113532100724,5.529280845736539,-2.2771403353927466,2.8321881914521896,9.106136839859968,-1.2986294804560372,0.3159781173363685,-2.505863326311264,2.879113772791797,0.0
2014-07-24,0.8439238478150424,-1.8934389150404685,0.6022825404302212,4.176028616981808,1.770896579639758,1.848084642792358,-0.13153260247434906,0.12458714829215456,2.5791459977916764,3.431542461005188,-4.496470793272711,2.601883801175031,8.500059563742601,-1.4263834812613951,0.9248082930985557,-2.2614106637675824,2.5878810053193035,0.0
2014-07-25,1.4328319502074693,-0.09873385690142289,1.2618009720904988,5.955359532648297,1.4790724836134084,2.2676119217738044,0.12441265010052494,1.0363898312961917,1.1061114292726826,2.6942441148455565,-4.603132930777987,3.306284731102793,10.467616653396949,-0.9064669918759316,1.3059690432576376,-2.681815732919879,3.186106166159708,0.0
2014-07-28,2.1005053172933996,-2.1805626928458888,1.6942085551734376,8.224349886387895,0.6256078120770336,1.204477327241671,0.3400240684816369,1.6342842566217541,6.734937281513487,6.4666074236106486,0.4893623370035405,6.390636973736141,14.58441582831993,-1.0608495981630273,2.316501513083713,-3.9505805299196117,6.2241070428843415,0.0
2014-07-29,3.0727318170457263,-2.7549758738745878,2.1583231774393363,9.399300919016596,1.0154341943918066,2.3771027968306546,-3.415325404308567,5.518128734963956,8.73542779748897,4.606825429133599,1.4198843722853072,7.748459839590849,13.38283662657862,-1.4870851097280036,4.131916085917142,-3.2006562955760764,7.969158865426862,0.0
2014-07-30,3.982844361007376,-1.5623343431586223,1.9468838754092888,7.764052557382417,-0.7753122644008403,3.8818709235770132,-4.1126711337560184,5.1032136843489395,8.049140441147152,4.2243909097113175,8.466072238174394,9.882828846422086,14.333294198340262,-0.20079949661324648,5.300315494969943,-0.5821502374319554,9.773731610449188,0.0
2014-07-31,4.393736737834009,-0.8967997959886786,2.461250318126673,9.152030601289528,0.21827766566451245,2.487919054141985,-4.327186719325549,7.482297063903287,9.415828081246612,5.255944630987441,8.58058141971798,11.246527048166044,14.49167776094038,0.26487727352992874,5.609283167935253,-0.7996547365825113,11.262428527166723,0.0
2014-08-01,3.973157863060961,-0.2718086395999908,4.044382774072597,10.88909116397907,-0.7453036705187488,-0.42154360891076825,-1.6519707672757789,7.411062488908526,10.4502501389661,3.309439271119441,8.18064205554052,11.276219710711132,13.262022362958703,0.7197957660156851,4.745032694285878,-1.7189246641866163,11.21818283980447,0.0
2014-08-04,3.3636074565761787,1.0642930902886816,2.7309199431642117,9.648207021703703,-1.4624489960812892,-0.5799436757234044,1.738331783918201,3.9775222075860484,10.322669742806534,4.236827810972299,10.481182958608581,10.120064650196259,11.810691910954896,1.2602689430446512,3.6587532873693984,-1.2047247894597102,9.828119341449138,0.0
2014-08-05,2.621332220831607,1.8321427276353441,1.2178682885267467,5.857288394271709,-2.670259184042778,-1.171697850988207,1.4617649041594571,1.9745089845382369,11.636864047944773,2.0943125042775845,11.480472297911003,9.74899459159615,13.343947674168422,1.1815372049637674,2.6641704218614226,-1.9139999395642593,9.555063194125113,0.0
2014-08-06,1.9709040526498134,2.526479779077806,-0.08188913620326144,6.546985433029318,-4.630282044571499,-3.2968158547374116,1.3490963599853023,0.31258357849692775,13.18932137762381,2.4594668865072666,12.195859150672494,9.798058788352737,11.648597227674928,1.8595426102502977,1.7527252201930743,-3.2610659439927803,9.816401808248054,0.0
2014-08-07,1.737627635657768,1.8757171960514407,-0.9251567559451002,6.677925986756095,-4.957874595525991,-4.278361076237546,0.25700751425019597,0.3437086286318003,12.49062265566392,3.8086617462748995,11.219702892885074,11.28785064090656,13.595661190754015,0.4016921164443188,1.4458724666337242,-3.8858135243677316,11.374214894571555,0.0
2014-08-08,0.6242259103294456,2.185959247785685,-1.0581764963143336,5.30742202114407,-5.614608342216143,-6.931980716558838,-2.9140659830584115,0.4025659349720767,10.372623453358521,1.251891594442145,10.757222321909211,8.530794763046302,9.404282609470194,1.4874877673703324,-0.12545868992854814,-3.994141277857799,8.3414484850171,0.0
2014-08-11,0.5145569339503941,1.8271394656172335,-1.1744623236967344,4.345315871038324,-7.815252711114596,-5.814557411519672,-7.90707342555973,0.3480635279146105,8.630471628299286,-1.2463146609488218,10.354878451876548,8.766508732175149,11.465747593936971,0.6094234059277781,-0.04572098475966735,-4.550870815931063,8.190773136140383,0.0
2014-08-12,0.6483197917488415,0.17002595369715046,-1.0555663304887553,3.4365041532323115,-7.0761250773628825,-5.4589615883195775,-8.529538078489152,1.0626549090357207,8.794380222951649,-2.3528636393593816,7.640895953757232,8.663450431473807,11.378102844525696,1.6836305910916005,0.20039020262327956,-3.4982371088585373,8.144190431942722,0.0
2014-08-13,1.7635274496452302,4.9291579069910885,0.6523260606090098,3.794811377909668,-5.6299095157601675,-5.9849052714003985,-4.033284655443204,1.4977785943345756,9.725435383330105,0.9986595174262813,10.645092612305728,9.484639156517005,11.130309159202545,3.8871209284911945,0.7867691459861437,-1.994788722007823,9.090410282437823,0.0
2014-08-14,1.4440592964082954,4.4641504228040585,0.2001975282278412,2.515143028166311,-5.962019288010478,-6.110658261783142,-2.0214123259555183,0.9040729279919724,9.547506918483272,-0.9606466145488213,9.849249304345186,9.455110170826675,8.359438845001366,3.4049879024753427,0.46579671133477607,-2.1885822194610327,9.248240823756348,0.0
2014-08-18,0.21085410555397033,5.967046837155898,-0.5422269881049768,-0.15127642851247014,-5.702073390656281,-5.9993334984411835,-2.012864683219917,-1.135726655902014,4.0620207609256775,-4.873194221508825,9.487187100988814,5.290843610171336,3.249633951790898,2.8026364649090363,-1.152324947516148,-1.4716548368099658,5.054351406548507,0.0
2014-08-19,0.44472034025713203,7.9390798635814885,0.38353764476428687,1.513897739205361,-4.411159823031929,-6.548524181547277,-0.6765050095624225,-3.609523307959983,4.993046109642241,-2.1598132053444075,11.976843784150981,5.223526365754716,5.249201437136364,4.764229321367219,-1.5360042135635465,0.33774239922657046,4.603540786438209,0.0
2014-08-20,-0.4720038797470405,8.16068379985564,-0.21856309890040393,3.0984052644702276,-2.0997402277371013,-7.011182973274465,-2.47570990853484,-4.179495974657499,-0.5633282882350876,-2.972760607647973,5.564844228947208,3.105892309319791,1.8683557712574794,3.426022939054807,-2.7021832283740554,-1.1987099305913351,2.7058358918175207,0.0
2014-08-21,-1.5370017147370962,6.1730150668698025,-1.2098660634619063,0.49377407506943083,-4.358099778088265,-5.809605297149345,0.6727612739620525,-5.957120303379682,-4.113226194251663,-5.052083333333323,2.947583202360282,0.1343183344526544,-1.8674511569087726,2.2042602102297026,-3.552306718592302,-1.077079889122301,-0.5088414364011418,0.0
2014-08-22,-0.7910858135159904,4.516470060821787,-1.182116720283366,0.6602446537632867,-3.442651539242747,-3.094577399649734,1.618217929042154,-5.41879067518286,-3.5819785125051906,-6.504117761494066,3.601624207364562,0.7983114250485812,-1.6517914472839457,1.9847370154826072,-2.2305814788226797,-0.9975573828569284,0.6340465304266463,0.0
2014-08-25,-0.9387527518481931,5.240992356747309,0.12897976764498775,1.3860597888455395,-4.66770530113566,-5.427245230704769,-2.388999592659058,-5.2579006565777515,-2.3077206288428243,-4.930953621677969,4.380022489783597,1.547396892625752,1.2535793485047408,1.3941514530720234,-2.789063169623718,-2.4046358545983026,1.3164235890932074,0.0
2014-08-26,0.08662994976431637,5.77433254101789,1.2131606461457167,3.5804199386705093,-3.4376613986158433,-5.6448486766084045,-1.980554355890718,-3.3279377113000774,-2.2618691602418695,0.7575249715090271,3.913421324208355,2.400808693454648,2.0479444625230547,3.0950153191333207,-1.9438308251645275,-1.764655140543947,2.0618163317221994,0.0
2014-08-27,0.6890762011520168,5.826416899798659,1.0909665730371332,0.5754968317972287,0.3430223967238799,-4.168553070033609,-0.7517999665122566,-1.0418923197413887,-4.737315905080841,0.7174466943811408,2.8609913793103514,4.003100255561609,7.289654911252841,2.5752132298494157,-1.2071027799767653,-0.8547327792822301,3.32478880709155,0.0
2014-08-28,1.0343098841086196,6.245059465560132,1.4119384085870212,1.4916701767636376,0.6271608061387823,-2.8431934585995466,-2.0507894310623165,-0.8161651475423359,-4.060773881148783,-0.18780602320745965,4.899283493308104,2.917057902973408,5.305598875860285,3.1563288273721124,-0.6404120912587352,-0.22084195997239542,2.2620561171183606,0.0
2014-08-29,1.843336123282957,4.899546047013348,1.2080265113913136,1.4267689022614771,0.4876246767639536,-0.6146388040738304,0.9850124274586536,2.2839935140143597,-4.391310917476742,1.447010869565224,3.070068853786956,4.109589041095885,7.027285211057355,1.9395542331322124,0.832723927248713,0.5659338224588417,3.847042810549839,0.0
2014-09-01,1.3970000539382355,3.883458038058918,0.9935121096608546,0.660327907044489,0.5138713410555606,-2.5150140105279606,3.9321437905391,1.9009905979280983,-2.784268625885422,2.3001764147102755,5.886997957794415,3.1671541909551904,3.9750518427375203,2.456017795098986,0.1407443027878985,-0.21500088270156592,3.1330893510666646,0.0
2014-09-02,0.4952313773898265,3.2506050822417976,0.4829390923391408,-0.47391903096984933,0.1088910032772894,-3.797295398868039,2.5015006626688763,-0.8750526574823669,-3.7174423180632243,0.8706803455723389,9.257705431560105,1.769634817408705,0.04078450808204792,2.5079665359573067,-1.0802948817950853,-0.619081146568734,1.8587078758165898,0.0
2014-09-03,-0.5411276401792287,1.3541999778106995,-1.0888052216132982,-1.1126077586206873,-1.117924727104147,-5.046554057238262,-0.03158269498007016,-3.4063560629435385,-0.7152531205388168,-0.9954210631096916,9.75287940844991,3.262629197625677,2.7554326065591717,0.25046624561908537,-2.1743556333727043,-3.818081490863934,3.636455085001522,0.0
2014-09-04,-0.33733678424984204,0.8709564283642113,-1.2910553669251645,-0.7401375995257586,-0.8335179733907294,-3.6104725698427043,-1.8921336609559192,-2.811000323246382,-0.08125216980225947,1.431533881864988,11.744237835430349,2.124115808521143,4.208172286291889,0.2087851762524906,-1.625059702014131,-3.102890958600879,2.1325010569247294,0.0
2014-09-05,-0.18118677336556033,-0.029187493159177347,-0.8776594447181929,1.9988677515883069,-0.5642196018765144,-3.395639021564667,1.437025490026267,-1.8553856959706128,-1.621813765422031,1.8493520518358508,8.673247993057043,2.3694521030701354,3.980231130677736,-0.012642339193968954,-1.3992619406619111,-3.2653626188334117,2.327827319361364,0.0
2014-09-11,-1.785490116554156,-1.5910782250005306,-2.968110827469672,0.04402879377018998,-2.2868957410633772,-3.899537725982649,5.683411886423739,-3.663995091137562,-3.014643803313055,0.006629101756727707,4.81905465288035,0.14763476798786979,3.5819670837738515,-1.452534991666521,-3.147839131117336,-4.062415926822693,-0.4522364019328484,0.0
2014-09-12,-1.4917164387923565,-2.1945054735517333,-2.9030927835051457,0.9928250209430889,-2.955489365272479,-4.085399943038581,6.381723789557281,-2.1571038711633572,0.5635496948367402,1.6668916183020688,7.95343557796373,0.5519873596946612,3.0925373767813014,-1.8360138418231031,-2.3879521712353524,-4.399362033549082,0.11783530345690352,0.0
2014-09-15,-0.41042750011006657,-1.6021327754781822,-1.5722909653685835,1.7808688086773827,-1.6510193997464895,-3.232288258567484,2.8312140922344353,-0.17257582229815993,4.7457887854780445,1.63878222709819,9.754660381401315,0.7272803487592183,2.842196654890161,-0.8071830219481102,-1.0014838988111063,-4.244023497628257,0.5190773654279335,0.0
2014-09-16,-0.6700053483735924,-0.5667838219069687,-1.817363879106848,-0.085615529666494,-1.1994433053215348,-2.948618186504859,1.7190449750138725,-0.46824138930073866,1.433520939239874,3.675960604799533,9.712490939840546,0.03731884809154984,3.432516689245424,-1.0147775295415995,-1.4420732960920168,-3.262643764753148,-0.281138611376075,0.0
2014-09-17,0.08345908806390856,-0.9580072436238485,-1.41599392018813,0.6087445572011241,0.26233738307708254,-0.9823938163647683,3.800909060149116,0.13586024823422083,2.960707313580202,2.678999657416936,6.384991329024126,0.13834114513431306,2.0439407390081543,0.25657988842799906,-0.38912793021561587,-2.234888537124058,-0.1514620468656136,0.0
2014-09-18,-0.9820845724233029,-1.041743378901261,-1.0931620449152857,0.6090527710311155,-0.30487152606919476,-1.9275759352552546,2.9255093798191245,-6.9396873304395035,6.315765906953819,1.6833000665336106,4.3514622481248155,0.2694142810135025,1.9037394502434246,0.6183934227853349,-1.5863610496735125,-1.8766386090796061,0.09845340910508149,0.0
2014-09-19,-1.0173837189688117,-1.5338084623193304,0.657475323625567,2.3437625846358667,-0.16724342859547603,-1.854998126906715,4.761476299466327,-8.023810425901834,5.73342304406661,2.622994474402507,6.424493216698979,-1.9758706116940972,-0.8425521615925358,1.0944156283977602,-1.838334210680237,-1.283419773706207,-2.1997897978637604,0.0
2014-09-22,-1.7579103557251452,-0.663506509656453,0.0400135949804703,1.2552593165035209,-1.6372149538584013,-4.289052749671485,4.399564376984966,-8.8301323072146,5.940975580270802,2.3049526241516016,5.817460112895323,-1.8591732051983945,-1.927266294321317,1.4420966831776294,-2.8689027060162853,-2.0831499390082886,-1.9769073586252683,0.0
2014-09-23,-1.9158440252545206,1.8595404278656913,0.8837379529096134,-1.0690620204026335,-1.3223817576438757,-5.700229564295545,5.272641493346675,-11.898310947137835,4.593004003732792,0.7768030536395854,9.339306297809902,-0.7609139126886877,-1.2333532806588665,3.3728818140050354,-3.602844843720754,-1.6001208588532267,-0.7592056779681999,0.0
2014-09-24,-1.558132562165715,4.470227699179974,0.6877874422065888,0.4249148362179378,-0.7700351744462486,-5.344496294262968,5.9711046086320385,-11.50676238121533,8.67792881039211,-0.20561119586124388,5.9685756165299475,-0.6833387728459539,-0.7023861746732862,3.310426497766117,-3.348520162565427,-0.7917201114600481,-0.8667375553302548,0.0
2014-09-25,-0.8515388139872737,5.341486326630007,0.6261933152400312,-0.43205836616307947,-1.6263081748386865,-3.0188977417528684,7.497622747408217,-9.954178045014084,10.228812340576908,-0.18735362997658322,3.2536350604136954,-0.878648233486945,0.7353700072246783,3.19017415609546,-2.402366793741517,-0.028721509857865257,-1.2181809159926615,0.0
2014-09-26,-0.9535881435257298,3.2804900559340044,0.4979767398567647,-1.0056210895287854,-0.7831896597653598,0.15426112163938743,6.708560465503677,-9.449945697310403,6.36198734681237,-1.36738387291373,0.5109324517243996,-4.652892229770478,-3.3738171145184848,3.8159089070827212,-1.8986175115207393,3.684097295112432,-5.763164280514443,0.0
2014-09-29,-1.4424245961114024,2.7860468011220663,-0.7887886512572773,-5.351097167404828,-3.833427315962501,-0.5014896574638383,4.498972784561772,-9.273022654880847,6.526158600143406,-5.236430785464618,1.6466133572478503,-4.206181415483734,-4.911219110130527,3.6658853535217473,-2.253457749147403,3.701997027498871,-5.017227315339012,0.0
2014-09-30,-1.4306556521145097,2.4928244353469298,-0.5827402573113205,-5.048129020662973,-5.2704282222930665,-1.4200959163845006,7.620066706888107,-7.78171534011054,10.34973352202584,-4.599072233267066,0.03493885700025512,-4.637317241099992,-5.754531668244223,3.405734928877857,-2.244409801144809,2.187953249084562,-5.549903783691024,0.0
2014-10-01,-2.095213749164282,2.2289105864610192,-0.8170819566243548,-7.551061528346315,-6.31988228091468,-3.372751097319815,0.3252333195553403,-7.952220365676499,10.810182058324692,-6.1381413230810145,2.5415838345202557,-5.411437112262241,-9.494284742216742,3.052456422706551,-3.0118203593533344,0.8745386009990863,-5.938141763644289,0.0
2014-10-02,-3.2176544914930383,2.7285389665951065,-0.9690668079004316,-10.66499612153563,-6.074786555711653,-4.3740901892406425,3.9057568055685055,-12.00123963740607,8.470847084708467,-8.363757052771327,0.2469679186228646,-5.167136035263864,-5.767954095154781,2.3635134888308373,-5.081426632699215,0.11489925218113317,-5.783240001982248,0.0
2014-10-06,-3.3121788763250115,2.547333078383973,-1.7395143049878992,-11.562721691379318,-5.275402208460312,-4.117577295030728,6.253145867588339,-11.06993701218676,5.108679688647366,-5.7613168724279795,-6.169163941627209,-3.379179758213857,-2.053754420244458,2.01060619914053,-5.148845958615745,-0.633816678695609,-3.5957928843549536,0.0
2014-10-07,-3.42695749221702,0.4266524735327515,-2.879968074256911,-9.829436613235032,-6.366803587173919,-3.9801779907000623,3.880543243302248,-11.388687935824393,9.126164355977838,-7.3922932833823785,-5.241136313587324,-3.3926757994652945,-2.6421545421072,0.6308805134062068,-4.909825611195206,-1.3316806302769102,-3.7997784826058423,0.0
2014-10-08,-4.720233102719373,-0.6714870529368588,-4.659777120014352,-9.859756569186528,-5.706993801874438,-6.966273529579913,4.441341692653711,-12.403860557683654,7.313377111106245,-8.094221273188328,-2.709444773760117,-4.111509752979503,-3.73198862274825,0.08649670509974783,-6.590858127485799,-2.7531566585816902,-4.802737974350291,0.0
2014-10-10,-5.216482561262659,-1.159235397929037,-6.148268951629509,-10.978575178247551,-8.265287509254582,-7.776565825820847,2.1376668422901313,-6.25281848287046,2.737591340788015,-10.940260420074587,-2.356742135844514,-4.703107373602711,-6.1756146408119434,-2.8846068816709702,-6.893632748928469,-5.7574053003669245,-5.2763944223107595,0.0
2014-10-13,-6.164610335861964,-3.4516842850371043,-9.816354137289874,-11.690030989206235,-12.908799730276465,-8.48418589447164,-6.25369048258092,-5.882379864794974,5.93303351184391,-13.584171261758026,-4.793896886920146,-4.399194542615281,-9.334621545345911,-4.096655323800624,-6.957760074362285,-6.726965105776694,-4.339839552145552,0.0
2014-10-14,-5.395067842904567,-2.953738693531316,-9.01222817902536,-9.27361865641977,-12.231640824672008,-5.439461215003982,-3.7559326477222488,-6.517816869643656,1.715936240773086,-11.619810825013133,-8.649583475422629,-4.164772962029506,-4.385874494928665,-3.230819492640369,-6.077982340672361,-4.764167603146574,-4.63255977496485,0.0
2014-10-15,-5.076617494122459,-4.20243889101547,-8.082288522560177,-6.68736277875418,-11.684123131945334,-3.9219211585972524,-4.398416872296885,-6.342715061552973,1.386540412580306,-11.509070370124274,-10.04624194359921,-5.198676177359351,-6.968277930106703,-3.7883343355381904,-5.435758664207368,-4.77351091663949,-5.863443807625224,0.0
2014-10-16,-5.738244483307464,-5.168299110028329,-8.752701825125275,-7.584956481971627,-12.971833684613909,-4.174002924836673,-5.898373457589101,-9.173290863962958,0.38964730678832105,-11.478133723248707,-8.170743544942717,-5.894555238349519,-7.087928740580162,-4.106603216506299,-6.133515910908605,-5.249984077447289,-6.304800628609197,0.0
2014-10-17,-6.56060881663233,-5.27045884286056,-8.935334956926312,-5.461150161031336,-12.163859457022308,-6.54752021154702,-7.554517554032114,-9.873739497761703,-1.9975142655066502,-13.313668968291203,-11.364819635552259,-5.250433920158681,-7.71035577982121,-4.271389503841627,-7.17796069616986,-6.709356964094182,-5.661182971241985,0.0
2014-10-20,-4.999901557362529,-4.422577360294255,-7.124559757241922,-4.7672950897869715,-11.001804278718108,-6.502058029348412,-6.147924853313236,-6.348803190863905,0.4603247230425822,-9.439347604485226,-11.106127432658042,-2.759333038217493,-3.057980653912429,-2.9960958127375314,-5.766689699482363,-5.760814889336019,-2.659971675035422,0.0
2014-10-21,-5.492943846837061,-3.9796621494644135,-7.93131077324839,-2.423119321853495,-8.763525324718435,-8.361496340820684,-3.402363596200564,-7.9742635309157155,1.2512231174400812,-9.235159022896521,-10.195078913831978,-4.369850344711612,-3.384760122832331,-2.3598104528167907,-6.8871524622933,-6.507575899814122,-4.722108285479887,0.0
2014-10-22,-4.114668158349377,-0.9138531593179344,-6.692525520560011,-3.0366292005559625,-5.950644980370157,-5.480774316390735,-5.9535016553664555,-10.95257685690777,-1.2278894626619241,-7.925812725757153,-8.756611116655023,-0.9216002718083871,1.7197809911554174,-0.35809111235328706,-5.5408119788179615,-3.3185882951977885,-0.8811430202831705,0.0
2014-10-23,-3.0072205428964494,0.9749695123884239,-6.028689438209001,0.21526961276323586,-3.7044680631513893,-4.122763595219558,-4.142226751813349,-7.403159376466284,-5.115841228777107,-7.217514124293789,-10.149942329873129,-0.4004502359409523,4.751110911620815,0.4967617837542182,-4.244862589749932,-2.502602163189571,-0.31359991531478837,0.0
2014-10-24,-2.5539430005667607,-0.476346115322579,-6.071851121207461,0.0633254403157757,-3.436928281305729,-2.7515060776322597,-8.19940617702687,-4.241259220128746,-4.270525613624299,-7.866714958348431,-11.37888138156451,-1.026468689477078,1.7487043095020915,0.7699445068964916,-2.9673851016197794,-2.559896255470906,-1.015148327372195,0.0
2014-10-27,-1.8502430920701696,-1.9944082405762953,-4.553990136344588,2.8630338850112125,-3.836175585457813,-3.695546894818169,-6.2372688657645,-3.8161731448423275,-1.798277175014129,-6.943947311904919,-2.751625487646292,0.5685366641541956,0.84837642977178,0.7699271302960442,-2.0518406124671817,-1.7742531892977031,0.8126772397857529,0.0
2014-10-28,-2.3939257239306455,-0.016027661606909938,-4.900177805509687,0.8077531738770016,-4.759006396637455,-4.256221851794473,-8.345025091300807,-4.448223222739656,-4.036248325633518,-6.826554937513551,-1.9314690009553992,0.19092976359034175,0.29229497479563715,1.2133167594444272,-2.6380775691327907,-0.9024000420944644,0.5979092800230124,0.0
2014-10-29,-0.20760717465970746,0.5704710945578784,-2.7104887779153652,2.3667115853028164,-3.020515853159267,0.598794782476042,-9.837131517210175,-2.327717624985348,-3.880918759252061,-2.991359907064528,-5.2854713005509035,3.593239291243755,3.5844543772118653,0.4445830363506875,0.423897455983524,0.5363429962818023,5.17409397387274,0.0
2014-10-30,0.9279104754446266,0.17747355106290108,-1.5445510809533713,1.2793811952461542,-1.1170374529206772,5.677876067820131,-6.75539889201141,-3.9158236397383916,-4.603685407998026,-5.047388141944021,-5.165824505604433,3.9128750376651977,5.720495616936372,1.3066717658735572,2.255658353875223,3.4001424356496113,5.392865592387164,0.0
2014-10-31,1.9312892730942721,0.13716454681760304,0.08003370956244371,0.16931799503729916,1.9695136704573013,10.166104563220024,1.9067796610169552,-4.6680704757551155,-5.229516937884304,-3.6859094662562875,-4.1745289115206585,3.3099060760418686,6.200854748791351,1.4560563302600693,3.442843419788666,5.386587744302451,3.7620994605044977,0.0
2014-11-03,1.229493326422193,-0.22760068214613405,-0.30215400585770213,-1.9552746264122733,0.6503433715935758,7.96569494753232,-1.6660991941890857,-7.500061544521309,-2.5431037504995757,-4.622816796729834,1.375889928805707,3.528777753826251,4.943888056403023,0.8668357756811407,2.529134321863058,3.953987026822925,4.342730732259725,0.0
2014-11-04,0.48185013837613866,-1.9195092660286628,-3.3050566498444955,-4.972158494153001,-0.3025153366838951,7.215581259040582,-5.018722784188134,-7.58217684426945,1.0397002256823829,-5.706991064053457,1.6194331983805599,4.449455743961139,7.867735935490638,-0.6548913043478266,1.9177836093342115,3.4583061823604933,5.172459432988341,0.0
2014-11-05,0.6566501461828356,-0.31064041733295245,-2.756510862724171,-5.335541376455111,0.11619942267235839,6.512484017366638,-4.142428948861521,-6.179118557863861,-0.48206084464242904,-5.097980328853513,2.5025765703866165,5.558829306619528,9.735115082019785,-0.4292428482164712,1.9035508420420788,2.902525425665625,5.962301323180963,0.0
2014-11-06,1.8846085044142535,-3.224203755033739,-1.8536850172435781,-3.939652167176666,0.3153186184644552,9.41693989734398,-2.926607271008741,-1.2168692189638786,0.27606115385154784,-0.6418683783156798,5.3313194036530565,5.140115581725002,7.5879525295025285,-1.5607853806738348,4.197671450729401,5.018374930709046,5.795905327334205,0.0
2014-11-07,0.5082743541651613,-4.625915126688107,-2.1794811234103317,-3.687464239822913,0.7505913018294175,7.462274895972709,-2.5167910340753386,-3.37202235961207,-1.8708163687806145,-4.044724598529181,5.244716039692765,4.1361370041187895,6.345621920650024,-3.499143285500106,2.434584609051371,2.519382431043926,4.367493783397691,0.0
2014-11-10,2.2424919594001835,-7.358252999341087,-0.5044319097502026,-1.187009511269177,1.4442490753653114,13.175447627598436,-2.7201161680549424,0.13125303235361763,-3.066441858233615,-1.855543628277867,1.9130007641087188,5.872914697672371,8.540621563811213,-4.242784515877163,5.474238875878212,4.41811426850085,6.117150083409562,0.0
2014-11-11,1.3438514793724154,-8.18469304494509,-0.11990948425658621,-4.310240888917793,0.1049555727831164,8.867304652316466,-3.0186981583017025,4.718704718704725,-2.0146001533223323,-3.3874009807619787,3.4067917099578793,2.9748381842342075,5.675140538158963,-4.252931998667675,4.205893534896621,2.497679409615472,3.2155014401676008,0.0
2014-11-12,1.8440193616855893,-10.795678128584473,1.8053052999690733,-3.923188303500058,2.078868409772827,9.892249420789124,-1.8996182666478068,2.9620568047458384,-2.8207415866671415,-1.8191505556401144,3.1764673749760997,4.56610088453262,6.0562399571505,-3.7560251806456724,4.922366873085027,3.975916397008117,4.899319059691787,0.0
2014-11-13,1.8081830408840371,-8.15105005339255,1.8770781072907639,-2.886472656257588,2.676294654560185,6.937550328391073,1.0451076760166211,3.227207020375644,-1.9404152445961498,2.971931755641166,3.2203016624463343,4.302828691322591,5.921882464078498,-2.545396594923377,4.239506252625458,3.852885005689499,4.782400765184125,0.0
2014-11-14,0.6816876038447939,-8.493188379937266,-0.9559471016159948,-4.296422953022983,2.440047961630709,8.094643589908257,-2.9976927870122405,0.9389929713099265,-1.6775396085740968,-0.5000384644972766,0.3022036799315453,1.5011028073406374,4.588921439514082,-3.661899171025018,2.939437181019966,4.562474370953984,1.1538411449854902,0.0
2014-11-17,0.9321382576544357,-9.22037506465525,-0.46675130423650124,-1.1497230380890788,3.41842209976726,7.496842148707383,-4.140485254322801,2.334223138991698,-3.0316626073580433,1.1319584431694896,-1.6298480739355914,2.207566965719554,4.860796862542283,-3.7502781115115957,3.2638294311151617,1.6944652777316938,1.9807517232409921,0.0
2014-11-18,0.29778142639342864,-5.947543011956935,-0.3470743047406577,-2.5223131364125573,0.0809137389183423,5.28209211119397,-2.6712052154849064,1.307153576788389,-3.376153300212914,-3.001272359853313,3.5058564957517024,-1.1354436948624813,3.1004795687016085,-1.4174331863862522,1.7513399260209894,1.555279177849056,-2.2412821636511593,0.0
2014-11-19,0.40532331425828794,-4.540857192553737,-1.0217274431900125,-1.843128625647228,2.4130874507623634,2.6116750357760177,-2.9620067884124412,0.7904038999327456,0.0408242195053754,-2.135561745589609,5.882671138398288,-0.9424192212096116,3.3240793320293394,0.4979506723232774,1.0957497432814822,2.3476857682619645,-1.7696576666458852,0.0
2014-11-20,-0.32528519723279414,-3.4442045459542547,-0.260033947405347,-1.068953109987325,1.930286636294598,-1.3812362227296537,-4.870483789402713,0.45400750897812703,-0.9465070400467179,-1.4185502727981358,3.8816357358653297,-1.6643435205026313,2.4145251750689267,2.0938471156372485,-0.5782350828968608,1.0333827269138895,-1.7675273500938005,0.0
2014-11-21,0.607792234391713,-3.008289889753024,0.7081366655953492,0.14816491986979763,5.697133351013806,-0.0699203464235465,-2.6765310126728337,4.895354283767683,0.4805962847316936,-1.18444634925583,1.8227728241142716,-1.7615091511025027,-0.16487411014206588,2.189173541757139,0.6017064995537114,1.3011610559771736,-1.6859958859681279,0.0
2014-11-24,2.2400901203499357,-2.6142839874825907,5.639563202564402,8.651991808424174,4.148936170212747,1.1033896128908038,1.387278424936511,9.756637526525802,-4.6118942762219834,3.121764752727585,0.9252463828895108,-1.3390076811293339,2.3296390671210254,3.0936294756421123,2.5112372990191645,1.2635789282305465,-1.0067705318265285,0.0
2014-11-25,2.5255898479364935,-3.207901091725074,6.563384974179587,6.386232246459578,4.838059400618189,0.8716582206807155,2.2372488177018868,11.255683308559927,-3.81201551732514,1.0680379746835333,-0.5104671547901507,-1.1888516726626164,1.3472458043420232,4.351859430847749,2.7186925951732333,2.1151647777378546,-0.7562719061318335,0.0
2014-11-26,2.290754358423519,-0.4064326695308429,5.962432149577301,3.5971919241609918,2.267300194931776,1.0905096811479664,4.326319142669965,5.88584175305078,-4.358702031918171,-0.01556662515564966,2.790981756379951,-0.32357089521281024,4.257986627043087,4.967570754716966,2.0525962075961024,2.2833906787613323,-0.15350546076803306,0.0
2014-11-27,2.1764345033430166,0.11421823205679527,3.609131077481109,1.0549223709950262,-0.6575637800934286,4.074153478536147,1.1143732974035148,6.596845032355292,-3.322808177272696,-1.8143426917963668,2.0668531096018183,-0.9117781756109777,-1.733807467614945,3.1247977065705035,2.988326750516479,2.3683080167128834,-0.4663777152561166,0.0
2014-11-28,1.1515501243469783,4.5773143605609246,4.641193017693346,-0.3908952743658989,-1.5551783494309968,1.4910000775855359,1.3034714182450724,3.020473115647082,-0.23969793817347762,-3.9609374999999947,1.9949123041906436,-1.8788017189478756,-2.867309446648081,1.7984378329797046,1.4154870940882525,1.6142577811969039,-1.0459057543832917,0.0
2014-12-01,0.11309220580744128,0.23368412812796446,1.215142669701641,-1.186197627604757,-4.613203388416953,3.5920413648175664,0.06842285323298558,1.235811976095924,0.30872029095831977,-6.684366703107925,1.9169751454257034,-2.809807268034803,-5.903834754915261,-0.936521595840123,1.031450585601723,0.9422267895564884,-2.29590542391801,0.0
2014-12-02,-0.07319788336120903,3.544754668812855,-0.07933079370066043,-0.4175717695274028,-6.4793430844239275,3.499499084533797,-2.4575421119989005,-0.8948189980015675,3.0759513194714927,-7.085820606248561,-0.27265988987715817,-2.2862368541380906,-3.098880342614141,-0.5528238717740441,0.44172822316823623,0.20790285962093424,-1.9714531558434945,0.0
2014-12-03,0.479467077444129,2.728226894730157,1.0906272490726954,-0.3548169144721336,-6.659084578962027,5.563151598017413,-1.3082504641811599,-1.2434992156998614,2.857640072220491,-8.337787279529662,0.4879739747213563,-1.9448845159676598,-3.004428859543329,-0.4851281864927115,1.1606063424160817,0.7958120550789038,-1.7508494345555015,0.0
2014-12-04,2.131980217362228,4.706169799884408,2.9908368576188726,1.5246687296036843,-3.539532978287585,6.113187104206119,1.516230027141674,2.6024423606843428,2.75243297999348,-6.022885418277413,2.6929742700973147,-0.044303797468348005,-1.0438295335402858,1.2602598074064497,2.91169987573916,1.6156200174870072,0.4364450967517586,0.0
2014-12-05,2.2118407310033117,4.452036249167102,3.3576110316145824,-0.7802571301906425,-2.055545191679875,6.594520210235766,6.508295355318716,3.0778655521137344,2.856177613266664,-6.493406930389445,3.013918629550316,-1.3260987975028282,-1.5879702647302096,1.654168708564896,2.8745269903808435,3.461036418222152,-0.9080127019754358,0.0
2014-12-08,0.6070126740586046,-0.9292672692425508,0.3081571155444829,-2.265500561880096,-2.5625402776964123,6.714087369861477,8.820983995257858,2.2541762751033367,1.20241216955701,-6.720679012345676,-0.5075484890074367,-1.4487276392038284,-3.6152758706303745,-2.5553126209049815,1.9313994608897822,2.491201835690249,-0.9029779058597476,0.0
2014-12-09,0.20743618032712519,-2.85510542429539,0.5092483420283456,-2.0031186515998,-4.744799547234313,8.328917876501851,9.372828714123681,1.8393457428127036,0.06085337915235911,-6.491144845034791,-2.7817513027485585,-2.3941453214845754,-4.507149763370821,-4.616760575977096,2.147927015075135,2.238074179468952,-2.1773353985222066,0.0
2014-12-10,-0.6373720659434978,-2.0801216876879858,-1.713477105407779,-2.2413396880589076,-6.088575918058536,6.493815008565074,9.651392186743223,2.0480190126039632,1.3121755511137367,-8.309614168247947,-1.8228558074316559,-3.0994139674614507,-4.741499334797816,-5.8030563887754845,1.017485304373822,0.7531798793375177,-3.284676210127002,0.0
2014-12-11,-2.4556706907432613,-4.7452503439815,-3.830967935919316,-4.011986379474819,-8.455748175182476,4.281542822385398,8.095063031438631,0.5586875662838997,-0.8234165342040023,-11.07168204400284,-4.0065096094234365,-3.872321485343677,-5.222947631615504,-7.9866152048440275,-0.8704823949123641,-1.211453744493396,-4.151209806815981,0.0
2014-12-12,-2.872319993530581,-3.093143688557176,-5.349829219665237,-8.83004800133359,-7.829185625406254,3.4852687890404743,4.896659315910479,-1.8001042968327274,3.7561209086558023,-12.325276083095227,-2.9580573951434874,-3.2761704366123023,-8.43837972708772,-8.19492349871761,-1.6071483403445108,-0.3719069206748138,-3.639622689481581,0.0
2014-12-15,-3.022406714439385,-3.5263514171286925,-5.074356063421126,-6.532744975518401,-5.0786029763083995,4.075173931763221,3.9567020075905956,-1.9956873897902239,-2.5345588871893976,-9.534246575342475,-2.7260948432236254,-4.519679437551005,-8.97525763970709,-9.223622513901253,-1.4343681010347664,-0.5405474562284573,-4.936771351536096,0.0
2014-12-16,-3.8725995032410365,-3.998616333147176,-5.390502460230751,-7.531721936789648,-3.2546669684659357,3.0072584869422103,0.6631139276969567,-2.2593549090656806,-8.79250135156855,-11.645648450879653,-2.8779580448486053,-5.782836690527726,-10.161967962707285,-9.377194214295736,-2.351659578658427,-1.7023445463812292,-5.955591400559513,0.0
2014-12-17,-4.133515632488926,-3.876029011579585,-3.0307973547521794,-4.895727767925006,-3.322843949313359,-0.9918915573161602,2.6126676558726913,-6.157874463032764,-7.96950696131632,-7.3914774990043846,-2.0902377286605267,-4.817226890756299,-5.233745353784425,-7.245726993920066,-3.6966807306782368,-2.368827601991186,-4.9491965672668,0.0
2014-12-18,-4.204404325568712,-5.154271246245912,-3.3755230719220597,-5.470262054880726,-2.067876874506702,-2.0195051285530563,-0.03712749232794854,-4.9994058935361245,-10.354457115721294,-5.97087773529651,-1.7458650564452505,-3.8295531482735234,-5.963055209630552,-6.548767612043549,-3.8606093778507544,-2.8794407676826173,-3.888333717682624,0.0
2014-12-19,-1.7931834603759356,-3.0459709391265077,-1.7613376929415225,-2.533649078065847,1.6474937859881855,1.2217312439350092,-0.17441692017963195,-3.9018664976303574,-7.048498390882141,-3.0041841004184167,-0.18420028538072009,-2.75612472160357,-2.348909091879714,-3.5809668148339857,-1.3349083742395074,0.07253661826651658,-2.805546179212215,0.0
2014-12-22,-1.1552372280410839,-4.24214681635039,-1.1112508581340608,-2.775944473134817,2.4470247820501667,2.2094220865916503,3.104554883778654,-2.2732972842825494,-3.775090672006043,-2.0358781810596582,2.503118944602245,-3.4287658995192927,-5.717383033392231,-3.9169640318127197,-0.3913294159500369,0.7872462292369375,-3.6659352007228696,0.0
2014-12-23,-1.5680919432867535,-4.540881858927703,-2.2534293016220674,-2.8039070540018307,2.3113266194206172,1.6021828467483568,-0.27931510090546396,-2.623034603012353,-5.660124636945552,-2.3990004164931245,4.123656627305294,-3.167584344905283,-6.113482365356592,-4.560890998721934,-0.865983930574199,0.05212670603718106,-3.4079618039873694,0.0
2014-12-24,-2.01348025027559,-4.486791148925462,-2.14571246364188,-3.917527407630539,0.914926405455585,1.60636320243992,-1.296339579402228,-4.9409968940649085,-6.254533163391052,-2.015631427396136,-0.08048812151110196,-3.2799341480402755,-6.221532037332322,-4.469528429191438,-1.5059765790910729,-0.22650056625140857,-3.348202840588632,0.0
2014-12-26,-1.9359515156396223,-3.4589167696039036,-2.6104969510930442,-3.189856324406959,-1.0975537170406446,1.7058525234238564,-2.2820691359133782,-5.813279141883488,-6.006426276329879,-2.7793719767155833,-0.4754975835368769,-2.201651769601498,-6.065462518271025,-4.509732581408055,-1.6464670948975968,-0.9531739873709255,-2.4246792190576794,0.0
2014-12-29,-2.581672098840304,-3.5470296803025825,-2.4087911858060806,-4.157709820169853,-0.9824671108011329,-0.4048461556487748,-4.825118067773893,-6.484030172205657,-4.4984758310349875,-2.5312267350483975,-2.8864423101949366,-4.56985811069922,-6.531316041257062,-3.9279415702532683,-3.1278810228540843,-1.5005251209035841,-4.836499935375482,0.0
2014-12-30,-2.8087977878687997,-2.4531950120992407,-2.620333683941356,-4.124769468405787,-1.1361569521407544,-2.3247808664932923,-5.697872663893932,-5.5484392243417835,-6.732729939541382,0.32975395281982234,-2.8902493496938964,-5.441302485004296,-6.147516959494381,-3.2893256319855957,-4.110328268435537,-2.7263210025138096,-6.398359528104757,0.0
2015-01-02,-0.9827504677316523,-2.701257144983271,0.3090163070930574,-1.4816056451464443,-0.15492538793316912,-0.3772437674303464,-4.7230691330625625,-4.579134632131576,-7.6426295357931,-0.0948521169267913,-0.8463593324340768,-4.0784245229466,-3.6994332299397414,-0.5257058873406772,-2.136525587760285,-0.65982684312903,-4.843240664670178,0.049652432969216065
2015-01-05,-0.04382784007012086,0.5244207889793184,0.7492691060879464,-1.3303471629659835,0.9181969949916491,1.0562933947113828,-3.8327354112497214,-4.181258515416064,-7.226810673443451,1.5340959475037774,2.526842657624928,-3.871764342726114,-4.743216028574382,1.8144734563506404,-0.8881406003555137,2.1214124601384388,-4.643034109627575,0.049652432969216065
2015-01-06,-2.0429721446003857,-0.6501392308385867,-2.716567469227016,-2.1822692441947344,-0.5515886508746126,-0.4210699894636627,-2.361716046138451,-7.424088333575463,-9.43607795267768,-0.7575090284506314,1.2712091205909104,-5.867124956491477,-4.517925893564156,0.15895341219991366,-2.994669762448665,0.36106659458206014,-6.7599836409451335,0.049652432969216065
2015-01-07,-1.9022474952613,-1.7356328043048208,-4.239557686493023,-1.460622994929106,-3.643819134961257,1.0743510880764973,0.5934734793296759,-5.889458015496729,-3.465071692414756,-3.789910876525049,-0.8764452021951197,-5.454625145186387,-5.018050344349234,-1.1079640919782974,-2.3874471333116376,0.10355162788304728,-6.320989627025664,0.049652432969216065
2015-01-08,0.027309059780589173,-1.8230546586688656,-3.3436105476673417,2.2530249042911565,-2.700439606447569,2.861637169513065,2.8003846021771306,-3.112875987037289,1.562762830114628,-0.07048458149779835,-2.8249188700324557,-2.383108421494351,-2.704608300007716,0.41064579862859496,-0.08634816588931615,3.4967074561858213,-2.9104357613764287,0.049652432969216065
2015-01-09,1.2914701919838345,-0.06728040292433013,-3.165579430542831,2.827369183444972,0.08106254286961434,3.707137052029452,1.4732484618219965,1.0433445219216742,0.31774134905704354,-0.47303689687795414,-2.454690831556494,-1.5008718299600488,-0.9224659462231277,1.7789121565442878,1.132644081317391,4.261332187253752,-2.0093501761530352,0.049652432969216065
2015-01-12,1.2358366271409738,0.20494567519659945,-1.7331054922169242,3.819147867155692,-0.23434012795714443,3.9622181477724894,3.6206946580390476,0.6399633115495851,0.12413029728020053,0.008651267410675345,-1.384101536406146,-3.929247150965809,-0.16939987198445472,2.162204279606139,0.7945243607748065,4.64859457317508,-4.837441181567348,0.049652432969216065
2015-01-13,-0.6652918683095144,0.379293107573786,-1.1074841997852358,1.9590823005614988,-2.0914229540427653,1.2482737492046203,2.7827762750037843,2.098428240144301,-6.085438038145496,-0.8799930980933457,-3.8493528096896656,-4.140148428725576,-2.317940531704954,-1.2756862444410322,-0.8145110762340146,1.4662122637910446,-4.875442463100244,0.049652432969216065
2015-01-14,-1.516118407509559,0.9825684035156712,-2.272913956242839,0.18457714401733938,-3.416077233050485,0.6465018548790225,1.2134864951621083,0.16168273228420738,-9.725050539457813,-2.56366578655991,-5.4744147503625555,-3.202502092418824,0.3045864865313108,-1.7003522908452307,-1.7026281435503443,0.9856851490525065,-3.3766581803564177,0.049652432969216065
2015-01-15,-1.2831224020381393,1.3001340829432273,-0.5274545847462342,-0.5869896348032921,-3.1571655992903125,0.7301083211164183,2.066586804169046,-0.35452781937090894,-8.899068172137813,-3.678415976785865,-5.909936542725347,-4.434784517772073,0.0005564489652831739,-0.05165289256198191,-1.5542119514818764,2.769535742196183,-4.546183236700774,0.049652432969216065
2015-01-16,-3.004197039982315,0.7965909384550551,-2.232236289602596,-0.8475030732041144,-5.604521132688034,-1.3766218968803812,-0.503052390220804,-3.360366677845872,-10.034778820224288,-6.683459277917714,-4.347261199459506,-6.961265684669938,-2.5797233083373006,-0.6929199992364521,-3.4276280124192926,0.8662071414530237,-7.238726790450933,0.049652432969216065
2015-01-19,-2.3375903416557264,0.2769145277393248,-0.03806805930097745,-0.33846014990708273,-4.0838679392896315,-0.23000674736163296,-1.2159521894035241,-1.910805337024346,-8.780899132469354,-3.213020745488282,-4.132835548129387,-6.7015456755818,-0.634652469420538,-0.9468289802061158,-2.407842122449977,1.443201793493487,-6.8150942400780785,0.049652432969216065
2015-01-20,-0.49536792090711934,4.154571025053699,1.7679318225048979,1.2806416143845922,-3.266902272258043,2.2825282868990993,-2.0060324055791168,-0.49780274824298143,-4.347099147299782,-3.250445557158621,0.0,-3.9939276226195974,0.09055219968727712,0.6189510509673646,0.3030397896252701,2.59345570630487,-3.90476449176943,0.049652432969216065
2015-01-21,0.2944262603166603,5.50811748814839,2.5392459684732804,2.3577256372573796,-2.44928496087522,4.369446189749571,-0.3345232611699611,-0.9169909344127314,-4.074258754938431,-4.036743637282991,1.9778673665413082,-1.5700045310375943,-0.6172033364184148,0.38491370952102866,2.0550500483727197,4.5292260101823745,-0.6156320627833889,0.049652432969216065
2015-01-22,-0.29172982288574456,6.492258715219168,3.261873537434923,1.9792468528958107,0.1899229136409275,3.115826668619226,-2.077750262899014,-1.1572178792509158,-0.4410702485054374,0.19851544968065848,0.6481901357731523,-1.3975508717621876,-0.8814089051529805,-1.951034711369981,1.532501889644755,2.5614937674371063,-0.30635974989904335,0.0
2015-01-23,1.0617251729087673,5.415755310639692,5.364852431169931,2.142931926209779,0.2876436675185001,3.7843363971940436,-0.8054257861742742,-0.502411998904595,0.6038816516474421,1.3711790393013068,1.5039370078740122,1.208771044543333,3.4550355305072333,-1.1943908984389684,2.5973615908760905,3.016686024740256,2.5925509802820157,0.0
2015-01-26,2.8276979468246255,6.76668393572093,7.78589352303849,1.5629215034463684,3.0429662272537294,6.39474710325274,0.2078692542475835,0.5352079139337995,0.2750568137293241,4.020591106771998,3.2557279141671724,2.6022047098518852,4.088834490568627,0.9435504813934958,4.428644962038342,4.516013185065471,4.324018394057294,0.0
2015-01-27,3.639925046315229,8.222223814334262,11.67003089830625,0.06805393063959997,4.710454226922356,6.800466293644503,-0.8276386574358807,-0.8174677140194375,-2.8142013649259834,8.013310549509844,4.3484103308339295,3.4444392934958934,5.206111171806271,3.0038543315113575,4.853864889116788,5.805100264072616,5.465374118717303,0.0
2015-01-28,2.9890006037854633,8.046277550158788,12.331450220629181,-0.5242423493960868,6.0114407208666565,3.919827488794314,-3.233510931471628,-1.3510047476222753,1.4708897897376838,9.504496561453003,5.532136209350691,-0.18326621114077568,4.824154173649164,4.7330143909873,3.0493997716419585,3.2858851599731898,0.7494203378602293,0.0
2015-01-29,1.3674858419493896,6.720953938790508,10.770125909298978,-1.936579451774767,2.98442367601246,2.4903007406193334,-2.7511553958523116,-3.073544989869692,0.8525055152852179,8.771171793985477,4.379901090193705,-0.963542250207261,1.981588133596146,1.8570587229515212,1.4398577670936108,0.637058040984062,0.09979357766811692,0.0
2015-01-30,1.4737499674640109,7.33012609318946,9.496276209858202,-5.807446840688424,2.858456681953192,2.3221671558846246,-4.188088757462727,-2.28517870273518,2.5174317142699243,8.910034602076134,4.795838187877632,0.11908033342493685,3.4600737338396303,1.7351014843697943,1.1522675068094124,-0.5214314534901843,1.002941588457773,0.0
2015-02-02,1.8538030608093337,7.419129482513642,9.410722389091774,-3.91844166636115,4.221993523933842,1.2943326626737583,-2.917523211421602,-3.570022511381876,5.332721579612509,10.261989729306297,3.6709647771199894,0.737439408210605,5.464486990782458,3.3503227998640916,1.1933353347343134,-0.2130566103946463,1.4308783261953284,0.0
2015-02-03,2.0014004577615596,7.439339329486927,10.55438516578413,-3.7488152531929386,5.629293502237354,0.8059723907640537,-3.6296602538326894,-3.6875899990263417,4.933147403822491,9.938811188811169,3.8737603418990796,0.15700373168290316,3.5326146859775642,3.6838833744488264,1.082496507570574,-0.34890700815366493,0.7044792677853184,0.0
2015-02-04,2.541611376388353,7.953334246708943,10.002896669366645,-1.1541288289298346,6.232824283796168,1.2654741177554385,-2.526535425927612,-2.479163869581835,6.015715996522131,13.193336877547402,1.931202600216686,1.495554687679479,5.34021100427351,3.112259546368068,1.7690278824415984,-0.38763523956723,1.9523869504975533,0.0
2015-02-05,3.4272004575955917,8.54292905751839,10.518828429207439,-0.9508515227977687,8.63777641903598,2.673113654678949,1.4686077830407651,-0.9885319774320278,6.886647518535827,15.655929458340822,1.792942327021807,1.5878972675032132,7.730352919774419,3.265800399815477,2.4686790334515374,0.30302077766950486,1.2753424265820268,0.0
2015-02-06,2.7803765334118324,8.549235465461468,9.60186418109188,-1.6416521903789727,8.538085079683789,1.7205271338683659,1.5793698808637346,-3.8706363905187224,5.353142514511289,11.954343469547801,1.1737472766884638,1.2634665053400607,6.104620271925465,3.601377081970969,1.6420972884245044,-0.08287396878413622,0.7714083510261815,0.0
2015-02-09,1.495587261704312,6.003445776872285,8.502606223345444,-3.2122102305383593,7.433679426498108,1.2942163756788583,1.3935450711957786,-5.830699528250472,0.587945527641387,12.67543859649123,-0.9192753001715293,-0.009301460329280697,5.84460465612866,1.633378227354787,0.24157454166380266,-1.3305370067273614,-1.0119712238350287,0.0
2015-02-10,0.7614913362793629,3.4194764812556677,8.653021138863881,-2.6850510976610953,6.7239146560720275,-1.3964717949089378,1.1403878705249504,-5.036429488934269,2.307987588368876,12.004917888820588,-2.387901300079598,-1.341864800791781,6.32691538593384,1.8582728879531052,-1.1766017955724073,-3.720761045142351,-2.52940273727974,0.0
2015-02-11,1.295280140773225,3.1121933702897397,7.178509586297532,-3.7685405603369193,6.352215283972651,-0.7240149017696207,1.8562462831771542,-4.14226471239989,0.2793985983760905,10.534929795848047,-0.5539064984628417,-0.20775623268697307,5.744375570666205,2.764549625694257,-0.885894548770727,-1.5235932342976932,-1.6887597603050586,0.0
2015-02-12,0.2861437226575392,3.188651034532164,4.952953273635741,-3.2547908586235352,6.2263036092372825,-2.145225018265351,1.9419318109937356,-3.6156248345948216,2.5634678754312468,9.390884810889988,-0.5714581232384441,-2.413597733711048,2.393883643814787,1.2423013656707838,-1.895781271158281,-2.8895323763169167,-4.298425735797395,0.0
2015-02-13,1.1272524384195792,4.3845761665817,7.504042315188997,-0.6475050351045564,6.56122499139753,-1.5165349271775486,0.1840084118131191,-1.4059867475521681,5.439938731332217,9.41979522184302,-0.2968801986026226,-3.2434623961078546,2.892450725585327,1.2444020962363078,-0.9981331213840816,-3.1010700962104787,-4.987047510545084,0.0
2015-02-16,0.2986068428600719,2.375319975284662,3.0363007975117817,0.0881580632093204,6.327419629602593,-2.0008864573493046,-0.11446808990538404,-1.822916666666674,5.256430487612418,7.876769358867608,1.2259510134700058,-3.8832123330644452,3.214822507036863,0.5184033177812353,-1.7409057844773312,-4.148803089740937,-5.583783710931723,0.0
2015-02-17,-0.006627310637341566,3.30381267220079,2.2258866431855706,-1.0393195074664296,4.844447627915871,-0.9142913064398295,0.5891456812284535,-1.3026498710615342,1.9174717664524055,5.201288244766511,1.2606022877597045,-3.0804451798626453,1.5727533445312858,-1.327095401674283,-1.4263239408167316,-4.643181955981324,-4.490472472225648,0.0
2015-02-23,0.8903035335363185,4.216748374542689,3.269363379047485,-0.48152834164776337,6.647710085304603,0.16073624367944905,-0.22870934375359697,-0.6424778103762074,3.92884486179903,5.585127512512922,1.6177163499293323,-2.7219042016426553,2.5186129002650715,-0.35438174374469167,-0.5727051679235817,-3.106788886061651,-4.299136895007106,0.0
2015-02-24,1.37795881514009,3.1197877012854924,4.447515937159574,3.136700812433779,6.540362239164854,0.20609842299867953,2.7052304239051583,-1.054578407109663,1.4904679376083196,5.988880063542479,0.23786746645293455,-1.4318389752973393,2.0012714965728318,0.7909064500107643,0.10919875414148184,-1.9905775170821371,-2.547638199317659,0.0
2015-02-25,1.9352889362312276,2.626901350582367,5.3767874071733335,3.7679094938600555,6.370270465547567,0.794416017368138,2.3030563925957814,-1.1190846327381987,2.793868162435631,8.028102305020512,0.8422205418372464,-0.7639680729760623,4.719148823264097,1.456000601187335,0.4239907043437352,-1.8713655945039709,-2.0018273943018583,0.0
2015-02-26,2.106600545093129,-0.4124651280474123,5.006253832004903,4.494159782895335,6.929511581007386,0.8984808592309657,3.426694247902029,1.2535582218202057,5.828460648510059,14.184622724020057,1.8989344867601954,-1.442624440557061,5.4843448914629,0.6819352723525851,0.6457650332488463,-2.0336324276840068,-2.9510589660965536,0.0
2015-02-27,1.1723108432384555,-0.7218958585634705,3.987691917578773,1.074977473361871,4.860733775898307,-0.22523102031214437,4.049746381869812,-0.47709064722296635,2.4797288932904227,11.780821917808225,2.37557462865039,-1.8356722498868328,5.774685831101545,1.0608676282229723,-0.549189482712864,-2.8307566269247797,-3.3056036021195445,0.0
2015-03-02,2.251592552385251,-1.660812133912759,5.705851488984015,1.8838363897546229,4.86486486486486,3.6038645115174406,1.6470063271587287,0.7992522610076325,2.761373578302706,16.765209273377945,2.1216407355021394,-1.4499445881049233,6.723939589028083,-0.13588221059881445,1.4897219766674574,-1.1971394009288927,-2.8136205776886913,0.0
2015-03-03,2.3451562755686606,-1.8436530714680988,5.03966663021953,3.4019285337618888,3.238374916179154,2.8856811480280076,2.9000280610929963,4.590983173050978,4.587097947149177,15.534282823566015,2.3633280396220924,-1.3488051470588291,6.104451964536084,-0.5457937679262503,1.6646376307485777,-0.9959408342025688,-2.6659175503897736,0.0
2015-03-04,2.6343091936312346,-1.2073758279747437,3.1536449613983164,4.458577035391076,3.269761136820448,2.4369040254427876,4.850694684454271,6.3024932213477936,5.580480561128587,13.927598287271326,4.098028077578508,-0.737209302325581,4.897005733701421,0.5789419272375307,1.979624624811649,-0.24850361717828617,-1.6391336008110047,0.0
2015-03-05,3.2295723864329107,0.2969637899976396,3.6247712953491273,4.180887010272549,3.6684926665488504,2.6638450627286536,3.4322825335717067,7.683949686510805,2.8304541546158024,15.093304061470892,4.957868986137548,-0.6112355356476362,6.101964492971668,2.4046804031822244,2.5210347465171923,1.1910631839808339,-1.6159967937707465,0.0
2015-03-06,3.455825666855117,0.34498745203368486,5.60888194632001,3.043757717224005,3.512389473316313,4.47166251965827,3.570011450338395,8.95846061546759,1.8579806967042867,13.770261845386544,1.5803640433867283,-1.5313439740920698,9.981872593291774,1.5518813388854191,3.097674709729925,0.5980853665490393,-2.6143047938393504,0.0
2015-03-09,2.6364446367227456,-1.4856252901188416,6.001728072313184,1.5298976324728208,1.314112221011876,3.4791709423060313,2.5361583068210125,7.253197436559233,-0.0527935320381312,14.278963534693222,-2.0050972641214915,-1.6813748258244332,7.175133948744428,0.8851062221928219,1.9939015973799545,-1.3285116102017547,-2.3945072235731613,0.0
2015-03-10,1.3931034482758564,-3.2111428155231603,3.23336842003612,0.7769757518729659,-0.1406972587099653,2.0054652741917423,2.9558392370261366,7.375317336827436,-3.2463200960554994,10.308796007485954,-5.572811048078641,-1.6854063365691285,5.200929214173189,0.29739497063696607,0.7816632748953056,-2.57848811438558,-2.4181345818939604,0.0
2015-03-11,1.154103450565036,-4.700985506246713,4.514203668403027,0.5454694161736606,-1.0082167952209953,4.094443007915327,0.34718497902777035,7.855834176488274,-2.7300940015891895,8.320469280642184,-7.320051904434777,-3.8745774565800195,1.652660619443247,-2.162314220075945,1.2889981025848485,-2.119207815410351,-4.863391098295589,0.0
2015-03-12,0.4659817991791826,-4.784010315925213,4.267118914993895,-1.9996905539502285,-2.9183366733466887,2.8215898168902243,3.1017816798695863,3.875122979242729,-3.9115049646904487,8.166232971069975,-7.14926099541483,-1.5576032555311259,2.7974370563369044,-2.9073565921860833,0.3123699752215492,-2.353247876290754,-2.2891237934051456,0.0
2015-03-13,0.8839711642509851,-3.728120657168943,3.1665830987002153,-0.9996557202291312,-2.1534167621597766,3.820833184232564,3.6902005506214586,3.2027253601597527,-2.119054957115263,5.869074492099302,-3.2096857290056624,-2.3840535888728698,1.4961608544073801,-1.5788636299825076,0.9329029855378534,-0.6539631705364313,-3.2778697414236,0.0
2015-03-16,0.5672732425156424,-2.050862937230058,1.4394932907591196,-2.3999153117585825,-2.001678461259293,4.715417995972526,1.6112325274324935,3.4186523557798054,-2.0089556769884442,3.642086330935257,-4.114111790347952,-2.856546154917161,-0.15136675273794697,-2.4043065537342923,0.9408118995971604,-0.35272021137746634,-3.6957975778793006,0.0
2015-03-17,1.9814415690766474,-0.2391386725983935,2.6921409912495475,-3.011917748334103,-1.245301815876465,6.197725357738193,1.2669096616077624,5.410484302131691,-2.1090741484157904,5.801972963098279,-3.726017479443555,-0.9445018958979534,2.39588928640202,-0.9777234598077889,2.513509188710139,2.2500671948394446,-1.3999547945979463,0.0
2015-03-18,1.7746402552832885,3.0943640871538225,1.2628368168197568,-3.4157034431804956,-2.960673154182669,6.471338299483853,1.0943492712861103,4.348899900683656,-2.3304771753582476,1.016642295104786,-2.743555233461026,0.1290857959522329,3.8175257992077327,-0.784310076942385,2.479048774330206,2.1565500323450504,-0.14047534586733024,0.0
2015-03-19,2.6231241816899953,3.4047550435398533,3.8272699136208788,-0.8447262276583878,-1.5060885629639698,5.876962326101887,-1.0705859990831623,6.755980250276661,1.4276762323239156,2.9971988795518323,-0.3581903600072711,0.5441674929096862,4.160486613630554,-1.0359553657528608,3.338152351287782,1.2225188743117732,0.4670774297964142,0.0
2015-03-20,2.0247294434623253,4.673788921858235,2.9042014779627756,-2.665699220408735,-1.5631638973992001,2.2930671174816286,0.5532386693006153,4.524093021295439,1.1600063853562492,-2.9515623958958015,-1.688182720953335,2.21394433511386,3.684658135717256,0.9962721342031688,1.8825102590368514,1.1932477781231743,3.134759808834864,0.0
2015-03-23,1.7592860925961018,4.837423158704479,2.520726539223128,-3.6267563591178886,-1.8455680609216651,3.076169216529645,-1.8510376607692391,1.4070844405459138,0.7013831154107919,-0.9228696530818259,-2.5690920087301894,2.026413248550063,8.01659256315359,1.1881095711419043,1.5274078056648488,2.4669810422629945,2.76779658571078,0.0
2015-03-24,2.1558432459753085,5.180784505739622,5.369793675733114,-2.00882669361675,-2.097997057825063,2.941872870015394,-1.5464908666392052,0.6858902575587855,0.6576043451263169,0.8268416017493507,-2.816755015071193,1.6751399854743276,10.47959348935137,1.6352542119476343,1.420327908893837,2.0713856659606122,1.846448634760267,0.0
2015-03-25,2.223300873707701,5.912146406748553,5.042265080016417,-2.129144496556201,-3.3795838589074867,4.2621821986532415,-0.3948487425586178,-2.0010296010295914,1.6807169842874448,1.376115539205669,-3.524628373128924,0.776958828224017,12.18322698268004,1.2954063538801908,1.3435747527810182,2.4281275510526834,0.5455735796901173,0.0
2015-03-26,0.4779079356562965,5.916420474510953,2.71539916552046,-1.397518076837856,-3.569901186215585,-0.6089421650707583,-2.8175489294627543,-3.834127268777876,1.8837841922321186,0.6849784231796718,-2.1198446846468766,1.7947754181544706,6.667479397278986,0.9015346452174056,-0.7728547664436536,-0.19334807061297532,2.2249131919115372,0.0
2015-03-27,1.3538603586876974,8.106013400298128,3.5094074972016776,0.5989811060071348,-2.299034634213293,0.6552083725955837,-1.2086569988777218,-2.80737505568156,0.15393670484900035,-0.6822880771881312,-0.7032722061516394,2.175453514739223,10.052702906188827,2.533707865168533,0.2903471863389129,1.5823720792664808,2.4195439357523885,0.0
2015-03-30,2.2808688160341095,10.098445848143722,5.067527274002859,-1.1726664689245547,-0.8061070112831858,1.3271155661567002,5.414524421593825,-3.614610980607502,2.6382313738107177,4.10716810405769,1.0955254716468188,2.9147822792602973,16.907621551925445,3.5271928836842603,0.6496273288089993,2.898927526811823,2.27472205968402,0.0
2015-03-31,3.0391300616408268,12.892347013786033,7.007722279268003,-1.6990726642443832,0.4994161917203366,-0.8465940061670896,7.746661115924258,-3.265063967668813,3.926479654747239,5.45104745617786,0.17569867676934248,6.722770596366989,20.62791715285881,6.4089170875703205,0.5288145586763049,2.019456688479382,6.2703497531771735,0.0
2015-04-01,2.9361764750658548,13.865565185987716,6.541389931433539,-0.3294147767276212,-0.05277911354547582,-0.7575036621126352,7.076523649435829,-2.8512279067360313,6.745398699969041,3.990660157079162,0.7034870889428335,3.751306661598397,21.357189410632827,6.513693560325673,0.27549062093727983,1.5940509601422237,2.6627522935779746,0.0
2015-04-02,2.179485242649015,12.70609489608634,5.9670349184985705,-2.0450574635589303,-0.7664567896940033,-0.7515627361337929,4.388181904026567,-3.299426726546495,3.9896476515221435,4.633972992181956,-2.4697929419279396,4.093497581548289,20.935312644310343,5.146345638158278,-0.4845861032020893,0.2391943470187785,3.105681700821794,0.0
2015-04-03,2.9230173146885585,12.15543515438291,6.348206318461913,0.6807668995438165,0.20714955271898816,-2.0507143556121044,6.325370375556627,-1.966917667043,5.613687235212539,9.580621836587122,-2.0094689836982926,6.3827246016769035,30.79449008067645,7.062903087519401,-0.16270845101554743,-0.49836752688309227,5.078910036647355,0.0
2015-04-06,0.813829184545134,10.141938640616676,3.646829072425528,-0.8686164902333204,-0.7715058694057197,-1.8960532450838508,8.083598650113144,-6.076371452102125,1.4072313312119888,6.637198701567804,-2.1540031692315886,2.3385300668151476,24.561281957380253,4.368396446937828,-2.2783761391880764,-2.390817258946787,0.6246686820350567,0.0
2015-04-07,0.91597032216717,8.326110048863388,4.600641188274102,1.2719766846420733,0.8924156172733122,-2.805860830946394,7.929923955013729,-5.456321729102564,0.38721875590848054,6.838078169159734,-2.352565467319556,1.3467470878033128,23.22947552617507,4.994373593398338,-2.2754721289213853,-2.7536740733309917,-0.7104694782312126,0.0
2015-04-08,1.0486336357703463,6.46104202244131,5.386448065219129,3.5858293723645795,0.726245482410004,-0.8501402692299265,7.936866731841841,-5.4971343134811885,-4.056749836241291,6.200707098177838,-6.879574878220318,0.9654856094484465,24.642809197783034,4.634501702905625,-1.667397191183273,-2.3877432544990973,-1.5346135910805914,0.0
2015-04-09,1.0617305766625451,6.312173163929624,5.79797365069703,3.9964506114012366,0.9268935435503556,-0.5616779672374728,7.55048582814668,-4.78545109958517,-4.288494630927953,6.0346011259096555,-6.0473152578415785,0.42402988837699773,24.269895467724687,4.35641188900886,-1.4587949137848,-2.8059529332112976,-2.571867209397316,0.0
2015-04-10,2.512533205014278,7.695290108080499,8.679739977842594,3.7315313347836554,1.4227526327198925,-0.3102562059900338,11.382593262529973,-2.160971241324572,-3.1672645941848487,5.480010878433483,-3.379034869912556,2.566034289888819,27.046616873321305,5.247283661384627,-0.2340891584825755,-3.0852039046628033,-0.22326757003440223,0.0
2015-04-13,2.8191851550674496,6.055464980593062,10.628233918024232,2.7509486926236004,4.2408340653751875,-1.1540949826114644,9.729925785391448,-0.6039822667099126,-4.69207557266661,10.904778041341888,-5.542780748663112,5.004838932669697,31.001878235374946,4.356100655529693,0.08730153951748143,-3.2911894245838735,2.8876441327803093,0.0
2015-04-14,3.373294628477441,4.330569169296705,9.073639612571128,3.274005667347879,8.229344310496911,-1.7588265112261747,7.905548132418905,3.3141944600578954,-2.384085166190686,9.246690410590674,-3.0494188387512278,9.407681736659445,26.845795130847726,4.069618633222416,1.279297110719524,-2.9167181514889284,8.45897844016783,0.0
2015-04-15,4.815679139308604,6.805475344973777,11.90254559483568,3.175924403759822,8.013351695805415,0.5122347942794647,9.25469126624765,3.384479615903846,-3.2707126593637947,11.225253418599902,-4.106357885708157,8.234099510754177,31.403519198328645,5.937878398708407,2.4901952386487958,-0.7010613728434922,6.6250874163301,0.0
2015-04-16,5.946133280522825,8.056881690645712,10.876412863508067,3.3612922365808595,9.129223348708715,2.5214804168676386,8.960044549631085,3.5532914699932583,2.6204360863734344,13.704808826590797,-3.4477228992944253,9.367270037219399,31.01825246969323,6.593246032180899,3.842709585612991,0.6937279649591455,7.888448495428335,0.0
2015-04-17,5.589052432464392,9.748134984691891,11.46917026135501,5.206457503741091,8.68775541092781,0.8285291385341509,2.997860923219231,4.039247751430897,4.585553714567192,10.273647042846479,-1.4305305332221852,9.074176329836181,22.6464496463324,6.087137794454867,3.589155229429841,-0.28172572800201356,8.22999356361298,0.0
2015-04-20,5.177777886655277,8.835456428791822,12.881586154014668,5.6786450862734705,7.4149057320004985,-0.7884025332278055,1.5501973642989997,4.236515175342026,1.608394201179042,9.946618014730713,-0.013702384214842045,7.853652993977955,21.72891646909967,5.5113216724010705,3.2166815332543175,-0.43332889218803405,7.044023381244169,0.0
2015-04-21,5.735413739554818,7.14195095843162,12.886682737548183,6.2887710150139275,9.406684190762316,1.044151728662146,2.639186794740267,5.159664581846091,1.7346240780394817,10.505545349391031,-0.43284113634495247,7.19699571798218,17.403405579353404,6.148750485095178,4.220404383392484,0.9601394701927335,6.92317591043623,0.0
2015-04-22,5.658750067765039,5.121173607195972,13.957949746970822,4.265329865863654,7.987847627950462,1.1778220043543897,3.8982807336813474,5.341922642710761,0.1100386242956386,10.671104469501437,-2.2894722479943175,7.716254263281974,22.633058028531593,6.355924539222602,4.460991812142745,1.7848528702363753,7.4809684620227745,0.0
2015-04-23,6.257394569330499,4.318621956928381,14.863591116905539,6.221298420383348,6.702852523386071,1.372454745833629,1.9180521314031695,6.682655734933651,-0.01980038280740004,5.628505443747933,0.3019738106349701,8.858201414617707,15.77980621149897,6.330916047515256,5.630892418959066,3.1907584231784414,9.114176827124542,0.0
2015-04-24,5.539891420669174,4.420002532952738,13.804640433535642,7.780025241472499,5.7960466271560485,-2.4323061087303532,1.765332363560801,9.131592454767091,4.331610873960923,1.8458549222797993,4.973786061321395,10.935799782372136,10.520230754561055,5.470247800612782,5.112704351512254,1.9562959258261792,12.014295274301245,0.0
2015-04-27,5.398553025602948,6.217407249784768,13.371053345299067,4.760567073056543,4.930982206973611,-3.03148271291237,2.6698953288548655,8.845649881219963,5.239684488876506,1.6517194657719836,4.832115992586927,10.258274084001528,11.221994319974748,5.9089366414804445,4.358091490408267,1.7962141530843967,11.188390863815911,0.0
2015-04-28,4.293289822557611,6.82982994803969,10.376992587862443,3.732403199896428,3.9627119028965208,-4.67747907092636,0.5026072752403188,6.995570087543501,10.327090477446577,-0.01920614596671033,6.733243817835954,9.619315858810706,9.088741008577927,4.783993046624868,2.9846736276485153,2.0375972900990247,10.829350899097312,0.0
2015-04-29,4.068251030905312,5.598938917098972,9.483827533459177,3.963630069339086,2.1001215504434345,-4.277338673187458,2.7514389500088443,6.133965770067595,11.240480489911263,-2.3114276464875294,8.01810722874523,10.334596247774686,5.119172336514599,4.239985851976291,2.995607094633801,1.520878213645327,12.068292541887725,0.0
2015-04-30,1.8876690807372531,3.5102931954197336,4.828292097554088,1.7105886449303886,1.234054041892585,-4.03016150004909,-0.14763453833660511,2.7256416257118277,8.15932660558991,-3.777233466546337,7.282122905027921,6.989115676541946,-1.3524471474080535,1.7702682569868733,1.1026196263880905,-0.4627173781052929,8.189315469488868,0.0
2015-05-04,1.5870066510395686,5.258486149044095,2.508076085706401,4.108427517681679,-0.7628763098076141,-4.214738031036425,-0.7699074992245092,3.4200520104849863,11.708374599362115,-10.009777560498655,7.172983836725466,7.278911564625856,-7.528570029793958,0.9312365094048758,1.4262855217882953,-1.518723017204937,8.84508290966517,0.0
2015-05-06,-0.33811300740628214,5.580682268785164,3.5163836627938982,4.45657666145276,-3.8675534111408227,-6.555001156816276,-2.3367895348000767,1.551822323462404,7.218950318978656,-10.0264501445531,2.0184400697732308,2.363109937835306,-13.45054006441625,0.01844564682735861,-0.7406039228770811,-3.9500060456029495,3.422007577778974,0.0
2015-05-07,-1.366063510632276,2.0273081650301394,-0.024654535833257274,2.7042344422818942,-5.28806673293859,-4.794960882818233,-1.5593024634401598,1.2514480824340035,6.659101538838996,-10.557220625114693,-0.26274597495528074,1.545842217484017,-12.530441559164473,-1.743949430661984,-1.1103748410552061,-3.577715218952371,2.2795111700062876,0.0
2015-05-08,-2.5412402448712568,2.6094069838014544,0.17806375896642912,2.3339133995291306,-4.035787847579819,-7.834007604245297,-1.0144890501622705,1.5811241854005509,1.5616281460162584,-10.698156963261319,-2.986768532358952,-0.06341288126994193,-12.648467633011684,-2.5598409951510304,-3.184860101239806,-4.964703959568273,0.48806366047744465,0.0
2015-05-11,-2.1516211803125684,2.157742320140832,0.7446056525333367,1.7914363836169178,-3.6185232397459077,-6.574032031246546,-0.17757548233685583,0.3610144912839175,0.6486833654463897,-8.589901477832518,-6.296205363232121,0.3839014512318606,-8.627184411023304,-1.5779985817663045,-3.054352911911218,-4.224522373688744,0.6250908562290824,0.0
2015-05-12,-2.3263505550353836,3.5803635038189396,-2.329169642579876,1.953800283101259,-4.106919114576069,-5.947605111000087,-0.027250338058437684,-0.7332086174642427,3.6614023820644714,-8.161760186835476,-4.93353432917637,0.7606245127578459,-10.996722055881147,-1.7098467710956466,-3.077369290233989,-4.081970764780096,1.1897381784607308,0.0
2015-05-13,-1.4281118431175077,3.8701274192921797,-1.1394217784228888,3.234349354036392,-5.124849836965861,-6.533479381100427,3.62378096795688,-0.49039723189000517,4.28491036256935,-7.94286066128933,-4.360985004814955,4.257273465202727,-6.900082048750022,-0.4378655965174838,-2.4062412994413807,-4.2020861240374074,4.592075527206108,0.0
2015-05-14,-1.0989369790427639,5.4537843863114555,-2.8416907731156016,5.240929751727075,-3.9365477839335195,-6.541005710101455,12.751530050446869,-0.9487868429473245,4.740476260733573,-6.6040630945805034,-3.6110257770826992,3.6465638148667656,-8.962414327547785,0.3078178942535148,-2.5815763943115466,-3.8394944707740963,4.187080626264783,0.0
2015-05-15,-3.078572381649103,5.31105111255934,-3.6068163691023947,0.6029535176928613,-5.355326103426627,-7.339919380030491,15.158500845096622,-4.4536658314598965,3.759150322003313,-8.170914542728646,-5.4903248761529415,-1.4583333333333282,-13.25158474488205,-1.2635983263598272,-5.027975244383109,-5.799626633478539,-1.2862482278644172,0.0
2015-05-18,-2.133530882489132,6.898231079265571,-0.7287820558694258,0.16500056182986444,-5.532017122390142,-5.919133906936979,17.08928288825473,-6.29706385251162,1.4772384684956341,-6.829888712241661,-9.39779828988312,-2.1190943272846208,-9.399119259458978,1.3590649633052454,-4.55950857136177,-4.774572508474351,-2.5396906102630012,0.0
2015-05-19,-1.7005478461581292,6.006909247349945,0.4119364318680985,0.06435581615689134,-6.1690039866604485,-3.458417426151217,19.673661092428873,-5.692222619146648,0.147467285170233,-7.87051729609648,-11.088002079812808,-1.4915840870228125,-10.435152675816573,1.0423167091127006,-3.4201781674208065,-3.2611311672683496,-1.6423404638710948,0.0
2015-05-20,-0.37854977720040983,6.828352503127388,-0.9217752910639532,-2.0804971192516675,-6.237371806773629,-0.42356657413610277,24.23266862536726,-4.560218843187025,1.6208994057874238,-6.5569571620669675,-10.585768575547105,0.4019808955471271,-5.83889872284008,2.08557281306867,-1.9578081087170518,-2.3960365930919214,0.29782330014114233,0.0
2015-05-21,-0.9250313866603244,7.83792019382985,-0.717853716629735,-2.7277588540513875,-5.981172424436165,-2.1380962394740854,15.75761873167174,-4.687110321917731,1.1814774820555263,-3.8905090137857923,-8.53086775452474,-1.7707169748872653,-4.755976913725812,1.7152309454129044,-3.133304859529229,-3.491105463786537,-2.279382360908666,0.0
2015-05-22,0.8899147693884224,7.460152434235612,1.8599096485164779,0.11782689000701119,-3.5447989243368783,-2.539391476471009,18.129814776104958,-1.382096534127153,4.8572145186140725,-0.1473740621650621,-7.962090243965935,1.0006865417022004,-2.4759269588703225,4.1635450842612,-1.234973003609463,-0.7538059495450833,0.87154471544717,0.0
2015-05-26,0.5285546118383166,4.970206929784737,1.284375498249113,-2.3852333625550837,-3.369945361297033,-1.4276680633083516,19.496958484725813,-4.215588058505315,-0.4328188373927566,-2.6415863099280124,-6.441985156229357,-2.0680344467854495,-4.028967421105378,5.937396344337587,-1.696252231520634,1.0035968181492994,-3.105431960494831,0.0
2015-05-27,0.13874502275987854,3.557703212995511,-0.052786723842401795,-5.546679720247361,-3.677243593366719,-1.36867528414798,21.011374277928006,-5.561675111654074,-0.4850034643104517,-1.579271210774591,-4.3044021060630655,-2.672517782122197,0.8692755899683879,4.9890663833001,-2.471292311201556,1.7285930087721724,-4.305930006062875,0.0
2015-05-28,0.9512195121951228,4.9937793881624115,0.9950458226320347,-4.225260838571698,-3.164715814452279,-2.062863989745589,22.16607670234381,-5.865763392297085,0.2868275009345167,-1.7780209259385837,-3.511574463314826,-1.612598425196854,-3.243987129055481,7.203602682623744,-2.021116685078872,2.1821225442059555,-2.5427943254986096,0.0
2015-05-29,1.4039663968698601,2.3487011054656115,1.52216286092286,-2.814962135699539,-5.0260469067900715,-0.2892049647009509,22.994114002478327,-6.315199046460029,2.0385886026993205,-2.1321670197498865,-4.502525180471951,-0.06133801476343459,-3.546763478697501,6.946666901123644,-0.7107602389130441,3.0618116876674373,-0.7892513990074845,0.0
2015-06-01,0.23791587599766295,1.098577962816516,-0.8457359409035359,-4.183755235121589,-5.8860794665184795,-1.1305705134375454,15.729584664536734,-6.578455444744202,-1.450662582689899,-2.452004041764899,-2.2737197589449476,-2.469006093717163,-6.471436099314964,5.987847222222231,-1.3654358397888533,2.8724494857634175,-3.371332510309677,0.0
2015-06-02,-0.8646632677880794,-2.0349694843440624,-2.5242077945820007,-4.765787162308532,-7.4298668810864,0.24713869366566055,16.1535692244394,-12.287607526064615,-1.542512373188032,-3.506658636150717,-2.7850655903128185,-2.9902555309271883,-4.286807554028527,4.3989161209636585,-2.2394713699433355,3.9035926870748305,-3.8948342609851805,0.0
2015-06-03,-2.4123055965489804,-2.4486255314676963,-2.2412305442595315,-6.44823987280655,-5.60517331042123,-1.8127366981678938,10.846765747465748,-12.123834785132093,-2.942701763238309,-3.2907497826232257,-3.883774453394706,-5.357838015038818,-5.7658711589455685,1.8078410944398549,-3.797291637582012,1.6938594282230435,-5.919580643099143,0.0
2015-06-04,-2.2388024505619275,-3.923142625257392,-0.07548011527147569,-6.8991324922672685,-6.538782130708054,0.4873289757804544,7.426653282035667,-11.310924800656363,-4.414644109816724,-4.6526910691989105,-4.545981340905136,-6.312789601016943,-7.355981707082737,-0.08816249025127565,-2.9305319407335384,-0.09331423239187231,-7.214690059675178,0.0
2015-06-05,-1.8229290291953526,-4.668893317043066,-1.5570177183365397,-7.243274229575592,-6.193536582576686,1.4546607928176636,4.846586114651963,-10.338840747958045,-3.8180674258972536,-1.2517006802721165,-3.625727607077689,-5.082368701986484,-5.530399226942029,-0.643274853801179,-2.0726690901957334,-0.06804069229753296,-5.969291832045109,0.0
2015-06-08,-2.2959521601725763,-5.375212301161314,-1.5080105755573836,-7.601533532241178,-3.966015489538788,-0.035757671689273796,0.5192755430375229,-10.813665310732102,-4.072942308236415,-0.15016039860760166,-3.714392911772346,-3.626380508987659,0.43645770923186333,-0.9938991686779253,-2.827450211890359,-0.7641149936929215,-4.339206761180591,0.0
2015-06-09,-2.6791145059763655,-4.758711502353141,-1.0382063822575227,-5.320033745223562,-1.9275741508254396,-3.1939335208723385,-2.764203522007236,-11.31815044858524,-2.958584111281082,2.3975198070961046,-0.2339181286549752,-3.89417546794939,0.10017976923015759,-1.4446911148575436,-3.784093751334461,-2.6030993642833233,-4.544740767881905,0.0
2015-06-10,-4.123316226852491,-6.774063368768147,-1.0530131577658253,-5.163859160596518,-1.3348864298194596,-6.094727170884928,-6.567791279845025,-11.54968419639214,-7.890803404608682,1.3842253135064597,1.3219603705006522,-3.9149726550407604,-7.063387744861238,-3.4566242983525175,-5.031568252739548,-5.007075073671629,-4.3598383619298575,0.0
2015-06-11,-3.11850801531931,-6.92157660048106,-1.0928961748633892,-3.290354669625428,0.612015194860005,-5.4606692234746905,-2.5228284030400117,-8.133382873948792,-6.816358702855019,1.3309426936073399,0.071588110646581,-1.7794718443330693,-7.000739744194162,-2.6729048345801254,-3.844599311670971,-3.819492445936601,-2.069857697283306,0.0
2015-06-12,-4.376776478262889,-5.044163401103918,-2.868514586590132,-5.985002703648323,-2.228084929897123,-5.383380973872908,-3.8441784886556474,-11.114191256493978,-9.203611188945015,-2.831074735006034,-2.27446320970891,-5.5779846749608675,-10.41515369303536,-1.7798978191498116,-5.365308526382551,-4.6607016930949925,-6.233799729189505,0.0
2015-06-15,-4.720317238161886,-4.760298884831893,-3.258744466081309,-5.458137024927012,-1.726390767914332,-6.438773682957133,-3.804389779481776,-9.290151863782793,-6.671247379528422,1.3461672595382668,-2.7412342611936147,-5.098588019049199,-8.198801328704675,-1.9519791700998712,-5.781100110409232,-5.071801146242516,-5.435296590132921,0.0
2015-06-16,-3.73807829181495,-2.8162489990699813,-0.4466493387295212,-3.278882527453264,-3.3470249970660726,-5.507381192358107,-5.535267111853082,-9.392628409042715,-6.386735572782087,-2.368713531536537,-2.4361883153715347,-3.9147808620210833,-6.160086423024403,0.10790464240904019,-4.730544818927096,-5.603714968640306,-4.13302239057467,0.0
2015-06-17,-3.6017982936107473,-3.211354027572433,1.3348314785184279,-4.256859138786195,-1.4043355325164875,-5.076057401311262,-6.580284008349658,-8.952160609000659,-6.7043230805622684,-0.6892710436538385,-0.702895814574922,-4.193610346373,-4.095978426641134,-1.4904024004274818,-4.48358933599502,-5.840922576816898,-4.651599994628652,0.0
2015-06-18,-3.4480801967089136,-0.36882686136417986,3.9238312764488636,-6.1552588825316,-0.6497328091527699,-4.870748350819564,-7.282916692903473,-9.821080147754547,-8.415101557906068,-1.3616367572097055,2.2319161014670463,-5.456084656084648,-4.8522308941342684,-0.9133583801248069,-4.80509266086615,-6.567445800762462,-6.176666223227356,0.0
2015-06-19,-2.6355969691348236,-2.013840609525963,4.487230742168125,-3.733655216735743,-0.11100745167041959,-4.197155189364521,-1.9881093305535558,-9.065885037828602,-4.352737188203726,-3.5494786271666467,0.9443517635843612,-3.0615102876225264,-0.3720182612081846,-0.7584071811168047,-4.087358856357115,-6.249919633787249,-4.042133876996267,0.0
2015-06-22,-1.1295847284763072,-0.45953281133211954,4.981204540265516,-0.8327370932988076,2.0014235562365146,-4.1966784300476405,-0.6460068452815659,-2.0659701164960076,-1.2413299964247337,-0.6380470212913436,-0.7651472463596098,-2.6146749439558525,-0.07495908483284852,0.9533554618283535,-2.754299493368806,-6.6743817293675285,-3.761070949015999,0.0
2015-06-23,0.8743868628705354,0.910584841236517,3.812980015280054,0.8524640757708868,4.236131072147176,0.08408088000788627,-0.08261775226979795,-1.7160171254106071,-0.3343129255630295,0.3319731655024416,2.586052080215495,-0.17968479390371161,2.1443882575914452,2.2052039121609024,-0.2580555608134194,-3.803094086827319,-1.5641774818237364,0.0
2015-06-24,0.6112327894792768,2.7677206236316865,3.580141108940893,0.5939109991814684,5.063092813324821,-4.115600804433761,-3.105668849866605,-0.4064594089860485,0.8326333318596335,0.6134123647391077,4.889968128699351,1.5778531568005238,1.9741235911709953,4.053113863906321,-1.1310320667609175,-3.330877709955793,0.45447659445538857,0.0
2015-06-25,0.8200763986267567,5.420583974909454,5.812764684964278,2.966241659509805,5.284651956601238,-6.140233463472078,-2.4666729453667435,-1.3080698022577608,-0.20946949095238532,0.8817856158721327,3.494696355058746,2.4986216782445725,6.540594461163884,6.203990412092364,-2.071465237695791,-3.506150968091648,1.084420994168278,0.0
2015-06-26,1.2139318900440177,3.976978204927173,3.9644405056981302,2.5645176406437598,2.4747529459911766,-4.274045620216893,-5.885082997540647,1.1355642059844406,0.0036869349772095106,0.21190785426208336,1.8224327078712355,1.6463758069407808,-0.7675928084099337,6.057117705811654,-1.1054041279344506,-3.2969519499534083,0.5371799416464373,0.0
2015-06-29,-0.17150913504165866,0.989200903429932,0.7247780942035487,-0.680540239090599,-3.1553598621226975,-2.5279364628910117,-7.254285751646517,-0.6699628448553319,-1.4061682835023737,-4.608760008073731,-1.6178194607268437,-0.028289774334644413,-6.35445551604239,4.4357126525358614,-1.3181587623636748,-3.1694282929452533,-0.7937487147851252,0.0
2015-06-30,1.1153793654817168,3.631015696539741,3.2690986215049955,0.43014185439864683,-1.873583301851156,-2.040754054341365,-4.599248717568971,-0.03911974729811085,2.6730374811242186,-1.635687732341995,-1.9845517400989388,-1.1319214742901318,-3.6606937790367278,7.0465475781518405,-0.6533533712015038,-1.729439418372647,-2.3636609071274295,0.0
2015-07-01,2.0071865837470337,1.3668606631421554,5.859167545201616,0.20051513441594615,-0.4451488102174439,0.0866689000955656,-0.816923788192303,-1.183158926099559,3.421688911512155,0.5988838981897393,-3.731364637880219,-1.5244098539911266,1.029113569297202,7.705095028362852,0.30952259642329505,-0.5058075467307188,-2.8859892702127077,0.0
2015-07-02,2.6878864811394676,1.6725429543188897,8.321005695068596,3.4456290519709443,1.1123287025581297,-0.5727073303593788,-0.08213865723493141,-0.9610386610144128,4.238423556331661,1.9331676332504655,-3.4360978433926825,-0.3577661431064527,1.8653550517057305,7.5810755077477365,0.3874558766268965,-2.0276184982865764,-1.7686457344830875,0.0
2015-07-03,3.040170002741971,3.0025342456865056,8.155311720297487,1.4408900197145469,0.44476867322444935,-1.7735478257094872,-0.4351179410361783,-1.3432569079724899,4.708816635615132,3.4893324156916705,-3.1203738643290513,1.351381093870363,4.430966545623116,7.744863229547438,0.0781224986392548,-2.66867461706487,-0.15140150568103694,0.0
2015-07-06,1.242655467486875,1.4005276225946606,3.5876364040978714,-0.7191436937278861,2.2766458631826803,-3.2217997287264155,-2.622374404005823,-2.0380339379754253,6.544908067657285,3.5005336179295465,-3.4882706898055282,-0.4848215278549839,0.523037090454137,4.393419062659265,-1.6693584856902977,-3.718857158627531,-1.7379810734423629,0.0
2015-07-07,0.26684882498058116,2.1504143449724733,-1.20675941997187,1.021745555160547,0.8890163464295942,-2.6675552189625473,-3.5810801510431367,-1.825016247738498,5.967546137652335,2.0401009534492642,1.4245180916722777,0.9422614274258168,0.35790980672871786,1.4027972494826235,-1.5565131010282118,-3.340000547990263,-0.23801140764734274,0.0
2015-07-08,-1.2571747605148231,-1.0976064505320515,-6.704406874410118,-0.8606525647532504,-1.0117764139989993,-3.4702257909846823,0.24720871478634,-1.9905747058300616,8.388449250810304,3.7023927509556964,0.049684358194990175,-0.41636819484240917,-1.9866341857405212,0.14021638125580882,-2.6542046422762255,-3.826048728886333,-1.52423894395054,0.0
2015-07-09,-0.9355336694415128,0.0034389575976456754,-6.026836958018944,-0.9962554830426962,-1.2531772772950367,-1.7902938158196324,-3.4624484553504975,-2.088029069456254,6.849552063666375,3.2147204124006734,1.9093994392799019,-1.2868382450993532,-4.884235388044312,0.2913214273924547,-1.8598643848885987,-3.459816070828503,-1.441905922012432,0.0
2015-07-10,-1.1673057085579641,2.035980965190931,-2.7131203408294335,-4.977906785192232,0.08752217622709502,-3.063742438191719,-6.515441864610738,-4.748705488257987,1.4024646306674216,1.73099741746352,4.243746451092312,-1.5161911507558856,-5.389850427795695,0.4367423961500805,-2.5496569622529996,-3.7611756242935,-1.9730537234342371,0.0
2015-07-13,-0.9456083029021678,2.5413592879489633,-0.9034657060686069,-4.3449763149787435,-1.7246331851136887,-4.780086289142005,-5.476192570569028,-4.400313592341753,3.0102151706150826,4.494382022471921,2.129894380580044,-1.2210197575310722,-3.648171255408461,1.8301640582041312,-3.1217580526808453,-4.365321302280211,-1.5420934920065243,0.0
2015-07-14,-1.261070327446745,3.80986566400745,-1.0057667552428873,-1.8665273725438025,-0.8546126138527566,-6.761150894915701,-4.204959023904909,-6.19840468145878,6.075531261874834,4.596520071242649,0.066558629471003,-1.5274905205101774,-4.314398685259624,1.8265286985167606,-4.056413955430704,-6.248979369658714,-1.573874775503492,0.0
2015-07-15,-0.5827170441138452,2.521494810808722,0.1825483056041799,-4.17330689659453,-0.3531523186475982,-3.6145671694184256,-3.2506408230626005,-5.708094178282774,6.935104917767165,7.265774378585088,1.1062075373091007,-2.865872025474414,-4.9087908338557025,1.0208507357193364,-2.7960852249845014,-4.393278208983864,-3.4436340160162504,0.0
2015-07-16,-0.11338302412141621,2.2173177161876056,-0.1917954182205639,-4.878053845706532,1.0606683502672132,-0.991884760409123,6.957291191394632,-7.085842806049403,6.6214910890066925,7.830832196452953,1.389461289372984,-2.9708878564426167,-3.3731975508189183,1.162029721144786,-1.9850752926631965,-1.9847769534637183,-3.809330078654738,0.0
2015-07-17,0.7910739678426149,4.221370700489291,2.0102289465195433,-5.259769319102947,2.7303754266211566,0.04626439904640289,12.222953285083182,-8.684024505183785,8.140455734030638,10.311750599520387,3.223307912297435,-2.300827165868524,2.1648678902570495,3.8070139874315956,-1.6936411356904713,-0.7539048941339721,-3.6951054362545976,0.0
2015-07-20,-0.04290810915050791,4.651789651066696,1.317215074816036,-7.058159232072281,-0.5919366675890547,-1.2770104952196326,17.12651302388377,-8.925129379329677,7.4057000695130215,5.545248402391256,1.6646498037248048,-3.2999500336729604,-0.42535927592726175,4.252878174014207,-2.722902378052694,-1.450454396907186,-4.292883905487422,0.0
2015-07-21,-0.6802072558618422,7.981190650109582,-0.18158163217550927,-6.719503933702676,-1.444423635171832,-3.3218664776149542,10.257187724863904,-6.256989681212888,7.020121598147067,4.701664186172394,1.1859822251285568,-2.423252775963425,-2.924126902538615,3.5117030248062564,-3.0120252441238837,-1.9516524036212624,-3.131376223193849,0.0
2015-07-22,-2.021515377278349,5.902062459559176,-3.483681159366714,-8.511016673718807,-3.0240878209087496,-4.385346640210852,10.251514974552013,-5.561516660640764,3.725981500068598,3.94202113248443,1.0162479764973975,-3.28837901742709,-3.9328877325075617,1.4559992489203255,-3.800470528390665,-2.7061096989132616,-3.742387119355972,0.0
2015-07-23,-1.8694075774207342,6.231202990603069,-3.411703957413126,-9.01400905698927,-3.0785090082702693,-3.653927469841034,10.162046469142227,-3.5119705017852,4.9275362318840665,-2.048280907095834,0.919822627037381,-3.715607287888989,-3.7090469672868887,1.3438784503669643,-3.350246661590528,-2.653331474769993,-3.8283369270362355,0.0
2015-07-24,-0.38803659326266393,6.155659646878986,-1.1963402002531875,-7.640870583285708,-3.9461968587133356,-1.3973786461068838,15.584679515657939,-1.7937246516184113,2.3222844312670077,-1.4848422355124735,1.0993644769735855,-2.6102308534650343,-1.4261143138661558,3.637833468067919,-1.7371194302458592,-0.6521100417780534,-2.9092314076787584,0.0
2015-07-27,-0.07253870773272775,3.2471517721200494,2.4983244034281427,-8.98589620471597,-2.603278377866214,-2.4373319099139645,15.698133678490178,1.2231923471456962,1.9561923129907788,-2.2947440742013048,-4.219299763511564,-3.5242193534149813,-5.260235591584317,5.073531227111494,-1.4186209562750296,-2.364079596348989,-3.3994014342989542,0.0
2015-07-28,1.1352984064159966,3.7273416098385637,5.126784494062453,-7.822010698620785,-3.042416698582917,-2.2415937657476626,10.236120896789714,2.7465116701040904,1.3338852530385248,-3.1811045122533965,-0.2833523208599753,-1.1419322933057696,-0.575950096139366,6.293445570312439,-0.072275415749401,-2.0826935026533544,-0.8077521165697155,0.0
2015-07-29,0.4837731345638918,3.465445094405184,4.291248735263409,-7.459357588384541,-4.8153247530679515,-1.6954087414187025,10.708550408007046,3.2993598075778285,0.37311068715724094,-1.0058268590455,0.4314838410749422,-1.6638523021501705,-3.7881106224480043,3.580333264760327,-0.12107652826216508,-2.025971073793087,-1.5564146415072755,0.0
2015-07-30,-0.597685078058463,1.2419398053049813,1.7121517264230057,-5.36684171372015,-6.144828890149368,-5.074548383842393,9.998569862230067,6.445421336140189,1.950717952745773,-1.8867924528301883,-1.3904417877927844,0.8225828201555263,-3.0512998969244753,1.4177530910791436,-1.015168194912297,-6.264459868303973,1.611651043763307,0.0
2015-07-31,-1.5212076526058382,1.222688467660249,0.44500469043151636,-7.062523642258844,-6.6442968713464,-6.776792287893752,9.289253891073201,6.085138918005706,4.230404051060255,-5.231215779404974,0.6085018854987911,-0.3534887805734743,-6.111062056670502,0.5182265851044088,-1.9366760475092892,-6.224942269823064,-0.04627227729713246,0.0
2015-08-03,-2.4640278162225693,-0.5976698310722561,-3.4073503914662684,-10.317485563536334,-7.952191972601796,-4.658429691684718,5.255965233552917,3.589000909782958,3.983245842461325,-6.195559630624148,4.473813586280673,-1.4308530422036059,-6.947479402436829,-0.9873715736284483,-2.1327529923830246,-4.929454798815525,-1.5196467622191512,0.0
2015-08-04,-2.167001944126845,-0.8103307735209619,-4.458184743058736,-6.867140962674045,-6.283987915407863,-4.689380167469748,5.928973896001355,4.297054548616708,3.0119361659629806,-10.542398777692895,2.753927002268619,0.7088114118637412,-7.9233160189415175,-0.5827867223216043,-1.6533056247903688,-4.663227285755223,1.8764048140666345,0.0
2015-08-05,-2.7841505060132388,2.1268692983795967,-2.86434900639021,-6.687043566539675,-3.6553615844161946,-8.565907466862587,1.4702017002977463,5.938024443349188,3.2925538904141627,-10.602226720647788,3.272167702224027,-1.034528202424878,-9.617531817413994,-1.009041134796529,-3.466054640261107,-7.383690721939029,-0.1705883182247403,0.0
2015-08-06,-3.0576033205090503,3.0021284913774426,-3.260801237420552,-5.897582724131089,-2.858329378262925,-12.207156702993338,-0.0012563445399349504,7.055309705969615,2.2563663244580034,-10.364450127877245,-0.2049062049061967,0.47233919301294947,-6.560406846936251,-1.0779565692860427,-4.7129178785007,-9.096695671637622,1.512368708029621,0.0
2015-08-07,-3.042477970009305,3.371928795125645,-3.9585651880957196,-5.392646595562756,-1.5334341906202642,-9.32778018658409,-5.136217401607379,5.818293762265747,0.7112394915046449,-9.38151041666666,-0.10451444331543991,0.9031272465851892,-6.476110469389895,-3.209025287427092,-3.9390624794085505,-8.935236469085794,2.062868369351656,0.0
2015-08-10,-3.861068716944538,6.53148544321458,-7.462140747339296,-7.21847223150437,-5.649777904463294,-8.779928324197684,-3.7412983516122766,1.888498056771759,0.10347696115893257,-11.565548878981712,2.614417484284104,0.85904902157663,-7.702813438951117,-4.758354597718806,-4.869794053339261,-9.938467799083684,2.33417873876971,0.0
2015-08-11,-3.7816082490204517,3.339182291781917,-6.972229030083943,-6.49275206892238,-5.6143049413574175,-6.997003879882646,-5.909172398057317,1.7629442094538206,1.383251999693691,-12.029193275120553,5.368430424073356,1.1816905872232386,-9.194311982522185,-5.819073544267683,-3.984321812641689,-8.323485441731338,2.9453688619967444,0.0
2015-08-12,-4.338835971661981,-0.7886782734807585,-9.425707769406221,-5.520488174457561,-5.83166138896275,-6.457992141867541,-8.550315820279163,2.762250255876064,-1.205486570756531,-8.507026953628893,5.762550841670877,0.43980332897288754,-11.821251275221645,-6.130804870164841,-3.645126480460237,-7.626384483758497,2.119103756527263,0.0
2015-08-13,-3.0548006803652106,1.1018357063419026,-6.002100550763634,-3.6496904526913787,-0.9084279869977396,-5.955946544187385,-5.682017983243448,2.4401814930602006,0.9550937159334749,-3.495917940129778,4.298993028659948,0.7205305307602217,-8.442423870441662,-4.5481225189601515,-3.074310319466156,-6.110201461370323,1.8968871595330672,0.0
2015-08-17,-3.4475993349061484,2.7824098671394015,-5.273391023743612,-4.101516552573903,-3.8779580222292442,-8.551969832792539,-2.430337055545262,-1.3804521378449008,3.4277018041658724,-2.5314675479924054,6.1666315377435055,0.8669198041996395,-6.045496758603896,-3.7187299299801024,-4.652105710943322,-7.541952154221354,1.7025194364879814,0.0
2015-08-18,-4.06257662694326,-0.4498777849577196,-7.220280027405435,-2.8658500711873702,-4.276015306752246,-6.94655128611924,-3.6857372293875645,-0.03296483358645741,2.7573141013902847,-4.977790312345764,3.5622217014295687,0.8822593114739208,-8.642954539378112,-7.045590951961533,-4.336343669336373,-7.650899011634271,2.1207414611487785,0.0
2015-08-19,-4.821311137503548,-3.913871731224383,-9.46928290336686,-4.00625904993227,-4.378451127630401,-8.44914753113748,-5.674865381128491,-0.2928206032810077,2.153893630899373,-6.811015345806181,4.2674663360341425,1.3462771316054667,-10.4154455031648,-6.470653659156634,-4.884508452689962,-9.162558004640376,2.7751824817518145,0.0
2015-08-20,-5.174762138254508,-3.639183278846436,-10.333702915117204,-6.981640930267085,-8.212882755842067,-5.815813430208094,-5.138161772353778,-2.6547231270358407,3.449990545092896,-10.951048951048946,4.317362484009779,-2.6281765492643827,-11.248074660026985,-6.3052640946194005,-4.730985155734924,-5.985950256312888,-1.7134286967471768,0.0
2015-08-21,-7.590042164164412,-6.046221351356551,-12.228260340845631,-8.500018606728199,-12.504852909867381,-7.6875881822463965,-13.63851174434496,-4.5457451569592795,-4.37651821862347,-11.499373520813027,0.41457250759575626,-5.0809738900517765,-15.86720824731187,-8.462957023733154,-6.632574925257851,-8.720710649162289,-3.5912687279052835,0.0
2015-08-24,-8.896235480385762,-8.305679043265924,-11.031983354328245,-8.649860367891005,-13.579114083161548,-8.593700181408382,-10.489050463083183,-4.299302169964636,-9.40373658407314,-14.67569643231167,-4.550739079887056,-7.193749583823495,-15.684850146198837,-10.125845168386661,-7.973665945647257,-9.931140833027985,-5.8583915589375035,0.0
2015-08-25,-8.942844885822899,-8.10999250868939,-10.785156694190468,-9.662876530297504,-12.582453007984927,-8.68223365683145,-7.6759673654682175,-0.9481156796417034,-8.385151308487437,-9.89894676914319,-6.682130680230269,-8.544846698631947,-12.901574125259408,-11.049887237888079,-8.32324718312214,-9.953251360370386,-7.754178710569304,0.0
2015-08-26,-6.684041463030111,-7.296152656499089,-8.667057879170304,-5.799637815098535,-12.693472307673737,-7.5047331806974205,-4.971782121457902,0.1519371992909635,-5.450589180503473,-6.856778941409569,-5.437319013747921,-6.269835985529437,-9.94712130191001,-7.935445307830236,-6.180165010944605,-7.912452807302161,-5.715294449936459,0.0
2015-08-27,-5.229748322397665,-6.146898716774363,-6.6518327442428244,-5.437299629210446,-12.079979479913538,-3.9076681019265314,-5.288858177858746,1.4594317736735807,-3.558495257141303,-6.248662529424342,-1.607912316724025,-6.164763277525232,-13.80794980375497,-8.224889450410622,-3.889734831337366,-5.300902592356039,-5.52964125180222,0.0
2015-08-28,-3.609537217134351,-7.1959671297976975,-4.686530044360526,-2.0782297231088376,-9.525799552594705,-3.2920997687627795,-2.347272734970729,1.8043080354437135,-3.50876006223364,-1.6524175587326773,-1.153767909558534,-4.257024535779486,-10.464526154578579,-6.024996819743034,-2.5654392800307235,-2.316626248382625,-3.6545320726943276,0.0
2015-08-31,-3.0791195954412265,-10.603626457710902,-3.179142136248969,-0.4439514318574145,-7.998388741330043,-3.2013157717955543,-0.9125138049693615,3.442635813310657,-5.394157230494823,-1.0667056330824876,-2.650864536814379,-5.692226007698764,-12.05818744735584,-4.1987782144499946,-1.816692930724828,-1.4599336252161699,-5.500014002072307,0.0
2015-09-01,-3.645332595072115,-8.799237140330284,-3.3182534814699016,-2.492616769729228,-7.6670401303727935,-4.882028920509662,-0.061057727699853626,2.3689320388349477,-3.3350728538665386,-1.622222222222225,-4.244353067087248,-5.66941113298729,-10.49631310266591,-4.398555649261859,-3.0647437441916447,-3.6030999083694337,-5.708069005467875,0.0
2015-09-02,-3.0499071107128906,-5.370295420041559,-1.0717644835763873,-2.898218171893163,-7.593084594355237,-4.187060910809182,3.617494110849373,1.9760726072607149,-4.1305325812368014,-2.1222914811516613,-2.8379743992813844,-5.274740080389828,-8.290774957764347,-4.681555817919469,-3.0382355972379704,-3.9714465087078876,-5.226776962520185,0.0
2015-09-03,-3.424823288596701,-5.972492887262259,-4.823972605568927,-3.831395668130355,-10.565769451443119,-1.3185953898312786,0.5895996358355138,2.382648759692696,-3.709689779369252,-4.0419378163412905,-0.745522579908009,-5.203563210534712,-11.3234470242912,-6.370101866610566,-2.312298225766407,-3.3288262679962655,-4.627178708324298,0.0
2015-09-04,-4.189949810009552,-8.940315440191748,-7.96688989234926,-3.1936753133197215,-10.443418306028217,1.8775707439984801,-6.181025688583885,1.7642068537016664,-6.487943398950769,-7.2866315561647905,-1.846337105419893,-6.340567385536444,-12.363249011554256,-8.421052631578952,-1.8473464436838172,-1.682301683871712,-5.74483065825585,0.0
2015-09-07,-3.733655035629213,-5.6289533378253935,-5.6642198785231805,-4.903369294766646,-8.395017151110306,-0.7220764626183263,-3.605155691679429,1.7365241252605745,-5.862879623854534,-4.4520293833939295,-3.813079882326309,-7.879908037686523,-11.810670282609326,-4.957485702785647,-2.6573164641252034,-0.7961707975925214,-7.731123493290881,0.0
2015-09-08,-3.1298662459136484,-4.825181827284563,-5.144271612711249,-4.0070457829918364,-5.739128147115313,0.21890668398081292,0.08136150885365012,3.137900125020643,-7.435633367662198,-1.1354237160688951,-2.8566687868145313,-7.945508765588283,-10.093581192462786,-5.2789834453117574,-2.170088382788904,0.7503013178164819,-7.9146603031207015,0.0
2015-09-09,1.0263508396229026,-0.4538829974220726,1.6908646038964692,3.9518951745594944,1.1796820345399972,3.1449716585530973,5.0550966704433264,5.973493630344895,-6.280592245563909,4.35841055442121,-0.4459184526629745,-3.3859114947002222,-2.3948601121150825,-0.7822685788787642,1.3687043444829072,4.578611068477212,-3.3066536147179804,0.0
2015-09-10,4.586182818338336,2.788209623191862,5.1843346064919915,7.854226930956831,8.901580212985237,5.74987744404849,16.606275727772445,9.573159593253354,1.130445827511739,8.219285826647793,2.9041653705850656,-0.21123981522319646,1.5436534551222625,2.220470371830241,4.176947982484913,7.043966865550599,-0.43798381933530806,0.0
2015-09-11,6.096807865297493,3.9977086581613808,6.800596214175703,8.061514248661084,9.628670748912782,6.232243506626278,16.55078714269138,11.302909227119496,2.542670352332066,12.74036494558548,3.6424801345629643,1.377594948818528,3.631013985445608,4.704654260105823,5.12418721808916,7.692633684513872,0.9179687500000089,0.0
2015-09-14,4.59377352257897,2.17688048244582,6.074449744074806,5.878215330903114,5.687620560535578,5.085110455170638,7.825227766129195,6.469456469456469,3.1783449252304363,6.658241845035939,6.3550058398969655,2.412159399725833,-2.9320417644274066,3.312204989885359,4.884097506892893,5.5905649825973125,2.322131395700877,0.0
2015-09-15,2.295033498936161,-0.2704065264219291,2.1123158975945744,1.7276922541962891,3.502784264415282,4.933113253465127,6.176127553277544,4.898715197130499,0.3476869259801951,2.765327053103417,6.543778801843314,1.3781019132411476,-3.1506107345519396,-0.326356065721356,3.304402759531655,3.479076966139516,1.6506148615250904,0.0
2015-09-16,3.5351153039832273,-2.1712404109539785,2.735706571264629,4.963217803684716,5.404203887136894,7.056466379833792,5.3953907921965305,9.571972419035868,-0.47987670321203435,6.91622917142205,5.540369749875085,2.937492614911963,1.8142801404603892,0.5377546806167421,5.157611527015549,4.843584951653512,3.555076757339082,0.0
2015-09-17,2.003437117775464,-3.022700480609375,1.1632330684045344,1.5770579720001177,5.263014889685902,6.035991698509169,0.4894968458019955,8.984884295503392,-2.1627419501833334,2.366863905325456,5.2893096554157415,1.997581507836843,-0.47001108564033167,-0.8858017902164228,4.080425783560027,3.851614489557975,2.542970471573369,0.0
2015-09-18,2.805062091486432,0.08186372265066577,4.340991485050694,0.7994925694220001,5.652167964207044,7.709950946770161,-0.560296414877548,7.514980366530333,-0.5541748793098544,3.9140388449893093,4.472740104687412,1.0861150859743374,2.0564221774673763,0.2518658287986364,4.233979772776664,4.047814812472317,1.043117498888746,0.0
2015-09-21,2.635524466756878,0.32017422678738416,3.9839399151864185,-0.19505788024034576,4.897824108546378,5.498951958134346,-1.2678302164757405,6.328836305007579,-1.3773556759982042,4.382200135531966,4.285420159416442,1.3044921967648504,1.5584566473377803,1.1373855548608702,3.506068331759127,4.032608870772836,1.3710535385168532,0.0
2015-09-22,3.489938492705802,1.0360459534474176,6.447244452742873,0.9778266428532412,7.3794741447560375,4.762131851336626,1.1384255069081917,6.768073142117403,4.419674119422168,5.792266868840024,5.055903851154198,2.2710032239711797,4.168865992441351,2.160711520927605,4.07162546147688,3.7700670718419316,2.092425419979671,0.0
2015-09-23,1.5196838472903096,-0.5719433617198844,6.090762517115911,-1.9095881635825207,3.8129506436271887,0.8435675708717838,5.2115073806701995,3.246365381381233,1.7855850902197767,1.3111295305553217,3.6951767008173153,1.9995674012833975,2.8602592970576657,1.1026615969581766,2.040081349038214,1.478149610992352,2.021657364717311,0.0
2015-09-24,3.237471103476053,4.0229691247002375,9.742360695026942,-1.0582807078287182,4.42576635117955,0.06414643456498226,11.824966414004123,4.832185608528983,4.275640978507833,4.069722200606973,4.828363384188639,2.7771724655577312,4.36153787190241,3.9092895592389265,2.6044219064055962,1.380527299148837,2.5657443402698155,0.0
2015-09-25,3.166385233801683,3.525328309165743,9.552090349112618,0.07057001207588787,4.822906695196805,0.4878143407146318,8.387723130557557,4.648349549403541,3.6476952536276697,4.240118039916108,6.363957181508062,3.6603865916320144,6.120439813278478,2.705969543505482,2.7904259033612044,1.263555152152085,3.3075038898217723,0.0
2015-09-30,4.478144228926695,6.884718457633299,14.153937079468992,-1.6223299100761257,2.8803081259855645,0.38939215681863537,8.574427694025676,4.967608766502951,5.536270582999547,1.186492242166115,4.352653154179009,5.423712175129447,6.891766099686891,5.415366404820832,3.898356686184412,1.6542151588854637,5.118079871662373,0.0
2015-10-01,2.3327473891014305,5.202897937638062,9.12510868348786,-5.544923448831584,3.520830791339602,-1.2925875952699228,5.047988067126763,5.34019723376542,2.7717579750346832,1.6931296561065512,2.32356317012401,2.151556798256027,0.47729692589311146,3.709827605712257,1.7998386351568474,0.16298344675231835,1.7359198439756307,0.0
2015-10-02,0.3858091544306941,2.7775621643576054,6.743365592123007,-8.397968442511882,-0.20109617128662993,-1.3090256690272417,3.860398258149078,3.235862896772468,-2.1295598537497518,-2.907188022385343,-1.8521571860401043,-0.23494928817344718,-1.3026430286319446,2.5621251071122675,0.503836964929949,0.2984082317379677,-0.9879718808003091,0.0
2015-10-05,1.8996893946027882,5.3633375769226665,8.570490692306066,-6.7709481147894435,0.27728762288883324,0.21512681159421287,2.8902117773951908,2.9239700479569253,1.2772512355319732,-1.2846566990855068,-0.671554088085502,1.2409172407285007,-1.375686274509802,3.803974147414735,2.3501386122062318,2.2572190871957165,0.8336931116106561,0.0
2015-10-06,3.064521139448928,8.182218545059872,8.904516765535476,-4.940378917558519,2.0586735378586685,3.1419369508482564,5.007722389767721,1.3011068443641305,0.7207729741964819,1.8809241706161384,1.447357305775343,0.8735675371031482,0.41643218908271606,5.465194197147327,3.3464539549633354,4.994980514912228,0.5577418114033783,0.0
2015-10-07,3.5240199013191864,3.916911764705877,7.639794947768919,-3.1120139461977447,0.6354631137692746,9.916711463741578,-0.114056278987551,1.7713401645776727,-0.7487121586338241,1.6263768758778552,-0.1311530304721531,-0.002335684589149789,-1.4425715405723238,4.397217324845171,5.524593125877342,8.517443016826443,-0.3772194798496886,0.0
2015-10-08,2.231390316130488,3.798200939215546,4.955721686210168,-2.0214694656488508,0.8553992961737755,8.35990898437242,0.3989796860185191,0.28130996129955843,-1.0129522736871621,-1.828921150014251,0.008354684192934947,-1.05376739060562,-5.304504795232001,2.925142705543049,4.386155412283688,6.775116057381569,-1.3639647449790626,0.0
2015-10-12,2.2838466169826432,2.3068841662526207,4.153671327956721,1.8022089433751942,0.8905294132830921,6.659084390947689,4.738236385444439,0.31191447752958457,0.927929606328548,0.963391136801528,-0.16475384658346526,0.2781514329358581,-0.6239290394113528,2.282524263557284,4.0246212121212155,4.748993760167419,0.06733427887852805,0.0
2015-10-13,1.1573436208321741,-0.6455024201904913,1.3823830912340629,0.970204783791484,0.832707399829058,3.752675228112512,5.121280969382247,1.739828839046842,1.4498894091287795,0.5259043422642273,0.5376192754806164,1.7659890466907857,-1.1951928491347963,1.0158554107534412,3.3055406132329157,3.7208984256276167,2.0324368712789864,0.0
2015-10-14,2.283832481625492,-0.5393009248758851,1.869792199815734,2.6904794641629426,1.7246365381076378,6.8379661331949615,4.903406447762237,4.685000083620894,4.376323484924871,0.1659092548510488,1.235333935018046,2.5285634013860303,-0.2969241569381942,0.4674519633829366,5.145111492281296,5.323514836151899,2.5039910128303644,0.0
2015-10-15,2.5836755698616543,-0.5547746161141953,2.6921805190406323,3.8076586729729467,0.49152761609105866,8.805206715348234,3.588044939626678,2.148919586021747,1.2237363366726761,1.0892933925756187,-0.8222643896268256,2.709656483241396,-0.23004813782619982,0.9219499873705628,5.613165473993842,7.402308506004585,2.632195350471389,0.0
2015-10-16,4.402871482639448,1.3796158937271041,4.5001298842087145,6.0501283329874145,3.7132071416096757,9.373930086446203,1.058918469422454,4.302476451524129,5.489529875040877,3.3767199702491757,-0.00832593250443825,4.516858697957149,2.9172135020210987,3.283018222845202,7.141127051023877,7.965980907332426,4.60390372980124,0.0
2015-10-19,4.2714806635509195,-0.061055448793578826,3.2744089361254725,5.5244920160363975,4.05016030193579,9.565122195110387,5.711163166332489,4.358563684422734,5.621289258063156,3.9030955585464433,-0.18743625789023888,5.1215604975499485,3.366070679090072,3.421981723215284,7.1906192460509555,8.729552417481145,5.1606765956181855,0.0
2015-10-20,4.967444733252702,0.2668472128187771,3.6862944679118437,4.223831769752673,2.8350030888238287,11.03592529464601,5.623096591371768,4.061901970110959,6.053794333963203,3.8590479028533187,-0.27372262773722733,6.708209413208688,3.103142752905619,4.2385038957469146,7.75859080920327,8.835947635334374,7.033999403519231,0.0
2015-10-21,4.084450354338931,-1.5068730951567022,1.9486803694248822,7.788641135628804,3.2296569591579116,9.896699307594048,6.69845436107146,2.415827345967192,6.489134407241859,5.1788935658448665,-1.5876913004337467,5.603277696300957,4.978598307920468,3.2427374420484156,6.33070973457357,7.738229769856075,5.921023669420511,0.0
2015-10-22,2.2068185033243815,-5.853824838063937,-0.01439694548094339,4.604740323215384,-1.915974750517302,9.70106310566572,3.1255045309466434,0.08135999657430393,6.476463600643845,-1.5835429924522582,-3.8384722716204633,5.040593829737872,0.9364869732260583,0.4136808364240574,5.169926095527111,5.062773767659934,5.7525426209116715,0.0
2015-10-23,3.5904309329434225,-5.269933715281317,1.882553164604439,7.006679153630846,0.23179244040563152,11.020191093878108,3.131551202673588,-0.3488090431974178,6.878457765356738,1.2351223894004004,-1.5371262179415424,6.712989950334602,3.4623780413318483,1.9366697301361757,6.607635459591998,5.652887720731625,7.6416667896733514,0.0
2015-10-26,3.529887526854547,-5.747779062601699,1.172124160504362,7.863687518307061,1.1232833214257276,11.710089255451361,1.9228132988202695,2.0245452266509867,7.473911022856883,-3.1468274391588835,0.5042537607752529,6.224076059094941,3.4895742210487857,0.663200251701479,6.859942833809707,5.929483479184472,7.100146166452581,0.0
2015-10-27,2.712681787355886,-7.767423559810805,0.08788128670591533,4.998954247032361,1.5358720807910675,8.423023391254848,2.9162450170230336,5.588012308790091,7.602795041960753,-5.436836749527563,-1.6543148194409718,5.61271999255053,3.923954697323917,-0.06601259190192055,5.561013687199723,3.045337509222601,6.2379544217386895,0.0
2015-10-28,1.828161767638492,-2.442385389911339,2.170087976539592,4.051125424617208,5.212119604149534,2.2235979343681933,4.774766044048184,3.051950913216861,7.472502470689446,-6.70691787299047,-2.1319399815585838,6.021535514913712,2.6924402725850394,0.8627000765365711,3.108289650449114,-0.13049757699723497,6.530195684006568,0.0
2015-10-29,0.7244259803023567,-4.098188003688774,1.8078169842068004,-1.190574738390071,4.1021955044432845,1.7640942710470675,3.907500344742565,0.41564646808600614,5.851899787371728,-7.575208408843781,-5.22681072651835,4.313325135153945,1.9589780726509742,0.5055418360813801,1.6286009635076315,-0.6801042294208637,4.457563062139291,0.0
2015-10-30,0.38780587941413813,-4.452564817121374,-0.5102030804492119,-6.9139815758691885,2.1555032492452497,4.539254716138785,1.4969763878132758,2.2430486729037247,5.230275535487361,-10.98388464800678,-5.126985902886549,2.591910510879214,-4.680954651033053,-0.5850198205716639,2.0599518824370833,-0.8523452253355823,2.8962890848700074,0.0
2015-11-02,0.8018622619548887,-5.765295006375526,1.5060014484207906,-6.274762563742864,3.5460628556016616,6.74546536600511,-0.22765727082982856,0.3051040927687154,3.671666513297134,-10.371155885471895,-6.3469399182485065,3.43192027911432,-4.457633993438326,-0.9998170052070376,2.9726105860605534,1.2072817845500072,3.8200632365622322,0.0
2015-11-03,1.9332686422333323,-3.5105277827045422,4.538137355978811,-2.742405187377761,6.318972423952651,5.017266105108398,6.628736377517952,3.279814681683857,3.348882785652174,-6.661385568198186,-8.812057725525158,4.222232371209356,-0.9622706457905084,1.083960586316457,3.601328556793204,0.9961843565972295,4.995241254001681,0.0
2015-11-04,0.959046265375485,-4.035843027798281,2.81793283530809,-3.7560334312604304,6.374050714377644,2.3427790079490585,2.5200312803232983,3.9133291647678536,3.802361876660587,-8.237629377569833,-8.734472049689446,2.816456410372137,-3.4261742239557913,1.3314979351770617,2.2319212445120584,0.044175688887282405,3.624511454083823,0.0
2015-11-05,0.9432289460463039,-3.1871774986522494,1.013901013509555,-3.707204368830086,5.809510239504667,3.674347000564482,1.981743155710114,4.9241506324819495,1.6198478528930416,-7.914238434419751,-8.223930722473561,2.067270841787283,-3.0977265655684594,0.7530805961750264,2.2032037204495536,0.4627715518804587,2.4841542790552174,0.0
2015-11-06,0.5319489526023569,-3.326401078404162,0.48617161877722026,-4.844535119275061,4.01211695723962,3.1836859145049523,-5.302647332712507,3.755815638231086,0.8592028840376464,-10.657743235463446,-9.629670542100467,0.6118058356864298,-2.922994152996583,1.4390570498090671,1.4626680615289267,-0.5867226829886607,1.0628975265017715,0.0
2015-11-09,-0.6698179821120309,-4.987278361690661,-1.719307407923687,-5.621100868129359,4.237786164836166,2.6071287221868245,-5.898860162745789,2.9742859268865773,-0.25765855274052507,-13.671903019869447,-9.309933738113052,-0.1681118386126279,-6.383451957295372,-0.1499880504025941,0.9482453600952123,-1.0785779819827646,0.38591749446201806,0.0
2015-11-10,-2.2707026011023146,-5.776110968778214,-3.8086067206800522,-9.500295181255636,4.433406916850635,1.0340798799435724,-8.264411824810203,2.6215853969874914,-4.289947662638516,-15.236189523333099,-10.031878031878028,-1.8935719954148555,-9.652395125286573,-1.8192754208310458,-0.6229371615342538,-1.6984953703703676,-1.5502479842620098,0.0
2015-11-11,-1.2718734552644606,-2.8085318160378403,-2.83956534688814,-7.038503268275276,7.073903464850773,1.610086897952323,-4.845631064063816,2.3928204689371846,-4.075704864572261,-10.248120300751873,-6.856720154774109,-2.687542786476149,-7.0448539260760885,-0.7587722596873125,-0.18292486554377652,-0.3787517341104052,-2.654083524755757,0.0
2015-11-12,-2.3054303077827965,-2.4544040403665868,-4.304805165611159,-9.37858405164642,6.691982235303406,0.5254074043185897,-4.973673200344175,3.384163304110155,-4.916217514275035,-12.207926648920441,-6.5686581169846825,-2.9257527422103857,-8.29466119096509,-3.0498000131139014,-1.3129648087096601,-1.111086793168603,-2.674016784597666,0.0
2015-11-13,-3.651712823717823,-3.714553335292392,-4.349024809704871,-10.656766690725794,6.374376888958677,-0.7930246999734991,-5.2703616821801464,-0.02670754701863398,-7.470451031265557,-10.141957033325733,-8.047201278134363,-3.948667324777888,-9.149030998816599,-3.8608641294960555,-2.638517386320216,-2.333776547434796,-3.8323683484973725,0.0
2015-11-16,-4.970532854033705,-3.932290656723758,-4.092561791668292,-10.585894704623456,4.048383754662255,-3.410557706858941,-5.681153189304078,-1.4603395843892475,-7.200710085432149,-11.183704842428899,-7.19144252208519,-5.640663918707434,-11.14763191141881,-4.848524882543826,-4.033913431503788,-3.734173053459111,-5.567018875240626,0.0
2015-11-17,-3.8643629651752054,-2.8670845565103242,-2.834672789896675,-9.189060895510826,2.2077643706421624,-2.783659989543219,-3.3310142642853924,-0.5152407574680606,-5.407550989355581,-7.883040935672514,-6.460914749043567,-5.051662223788855,-8.450646037533183,-3.9021453138789797,-3.08292670464706,-1.9886509620254955,-4.803954237476404,0.0
2015-11-18,-3.5041491328115737,-3.1505858207026893,-2.7218923541054263,-8.60717136971585,3.7083066571260037,-2.996297408185733,-2.16802059036435,0.553874971741064,-2.763856231105144,-8.611764705882353,-4.50725744843391,-4.9268205881044524,-8.196113452509657,-3.319958634953468,-2.4008751391394467,-1.425063579759711,-4.6614031889382845,0.0
2015-11-19,-1.9985513459178983,-0.04107677417901634,2.63431433074095,-4.904746284474282,3.3710257084538453,-3.687134055111152,0.34092292706684457,0.6902685975723521,-2.476049116178658,-4.803874861044943,-2.641587310946658,-4.702701504775842,-4.090938111858344,-0.7907726402740067,-1.6208157596299566,0.7199482284419911,-4.701479038833478,0.0
2015-11-20,-2.2297124663430368,1.4236143354476427,1.8023778287643566,-4.578436924819485,4.413187467440638,-4.837843288589294,4.944791958936445,-0.03616078787975763,-1.565636564748929,-4.614292475153803,-0.7742668380616324,-5.449975748489788,-2.1216110917054,-0.6780373046546773,-2.5644267175717217,-0.1187089675938946,-5.546942052659276,0.0
2015-11-23,-2.1821909783245497,1.1079620588174466,1.807122369098968,-7.07268865419789,2.445427585201032,-3.511565538048955,-0.7152385436283715,-3.6495070742069813,-4.107046278552684,-5.971761438160639,0.8401820903730428,-5.952980872461167,-4.496837626192152,0.039191161142393405,-2.6352917464476544,0.34941109671406956,-6.163988463123193,0.0
2015-11-24,-1.7771109281604858,0.6896990591269692,2.554143800434616,-7.067514189765611,0.4598146221049815,-1.2691572552542496,1.8578423150344747,-5.309053080331871,-6.366136758435548,-4.967552533992581,1.1818678981588393,-4.51721942975043,-2.1793321062319237,-0.5664369633050836,-1.809238530663726,0.6760963039103451,-5.022919046898011,0.0
2015-11-25,-1.95129329904703,-0.2686222564269425,2.7333077558043595,-6.875192099862193,2.6038733687535176,-1.5382848702817586,-1.2480573629422231,-6.157328283061569,-6.354226757640269,-4.351902492382209,-0.3719833061150535,-4.450579790171172,-3.0956867781906983,-0.5856407139395725,-1.9705367469079915,1.4028576998332154,-4.932468036719628,0.0
2015-11-26,-0.5090467254920128,2.473920467679269,4.288514598369475,-3.658779884791874,7.138482306913496,1.7200758710192554,1.4581928523263565,-4.392035169381958,-6.0810050504047535,-2.247281514297228,1.601271238234947,-3.6841519100122455,-3.356076647583195,-0.38134660984494584,0.024185489978933994,4.075193996138293,-4.198483958490673,0.0
2015-11-27,0.16241299303945134,4.875903998059328,6.404222335869081,-1.5026891043393165,7.616076574206332,0.8792877988103243,3.3930034409306975,-5.0087229408182,-5.090778691246189,0.19110926464478428,2.3631194399437394,-4.154480191438448,-1.0313397697574556,1.4930546958179747,-0.031226301467635054,4.251807492879567,-4.800566241985171,0.0
2015-11-30,-0.2313945276696705,6.210612383428082,6.263084473666591,-0.4244148119976976,7.161730290143198,-0.6863670075629602,3.0615461564650115,-6.232346005338307,-2.7913968707117154,-0.7840822864851105,2.5727138279517003,-4.628693405235373,-0.23482930358087462,1.4199514933827873,-0.9112425272308711,3.107614870632558,-5.271378917298741,0.0
2015-12-01,1.3348220320737791,5.297700705799646,8.771719689879664,1.2096826834955277,7.654034641427554,1.101679083865803,4.12672966587917,-3.269260903630189,-1.6778038524798755,0.05026388539834947,1.8877145824424346,-2.6142604275405157,0.3566282220330619,3.2317550669844097,1.1582812268101872,4.707451315566491,-3.2723034059248257,0.0
2015-12-02,0.7991531885860992,4.187455689682373,8.496113921435988,2.548428093468025,5.564107932363682,0.31454781096373896,5.440846012303058,-3.8037117538873177,-1.6605632024245587,-0.597995451865585,0.6969595519980665,-4.1326220541562435,-0.12315133059415118,3.259022546856394,0.4907387625355364,3.5580966433050643,-4.821483923690373,0.0
2015-12-03,1.0530636652493985,4.175067476705041,6.880113522981746,2.5747743039817417,4.130228896842669,0.33428313649130903,1.9760469039704853,-2.1916724993722214,-0.5586789967853001,-0.7772239587733432,0.1341218069865313,-3.830078794107583,-0.367651205016295,3.8747486846045343,0.739810435840571,3.771788214463734,-4.359231651376138,0.0
2015-12-04,1.6150116828442362,3.357952164368183,5.436994226646963,3.2943656729596427,5.861193398222597,2.0112417564118523,1.5553248244192242,-2.672496008401115,-3.0417475455031373,0.6057983556901902,-0.33147827144724973,-1.9575780227994777,1.0172939979654183,4.156651075609408,1.2707417199186777,5.031876138433522,-2.5721869454913393,0.0
2015-12-07,0.004583464895757672,0.5047704918338836,2.4238557187476584,0.9166262181234286,3.302410500604469,0.5821420376736386,-2.920376071220576,-3.2541247387620653,-4.419344686505566,-4.122227865244632,0.32658791929920383,-3.1486379878416626,-2.50961766265414,3.0435155780619727,-0.042835019275766495,2.974219931992139,-3.700192520856427,0.0
2015-12-08,-0.705086403651789,2.640957132566224,2.2465407065748844,0.30600827705207223,-1.0264728311524807,-0.3657059620903791,-7.095026493305756,-4.529176547419578,-4.298170462082673,-5.175077239958803,0.6769230769230639,-2.968907189481318,-3.0883967528884337,1.6540877274049848,-1.0041621603906647,1.3945109203327366,-3.522835919688172,0.0
2015-12-09,-2.044838630204493,1.2990473402648473,0.09089913271083105,-1.521471481033343,-0.5160571297047833,-1.7240904795833734,-7.900740201431877,-5.792678088749481,-2.2684192320996166,-9.583785136375012,-1.8865639100021259,-3.4952675519173915,-6.146574726926779,0.12184596639082113,-2.0788270493608207,-0.12339279064842446,-4.18589032295742,0.0
2015-12-10,-1.899128581910281,1.6921314765229845,-1.0456978180321208,-0.8134195681722467,-2.481587075314795,-0.867081765504818,-13.261775576000634,-4.795697437506973,-3.80744286061111,-10.535020259654349,-3.2025789346830535,-2.1778669029520192,-5.981760982117845,-0.19287218833802244,-1.2118381274895285,-0.2659632289530367,-2.478345620026079,0.0
2015-12-11,-2.7489145081599164,1.2086122200620553,-1.9153492306878905,-1.0520997021211342,-0.6204916476841293,-0.5868557794002527,-15.098574629431328,-5.737801419198785,-3.509358288770059,-11.561499958972677,-0.4665818336060168,-2.874848569564814,-6.440033085194374,-1.899609908978761,-1.4839828184029291,0.08777402179116489,-3.0839261145751085,0.0
2015-12-14,-4.387761681107383,0.7911133582167107,-4.39790419942131,-3.4984479053355,-0.9563730095637379,-3.5932419058391174,-18.82807292687708,-3.7552238162939955,-1.3373061327748959,-14.551662466466142,-1.6454974026363867,-4.68494977126962,-10.661484038149304,-3.995926241792458,-2.9889663853672976,-2.359792924935289,-4.4566509174178925,0.0
2015-12-15,-3.8045804261926386,-0.003709996957801387,-4.010305856080154,-3.2446186974146807,-2.7513631536873695,-2.871773113535736,-15.039987764186902,-1.9388112270569469,-1.7496282659491658,-13.412841039045908,-1.681692620587083,-3.592233009708745,-8.301782251362088,-3.856767519870441,-2.315731112156949,-2.3375532233029017,-3.4234286797847124,0.0
2015-12-16,-3.017708353851911,-0.016008528179556336,-2.256841617512151,-2.1450047314353404,-3.347177823926073,-3.4017057108927884,-15.944884226017408,-1.0261930779300932,-1.821129043625358,-11.05800922874094,-1.8587584215591924,-1.7275271154691185,-6.258182487043273,-2.646108543617842,-1.7027558428832301,-2.306109018608493,-1.47883211678832,0.0
2015-12-17,-2.5150444309730458,0.31605539733710053,-0.39107529748382275,-1.8038826175611145,-2.1712050479062106,-3.256387000140304,-15.360356255670505,0.32710635846944225,-0.5156731038343243,-9.968485652678716,-1.636602556444855,-1.817046951938417,-5.373023580633529,-2.852728307717345,-1.4534327787339762,-2.497338040798036,-2.0905313798381897,0.0
2015-12-18,-0.8358559616861716,2.2800806144125385,1.3292134595283445,-0.8458168006959754,-0.8782435129740529,-1.4690925643127906,-8.808211971305413,1.9931461419411933,0.6639757677219693,-8.378653976886486,-2.141719984380175,-0.4476381199198909,-2.5869714362209417,-1.2436802343381514,-0.19589977220956234,-1.79923634157656,-1.1171026635173886,0.0
2015-12-21,-2.1117331132993744,3.3432830404369396,-0.589782209854206,-2.3708419971828487,-2.8506561953411724,-3.232862886201604,-7.455170122598465,-1.7878838604467928,-1.0792953083550993,-9.495101733232858,-2.659191749610268,-1.2280374702894115,0.38585209003214604,-1.7104823119652224,-1.9698148833293017,-2.4994722398142266,-1.739999412162363,0.0
2015-12-22,-0.8326324223979609,3.7356562984584674,-0.04834172936469816,-0.9821373129385469,-2.8652426006509746,-0.47240981450552555,-10.839780659596931,-0.09342139567218855,1.7506688068485765,-7.930859176410776,-1.5051683491506984,-0.0845248996266812,-0.19784555716223506,-1.327143816213916,-0.053472835155499165,0.1674111118235011,-0.8112269066792965,0.0
2015-12-23,0.2582657579723868,3.5853247226458995,1.6460346557434002,2.089057207988154,-0.7134335762629784,0.43477642392071303,-7.369369369369371,-0.12837250970987313,2.297115432542718,-7.330779054916981,0.31963470319635867,1.7906336088154395,1.2790763484068046,-0.4719389856194578,1.2272089761570903,1.0803719289693037,1.2904869677303088,0.0
2015-12-24,0.8230348460291692,4.856918607462624,2.746810337737937,2.955742762533231,-0.9241513915180355,0.4228792130072989,-5.663866873360968,0.9804353331057891,4.411626034541527,-5.264516129032259,0.48819185940074394,2.1777460090540934,2.4609768378650587,-0.356586434718853,1.691646715424211,0.38514343521929284,1.6526935292081157,0.0
2015-12-28,0.01986077090345706,5.737816056300882,2.0505908547301166,2.0562950747755826,-0.9231063184418242,-0.7470266543073922,-3.0596503256770657,0.2787711854994601,3.6944082654061683,-4.016950648892026,-0.8579251597201076,2.213650846889137,4.131251121050283,-1.9632504831078812,0.5999472573839704,-0.9099174455395098,1.632665424750468,0.0
2015-12-29,0.8860772482863322,6.1473248767155875,3.481138600280498,1.994140415009138,0.7228031553843328,-0.955050304769145,-0.44246025600750416,0.8365573310905594,2.319604374977424,-1.529550185537154,-5.15281173594132,1.5262574142836494,3.8336914028105573,0.6868975967001756,0.4323558427628438,-0.17694326847851327,0.9955785942979078,0.0
2015-12-30,0.6708619061306598,6.268384668390592,2.6565290017856125,0.7649445758720397,1.256651607953918,-0.4342797873719828,-0.7483629560336769,0.23077182225514914,0.7906789079145771,-0.5627306273062738,-3.9537037037037037,0.6506337654826666,3.2461890379057,0.6558152899616365,-0.04034284807279409,-0.12427627346628389,-0.1523809523809483,0.0
2016-01-04,-1.706393725634836,4.421403096801213,2.911330678400992,-2.2110383625974728,-0.7930223776053347,-5.03945246535511,1.9432482661710715,-3.2246348468424224,2.423634947647746,-3.4753674091875353,-4.983037131563394,-2.693554538520204,-2.1081276789572723,-1.2738907488240026,-3.1738005489959087,-3.7406809957710285,-3.635407273820246,0.04962779156327812
2016-01-05,-0.9283492933460535,5.581756827350826,2.4494581466671494,-0.8493993781230835,-3.5838357309138646,-4.475352105437369,6.90438400923441,-1.9200199836497456,3.8635838817688395,-2.931898311375025,-7.177645196639471,-1.4152074838090667,0.0589375909848977,-0.01699336409132224,-2.581916081160951,-2.7881862656278344,-2.3876765083440277,0.04962779156327812
2016-01-06,-0.1239742299592228,7.79666268313195,4.259777896364625,1.9492802234661433,-1.8473026219779087,-4.724717930023803,12.954223804394548,-5.179755476596826,2.5840823943360958,-1.0274950052326148,-7.440085483132353,-1.7702529966476033,0.8172107717767441,1.8232468282922243,-2.804994306596398,-2.4565899350506015,-2.662196805363848,0.04962779156327812
2016-01-07,-1.4816577598203873,8.808787082795355,3.306793575439859,0.039888971112134186,-2.8304317420589697,-6.948819366305425,10.425707301358678,-6.274993167836962,2.6801865104245426,-3.2830188679245365,-7.60752107196887,-3.9682539682539764,-3.878917125762693,1.1644294725263293,-4.259475584242445,-3.7101842333573942,-4.8180033227609105,0.04962779156327812
2016-01-08,-2.6292271757895946,7.132031461794464,1.6641880345147797,-1.6377897071586989,-6.174180698895537,-8.23910943045042,11.103580707104932,-8.424199692830703,1.580692863193267,-3.3073929961089377,-7.238737358259273,-5.417235374405793,-6.8848901764794075,0.31843387665937417,-5.426557311255098,-5.280055036404296,-6.221939040111435,0.04962779156327812
2016-01-11,-4.202309450140551,5.65972478667276,-1.2012040312807004,-4.189690743718943,-7.335300837776093,-9.407205045063439,8.42426029686425,-8.477036395147309,0.4930265924899535,-2.9108327192336025,-9.809934418265732,-6.910597819688724,-9.669737889043928,-2.2073964942826874,-6.631088686202213,-7.017178328435836,-7.272077545003796,0.04962779156327812
2016-01-12,-4.275762914363246,4.438621904112705,-1.0986793594997213,-5.22117573419858,-8.466987278197625,-9.222751336937007,1.3930815500547755,-8.683871107594598,0.26848948240019155,-2.680393248005919,-8.054515317085132,-6.153117974204236,-10.935325946920893,-1.518249153735307,-5.898310390025374,-6.061310812971499,-6.0286937579809186,0.04962779156327812
2016-01-13,-3.2763137306366374,4.37501097396098,0.1423124076518345,-5.361276411335081,-5.727912245141297,-9.312402986177826,1.4105533204039844,-6.195293600175944,3.2859498050647806,4.736793412896656,-7.117558286365455,-4.885932007455107,-11.639863924539974,-0.8365145228215742,-5.1165423808222315,-6.017696560285213,-4.6947443989111886,0.04962779156327812
2016-01-14,-4.6447785763038425,3.2056163354888145,-2.6518645776922978,-8.082402249234399,-5.578842435233788,-11.037587097244916,2.228113195042769,-7.128411438512561,2.28004122583767,3.7732376219399955,-7.855652387381862,-6.478674656327099,-12.239637443912187,-1.1699205947511282,-6.80177392739274,-7.4611686390532395,-6.3518595904721975,0.04962779156327812
2016-01-15,-6.019847740618845,3.3717855349958636,-5.1555553906325375,-10.811037896302034,-7.303377470050099,-11.938231375377729,1.105197078743081,-7.454082023344599,-0.10858745814860127,2.581771407570743,-9.786071916249428,-9.00797909570249,-14.72757753562447,-2.0713168543788907,-8.335578390999244,-8.359811625861735,-9.316365788694869,0.04962779156327812
2016-01-18,-5.636349935950569,4.6347866188938935,-5.13566991733414,-9.568600602380394,-8.169465377084206,-11.652946973693357,1.2168204947463401,-8.159293482705031,-1.2046267671680266,2.260964314900571,-10.323677658346996,-9.329819979479526,-15.812340494446275,-0.635456818200808,-7.891817278790459,-6.9909230293040086,-9.374398460057753,0.04962779156327812
2016-01-19,-3.789089946335644,4.433631660767445,-4.710989356751371,-8.661246051064275,-7.586240146566059,-7.187450924925409,1.9299796658120538,-6.615423805779219,2.072469392795395,2.2534952170713884,-10.129495519823251,-10.050392593460678,-15.966638698887037,1.056933363919832,-5.611114751949675,-4.233891686363156,-10.334550331569915,0.04962779156327812
2016-01-20,-6.146538440022164,3.2350826743350103,-7.409308916299661,-10.576373205010292,-9.103161882558641,-9.445017661712606,-2.842997391215474,-9.013467376919749,1.2114755023707513,-1.360294117647065,-8.310240381517032,-11.31165839409124,-18.21933528936227,-2.5900627868674087,-7.400155584562851,-7.324665812122322,-11.711426112947777,0.04962779156327812
2016-01-21,-6.1581290056135884,2.942868298668966,-6.851567146592452,-10.528989750706586,-8.145030364981043,-10.234202625586242,-2.4775103653652875,-8.452234901321498,-1.1328201814759797,0.593747100844233,-9.675760789228448,-10.991668262784914,-17.775296980105914,-2.536481335326024,-7.457837941552037,-8.112895434117483,-10.979015642884404,0.04962779156327812
2016-01-22,-2.0497613041756124,4.4935615218668845,-5.154761300367216,-6.0774929522061205,-5.585707269155204,-3.648832356328313,-3.466475764461041,-3.211409105343699,-1.6833641938368116,6.272144019917647,-6.636530398322849,-6.917838420459555,-9.811969075116922,2.3162377019625424,-2.8675099189528264,-2.03436145960717,-6.891657959170949,0.0
2016-01-25,-1.921752057725079,1.8473477253196702,-3.266221173216266,-3.9115334419121406,-2.7500216683382317,-4.289897054092062,-3.77738012826373,-2.576955580509599,-1.4215243521156107,9.395909004014523,-6.952187315537484,-7.338199513382005,-10.400480647460398,2.3803251383069934,-3.0581431402418424,-2.6526899677919547,-7.290280657239223,0.0
2016-01-26,-2.7910648530458104,-0.17467682221629088,-6.198279179415911,-4.623342160759847,-3.563419197363371,-4.480421314188021,-6.672710478601484,-2.114388225991093,-0.02221821060085505,8.391810054791883,-5.389537568441205,-7.522895234353911,-10.54657888296633,1.930358035252988,-3.457412389742187,-3.0529510350138067,-7.835681336491707,0.0
2016-01-27,-0.33922691970404983,-1.195467045378984,-2.7765995689974954,-0.8585083623444234,-1.1085858585858532,-0.4277355048280196,-6.899451287265479,1.216319146910405,1.689383624138463,13.685134607881388,-2.833751044277366,-4.659059698883916,-5.990311964600448,2.2850638373781873,-0.4425541301605551,-1.0425973317988335,-4.754046334496986,0.0
2016-01-28,-0.5569403740052659,-0.58065480335181,-3.5871420942983234,-1.3502399276676624,2.9242248809983273,-2.7861740926997447,-7.4971194252406175,2.692959629479308,4.53119258275152,13.155121203410935,-3.2047046385621725,-1.5177149681528723,-3.89220814636686,0.4799035167798671,-1.0951553067119368,-2.7629826897470067,-1.723865503728983,0.0
2016-01-29,0.9087838551012251,1.3359429343007934,-1.3428644468100437,3.057986962569048,2.3038989058406623,-0.7778486734861811,-5.632258343047103,-0.639690392217207,3.472047255116051,13.377609108159394,0.8281434102002994,1.20143666531769,-0.3887225771860181,2.305157286539705,0.1240136068560771,-1.6496677484160172,0.7434526390160068,0.0
2016-02-01,1.7960081655966187,1.1843652903462676,-0.6395307819474616,3.3779817342319385,2.5493697750860633,1.2522775912286122,-2.437808750882142,-1.4112592135404944,5.023684691396202,14.342895263509003,2.283501368765428,1.6189635607111397,2.468707207467835,2.2452695344405305,0.7671305022729724,-0.639051789499745,1.0071620411817417,0.0
2016-02-02,-0.5051453858517574,0.3549517450672557,-4.408977312992956,1.3835101229383584,-0.2769837856980151,0.44454406216145603,-4.713718955461643,-4.98382294328652,2.486761250368219,5.909371963607457,1.734199880628684,-1.0045639448358012,-1.898761867261678,-0.8193017105747602,-1.4621266673524813,-2.377514974658268,-2.1295293693015194,0.0
2016-02-03,-0.49157636012441275,0.8683576011110139,-0.9639196714424703,1.6800463931592846,-0.9807163936094376,-0.2987791403635365,-8.225068934816637,-5.811108249233143,1.7733632207072914,4.638169563675043,-0.5761289463167563,-1.1482989094929397,-2.203181591307579,-1.4188446071311533,-1.576246334310849,-4.297670558036238,-2.510040160642568,0.0
2016-02-04,1.9900259198347925,0.05061568162736396,2.8809530796091387,6.9504274968241075,0.28491491054698503,1.6800351079546694,-6.5315866797257645,-2.519533327817125,5.178841450242855,7.183161665920279,1.3757147662293967,2.1768672598138528,2.1232674727219125,1.0199597762341694,1.5821921163306607,-2.0145655488394754,1.6333790222570421,0.0
2016-02-05,2.094279858393877,-3.5371497347053027,3.0011792799916837,6.700170343313827,1.592122097155646,2.967811963359157,-8.551580651760403,-1.734454020941667,3.589736377636066,7.076895755638435,1.9367508634116737,4.505825167811128,5.747774520079085,-0.12622119001337584,1.9881091604283085,-1.8659402063291752,4.186000914972876,0.0
2016-02-11,-1.4870557354840108,-6.1824145326100695,-0.05437415349329733,4.8824603381604215,0.03260642737896724,-3.302791152665707,-11.30641062336829,-4.022961241045586,1.46696900146559,4.380678240532521,0.5975347423771593,3.0252494983974865,-0.4661650158033215,-4.087672246370122,-1.605243424889602,-6.242239357380475,2.9931859730762733,0.0
2016-02-12,-0.551085101194837,-9.817924892747488,-1.6289948583526503,8.979860075561552,0.5583830935492085,-0.3525585894885719,-10.94358955592556,2.473843746944371,3.4277946251176195,6.5598210957882985,5.643999297135838,4.455869751499564,0.07258348829333183,-5.136765854454017,0.8742640305850147,-3.716261608377791,4.777293323074283,0.0
2016-02-15,1.1773782551764977,-8.65851077339881,-1.7769906813403957,15.064808533148422,-0.03534864235030799,2.2311812982768853,-8.550142018385253,4.1977469235899845,5.108151305274378,8.19883795997416,9.15397751529814,7.063507007020475,5.7301602773871085,-4.31509032485936,2.6774670946801082,-1.8217591486243356,7.666592377980841,0.0
2016-02-16,0.4719516023475201,-8.344854413401615,-1.2353168584768315,13.343454790823216,-0.2549062959253945,0.5543698045383127,-4.925357322168034,2.7423001437664407,7.169557309196106,6.073166336276792,7.9538278015578,5.689773145955046,2.21981162027729,-4.895955697264631,1.689045294902125,-2.7731759375553833,5.746876151552716,0.0
2016-02-17,-0.501206804582166,-9.84375852288224,-5.231533734942106,8.287450960583254,-4.812711670189196,2.0989233868791812,-7.630527539851684,4.680648802804366,7.425079642524879,2.0707732634338116,8.676957778247685,5.789833000735212,0.19327609555990222,-7.555157129339108,1.8995835100576342,-2.449260932832964,6.3515904008544455,0.0
2016-02-18,1.984837232661385,-7.73607638216448,0.01672823586813532,12.012610625724562,-3.3764598563591375,4.995142636144312,-4.351093271750884,6.328862094951027,6.1321999527758075,6.606952820148981,9.350160368149506,7.670250896057351,3.7774248652111098,-6.0121322918398,4.496292481250741,0.16586459842076184,8.189042948934745,0.0
2016-02-19,0.9679272026008157,-6.726404008717301,-0.3834468349006914,9.725350315644654,-3.744797119583265,1.9564840935117234,-0.8704708099664171,4.637490299367397,7.289919591400085,3.346203346203347,9.020875606149193,4.8448343590415055,2.176449764654964,-5.426414530233947,2.71698113207548,-1.8087637818771762,4.848060775689733,0.0
2016-02-22,0.4939851280061136,-7.161611140435831,0.06084646797954729,9.499055864132778,-5.274802194917683,3.345292194849714,-1.949021367795345,2.9733813785888685,4.474040021633319,0.8890770533446224,9.236125332787214,0.7099186498913612,0.859622875125754,-4.685259893975269,2.287920940082211,-0.0031122591889420903,0.5482579545637245,0.0
2016-02-23,0.11296716630231352,-9.426334313613328,-1.1432129466159013,9.495792625916355,-5.22457382440813,3.43425414866807,-1.6240895948468337,5.799639085922581,4.671108255267331,-1.0794979079498002,7.555674267971013,-0.6573192372097636,0.30885952658628035,-4.456232534011617,2.505570240385291,1.3772243390816064,-0.6503028371054986,0.0
2016-02-24,-0.638501262455704,-10.26003695615656,-2.7958540989804215,10.605444275484377,-4.759981828277226,2.0602688087598686,-1.6040290605941476,7.623221208254072,5.42580671065489,-7.259543257209544,5.202689470592081,-0.8561431372062556,-1.661365105058743,-4.427709590180983,2.0397356458589755,1.4218083284019079,-0.5903580133582387,0.0
2016-02-25,0.6278191545158851,-10.25652200879379,0.42324348071671736,11.189968658944327,-2.414803353329875,2.7979136800915905,-0.6560229064351608,8.85391927653616,10.24043635488594,-7.2477064220183625,4.305596297382741,-0.045100348274917934,-0.27905020992474716,-3.055361015247271,3.3984535400847893,2.057833296623768,0.3992560048744487,0.0
2016-02-26,1.5597645279186834,-9.338441864275925,-0.7236327292730493,11.40805063659187,0.8709615261095704,3.9015952554773747,3.931301125045339,9.608392738391935,12.90177007840072,-5.805576743791841,8.186233461731707,1.4234513611753652,3.872251048543829,-2.0217848596077337,4.297811039668331,4.188717125075292,2.337632615696461,0.0
2016-02-29,0.02087399413441826,-9.20910279527256,-2.0296171222561887,7.0651448582913945,0.5221397491681712,2.970120282640498,6.105741792427244,5.467002152363065,7.931018490913533,-7.019303083479578,9.35001161286042,-0.045169385194476774,4.2634838130073405,-4.057886151658375,1.9488302885012798,2.016492109378709,-0.20711246688610574,0.0
2016-03-02,1.5450075347144487,-5.5893744596199895,0.8385911972689675,10.192502693872774,1.9373386081182442,4.02407680663146,11.037125178486429,6.663404733427569,13.06443291971,-5.663819553860183,5.789543612568915,-0.5167958656330796,4.757274854314719,-1.658957443402509,3.4008981172496178,3.8312302839116574,-1.141674246463631,0.0
2016-03-03,5.1908634786252295,-3.914344468767539,4.0223154229642955,13.010536445071551,4.556892707667837,8.8945850985918,12.86018140478693,9.898793930107264,11.150476242386254,2.1458117890382544,7.355237254768854,3.194395265314376,11.667519215566436,2.505237506683855,6.805159615004652,8.49233988979905,2.754514208258696,0.0
2016-03-04,6.557582494224312,-1.963547273748667,7.02685750946459,14.526889076980076,7.719489352657516,8.382328237863245,18.472119493754114,6.477814885496191,9.978296329248737,3.541448058761798,3.8189015668141257,5.944934372436417,17.650553306715654,5.417631731326011,6.613075115217115,8.439293072736675,5.623459912857598,0.0
2016-03-07,5.137471807539451,-2.8014236986504515,6.48489420114764,10.740036570668664,8.12127562045708,6.779601372198685,12.361200694616702,5.312982658076937,7.937634321398157,2.275826798499825,0.5247547342003278,4.843855990754475,15.1617321673164,4.238692019590884,5.312778520499095,6.5662753243381555,4.295973122303076,0.0
2016-03-08,3.0620134512524544,-3.658384225882072,3.8755535214603842,11.102842684923342,8.351261490318795,2.936428583398043,11.886651680167425,4.009173779248676,5.264001924387607,2.2935779816513735,0.1625012187591368,3.7400398406374435,11.749708813252235,1.4266178481626701,2.831030789090616,2.959264542716755,3.5338095766080935,0.0
2016-03-09,3.663067825939259,2.7346962698546307,5.861022112075243,10.63393093153795,10.861132660977502,1.5105849965588503,9.68830672616745,2.84241832587917,5.671865056193792,2.627974661872967,1.0118043844856706,2.931321204298931,12.486877329274071,3.6023417016844306,2.4448493036648866,2.087585968658723,2.00539794125032,0.0
2016-03-10,3.168940298820222,1.12696620030166,4.296645554119727,9.040905706099878,11.395518914965773,3.0267019374444315,9.471228466859571,2.523061919908387,6.4178401298225385,1.7136677481074836,-0.6918319199132883,2.219263204616073,10.33467288217329,3.319923964457794,2.4002106513989485,2.836019311052551,1.5926105371739219,0.0
2016-03-11,2.8790756898927183,0.70964101710278,1.8101191493205881,9.44273815392005,10.989666927535847,4.664103258100316,5.718203793231691,1.3523991459714502,4.763038205948011,-0.4400166044001619,-0.35331230283911497,3.112276757836896,10.331575367953727,2.3007279784328816,2.752967664089412,3.9374128244488826,3.11755172085042,0.0
2016-03-14,2.917510279905655,-0.5926675560053329,2.2624240368910753,5.975116287864468,9.568108942638842,5.327634888062582,4.317873990005161,1.3890143134510202,6.3401881737824795,-0.5707091900965189,-2.177852768403954,5.180242329980178,9.021042064948425,1.7804828991438537,3.501258423317366,3.2500778089013416,5.652563241549147,0.0
2016-03-15,2.912413411206649,0.5509334849050473,3.116228211733718,4.2503848686001655,9.266225165562926,4.563763402237964,4.455574467293544,0.03546398716540722,5.636150978022769,0.9474663734032607,-2.567206804494937,4.915970614873699,6.832758400408823,2.512435196861418,3.0646892445608476,2.8580728157596935,5.0760444073669975,0.0
2016-03-16,3.2611253156813236,1.6863775733683806,5.173693645315924,1.8136940316927586,8.919864320542704,4.627439254966448,4.99620942360266,-1.1298297424883086,5.407446903048063,3.558910757616607,-1.8428890543559229,5.353924709651592,7.538647050191716,2.5989517126090655,3.0833619765866738,1.5078231762556404,5.502396153417499,0.0
2016-03-17,3.6183198945047623,1.0749554981498877,5.99671894224949,5.230684635637917,6.946700804491646,5.0499380570752095,4.6015067768474305,0.18077546440593562,0.18008403921829785,5.727902167071308,-0.9780638710080614,6.502393903692383,12.423094369517585,2.6363889565853116,3.644171613962799,2.1111453676583736,6.640581330352169,0.0
2016-03-18,3.7476043663027925,1.0453312265219727,5.767459828152699,8.332685054367616,3.8765711957006177,6.411907199320899,3.973356895262703,1.23553393323923,-1.044606050482333,7.630016195789091,-3.4892721136877247,6.002355830680939,11.01172290849075,2.2364772658131082,4.070178748290321,2.5959411442797453,6.2584860150472155,0.0
2016-03-21,3.8139263093089015,0.5451673810693558,4.8222374902472165,6.867176417500409,3.028721291439629,6.390159869207879,0.07450907776278548,3.7562086092715274,2.480510711435757,7.29756448278962,-5.495038990199353,6.080538260694923,7.6631441601684,2.402043698885725,4.430614961518442,3.2185136150016724,7.091833451316054,0.0
2016-03-22,2.53617606885006,-0.8182593189610565,1.2789753084087474,2.699377953758586,1.1492961964660209,5.242182047608868,-1.01847922533852,5.334216800602576,-1.067470371393231,5.51160337552743,-3.039341894564984,4.3092145949288785,4.487943330359334,0.9981151473611893,3.1814650277904866,2.527761320998345,5.28094165424029,0.0
2016-03-23,1.8869658916232934,-0.8084920587532851,2.0758369911679564,2.5492301841482767,0.8454708699122238,4.3955143512665495,-0.26774573686398906,3.0516841045938214,0.5338972661517616,1.2486290390618437,-2.064561004141774,3.521972500674009,3.4820217499940576,0.33179691976157333,2.488768498942928,1.4309396428302312,4.225949307453147,0.0
2016-03-24,1.5514182130566656,0.9647374472978143,4.119482220728421,-0.7692725439592762,-1.6574585635359074,4.491309831754919,-0.2926499343163469,1.145388760067645,0.9628231371731744,1.7143822312304824,-0.5094684225704027,1.3744041425702402,0.24072617104473615,-0.18452401386934714,2.241508284842353,0.6040695209834634,1.5975280030900096,0.0
2016-03-25,1.3249092125626305,0.7563967592804532,5.406157732873096,-1.503665933323628,-2.899849798924359,3.7499800668689964,2.2732089868588323,-0.3903461812990727,3.068667781179757,-0.016668055671298365,0.12969327540366393,0.014377800675746677,-3.144441903019213,-0.0362756952841492,1.9035214154423885,-0.06167011816299306,-0.10686859742600197,0.0
2016-03-28,1.8714159455737622,-0.2959730878078992,6.104765199108764,-2.371295932743611,-4.197352587244286,5.775542098066033,1.400345539808523,-0.12672007145448916,3.3071805809465893,0.8138183026075385,1.2622083779486593,0.5328596802841812,-2.30402205005269,0.08785511734314966,3.028866378648365,0.5111073479378669,0.4757970748424212,0.0
2016-03-29,2.1485445095880573,-4.539992012823646,6.953187781381609,0.35979311895659727,-1.9992278178615486,5.783522790757201,8.538725711299966,-0.3570719000419498,3.099389062732816,0.8174159646342494,0.8250931038910947,1.9869785387026884,1.4856596223729701,0.5685363655272946,3.4721852187350244,1.4119709915328071,2.1198043257545596,0.0
2016-03-30,1.666048859256719,-4.93649146331383,6.495891624411998,0.6028182447432862,-3.505819158460166,4.993668798348572,6.486112752112505,-0.5436255343623242,2.2455605292931224,-0.41710967530873555,0.7030723297698049,1.7320403338640489,2.839776687373985,-0.5553653944891379,2.9307627895323263,0.5533758192910465,1.4953386049660011,0.0
2016-03-31,1.2397218234664331,-6.056859867264508,7.091491290677254,-0.30696385263887516,-1.8942562803260343,3.302095689582063,7.118955593370879,-1.5211739205153285,2.4850937359917946,0.7004669779853367,-1.0700265923768493,2.4224219374530565,0.27912656645248113,-0.5579542820845163,2.1576692710896017,-0.8141783995321727,2.0463510848126143,0.0
2016-04-01,0.06591389617041088,-5.729342124260062,4.780192343611245,0.6451843128858492,-1.8064889081580993,1.0858783498164826,8.042354099975357,-3.2571240891353104,-0.04259565767694706,-0.10129146619397567,0.16929121282780457,0.1908032818164429,-0.586475866518088,-1.052523048106746,0.19414429431490188,-1.5983782602470353,-0.7355500734036569,0.0
2016-04-04,0.4568597491332316,-5.554519004295022,5.974110228811869,1.4166431232149446,-1.760085337470907,3.101885944132854,12.14077421365447,-4.96207261350079,0.13702568619895494,-1.4497611665130306,-1.35724981680313,0.2278068198168004,0.5453371283695052,-1.5692673050802464,0.7564891045919842,-0.3812365324051048,-0.4855258336387003,0.0
2016-04-05,-0.6157273786014494,-5.248227733689726,3.0769808345691096,4.021207889684053,-1.7310593158483822,0.4566085312040169,8.776075512320624,-4.375791998551781,-2.6953950656686376,0.9372559229367416,-1.6056640748467021,-0.9954622128245938,-0.6876093856604593,-2.3795178166820974,-0.6976044772216139,-1.5005521184710213,-1.7988379989436254,0.0
2016-04-06,-0.8385354051076765,-4.2720179773287565,1.5130772844942797,4.203826753379403,-1.7049873614621736,0.90274183044734,11.06441233661486,-4.536120963225687,-1.743735625226972,1.3522707943527834,-2.9253053109911886,-2.1488926024430977,-5.70728768867067,-2.191297563623118,-0.6650214313547176,-1.8901108854988302,-2.7825618139068253,0.0
2016-04-07,-0.9151055157319732,-4.146919868260424,1.9363264583321937,2.643295281864999,1.0089864773744406,-1.004293486403962,10.257382421643491,-4.439901422650383,-1.0291067811324384,-1.253970907874935,-1.2158347234697886,-1.458766786457344,-4.987800034046408,-1.5524570651249792,-0.950395566547102,-2.058463364610952,-2.0023751897896958,0.0
2016-04-08,-0.8900570923126461,-3.265812783532951,2.7830855940927712,3.273020790563974,2.0648238535964536,-2.071661949983916,11.992757294470625,-5.349999445940401,-2.06527663805548,-1.0888684144400695,-0.8893597893790517,-1.841245799214286,-4.508088949865652,-0.9544568280700605,-1.259139437075385,-2.0612679648354337,-2.788293972717981,0.0
2016-04-11,-1.3241119585739258,-4.497017877719845,2.7239321022197283,5.621347457666759,2.682063239448773,-1.4553215165236555,8.352496394746067,-7.729736123357489,-0.6153510049519251,-2.1994501374656306,0.1198147728376675,-2.637133303294048,-5.512384096092793,-1.66433388471815,-1.5503726300343579,-2.9625294474982633,-3.384212033088718,0.0
2016-04-12,-0.6916877180319969,-5.406290032223293,3.2606893262310033,6.302814026985759,5.069865215778413,-1.7669490618370864,9.97749763247291,-5.125015684926648,0.45179896470359804,1.32488959253394,0.2744059917355379,-2.1970737250816774,-4.853833108166383,-0.9034578571002316,-0.6833110934911346,-2.1023854274231257,-2.6774548358420525,0.0
2016-04-14,1.5085827076944724,-4.916728988637786,4.111370462952224,12.209137698419292,8.962429775280878,0.08255264649257299,10.14236268132327,-1.365546800157258,0.9317882442924308,1.9594818997010988,2.8824476650563646,2.613677049767271,1.8052106274307533,0.815986105020583,1.9884101136326882,0.06621420294654623,3.035325962986035,0.0
2016-04-15,1.5576088435888646,-3.8427466524321607,1.8321989848233633,11.7800579596949,8.693645368129532,0.11015258438455966,7.297117593216251,-0.19761739480932405,0.3401939105290186,0.5668083687588643,2.716792953824232,3.10515849246471,2.3302495557352865,1.3478719176069909,2.0327656123276583,1.2471145715091003,3.709250966667188,0.0
2016-04-18,1.3396955420823753,-2.002410007268274,2.451226797214212,10.777070425334113,8.414560619002165,0.1651897065266139,6.353740973707911,0.42424039170971817,1.276836297051842,-0.37067545304777516,1.0990771597026328,0.5706236271607379,1.717648871792754,1.566098572086605,1.6526783110275778,1.1502703365038558,1.501332318233728,0.0
2016-04-19,0.8245986034457697,-1.3377623375271375,1.1713947926341506,7.977864291582648,6.671591258848886,-0.5279144507864375,3.181767685287662,-0.007754127688330836,0.14814279520161122,3.309340613882683,-0.5413150772169972,1.0616163049132377,0.0850643155196451,0.8574629438124592,0.7170950569363344,-0.060667187393370625,1.7805495300072138,0.0
2016-04-20,0.18430279600827326,-1.0242686555628433,-0.8660282449617696,6.449519645630786,5.699052425839346,-1.1202772823090679,4.113979970494075,-0.4225978647686923,0.8293040821726771,1.6097240473061714,-0.5260137719969471,1.4749122640614454,-0.05609986910030118,0.03269914207777447,0.026903761402063964,-1.1254708257211643,2.6934853123957936,0.0
2016-04-21,1.315229100383286,0.6585610987489554,0.9330424930607206,10.136670829269189,4.824032452581961,-1.20220008087637,3.6820997409804823,2.32376170184021,-0.2216922910999508,4.3723087114938775,-0.9952000000000072,2.410065987086396,4.609585664994631,1.5606791716660684,1.1051746060287027,0.11791383219954543,3.482121285334605,0.0
2016-04-22,2.1240695794930042,1.2695832130704687,1.2470737603384574,11.98727358251961,5.114430789609226,0.1460508310716646,2.618122145882218,3.942204780592218,0.986814069862274,4.402196873679776,-2.1173469387755217,3.4874309655303914,6.312311957996575,1.6906618502631199,2.287377019233272,0.843952946942772,4.976595971762698,0.0
2016-04-25,1.7979049707676165,0.5216554492163405,0.10722257724411488,7.828425887343338,5.633976605300828,-1.2464020622233063,-1.131865732377857,5.480490259932491,1.7037575520626458,5.127551020408161,-0.5200090436355498,3.8591286455965657,5.866855389299919,2.486461153926278,1.8617470780191603,0.1414309484192966,5.771886219276445,0.0
2016-04-26,2.8984990370604313,0.4338272578736868,0.7196943484325757,6.274893666608405,7.84590435869823,2.465209288121284,2.249229605670755,7.639336697567933,5.759197945353844,6.336514487146427,0.041760359781561895,3.3571702822038585,5.691294893545851,1.95418785586996,3.6047009250419704,2.4164196753535983,4.89603983218847,0.0
2016-04-27,2.2360651746038185,-0.7567436087017709,0.562123035428086,3.040132275909113,7.877851270322056,1.3440665589620648,-2.033806488082146,6.209928775435247,6.54617805949278,3.020894520432993,1.033742929588466,3.8461538461538547,5.366279945758623,1.3404198132429324,2.892335050602779,2.232737064820167,5.656627898020483,0.0
2016-04-28,1.3698838334456287,-1.7449220268029197,-0.7891698606240394,4.089757101557878,5.267629566694976,-0.2902843972919289,0.09565179584269945,4.828471452937344,4.081259708220397,6.205553674229591,3.000681973175734,2.6488159504786557,3.800167224080253,0.9542808781111134,1.5484267356889792,-0.008437588690568543,3.9884029514181796,0.0
2016-04-29,1.120661240840759,-1.8174216998989579,-1.7832341046449818,5.412414216848971,5.851231264679524,-0.5721832376535119,-1.2938172920707092,4.219984780190833,5.147917775209021,7.274112964687962,1.438336194888068,2.3772784260777335,4.242594765451013,0.8415858606698245,1.205079814421639,-0.15930396421789395,3.7970575508437854,0.0
2016-05-02,0.3948496982800309,-0.29417544411256547,-0.9769331200302211,0.23412408354930303,4.409414761326924,-1.5130649643947947,-2.3257394084732264,3.0346290329159364,4.232765463760146,5.230428486242444,2.68452034413611,1.8146388990378792,2.9051607542500912,0.1259456708332385,0.42033561478169723,-0.8046600044279151,2.808752202866449,0.0
2016-05-03,0.2568994407768699,1.966141871642968,-1.4190910599969575,-0.46273542679609037,2.65740849711662,-1.2273796565038797,-2.216727364654014,1.5295883337262728,4.5747547829464885,1.5789473684210575,4.085509159396028,0.9392398934882529,3.138934876919919,0.5960418691460134,0.029857140075417732,-1.093497446482361,1.6379737428783736,0.0
2016-05-04,-1.9455040601608187,2.751676378583068,-4.342817769847085,-7.64660102763327,-1.1497163112405229,-1.428812355307063,-5.2368525982921525,-2.6785162894886083,2.9024730561970635,-2.475570032573282,0.36625449992173653,-3.7683182135380244,-4.309878603072315,-0.5893390191897718,-2.249930165824432,-1.9309722535528984,-3.9244336211349595,0.0
2016-05-09,-2.327878453971044,2.6020043583277586,-3.5854108279514407,-9.119610069511763,-4.225820890383436,-1.3891589917645497,-4.20581619472623,-4.679848548590659,5.509408374300739,-3.4894322420223833,0.929983291825609,-4.947365974949447,-5.992107449459983,-0.15601289024534948,-2.466647165803959,-2.3182844243792244,-5.107724955053206,0.0
2016-05-10,-1.3239759096112635,1.913531934162327,-3.4830080475564906,-9.457820261479776,0.7171739407491495,-1.0403104951922981,-4.1874116664525225,-3.455281159033108,4.140173761102761,-2.49689954526664,1.524515863205611,-2.1674619566507625,-3.7286515904601525,1.1628802464381804,-1.7813765182186247,-0.7495457298606789,-2.625223143967237,0.0
2016-05-11,-1.5541723013284492,2.230720079411763,-2.3553917928142765,-8.527567446052887,0.017312220119114485,-0.8797847444871665,-3.6925678100600545,-4.300551139668196,4.088345299515339,-6.222471370225047,3.275172082599642,-3.418103549119156,-4.695808974697647,0.5383005083949399,-1.8950167132165463,-1.577545584921125,-3.8022082112304956,0.0
2016-05-12,-1.4128814505715792,3.352731830258926,-0.5068688596626014,-8.425799227415299,2.4799578676341527,-2.081040028042369,-4.198901133600685,-4.112128657583192,2.8461855030626815,-5.043646944713864,3.345832131525839,-4.0823479927092565,-6.623500328850385,1.1139880773167965,-2.1786185432329574,-1.8644402877260324,-4.733509468494923,0.0
2016-05-13,-2.7253845012610634,2.885859366804855,-2.8594475268268305,-12.878097830545688,1.0238352566560804,-3.878218641423281,-4.4841060887398365,-5.851318417129248,3.674457148347421,-5.752142177086639,4.014350819354218,-6.002309468822176,-7.450358659378919,0.25583273129063944,-3.8642556353728152,-2.9436190131062356,-6.5810593900481384,0.0
2016-05-16,-2.3607162526234293,4.0549317812112795,-2.1948428289883637,-11.67929586086075,0.6405768692243186,-3.31592443719102,-4.611607359188497,-5.8105482265537916,2.2780567494740556,-5.301068306895429,5.11467292155332,-5.976123110896426,-4.165140669219236,1.532760078217743,-3.3734739957392956,-1.7527605218791265,-6.554734136032881,0.0
2016-05-17,-2.3077113995681464,7.232197756866787,-2.4162717925793498,-9.65318107313048,0.6821632986800719,-2.735671129306494,-3.675000200775802,-4.99814758681082,1.7424888579219866,-5.953247593626143,4.519480519480523,-6.252015664593424,-5.652957930038827,0.44542675439711577,-3.110441741438952,-2.066356008368131,-7.116333043225986,0.0
2016-05-18,-3.1144318513787184,3.8928028412585913,-2.853686848414494,-9.197607889490989,-0.9573112639034043,-3.581136185245337,-7.33893337005489,-8.22221977949502,-1.3289172630507218,-6.646183699870645,3.939890183989969,-5.458429105430563,-5.587741559887638,0.37942412796398983,-3.9870360955770234,-2.6030694026885404,-6.268770418552871,0.0
2016-05-19,-3.4047831695941277,2.8637064788392452,-4.188295514435669,-9.921958918824114,-1.912740525115475,-3.4537377135176683,-5.93958239001775,-6.9938965197889,-1.574875987188229,-8.796937362547851,3.0148005148005197,-4.660320107474581,-5.7707817352956265,-0.48766715433380403,-4.050069894522812,-2.3721185758257657,-5.320250193185294,0.0
2016-05-20,-2.661762280539548,3.282790704960026,-2.874992019991063,-11.324309616264372,-0.6145509051078024,-1.018168113939355,-6.352791587526596,-7.143376330017725,-2.0179674011646664,-9.254683140693498,0.8165967777532535,-4.765911693897107,-5.170796821688917,0.07698953797723451,-3.1024117711424215,-0.6520505070651605,-5.44778651403619,0.0
2016-05-23,-1.9507058145074363,3.4251571136816983,-2.1386019485855057,-11.208924966677102,-0.4060344728986198,1.4721085322554783,-6.253786067272427,-6.2042586174939185,-2.9025127966496145,-11.019892642879704,2.2674288634113804,-4.691253355941782,-5.556736020582209,0.14491888804590847,-2.001385624469876,0.4602638846271878,-5.108315342812464,0.0
2016-05-24,-2.045850921315373,1.8055394051436524,-3.6952411689952447,-9.789029162900786,-1.3175912820335811,0.30091586307852136,-4.965197785425223,-5.999649374812666,-2.7439631638762285,-10.386141018376104,2.85057326445759,-4.148325358851668,-4.761034720544122,0.39114664552981626,-2.370846786793046,0.25705555940369607,-4.3718333788416714,0.0
2016-05-25,-1.3038597268439034,1.4059483178937127,-2.3305018824481105,-9.329253910977197,-0.02522125922869156,1.4194448500868262,-1.7119497160215547,-5.096764327747039,-0.5862243091549701,-8.751619170984458,1.4166408908134809,-2.280684924936449,-3.6192786047792302,0.6497948016416011,-1.1932802553970223,1.3771885405637452,-2.0563594821020548,0.0
2016-05-26,-0.9940760151969763,-0.4260610240618523,-2.1193718902026815,-5.874491974925955,0.024449308433860395,0.06066035798941716,1.0619240447266254,-1.7582924718777093,0.7007679809232226,-6.237474949899802,1.2507017653296648,-2.0739666424945624,-2.545109097577558,0.8459235237090246,-1.1748889408463858,1.0205333456011934,-1.840358854614721,0.0
2016-05-27,0.06911236349038674,-1.5233753700516606,-0.25858870668546974,-3.1698889847353917,5.835899771117692,0.05335149083165458,0.8333998428973866,0.6696796365605051,-0.5663560411311108,-3.203366540707664,2.823588205897032,-0.5696264424017272,0.5063151305372493,1.3132391239379926,-0.3109943342960886,2.5250541138045923,-0.4814262641321787,0.0
2016-05-30,-0.7752837326607809,-2.3577290268215534,-1.3137780004346733,-3.65543869745808,2.107442770044865,-0.3210877650242083,1.3690822916099243,-1.8390513031897981,1.4028709917971671,-3.993894683286703,4.027222777222783,-1.8733317156030105,-1.786730259414837,0.7976383813777188,-0.776366268313744,1.857502479212747,-1.881037112353845,0.0
2016-05-31,0.1666582495833735,-2.8837166629394506,-1.485408904389518,-3.5472070854344895,4.679260088392434,1.0345552047061002,2.1170615368053314,0.36406572862344166,0.49104280160137126,-2.416737830913751,3.15580631161263,-1.0755292863717791,-1.7902227685484773,1.8705647388773228,0.38762720035441234,3.6034785826625892,-0.8938874101881766,0.0
2016-06-01,0.26447668509068656,-4.352367622253328,-2.5970556161395875,-3.3201534375922104,3.613357087387503,4.10786696561094,2.2734576497441594,0.3884320622423054,-2.567924145330125,-3.489955737146755,1.55673395974818,-0.7601042707140571,-0.8276155200680146,0.6006261485060893,0.9001518801717845,3.5200136368567003,-0.7731160138820026,0.0
2016-06-02,0.9212044799414176,-4.981478054988086,-0.9481380780041571,-1.9743863393810068,1.0226619118831382,7.697463135910221,1.782346479865704,0.31904636690331944,-3.5477013791146095,-5.2782220725650415,-0.06525589633633588,0.41768015527874347,-2.549804137666656,0.02119434365357442,2.303133609497965,4.065900728859573,0.3686348016244789,0.0
2016-06-03,0.9111189027953381,-6.630381921476635,-1.4151203329867745,-3.6256354003111557,2.6132424379441854,8.1175415396753,2.9286754495885248,1.7691209056018176,-1.4163120483773994,-4.221861379369296,0.8336949110518743,-0.596941896024461,-5.686608300907913,-1.6046558568256652,2.1961410758252864,2.558552987555074,-0.7911343218626632,0.0
2016-06-07,2.213855268640197,-8.541042149042276,-1.0781750183696537,1.554243531794941,4.07917024386848,9.163089240991717,2.1027004944097483,2.9378050365748365,-1.1848607035959025,-1.5395200825664368,1.1213966202783254,0.9558678985649882,-0.1750520988389459,-0.4274332925852664,3.357835388344399,3.7679974705215447,0.8308086329137598,0.0
2016-06-08,3.5952839686619997,-5.8406786351330675,2.074481054028454,3.693443913654626,6.075215854435867,9.05950677089069,3.09410985427494,5.196243996502714,-0.016605384889101238,-0.2771522605231169,-0.09576768612913344,2.197937131630656,1.4721289295186235,1.3250883392226243,4.718504692691594,3.864243431940828,2.6039387308534057,0.0
2016-06-09,3.9752822609642635,-5.342173290646379,3.4390841667624183,3.165177691410981,7.092115717156622,10.501312901957306,-1.1007923660219854,4.761676244406332,-0.2948743553294664,2.9829418594266244,1.0775525502076944,0.8989091615849931,3.179555663469702,1.2517947262988605,4.862058461253205,4.793987280786283,1.2103852905848589,0.0
2016-06-10,3.591984268382231,-4.955923335039525,2.053023289006406,3.461875119193736,5.550077148856669,9.149895454242586,0.7471906559001429,5.642631341261484,3.3407598989349863,1.9237526352775758,-1.6262196647485627,1.099548399764383,3.212673526842047,0.7761413466223166,4.480447446908853,4.613614602958882,1.5008736894658092,0.0
2016-06-13,1.2177470911648003,-6.498224534023578,-0.01761764463337201,0.43032292320317467,2.323257843722737,5.484422528095401,-1.3038413794276171,2.852215362320565,0.6254118492781346,0.3903477643719011,-2.7730069012896985,0.28169014084507005,0.16600285792465197,-1.3304731990091523,1.8420635340134384,1.6707391569945163,0.4267737785169423,0.0
2016-06-14,1.772738532678253,-6.574657725188937,0.8932311699785922,0.006368974276704797,3.1286440598908616,7.011869761634615,-1.3606203739983669,3.443068741050914,0.4806707706393354,1.5808491418247472,-2.799130248369208,0.22962112514350874,0.688775983810963,-0.8255880813230143,2.6664621867790395,2.3666776697091274,0.1459390862944332,0.0
2016-06-15,0.42437937067394405,-7.579443763835236,-1.365740306954255,-1.0599607133827238,-0.8095773226612812,7.344602335704109,-4.432918509263661,2.6336205867608653,-5.259255366974347,-2.0849968946854758,-3.354885933878249,-2.5793309936927966,-1.4302299430460907,-2.658851512062521,1.3344366076940117,2.168269849318505,-3.2379471228615953,0.0
2016-06-16,-0.25906206248147434,-7.060574960684606,-0.8838419575853962,-1.7998370437591227,-1.011488366137825,6.855231918886684,-4.970628851742687,0.09864828363730371,-5.550880166224603,-2.7428978537714976,-4.109293657394564,-2.944806477093209,-1.336327628542866,-3.3578629461057496,0.9088937520947971,1.7593527282111276,-3.3584775736329786,0.0
2016-06-17,-0.8008450260769795,-6.904344878241709,-2.5392143369922127,-3.472166745342975,-2.64156070607684,7.751137004946385,-4.911995667479008,-0.6079382708832681,-5.477681276509783,-3.806228373702414,-5.795868772782498,-3.193921959135493,-1.9930755280367918,-4.853648875291805,0.4427672626911239,0.2516961313928867,-3.571985893074514,0.0
2016-06-20,0.7111883810424269,-5.73175324216818,-0.7420610110021375,0.2810467276906925,-2.1146436538158175,8.875698476306603,-4.773991913813491,1.6080437425485483,-3.957921588454283,-1.5721603956898034,-6.713282516055463,-0.8111182551065799,1.593063241837478,-4.163904436630961,1.9430178927742014,1.6483804530986745,-0.7316690218244548,0.0
2016-06-21,-0.0352929313300443,-4.82235500657362,-1.1407608048577211,-0.015189861012765427,-4.515289811936418,8.70290285488402,-5.737814594509105,-0.30738177623990115,-5.956849917505503,-3.517983722761875,-5.998317105421314,-2.1548557715852956,0.527039132195406,-4.5942969649442,1.2343195343071933,0.9792978226250693,-2.4202061599602476,0.0
2016-06-22,0.4972966429954706,-3.9202481974678682,-0.2485487329052738,-0.24660611387831155,-3.673617846750721,6.279565697808276,-7.34756195816818,1.0969759198993012,-1.705286089270086,-1.2524254718645267,-4.7512901157287235,-1.1366147047993103,2.1349807441513047,-1.9568710359408104,1.7907310205220295,3.0365630028816204,-0.9102974471075109,0.0
2016-06-23,0.08060006750256754,-4.175393138310768,-1.523455539914187,0.40470272946495633,-1.6329040412667029,4.148540851211413,-8.41277921443263,1.841787967218278,-1.812373139885426,-0.7376466405972226,-2.935323383084576,-0.5529593110029096,3.5716700369398335,-2.1088141310888986,1.2050760437857022,3.6536506607666164,-0.2816857569721054,0.0
2016-06-24,-3.051605365991217,-6.134141693125283,-4.498026837984592,-3.043400633824822,-7.064977911351655,1.6015978405422349,-11.060978719553837,-1.7424098041593838,-4.321936112589164,-5.032568930132941,-5.3603811280159785,-3.664689522778175,-2.6700146731089225,-4.5762248281992495,-1.4113163673943996,2.1766656617425495,-3.6206113208729573,0.0
2016-06-27,-4.214492724805263,-5.76699872823262,-4.793527126828967,-6.259538733469139,-9.496154274885749,-0.22767488842181383,-9.10519912136728,-1.355229774874589,-3.156291074202411,-8.333333333333337,-4.5095690105366515,-5.897529511987343,-6.15188242591973,-5.955566092051335,-2.7236461426696112,-0.03418625563887945,-5.98302512158102,0.0
2016-06-28,-4.482309528977635,-4.949882244531933,-5.60410767326055,-7.272837375480668,-9.590612606116222,-0.38759050330466893,-7.006618643404627,-2.4245287852308173,-2.1673626269336554,-7.165190203230853,-3.2684993351680625,-7.240177820497418,-6.817270024071364,-6.217725169338073,-3.370729703251918,-0.31572160173127806,-7.738476068610433,0.0
2016-06-29,-3.3500150679043883,-3.759182197574318,-3.1679399739571457,-5.084273970017572,-7.732003753082106,-1.46373708790839,-1.7798376953427897,-1.6313185680584485,-1.6242488511841735,-5.8884745468736455,-0.8868425931648272,-6.188148611880284,-5.620727388250247,-4.241353836748218,-2.6770151817515964,-0.3611781321720797,-6.782910352382698,0.0
2016-06-30,-2.343343427684963,-3.6336038041440144,-1.566206306414064,-4.6278331683039635,-7.621371495147333,1.6756247135508273,-4.457846957438871,-3.5463903423275545,-2.9732385411247786,-6.377660949754382,0.8964903357070231,-4.9354243542435565,-5.567541193691172,-3.7863558869182468,-1.1068867300747742,1.5352479646893125,-5.416705093916196,0.0
2016-07-01,0.41736986245994867,-1.274059336510669,0.517187728460522,-2.39448432314483,-4.5331597436559345,6.195387352725201,-1.6876219520074565,-0.8430564288874898,-1.5121387833831434,-2.8632025450689214,2.5694555965954713,-2.7030356790853416,-0.6811228206498043,-1.4545266318132466,2.0656545997145503,4.5325502448403165,-3.0309658469518497,0.0
2016-07-04,1.1800023326217213,0.03356935490890223,2.883198109700036,2.443325862512391,-2.8991734415812043,6.12858881437941,1.6500281552423335,-0.6694156716548161,-1.4075388451947113,-1.2094264117385456,0.9263051765966202,-2.1863638627421578,0.5328695053594235,-0.642950476371773,2.688133633818901,5.452568428946392,-2.201736045111846,0.0
2016-07-05,1.0676391562501664,0.6359393110796363,3.42324952217381,2.360090029878914,-1.0867052023121326,3.7984529038932235,0.05246634842814846,-1.5199706937555568,1.5098199924817202,0.2808988764045006,0.6185306740722041,-1.9296654574768146,0.7424490953714002,-0.02618029496467278,2.1126851839850858,4.1237647965155055,-1.641004211000019,0.0
2016-07-06,0.057889640828068245,0.668437129331223,2.3264004569035324,1.096515198187542,-0.7125723155072761,1.15767096425059,-0.5010259101970727,-3.2598111104593097,1.0458849772326362,-0.7600036626682516,2.1619711523017004,-2.6577481624659782,-0.19634817408704652,-0.32923114843571577,0.310004819402665,2.376352827979189,-2.654165047285917,0.0
2016-07-07,1.0586669396948745,0.15172664926867974,3.204187522541524,3.0513464846943616,-0.16049124276045212,2.2643772890245994,1.258685499487422,-2.0478739046050687,0.27595806902613873,0.4888396974727982,2.5860957048884137,-2.075078736157676,0.301551995912841,1.0718018672382756,1.4819734468905166,4.429222375442188,-1.9160746362856473,0.0
2016-07-08,-0.9095864965272149,-1.2450558756275765,-0.3350701071208939,-0.47995586163794846,-2.1430626690452925,1.9481888215203025,-0.29651046686288707,-4.372655441687323,-1.0073758576752634,-3.9393395549174426,2.982145729451502,-4.505110944901536,-3.5759564697818047,-1.0122148767567007,-0.34654259586074376,3.030370010167549,-4.835189168670128,0.0
2016-07-11,0.2945478388056699,-1.5064414069769771,0.4843772346463382,2.568211612207638,2.1219607933685936,3.000951736089741,-0.04602625647379677,-2.6962925254675585,2.3283961635562234,-1.5963718820861672,3.088235294117636,-2.6577906802142226,-0.49803167627942013,-0.47569496060649863,0.9814417128754194,4.398738374920774,-2.7856881492912655,0.0
2016-07-12,-0.06775135753646078,-2.189632491983884,0.5815791491996514,4.066087382205352,1.4680473711310649,1.6280944200161906,-0.736109359850079,-2.3382719166370247,0.3033752770343012,-2.331189710610937,3.1673772961882563,-2.306813667063967,-2.3007661227474996,-1.6008832459287858,0.3390975670387153,2.5344684807717455,-2.2942863445841732,0.0
2016-07-13,0.9483014632231113,-0.8068512892824176,1.6899737265869907,9.42912516559542,2.565260172483641,3.226690389766085,1.5544893884756217,-1.831357274812262,1.3485908601624352,-1.6832303697734807,3.914659149154276,-2.3520728256858137,-1.697842238944136,-0.6909509667252567,1.481070250333416,2.5080766124379705,-2.453374951229037,0.0
2016-07-14,4.338679852901461,1.2165175961340147,6.2107729616572405,13.641932208505004,6.744960731393013,6.938260719780698,4.389546848192527,0.225116672740322,3.6061087019008564,3.110025368786995,5.147608067292375,1.0117009861529747,5.097329279523644,2.7543397646047074,4.508795492514839,5.6045674495456055,1.041971455508972,0.0
2016-07-15,4.692114072190368,-0.07958631957487583,5.685295977430815,11.462648139032972,9.328620167259928,7.958171172118789,1.7688938798427811,-0.05877115907200192,3.4096867924761076,4.5645130550791,4.07592086215216,3.952201127722299,6.596458669649552,3.0718259898806055,5.172684869765742,6.206927314494726,4.411643576100022,0.0
2016-07-18,4.3843158318785935,-1.5311737403703618,5.509733398750627,12.149199372056497,6.315484175035357,8.796181707980178,0.5297027729674442,-0.7065179342372385,1.7691496198571466,2.7879128075591675,4.015088549325485,3.878037407388235,6.6119626949303845,2.523442178938251,5.254379194411385,6.480152859044042,4.29283756563088,0.0
2016-07-19,3.094011327158608,-1.9994021721080002,2.351137859695318,8.237606931072005,2.7077839921486158,8.361155958475264,-0.9542855138055528,-1.0960738089001554,0.7060598983130051,0.5989679321783958,0.6515978176149462,2.8413028413028396,4.193886201565844,1.74153616968451,4.214549442277882,5.693487778048478,3.2399699670290216,0.0
2016-07-20,2.2894409622655987,-1.6388929710575484,1.5690665988663532,7.807242290137628,5.702761550085067,6.6040486941141285,-0.9370236030069035,0.49165602987755186,0.06731559696424583,0.7364448126668588,1.0838742201777052,2.037845705967989,5.892056772908361,0.5994728165525265,3.025452114151994,3.222523498324392,2.2426625930379807,0.0
2016-07-21,1.2529436628222923,-2.4422474953954887,0.009697494130200823,6.10425966185657,4.247589936515395,4.433098630923316,3.2469780015159433,0.15031589825493796,2.7739158818622656,0.1910480349344823,1.92891811492093,1.4308506597107806,4.620246201239575,-0.7581328570928414,1.721924181942991,2.302005273632557,1.8705893726033596,0.0
2016-07-22,0.7537713627023379,-1.7903862287543038,-1.8850203617419292,3.5026181766013798,2.6806404657933047,2.7475981381217984,2.342109444446838,-0.10539258738803126,3.028552666780171,0.5220991988477808,2.1134455093185345,3.2612016293279034,6.752419438653545,-0.8840077339789976,0.9645061728394966,0.9586050447657257,3.875805772407781,0.0
2016-07-25,1.1292308465462142,-2.4309095232679656,-2.6144463222867342,4.223908435574364,1.930808789153815,2.1485163058535317,2.158158967040902,3.0585192751663604,3.565422745126612,1.1565916689256328,4.817463304478742,6.213716927819157,8.825977841708998,-0.8371159217877011,1.8125737786070628,1.0187457759755159,7.410493978463006,0.0
2016-07-26,3.8000737281887353,-1.6257958495909497,-0.8571242523186196,8.010821649195755,5.433572562116584,6.81783101435296,5.1440454807038405,5.782442863813042,5.198406665247668,4.105923602140615,6.222879064209796,8.039400114960538,11.779632344648693,0.8249134459125118,5.033696484917738,4.099608763123186,9.340741603313752,0.0
2016-07-27,2.581962230507373,-1.2815583482043924,-2.927569782406103,6.985731634011438,5.559826670394186,5.372487104242185,4.552475478849272,5.913610490669363,4.636366403847902,4.561725562184482,5.984786571949452,7.436130203605251,10.959891171336821,-1.0209983874360118,3.827275352090087,3.7447431499475936,8.749525648006063,0.0
2016-07-28,2.954510722836323,-0.14432081780391126,-0.6427731880380483,8.290098244839372,9.715018289168809,3.6681145902232926,3.4036827873884734,7.447927370317098,3.587075409558693,8.921064922933208,4.4951893040109825,7.0829961099653005,10.394071315332543,-0.19283673451335748,3.657146537012612,2.9755647566129584,8.318513470839516,0.0
2016-07-29,1.3904673780763765,-1.3342291178971455,-1.673664458086288,4.418207966821641,4.940309306321788,3.5634494057853017,2.000697167005927,3.264449544011505,2.0752936116321674,7.963867637570288,4.1555541772622995,5.352735499794314,9.173214581454836,-1.7607520977024338,2.117745641989255,2.1868183839567346,6.151605406997684,0.0
2016-08-01,1.9274518764783588,-2.3115702496706025,-1.9568969365133748,4.25720078464209,4.462211597013921,6.666269499215272,5.473937801138851,3.6210553528516654,3.065629093894695,7.782350251486059,4.816506634349471,5.703682993162706,9.90636658158257,-2.3956872370266447,3.3966674924881923,3.465791953298236,6.467116085540114,0.0
2016-08-02,0.6721348258582394,-2.81695146272426,-2.9259456816464358,-0.9068388427436069,4.293405266306238,4.08524805332704,5.070207931066206,1.617911804289185,5.349739603763237,6.18340770421637,3.40649855108206,3.766786767114305,4.770988910152307,-2.6365578272810497,1.5147894763318126,1.7840309532184184,4.510183511191479,0.0
2016-08-03,-0.6959482668498662,-3.5323820946435602,-5.216432920948932,-2.2345903513588894,4.555704881437772,1.1820453598190062,8.348358458887283,0.9131054381674497,5.226018515726305,5.294332057590667,2.9991351618482875,2.622793262178158,3.056747591753428,-3.470279034493595,-0.25765278935788727,0.30593856083147575,3.2706446371402187,0.0
2016-08-04,-0.8541288678702852,-3.3779484089022094,-4.676396733407473,-2.705536532782582,3.3763307609981474,0.534161143272649,11.299726786809838,-0.26025897806138953,1.8708538156827048,5.914517451927459,3.115727002967361,1.271460562328941,3.8027438424526494,-1.9644323323375845,-0.6615008969503733,1.1346773064538684,1.6377147725659347,0.0
2016-08-05,-0.15684450623666413,-4.108240354772796,-6.221783657314017,-2.5308290816897894,7.496447854504118,2.404418864186364,9.943475943132318,2.56356019342745,1.5549042036030913,7.672704104851191,2.5293502981129867,2.4589141873862186,4.515274610414299,-2.157043960451288,0.5263648510082763,2.9653886704976262,3.177342241079062,0.0
2016-08-08,0.7055417003406061,-2.070271461009243,-4.874118202649392,-2.6998417935876984,7.970205270489639,2.7479035263761498,10.07491764372499,2.7331795282263815,1.5996479585161927,8.811944673445083,3.0417544294387477,3.968253968253954,5.5207236527232695,-0.37040910596315424,1.5036985380189938,4.01355079803023,4.9200803149357375,0.0
2016-08-09,1.4051382810871926,-1.9027257250959106,-3.6074191464337324,-0.0946947931654285,5.051778478162983,2.681061732986234,9.865700880439721,4.340334948487556,1.7918906529982959,9.037741021657663,4.5196683498534895,4.942813524538869,3.888186708209651,0.5135260662676444,2.4018271108809275,5.545226626102151,6.405569507581799,0.0
2016-08-10,1.6111558378308466,0.6017185912631007,-1.0211217048033294,0.14595593012678432,6.140538833692322,0.7319499779157024,5.160107615402243,2.8440937126239962,2.853731553966221,7.990556614909661,2.4699702006082846,4.906122041346261,3.17296176204247,2.173567862246628,2.1976717302056414,4.393659533524841,5.945244911193015,0.0
2016-08-11,1.9131092253051873,0.45285613644319156,-0.8104864040204718,-1.149974935259035,8.158590108531705,3.1976344878940965,2.7593036282996364,3.6252271261942415,0.5146091154270671,5.722217247246353,3.6044023234484746,3.1335519341239015,-0.3705273285380506,1.8760489618024234,2.7806836760901454,5.635033000162015,3.988461838309809,0.0
2016-08-12,1.8958217380933284,1.2287829369141523,0.19542450125253907,0.051591862304989355,9.356510571939648,3.10247411571114,5.561843373037756,2.2332605718934584,-2.122583443731907,7.217507815989288,1.358467983243572,1.3204672422549413,-0.794762330627885,2.7526166142903596,2.0907356846317837,5.332507024796307,1.6141301040588862,0.0
2016-08-16,1.0072311501770903,1.2227514876315126,-0.7236042095149497,-0.8649499616664835,6.339720980387753,2.4846231240570393,0.7189919185971894,1.144173941954385,-4.137978876536996,5.69883896126917,0.14209170835677298,0.6892215424052717,-0.8273217979115177,1.8605791972529317,1.3494050378612288,4.523949497494484,0.9387171372930991,0.0
2016-08-17,0.923433989284228,-2.6565063237550923,1.0453512536405363,-0.883729817521739,3.546639299941523,1.9209532216619252,1.670191062243176,0.37642363532259804,-4.017223321308039,4.25737359550562,0.8719378373569064,0.5335329052194471,-2.915507386735783,2.6943748395151124,1.3756025213199852,3.4573879358052118,0.7418982886272518,0.0
2016-08-18,1.700559101479393,-4.713979474714735,-0.777950782318082,-2.4451240231056603,-0.12220876258267621,6.8939937460235745,4.8290382347987215,-1.1920298823158815,-4.170482851959234,1.9811320754717032,0.9745598038922498,2.245465184318318,-1.0343176922463115,2.5578076946938477,3.1541214184538147,6.121527777777791,2.4673172528079323,0.0
2016-08-19,1.9864199306612873,-5.914033407809349,-0.7047068705110626,-1.5537201427656244,0.6237476569064704,7.2210700880317225,5.533335020968866,1.422016499997114,-5.039444730558551,2.7576197387518153,-0.6877865777407233,0.7955488310801062,-3.6733638978784566,2.6061836491937385,3.6646317961979813,6.960936690498398,1.3181222539119908,0.0
2016-08-22,0.6183453964062169,-6.631789307479341,-1.3261477409392874,-3.6727714083318763,0.5969665893021059,5.150154290820752,2.9726283965332057,-0.5999024733219116,-5.194440051311789,1.5951128457491803,-2.6740980107319623,-1.601461995335085,-6.0573578754026585,1.7674477085148244,1.999189019819858,6.053696514040374,-1.1800169655840964,0.0
2016-08-23,1.5304378835381272,-6.354556777139853,0.13489019899641796,-3.133865749643683,0.32682214165902224,7.470444985609914,2.505698557754421,0.26373424761205744,-7.084101870839876,2.307032590051472,-2.0510985898697154,-0.4880536130536073,-3.08787093056756,1.790975275586315,3.3089487800496586,7.114026236125137,0.17145831419735913,0.0
2016-08-24,2.454895001478863,-5.376428372352282,1.3614420238877267,0.3522075123790547,1.452038081958995,7.440951857584732,0.11652724284276772,2.47102990573822,-7.592709348312033,1.6356555603634693,-1.4574024649893547,0.8699938385705375,-2.5252172292496544,3.2816789481288966,4.239940668485165,7.51928915629092,1.5905408773678964,0.0
2016-08-25,2.1444678329824995,-6.041910643838044,-0.003476285936099277,0.6957165368259632,1.5333144438874458,6.518465740837143,-4.85160451134975,3.7126762207758235,-3.4030217849613464,1.8327310273619002,-0.6235011990407768,1.577356821699727,-3.2567677011355656,1.4701034418239889,3.946526880776524,6.407762958451291,2.589298188422662,0.0
2016-08-26,0.9693053311793154,-4.004432967885219,1.4758678044123785,-1.0641231266975026,-1.7796341334461285,2.51152116053881,-4.95325642248341,1.0964962533513756,-2.677366747621235,0.32121724429416965,0.3866790563831879,0.05111354508944288,-5.033326325239928,1.6120121190518644,1.8854860844945032,3.7005140167903017,0.5354978288555134,0.0
2016-08-29,0.060557721848053525,-6.421925085110891,-0.5217549200658422,1.8848422061172876,-3.1071398106286785,3.309467567584079,-6.359562674475661,0.6937601686564765,-4.544869243555826,-2.129808906473607,-0.5621355137377493,-0.6121273224830803,-6.21555731942397,-1.1337293221243439,1.5807973303725298,2.886287782635266,-0.10397359974684273,0.0
2016-08-30,-0.19767293935746277,-7.943866092056339,-1.509457740911735,0.35567211907883145,-0.8904080233156142,3.4890716210392636,-6.590540437195857,-0.44804634884493266,-5.272268976366901,-2.631578947368407,-1.4791840629846065,-0.422111990842311,-5.523458145417304,-1.3304388006870171,1.2687231112356923,2.7343697871488715,-0.06273900573614544,0.0
2016-08-31,-0.48859456921511724,-9.831630280882674,-2.5623731859825916,0.5366315940692479,-0.7458722029792364,3.8785268595846745,-6.678799422147241,1.4554057520736574,-6.783130807719795,-2.194568233414629,-1.4120821466047206,-0.8187162339053256,-6.1728464970894015,-1.9322086578142939,1.3690003057169164,3.455931325390349,-0.27169856387903035,0.0
2016-09-01,-0.7848496680984085,-9.845479990509155,-1.5303593206026367,1.7672312053488959,-2.516488240660164,0.7710481701507454,-3.154795689616441,0.8178964337226757,-4.992337997076113,-0.6352702015924083,-3.405234736935281,1.5849110728628713,-4.012209071731165,-1.9389673791164297,0.6088641848899234,0.9175229547439878,2.09317319658735,0.0
2016-09-02,-0.5930347676386338,-9.593905122402113,-1.222786182798552,0.646407351732603,-1.5004403808245637,2.279083070273935,-6.6694035680691215,0.2673152470564544,-3.835350625550238,-3.1075564442222814,-3.926315167975447,0.8569041651748543,-5.540436340545196,-2.363614556918636,1.018464243845263,1.634028441722557,0.9851331726378643,0.0
2016-09-05,0.601633003867641,-8.607492078384727,-0.5538417335813173,2.535793703429179,1.4471321432343753,2.3091353025250116,-3.8681789176838732,4.142934058771841,-3.0049751243781064,-1.5428475599530422,-1.838659138608889,2.6155250264194407,-4.571838739395573,-0.9528559880290999,2.1633589089888883,3.3539116693896087,2.9075288265882904,0.0
2016-09-06,1.1146177370030763,-5.713726556129384,-2.1065866886342377,3.0436349198699197,2.6823679863590355,4.447391859290839,-5.327553574699307,4.953660038065988,-2.1739130434782594,-1.591310937105328,-3.0254027990121224,2.7015344715798584,-2.5204269329904383,-1.1958752220171953,2.8888238664764643,4.241163963144734,2.7499585849610764,0.0
2016-09-07,0.3118508175745882,-5.919930913841598,-1.2492751792675505,5.42614058552533,5.089675750517864,-0.6228012633317292,-9.094670372929281,4.943493979333313,0.004261277165640287,-2.329492893785212,-1.8474109601207989,2.4155280539857493,-2.5359460564426617,-0.1641936794075316,1.4598803909877667,2.0207440369073737,2.7358490566037785,0.0
2016-09-08,0.36425709061200795,-3.121741824736457,-0.8004357992177802,2.6919117151495753,3.3306568170868855,-1.846075888159071,-10.045056030191923,5.24218497221387,1.600507823814712,-3.4230641409106033,-0.3387797931344583,3.8906643424365672,-1.4051071474400212,0.3024624101111373,1.2509220002758559,0.7562547629196281,4.108338405356049,0.0
2016-09-09,-0.2100716888001064,-2.516830323612218,-1.1105877829576616,3.8221751736607246,2.000257543889772,-4.615641259088921,-9.586820189147227,5.413453201296048,3.4537512434122286,-2.864539836312008,1.1209601267172298,4.6748613181496035,0.14678702806782962,0.3706481930900507,0.23250210817973294,-1.1266496216523203,4.902126094087711,0.0
2016-09-12,-2.8513168742347217,-3.575382806003624,-2.881466055175219,0.6287398577160763,0.9416764645603815,-11.156302271734742,-10.514419519810081,4.509429430803191,1.8649010215342043,-5.180652192136814,0.21610105006848457,4.262743088597709,-1.727797563484379,-0.9201995231853388,-3.2149559607393963,-5.183282896392405,4.185897239966985,0.0
2016-09-13,-2.172466434414999,-2.5045331958800876,-3.416299887958829,-1.814040230952918,1.5386267246470187,-6.7510813433017125,-10.177119450468231,3.67444392772478,0.9483758520806518,-4.197888283378736,-0.5021149691123328,2.5166145426114284,-1.897569485935524,-1.7600769432543628,-1.9571666304898372,-3.610704524552788,2.310888933188182,0.0
2016-09-19,-1.3284905918978795,-0.8388225846133968,-1.867216711473696,-2.1973195752372887,2.1219504341572826,-4.223232962294954,-5.141082815821296,3.6664509047927174,-1.4040703490169726,-4.554288128432615,-1.628861003860993,1.5867256851220368,-2.5025381614804942,-0.052683800609365505,-0.9488707653701356,-1.1669127547336733,1.0410519466763413,0.0
2016-09-20,-0.5786503067484627,-0.7828835176739934,-1.9426665204568816,-1.5853661368951832,1.2294508381151203,-1.7937862507102942,-4.578569260346043,4.295914319714389,-0.6955913732203278,-4.701718907987873,-3.0516572111077833,1.9997080718143323,-1.2624978310167512,-0.18591761744818358,0.09222629420189143,-0.7971331977531193,1.6025151857391506,0.0
2016-09-21,0.1791030088321488,0.8743848911468177,-0.4355551240351585,-1.114338391980274,2.809508088478041,-2.260663327101542,-0.44460290731639374,3.959218738443493,2.2662750556451394,-1.5826595561672097,-1.9377853018531455,2.2751974494601868,0.18982329506640472,1.090101489156492,0.18659871011377227,-0.10312710088832278,1.5732947174706524,0.0
2016-09-22,0.48829752811632154,2.854086904243136,0.02656104289899819,-2.08130834265593,1.9243867368671452,-1.3719292902865443,1.3267377075316888,4.327396655382065,2.4343413140380576,0.13771733516956264,-1.0382612907131605,0.8406178900730366,-0.10182201511755862,1.5728133035264547,0.5566119482020015,0.2370622467006145,-0.03138919613764335,0.0
2016-09-23,0.9544639127122556,3.606468637932192,0.6173674970417542,-0.8465142649061952,0.35861094459193055,-2.237158403776607,1.3677068964771832,4.779510923312058,3.2322575500113304,0.601788170563955,0.27977131735799077,2.0564874139130884,0.8847581399559434,2.3761312814733815,0.5899064473517512,-0.20353752113407841,1.3397401353212546,0.0
2016-09-26,0.707918454091061,3.0801658282094246,-0.10949254417029763,-2.01555585663995,0.5378021103354724,-0.5662359646736892,-1.224854640744455,3.449823553503406,1.6129231605878092,-0.6222828403375735,0.8400794256911537,-0.3812213201553116,-0.7323835701752768,2.2728472161139823,0.6118431016204795,1.1979252700782927,-0.9032295965574422,0.0
2016-09-27,1.2024667494149766,3.512558415272937,0.39548744065305286,-0.2916225420794172,2.505828126164311,-0.7152338686151616,-0.049538988465114286,4.088465106920491,2.5882953745741677,1.2725709372312988,2.276917404129808,0.2745302219908208,-0.2797051691435848,2.652475673209387,1.0777060515944958,2.04324630130317,-0.022238365628379775,0.0
2016-09-28,-0.3407634654964853,2.548402693914409,-0.27979365218152585,-2.7584370125176005,-1.3900458142440675,-1.7713227697109257,2.9395012611933558,-0.539305052923722,0.6155108740254267,-0.2980752853006363,0.490860360767309,-1.1094207138677592,-2.7984743132632883,1.061003351450851,-0.7152025312677224,0.25849167838192244,-1.634590034273653,0.0
2016-09-29,0.10597474994311629,4.083957758205159,0.9942153343706295,-2.939702577557224,-1.504898704749258,-2.3242736487478877,2.3646150406713806,-1.1790219122648327,-2.016483856974649,2.087611225188235,2.04044507776735,-0.7271791994014287,-2.42114852234816,3.011475195252844,-0.671860651124212,0.02052584653080558,-1.2194585721195361,0.0
2016-09-30,-0.8851145556482476,4.822359517505159,1.2040347664312057,-5.126601236939021,-4.616437376801386,-1.4435354384891852,5.937067788446648,-2.5753005511913507,-6.231547934281723,1.4293094541071083,1.5172080957982725,-2.2724097788125674,-3.5814934508652363,0.3964441212876535,-1.3587392039889679,-0.732506750992612,-2.861224073345281,0.0
2016-10-04,-0.4298042864134266,4.441419947053138,1.726324907960275,-1.7955426005721198,-3.1538812217663303,-0.9961575934978595,5.893594421506876,-1.3824014843421217,-5.753436290625869,2.408809359944941,0.995728295529763,-1.3982428747873477,-3.0531777066559296,-0.08864015572858097,-0.8522710446983384,-0.3313826411901588,-1.6267173341128371,0.0
2016-10-05,0.7424418633180885,5.34796768719541,1.6621371000664853,-3.05547910904983,-2.0167908092412534,2.6190975463960875,7.423366520358288,-1.2040434213231976,-8.228471778455948,1.8399105837847207,0.5331807091002227,-1.816314142970532,-3.2566254050012566,1.5052534400140871,0.5979351706068226,2.6779592396450225,-2.237159348286699,0.0
2016-10-06,3.706790929359083,5.084176447746769,2.001122197938443,-0.45537890217012267,-0.35691387048514267,13.017521535573584,7.6707462225493295,-0.3479897572826185,-8.929868306381328,4.880205110069835,0.030371135273044025,-1.0531242686637077,-1.3903258008893693,1.4197558268590482,4.980145086450949,7.930123991125981,-1.2614964868789769,0.0
2016-10-07,2.722871318822029,3.60689941655179,0.9523828377088872,-1.6062145902692615,-3.411301920311305,10.11578803733082,6.048839926708283,-0.16629742074888432,-8.828155721588683,5.608390365300853,-0.535233667726942,0.5148005148005286,-0.7868644790372525,0.3052769297863023,3.8965351832035866,6.152109496260749,0.5725419664268427,0.0
2016-10-10,2.035936461320187,3.874277903133705,1.1735693986317797,0.6657811643252964,-3.355895150610644,6.556964652941599,1.7030251103934635,-1.2243523963101133,-10.207030553454711,6.365084985835701,0.6837973751993243,1.3476511345508202,-0.3233585443384923,0.3118767954878754,2.7198041448694754,3.9652505840929386,1.8285286409584378,0.0
2016-10-11,0.3070528357958402,1.8774607551482303,1.9980263015913158,1.7938013437580391,-3.3734273468823406,-1.0554098879083096,0.9941148401463318,-0.9019239232603948,-10.550052200937188,7.824933687002655,1.2874214611309664,2.75233734020226,-0.2151267429811088,0.23898011720568935,0.0915351228146788,1.762643041712808,3.7628432373971066,0.0
2016-10-12,-0.11100250983551163,1.7695850422748016,1.4689935482864458,1.6119927387714394,-2.308853280241485,-2.186958387773408,-2.5768369455938855,-0.012587152348331188,-12.575022634201327,6.301345918545698,1.3348541833651861,1.5657102373361598,-0.39702892035888837,0.07439890064682153,-0.5569452397456431,0.6357358004848157,2.393929043467935,0.0
2016-10-13,-1.6714641166999944,-1.6855956337635591,-0.5779853856143435,-0.9542605768172785,-5.934639413642772,-2.6191952629814663,-7.069895216710897,-2.4147249384109504,-12.144023819138482,2.750558707237416,0.2783470467684124,1.0307319621906563,-2.2657505336115435,-2.272232999573731,-1.8945718064257377,-1.1222486441655355,1.6432170571612392,0.0
2016-10-14,-1.5291591815274064,-2.7927161027636482,-0.9959856953163815,-1.1410335081259992,-5.381275933056717,0.7549338920396442,-5.5062151809099795,-4.632817443718695,-11.995935394159796,2.71748419073663,0.18801552644347463,0.9122972019750764,-0.7968365826957258,-3.5610171386311285,-1.1968794785539139,0.442440394351884,1.3633879377834335,0.0
2016-10-17,-0.952562392836731,-3.3028683755662813,-0.8887815758913731,-0.1382749844147657,-5.524708198264705,1.6380290515721763,-6.017518547292388,-3.629264059873094,-7.971270099982963,1.1837364899639713,1.3935171160254445,1.9677320293860712,-0.35471689007396945,-3.369626915733537,-0.05479122136254899,1.275806683294367,2.5698787681180946,0.0
2016-10-18,-1.0854073549800836,-3.5050001118593244,-0.9763756207949115,0.6244064468474697,-8.185264032400442,0.8315693851028483,-5.66776190699998,-4.071244086708581,-8.245864319320074,1.8848700967906362,1.1957338140303309,3.7833372669341614,0.2690534375037412,-3.2412472647702417,-0.10464817284290273,-0.42547979293318106,4.9113233287858105,0.0
2016-10-19,-0.5903383242574445,-4.442562434079966,-0.7994205440024493,0.7965734223887688,-7.409323689351144,2.3467796048905143,-8.76304743045183,-3.4032960539274737,-7.748158584210774,1.7937985820449365,1.2376385975427118,4.49693498378736,0.9560252746516174,-3.321419980068052,0.651205301039659,-1.008038460544336,5.691056910569103,0.0
2016-10-20,-1.3592946362968372,-5.682384718163025,-0.3132704250219831,0.49932077688439325,-7.895513266316822,0.7621741641002933,-11.039244674417048,-4.232714916603586,-5.872903437982247,-1.0140797854508832,-0.713097218920844,4.665897260757945,0.9929740117241348,-4.14330006946445,-0.08410328599293138,-1.239634971430037,6.151791675940332,0.0
2016-10-21,-0.5201528652446941,-4.660682048840958,-0.2056572991107286,1.8342511166621778,-5.092567806319659,-0.28583299285072084,-13.080256774963173,-1.475100372533844,-1.6463256297065798,1.0356536502546643,-0.8943427620632272,5.946538333253915,2.222467324767008,-3.212484372979263,0.23469093009822473,-1.0971756450268377,7.435027909489222,0.0
2016-10-24,-0.34649562500609354,-4.686630351446985,-0.8737948967488918,2.54414225073627,-4.563933584388913,-0.5651618971989847,-12.34282404687158,-2.7133160868304973,-4.8650666460710585,0.9744623655913998,1.4297203109641554,6.553851244357256,2.0814518294320017,-1.8900582760720153,0.4946118372320729,-1.1749498379379553,8.057111444574838,0.0
2016-10-25,-0.7710667316122688,-4.399630279399291,-2.4901137397982054,3.1098969882980443,-3.5239168948300925,-1.4349790993649192,-13.988938071470702,-1.3058076672381458,-5.170988839358348,2.54115660616292,3.1431653382872904,7.478124405554487,1.7616389621541995,-3.709061300856664,0.15710778310762397,-2.1069702365810294,9.302881741002045,0.0
2016-10-26,-2.4892267467196083,-4.075807895900163,-2.862396473262896,2.261196396261944,-6.419578319713448,-5.614682091265754,-13.697485728269632,-2.9676930510410204,-2.273437136572365,-0.34561240832841067,3.843818314306513,4.508041627246917,0.18406375968635924,-2.9170752206191253,-2.158031393839255,-2.4155259490917347,6.041923551171391,0.0
2016-10-27,-1.44512610770281,-3.0316422534569565,-0.13726432206131456,3.7737148284459288,-4.1996014976681035,-5.966012155403277,-7.612102192096781,-2.919984000087672,-0.6779706706922517,-0.4460528530550345,5.642507917960704,5.674112012140187,1.0030447380052099,-0.9937888198757849,-1.4206058884114081,-1.9622364431616024,7.363416887723173,0.0
2016-10-28,-1.8183409340632672,-4.0384875388706165,-1.6878991423363798,0.6080825677518886,-5.419072787184753,-3.273531422005471,-7.573734938718024,-2.2201578681207645,-1.5606061643601121,-4.044943820224722,2.472970915181971,4.184188887583695,-0.47530898138474775,-3.03200154139881,-1.0049268093129227,-1.9193517756535994,5.287075710335887,0.0
2016-10-31,-1.168347334799924,-5.004518598916452,-4.0585742671003455,-0.6222498365550999,-7.100168396491203,3.5173337875831656,-8.841466082193715,-2.3257726532559198,-2.73059775933554,-6.141861418614192,2.098157270571055,3.0105380437305707,-1.9888986056454394,-4.469317813286122,1.1537413317990408,-0.3763489616396054,3.955006731618349,0.0
2016-11-01,-1.2951571742561674,-6.355692745517871,-3.5743391816462466,-0.9610264472449614,-6.879889553612517,4.973355134213131,-6.6975219788736995,-3.9889875918840856,-1.403881763939363,-5.812710679930932,4.091752608682442,2.2646949404761862,-2.458912117669143,-4.8157153602602865,1.4244064468029727,0.28502051628318537,3.115346125397034,0.0
2016-11-02,-1.8110189338308214,-6.488810845564097,-3.8524372840911703,0.7953935720853567,-6.977740691459367,3.211594182587696,-6.06835768577797,-3.628861851909515,-2.1115745568300315,-6.006357704534048,3.9806002928257644,2.179125528913972,-3.674643731327709,-4.8406191862276575,0.9600897873041303,-0.36107233897549884,3.4363047955281,0.0
2016-11-03,-1.9212324364945244,-2.26481360926869,-2.750162071093898,1.2367304233332987,-5.258945279913418,0.8665818841966155,-5.642882293989649,-3.0404588523069154,-4.292514939734627,-4.617304492512475,3.2659361946849153,1.4842257327927655,-4.5920797930398045,-4.01530148199668,0.09406995162983822,-1.6990385738196334,2.7119582641135453,0.0
2016-11-04,-2.2484600095679097,-0.7573013807139262,-3.153712296983757,1.2499530622207322,-5.237410397816711,0.6073170396153182,-6.617189522594014,-3.5352114261274714,-8.393415322394116,-4.035266191929465,2.1571556617866916,0.8363063522216496,-2.43373814914819,-4.545373633806826,-0.7843656999650617,-2.953994532982618,1.6183100219627766,0.0
2016-11-07,-2.100047538999139,-0.8267586008629202,-3.0927854816229394,-0.10007842135979494,-2.3130082680148933,1.7368424228891621,-4.151228836206511,-2.962759794235692,-10.312818409178126,-5.233333333333334,0.06531484725234016,-0.37068200941486884,-2.3219377494972493,-4.204946996466418,-0.6854153197806689,-1.0501168594902244,0.10318312885169156,0.0
2016-11-08,-1.840328476094344,0.6697362913352656,-2.0930527480804484,0.14978981474926822,-1.7539458078642434,0.7596682730786952,-3.4453670392003977,-1.1124705455863748,-8.920712960420119,-2.618108584375267,-1.2343486368883605,-1.7462798124617707,-1.257800900498529,-3.223140495867771,-0.6786546388673265,-0.09073343951540025,-1.2256973795435222,0.0
2016-11-09,-4.029207095952159,-0.4172324520394177,-4.528292503787124,-2.631927446754112,-5.240879085677685,-2.2659864954982067,-3.6352992276169394,-3.3860622739782076,-9.199086205738084,-5.334010668021339,-1.4813263107493535,-3.5105090238084613,-4.497680030252649,-5.067385444743932,-2.806996597218081,-3.394155844155844,-2.8067821249353364,0.0
2016-11-10,-1.4953271028037451,1.2555139222858003,-2.1500362656719507,1.3890377044060376,-4.2703221075196085,2.233657963938507,-0.3973433660933723,-5.493070784256093,-10.41688668285985,-2.621408166694661,-0.27881876780093684,-0.7353271868675515,-1.7281686088332582,-2.3000383042784955,-0.181309510944605,-0.7068984666444678,0.3924635818935984,0.0
2016-11-11,-3.091701094865551,-0.480286671106811,-3.6071018352863526,1.4958042869535282,-3.4325045400533494,-1.4411150518460203,-0.9240683906367564,-5.965324548285899,-9.189927882338623,-2.6955074875208096,-3.664875341379603,0.07097861769143066,-2.022870874604721,-4.948713174995778,-2.8062437586190536,-4.442665729587613,0.9542142169668644,0.0
2016-11-14,-3.0812352430086842,-0.27737949128321393,-1.5402234834073991,2.2388868076963053,-2.498525369214155,-3.1610386884433517,-0.48132395467732625,-6.9783833282459735,-7.958468010348685,-4.462374444261474,-5.208726723411672,-0.35397446959137824,-0.7992670371665178,-3.953582512481446,-3.546974902185329,-5.824839047080765,0.11213215184335823,0.0
2016-11-15,-2.3020125230275745,2.4729637752401112,-0.6686705000871096,4.200544477023893,-1.5001146000458432,-2.663034689267707,-1.797177121681015,-6.2855429117885,-5.372103144380369,-3.1720521062425955,-3.7132331442605637,1.6521070022178952,0.9118913324392075,-4.040868592865143,-2.8250393539320684,-6.449007546779706,2.230316615298422,0.0
2016-11-16,-2.1970041301898946,2.86518411321659,-0.9949633295042837,4.195239370039094,-0.39083034306218734,-1.5818836778838996,-5.835483451821877,-5.467568238773623,-6.452794854048771,-2.4600557950798962,-5.210152520665956,-0.13014113581799602,0.4679770022730123,-3.6780785086933165,-2.903772021472073,-4.9379208822143195,-0.1651791291312099,0.0
2016-11-17,-1.9248100939873836,3.2639987977213014,-0.6943097860283132,6.119215250665677,0.06898930665746317,-2.3567423089691397,-1.8799663457044202,-5.198864434887707,-4.959861986449066,-0.10408534998699315,-3.269236484679172,0.46903892121048507,0.6310426322089446,-3.260476878612728,-2.9783080000479134,-4.339155016845453,0.029333296084699256,0.0
2016-11-18,-1.6736464179186283,4.243932288305352,-0.7029052481319575,5.440751748496453,-0.27723147643531343,-2.110978410968567,0.6339623365903213,-6.255437863810631,-5.391264310081412,-1.3192381618032378,-2.4124374553252226,0.5678361387142505,-0.3352149155146922,-2.431415726213415,-2.8242126691414238,-2.8459592839912284,0.1114066481917142,0.0
2016-11-21,-2.0593905519107003,2.435060251392107,-2.636205618058163,4.593169133084141,-1.1319378257851231,-3.1190706874974827,-2.3710855726919444,-3.737992760026232,-4.2298783414369545,-2.2084497206703912,-3.881225157820911,0.8458005547724134,-2.917758704212059,-3.2510015804755987,-3.031117963796315,-3.721279529725563,0.4318044361927953,0.0
2016-11-22,0.22891042679413776,5.1595780072895,-0.4817645233958001,7.833481072917681,3.106892622493751,0.4378185620134145,1.6179006752214287,-2.881541746004257,-4.276403391968597,-0.48949804200782987,-3.945554284373254,1.3665539374698055,-0.3349913067845267,-0.19550433570619807,-0.5999383749101361,0.33541598158499664,0.8717788270095062,0.0
2016-11-23,0.20919447524951895,0.6253096325654184,-2.2391559904757496,8.004180456366505,-0.06663414285883462,2.0897364484264713,-2.4811260274234748,-2.018813649755258,-2.65630952884901,-1.7618839947666887,-2.2452149954568124,3.0604982206405618,-1.1395957374189525,-1.412075100099408,0.507500333482902,0.6949256568136386,2.829050976831282,0.0
2016-11-24,-0.5428804956559508,-1.2551621515989209,-4.268610410689799,7.758760563902611,-1.168710116871019,1.376440433589421,-0.57295719844358,-1.4911093480188597,-0.4508728899148773,-2.809187279151948,-2.9012634534394066,2.7040687389436435,-4.299507315801887,-2.002815877071118,0.16090641925532445,0.5520494253637098,2.728642930269598,0.0
2016-11-25,-1.157400454549995,-2.0544374492994844,-4.75261588742335,5.688505922864695,-3.703918117821403,0.5112421582842419,-2.638306720286554,-2.2842903125324443,1.874515879163452,-4.889201547660926,-1.6941106660732896,1.746176671992683,-5.575324028835338,-2.511066027296205,-0.4490467551097943,-0.6811177921576483,1.8073735191539209,0.0
2016-11-28,-1.260369974742681,-3.1456811345079494,-5.307108526660165,4.521856895643661,-4.829947765525244,1.5146419330359873,-4.101476720518726,-3.2220185588269,1.9863945578231235,-7.091770788453255,-1.9840556254870245,2.554172429691093,-5.708976662876985,-3.265291130639192,-0.2171376327787522,-0.2162593020900716,2.508914562829845,0.0
2016-11-29,1.0217628856503902,1.0590111492240872,-1.8495479305778328,6.7793668995242085,-1.5997005843434553,4.802133195587732,-0.7148036372187749,-1.677917522496819,1.5850346680084781,-4.212503353903951,-0.1306157164120192,3.5519380568123538,-2.6586383748994358,-1.2520829260572963,1.678664439093902,2.4473526782413435,3.221491953460953,0.0
2016-11-30,-0.954758813542389,-0.670561801934233,-5.259741660440542,0.7527960030759395,-4.543311726576304,4.794354330688688,-2.5747268207134466,-0.45092187808365436,-0.03462961052740354,-8.93874029335634,-0.9410137694666587,0.02265364837006345,-6.09670552210857,-4.4485170090356245,0.3680893037578681,1.4343898250439135,-0.6316082359487996,0.0
2016-12-01,-0.034266766779378344,0.05584828119256091,-2.9543175886434625,0.16296381583316144,-5.709045319465089,8.341194319224133,-6.526876368222911,0.3066952835885095,-1.9742233479848048,-7.951436388508892,0.4694406340496782,-1.78650589591276,-5.896780412805125,-3.27472834957796,2.083040284751503,4.632870704566816,-2.6176726955763785,0.0
2016-12-02,-0.19195705024311893,-1.7037338598278717,-3.650472442199537,0.10087342702569391,-7.70591726782942,9.576981842731747,-5.751431066265655,-0.003579717321655629,-3.78461400814184,-6.971733884867293,1.8142813361937016,-1.5918829510890076,-6.719691814116269,-3.854078861103316,2.5872357266088164,5.2255434220238595,-2.2633520010927555,0.0
2016-12-05,-0.21194085985982714,-4.44649446494465,-3.3413401640569718,-0.12669334739577875,-6.03134343986691,9.610057837029107,-6.179213111163118,0.9020922017933142,-7.523211359912619,-6.665501878221369,0.8380906109558994,-1.9725710214622882,-9.109336311113259,-3.8313708169268046,2.720970214561902,5.02600371580324,-2.6845913501068908,0.0
2016-12-06,0.5157477331851457,-4.771866678238146,-2.1049270326339853,3.5111489795291106,-6.772291312927347,10.047049434059009,-4.228329809725162,1.300414962533969,-4.537673716888635,-5.806898942624361,2.5916600135110324,-0.7167089802062487,-8.315387035110222,-4.042763035468388,3.7951591159264497,4.655143138520068,-1.0455480785273363,0.0
2016-12-07,0.5725682259978271,-4.71554809690784,-2.004642497783371,4.765130041056342,-8.848672871423647,10.410157223002514,-8.332301184271952,-0.2579505090816281,-4.73269703712379,-5.756707475905176,2.8266814145696983,-0.13242357588545417,-7.928238975679092,-4.47857342918494,4.140097900630235,4.3740512093917605,0.4705915209741285,0.0
2016-12-08,2.860861550304361,-2.5651373369990127,1.804632117929006,9.086986919659456,-3.5474979803259976,10.807984090741684,-5.569570753434771,4.031017035418105,-2.6855436345537,-2.8154050464807456,3.2533723982176577,2.386233783692937,-3.590967870287476,-1.6155726913673174,6.244493324214595,5.75491902021148,3.4135959604389976,0.0
2016-12-09,2.982630146740939,-1.0449428708232844,3.0765104628380335,9.091799222025386,-2.9134186254091032,10.402093197282447,-4.569500359803169,3.0878015847635387,-1.3414970729652365,-3.454431848611983,2.2348576988567403,2.0404022185146697,-0.8828270938355809,-0.4891252730553797,5.879488965172963,6.09891403019196,3.0488488039885686,0.0
2016-12-12,2.206738695316801,-0.07967641999785391,2.8882808250018988,7.585194528412664,-2.9827057149911185,6.136031993213353,-5.298029119743797,4.735141044226321,-1.2951357366679406,-0.11626867006528929,2.3698998289763074,3.2659267833231143,-0.2747726735381151,-1.2118769565299004,4.040140040358864,2.7104090194022046,4.342370539553642,0.0
2016-12-13,2.4160567418697543,1.3340117641793325,3.674834326219134,3.7844137803495936,-1.430017264987793,6.391076369243143,0.1358962282664189,4.916334708518044,-1.6749653917795593,-0.3551451655864235,1.5621720488141477,0.7529852076278765,-0.2531791242303849,-0.337344402250217,3.51043357082097,3.2212609778476953,1.3521530968445328,0.0
2016-12-14,3.328328074429554,2.2069886383957904,5.30668935659051,3.607051054539201,-0.7194331592184078,7.384803971160525,1.8510727808161542,4.568873623119751,-0.4261023950143161,0.9271041628794885,0.8734939759036164,1.4651932712956173,1.1165215361572667,0.4186449225031197,4.318701237292144,4.702664490852992,2.181405456281915,0.0
2016-12-15,3.149721949292461,2.5598552637545957,6.219389090365279,4.136933357803718,-0.6613040916687685,6.692268780035415,3.41503664514875,3.786349307547887,-0.49675587996756976,3.2636834319526686,1.6206917365847895,1.2450925406618074,4.279996094894067,0.023648041469215286,3.7387534662937094,4.360457456059441,1.4243907851485993,0.0
2016-12-16,3.240939675349952,3.3819159473609695,5.3295226331137036,4.058581786770676,1.5855785532205457,7.090366650961544,7.127661669982466,2.872362463377831,-1.2727508725374315,2.33722871452422,3.0424412915851295,2.641161661571667,3.010462719269813,0.425261279390976,3.9869072233306824,5.143852389246106,3.290709485313559,0.0
2016-12-19,3.0327690697991905,0.28152903414064845,4.000677665808694,3.2036824339904735,1.9238555635988863,6.957397740423432,6.945863125638407,4.2972070249368555,-1.0081511644000174,1.8300653594771399,1.5329399598515758,2.8242607148487586,2.0816922143161554,-0.7174101587540949,4.085392742583394,4.7193827338695815,3.4567316400317516,0.0
2016-12-20,2.947345070280516,-0.19365187153880248,5.020212076741726,5.3652168091231855,4.992900796345445,4.477863638820967,7.263663877514692,5.360479157029663,-0.45107794361525233,4.728065188554087,2.564569486175605,3.032636513940168,3.0803008847258173,-0.2271035706788438,3.5121886910040923,3.55991463470009,3.5421275165905985,0.0
2016-12-21,2.7327032136105878,-0.6337714701566854,4.26187435557368,5.8743948537701485,4.354517026567839,3.6601973301447988,12.769422457515379,5.1442365001788115,2.5908192734458213,3.3067062976035677,1.850784307776343,0.9478672985781866,1.6124431074054257,0.7386407467407263,3.3495689474409396,3.8569429529109245,1.8055439008699103,0.0
2016-12-22,3.304560516794308,0.5489467547981963,4.821765231196662,5.340683572216087,4.459725193860753,5.05759892341493,13.674311832163234,4.388293905313079,4.534817041985018,3.242241778601196,1.1468304135813456,1.116776464218039,2.667457024303488,1.646290974623743,3.984303892080221,4.943095400430075,1.7944740262462844,0.0
2016-12-23,3.694686659603952,1.2910310870824393,5.7614772743677545,5.1151326599916835,5.635965183800318,4.674063981119891,18.12475126688069,5.232512910734921,6.0394600853233005,4.211905653313375,1.412310286677898,1.3013854190324636,5.252193421737905,2.3091054781402054,3.955819531972238,5.170849116161613,1.8827538619689443,0.0
2016-12-26,2.4067019790336985,-0.017747335501405725,3.4016430807257025,-0.7652211546417043,5.48356530192835,3.4801103389095145,12.517945630528416,3.1922104406971297,4.63179649272103,2.2267206477732726,0.787189464232263,1.2966734555329262,4.671355616843287,2.233082196429792,2.682268548584088,4.081407498263978,2.009217107851402,0.0
2016-12-27,2.5242357760719702,-0.4952019111214012,4.407470965223337,-1.1544677903486456,7.736136847811026,2.372235472551232,16.218617969411774,4.6354977943187325,7.069100631540137,2.146674037221308,0.5049750500492944,0.8225643330711296,5.65935230826311,3.1364538230723493,2.40652488323021,3.826810947782122,1.0451847836661976,0.0
2016-12-28,-0.323967170013828,-2.623726260795889,0.8464575908484262,-5.390966784099693,4.813637819328465,0.6097246268691681,12.657690870342497,0.20720974806749393,1.9632803679540567,0.6103671312744918,-2.9912508867344534,-3.7071078431372584,0.8596007016095752,0.11756609508517535,-1.0009394680986938,0.9631753143609423,-4.180622250918031,0.0
2016-12-29,0.08742079034320671,-1.7760910815939335,1.5748703994279634,-4.4538459655507285,5.641295953516301,1.6421518133338031,15.328374178427673,0.9662668321154477,-2.9042588434497585,3.023298816568065,-2.884929958659266,-3.873262776464348,0.41501006867352697,0.14602720114531564,-0.42782554031163267,1.425357289983209,-4.320408801185083,0.0
2017-01-02,-0.05327440263609429,-4.128653379801395,0.2883242538916919,-4.054909047541089,4.939408628211339,3.15757797218581,14.880831848371944,1.8594783476850285,-2.5508274056327496,0.47457020057304344,-1.6527446300715898,-5.138461538461536,0.046775981494628915,-1.1745619111773076,0.0508263666158415,2.4780624780624816,-5.5574322041913815,0.04960317460318553
2017-01-03,0.39244000432223647,-5.841849306788916,1.279198452989072,-2.44116708589045,5.896066872825667,3.8912169268687125,10.899078433582066,3.184149210450604,-2.9905205584467187,0.15147465027176565,-3.8675011809163995,-3.6969884579666545,1.5556196519565413,-0.7412660142769534,0.9773752491520016,3.799485697958671,-3.608914058564894,0.04960317460318553
2017-01-04,0.4305625788587397,-5.747799491894345,1.95403937784433,-2.432193396226423,6.287983046925438,2.268896413494992,6.747644160110666,3.488602576808719,-4.602385613542248,2.7197406340057517,-3.0456852791878153,-2.597059018055947,3.742201075978979,0.7030443145317866,0.7130363026714104,3.3865685674442814,-2.543922625739947,0.04960317460318553
2017-01-05,0.26023126212162406,-4.659129520077077,0.4640303174295868,-3.986066907869501,7.299773659811892,1.8668849769691631,5.068382566904162,4.450776966304915,-4.158358198093293,2.0861312561554213,-1.9660835734014448,-3.217372036339472,1.5409964985863223,0.5768757920220802,0.4237263404868852,2.854527664678197,-3.164314626408482,0.04960317460318553
2017-01-06,0.3368849890316383,-4.85206029870967,0.9007980858532605,-2.2423602114698515,6.391000012006387,1.819223417643312,3.0936554780226277,4.433052563748507,-3.819269452417995,3.4348377741526104,-2.7448885723611927,-4.215666951361063,2.7588637307590647,0.7892622524693804,0.30491516286295095,2.660323074815363,-4.4777325753697745,0.04960317460318553
2017-01-09,0.5097160013540103,-5.46043703050183,0.1693760954001533,-2.209435692717565,5.104067604819962,4.600226049213951,3.4319357354115176,3.9491279320022166,-4.924317681773704,2.5032092426187535,-1.9082140075489806,-4.855985105683935,2.550316892054294,-0.12154014148033632,0.9785031107809594,4.615712343443579,-5.192986236431696,0.04960317460318553
2017-01-10,0.15573425272044084,-5.507146409902674,0.5672266009172588,-2.0310041069110163,1.4252284246051738,3.6989984067492543,1.6468418626094827,3.7677754843712608,-5.908353879300787,0.1266624445851905,-3.3822572054210798,-4.765673085377653,2.0404819520064343,0.48871461361899016,0.7844295084434849,4.674003595387366,-4.851533344150571,0.04960317460318553
2017-01-11,1.8258454532964263,-4.986845535777784,1.9747241598968346,2.6802715975145386,3.0402416148555433,6.652701072811529,2.0461026398070903,2.5604979281337314,-3.945506670913923,0.5574536953785403,-2.0971729869820432,-2.0813771517996904,7.388100175466583,1.3946587537091881,2.7714656711572916,6.8565090147959085,-2.32577308257661,0.04960317460318553
2017-01-12,2.5253840145795348,-3.6604587597201976,3.264052821213692,2.9368667838901574,3.6785337958632924,7.261961992936272,-0.5075820349466409,3.8614540466392455,-2.8414060994232604,1.2651413189771255,-1.6784215695027194,-1.9679153930252768,7.106057914371999,1.74038046863767,3.516877184643308,6.785526874734504,-1.8438431017202772,0.04960317460318553
2017-01-13,2.008448352080161,-2.5918044935413276,2.6410311409238885,3.3327983625726088,3.3134471805811083,5.290828576500162,-1.1850214723375219,3.5512615650571844,-2.797909994943526,1.4370396982216649,-1.8825904920271919,-1.6949532542653967,8.297807551766144,1.4804626684623345,2.6963092124382415,5.3887085982979865,-1.502418797512095,0.04960317460318553
2017-01-16,1.2965280333701479,-2.114946388735628,2.8377173646828346,5.432700530186407,1.6577808369401703,2.4298435001628427,-1.5475798485347192,3.9582131494925177,-3.970720655299609,0.6930693069306937,-2.999435749710455,-1.0410383575720994,6.589679908221013,0.7796346529582499,1.8132234761669919,3.6108443801518897,-0.37602269909919883,0.04960317460318553
2017-01-17,1.4543353393693836,-2.71713843039626,2.7779887478310616,4.383852540825206,2.3974445978517833,3.052776379490729,-4.560983025988663,4.117637032028587,-5.668094633285259,0.8748985298096867,-2.235699845403749,0.37671919930450937,9.874089216067429,0.23596975038380208,2.042623634006291,3.748645855383592,1.1953068045831738,0.04960317460318553
2017-01-18,2.2746469481202736,-1.2264942082889418,2.477349470094614,5.788833936805804,2.5936023691446985,3.609594806660499,-2.8165036444651848,5.8237649126636315,-3.135311078743208,0.8149221296631648,-0.2955514929920744,2.7612381255397667,11.702950672932456,0.7990834884719966,3.060124654388674,4.333682250957427,3.6204113146627304,0.04960317460318553
2017-01-19,2.286252874470751,-1.519878680163822,1.5500616935113287,7.547919059595132,0.017405632462685894,4.293804104809573,-4.758454639835663,3.5407444496284635,-1.825763894154231,-1.3551108319124205,-0.370563194805984,3.0501540017468853,10.647323867617109,0.9006175663311966,3.3677454052284395,4.930202332004452,3.9331268998039848,0.04960317460318553
2017-01-20,1.9470328108342816,1.8731255290105775,1.6080783029877033,4.472989514356929,-1.3661139082636664,3.4538935501595924,-6.963790755780385,1.0631306943485352,-1.5063175521388361,-3.047856697264051,-1.1254019292604611,3.7648857791575896,9.241302454270638,1.3757284256405766,2.7303833981478176,4.170558856132223,4.533878905802902,0.0
2017-01-23,1.0773152247831375,2.7429254250176616,-0.24945850200460695,4.541303498309457,-3.613756915530708,4.102959229775749,-8.208345298314601,-2.2482599495891153,-2.6617529729113576,-3.1405693950177893,-0.37159879614273583,1.6324562611929938,7.496749599222419,-0.18289023728101927,1.8902336963736444,3.4334685188923464,1.937688896421208,0.0
2017-01-24,0.9835552687667448,2.887778363567506,0.1322789862884477,4.98437064447419,-4.358786323219366,5.500415692048577,-7.603428494297104,-3.277423591539652,-0.8269569661969789,-4.453796247588981,0.030797659377901354,-0.13127815124147624,4.172770370919809,-1.702059595607941,2.031643086297241,3.373899881596132,0.059767878240313266,0.0
2017-01-25,1.223830162344819,-0.1840487802496571,0.22656405105867528,5.010581325041019,-6.645234066553862,9.270329267971022,-8.731601634913899,-6.20572106928341,-1.59078483780829,-6.2708296790036755,-2.7992365718440326,1.4675580383717302,2.8041059684061675,-2.760643899503523,3.5109233245962157,4.963881745705412,2.4246617900415046,0.0
2017-01-26,1.6821855235418237,0.06705043899750684,0.5058561527631067,5.571840590121058,-5.895364059043928,8.939091692642197,-7.355354212741649,-4.771559061885378,-2.1605078902203867,-4.284587750810475,-0.9306157319826758,2.174310668068946,6.292485761528566,-2.4908562318296856,3.873827535787977,4.753903453965336,3.35072627274009,0.0
2017-01-31,0.9171311707455221,2.3529759383833504,-0.24511148555977913,5.933988458425077,-5.825153760694535,5.533668607965336,-7.153595310638949,-8.17570477357803,-1.6624743624472749,-2.07531979604616,-0.6138341731562025,2.8109028960817684,7.189292543021031,-1.36613840113321,2.253003046152058,3.567621306311164,3.9276683996704476,0.0
2017-02-01,1.728993897668607,4.053829251033503,0.948733878285335,7.849449347302517,-3.5350314778959113,5.25808183756562,-4.914456257483934,-7.602615528325741,0.14400037770592178,1.6354929068401525,-1.3567731463048571,3.6169328778506094,7.870879290540134,-0.04758686983087346,2.5946051512993007,4.396478987020602,4.705263756252842,0.0
2017-02-02,-0.20046550403098884,5.665178237333812,-1.331477311287299,-0.39814470262171664,-6.713991298374166,2.715721044479058,-4.82242738729024,-8.090511142553936,-2.5766795462082492,-0.6527181688125938,-2.196865966834005,1.7351994337770238,1.4770890769084666,-1.2244281439104276,0.3869388399731388,1.9177535891901965,2.990154711673698,0.0
2017-02-03,-0.6698161120001545,4.718408019217635,-2.7842710362476653,-1.4863243518047797,-7.445472193673641,2.101831188769121,-6.813361853183464,-8.426335600607548,-4.0735512913440015,-1.6391990076200513,-1.5920578710009403,2.0756992967203125,0.9845271663152078,-1.4412072229914918,-0.11927561065752101,2.2721688565444653,3.1611044283436307,0.0
2017-02-06,0.04189157305263258,6.84113192038982,-3.783811510446944,-3.2674623361377386,-7.543167018355912,5.168264165089864,-8.025948521188852,-9.006139551230651,-6.34117655928409,-1.779706038604556,-0.6900099869866616,3.389057404155338,4.0208069731477725,-1.3976865229135993,1.0583567737663335,3.8891690646414956,4.521280327799837,0.0
2017-02-07,0.5348396692132829,6.316516897711932,-3.83094094021621,-3.5685318712335823,-6.4633110697973395,5.8099368036926835,-6.101356373095513,-7.838623364778652,-6.032970356926814,-0.7061768123715062,2.6207023237302174,2.842178928595618,4.100629228367314,-0.9166541183556753,1.4110674189320216,4.942558479620129,3.4356896956960536,0.0
2017-02-08,-0.32772326449053146,6.136330577860383,-5.5265022756297295,-3.8844155474271336,-6.372621836256642,4.630423739559952,-5.5337431361157545,-8.503323401329354,-6.717632739996948,-1.5379113018597956,1.848923488626708,0.8905174328225574,-0.5729776002282749,-0.715697119248182,0.38117494909160055,4.960423430289418,1.2912872094603678,0.0
2017-02-09,-0.2250620611048304,4.546544459831758,-3.9623170160665078,-3.2443714916813526,-5.601310408815474,4.411666520381297,-8.24465508890887,-8.91356738096788,-6.034753922283176,1.7693551284354125,2.6434006661980813,0.866930579206926,0.23696546829299336,-0.9045102384876214,0.44845853037469574,4.300862094860491,1.3534017936976728,0.0
2017-02-10,0.11047911269350674,6.560279340293973,-2.3226258650635656,-4.676743133471484,-3.6058194305868208,2.5077644416389155,-7.590080896541496,-7.435555042670227,-3.680820500146731,3.502547307132464,3.325955981802542,2.4602413400843126,1.909447904080297,-0.3438081474974819,0.13798953767849564,2.19504061361091,3.050388815241001,0.0
2017-02-13,0.6312905146663716,4.830239242722212,-0.43918715397006647,-1.8774703557312367,-1.5302120286139198,2.2232102161891643,-4.381702095411322,-7.000490431083406,-2.329966538125683,5.66228513650151,4.276729559748427,2.820014736419041,4.279893295810977,0.33808098791621166,0.4922300408107594,2.250784636078329,3.261479504550757,0.0
2017-02-14,0.4152972666857213,4.452219381379874,0.22552243431683827,-0.10787442685362691,-0.3254553416097594,-0.946315310332535,-2.3568764288292687,-4.85555275890035,-2.600271658522113,5.603012767520887,4.827224808113173,4.048345193719638,3.94199154532644,0.7252669650440247,-0.3325138500232194,-0.5665554845882825,4.603895923965751,0.0
2017-02-15,0.8761908450158673,4.99663202463434,0.8647881094544729,0.10357275327188553,-0.3498346671778396,-1.1327237615131547,-1.1282845400182984,-2.0074004503638054,-4.303110023923262,4.542117819783442,3.2327586206896575,3.4879767921492055,5.201200916113868,1.842563700059352,-0.24147622844669092,-0.6878269391996428,3.7700727899094177,0.0
2017-02-16,0.720872400747008,6.156950014672802,-0.3412140773625838,0.9907810883785784,-0.796288017013258,-2.599236408193628,-1.539756653843516,1.569312765253339,-5.049343755063617,6.999157855338245,4.304191990026496,1.7464292966899109,5.6202616411163975,2.430958459039201,-0.6681489466828339,-0.44905715538664515,1.7192648660572685,0.0
2017-02-17,-0.14446220225668993,5.73347887742619,-0.10496945990204898,0.3775930323015819,-1.9990885978797834,-3.977633868473185,-1.4462690589866045,1.542359937981641,-4.22316570550384,4.632002929329926,3.3200899319350885,0.9957707713307506,1.643764583873475,1.5465404812741612,-1.6140339164107398,-1.237470395098772,0.9783587588352516,0.0
2017-02-20,0.8135153827923514,4.157525019245556,0.5711715498429637,1.1650980021609136,-0.9984797810884793,-1.9200583301719032,-1.494251216781739,5.6645862645357425,1.725996993475376,3.5443500502420733,3.3677482792527025,0.06717570926353389,-0.9448402057703031,1.2366265060240966,0.008431229273231367,-0.909033082558941,0.22005658597925581,0.0
2017-02-21,1.0790779050988242,3.773247240396871,-0.10211609396234556,0.07316843373446069,-2.0239898079373098,-0.7011784184216774,-3.644871849911979,5.346289710622409,1.5188659972027008,2.4270981507823475,4.769001490312963,0.7061549085562779,1.7890777518878354,0.8902981308500202,0.44902552502952275,-0.5164566829838679,0.5564679216601753,0.0
2017-02-22,1.718968039748714,1.6698144388308966,0.07093085511737929,2.5672538855872507,0.5523098826648365,-0.21376641584740508,-5.280598156251337,6.856094774189669,2.5632906382102805,4.473044730447295,6.723081230750094,1.3555061828137926,5.404297675507941,1.3342253655739267,1.0973451327433548,0.2008263226340956,0.953213339524206,0.0
2017-02-23,1.662679195045258,2.070471065798185,0.774790242829182,2.742542435508155,0.6169031462060381,-0.7062925138912157,-2.452639444420024,5.799740390855979,3.462291013791896,4.0897216466984965,5.806908006028366,0.8740440143592876,5.496439339723369,1.8034808039682382,0.8123791102514488,-0.15501481506904335,0.37014941562492076,0.0
2017-02-24,0.7922374209447192,0.8290632341021897,1.806471230528972,0.9281269809495063,0.449096285752848,-3.532669068369787,-2.509403466802429,6.759888471798092,5.210496659422037,4.101685747768857,4.680786225811362,-0.4058853373921867,0.07264495202055077,1.8413165078940974,-0.48387367760794886,-2.737864077669905,-0.8619185070819713,0.0
2017-02-27,0.4968171895856299,1.361994611028261,2.181867891296907,2.0682418892578047,1.561848207493921,-2.836069002090569,-1.502881594894756,5.599074769586609,6.130595033075292,5.491537630536558,2.127151764670776,-2.4804636052331186,0.22780207919104178,0.869094432096662,-0.8053004844166156,-3.891456687043382,-3.361670275616857,0.0
2017-02-28,1.2861487206306643,1.5960251517396884,3.3949125449509676,3.2595351987469767,-0.557738778100525,-1.4024984940190999,-1.046001239925598,6.260139326271585,6.610181930864645,7.2648020341445685,2.1497671085632275,-1.129184917787418,1.4309411609392697,0.7941798236425601,0.29835733942102927,-3.9650095766273097,-1.6358024691358053,0.0
2017-03-02,1.77987104768913,0.15727097414390823,2.114352056302793,4.181920998617694,-2.884323694652413,1.5967593487371534,0.6635800141764792,4.968000286030949,5.638517623429329,3.7860736033889175,2.6289150887221613,-0.14690083097633755,2.3526321499745873,1.01503436015562,1.8101570236242814,-0.998767380510801,-0.4290698140697491,0.0
2017-03-03,0.17686065115563032,-2.7275112064284124,-2.7746893136512796,2.100839461128845,-5.0790746936908775,1.9918361203553614,0.19174685399632185,2.0439784856868037,3.1559703646685255,2.95332688758021,3.5520913904920626,-1.541274817136895,-0.2462506626536909,-1.2501303206361336,0.5591040780712486,-0.2767903968300178,-1.9084121321432779,0.0
2017-03-06,0.13037307868086767,-4.028367624623752,-3.96758320369609,0.5068129971021573,-5.613154828430778,4.162026705742061,1.790694333678422,2.53423318263426,0.8893390090674691,2.0269682470639427,1.8035246697460927,-2.347448425624321,-2.4602929187867217,-2.376525440525523,1.0916289592760142,1.024906454630492,-2.6415544480967057,0.0
2017-03-07,0.9389897665540436,-2.5259961350878823,-3.197468630150835,-0.5196173338648191,-3.7935456294080017,5.636688856515892,2.5838188467946166,2.6695433381931144,1.4682899071098099,4.027137514134127,1.8113917722821782,-1.7434917602101696,-0.42647175118903924,-1.415456328340392,1.9517240987342754,3.060059238464552,-2.0264632256526305,0.0
2017-03-08,0.5542598831015377,-3.448046740749222,-4.16474344180322,-0.3737719788452387,-3.1691834182937417,5.431833085430449,2.3325567994326057,0.22286631485350927,0.9830794582211366,5.125954533485455,6.862511184014308,-0.4752310455083064,-1.3564273789649417,-2.1175011043336855,1.9506581558032199,3.1353851458602033,-0.23694144735080247,0.0
2017-03-09,0.4428774545594205,-2.425725125951117,-3.258770502505015,-0.8713075314446539,-2.0048721071863618,4.341421567019643,3.522856063468094,-0.779678068410472,1.5968209853970183,3.1219938784433854,8.74917827048347,0.4479630984853378,-0.6855286099223257,-2.157084867365233,1.4792498049899905,1.3855524295623756,0.5733416465613095,0.0
2017-03-10,0.8060252429610948,-2.068004009724733,-3.7747136527939373,-2.067431827563604,-1.0450190281567906,4.590434083894612,2.3108740983830867,-0.5720211032486655,1.5729845375862972,3.4995625546806686,8.90690672787433,1.0147560597332461,0.6354226892947512,-1.0352143357769128,1.7751010829304192,1.9882266027182016,1.0499574341580775,0.0
2017-03-13,1.5927921358287245,-1.5488657203172496,-2.4045137363120195,-2.48224358271506,-0.5921084958970035,4.465222283333525,3.5791455509435632,-0.5348962927134493,-0.8085106382978768,5.258050286722549,8.222354340071348,3.929378594284949,5.444279208104841,0.7026363143012304,2.465083602641549,3.806044619774851,4.474660411325071,0.0
2017-03-14,1.4670008036406612,-2.4810586463399176,-2.5300539864042793,-4.267708838293805,0.8930542947569897,4.99898462689492,4.7080140200796095,-0.7643499074199478,-0.7430398068096422,3.011891328877714,7.604314841156956,4.2846398867457,2.151341987446287,0.0018875759749237275,2.8392907904197573,3.049142356689738,5.219398291244315,0.0
2017-03-15,1.252723570096026,-1.884347723108848,-2.1830437253113955,-5.475141222695945,0.7750897151087566,4.188528763780286,4.481122672726534,-1.346719867635393,-0.4692806421735085,1.740179186767743,10.611007462686551,4.284480658946488,1.7564715031663125,0.3631184803727372,2.6177137521675498,2.353974880980414,5.297332395433152,0.0
2017-03-16,2.014110636117339,-3.0046729080008383,-1.664376151349456,-0.8283657507027087,2.1667688534641183,5.41846612802277,7.353169417784389,1.3989946323592184,0.18219697260897227,3.7732583297273914,9.953199034911787,4.288145708538704,5.513667400636102,0.27225445464615916,3.4035169675331156,2.8003276979221114,5.269698893646901,0.0
2017-03-17,3.364659140832438,-4.196612463355443,-1.415033960039258,2.1928891221212554,3.5461685987564495,8.991398448193166,9.447784954522875,0.972871525559782,0.7513216988133342,4.113266366470381,7.525253995516867,5.506212762187435,6.809037449705979,1.1875415920743038,5.314724668673865,5.0632391107770625,6.5747599637068,0.0
2017-03-20,3.427922053013166,-4.516120229762743,-1.999751824477869,2.67362162629865,2.053660952657066,8.8889933623443,6.3046502634261925,2.0560705454627515,2.167879890809843,1.8603857313534755,8.974059359663489,6.151802998244271,6.227363671917074,1.0442856201210882,5.6171500116138695,6.523425380080661,7.6003817480186475,0.0
2017-03-21,4.1469851408464375,-4.394139622934845,-0.9877290379146753,1.241954659123512,4.108933370969914,9.239113437288848,5.8210870306140805,5.157162101481827,3.099399548705395,1.083643752116492,9.254062901905758,4.3746382296629305,7.773577645234675,3.406771974907419,6.431094610049737,8.241947966898856,5.380554153422201,0.0
2017-03-22,3.1222504934249606,-2.392980652397436,-1.1263791099335174,-3.973849429162468,4.363145663093171,6.432124058462141,3.627628707407582,5.82625134117889,6.7202535069753155,1.2670068027210935,11.058570972701688,1.2230468578455111,3.3552216822972047,2.8602787423478215,4.567484048820614,6.142657668140572,1.843150942383076,0.0
2017-03-23,4.5205051112447325,-0.8558877173725166,2.435982959879457,-1.7989830238824278,6.901579895011811,5.6146046697084895,2.8812192201520093,7.814345304237036,10.208935733606928,4.601724579527011,10.879682831532978,3.0910055717697116,6.580037600214861,5.446779921297629,5.485822115141614,6.826774184123652,3.9654426477746085,0.0
2017-03-24,4.208306107545057,2.2113860724446655,3.3028455284552782,-2.436221464268462,6.4420230522138855,3.9714833372566094,-0.7207093220174099,6.1376743755995555,8.615010587404925,3.6920190995907154,11.120744465637822,3.9360448308835005,8.101378185360453,6.295741286798484,4.672970402282761,5.966098163698752,5.076577496426404,0.0
2017-03-27,2.942145603018065,1.9896152938399858,1.2930263768540895,-4.245501918622596,2.839794142693175,3.15317674282527,-1.9575245050932,3.735005296458538,9.360757643973683,0.31772575250836876,10.943592409669867,1.7059265479294483,3.8983656589837823,5.594156936235639,3.5059454457272654,5.775656600049617,2.4725906098335804,0.0
2017-03-28,3.240415956781728,3.14807036528153,3.158105979269732,-3.6806100341843617,3.8254283585795967,3.7074137804661067,-0.37251834917577664,3.8926398746428337,8.653325691724767,1.8869499874760054,6.873935977226431,1.102431510617219,5.235021355182123,5.306012712922237,3.4669128072819078,5.312336079039448,1.4867494129486847,0.0
2017-03-29,3.630694480311414,1.9590761319932648,4.087050756779176,-0.7721508066603433,3.5660128769234634,4.676586402078287,4.663423909650954,1.8227906440834163,8.866439506646827,3.171641791044766,2.472935099192175,1.0950436030467081,4.652846256006282,6.494283371122567,3.9909542084654026,7.191685591138697,1.5619735583078498,0.0
2017-03-30,3.208334326650286,1.7118815166211387,3.7546451142783877,-0.1204617632048155,2.5647050094599777,4.717266826597655,5.665312668553657,1.3792589706269842,9.093882891723926,1.7497886728655931,3.0217599562063713,0.08773469029654812,2.4338314398526517,5.6532266554374155,3.7505417449187117,5.927160884187521,0.38512971382722583,0.0
2017-03-31,2.0136098111532386,1.1286644645471133,2.965831207163938,2.190212649888723,3.2858802303452617,1.8104461628672075,4.108137634854181,2.0395320232271974,6.286026286026303,0.7711004945101019,1.8128879854969027,-1.711702013133809,0.448996231737131,4.932353858808192,1.8287431915792407,2.8833883326493615,-2.1943737353958603,0.0
2017-04-03,1.5807627777933986,2.050435623253666,2.6178584601888266,-0.08516265648899068,2.013471779782594,1.1346501246622287,6.541658392669714,1.0358951021104623,6.652422429993998,-0.092686215032034,3.483888735885432,-2.7701771131615205,0.5247190578182126,5.374771135733036,0.9696214194737429,3.5174924097982174,-3.512237672533225,0.0
2017-04-04,1.317393342709794,2.410907421344355,1.5073390704442913,-0.9911748169579959,0.16351546129529382,2.2087171428260666,3.006353264395023,-0.38277675729330163,4.20388981946771,0.160880609652847,-0.5376344086021612,-3.1890950783472816,-1.1644157177015169,4.076646211387924,0.7002892145712147,3.4130056668350006,-3.9555498458376137,0.0
2017-04-05,0.5009115939871966,3.3094317493766567,0.5580368205182928,-3.8735504574517243,0.024004704922164777,1.2222868436216006,3.0234488676640803,-3.524014385104024,4.205162834955023,-0.19181052456007652,-1.6100462656972847,-2.734151459273859,-5.559127318718382,3.618642798292271,-0.02850473824045352,2.4069460931012587,-3.3043322040858247,0.0
2017-04-06,-0.546526346912557,2.0182603378067876,-0.34132714288525046,-5.0293854231318935,-1.736545312979254,-0.09843210759057364,1.1400010190988352,-4.460866644272765,2.1893154117781144,-0.24952174997920906,1.8680961663417817,-3.7829327175396332,-5.642106372329492,2.497267455862473,-1.1948337866505732,2.237200230258929,-4.353350784009757,0.0
2017-04-07,-0.24478328797734594,2.7287579364512426,0.032842021960632906,-5.773224421985312,-0.8700387078445448,0.491387894209927,4.03524520457339,-6.277381953356642,-1.090998151982725,0.9802278820375321,1.2652798627492912,-2.9580779914756494,-4.833580552561656,3.353027789685581,-1.102302229278862,2.3004665908619826,-3.612103761215524,0.0
2017-04-10,-2.0685096264196345,1.8225124892684352,-2.5452849927708576,-5.623999076771691,-2.4284148109726567,-0.5311237024855031,2.833325439302792,-9.570425091273993,-2.2635714126733264,0.2177554438860918,0.03477981700465982,-4.084636222084759,-8.172705840347394,0.020099767939041335,-2.8351825188447477,-0.14025322582420507,-4.767946145381585,0.0
2017-04-11,-2.0499930821380907,1.271907669988681,-1.463597104076697,-2.664028807101282,-0.5782630558149648,-1.2881097358398264,5.027348738584592,-10.340425075369875,-3.945538818076477,0.49542362918801874,-5.083196196745288,-2.4534154753899196,-4.821410257102288,-0.32287144013540825,-3.2507361461024176,-1.5780703581490751,-3.043564225927642,0.0
2017-04-12,-2.016366581980189,0.7506543768685869,-1.0263201129050992,-2.7142610866598527,-1.9167585904233286,0.31633686080170254,8.15080300359381,-9.641648814759263,-6.8956032330413475,-1.9670257917074774,-6.917994558880681,-3.8733753699652596,-5.927705158862073,-1.2615482637782893,-2.782347585810341,-1.428196348280808,-4.717999401797202,0.0
2017-04-13,-0.9377809539177773,-0.0616486819091544,-1.9478603049680299,-4.148414870829686,-1.7941040722375345,1.880309744054176,7.921141507075613,-8.913413950246918,-3.2203328640023177,-1.6117095633582768,-5.409622886866061,-2.248657438113777,-5.3955338480569885,0.6257560460949163,-1.3427267187650305,0.41670762744263623,-2.9189987562189157,0.0
2017-04-14,-0.9639739105424705,-0.8860759493670822,-1.3748976066229823,-2.3126224951215413,-1.2732814900153655,1.406077705220521,6.4206110386873405,-7.7348096794135905,-4.481632888901721,-0.9084847474579161,-5.821097573674894,-1.3079563724851084,-4.146305507477443,-0.4568786632203503,-1.2317552647169827,-0.7043598291204378,-1.6728232189973546,0.0
2017-04-17,-0.8112568240335238,-0.6616559343129436,-1.6269098633963752,-3.5450532570348137,-0.8012341397495848,-0.031164914902293006,7.3651818107158595,-7.092674433434443,-2.553132257379165,-2.3518806850774454,-5.598788321930326,1.0120576328733755,-2.99964684469316,0.5744401488073425,-1.2817205687937316,-0.816096420889012,0.7298401491412365,0.0
2017-04-18,-0.8546456358618948,-0.45662417653663523,-2.7520823012137763,-4.962499715358049,-0.8797090839264166,-0.7564872990080018,3.956030848140357,-5.700900737790249,-1.6883775265048806,-1.2000657570277795,-1.9332868557944916,1.2251315760738901,-3.0108276508137077,0.5680582735377193,-1.5554698547371126,-1.7224233908014863,0.8718152866241891,0.0
2017-04-19,-1.2122108064158366,0.025217121731602177,-1.7857490262911169,-6.354522660885253,-1.2876623141751309,-2.0189615398454874,5.518764794102249,-7.154605727980279,-3.85636450067649,-0.4403090471047588,-2.3061186535242695,1.1811886395511895,-3.701748597822496,0.9266640095655587,-2.251451339945587,-1.8105343138585028,0.9604625139873146,0.0
2017-04-20,-0.5129083477222296,2.9895584677091858,-0.05830382511962107,-7.2529707085690065,-1.5840920783431467,-1.4715564875165454,2.6248060683091934,-5.852769679300285,-3.7031057359243835,0.3160608833070011,-1.2302379539200325,1.270536692223434,-2.986875517602605,1.6172919594910962,-1.340192302512866,-0.3710179771597155,1.2385884362821065,0.0
2017-04-21,-0.11395564495666477,2.6986998643718563,1.033447642732921,-3.5681525941252623,-1.8497771209267988,-1.105749036101411,1.638842293047893,-5.446734718007329,-4.187321781092345,2.51328329256979,-1.8629407850964785,1.328563014027373,-2.882119031187358,1.710657125200421,-0.7745821121453167,-0.4661337366317464,1.4770400701959563,0.0
2017-04-24,0.584887325898853,2.303772603847709,1.9510324483775765,-1.188896261888972,-0.8307536035600305,-1.0490047622182752,7.282863876939594,-3.243484684498954,-2.2519404939980503,2.4093329951813347,-1.653418124006345,3.5880340380735287,0.09500190556148702,2.146294774670654,0.23987393172735239,0.44977836614887856,4.178649295755799,0.0
2017-04-25,1.6660110604623135,2.1902206141939606,1.4935082856590842,-2.025147317928533,-1.2011471495254167,1.7929367827022702,7.124264962178639,-0.803009981013425,-2.861645409290414,2.3729946524064127,-1.252149613069653,3.2468239959905,3.4869511358119665,3.096509537104808,1.6575120641700858,2.3520064432569043,3.72115244250395,0.0
2017-04-26,2.5590523748693528,2.557775903608861,2.341015644277755,-1.0269161011248529,0.7479530338319496,2.9282283840091017,8.058606380932298,2.251951339568259,-1.525622733487897,2.8433252730759584,-3.7022271833306752,3.7593000676368504,6.0548532630544605,3.5226923563540513,2.5894658280287475,3.38869087967113,3.9470188117759486,0.0
2017-04-27,2.682957434250577,3.063594803364267,2.3713648302269075,-1.300003832935137,-1.151127244936967,4.860782913180306,5.722044859015174,1.7925018296857775,1.385918705775535,1.7257114411349805,-5.164654807285052,3.8742242810943184,6.56933488077418,2.2352665368246427,3.151220623410156,3.107821021047319,4.115544649525238,0.0
2017-04-28,3.3806461290383005,2.666165625440353,3.0739262064723105,-0.7465552268519637,-0.9858763546738647,5.919341764322761,7.025406241939658,0.2862741857417639,1.9911034189591392,1.2201236837706908,-3.327003824449737,4.9457391923145355,6.32183250803382,2.8389784062260226,3.777593758852893,4.296674910084319,5.0705527310296095,0.0
2017-05-02,4.511618052122324,3.5179371773294,3.3679677504233174,0.9115252669727791,-1.1259227147381368,7.3396786505206535,4.23562772727899,3.72865536263447,0.16285662585198146,1.1280080213903698,-0.7788204860059933,6.19774061554883,8.063519069899328,4.479471396535661,5.696988342324727,6.641271114229874,6.563706563706573,0.0
2017-05-04,5.276409054398723,4.697250661342767,4.800827170221855,-1.0841416002510873,0.6578549574933756,8.211880705438634,3.059092628280169,3.753291968492656,-0.0015150482164050239,0.8492215469153352,-1.3695198329853886,7.5858991521642105,9.870168359379461,5.794669936116681,6.4391761271844095,7.862069730920562,7.961074943018187,0.0
2017-05-08,6.708988601933341,5.15691557098763,7.415872378850197,1.494766349826926,1.8015738163238204,10.160922611508582,4.78673394770428,7.1848699311400255,0.8669377401425038,0.8859172586711095,-2.243607368710465,7.640956049728609,10.041989573059041,5.912233922357313,8.195806469090329,8.444782856987466,8.071425711654733,0.0
2017-05-10,6.33478228284492,6.129567757254817,8.146791057232662,1.7567325386730337,3.5554961284597786,8.291451751683665,5.130625797270993,7.246567557057837,-2.577713253030267,1.8756834048279991,-1.2079831932773177,7.8108488904543805,8.63708083414505,6.117541646095059,7.2247700168499795,7.309501307721056,7.984489883539947,0.0
2017-05-11,7.018958317798796,6.942479116053835,9.313418196128364,2.532775355645134,3.8468493447939123,9.572968161477856,2.4220799380869185,7.921217547000903,-2.971867622956992,3.0295401141322564,-2.796680497925319,7.500377065781816,9.533758275734595,7.3616072238037455,8.190840151774982,9.708732506291117,8.016013650981147,0.0
2017-05-12,6.402725673272935,6.316688106110102,8.319353651134808,2.1880193687090266,3.5488557936796283,9.814822659697708,-0.5445863526836625,6.946744426044593,-2.5962379212160602,1.6472545757071577,-3.5353949634976622,6.979202623403524,10.560659493699308,5.615163554138181,7.670627666057284,8.54308386905187,7.21943775734375,0.0
2017-05-15,7.119809203142546,5.740884227081922,7.680925450889875,3.3523243150102466,4.76347513832398,11.601015490100464,-1.2149544713149885,8.436470781612403,-0.9607339002905668,1.2349799732977118,-4.933235430094363,8.459855753611567,12.361244346991906,4.990172232743051,8.746438746438745,9.249995854498415,8.67804034886328,0.0
2017-05-16,6.801758834888205,3.232542110218639,6.519642350159249,3.012115686683736,4.910220406773891,12.921418079254954,0.9718537062665789,6.971135236212267,-2.1475712173634753,1.9318464472265928,-3.1220977874897637,8.53125675967985,13.941826610509667,3.3196492379170772,8.583346527842227,8.345810641086814,8.722248589358216,0.0
2017-05-17,5.913978494623651,2.949732384511372,5.205729186698571,0.6921279405121661,5.905282331511841,11.627244248461333,-0.17682886895015182,7.437312801824492,-0.5364651297665612,0.08227067050596837,-3.536271186440687,6.6289183603169155,11.94222613246707,2.692778457772338,7.5238976256552625,7.3400370095020095,6.654089533466978,0.0
2017-05-18,5.202094086689324,3.5740263025927588,4.762538554572426,0.13301936744771758,6.2639466400029375,9.920446900641622,-0.1066093479564989,8.871172978699459,-2.261947360807637,0.34670629024269317,-2.8612997090203707,3.9380081300813163,8.837827845558731,3.0797517811997244,6.315693460029936,6.648950535264819,3.6297104705655725,0.0
2017-05-19,4.170972073650914,3.857087697827599,6.522245832669693,0.7077171282602768,5.405897784687141,4.65311508824422,-1.787487586891745,10.367352672613617,-2.375104237737846,-0.5468494939601665,-0.5142857142857116,4.157784766045469,8.077752615119183,3.060473269062225,4.530540531958804,4.401318587834968,3.682331716928733,0.0
2017-05-22,4.3567468657149,4.844117420518224,7.335745726553422,4.25352524670275,5.221826328395918,5.195087278454746,-2.0298135487617164,8.162411530416346,-3.30755008866922,0.2513377655261939,1.5952308668893078,3.9216923206325083,5.938717489733603,2.7751588798100357,5.049264329883862,5.274122169290063,3.7779737484503473,0.0
2017-05-23,4.629185411820069,4.855467405656233,7.309807073333774,4.734104407897166,7.1116211645325,3.1148709077907455,-0.32860683588129547,10.393992984083722,-4.701145682228603,1.990049751243772,2.3642707606420066,5.256957738182888,6.563164208001004,4.667366360036351,4.941556290520177,5.160584561791071,5.32598949660561,0.0
2017-05-24,5.073817469529884,6.9850754463182785,8.640364478198205,4.129805624420491,8.709870291508537,1.991197979731596,0.5254663998450759,10.829120145023929,-3.4296176661034905,2.1383751651254945,3.5327966359587126,5.647143583658232,8.273009863290692,6.576422937539994,4.7771536563599115,5.510667511618084,5.876416705480536,0.0
2017-05-25,5.553077709749643,7.100252561005105,9.390150300698563,4.437595513808357,9.688459102645286,2.4638023790815478,2.1895689533737217,10.208225183134335,-2.0572383475851996,5.643228951499624,4.235313696122467,5.70411475238195,8.492571230640845,6.714657951684844,4.832740805422153,4.754966472394573,5.623596652378038,0.0
2017-05-26,5.0891470792953974,6.721845091736589,7.995832244004553,5.36637377485103,7.1338467268162065,2.169076717528662,3.102417797506174,9.624837398841922,-1.6802139280492567,5.489969454305288,7.442214884429776,5.412691829116545,7.958459559281228,5.254215135276441,4.439207857624283,4.423408360128622,5.371545599352734,0.0
2017-05-29,2.626092569654026,5.154442170567419,6.103226746521151,4.9491021511747,3.1298089443405397,-1.2348110199393858,1.292531749815784,5.757991478730284,-4.664304681316889,5.5256399635490006,6.086516285087473,2.724740234652989,3.5115395253070503,3.9470540042329416,1.5213047767367538,2.639022628791521,2.4265550327862817,0.0
2017-05-30,3.2403573379380823,5.057484919283528,4.911661500183162,4.255872094022228,3.338341628321917,-0.1341317955846244,3.5529681805438695,6.1299283753932565,0.37410742005588027,4.986789960369875,4.921794118470024,2.8179367802009248,7.665687919463093,4.582776892258633,2.174112046869281,4.097307205874068,2.4862393300448593,0.0
2017-05-31,2.221331928217163,4.343306595519825,1.6545610781963704,3.9208030637607694,2.1232383738478466,-0.4276870854477033,6.029521592057296,4.204687482717806,0.7260132805417596,4.154109310092058,8.824952332166536,0.915978513589355,3.787681215003458,2.5096688115384014,1.0043323152476358,1.8847993722365564,0.1919992222816358,0.0
2017-06-01,2.5629697028022536,5.19289002468013,3.041403877491411,2.4059121448790854,3.2518328831514953,-1.1298535574589263,7.371317003904854,6.5168362824411075,2.2710707024206966,4.075953511212949,7.225056689342413,0.9337124649605677,1.2936682886195872,3.7582312600225265,1.2698974177573374,1.919666832169753,0.4932212747684295,0.0
2017-06-02,3.539170104555467,5.42395051358775,2.4561681055019102,2.6916976953955007,3.25860119151713,0.9765954685141631,6.867575871827203,5.427771009594595,1.4923309702839616,5.118694362017817,8.77077552421548,1.747309143918363,3.2656421514818845,5.339419895878761,2.445033352814341,4.152711303591117,1.4217031299322613,0.0
2017-06-05,3.193004927396048,5.033111137779422,1.149198664410278,2.508605136210651,2.591081857791777,0.5099991797725911,7.626227132449559,4.713099923730857,2.0350467289719676,2.6435659671384393,5.91817746073815,1.361262805437069,0.2381590306927528,5.869026062629268,2.11033900180011,4.288577965861462,1.27079594509385,0.0
2017-06-07,2.9244509567917465,4.678184933303031,1.1839348972899622,3.4651062976247093,0.2407897905128742,-0.24580777394439535,8.341425009841231,2.445864532470199,0.6245204848856822,3.20591861898889,5.237412498945759,3.0185555353645643,3.3629406459869005,5.527306402791954,1.4263505048828007,4.135427672987779,2.887922562893075,0.0
2017-06-08,3.356188943598526,5.2375489623044835,1.9425126723634722,2.9167347359913443,2.6851490601978334,0.4224274814481177,6.058589699274108,1.1046359919979043,3.052751293076583,2.4021059559065527,3.6667221390136895,4.116760368288097,5.448774824196279,5.63931052225366,1.8723378484768904,5.045783278974136,3.855684408762028,0.0
2017-06-09,4.073009158917706,5.2268156667500065,0.927031802442313,3.498552860636739,2.5499210711281695,4.475691669995996,12.50220510724349,-1.4770147860582505,2.7567034485971975,1.3377102995486334,2.256502830885365,4.690887722639858,8.439890042456376,6.493639023062792,3.454281273573212,8.5919595840251,4.5807367187018055,0.0
2017-06-12,2.3367751287960425,2.9988872203195793,-1.4115892284330411,0.5007138318327886,0.48245166989433486,1.523360418593378,12.176824836465583,-1.1772933908380967,3.8296444291824105,-0.024262029923172168,1.5565999293689181,4.969547358410398,6.122154855382167,3.9360915986443867,1.5466530167763226,3.5925587375568835,5.065333316912768,0.0
2017-06-13,2.7234896657928775,2.768380609966181,-0.7966628378840657,0.7500226592948467,0.8661621572851219,2.619704248769761,14.621438052715963,-0.7069661906287661,2.7134913485135526,-0.18392642942822723,2.541448516579403,3.9791350227835975,7.48848438171128,3.824731409311144,1.8674122286189476,5.556733828207849,3.6812278056136627,0.0
2017-06-14,2.3863567711255085,2.061086330842965,-2.0375739405961935,1.5061191278789687,2.234793637965682,2.468225485044684,15.148168126514427,2.104597933107466,0.490940339573509,1.0670115592918972,-1.0127191107310862,4.3343963736285795,6.920153979883281,2.03270327032703,1.8046996342502064,4.348957681623666,4.346604100984908,0.0
2017-06-15,0.7989995433068886,0.7031877989027935,-4.021067216143259,-2.2494198896718998,0.8227574031511198,2.2084681303697007,14.93999362459184,-1.049887997990251,0.981439495830605,-3.6055060222117907,-1.772172108246195,1.78688167356722,2.868061434272584,0.6348444341441883,0.43382549803168136,5.026197847339575,1.8359261764421708,0.0
2017-06-16,0.2772470598225274,-0.32302028202808586,-4.040655707578578,-1.4650513956089295,3.2441827866554362,0.8686292846967314,13.148181891375387,-0.5444712800588003,1.7713365539452575,-3.8503678196900926,-2.332545311268719,1.312217194570131,2.2242189527095224,0.4710459870027828,-0.16060141782479054,3.469426968118916,1.539273673981123,0.0
2017-06-19,0.7620156653081134,-0.950899762486368,-5.163228153203104,-2.512229619183104,5.042354399577609,3.5316638217372187,13.718056244972022,-0.13024609657193986,0.016292836582842973,-4.215732454074416,-0.23596160984145076,1.7161859894297304,5.195004403804093,-0.37766520800320835,0.7245912151330636,4.290167795401034,1.8422067901234573,0.0
2017-06-20,1.0901658929546754,-3.5108880247433194,-4.791252344134955,-2.311050314478358,1.842428097596449,7.861014289779256,12.025008566026107,-1.7076901244106657,-1.6748890366681701,-6.5036174897766585,1.6960904581577507,1.271051795360667,3.4786208239992122,-1.7819481974559959,2.2577610536218096,4.882415728402711,1.6051597885650581,0.0
2017-06-21,0.43239697023915724,-3.924877133559135,-3.8663797936008826,-3.5704460439925922,1.8528833365540898,6.971188559847641,11.240703527998175,-2.5925434523019764,-1.0992476807335505,-5.9904590599828005,0.7034518828451963,-0.3515462074718423,2.2403208482376202,-1.5536187949981128,1.6001195606147434,5.74135513557279,-0.1528198908429368,0.0
2017-06-22,1.0986901872805932,-4.4065709614752535,-2.911516984146234,-1.561124259246538,0.7655545740753222,8.169544429856067,10.405336154596402,-3.050110079952806,-2.802055590982422,-7.0698332809059465,4.393454756932513,1.2107892107892093,5.604500849926541,-1.5307212969204786,2.645169982485296,6.523932851809677,1.6360018069273563,0.0
2017-06-23,0.2900848329482342,-4.2091569444761445,-1.787012781818531,-0.7901107112453398,1.4486044621082161,4.992960309179106,14.673679429679076,-1.0064487270287414,-1.7443356389338915,-5.92017564494628,1.8725508245009514,-0.021588946459405456,6.048660938376593,-1.6879691621018433,1.2978454486886504,5.288494234001417,0.24540024180901288,0.0
2017-06-26,0.8460622641031534,-4.947109511978265,-2.3585552675844945,-0.06740605281388978,0.5037726471784021,7.172248453858132,15.5920214793845,-1.7847554135454358,-1.2265958340012206,-5.460020603851334,2.949475589628925,-0.04719114379534428,7.007513884351524,-2.0735048554707203,2.189831343099824,7.574992719153495,-0.0694477704870855,0.0
2017-06-27,1.34780140161177,-4.550113883327523,-1.968382317076478,0.3468711761309251,2.2373974812120334,8.424915790448617,14.928482323446413,-1.371456394719761,-2.526038092623928,-6.268418956590994,5.238553186942352,-0.3429892987338756,5.171522991587141,-2.0054116863172156,3.0640792880740397,7.80161469635845,-0.4035387241968058,0.0
2017-06-28,0.8034456352043584,-5.388462088446133,-1.9891233083059845,3.508075717290371,-1.1052008135350788,6.476824949952986,14.761144291173366,-2.2018023055746627,-4.529271703390158,-5.245822622107966,4.922945205479468,1.0877858861737755,4.284944995768902,-2.5181432955043603,2.488382922648591,4.625509244750869,1.6940255774002821,0.0
2017-06-29,0.5865582842435435,-6.191993322258849,-2.651485724506375,2.7487699775459173,-0.7370786516853856,5.0844368813175445,8.31676049443153,-1.3355152311178786,-4.04528176411465,-2.26757369614512,3.988123896645801,2.0458328494561417,3.9414238261301637,-4.225093429584447,1.7749307547003657,2.479493877474437,2.6785608930109506,0.0
2017-06-30,1.4385865208853765,-4.464592895922658,-0.6414392738010699,3.506009627721274,-0.5714285714285783,6.333688537068061,8.828724594083837,-2.3681614445945742,-4.732446876479834,-1.4722536806342057,4.456451958056928,1.1257397305164174,5.176571961093757,-2.1435868099538236,2.4368547721533407,5.141108994031773,1.3374437359339852,0.0
2017-07-03,0.8329473196614368,-5.300566523748495,0.24972006308334738,5.606295735166933,0.043607088947283934,4.716575320668914,2.3416791057402575,-2.0719934407151808,-4.854148709340822,-1.8907226406024713,6.8556536538666,1.3166240605839263,2.0783670694794587,-3.0199490317658784,2.170598304050997,2.7239587818249644,1.751216937423039,0.0
2017-07-04,0.33211949558298315,-5.423157100805575,-0.2805647947075718,3.5384766391833633,-1.7467776289497472,4.30197386959954,0.856972896605579,-5.746755779783108,-2.4281375586710507,-1.8795489082620076,5.563503846672968,1.3764466146334087,2.7288311181517866,-2.237251586659794,1.618666089216103,3.0270908079276904,2.0400276375730497,0.0
2017-07-05,1.1305654944635979,-4.911868390129259,0.38532507407607053,6.703119813099345,-2.1012290207479745,4.907417442753781,6.009204569304116,-4.977203245496186,-2.013821237213831,0.06490872210953569,6.287417039143994,2.148654171775566,4.058235443490377,-1.623568890643512,2.447561077953675,3.627931703936471,2.650868203814416,0.0
2017-07-06,1.0999944957935215,-4.556927571857184,-0.6454214666627434,5.886840934510262,-3.7113872355215682,5.728283772674869,7.91977978765237,-5.52308853729484,-2.625522379020051,0.27673775028487224,2.417836587596156,1.9476862729867594,3.0167287905352502,-1.666062423782999,2.543163213445121,3.6021236578339666,2.5568920292081243,0.0
2017-07-07,0.378337340250523,-4.944147665210263,-0.09876506538545327,7.910524132499752,-2.8377861552750905,2.559054540202177,9.078080903104425,-6.480141926354587,0.601961027677822,1.237603475124982,1.4111456589332771,1.8506986338691522,2.4788684694516006,-0.6222134315688965,1.2658909717733202,0.9567360401810499,2.74528837958139,0.0
2017-07-10,0.5432144620826085,-3.9741566961892794,-0.2801860956951896,8.589613002410413,-2.231814227397444,1.095071377640533,7.762077741611462,-6.792757529089666,0.5001730158231021,4.794347716376479,0.41170608905440886,3.2299184185754504,2.076401406230133,-0.4017748551010225,0.987621870786537,0.3221918424964887,4.821735395188997,0.0
2017-07-11,1.6317925964886904,-5.045440503939192,0.059793222817705605,11.173729111266773,-3.1506344795259045,2.926168208663049,7.1370840084175935,-5.367767244197452,0.9123505666218223,3.219366109308708,0.23111480433146703,5.7980546918599885,7.689786948999777,-1.082772701409096,2.5506626721648162,1.177530733925658,7.52150041300228,0.0
2017-07-12,0.9028126410644877,-4.660832557289451,-1.2520521682282126,9.782987928267417,-2.379239812088374,3.2647006284238334,6.2230956391540415,-5.373470019720661,-0.9979932077801679,3.4188034188034067,-3.628674887949168,4.212728995578008,4.576317863688595,-2.5672065453331117,1.8478007233695193,0.5151872920468037,5.517315939313128,0.0
2017-07-13,1.2986630791221643,-5.524967185489704,-0.6659841684795609,11.073277064805298,-3.5347408487384713,5.3045003701643,3.1815915383881066,-5.958074007929037,-1.753737378405229,1.7252875479246477,-1.7658448431651097,3.8004750593824133,4.264639686671967,-2.922943580007431,2.7401250631141405,1.3647121786029226,4.917484655250659,0.0
2017-07-14,1.0872204499593918,-4.637444870377083,1.6436229205175623,10.213492385681121,-3.534581581964069,3.1193596130243417,4.878493786095728,-4.092867659795596,-1.260374325765412,1.8608549874266522,0.07240006205719851,4.634784490390098,3.4591064052215126,-2.9468247135951198,2.3462572642900525,-1.0968929638219493,5.8172973232044844,0.0
2017-07-17,1.3858985346683728,-4.173191835591994,1.9939003602657213,10.863328631582881,-3.081260698821864,3.2681637554941023,6.281460873475053,-3.8128411179068067,0.8182038626105781,3.891910265125764,-1.5991877141769306,5.091745825712435,3.7905752368240675,-1.7454539424041626,2.4873538655538985,-0.6003071338824717,6.28259071456827,0.0
2017-07-18,1.8249278087435261,-3.953080849013213,2.766065663192352,7.180518869923325,-1.8814197091426843,5.351848516297997,7.296899128490031,-4.922782576186591,2.379199227255091,3.264094955489605,-1.3540391676866603,3.5108091892624094,1.8368250221304283,-1.3498884114453102,3.0370116153730864,1.7234308254496122,4.135188400356626,0.0
2017-07-19,1.4309209153218871,-2.2179297706964696,3.822020136407911,7.009357996075227,-1.0877931721452572,4.5187071667829315,6.036339498195731,-5.18195209776856,2.3185849071463593,2.146171693735499,-0.11574967204259767,1.81514708950552,-1.3951532588248328,-1.4949515162126614,2.4613771980016574,0.6608211755660953,2.1857797901559506,0.0
2017-07-20,2.092575017037457,-3.301039521126403,3.025182951103589,7.361556799295532,-0.9340497404157766,5.70491878380428,9.115393611215449,-4.691953278161886,5.349407856844168,2.865353037766849,-0.504481434058901,2.960294313871259,0.7048305156438728,-0.20043092649196792,3.4436178732354827,1.4972586379419228,3.344013510230992,0.0
2017-07-21,2.3211720290000404,-3.055311251154469,1.1995083210684987,4.018679103914136,-1.6362295191899356,6.525474453904256,14.05630604979593,-6.2686357547210525,8.485513120043219,2.866242038216571,-0.6818973669802442,3.9326908483836798,2.5998452151688944,0.28453549580309545,3.62746183582785,2.6205245706195646,5.702725134873421,0.0
2017-07-24,2.982961705845799,-1.0475831819591552,3.057590314506564,4.550607511336513,-1.7733626845157668,6.844719070897853,14.822228366049227,-4.8588424863146855,7.232239706968913,2.665471144440823,4.625888610443396,4.029658284977433,3.2035309386743593,-0.17211416349175446,4.235256512705776,2.663469820060982,5.749830718556681,0.0
2017-07-25,2.1583938702451455,-0.16900241813736505,3.416082078889393,4.787341242122012,-0.938174946004322,3.316023374722765,6.992201033734258,-3.49564714002627,5.853385736255867,1.135165815292316,4.294525435824226,4.144041154615596,1.701433452034462,0.0008360504974547212,3.0256303998997813,-0.3201810236631575,6.170057887621749,0.0
2017-07-26,1.955766999886932,0.4179635195380005,4.481318726125982,7.135326373986661,0.5459611284700738,1.6174559613977957,3.5646615445478647,-2.0322863640681477,5.490592442854902,2.0698051948051965,5.690501825057126,4.4095238095237965,2.5861793625806984,-1.6875869350270745,2.453624618049699,-2.6578729662652956,6.4056775501739605,0.0
2017-07-27,2.6627504863711016,1.5602801861024806,5.845907975916154,7.722073269251051,0.2687869722665992,2.6098162663242386,4.415006468305305,-1.2866910191338121,4.86012584047868,1.7810880829015607,8.134171907756805,4.807306494449426,2.9545548430923496,-1.8318876154777453,3.2545251439873635,-1.1073158959698626,6.424629281837979,0.0
2017-07-28,0.7929977750724015,1.9762015074638706,5.329158872223405,6.2794220461430905,1.1225572401519557,-2.7294772676584644,2.6914801914626585,1.4365623476090716,5.994115437586078,-1.428686090376441,6.839727351074654,3.0205740990520313,-1.0590377832591757,-1.3912516211618486,0.7610665535590533,-4.00581542115056,3.667657002356317,0.0
2017-07-31,0.28005008347244953,1.6894282197758237,4.534169074850425,5.477878021268823,0.6948765816220615,-2.643042912873872,2.1582008503478356,-0.7703468287964643,3.663424334448373,-1.837524177949712,6.622104772267989,2.471694203198882,-2.453617105062955,-0.4754090040096859,0.17642924422303086,-4.0780068205206295,3.4818563875457675,0.0
2017-08-01,1.3040551558051172,2.5245621041821265,5.929391811473472,7.053885964456086,2.4648576461242744,-3.099888945134033,6.303585587172944,-0.033298886209665035,5.965680962367559,-0.43367973160951534,7.974670240159765,4.741428300814543,0.8894680445324266,0.8277280322180003,0.7040404763609454,-3.4573690197079676,6.247723132969041,0.0
2017-08-02,0.7528564135979021,2.3453727606619346,5.175507529901524,3.642267147441669,3.6446495529276035,-3.276213474056988,3.1496332853519604,-0.9872842818164695,5.053308247099397,-0.3523146251536158,10.1285117342514,3.982828072697031,-1.134932326878313,-0.15475664093057562,-0.03780361024476875,-3.580677902843332,4.971545640792163,0.0
2017-08-03,-1.1504868240682975,0.9366570487625347,2.487579379223548,3.2113410338020953,4.050889518017553,-5.501216475808324,-3.009267003445848,-2.480598278538171,4.558794756407747,-4.608294930875568,7.942741977158807,1.652597341555584,-5.485981015912489,-1.178698144104795,-1.9732474539881584,-5.581787905746016,3.0391901532050847,0.0
2017-08-04,-1.2226299946394015,0.4934676027791296,3.19472424228735,3.6868880873190735,3.800288600288604,-6.107110341250888,-5.294800056848048,-0.39805194064578275,4.264200423626896,-4.089645018812371,5.80420482393913,1.738528332959044,-5.387785720983618,-3.024625719445717,-1.9122847388219122,-6.305273649873122,2.9313572894813955,0.0
2017-08-07,-1.1248784026644199,0.39887521295010053,2.2962102220357217,5.846803799970646,1.743596830661498,-6.551456500382635,-5.257899090157158,0.4244369271691806,3.112723110712401,-3.037766830870281,6.066951014605126,2.1595647215002733,-4.368888084027523,-1.9575732507196353,-1.7709369311891265,-5.849630122899752,3.723146593968618,0.0
2017-08-08,-1.4490069713655518,-0.946713307820346,1.5365942164996094,4.423380133643673,0.6557339528283412,-5.797902492789064,-2.4797378743581677,-2.22622445221875,3.72080850998322,-4.453638354830858,4.151215492377425,1.713859910581239,-4.984894937896433,-0.9378385698808334,-1.9141966849999026,-4.3721585742862334,3.0218513478559084,0.0
2017-08-09,-3.007977590669342,-0.3862669715624656,0.6152273670227304,3.1819659654334087,0.8341533743735141,-8.889217547326822,-6.800171482020378,-1.4721558007548041,0.09885937254254795,-7.622316226354863,3.8812961676061075,0.45358610730552584,-7.581706281833611,-2.7514183863031505,-3.9543885831545555,-6.5744400527009255,1.7494179799427023,0.0
2017-08-10,-3.697460470355829,0.1566592694994151,1.4911836628093145,2.413870121168138,-0.30223838200204023,-9.260718622696784,-7.123185301384128,-1.1808232914368721,-1.4935978200357525,-8.049535603715174,-1.2453643379773394,-1.72675002281647,-10.103411074370005,-3.3713584738761293,-4.729252610844748,-6.625218397585719,-1.7754512241670795,0.0
2017-08-11,-5.377050250251891,-1.593495279734769,0.5668768456040807,0.12392112118391196,-1.0386330542409894,-11.636331473773254,-8.67588704395732,-2.0253928113635356,-3.0434750738511873,-9.186184994045266,-5.2425760723451065,-3.1498933629851233,-10.994895164647378,-4.204817462044497,-6.63488611970674,-8.48736599611819,-4.097978142669545,0.0
2017-08-14,-4.331325054305513,-1.8240336168191318,1.3835852346265387,0.06983553172101864,-2.1768753832527077,-8.637547415188562,-6.130136533657593,-2.4254204831229975,-3.7128894498172804,-8.690772067666163,-4.300970162019491,-2.215514087083792,-8.418166710360852,-4.296427586091567,-5.1635594885082625,-5.611285986719672,-3.004777607278508,0.0
2017-08-16,-3.542807382183688,-1.0975796449672504,0.2107391836517536,-3.3605653109320066,-2.6925450159869913,-5.52552052389691,-3.1856289832927986,-4.148890054983911,-2.6945357527159097,-9.622266401590451,-2.745478036175708,-2.278573383198035,-7.59363616550951,-1.912586935769811,-3.8635317546051318,-1.7162660472055724,-2.9797093917148576,0.0
2017-08-17,-3.33859956451269,-1.7283481358546626,-0.3657093497290931,-0.5514103170247142,-2.0805993920836374,-4.298668916291315,-1.5184704284822215,-4.25870214250581,-2.2251472523917015,-9.29048679605472,-6.262117099651022,-2.5340455398975448,-6.875490405877727,-3.1644660702670357,-3.451215114345796,-1.9658360317236778,-3.3366895103229433,0.0
2017-08-18,-1.7751011041278741,-1.1464753584259246,0.7790025576807524,-0.3797139902129487,0.3384438352455499,-0.34544103380911295,5.269515428423244,-5.457301381716995,-1.1361958479756518,-7.996091523491577,-6.7342947934490365,-1.8606280772280326,-3.053616529511005,-1.977111623537453,-1.6005663689721672,1.9372275925880977,-2.741816824236043,0.0
2017-08-21,-1.9856745092000305,-1.247698458330615,0.43644009302226117,0.5724639917788821,0.3124248978610966,-1.2402370624885473,4.443347909683326,-2.177545691906002,-1.391129781776279,-7.881773399014769,-7.131749040190504,-2.6106300443071606,-5.652275636173465,-2.785333016013325,-1.7602306245763977,1.0964004964832519,-4.063407497980309,0.0
2017-08-22,-2.3784957242381277,-1.7396162827193584,0.5545880353644339,-0.0012594186523440243,-0.8864969326532024,-1.26451691162629,1.251727921554835,-3.5888629811281714,-3.3056452740235054,-7.897764628533865,-6.052125666171859,-3.6315627656303584,-5.739796492396609,-2.77808465977174,-2.0509052990804855,1.6629157289322238,-5.348877078690206,0.0
2017-08-23,-2.5222130225775796,-1.0559846597731348,-0.12178712101195144,-0.8330508505465573,-1.7844023420976574,-1.7406570535972277,2.5570654882546506,-2.91050682565267,-1.742459292867482,-7.169873376089453,-8.562224078272285,-3.5647381918047394,-6.6815826554361575,-2.8938359080921794,-2.117330055781408,0.1529456193353429,-4.372858567896943,0.0
2017-08-24,-0.46127741584095494,0.9293275147243651,2.983475019119153,-0.5442839207475902,0.17131340275444717,0.8620924176500289,5.821016504837617,-3.462206273874291,-1.5808383233532841,-3.1314699792960643,-8.559938720796623,-1.440778279203958,-1.9731208991868199,-0.1855591804325818,-0.18299711815561448,3.0184576729803014,-3.2264799938459543,0.0
2017-08-25,-0.7071740174079855,0.3431860199961001,0.8859210339714041,-0.9337653677322311,-0.4303969216054804,0.3413238310571609,7.090433829713727,-3.575600036643467,-1.5039104648653545,-4.101995565410199,-6.843837620382787,-0.7707164536006506,-2.150222998324558,0.5630493429640504,-0.41605423547042,3.1503411459214536,-1.4190070238108365,0.0
2017-08-28,-1.1860343929129713,0.9688073561213262,1.7619021741988483,-2.189542134901412,1.6412740814524707,-1.1814901807723044,7.258746045160258,-2.6210780277424295,-0.6352515881289711,-4.132091447925479,-6.862936244882034,-1.5081079102456152,-2.094399469772301,0.0232470037195176,-1.4165022995477283,1.728766912373203,-3.086647696418099,0.0
2017-08-29,-1.2523332484246752,1.0883357513518765,2.225469397815205,-0.3548279246341157,1.6974396289053617,-1.9358329781717254,5.222507144881461,-1.2958810755459793,-2.678995488007596,-4.032942774664628,-6.235782810800117,-1.765567765567766,-2.774155753349572,-0.9561160668512092,-1.5400955921402004,-0.00855745140080355,-3.3229264458659813,0.0
2017-08-30,0.16466882565793206,1.590496685420395,3.3617327037569478,-0.9866495272639941,1.4093936883673885,1.893087359221024,7.383104618665648,-2.166081871345027,-1.7021435786165884,-3.3609815102816687,-6.716880156586802,-1.0855341970917198,-1.8523834127485483,0.25556301306208784,0.3447589358117398,4.256488312041995,-3.0844709428316963,0.0
2017-08-31,0.15766252590625474,0.5239536251098187,2.9700980867358284,1.26326923391471,1.2035010940919078,2.740835490098803,9.531901906449747,-4.422244771802131,-4.151639313785993,-4.567037900371229,-6.789982492197611,-0.893404409442955,-0.125863482027877,-0.03972606288809022,0.3384111256314437,4.040708411905358,-3.373044511308243,0.0
2017-09-01,1.6372736247203257,-0.45134710275651635,3.070016011461596,5.376350172161692,2.668092101481756,5.805416399031715,11.91555930535051,-2.444958826419763,-2.3149443188605345,-2.281867459346043,-4.957441320608713,-0.5194707421279476,-0.6006212984250969,0.7303989236226549,2.331472136792967,6.058473736372649,-2.7521586112462693,0.0
2017-09-04,-0.19578274541387497,-1.4976066011009204,1.7754683969438911,3.6901167715956307,2.693133669975034,3.1111524990808714,9.2391686965827,-4.068169323804294,-2.7381079392175156,-3.3102116076916266,-7.977324378846307,-2.520159404291944,-3.1678181888755153,-0.6630442378922297,0.25596007220145545,2.88212498296041,-4.998541390839928,0.0
2017-09-05,-0.9215333906807732,-2.9764094649282646,1.5593413557365876,4.904009526988085,0.786303107165498,2.610356235180533,6.687502379493782,-4.283249033025882,-3.854543801978405,-2.1645402551693893,-8.024423268528224,-4.775417242280544,-6.184058529072011,-0.3293246671996042,-0.5799069803798962,3.3017553636110364,-8.756110081914148,0.0
2017-09-06,-1.7720511333082056,-2.906730950860381,1.0514630084846655,-0.9231413765152574,-0.3149985109161313,1.7886563739247796,3.68495388775385,-5.85139429854955,-5.706764938141628,-4.945633111189052,-8.316959669079626,-5.602005125039744,-7.826428318380718,1.0738805384232775,-1.4217802570943516,3.9391865046122243,-9.430475443803555,0.0
2017-09-07,-0.5164584013534701,-2.258113694858699,1.0170987973505907,-0.4668217236268646,-1.2648834620703653,3.6803474793672297,0.9471452743220699,-4.717635798037801,-6.166690313860501,-4.283564917249305,-4.869610798060542,-3.575723412251053,-3.894830445336339,1.9167937268568913,0.1278529933642636,4.548950664762108,-6.472554022625154,0.0
2017-09-08,-0.4789808917197491,-1.8846594744974077,0.13779929937338675,-1.7209755745310806,-1.9234718324320665,5.0557193025001945,0.33201699509957106,-7.75873829308944,-6.364609723730252,-3.9750445632798614,-5.6751877338496515,-3.6924470956902544,-3.5013760441890085,1.8832786885245811,0.36875091094590307,4.435593244535818,-6.1632300059174305,0.0
2017-09-11,-0.26423374328318205,-1.170988305974796,0.9279450251496568,-2.820953391927028,-1.3263351206738272,6.121570256889908,0.7422103922550827,-8.727430855468121,-6.243817813826791,-5.451949674310697,-7.348598663420192,-3.717744205686413,-5.094318903408457,1.8810859950000758,0.8240867541240426,5.2548177440564725,-6.08811809454809,0.0
2017-09-12,-0.039300202839764875,-1.0609154754196326,1.3123846998824407,0.3251031453591402,0.6369643322641672,5.041905320910378,0.4039965529083256,-8.453578802682394,-6.000562006820031,-6.031886625332151,-6.861184330714831,-2.8101012768044,-4.044073307572438,2.5731424963165495,0.7307025465925321,5.292132501272606,-5.66472022223482,0.0
2017-09-13,-0.6591352953060903,-2.578292491434553,-0.09665997570579288,-1.0310397621045464,-0.2537361814381356,5.508303630711531,0.554449120085021,-8.95754145733163,-6.380049890484307,-5.8509217205450215,-5.664921465968586,-3.7681322599410816,-4.6342051925489685,0.9839949503246848,0.358485027836708,6.207582302644843,-6.045809155017546,0.0
2017-09-14,-0.03573665866447584,-1.3924947430607348,1.0789338044521424,-3.5779957094698167,0.02010499273987776,7.586860209215418,2.2293699365830477,-9.09619917938851,-6.6763874828122844,-5.878168074699863,-8.262667504187604,-4.328402476550631,-4.259413781960076,3.023616050953204,1.2028961816940464,7.870409435678205,-7.112687015094588,0.0
2017-09-15,0.6653166265873534,-1.3271180682884354,-1.179471985171765,-6.190308197007499,1.1169762572942998,9.882436748478597,4.041752402781751,-8.452727993046238,-6.304817112751538,-6.288641582759236,-5.419196148210181,-3.2909651763481707,-2.63773778323646,2.533334481066718,2.2303716155660958,9.406467419322805,-4.997086247086246,0.0
2017-09-18,2.2611365308659925,-2.1129707112970575,-1.3331473368052849,-7.09855831673738,0.9905085579492212,14.01137163333992,2.6495804154957447,-7.963820869181548,-5.451342819234117,-6.033796337255604,-5.564052528875063,-1.9427250354239645,1.6701004878617587,3.4869777513220512,4.60217499052451,12.32949007488411,-2.577855061990475,0.0
2017-09-19,1.8446311370026613,-2.5901782809186535,-1.512248493658741,-4.633610947371469,0.8582778492698617,12.079776335883663,-0.7966821676245295,-5.839948355011481,-7.438727355761909,-2.8877961555654807,-6.48074369189906,-2.295509595677292,1.1576556376611036,2.6220700191398327,3.9278784036854253,9.17291689988431,-2.450540844239124,0.0
2017-09-20,2.0738916464609236,-2.266686238863602,-2.8234903441594406,-5.569913315027176,1.2060810810810896,11.82248957900034,-4.1985808416793,-3.5926316881341958,-7.301348394805041,-3.320065134792838,-4.328297264189473,-1.660482027062482,0.7766478121977505,4.1227850397850485,4.496282256888762,9.650581585462703,-1.191556837376051,0.0
2017-09-21,2.070246724548186,-1.6597766397235758,-2.382480194740977,-7.857717077782212,-0.9203690433536416,12.58078201927917,-7.451430007381699,-5.380820321744784,-7.758747455672587,-5.582893441889592,-3.785822839774222,-0.9365244536940542,-0.023773792365644475,2.8900029489826062,4.764359459420042,9.39325128722679,0.22226101122941877,0.0
2017-09-22,2.5351447642349756,-1.358697532387576,-4.8632323874552625,-9.94792097809225,-1.09308766178714,13.79550991157521,-5.157396457331032,-4.265335674892922,-6.816632583503745,-5.929894660370505,-0.8768765435524628,0.47407009327857796,-0.5551797569835815,2.9908629620184035,5.7618614260766865,10.156442240351303,2.9573289556046323,0.0
2017-09-25,2.311507680669811,-3.8926807613339887,-4.721060713544956,-10.061550419826293,0.1521443197547434,13.365020282876362,-5.054355407479005,-4.128639992042382,-8.150499854258397,-9.173486824354715,-1.8332314871395972,1.115511292346305,-1.032260712526678,1.0958545834967914,5.965081252671989,9.353826121329089,4.3811154598825786,0.0
2017-09-26,2.349320205878036,-2.2155519424873593,-3.880466360456314,-6.170864840318657,1.5615843358957493,8.679136782948271,-8.173790934475733,2.1275245715445923,-6.438980036210795,-4.068265682656835,0.9249076502270137,2.437187921058892,0.7962230047680041,0.8743159966166703,4.846495652473437,5.732510477594066,4.8203796450875025,0.0
2017-09-27,1.1243761161713328,-3.2860511418374094,-3.7727143730162616,-7.069260694652546,0.9872916097294349,6.970432071264487,-8.619327741885774,0.9543302736165327,-7.510246309339053,-3.735552473416559,-0.6336611841199047,0.3585556443284066,-4.432285362755206,-0.7454584312887369,3.327701390507265,4.711096895062727,1.3121521951690696,0.0
2017-09-28,1.2552694007816667,-2.6699023521832843,-1.5487247348990096,-6.3740248384910325,3.193048576214408,4.628743322407258,-5.610347772715308,2.805499112631482,-6.152210850116346,-3.174308520512348,0.34951456310678974,1.6445498559303662,-3.1628380387078603,-0.31751752782569476,3.036947756172892,3.996136005322115,3.1021101139946605,0.0
2017-09-29,1.5001610797429343,-2.790124079375944,-1.4250474842843475,-5.018828939914021,2.5918224325907957,3.078847795233508,-3.731483948964276,6.814948245030084,-4.104853108261663,-0.6889392223480506,0.9337694651793349,1.9452674255418634,-2.2718697649148023,1.1737048921530047,2.888805697940078,3.377749814619224,2.642300923358798,0.0
2017-10-10,2.8890664434552127,-3.126258558195727,-0.8891824778136659,-3.944100061549294,2.188235559109386,6.578216444611651,-2.9692203941106055,7.1367288043054256,-6.4482507877514745,-1.7155245546234377,3.494171710378846,3.141676207478694,-0.36247913608301596,1.0174592588792608,5.112334231495774,5.94784056725397,4.244041394728293,0.0
2017-10-11,4.151378284707108,-3.0134531633176143,-1.8662559673280121,-3.3484620576428648,0.5793625890895937,9.141403812598714,-1.7549887841499912,10.269529886669693,-7.380238669688621,-1.9107075293227305,1.9813519813519864,3.96638131081688,0.19735144243662184,1.764720992559221,6.635373314666015,6.267388558659626,5.301134921498241,0.0
2017-10-12,4.083847143830499,-2.5360098245130636,-2.1626484717581773,-1.560625839529295,0.8866753026309793,7.690424444425359,-3.8412618465471726,9.390431897159868,-6.5330904675167005,0.7936507936507908,5.463467518758391,4.7780511906376555,4.453949158177917,0.9869719699960422,6.0959619952494215,4.461402738725884,5.82885588808979,0.0
2017-10-13,3.66921339273365,-2.8062143466226486,0.5867515475005414,2.7260902519447905,-0.611240211896602,5.7174033976635785,-9.082232333410523,8.261099843691454,-4.174554711478818,0.1413760603204528,3.131830128648505,4.029360336644694,3.33298568171998,0.8932619171549749,5.500244044600944,2.6681999161324077,3.745296261781461,0.0
2017-10-16,2.557263430388601,-2.00690801039648,1.7367323250394806,7.115325989658272,0.09852216748769127,1.4649201192142636,-9.853411185260818,8.400274675442443,-2.8993572217786534,0.5743338668675158,5.992404780520499,2.637182948625294,-0.5080460539207521,1.1812369226152253,3.4297261514876887,-0.32591626914759697,0.9654724788187297,0.0
2017-10-17,2.8277560480950203,-1.8875748096069733,1.4777494397591129,3.317469948049001,1.8816846403053145,3.470865256202993,-7.569562116860428,4.097101430874894,-1.1224682789641949,-2.3384275455717196,6.475433115592155,2.3513482588962242,0.5204041805802584,2.839435960055514,3.924234522833947,1.3291577301352664,0.6992925625989077,0.0
2017-10-18,2.9313489760384837,-1.0867254510499968,3.3430742050092332,2.7161197745911414,3.5484194011416337,2.8055772332344686,-4.326069784274922,5.14990221704652,-0.02427123523848218,-0.25264339852157924,6.7434912505335065,1.8733800884281004,-1.8699470714825805,3.531393390253812,3.777752974114268,0.8345794511969151,-0.08372871895059308,0.0
2017-10-19,2.7658425098691097,0.12014147413821341,3.549827645760928,5.931788416622297,5.622104192564126,-0.683638455732849,0.39337073579674975,9.31619655981837,2.850214793932082,1.5445844783473772,4.792260175443541,3.0175706646294875,0.45230487230933925,4.373408864835704,2.7401266316356088,-0.13368641353095345,0.9486101757889553,0.0
2017-10-20,4.221106789857276,0.886865597658093,6.586832872055282,8.708988957143472,7.32131020137603,0.9927252712820467,2.020548643341047,9.728828614277528,3.5550622640398766,4.324741770441154,4.143221074438008,3.4652046839481088,2.0129291015634765,6.0155062588588715,3.8135238467334576,1.9421187609273804,0.37281330656724343,0.0
2017-10-23,4.60636867753319,3.016830739917431,7.904639425143745,7.655805315710795,8.991433466590525,0.9943141363386809,3.190635154389443,10.020685943285512,3.990874081189788,5.753044855926337,4.269707430252945,4.325571475657775,4.541213063763605,6.541798175264324,3.827212020033377,2.4350518182088887,1.472897283869612,0.0
2017-10-24,4.89276929815694,2.4152060634770267,7.866707546502316,5.143799891057732,4.462245151947131,3.5080470480103543,9.038439177023182,4.906992059843196,3.224101479915431,4.606212135782295,3.4561761336648678,4.831908391040285,2.799033323542899,6.546310160427815,4.812078772973893,3.2969330551405385,3.171194978941272,0.0
2017-10-25,5.054856126478868,2.083066516775056,7.6825790856390075,7.1039183296283115,4.348071219963234,3.221096560762282,9.87402709208145,3.809843650882505,4.1146810304772075,4.82182307175103,3.537860093714462,6.448418477311124,5.234456772032647,6.810332205024849,5.034253977502345,3.352316117911447,6.343532551710984,0.0
2017-10-26,4.529442005107165,3.640124880196627,7.713687702534355,3.4538166793212532,3.65448130488204,1.2508989543490223,2.9147958920369366,9.248869457527253,1.6757763229022782,3.7480828220858964,1.7387218045112895,5.536485652576384,2.7223910419181596,7.572379238801985,4.159013074136864,2.5456552981176994,4.2661554023853965,0.0
2017-10-27,4.266497387730905,3.4068963240512895,6.2464025494517905,6.4771606454354425,3.668574116171519,2.1559976647817614,0.8426055957653666,7.186675139309795,-0.3791405020226346,3.943742278817819,1.2741323435725649,4.420481052349823,3.0144700740748265,7.585522633605257,4.1931195335277005,2.803100451678242,3.7580739870816116,0.0
2017-10-30,2.798903776383521,3.545799417025308,5.164514204158821,2.581368605935097,0.8464115676247497,0.6983055368877888,-1.231747425268781,5.720976509415654,1.586506490253825,2.963460247434546,-2.0495465006091895,2.4251204093919343,-0.37136643674912095,7.306090665944409,2.41975578939686,1.0305096776646705,1.2141127637495863,0.0
2017-10-31,2.6552380642431705,5.4984666958724615,5.357792489670543,1.7761917586857079,2.0768108029815213,-0.5113614843785808,-2.4960571206092186,7.202661061080207,3.657445576858964,3.577627772420433,-0.1224489795918382,1.7649817124636424,0.6853293065396837,8.386201093815737,2.1200253593701257,0.8739413382979899,0.14232751397449395,0.0
2017-11-01,3.301734309589599,2.983534975517954,6.215977172459541,1.3578156561045995,1.0947289189966902,3.2081706397795173,-1.6472787909125985,6.76368022547591,0.9666103676757354,0.5624296962879693,-0.7763891143212742,1.0374096196164695,-1.5390254607189124,6.196662951441456,3.537334551251048,2.9782879108718685,-0.7632465682172795,0.0
2017-11-02,2.940629522723781,1.0985479368504913,5.3123478206619,-0.5230879550129353,1.6001063782633773,4.155316108819629,1.4345947992496777,6.491182015607477,-2.240418323511373,1.1858823529411922,-0.8074684121576303,0.2585888437384609,-3.879612807720767,6.20496263875252,3.51608469506004,3.539532357288122,-0.734524946559334,0.0
2017-11-03,3.141872139674584,2.9321269939542205,4.9179484100091875,-3.5564538788532385,0.7498009378041237,3.967682275904094,3.203487189558074,7.899910954933631,-1.5697935181647638,1.3855083317730887,-2.0917856578323457,1.6431707452622124,-3.1969063745976745,6.372759029791708,3.7278574251733643,4.715334604457988,1.2971806410138509,0.0
2017-11-06,2.6179675330164187,3.1384712191365294,4.692487052402017,-3.3616128694828773,-1.575772095657102,2.5662856487268293,3.4538041747181225,9.468227832662524,-2.4425741421466807,1.791101055806954,-2.7794078420912083,1.099290119431351,-4.509349938402107,6.045006140158282,2.991989103747361,3.8824635597400903,-0.300421745912538,0.0
2017-11-07,2.5184158910311005,2.2926424725217,4.092791763963954,-1.8138722462558654,-2.755211691381898,2.6754708693104368,2.9184169798806003,7.230046948356805,-2.2527500125571254,3.0018761726078758,-3.9744102359056344,1.554578617528768,-1.6097165831925553,4.258064516129045,2.6283358354433295,3.6486851889407035,0.2700186219739109,0.0
2017-11-08,3.208171253426939,2.2346887381250236,4.347670696195749,-4.136209303306726,-3.671962766811099,6.425048027336522,-0.0456401795856487,4.3326997090021635,-4.238014047854078,2.248973497573714,-3.9997846683893057,-0.05190952910640867,-1.8390475814724194,5.70290920251344,3.838142871988115,5.5475008232934275,-2.1807391049308067,0.0
2017-11-09,2.451456895651405,3.9105031762843634,4.616349243671136,-3.4820172979531105,-2.0073692281478817,4.1375143582188745,-1.650165016501659,5.161956381468569,-5.138156986610587,0.4441565651892354,-4.400419343566031,-0.313867400254797,-2.122373581215231,3.8603725867637495,2.698064938148814,3.0150690242216838,-2.5257142857142867,0.0
2017-11-10,2.1244553322222304,4.644238314090354,3.1409627177032773,-1.5467622541469495,-4.549265368573296,2.792886202300182,0.38277258474141984,4.4499717087891355,-2.9114842796344576,0.9925093632958903,-2.6946351523703616,-0.04831995242342568,-1.6007140731924996,4.578787192022538,2.0643789667385892,1.2919564089257873,-1.9422857076871636,0.0
2017-11-13,1.600488257330901,3.46741536134616,0.9009857527528142,-2.7248636822744143,-1.7069208274666958,3.62423180908642,0.7474551623848802,6.070404851586009,-3.7427943775498407,-3.0704173561316495,-4.199524684022893,-1.6348069968263323,2.1734444784184292,3.14713393186965,1.9098069594888134,1.954070488222448,-3.349304181770363,0.0
2017-11-14,1.369709127382146,3.080240044049898,0.458369528507796,-3.399408251156266,-2.3309091302045504,3.332627696827961,1.4404272670579088,6.742751018451942,-3.3148760330578453,-4.4075872812242345,-5.639611172107218,-2.626682718616613,0.25561711142718657,3.8771066849447644,1.4937191324887245,1.9798426766088228,-5.106888361045126,0.0
2017-11-15,1.5165502311912604,1.9788586025984989,-1.5515350240363435,-3.8192607258472955,-3.344026969713443,5.141662869085617,9.136253163372077,1.376913652342182,-1.7570213340534657,-6.079645200036953,-3.2930308382013274,-1.7212710362343953,5.607954775702062,3.637309431395308,1.8298183261469703,2.87768861999127,-3.439562299058041,0.0
2017-11-16,1.5284603645714379,0.8599203245395426,-0.6235103882611615,-6.856788229500577,-2.746961922765323,4.909312015930989,9.017474558114635,0.3528553350130581,-0.9684489525460083,-6.198573779484374,-2.324754533271345,-0.455927051671734,5.059489603685807,2.6003610079847306,1.7724431869056811,2.638712105514651,-2.069043576683638,0.0
2017-11-17,1.2814107509003136,1.6666780728949337,-0.28237620739886005,-4.84282657475521,-1.8469137961181992,3.407913385385508,8.657035019376647,-0.2829073464094223,-0.9241154166595766,-4.731743666169896,-1.2908397368566416,-0.45002847118897904,5.696096753118507,2.166745543461124,1.1659288685412994,2.0872539917530464,-2.299989747445408,0.0
2017-11-20,0.1680252671958593,3.1038000279845157,0.45622188230307614,-2.682717988556904,-1.830446314548606,0.622538311302212,9.025322067049512,-3.5535030889127905,-2.2761118256278245,-5.474350619122981,-4.004903964037599,-0.5160719551754567,4.22543688930801,0.5371961775231471,-0.5468522970438094,-0.1693190572512493,-2.235033869359404,0.0
2017-11-21,-1.0080306047010157,3.8704218265811496,-0.4868989969583293,-3.4456735673681016,-1.681794790377844,-2.1860082718004326,7.218551975192122,-3.6186694258788066,-0.6339484091240633,-7.1495152870991845,-3.4706507811009035,-1.6929609429334858,1.4651135450751251,2.614430276637747,-2.1164890672571324,-0.23108123394147695,-3.7624055695452463,0.0
2017-11-22,-0.2297397068756979,4.732082984316888,-0.9055648713893749,-3.3663531616706988,-0.27702643748364064,-0.21087822693236502,8.121736120772427,-3.745265894269778,-0.43685396350376937,-7.664403311319889,-0.8437905668541745,-0.44767870302135915,8.205910295514784,1.5246601637481927,-1.098228775242771,1.4119847902560156,-2.0285904102998797,0.0
2017-11-23,-0.8139266684128343,2.1992768564443876,-1.0390332444851436,-2.8149000236830535,0.597132884020124,-0.6768802596666346,9.487823359712944,-4.2780393242868975,-2.085091301853048,-7.913204062788548,-1.4503282746744173,-1.2065320405336477,8.459419894300657,0.5142861568727675,-1.7358885982991956,-0.04339168907218083,-3.2059563473175956,0.0
2017-11-24,-0.19926178998277422,1.8480450742701215,-1.0173640828095465,-1.7068015700751449,3.7607461745278403,-0.17823606638448508,8.730590420673456,-3.5191024255456504,-0.22334938834660534,-7.066123356177078,1.6955662862159881,0.10873371297985823,9.16999658641393,-0.17408776477445542,-1.0048983356099384,0.37381736119848075,-0.8054702439589834,0.0
2017-11-27,-1.4783298761707253,2.8176733755215455,-0.684458213662309,-1.7083048301777426,2.954826732673266,-4.022782856078244,5.009398496240602,-3.4487404014549417,0.5078663617755552,-8.060109289617479,2.145791694425947,-0.14920974100137707,6.930255673974273,-1.028534530471692,-2.7409283437404452,-1.6904175702336377,-0.7301049308199414,0.0
2017-11-28,-1.497022410280524,3.746898206692384,-0.5979204892966328,-0.20531484160332125,1.4161474126153761,-4.379193927091151,5.770199927618824,-2.898224738940469,0.14567324893939304,-6.425116363968231,2.963606796388718,0.6306573675619376,5.416023995297392,-1.8750716332378237,-2.5971822161113156,-2.3830170024474406,1.1346667136994837,0.0
2017-11-29,-1.4769247658366624,0.7025729783741275,-0.15520970410808355,0.450430718422723,-0.848737760679863,-4.818888640071039,6.003359090878302,-2.5775611062149317,-0.24737008790624015,-5.269461077844307,2.257901248453509,0.8482581075324624,5.480281583528868,-0.1907686581053447,-2.5159345429480173,-1.5233389101827366,1.152538398405456,0.0
2017-11-30,-2.618218997620869,-0.8797241656345212,-0.30162168914720233,1.3444581397553668,0.05599411512831054,-8.313113306125096,2.9350547395295523,0.5654180820928278,-1.7015817999558425,-5.358798442425372,4.4955100674884285,0.8329924510058984,3.1345750685373375,-3.392283580356792,-4.037809334179377,-5.022808592261052,1.4272760460214196,0.0
2017-12-01,-2.1712411326496373,-1.3804510605958886,1.0384579482871414,0.9617005624607211,1.689181744055368,-7.7959975648716595,-0.1889255620455388,-1.7850163593929769,-0.110678312198631,-4.011760242792118,5.824147943506319,0.24010504595759485,0.3772659258714173,-0.12690256530033528,-3.8192155932262994,-2.8364629001571884,-0.3821490262890137,0.0
2017-12-04,-0.9882690054776266,-0.36603039584924835,3.6154351785723238,2.361164884788036,2.6399061760084885,-6.511503461948198,-3.513047425982607,-1.4294934755156419,-0.5154330749044922,-1.4187116564417068,8.315123307886596,1.6728485257202719,2.7183079029345913,0.8671148441987908,-2.2003305785123994,-1.7381151511638548,1.351925756251915,0.0
2017-12-05,-0.32284324431649525,0.4136804088769708,4.634244596555748,7.829253769012667,6.108235823582375,-6.044079770035915,-6.212475800720463,0.41565247838437624,2.1509440445307337,4.0334481062469285,9.898013654370242,1.035604722506256,1.308474868936682,0.7660231660231664,-1.726069990654322,-2.2564447600892046,0.5023599233608955,0.0
2017-12-06,-2.3836294130874736,-0.6170020348179928,2.264205508685846,4.293306498529836,2.6057401812688674,-8.67373016665497,-6.548607891124714,-1.3218211252804646,1.049119014531552,0.5165692007797373,8.946322067594426,-0.46905177963763034,-0.49180951656171423,-0.5969300739056216,-3.733014257246303,-4.051598762354825,-0.5443702179792509,0.0
2017-12-07,-2.841763385017293,-1.4735349355903482,-0.06638493278317004,2.9103718016094238,1.7391497984724058,-8.05814968597829,-6.195482757445337,-1.189510211832956,1.6114777027432803,-1.1732499022291787,9.462070510486953,-1.18089895933281,-0.5644519832485262,-0.12738656805145743,-3.7493396724775474,-4.301766833668575,-0.4512382817965621,0.0
2017-12-08,-2.518920586943707,-5.32882424401615,-0.5982823666941139,1.3450258322650788,0.046697798532369106,-5.111782278816257,-7.418431703622785,-3.0635230515092315,0.455434914367836,-1.5955875110804763,7.807577692635159,-0.9541277604861342,-0.8782990355554743,-0.24554278081059255,-2.5027005967876215,-2.3612819094938287,0.1723390037164263,0.0
2017-12-11,-2.339668866321576,-3.7508614255299166,0.6694204996745778,3.119513603318036,-0.7216437440837442,-6.015816983651623,-4.904179870227853,-4.933120557086901,-0.0673389046204842,0.05019576347755628,8.975879794385122,-0.3406996444063948,0.2988331506862618,-0.7724365335002426,-2.8174676810787447,-4.179624230644629,1.2763287197641526,0.0
2017-12-12,-3.1296865589980016,-3.5450088287358184,-1.2462968129342555,2.8568231608206984,-1.1757114421331205,-7.02655495369714,-6.185702897959433,-4.4421938570605395,0.5545094923042448,1.0778684396091531,3.766637573641729,-2.057849251438826,-4.745356999274497,0.3719681126091112,-3.7313923950669126,-5.009484013522236,-0.9049350527878697,0.0
2017-12-13,-2.230849575310878,-1.40758410058629,-0.18490488717333164,2.204042162266706,0.15276171354996482,-6.924520590962613,-5.9503747497788755,-3.869788110585204,1.207373510173504,3.328988268324462,6.522866894197943,-0.5405305685717399,-3.9238293939476976,1.9433635137738436,-2.9347093271760216,-3.643644212200381,1.488063877864021,0.0
2017-12-14,-2.941835375128221,-1.7570681704899394,-0.7146966630956708,1.4317701903553193,-3.495414800597141,-7.688795507882085,-2.436146716251686,-5.272274798053001,0.4425723879257992,1.0662680617837594,4.405654777963619,-0.7106038291605277,-3.397694405231033,1.7884717324667454,-3.4416691568086244,-4.2010044561621935,2.045799742960619,0.0
2017-12-15,-1.0263935465605334,-0.7520817739001373,-0.22554829008676336,1.6256437196354057,-1.9190726628743104,-3.980483506190169,0.34010561174258047,-2.2353611459931977,1.284126930024887,2.862803368003952,6.530423675843133,0.1660363435107559,-2.0492572909428963,2.469126213592232,-1.1776431871343696,-1.7447766578073343,3.1301521228207507,0.0
2017-12-18,-1.28510573982078,-1.692215110235784,-0.024940151839591973,-0.37523560078921436,1.154334778989785,-3.7509308849783207,-1.9500059158920058,-2.821420091615079,1.4639706695475319,0.8972983517019362,5.3998856302589715,-0.6488240064882356,-5.449935420529128,2.4544272354209973,-1.3691776446570825,-1.3590306632850102,1.7602195042552227,0.0
2017-12-19,-1.3677424489633494,-2.547054055131537,-1.2563309980344384,-1.5869765537012581,-1.5026633639492304,-1.928626110020537,-1.8869371052908868,-4.3914644131068385,1.794233739488571,-0.18477098123115265,5.931201363873839,-0.9880442967071357,-4.782203085755299,0.9774214100352951,-0.9679931260405006,-0.5919273570132,1.5161174411461253,0.0
2017-12-20,-0.16152675084902812,-0.8665932685358424,-0.33946480299006376,-1.0904872389791098,0.23153228284245042,0.8422214599502764,-1.5115634443265913,-6.3439870718678515,3.2572529837266995,0.5192006269592486,2.8342674139311352,-0.22865572561313607,-3.2303617848836064,2.605309961385016,0.4687899018642083,2.3099960298965883,2.6251320693378544,0.0
2017-12-21,-1.8413111363370094,-1.8215650455334575,-1.513631759376266,0.6037813180724383,-2.960330274036438,-2.823431986212954,-3.868575138025665,-6.496688553480567,1.3424951685634623,0.3853374172512636,2.8690162231279626,0.677420562146791,-4.142636507595155,-1.5504903260005198,-1.3760084789898208,-1.8457190046057725,4.516680720673638,0.0
2017-12-22,-2.443567696778559,-1.0073407155218206,-3.4511870113979604,-1.0251791488859685,-2.636685063815103,-2.8143467847200676,-1.2174640413532667,-5.671077504725897,1.301702953963546,-1.8961493582263733,1.579898865512086,-0.795946568401662,-5.0599779790994726,-1.9148035556239562,-2.237215108863677,-2.033051304523692,2.4837195214296504,0.0
2017-12-26,-3.2978503019775895,-1.8510984540276776,-3.43958258493845,-2.8622942605998847,-4.388764592986883,-5.222940811230847,-3.460765901853513,-6.346206842250302,-0.17238769572309742,-3.5082742316784765,0.13549442683300494,-0.05888631261270483,-6.445564945671478,-2.5503479140483676,-3.22567560258884,-2.911907675572789,3.4733685164950234,0.0
2017-12-27,-1.5236201538169292,-0.5416644865107179,-2.8716493496573126,-0.4541719747623518,-1.9452683539370907,-0.9492214943973343,-0.7570704266078754,-5.375378486973148,-0.9015509732845595,-1.69688742364007,-2.2103423460470784,-0.8575124745887952,-5.956694230677306,-0.4637179358368937,-1.241563355374098,0.47577130343301466,1.5107320077628383,0.0
2017-12-28,0.2238036052283121,-0.5964527119354246,1.0843415617648455,0.498902717766847,0.7419891437576487,0.7157202319968858,0.030390618548192805,-4.309210143155006,-1.6982358951839749,2.3644637910565924,-3.3231005372217792,0.8831876913884651,-4.297898997686966,-0.04483542307632815,0.23325695311537942,1.2610869490770948,2.583834053667866,0.0
2018-01-02,0.6351461038961004,2.0182192319252668,2.436934220483411,2.709353469340825,3.0028227867795687,-1.0129653053611798,2.7567779591864072,-3.3444556992194396,0.01551456645405569,5.164648183365017,-0.8976991523192868,1.3729634686968195,-3.445764530522477,0.7608889164105737,-0.2769919581515068,1.040134570844109,2.4940311783156144,0.04957858205254517
2018-01-03,0.6012567317690953,1.1190590022257751,1.0721636562743386,5.289478745912679,5.302477929711591,0.15527322044015524,0.21091187982651416,-0.05920988377771108,-0.34383261053614333,4.144089905679316,-3.2630105743313265,1.008780123295372,-4.081671945243981,-1.0176766511284407,0.26913862002810873,0.8903895401414674,2.5660809689147746,0.04957858205254517
2018-01-04,0.22186103210077857,0.8946495592214276,1.0252590052784782,6.642237554035102,3.9110658595159276,-1.2451213548260731,-1.8198362147406777,-2.1489264504339856,-1.6174196873389612,6.67729718955552,-2.9833092390589955,1.2602739726027323,-3.0262162109716106,-0.08918754757311076,-0.3691449509174105,0.48126649076516426,2.7856106280307102,0.04957858205254517
2018-01-05,0.6841224728386663,-1.1470731883795882,0.6762606840083007,6.1052595724066405,3.4035691717691163,2.2461578878234523,-2.7233848773437375,-2.69534964908692,-2.604778691735221,3.6487142163998065,-3.1834725995796287,0.5954037059707318,-2.9087653462611884,-1.398368821666407,0.6605259693388987,2.200814305503518,1.765031609062806,0.04957858205254517
2018-01-08,1.7736527528062762,-1.189446957218121,2.7228419329646814,7.601967155662037,4.037479834699775,2.358546570100706,-6.84145181315402,-0.799717173194836,-2.459999489626652,6.221652534016964,-2.8372826171218946,1.8059109281714614,-0.17469369103493282,0.9094682818219457,1.6752225438261048,3.069110924447793,4.010716616480248,0.04957858205254517
2018-01-09,1.1345368986370286,-1.9013900109884907,2.1268966246608345,9.276172185255561,4.285307828675222,0.39844579399015423,-6.6863539635816815,-2.741982481283045,-3.361012257809415,4.35285053929122,-0.17857142857142794,1.9320379408785282,-0.049367567904357035,1.1589567115645405,0.8940984053428025,2.396937996109183,3.9410430839002197,0.04957858205254517
2018-01-10,0.7200186955050203,-2.2680426140031518,2.5253279545450757,11.422451124172905,3.840323942747026,-3.5393910744407897,-4.606368163747199,-0.4403868730148197,-3.0944516172303427,7.230546157564044,-0.9946778277269752,3.261595547309848,5.455077022340515,1.7959611774452044,-0.7300989166274086,-0.12414100735166356,4.611201243059204,0.04957858205254517
2018-01-11,0.37845012971395864,0.43704346798423277,3.287007745893722,9.492763675035842,6.630910122736933,-5.19843755003393,-3.0360747541837596,-0.6731062897111673,-4.089993340695097,6.625097427903359,-0.7527774893572925,3.4611318234933908,4.562651673876661,1.730479209627278,-1.5540763436049598,-1.4432920765187096,5.164362133339417,0.04957858205254517
2018-01-12,0.9727508423092113,-0.9497983211599226,2.7937877594775173,11.121957125453076,3.9806005933678668,-4.240789123013555,-2.772788796918124,-1.4444910430771007,-4.342149313692656,6.685508235064819,-1.0770268867434818,4.073485380549302,8.87190026307685,2.8054093727064133,-0.8964396593983182,-0.5985195183162206,5.475732548930878,0.04957858205254517
2018-01-15,3.0413650337677955,0.5120308788324257,5.0569279192204775,9.272832208587811,5.061693931103806,-0.7823694602270503,0.6415142276422703,0.7563367522510855,-3.2460928229989694,7.598425196850389,-1.6677025067329598,5.1542750929368,12.35927557513461,4.859335038363155,1.315996701901967,1.9576210177547626,6.4009908865707565,0.04957858205254517
2018-01-16,3.3271325198521495,-0.15927715138414067,4.665307958141973,8.891592158583993,5.632071920462356,1.0730043960091917,0.7832759989415239,1.6919380930535688,-3.1263517697050824,6.690454950936653,-2.197575444931643,4.576268038556552,12.238171293705925,3.7388090735756663,1.910390514431648,2.57459043539221,4.902752043286984,0.04957858205254517
2018-01-17,3.6290754488452315,-0.5327108125035673,3.6478535119723876,9.271934580283725,4.647887323943656,3.538510512479509,4.662374525930457,1.3439584922202874,-3.7948666110704132,5.321442571540569,-3.357246802318159,3.704658442275832,11.24893092646293,4.584630870372108,2.7943498246545406,4.096441435330078,3.9431999460759037,0.04957858205254517
2018-01-18,3.247875173905368,0.04231569798029966,3.1039687293975105,9.532094217247922,4.61465428732295,1.5642819554562593,5.342568710744411,1.8651904124589391,-3.627018460615916,4.764253304399291,2.9278805719091583,4.844722812511648,14.457580254945412,3.4327465855003014,2.1913751619470734,1.9692896796058124,5.400052661102905,0.04957858205254517
2018-01-19,2.1386104908226677,0.6401253674305662,2.879829499599773,9.958744503045036,3.970495578682076,-2.578329624189113,1.9731388924663973,5.133199028623947,-3.9989347628129113,6.040398183048223,4.87682252388133,5.249032926761554,12.782412978786617,2.4500402153065703,0.766131424164862,-0.9367839901248676,7.133804505440544,0.04957858205254517
2018-01-22,0.9057729921561508,0.10833131250862493,2.7225627803897146,7.1234246774717125,2.3650252470760913,-4.865222689037763,-1.4410810881353098,7.121325138548973,-4.595046450300777,4.25430665270774,3.432062690928417,4.207030168834747,11.436846922048005,1.3704733664172464,-0.6720913607118129,-3.101666910672829,5.363402797602057,0.0
2018-01-23,2.0210348502825326,1.1602891108371205,3.332653444182454,4.37405267746358,2.392568762383629,-4.295213351996685,1.0902769072423268,6.476024113310563,-3.202260827351855,7.23576452452066,4.51707970529136,6.8300351396338055,18.060197312297376,3.8794208845266187,0.20493940232053642,-1.8710339483549276,8.445984453005684,0.0
2018-01-24,2.9005132862482963,1.9013752643644688,5.075768672516867,4.75581994673997,4.392233712843341,-2.8975003101681107,4.3432780897344925,8.193741557576551,-1.1384967303142202,3.8770553064275015,5.646166350582482,6.853634870876246,17.939007674067263,2.9319645701709085,1.0900391554140576,-1.5662878390017565,7.881264491838658,0.0
2018-01-25,2.590970242480539,2.5467595949522304,4.805949926168562,5.641428976527929,5.642187335370341,-3.1968492026655193,4.78579594218238,8.415192379067182,-0.6093775955376413,6.328995412414562,0.8392460023297632,5.8819190913449,16.58246598455939,3.2656941133180517,0.6381520199878921,-1.6676966176410013,5.652164055592079,0.0
2018-01-26,2.446205755029296,4.790423297966395,3.121084258252127,5.029791090640678,6.925740260843716,-2.136349355953504,8.40625865411242,4.044339031374045,0.24854145409831663,2.970388935301216,1.6861253690061417,4.990165367523858,14.580740528812907,2.791323859386674,0.2161915376455159,-1.3100991072160006,2.705737307912459,0.0
2018-01-29,3.5040613808296373,4.729715856593697,4.603697261437656,2.319474609219885,6.26036223215598,0.97873711855061,6.512039164410632,4.568577577773425,0.46139917122260954,4.771133259505356,-2.8469205213391247,5.263443191673889,17.405148271761227,2.960481949377325,1.510280171831524,-0.5085535073295011,2.5175618482481843,0.0
2018-01-30,2.7198719871987187,3.595921221355969,2.8727665064815833,0.45186732097606264,4.61374844905067,1.4600236460649896,5.059573667925954,2.4235640577489503,-1.100469776012858,2.9478049220228897,-0.7802510372902471,3.839519925257817,15.301186390447707,1.7217178353840845,1.2209143169997105,-0.19634445390119826,2.2116161726480454,0.0
2018-01-31,3.1572685507112563,2.2587543135147214,2.128105352890275,1.7657305743243201,4.265022019076237,2.3836485266031993,2.7107432466464187,4.775628078594973,-0.16611149684914173,4.047880116959068,-1.5483600983417833,3.478011437996398,15.45576858392197,3.083660456989845,1.971081019049814,0.22894937674893256,2.4038043950316945,0.0
2018-02-01,2.8889369577234536,4.775957186291913,2.735398440869541,0.9223634840757056,5.8528727402899605,2.151857831642623,2.7380848799619883,5.020091307545949,0.059496727679952954,4.97853293139674,-2.2325996274628057,2.374356242230502,11.868132887468619,4.133913585028881,1.7174969428554343,0.5257440615108022,0.391504880403315,0.0
2018-02-02,0.8651092569885721,4.105697125598606,0.3211240297717355,-0.7204526389555266,6.691607856474802,-1.8879718962513614,2.7373735696135215,5.792868737214962,-0.5711382469910098,4.125503110135398,-1.632782049931536,1.0588089724780314,5.813911275684336,2.152080344332852,-0.5710419114587917,-1.7775414717141613,-0.29796550435201574,0.0
2018-02-05,-1.1892582106006078,1.476751238827645,-1.3977166900151938,-1.0344402225940352,2.5427370583487985,-5.001446017324252,-3.5298403612876172,1.2850876411963918,0.11382042638883316,3.493125232255667,-2.6873780262672065,0.8329337382563251,3.5983286352636146,-0.9341058300305516,-2.379864563495482,-5.571326140828292,1.608079407047791,0.0
2018-02-06,-2.4695578887108716,0.296059862250897,-1.8804513855915195,-3.158475028855934,2.505272305295625,-5.3353981421043635,-5.808443237651928,-0.06340327445322202,-1.3878187167273626,1.7493253931329722,-4.184498335710895,-1.7701786158162092,2.3727533673900902,-4.020482127013247,-3.887295611161712,-6.852609406729437,-2.3118326055942218,0.0
2018-02-07,-4.740024087669581,-0.9319234066876292,-4.607317437338931,-4.5480549693472145,-0.46960247359145724,-8.185771786659124,-9.228917253106117,-0.9035748838431612,-0.4755513284326329,0.16006025797947743,-9.989275317910218,-3.5985420926304523,-2.2793781334233265,-6.0168155543878,-6.173705944144592,-8.624859074354275,-3.6386149367858556,0.0
2018-02-08,-4.469380143318558,-1.575109670340169,-5.0057713335222465,-5.572543737888768,-0.02298634402199129,-5.795938785239918,-4.19052307054587,-2.5981694715087045,-1.1579314726490209,-4.1924899744804955,-12.019982843013576,-4.665435680998852,-0.8237085187979609,-5.582311733800349,-5.816638892914083,-5.676842850924746,-6.1397619123743645,0.0
2018-02-09,-5.528933580058437,-2.5321642590165228,-6.330647209733542,-6.056631446199068,-0.3204182301108749,-6.2369392913470545,-2.3529489653711266,-5.810587619195595,-1.2817733456181313,-5.431805733065554,-11.677838559724696,-6.091190792386003,-2.979558684174888,-8.134406402037008,-6.967181175133053,-7.134470105763002,-6.640150858331884,0.0
2018-02-12,-5.961523298904037,-5.246503598151941,-6.928651173513933,-5.072982391687475,-4.24157303370788,-5.968863869469243,-3.885928357682933,-7.056157861526991,-3.32700471064461,-8.328840970350404,-12.288841608777012,-6.947353842425086,-6.071798969685627,-8.896469690508791,-6.84871383000385,-7.065110680473619,-6.826494576641728,0.0
2018-02-13,-5.626871552403467,-5.662033944501177,-7.4004784006843405,-7.319139921618478,-8.40670495934378,-3.111238516455761,-1.9331559096771977,-8.786030723203487,-6.037992458029007,-8.55292742153071,-12.027491408934699,-6.525801100148431,-8.25821940760033,-8.691881546386359,-5.505454775813446,-4.883326859791614,-6.170199182839631,0.0
2018-02-14,-5.479601753160335,-7.995235514156285,-7.6688699952460855,-7.316056123077752,-9.087917019897274,-2.8675258291909977,-2.922009601906128,-8.221882417381787,-7.302827184602667,-9.800123271990834,-8.910709128619809,-6.617442184452493,-8.499448852687996,-8.868878380485057,-5.180843293046333,-5.887331260840778,-5.536480686695278,0.0
2018-02-19,-5.124361105501096,-8.12860215904323,-5.129095896440328,-7.130204988969391,-7.0691419092742125,-4.256109616999549,-1.5892631336935303,-3.7046442407634883,-7.462115280894965,-4.327053096547385,-8.651758859683545,-5.280321953927292,-7.875385466909135,-9.354444379765992,-5.129167113302612,-6.324565007199734,-3.3654155323572854,0.0
2018-02-20,-7.046058987218029,-9.415619070854575,-7.462137090724042,-6.692527431364637,-8.5212908832359,-6.5314825795478875,-0.04775732866658666,-5.737791187201802,-6.208079862735927,-6.984937901876165,-8.291245791245805,-7.312425974560998,-11.405780290158152,-10.608475427373754,-6.919603250647654,-7.889733446554703,-5.009363295880154,0.0
2018-02-21,-5.377880938101198,-7.003326437150559,-5.936916469563047,-4.951104553888164,-7.3644028943329225,-4.071907907454763,2.7426503608921626,-3.8575945113577204,-5.483969732755989,-8.40630472854642,-8.097943295986543,-6.1372091011333225,-9.060721259281056,-8.277917235507404,-4.961777008510026,-5.12639737917524,-4.64594441535684,0.0
2018-02-22,-5.929568354854542,-6.415258006625257,-6.024520911993758,-5.3667730027405325,-7.757749241840395,-5.211208798816191,3.764776650277213,-6.0822630391750625,-6.0181353992428965,-9.115658206726973,-8.562244301578026,-6.5472374781267995,-10.733118301945677,-8.435688605180136,-5.744472054163074,-5.531725888324868,-5.648974745011559,0.0
2018-02-23,-4.555895567131518,-5.856645460891863,-3.9439571783717486,-7.11815688351648,-7.039129483379414,-4.000784308202798,5.918489661372495,-3.8690183321080984,-5.415355019237477,-8.266620257570478,-7.333762679117706,-4.737453813728387,-9.446517412935318,-7.529720662242001,-4.350468951916097,-4.316076064245166,-3.445696885517391,0.0
2018-02-26,-2.68235797243197,-4.762493078092356,-1.744794067255151,-3.128216362068492,-6.487089576028049,-0.01982945541668668,6.006543893228478,-4.440426417827881,-4.4632001832502155,-7.678116489501885,-7.7318483615335225,-3.877772336108598,-7.191011235955069,-7.083826138379656,-2.1506019110330454,-2.3553509641825454,-3.903337760829506,0.0
2018-02-27,-1.4291160830741445,-3.040890298337451,0.08391776059462064,-0.8505625650649606,-3.8984003679664703,0.5539708506083763,10.272749231967836,-1.9591410956656174,-6.291486291486292,-6.517055655296233,-6.414807989376414,-3.980555164153876,-5.636969702272121,-4.1327866724692015,-1.4930352823421367,0.3401390751414324,-5.228862725023465,0.0
2018-02-28,-1.0577546253836556,-3.911156567259244,-0.35974173397812503,-2.3444504532710964,-5.080382527784955,0.3951587769998488,12.32845214848779,-0.8876160660286736,-5.699546273851707,-6.8404206675811485,-5.665839536807282,-2.3660189787618635,-5.6837521384611955,-3.75645334398772,-0.9687044814956081,0.11058351989599036,-2.205011893566422,0.0
2018-03-02,0.23366825783623923,-4.469661827052452,3.089745705472935,-3.6343191559094157,-4.125493023453064,1.4865259232259564,13.225761772853195,-2.0737285530906924,-4.512084025507745,-5.893965031020865,-4.595744680851066,-1.665406392357216,-4.462873761701358,-2.6430768001917126,-0.003860612582695655,1.0852115841520682,-1.6377736197840331,0.0
2018-03-05,-1.352372882763886,-4.932092369180685,-0.012976704287881446,-4.005159496858091,-6.705195063070213,-0.8051033161815879,12.339615753822851,-4.745347669228339,-4.102954090732136,-5.422374429223742,-3.43275021508459,-2.5806094591603324,-7.91025560227242,-3.915987751545047,-1.5236529206152372,-0.8546157848304481,-2.743272396956975,0.0
2018-03-06,2.0154245125371784,-4.326275398808899,1.1123219784857197,-2.0286393968779737,-4.312058537410646,5.681951194006518,14.350076784606468,0.24805708978932195,-4.299687977527045,-2.0658364707018095,-2.5385286420471,-0.062223060243238315,-1.7836628574883773,1.1136408631954087,3.0319455599958633,5.36809174286339,-0.9286667827500095,0.0
2018-03-07,0.6891983667172585,-3.8202745726470533,0.7575603333604741,-3.4572084201225706,-4.041589257195,6.099224625429955,13.76697189769498,-0.8319498361404443,-4.160374998842031,-1.2349309026756905,-2.6916445041938353,-2.4390697674418593,-6.022635225334083,-0.1666954072541249,2.155739815125157,4.287498966591041,-5.054766551230139,0.0
2018-03-08,1.581920432199535,-1.7351498689224032,2.5655500869895542,-0.45769585253455647,0.2651013065707142,3.7591472263158288,10.425386677322134,3.1519058402033506,-3.0715440430091445,1.1605035405192643,-3.5097947761194126,-1.2143177402480942,-3.441308649738317,1.0455985785754685,1.8522065583818526,3.16990208484782,-3.688835969836135,0.0
2018-03-09,1.553370798115461,2.840185903077308,4.122924773573056,-4.008160217120061,0.9467598433403168,2.647905139733542,12.334637227341094,1.7456824200827947,-0.09489466691972037,5.046856696602897,-3.3030696065715515,-0.14359242130389527,-0.08782255246364556,2.192082111436955,1.113957313269176,3.7826648266037433,-2.7158109950022657,0.0
2018-03-12,1.6906689809318642,1.9004340910993456,2.561115842565176,-2.732822543472191,-1.0934159897392104,3.9643984649571973,9.507863732084743,1.5583698751954866,1.1139730766338118,2.8361443512673112,-3.046353823689407,-0.027470514980587613,0.4350202602893871,1.7740174672489006,1.5827731013313695,4.526889341720564,-2.720658370488671,0.0
2018-03-13,3.286379144721585,0.9926823344387214,3.066682713845381,-3.4096025837391575,-0.3292492038646344,9.561355880928657,10.143180105501148,2.258530745420595,-1.7074117190531646,1.1553030303030232,-3.2411656723267623,-0.4333574087449388,0.3877237710170567,3.331379445095739,4.031777651751622,8.918099726579353,-3.9204265424078177,0.0
2018-03-14,2.32255674685653,-1.3489776281540466,1.5419686444869685,-5.739985599380548,-0.2722039916079444,9.933431288818362,9.057651984974125,0.49235332733594817,-2.3684356662902917,0.4493307839388061,-4.244054603210934,-1.5429140244801687,-1.9214901463797118,0.7338113376652355,3.297636211868271,7.614949561471818,-4.7725770122928335,0.0
2018-03-15,3.2349188992163214,0.7713115606881704,2.928075429062793,-5.283054030943724,0.16275688461622195,10.649016159788015,9.188920114428289,1.7014471797762498,-1.8406804428873769,2.396366798724525,-1.6299137104506256,-1.0307749351130768,-0.03729847169513523,1.8759065011659137,4.193272615255306,8.406657621472036,-4.621867625575904,0.0
2018-03-16,1.73157877561676,-0.6945784294809965,0.07094026014691224,-5.441644388911493,-0.4012368795540344,8.851806923011818,8.41610952905214,0.39079200110794243,-3.8597723889911006,1.1288180610889764,-0.5907392928503064,-2.074076771796929,-0.8433486711077576,0.27684444654771934,2.7242043223853596,6.726663137462507,-5.0580945003873,0.0
2018-03-19,0.7071796228104166,-1.8133634788410014,-1.4990100419276398,-6.1783122842974825,0.41226350775525056,7.976064706429242,6.649505602762051,-3.1294766497946602,-4.8607524898561465,1.465410600437722,-0.2205199628597887,-2.5584569192976025,-2.0299244034526653,-0.5362100925240809,1.664027218428843,6.173441782492617,-4.298198680221155,0.0
2018-03-20,1.1961858851694096,-1.1361442279732459,-1.7196809914064581,-7.559253370350816,-0.8732091766732952,8.459672341112778,7.686469542896623,-1.4095030873975678,-4.172616214501035,2.957557134626465,-2.664195528784896,-1.8214836011446134,-0.9123275478415627,0.8561371093625647,2.3144228055320237,6.569514267506915,-3.2622517301524767,0.0
2018-03-21,2.3733603585788465,0.27821533534333476,-0.10075550162904623,-3.9717136314866175,1.9856008539281822,9.216164632319357,5.825580862471935,0.17348959361558336,-3.3435652141162286,4.859134190635106,-2.285547274587163,-0.8756664691943139,-0.14463802802303638,2.9629147266629907,3.4053045448487307,8.116881653043118,-2.7378043261833573,0.0
2018-03-22,3.9073167482599036,2.551868422832748,0.591803863063256,-1.9305062834465758,3.4437379043406047,12.063893144184545,5.412298621389855,2.3718090736774666,-2.72274912546534,5.943462191589255,-0.23193577163247436,1.0821861285119638,2.207012019653831,4.151420179512022,5.3664586681337445,9.306314318383935,-0.17647395863175097,0.0
2018-03-23,1.7557451180180816,0.516996409003756,-0.14545908099524718,-5.356760434453845,1.911034938557865,8.584846777643484,0.057167099431620905,2.1620441144354574,-3.766816143497753,2.9672098169382544,-1.4046862471416288,-1.166379489898317,-0.5973505401574042,2.0452824536732583,2.9880186311750156,5.250837341315839,-1.7535666752282464,0.0
2018-03-26,1.0645224163456257,1.405417740940873,0.9229118825323956,-3.920997149810923,3.1482750237584733,5.694455376519425,-1.300283714435646,-0.5649751947244597,-2.9324587906834454,2.7106949236076927,-1.208342035385035,-1.32636504282857,-2.5547894607239496,1.2335405550932377,1.5820787021980642,3.0131776892500683,-1.8724002577772625,0.0
2018-03-27,2.0917470917887204,4.039251483340922,2.3488819699018615,-0.4974992672711176,6.974400778959056,2.585443316189706,-0.516893031195631,4.160417224189561,-1.192777605938744,5.398432073037607,0.8289283998077934,0.34516295123858676,-0.9370455617939477,2.846778969533448,1.31046517709823,2.407282624492968,0.2304913981560741,0.0
2018-03-28,-0.5667713350979042,2.1723517985646312,0.10708031023267672,-4.664667964156677,4.29706160084431,-0.8983520616745344,0.7288374785902052,3.2934644359651877,0.8242184469785085,3.626288158662261,0.65256797583082,-1.8514315972616102,-3.3934907417604743,0.33628289900169417,-1.3935119887165004,-0.5010656343786724,-2.6515329910987706,0.0
2018-03-29,-0.9384211917298546,0.043612737748333075,-1.6757159899665863,-1.9058823529411684,0.5336028516779834,-1.6054671650218122,0.7516498000647021,-0.2474612310737978,0.9469984802431552,-1.1430164482854832,0.2742257593370878,-2.155116066259566,-5.110611018302469,-0.5117535930363348,-1.2746266563836484,-1.6141416481145532,-2.402830155635216,0.0
2018-03-30,-1.5405858010079987,0.3086412509007097,-1.4989103093299816,-5.449053421470451,0.5867923101029904,-1.587625353949207,1.2231509767725912,-3.4149375588782283,-1.2690473312817696,-1.2827560930914528,0.5847089743968414,-3.726025389730536,-6.631074249320845,-0.044168914548925464,-2.0132175331596724,-1.812179234528044,-4.688230398248749,0.0
2018-04-02,-2.0176468937538328,3.520243064402062,0.09941905537300677,-5.28323928842892,-0.4353947795949331,-6.013340311892124,-0.7418276677264246,-2.1115910028389084,0.6260222209689248,-1.1233851338700473,1.1146024782119124,-2.3175790041478406,-5.490291529658142,-0.1567867385206867,-3.3693247149473304,-4.435608734965868,-3.5755922402536777,0.0
2018-04-03,-1.7557761616681766,6.13255815625442,1.4867841409691662,-3.6980880032858265,-0.7249816596901493,-6.816124432550163,-3.2876489534414355,-0.7330970325296615,5.506839705366562,2.2841914913867,2.6031081888822305,-2.9357248506862055,-6.127931730080971,0.5076222781833728,-3.524318070164978,-4.480611308209492,-5.150623676159094,0.0
2018-04-04,-3.3831117245363918,1.649310851334418,-0.48198193822470703,-4.523525224681279,-2.3810555507409625,-8.853691023220723,-5.9003953025362765,0.5313541095601559,5.960549294296147,-0.10380296310276149,0.8181227479473252,-4.072381237824063,-7.006333777972628,-3.347648937341696,-5.1887808656830074,-7.599020227429499,-5.631678782237826,0.0
2018-04-05,-2.263459464227713,0.9190053394069864,1.3835766679106243,-4.630075999546723,-2.338697548503532,-5.336208393482389,-6.970253105312574,0.35148330754188883,6.435110393107157,0.33767939217710374,-1.1011098488158733,-4.431262435613725,-6.251010052037886,-2.6845056907115805,-3.676632327602014,-5.72525710128634,-6.385855312998978,0.0
2018-04-06,-1.836341377680284,1.6821750783284628,0.9306320316746719,-5.34675170152612,-5.17085901611517,-5.380091142347698,-6.9959047804253105,2.467758929836772,6.044451337126455,1.5286504736003126,-1.3667558450622286,-3.914172066705268,-4.825982577033194,-1.8508594418627067,-3.352161894812744,-5.601874671055384,-6.138184867685414,0.0
2018-04-09,-1.6672567511023861,1.0779051791685035,1.1535579290637532,-6.5506574599921485,-5.467811158798286,-4.750742206186487,-6.137370287816369,0.18067723648709233,7.3266458901441345,5.073680283529192,1.9606093062001673,-4.450423182557028,-5.983793697133022,-2.948538759781749,-3.2795402298850584,-5.670790198203579,-6.885280227066504,0.0
2018-04-10,-1.3774814182867412,1.9558459774254189,1.1242602575152638,-5.518880630707546,-5.606937650853327,-5.050240033982689,-5.254588129325044,-1.3054877065579062,7.921833750596674,4.868002246770264,2.1954356474142456,-3.6867564387501495,-5.07957177973738,-2.882395724630804,-3.0754287923843826,-5.797331109257719,-5.611129204857401,0.0
2018-04-11,-2.0753038837829862,1.4803472361276437,0.032812166751439165,-4.373867159208933,-3.179422486877137,-5.871941589742125,-4.084782444719092,-1.1367871785314954,6.217128352066781,4.6954554026023,1.5528135431569057,-4.694313016049733,-6.320766570953884,-4.189182802136349,-3.9627541416093703,-6.47120357993839,-7.237891885066183,0.0
2018-04-12,1.0737516344196285,3.63739341115763,3.2231601654876263,-0.5941295911379152,-0.5924574342965783,-0.7672211685227803,-2.877470688530104,0.05619006901607104,7.898170402707594,9.46566376868223,2.018072289156625,-1.5479816847711603,-1.1595884886991703,-1.4237138873259947,-0.46506556428903556,-1.3045570619068525,-3.5328928605380727,0.0
2018-04-13,0.7381784758809795,2.5695782808029755,1.8508676357258613,-1.6948084181000134,-2.76721339575543,-0.6661897023583219,-1.4495757302695922,-0.261107808104144,8.542075038661956,7.1785028790787075,-0.3473061125875754,-1.045909099600384,-0.48110333030416674,-2.1992811437228976,-0.5654425612052871,-1.975152140676073,-1.7158823599651374,0.0
2018-04-16,0.22144645726449586,1.7026465434081928,0.16288091924068215,-5.85655265728392,-3.4006117502619504,0.9049407784686769,-1.3955427827459066,-3.138630307230861,5.89696934123769,4.830053667262968,-1.1527463362325796,-1.6704675028506366,-0.9886840877274872,-3.745291393747441,-0.7927232790301608,-2.015249841953848,-2.4714919039377947,0.0
2018-04-17,1.4252115290023015,2.0650727905725974,2.294265834932818,-2.630980892610546,-1.2877730792582254,2.6983315329476065,-0.09519789486919228,-3.185493896591318,5.765642732116416,3.5932076179754135,-0.5462840677152303,-0.8034836894737829,0.5075487970498838,-2.4858063526162377,0.5711942632642852,-0.3956145795993904,-0.9663763909046885,0.0
2018-04-18,1.789958011303705,2.663223155101768,2.846709876594433,-0.3197564202756298,1.7198698476871943,4.450376728524708,-1.4856021520900708,0.6474454387866979,3.935000047046855,8.009024252679087,-1.0612050771380277,-0.9791384345236964,1.1120918773158461,-2.8331290211442983,1.2371104735391825,0.408084965382538,-1.2465456807550956,0.0
2018-04-19,1.6456446634094402,0.7796413462618279,0.7739808595960351,3.7998962068128472,3.107004727116469,6.4763350594444935,-2.713565191427836,1.8706898168699526,4.577385212249041,13.736773714497886,-3.0827045594668423,-1.385215488535818,0.9056356550684264,-5.687682474552192,1.6842453767204058,-0.07510261866429113,-0.9019462420900348,0.0
2018-04-20,1.3161986122021574,0.1690607353566742,-0.4593361903450166,3.751764105929367,4.4393438343051095,5.2903498800189075,-2.9296508353670037,1.5479856975540773,5.999887904943391,17.364135580382502,-2.1606566989152753,-1.2548317687605781,1.48012808987672,-5.157624778062731,0.9765902777119306,-1.5134626019632114,0.015717757438737934,0.0
2018-04-23,1.2970689026911897,-0.7650083207073832,-1.8208991642774452,5.099470262556838,3.7730928059117597,6.1485588084084775,-2.194901486190637,-0.478935374191114,4.846535365152382,16.84190937005676,-2.0302350645189593,0.9933838705322051,2.5430526534694797,-5.659974707556126,1.360142772159434,-1.731989645290588,4.586677915214077,0.0
2018-04-24,2.328845626770093,2.711636700237996,-0.0808549475256326,7.22576578287546,6.300907739086048,6.000521622143018,0.4415539017726511,-1.6024162087335925,5.833295807628214,19.799735499716608,-1.904203896294121,3.286467486818956,6.732736829434649,-2.0125653086801587,2.0498639064411295,-0.28207420652659465,6.900383285266609,0.0
2018-04-25,0.463175686763595,2.8360552690970264,-3.883835355728904,6.650636184584147,2.3232023232023336,2.3385152497937156,-0.9003927212410945,-2.4995816099648516,4.993494994759851,16.471908011592042,-0.4123589879532208,2.0196910145153124,3.4432487009629087,-2.477288157511892,-0.04043902508645836,-2.336053175024233,5.672310756972099,0.0
2018-04-26,1.8958009203236648,1.306306933403878,-1.9176450680759016,7.08163657124381,4.888963472618446,6.3571216638485195,0.4504739970419447,-2.8990126159063823,4.1286961290617485,15.980048032514315,-1.633351023055607,2.301129185858941,4.969596653897446,-2.631428827551363,1.9470457132471752,0.037169621799093555,5.756583029310303,0.0
2018-04-27,1.9770220287388396,2.258992671775628,-1.7731275919168787,7.034649558809969,6.586534096068286,6.45773663551219,0.34918503143885893,-1.1093425647419108,5.4136457265228755,10.234333392508432,-1.558168714073116,2.7003773880057036,7.4161250833524095,-2.1626459460558856,2.369668246445489,0.41469116073902246,6.461204042624957,0.0
2018-04-30,2.6375706929335774,3.445086597741698,0.8290133486305029,11.279943621363664,9.109114771904414,6.757041257393226,-0.3440164299077897,-0.0847144819406842,7.629191677573677,22.156757721835383,-1.033160652091203,2.7380790785161313,7.494246474567667,-1.2601142894355544,2.8590832886106865,0.4484324783752047,6.055602109725444,0.0
2018-05-02,2.5116397051001993,4.147138091689695,0.9764977941055797,10.91706906569958,7.44437696681941,6.45529465539374,-2.3701355659469847,0.4153111793499864,9.706795571608318,25.05403458213258,-0.272943386258917,3.222038352964085,4.978216267505209,0.05179728352024959,2.7026769235171555,0.42208700051926673,5.578793653936587,0.0
2018-05-03,1.823384683404905,3.237415952599476,-0.6011191674597627,9.471031527802133,5.697826135031736,5.407080898755723,-0.5068425289491696,0.5597538792103673,8.245594893895603,19.2664643940746,2.1021552996752346,2.3506976201132623,4.997761082640917,-0.3151599374643377,2.149487752254009,-1.0129851873978635,4.387834292119885,0.0
2018-05-04,0.25701914813018867,3.3748961319054915,-1.6859630813384596,11.086754404244736,7.47355663287792,2.284648185920579,-1.7320991529995444,1.6487939775695182,8.27548029366656,23.880730659025783,4.3488802012304095,0.7420003091668015,5.902230122029217,-2.9120693491104688,-0.03882594141069173,-3.4051439780854453,2.0775118454622765,0.0
2018-05-08,-0.3125139878493832,1.584161630404024,-2.241966110158411,10.02268891957141,4.7704612687630155,2.3011697210207904,-2.1156391183315804,2.029448594498895,8.728868360277131,20.199389258128253,2.516197076992599,0.2763765679055341,4.823902520447332,-3.114977483091552,-0.256890629878781,-2.9366970826146255,1.6687531144791379,0.0
2018-05-09,-0.3989778993141124,1.8291654244981137,-2.043123190034557,7.2434278509900585,3.725964132334858,0.6631291949218632,-1.2000970865058802,0.3497593875541938,4.220126758386167,20.575982611845657,2.0764169735015603,0.7303523561633218,3.867776583258542,-2.4754648225599474,-0.7163378118274055,-2.5639337643129645,1.962604267168211,0.0
2018-05-10,-0.6379083702288013,2.59482412348655,-2.9562517348895034,7.2339963089677495,5.063869582775404,-0.07875204126021051,0.07387490317005696,-0.7619557676156741,4.626150879511859,17.3368146214099,0.775147217882477,0.663068619892071,2.618943692710607,-2.35419260676325,-1.276709176873314,-2.3113330438558455,1.8255823813734695,0.0
2018-05-11,-0.3374763686094684,4.269481876352432,-1.466902334544229,5.13426888756241,4.186637769349377,-2.6386204429515114,4.983044829650951,1.3993481983392009,3.8691842927505826,11.294271258364596,1.8993668777074202,1.8928357805777063,6.021893454401361,-0.5413229363631866,-1.68472168602406,-2.6754899377562036,2.3538500537160667,0.0
2018-05-14,-0.008884114798912712,3.5906679831913646,-1.4748681554788812,9.416977994029384,6.104636023706123,-2.0943542182247255,6.007735541185699,1.200349059309569,5.968715576118089,18.054211035818014,-0.4314865310280802,1.959196266728358,8.14598805778617,-1.1032623617801995,-1.4896853491582096,-1.4674077551074194,2.9943666739198793,0.0
2018-05-15,-0.6293172090165777,1.0780849316128327,-2.341434062960379,8.243370089789416,6.826749884807115,-3.760707985917533,7.349319905431551,0.24919181034481763,2.5469191875910457,17.599745162060998,-1.263602307189149,-0.0095496390236538,6.708418236776792,-0.40633718446031475,-2.4241371377058285,-1.850620030395811,-0.16607354685646003,0.0
2018-05-16,-0.17531471426135425,0.6236599738399962,-3.4571073163742416,4.24276683342284,3.272715884416244,0.022202936978876764,6.245554263175412,-0.6333777915821681,0.15062291510656856,11.18908689481155,-0.779453486635806,-0.6862911916510672,3.822224728393686,-0.9775341555583239,-0.8641150637426875,0.8118564211073709,-1.0277492291880685,0.0
2018-05-17,-0.014701018045504277,-0.08683805717327742,-1.0982431788345237,4.547771999592132,6.9134926521968065,-0.35949801898882416,8.617448425457287,0.029425106972524873,1.127259897944266,14.134360703106186,-1.8248499009198227,-0.5244888617638055,3.565749002504437,-1.470259160112386,-0.8952538694385725,0.5804739864152086,-0.9024930486827842,0.0
2018-05-18,-0.6054999919212767,1.9969492643421294,-0.8690790979758556,4.76808793332526,6.131939629886407,-3.1155108187037373,8.82673458267773,2.3507991850232557,3.5164410737170915,14.7738133163428,0.020980697758066214,-0.8378137051883616,3.441682600382423,-0.8846668898560339,-2.146305305479057,-0.9505695012716919,-2.1519507186858355,0.0
2018-05-21,-1.0764724763280387,1.1680583505586428,-0.9612467863127971,5.691623612137731,4.830310839447538,-3.429581922164371,9.225766811451376,1.126070991432071,0.46742246210260685,15.403816732426122,-1.1974982956398095,-0.6302121015955287,1.0029788239436233,-1.9002553078247386,-2.709517441212528,-1.020171066072184,-1.9936868538706132,0.0
2018-05-23,-1.728168308565714,-0.8253434812691474,-4.293948033644302,-2.6257483193262154,-0.12028827707781797,0.49953523246080156,13.67148443830204,-1.0186469316440627,-1.296577404664645,3.8365974861151786,-1.2539184952978122,-2.4820218568920915,0.4693467987311406,-3.3075565961516395,-2.216763552916501,2.1885232536104304,-4.100532174478855,0.0
2018-05-24,-1.580453462430298,-2.20843252110805,-3.5659526640289485,-2.3635417720421437,-1.1664114606348974,-0.06473939693117936,16.798852462063717,-3.1852147900543915,-4.42190903690014,1.137836670027359,-1.2036492054149583,-2.8347793285552814,3.07214719049016,-3.300161885431141,-1.9911956461169833,2.2350393352779996,-3.2679278899125586,0.0
2018-05-25,-1.063423459644175,-1.4457869483285535,-2.6726988566258103,-3.692437918058289,-3.66143256164283,1.7626973174398985,14.782646580134017,-4.764506279630199,-5.615891814707485,-0.5013093901982901,-2.521542999248161,-3.076221077247754,2.0091454024214084,-2.1209858103061974,-0.9022240872849308,3.527145887511196,-3.6310640658004933,0.0
2018-05-28,0.7142334787801907,0.11605669166177002,-0.9741234464696658,-1.2969115827371813,0.9431737797689355,3.108971590269549,14.909309711676855,-5.484015283420396,-3.579690223950638,10.29996385977594,-2.323420074349447,-1.969848089611792,2.4073886219648344,-0.36410548025427314,0.3055177934510267,4.869852325923252,-2.7957629135920037,0.0
2018-05-29,0.3036970214016721,1.0880359421692631,-0.5365061068946075,-1.8954293933745148,0.9683761398812107,0.8865624508683334,12.256753102650908,-5.543430288447004,-3.293995700898056,8.869461256818333,-1.53733098177542,-2.077711818672434,3.3945297864368618,0.5325672140988891,-0.44158591478482556,4.916120280352687,-2.74118350268977,0.0
2018-05-30,-1.430044435715505,-0.5319704238969214,-3.385166390098071,-2.0617866337296675,0.752129994694517,0.39607288249980943,8.234309318872501,-6.283475410235639,-2.319960912279495,9.441189725101417,-2.5013304949441317,-4.415904971267704,0.6210206959419873,-1.9421515676483536,-2.1344360457065226,2.9485025516753582,-5.449885013415101,0.0
2018-05-31,-1.6699402636192295,-0.7342610407624628,-2.1687360098982533,-5.400484997647403,-1.0327422797204222,0.2683756297158446,8.917022319453904,-5.569047356220336,-4.339398973773257,8.062601987835638,-2.4238268439568333,-5.103017769607854,-0.6011003033546514,-2.0748534851120715,-2.422063372508898,1.449037012672405,-6.960835633387264,0.0
2018-06-01,-1.5639441258258668,1.1211386404273327,-2.195202928258644,-5.107387865659385,-3.553355335533548,1.1132360468658176,3.8755201944352224,-5.232639078038659,-4.047540614109613,3.915530136383638,-2.413936619299606,-5.921451295258306,-5.0998950842702895,-1.2264984227129294,-1.71832198666787,1.7983711692519444,-7.243522460580465,0.0
2018-06-04,-1.1449410567381912,3.641768282545721,-1.0128878455110568,-6.852296490015375,-3.600667517424172,2.435474934892734,1.3511125300009752,-3.3695940567789795,-8.453363049697305,-4.872215388820555,0.0030094194829688448,-4.713091500548472,-6.228442645815169,-0.8959895005174134,-0.4732515191230746,2.2679512751104136,-5.125647014636314,0.0
2018-06-05,-0.19442433314079688,5.044336039944075,0.8143706960491937,-5.895595077923533,-3.331993608532413,4.344629571594472,3.807211134183386,-2.970653800348111,-7.7493272718155986,-3.1895442540800345,0.2559547110723148,-3.6081981930357387,-3.602861654999523,-0.6317613607685457,0.7925127514195163,3.3778567709735974,-3.2319391634980987,0.0
2018-06-07,0.43743038108479126,7.935157204469667,2.5572096176581294,0.6856074847441995,1.4141740879638487,2.451972794633206,5.733595004870429,-1.5763764180952378,-3.3749968136359443,-0.056733564995381514,2.3266313508307324,-2.303445650104685,-1.188547220537528,-0.17445566477672925,0.6384432688677499,2.8397367484880753,-1.8195978476352348,0.0
2018-06-08,0.12783597786354406,8.59450661332961,2.811859557515528,-1.8189798107870914,-0.9130032578530289,1.3579619777090102,1.3962263082008874,-2.820302254035567,-3.0930642183099266,-2.4120956399437232,4.082063023437965,-1.95371666315165,-1.1783095418706813,0.990873533246428,0.25020770601316134,2.744574677962164,-1.4278920461300637,0.0
2018-06-11,0.3860768496129152,8.634847923473332,1.9916898573085318,0.3494739876062969,1.0582489146164997,1.4765880854985536,1.8002154632882572,-4.565779044369012,-1.1091513465843472,-0.09020886822568297,7.290761439573301,-1.1993256188213675,-0.35873211473951283,1.8788579921130255,0.6270915035813118,3.1220135223243295,0.2146514611888639,0.0
2018-06-12,0.13222094688043473,9.053862787939892,2.264343576354011,-0.49734748010610286,0.8847759617240492,-0.20807249209594536,2.2991130480792155,-4.635076252723325,-0.24933168825826968,-1.995534468322624,8.87108871088711,-0.9561035427564146,-0.1518195411472245,2.6661128159915837,0.054410859262010725,2.408624630157874,0.09339080459769278,0.0
2018-06-14,-1.9592137254187958,8.110783420994228,1.6837206003299965,0.14174830318942622,-0.27201279083046703,-5.715002578008388,-0.5788587444790494,-6.586555228556223,-3.065654977865784,-6.678865507776766,7.268643306379174,-1.7148608369140117,-3.1614604667860258,2.226182153027656,-2.6976616802659503,-1.4852702079119595,-0.5937019131741383,0.0
2018-06-15,-2.512966289674423,8.547053353269419,1.0329628500544752,-0.48640867949941713,-0.9327039055026409,-5.773308545939438,-2.6750592173495624,-4.951275347452433,0.3634542833216736,-5.9455995442893705,4.295373983497663,-2.8670147718228955,-4.316606216427166,-1.3494794986190883,-3.1758741590069195,-2.621943047852082,-2.418631703947849,0.0
2018-06-18,-3.436280884265297,8.163396472413753,0.6053035476433655,1.1628506846985687,2.3943707854187757,-9.796485713953441,-2.9668208412182873,-3.8160494614060902,2.4383949309862984,-4.128440366972475,5.760901809552044,-1.9321681476686559,-5.970967367320867,-2.1237092425860915,-4.784153198296748,-5.512975489313554,-0.44572884012539227,0.0
2018-06-19,-5.601139187401161,4.770625235396397,-2.988302056184966,-7.097170342322057,-7.811055929638544,-9.270214458821124,-3.8163385391080995,-5.260430992023624,-3.0380473048739143,-20.31454783748362,4.700880114176975,-3.6060185094601627,-10.960624957788323,-1.739441538749853,-5.441958425024307,-5.402782689703356,-1.048107651430752,0.0
2018-06-20,-3.7985552955539736,5.7924178472142485,-0.6086621595596919,-4.353143812521399,-4.538581046090117,-6.9886669015406415,-1.0540567479566776,-5.752269032348911,-2.030363198678653,-14.303363074811248,6.621488491506677,-2.7240877061764257,-8.959631830700088,-1.6242130585364944,-3.8542162934730895,-3.6940462542344954,-0.4240569342527478,0.0
2018-06-21,-2.9555464232492,5.918792010623286,0.32664497064840425,-4.480653665281431,-6.572018585441397,-4.594347692925127,0.31804476725287856,-5.99345908024006,-1.7739270242508098,-15.091620341774759,8.930737506065011,-2.695287282117498,-6.584280584535385,-0.7092812789579961,-2.4449507935965897,-2.3582738660377967,-0.6904152626111659,0.0
2018-06-22,-2.715217848873941,5.6624100176246195,-0.5142135422598559,-3.3651657235555854,-8.172359518407223,-5.440036945568871,-1.5083746762084682,-4.846052435040682,4.159958029560218,-14.421030956139747,9.645879800788283,-2.282128372243186,-8.27067315605089,0.7623252645285961,-2.013709536477859,-1.0234975047866746,0.6904929352343325,0.0
2018-06-25,-3.324367763308944,3.226815111024983,-0.48182719410390096,-1.1429202966486085,-5.265613820421622,-7.515233581584302,-2.1176503048864648,-5.987813601757708,4.280616162985051,-9.801016088060965,7.235118503625171,-1.7894164771240506,-5.532912311334859,0.9325736477681978,-3.22475052590534,-2.184708349501019,1.0794522637983084,0.0
2018-06-26,-3.9562702225708457,-1.2892573296033105,-1.4119579149754369,-5.616305717244452,-8.797173173662454,-7.076442983223363,-1.9951513378820063,-7.977010633518045,4.2286274901665255,-10.473385532648527,5.20012037315678,-3.4655234012147207,-7.801344766365748,0.2130766226930758,-3.691005209929521,-2.920305439221249,-1.792606888361048,0.0
2018-06-27,-4.55342005738133,-1.883509168954356,-3.8640836357295316,-9.209681232698452,-11.203504644465179,-6.011681770740973,-3.252906151756363,-9.260343297392225,0.5063910353386492,-16.6899832120873,5.024929416711732,-4.236683576410904,-8.961221242178286,-0.4495314206378054,-3.8578869225224133,-2.3644336386923093,-3.0476424361493004,0.0
2018-06-28,-6.328068712610002,-4.1418955131534485,-4.454921281207158,-14.10672770521969,-14.233598468991083,-7.437787533600382,-5.930326409818109,-10.833380036989283,-4.113720903646767,-17.07230539984389,2.0384151542782947,-6.847233047544821,-12.1053885193939,-1.7988573349017045,-5.929865381419308,-4.4135324691048305,-6.898872623254249,0.0
2018-06-29,-5.11710815066202,-3.7826376184932675,-4.738847762480325,-10.308301645906559,-11.553214807598632,-5.670427243565134,-1.6331798676917586,-9.776631435562388,-4.226155980541934,-13.187288318800904,0.5759935164548979,-5.825413586765227,-10.07155085786594,-1.963136020256051,-4.666871059842492,-2.997076340951632,-5.952309158233726,0.0
2018-07-02,-8.040402404712266,-5.9420532504873,-7.754087467287962,-15.87118084227912,-16.42153206639021,-8.172390768442073,-2.894618319872466,-11.2162153594502,-6.889898816669538,-20.433393526878728,-4.368227013741488,-8.993600930773715,-15.522698436691263,-4.559545123002451,-7.124207918433479,-5.157264298427577,-7.9861194208448065,0.0
2018-07-03,-7.941818594232886,-7.52409505553574,-9.17498760247395,-15.280516694799374,-15.482207946513082,-6.307276855212606,-5.3774183274307275,-11.489329297313756,-8.447788629199216,-17.008400968247194,-6.401212455221817,-9.583687998142842,-15.069065785907544,-4.8180534568604605,-6.76140456325639,-4.423251589464128,-8.208330342831172,0.0
2018-07-04,-6.520375658144484,-5.8973644456829515,-8.455749853432348,-15.451638807373058,-14.434138063857926,-4.575637716804204,-6.204039890263891,-10.622633847282447,-6.5759140275062915,-11.787330316742084,-4.871988162045948,-8.127215439149282,-13.16895116062432,-2.741519804498871,-5.5007449178164025,-3.1759859564948867,-6.553880282290992,0.0
2018-07-05,-6.093492620755059,-7.214085483007349,-8.092027833068272,-14.800794997982758,-13.857780110207296,-4.056225798753754,-5.712751692485463,-9.624774614706311,-9.27107884459889,-13.505942917707625,-2.864650272755831,-6.698641087130297,-12.158362442900462,-0.4565541361220449,-4.827336474894417,-1.7384973274377047,-4.439339376629825,0.0
2018-07-06,-4.350149816516846,-4.57327425214763,-6.334837067466415,-12.37933346554476,-10.611266649698825,-2.8256333963768254,-3.6657977161409727,-6.465080217093099,-7.893388006150682,-6.910345909483084,-4.41209469314483,-4.688562627515303,-7.5100903562377415,0.3473395178823502,-3.8405471247782486,0.12203697402743963,-2.915129151291518,0.0
2018-07-09,-2.3208310720436165,-2.511871601579141,-3.6540875399482475,-10.916501432033488,-9.517252016040189,-1.2422666133152682,-3.28051028912828,-4.589063755375966,-6.471769494199709,-5.937499999999996,-2.422400817879755,-2.6184386798197568,-6.03634855778955,2.092724876898555,-1.7559104665448189,2.8682152871178923,-1.227494895749548,0.0
2018-07-10,-2.9506199474599315,-4.090707265632343,-5.02591140322698,-9.959917096824643,-10.839987848277055,-1.405256731828386,-2.2861524082950724,-4.577342832112031,-6.107020832025533,-7.760691975012013,-2.0803583928321268,-3.247541580672575,-7.03624096961013,2.8190631449333203,-2.1584658837520365,1.6016934361448243,-2.4983952994618086,0.0
2018-07-11,-2.447141152265131,-3.8231625748831877,-4.496386525935869,-8.401386312254322,-9.308725203072331,-1.9260710618878685,-3.822872992684423,-4.2238714095018,-4.500359192135961,-5.730682185580349,-1.2193424459229996,-1.544617681207494,-7.205455234246749,3.0170082860880854,-1.816026647727853,1.3362190646466487,0.007653744594549039,0.0
2018-07-12,-3.061233147521225,-3.920464483322028,-4.013655656025106,-8.484262996711845,-8.677069652516533,-3.084782741709402,-3.4490924540654944,-4.853295477037111,-7.515218882703878,-7.483156881616948,-1.621802374184922,-2.2879326009746404,-6.016394367063627,2.5161538790705595,-2.760602457391992,0.4935790456881417,-1.5810527652549422,0.0
2018-07-13,-1.992467810066667,-4.070087417286339,-3.2070297385909385,-9.874556185644511,-7.565757068269141,0.7559068867785124,-1.9562796859804665,-4.7230506885517665,-8.147422957296202,-8.190565594930765,1.3238260276696723,-1.5555828824397544,-5.874050709205614,0.2801404077224401,-0.9137575980660451,2.4300665014530543,-0.14339622641509342,0.0
2018-07-16,-2.0813128477362164,-4.125210171430538,-3.5396507242156927,-7.969984077063829,-5.478824961200502,-0.24578039744924673,0.34120780100326265,-2.9179805377547385,-8.169917551290762,-7.486159030730965,1.3044224497968937,-1.8936590180113622,-5.447040386762392,-0.3828918499944933,-1.2390366142280396,2.021579055938716,-1.3554539385006836,0.0
2018-07-17,-1.8834088376323166,-4.535645640398389,-3.090687341500997,-3.872321055092154,-4.031337079164954,-2.1009001893659174,-1.7822408161056624,-0.4363237813802767,-3.751306918556452,-3.3669185558354298,1.7244830840506653,-1.3098539088689298,-5.927121414465375,-0.216001088509421,-1.448958716097437,0.925810640152247,-0.22290331568681765,0.0
2018-07-18,-1.04267491703538,-6.744221690221719,-3.841672360646642,-2.5603671880061962,-4.204727703786359,1.2645820250868134,-2.084061580061891,-1.8925902646833026,-3.905941910692512,-4.5691794301360495,1.6056500432401366,-0.8701836589549483,-5.407320937213389,0.3208446341943283,0.3508205161856903,3.081077902279472,1.0172729854638352,0.0
2018-07-19,-1.884675405071945,-7.727657698922297,-4.4145068058922154,-5.708677567294851,-6.239172087793577,2.0515778430266973,-5.215758890788569,-2.028391894819981,-4.878384201406405,-8.217813563542798,1.0072522159548791,-2.587263024564457,-7.461860395337894,-1.5071449203948872,-0.0527622282745166,2.7349837880443317,-1.159360812578547,0.0
2018-07-20,0.7770059078862745,-6.332162745416914,-1.8113744497309847,-3.3797220941943484,-2.96035410023322,4.661104563405893,-4.404772405865054,1.7688308720614776,-3.6358613068103396,-2.304469273743015,3.624415887850474,0.5582544958663505,-2.5006777639212663,1.1967311349839749,2.420269112585105,4.403492109877272,0.8452975447357458,0.0
2018-07-23,-0.1517978141114873,-4.130055469032379,-1.2727295661403182,-0.8047026963128423,-3.9088374752793698,0.19840134194339942,-6.864846359433474,3.5403940462875427,0.5207062841273924,-5.5245775070772885,4.857655960196672,1.7416235183362438,-3.541622720905191,1.5337636199597604,1.1470553625605673,0.986501224076064,2.354826939115928,0.0
2018-07-24,0.6506404880245009,-3.3088120694492185,0.31059619229389934,3.972469334383799,0.8504477321393811,0.748179815331973,-6.403256000438439,5.277891774637977,2.7518976177742793,-0.8549200649739297,5.0598732096736265,2.025593209439913,-1.7794587730437406,-0.24697710316438082,1.5020952302699175,1.7379667055493542,2.0139305559178755,0.0
2018-07-25,0.6856990985803169,-2.021594146813943,1.2974292653463282,4.253963404654604,0.7103518861487412,0.3597652561584397,-6.329435909294567,5.033640123492766,3.7667336645303306,3.1597374179431093,5.886503969420742,1.771333104866346,-1.6988130158574144,0.9371998234637635,1.3147070316516851,0.9225792460331839,2.3013449418491483,0.0
2018-07-26,0.7123152666012489,-3.9197982502568673,1.1058672851630647,4.271715325320313,-0.05338711590935352,3.5317782164419054,-4.924836781395825,2.5887904099980874,2.9852013242409825,-1.1459386585776943,4.642154992810821,-0.5981112277020029,-2.606038916990261,1.0720759602934837,2.0601762635216625,2.8505532547328016,-1.4139110604332927,0.0
2018-07-27,0.4020474232216076,-4.565839009903194,1.3572917245346705,6.610035506721523,4.090925693691938,2.085740498227162,-3.0029855769649227,3.3796597695943786,3.1842188503455437,2.5354082881622775,5.325960419091946,-1.2402034350508573,-2.4045421521405763,-1.1811558514342124,1.2418539868443768,0.8358965722035538,-1.933026821843331,0.0
2018-07-30,-0.028332810266051833,-3.4763815717723023,1.5304743718916658,5.753081969420237,4.591309003735833,0.06679712015236206,-5.2560287973333235,4.6083113296846445,3.951251659487509,4.4803334201614975,4.257691867779934,-0.6002049480310356,-3.0014022242916605,-2.9146601671544037,0.6285008153797955,-1.2465312954235253,-0.6481997265407435,0.0
2018-07-31,0.6419307030544497,-2.9623159191444093,1.9394875571401737,6.335189345837011,4.254100558114593,0.36400863236596415,-4.765376092379981,5.78295155839279,4.730527518567906,2.9237760438995286,4.334470027900683,0.052645987322841314,-1.427249469272207,-2.8084227281578777,1.1792512900448804,-1.0979486975401187,-0.012755264735520022,0.0
2018-08-01,0.9632132197841647,-3.3040879846905957,1.762134142216798,6.795532664631865,4.973796465569769,1.5588376316497454,-4.03514593643145,4.913634798576849,1.4122198330500657,3.953185955786731,4.064695218672099,1.052409129332199,-0.13636537192291964,-3.6490378594982498,1.5565451321662094,-1.173045071712997,1.5561290322580579,0.0
2018-08-02,-1.7612185728504204,-4.13581317571926,-1.1077020179883101,2.250149175843563,0.8833943183298221,-2.6859286070588517,-5.226629098802526,1.9338139345840277,0.18392929569228667,1.2525562372188048,5.144811730731469,-2.385859721441508,-4.5367954279859735,-4.123893507455145,-1.7645493747521446,-3.7374677992062844,-3.089965485098123,0.0
2018-08-03,-0.6216360627109618,-2.078243752952047,0.8838204349252976,3.197407298214494,2.833821583821594,-1.4352542479180497,-4.337393502775589,0.4624132102094114,0.8389962416005314,4.674761491760626,7.530919975151074,-1.2448915435397723,-2.192540595582426,-2.574045256256541,-0.951508316887506,-2.2628372497824234,-1.3217209189472223,0.0
2018-08-06,-0.4969711739312155,-1.037810530939831,1.5407048773835585,4.565631485877986,2.945236451912314,-2.0350847624264423,-4.031339072644135,1.168396850832587,-3.2232689678422077,2.7543661482318127,8.1135788585887,-0.05451533768058292,-0.6297822893600258,-2.108438868908624,-0.9381865086563135,-3.340147863556653,-0.9227996242796688,0.0
2018-08-07,0.43884354899981215,-0.4513899337729943,2.71343220536171,5.685579272281882,4.726549230843902,-1.461996752723571,-2.6111047185760183,3.3050968109339385,-2.881275052490928,6.446695956244963,4.879847930320302,0.32918337201941483,-0.6462382652386522,-1.1786378289866395,-0.25804569370528885,-2.4377934787378597,-0.883067092651757,0.0
2018-08-08,0.8395076874542662,-0.033015123736490626,2.487378868749257,6.981160394411434,5.496751141077572,-2.5851636241160936,0.057529641248765806,5.239464353235768,-1.7223764361168903,7.036266618431775,6.114308507607258,1.0615394453562965,0.7250711374728214,0.6762584963599494,-0.151834329641376,-3.458602696611568,1.1327364733359158,0.0
2018-08-09,0.6342854896273398,-0.14147357752188894,3.4030081099048815,7.677630082440934,5.597380940703323,-2.8122274960062477,-1.732959872840878,3.0334074786159793,-0.9566405764691255,5.754110078627583,6.487979481976258,-0.006356740263591121,-0.8019219432982228,0.4145033254666419,-0.4447672234604627,-3.1143396952574287,-0.4281329791349764,0.0
2018-08-10,0.5940131581846364,0.344219257659395,3.159416374939328,5.726283311051938,9.844154878063893,-3.076229592569679,0.5748528889369497,1.6328056836594662,-2.2792395068181204,9.670389539634971,6.075750343936881,-0.9189939434724126,-1.2543526654293258,0.3289473684210398,-1.0773954344736159,-3.0493406165000514,-2.1173115363558814,0.0
2018-08-13,-1.3924217173932107,-2.3135216787596558,0.795427827313655,0.004209666657550848,4.615700136323597,-4.122623948189419,-2.184083036451734,1.0002923610241021,-5.22946837847218,1.2589462792101491,5.377695831936524,-2.5967477625110313,-5.432862436958397,-0.431560667801445,-2.1932376437493906,-4.810640737350125,-3.2502237565528835,0.0
2018-08-14,-0.6211972565254409,-2.9253070821765204,0.4775513273670873,0.2844589941580322,5.987538563910233,-3.371292462995512,-1.8993513506841309,0.4824990121248707,-7.008743798481487,1.6205667741387986,5.700877485282674,-1.8709881090182012,-4.958907306664296,0.2606310013717472,-1.5686453623210528,-3.5155655436077016,-3.4753448670070908,0.0
2018-08-16,-2.108288991987972,-5.361077677992765,-0.9557417244156818,-2.77634791381125,3.802006053771745,-6.438425849314477,-1.2126185544366619,1.2341074992576084,-6.051031248855199,1.8240709171496672,8.889262780067853,-2.094373482529288,-6.983108478666233,-1.1606258326785857,-3.3790860204225392,-6.057228451219232,-2.942915156655612,0.0
2018-08-17,-2.088897990840899,-5.363864999872748,-1.115281728863482,-2.524818405698337,3.739487443416434,-7.172118407730432,-2.331090883529219,0.47709662404511466,-4.999581974751277,1.9440654843110527,6.526664824537165,-1.711656571199427,-4.752766795149633,-0.1306122448979541,-3.6115783395677004,-6.592179753155881,-2.948390393459366,0.0
2018-08-20,-1.9895269695793805,-5.921783844858997,-1.660047978876611,-1.2082284381326969,3.95695171611401,-6.73214131583757,0.2786803488038281,1.9315290307656774,-4.55723184917034,0.06648383611733699,5.756836071418769,-1.9713864927414226,-4.557543120096231,0.4803808299382428,-3.4369259417700526,-5.831400535236386,-3.1003109230847703,0.0
2018-08-21,-1.0979148331779487,-5.275949857933893,-1.4243854650660803,-1.0664510900297852,4.322466774981604,-3.901065348017818,2.5930974752141456,1.3284727342235403,-6.65072553369459,0.758080639786729,2.5985251613948934,-1.2965145647415466,-1.4153339812687848,1.2457314098543337,-2.2298188555375464,-3.2311571718544596,-2.463355827986058,0.0
2018-08-22,-1.462461043661456,-6.79586462453996,-3.8797469129431605,-2.1375155963897385,3.0267847813214788,-2.2363091797828694,0.5346226820738931,1.9376717854749925,-5.394294602927696,1.0758068551413702,2.4279376139797026,-2.816930862854994,-2.734855064151931,0.2166115029372584,-1.9877284608399437,-3.0246976862355335,-3.6629990089700804,0.0
2018-08-23,0.5462073826094649,-5.644538362865825,-1.625382056973479,-0.584408793323421,3.9099456528118637,0.18414492765204127,2.267349439988342,3.485061523717592,-4.290394863200708,3.7448455777160605,1.4639219241640467,-0.9426920041802678,-0.4633899574620348,2.8979401981692687,0.258577517042613,-0.24997852806495358,-2.0576345651410977,0.0
2018-08-24,0.24172961253323688,-6.094490333331026,-2.4353075230283627,-0.41038730301722337,2.3732123370283187,-0.1060683962197051,1.2427838118215462,2.8194181777728256,-3.825954370905804,2.982848620432521,1.9983718914944548,-1.18842978714373,-0.9104099059686122,2.317360565593085,0.11131329355196229,-0.4591777076193848,-1.9994305828760828,0.0
2018-08-27,0.5598075661491508,-5.859138387841078,-0.9093781819458635,-1.3314674701301987,0.6935694552012039,1.6289596393063155,2.3135027343867964,1.1576576886789258,-1.484362904474379,1.9871469643159,0.20282920740586352,-1.734952902427267,1.4992139882511912,2.421994706783659,0.7314120627040843,2.2481026505914325,-1.8153865863813956,0.0
2018-08-28,0.12868670005565797,-4.537622456975821,-2.2646559625833396,-0.4538230942372934,1.9507900468004324,0.025826810372020503,2.4496572115836113,2.554384901083906,0.3635970558465429,2.956536388140174,4.850271864095013,-1.0768518908004898,2.270723470796665,0.8500759458712981,-0.14423392119583545,0.08231563322311786,-0.5763354349591965,0.0
2018-08-29,0.32935757891765505,-4.788071280004491,-0.23721990955329897,0.30987135458919735,1.8813867978147103,1.0481405716216363,0.7163113558707801,0.2216783833070224,0.2157603099102623,2.484157160963263,4.1885941359682155,-0.8183754824829692,2.5636044756238485,0.43610130573357164,-0.01963756111561521,1.5505836136635365,-1.0610317796338364,0.0
2018-08-30,0.15800599901896195,-4.7861380323054314,-1.468746222585826,1.583759593415568,2.0656982617480057,2.1965853856856343,2.9696942160025497,0.1539132092947204,-2.227990273650071,2.5515376816491964,1.8738586136622493,-1.3879765209467876,3.5397138628515012,0.2204977437440414,0.0015093048644887475,1.6552988069389762,-1.4297925246716914,0.0
2018-08-31,1.7561843183122372,-5.7467638647607515,-0.47594108946276137,-0.05082498375853506,-1.0417959976071423,6.887084491878759,4.594036781778654,0.49805139944947285,-3.4088195684772615,0.3560192084782088,1.9533628014081206,-0.6622094874243922,5.005053889223299,0.1251862891207267,2.4472181173907925,4.396879246434149,-0.4708636836628477,0.0
2018-09-03,2.6053503524650523,-3.4087962548264517,0.5442233020161114,1.259268769587285,1.1289597195474954,5.78861738901888,8.382561901971354,2.2233708949308983,-3.0890188559260734,3.5595674018564116,0.395005434638529,0.7074759501315642,8.444512540071658,0.9713348299084767,2.5631343175493315,4.397820697768884,0.8563725749326068,0.0
2018-09-04,2.514929767011531,-3.9257068485132662,-0.12937924692724145,-0.38926505088622276,1.5318935208437967,6.331000191330949,8.25943762720074,2.389872020421535,-1.554363418420479,2.2459714452701007,0.7040588467095876,-0.01286835671084896,7.507820036834567,0.9235189492406537,2.743893007764564,4.9391021923210765,0.34478220818527916,0.0
2018-09-05,2.2746340592645353,-1.7203175519348135,-0.47307790828271523,-0.07101864983766193,1.4522916476077175,5.855589751407786,6.114974616154245,2.4176603814773268,-2.000370438970178,1.4565544952285459,-1.0764595297571566,-0.5671403618484838,6.924242513575507,0.6290340697985952,2.347141375662476,4.252096268922689,-0.7706159631375553,0.0
2018-09-06,1.8050332658374302,-1.8206755593803692,-1.3113077496607284,0.10220625264278915,0.44649904160558584,5.194349332475445,4.669631317493295,5.0051434371785275,-1.2242463355725652,1.4637002341920446,-0.5265615272878166,-1.1445136353875895,3.8951414941410745,0.11185393596790938,2.0273789927697905,3.7663400999463637,-1.6769336071184138,0.0
2018-09-07,1.499190348239221,-2.3007973254180802,-0.9221834867318424,-1.4167238261520443,1.104632292867458,3.0477372877740327,2.9999969858364395,4.022133078807366,-2.6088295885558055,2.948260111286438,0.13485477178423189,-0.4700276865623576,5.104695394790082,1.2302239128555437,1.2743268739641156,3.055521347441803,-0.9297371224175732,0.0
2018-09-10,0.8193616027770245,-2.3865045773420968,-1.8201512532643127,-2.207273665205056,3.1641102060481208,1.3611974183884268,3.2326433064218785,3.689281142626144,-0.7460578730532852,9.036792062835875,1.7297211910591637,-0.9638348686455078,2.4915277972272776,0.5859475830737759,0.2528360376318872,0.7660356959697578,-1.4923225823327946,0.0
2018-09-11,0.4341648594792691,-1.5595170940907788,-0.5472426758292293,-4.912542869620474,3.486668619982436,-1.44393619550367,4.5362779610526704,1.9068762911490733,-0.11940064789531801,8.729372937293721,4.3076187186096515,0.2582255600267036,3.313790895919677,1.253631207635908,-0.9044793996754619,0.006894427923365143,-0.6185458238265551,0.0
2018-09-12,0.01401910102516446,-0.4638950962821964,-1.1788049394107603,-3.5746145559819476,3.024038678776364,-3.1702910420846053,3.023938773694046,3.415013350457974,0.5734971521882404,6.773199221284876,5.108932748153783,0.5447303261922665,2.445105857247154,0.24308072838925554,-1.4327801337465362,-2.0551421605503273,0.46184472461845427,0.0
2018-09-13,-0.30437683421927764,0.19317450096585365,-1.9388912266687597,-2.82843257345905,1.896298291087395,-4.457896694454588,2.6989676596347767,3.3520648638413864,-0.32197136509988233,5.068790731354089,4.114103290252813,1.2714503554476897,2.6210781628980495,0.8957133717210519,-1.9059610785891579,-2.9995527101697395,0.7857171154277864,0.0
2018-09-14,0.8241638759622472,-0.15422586230183777,-1.0973708454397157,-3.698075603079698,4.8950165884122265,-1.676263263505029,3.260224376674037,5.07393388159687,-0.03339554071309925,9.194925793881104,4.891783879171641,1.0354397950469663,1.561302734045955,0.9018581167230311,-0.6331926238613672,-2.2276510474016797,-0.8455335473263936,0.0
2018-09-17,-0.004776129771777438,-1.5988892542657784,-1.5780953026213074,-5.8018174515309,2.446368511953456,-2.9726988644211416,2.5543139162499617,3.273533561781905,-0.8058278093820537,7.510431154381081,5.299277605779151,-0.08079261810605143,-0.059099732153500284,0.9969449840403266,-1.2954349176527602,-2.106086346843572,-2.2331154684095855,0.0
2018-09-18,-0.002165411449839283,-0.9112065614744647,-1.68833692541428,-5.55052184999828,4.40371150452552,-3.1078920296985557,1.7435516241730342,3.8278385800673664,-2.0550961491412667,6.150548272734757,5.424698484692292,-0.46785615549838067,-0.6423333964663658,0.27553849434847066,-1.2157534246575286,-2.9479899866162063,-2.9578816328647672,0.0
2018-09-19,0.048107135891828356,-0.20727741120384335,-1.6593681493057955,-5.116132575268118,3.8919226393629103,-3.2708852590535242,0.9678206972427494,3.5318437121758306,-2.893601902750498,3.344867358708181,3.7827024499233586,0.5630049853876606,0.5679787752450149,-0.12023945559668237,-0.9312270463349592,-2.581728079290224,-1.317829457364339,0.0
2018-09-20,0.02453850392614143,-0.7471023943696586,-2.7069933476265184,-3.7387661702559583,5.16686817072336,-2.9081638223765416,0.3256458593938083,4.8670196538375565,-3.1543557796895105,2.499793746390555,4.083698953763082,0.5982522487874675,0.8987864760215292,-0.03487224849454407,-0.6772977964113691,-2.4505137888440665,-0.1594396089808825,0.0
2018-09-21,1.3931331625509857,-0.4656327407172256,-1.9711211565814346,-0.4822282269798306,8.449644225506292,-1.2690331348153117,-0.8706319421633024,3.918528057389037,-1.7269663256479717,4.720006578406366,4.81383681013996,2.6022702934247244,2.3143468857661276,0.46004532044976454,0.8760648197182697,-1.9792770674859295,2.4241312437758733,0.0
2018-09-27,1.7148014440433235,0.8581363210841353,-0.4205811764495859,1.1564339340754959,4.483619274616069,-2.0033945549131293,-1.0213272896327341,6.278594963917294,0.051898279372419864,3.4133594643148912,6.3522291498187,3.9918489918489897,4.369248841610651,-0.5456517318511489,0.8967282215977646,-3.513286465932708,3.77563867177253,0.0
2018-09-28,2.238444521047067,1.465245219537925,0.8014499170293288,0.3047035417531152,4.30352352397485,-2.145319609528651,-0.462997992026315,3.0326645884954484,0.567000567000564,3.94389438943894,8.478900372269793,6.519193233571885,5.6150779427739606,1.0054868153287488,1.458779920263531,-2.9788171999478252,7.148194603826963,0.0
2018-10-01,2.241203701679928,1.0374100110315032,1.9646529155456394,-0.05625156549167176,4.820061513593599,-1.3289274501567028,-0.6285093969177313,-0.7117091399802655,0.04256793545514004,5.102629626576527,5.770685024381339,7.23114016986337,6.251114479315278,1.2694129072735594,1.6970959441245048,-2.179867403114477,8.376395619695298,0.0
2018-10-02,1.2267814409312905,0.19568391528392848,0.3191200680210615,-1.4084091302019264,2.2216564457924637,-0.27956547803715814,-1.9712044949081076,-1.3808414663099011,-1.442155622331165,3.0171022910616463,3.434165544390333,5.641091991201952,2.1121182786236092,-1.0350746842253677,1.1512472273829122,-2.5862108586845123,6.5214505681214785,0.0
2018-10-04,-0.6191395838613056,-1.7471423899829475,-4.356279902999594,-5.521302813929541,1.8083084442030994,-3.2840666569299404,-5.364727156501681,-2.265668654893238,-5.191988774078338,-3.4121929026387665,5.76863354037267,5.062010162776676,-0.7749777289545512,-1.5559908642207687,-0.8495644312952133,-4.056451945693884,7.56402936919951,0.0
2018-10-05,-0.686755430974062,-1.9315463380944253,-4.325174985131975,-1.9457311020948165,2.4109242965415056,-2.788997459369369,-6.115599858089471,-1.2900253397834516,-5.560727058938808,-5.190468963423889,4.127178232956297,4.835697881565104,-2.2845495311862973,-2.2951995491572452,-0.3001126067956661,-4.396503387228734,7.349311250895774,0.0
2018-10-08,-1.2742452648362712,-3.43652287310503,-5.292125549154458,-3.728295069233234,1.7302441859190054,-1.226150582683383,-7.056929951857738,-3.8604587317876637,-7.665297339593113,-6.670211957760386,1.6077009626203287,3.48837209302324,-2.467877033723631,-2.784820896792306,-0.4493719651878947,-3.6982200609815274,6.211524743057928,0.0
2018-10-10,-2.5203063558784544,-4.878676975607843,-7.867452660365625,-5.758170624753545,-4.156985387232826,-0.0486328629577204,-12.90326290728835,-5.03153707241748,-10.611267107820987,-11.815606095413134,2.1241345202769546,1.5460310054503434,-5.855443732845378,-4.130205030648904,-0.6909687537201004,-3.8347601702888756,4.817745866198475,0.0
2018-10-11,-8.134584276933033,-8.052301342706125,-13.56677880360987,-10.93566510733217,-9.335361649502595,-7.920284656661591,-18.66604512293125,-9.908579055468092,-14.918055337211133,-17.319665907365213,-2.44934313070585,-3.4569466455361852,-12.680992690731252,-7.378671855914131,-6.745261446211703,-8.992795914645257,0.39478878799841244,0.0
2018-10-12,-6.129369824707675,-6.289807931757485,-10.388848129126915,-8.502178519559045,-7.292510065327584,-4.070585952184658,-17.34258717284054,-9.230849305799527,-12.461009989339445,-15.295639601248002,-3.550252364384776,-2.6214997021023034,-10.364302183643016,-6.1564793004694085,-4.621926135142607,-5.629625548638273,0.4536410664544466,0.0
2018-10-15,-7.096640074838245,-4.908264852652755,-11.939558277313866,-9.713751024770467,-9.319215292847549,-5.471852819103418,-17.744871985949285,-10.476426249372949,-10.564020582504874,-15.06019417475728,-3.6055635679190345,-2.2348994722560467,-11.492963269574307,-7.362098887263069,-5.812507010084323,-7.474721559176977,1.5594307476448188,0.0
2018-10-16,-7.075712812870927,-5.137804329226969,-11.742872123085824,-10.076475244490979,-7.568905290130424,-6.724137734066449,-17.086260193631652,-8.80031000420345,-9.606179175771135,-12.372448979591832,-1.7322952912609213,-2.5193384332663826,-12.426577078588785,-6.531483457844178,-6.326966925487132,-7.959103672100065,0.599145219486874,0.0
2018-10-17,-6.711571154963503,-4.4109844446538204,-9.28813274399346,-8.455546396232327,-7.425925122554322,-6.989603423167113,-15.038502852225733,-9.136809712830186,-7.638350010210326,-10.246297488731482,-0.31427716252618865,-1.888154960389099,-11.575855674302439,-6.836494201529797,-6.230213368978587,-7.817605838355979,0.19241845122779377,0.0
2018-10-18,-8.159304368643582,-5.837830416052691,-11.067439049255778,-12.38648230920255,-11.530292515719298,-7.364553830841414,-16.05006334162248,-11.390163041010037,-7.713164177896481,-13.521790341578333,2.8392915627440507,-4.381588560693039,-13.082295456356052,-7.666641131057251,-7.564121793910306,-8.205172657636483,-3.049919402297663,0.0
2018-10-19,-8.455780897755382,-5.137177192219944,-12.610158800698134,-12.168107680389095,-9.076333742225673,-7.128192679065181,-18.047527484624748,-13.496104027845579,-7.175205490383851,-12.563171193935563,0.7407770800627933,-5.8641529671417665,-14.866343598561826,-6.864883285057077,-7.603435670696834,-6.929576948456628,-4.38386978554548,0.0
2018-10-22,-7.740272377692515,-4.051681006151108,-11.39462675267957,-11.025526254940122,-9.74431572577159,-5.868541631932656,-16.79720733600554,-11.111613925073527,-6.552982719908207,-14.081600254008574,0.17278617710583255,-5.977685479273553,-13.30834212202533,-6.448075353645255,-6.510523832943549,-5.982446298004918,-3.5554614627828385,0.0
2018-10-23,-9.95262689834452,-6.111504080168972,-14.422022782556477,-12.502309736148476,-14.482758620689662,-7.243120547763682,-18.80346158715951,-12.764066675814668,-10.051653505907499,-16.63529411764706,1.767664316355222,-8.868451970992187,-15.109034267912769,-8.51565815157429,-8.633552222021413,-8.199396414647374,-6.633314804521017,0.0
2018-10-24,-9.178764878310686,-2.7489972006750407,-12.222514760140946,-11.08157582963728,-14.475066327359364,-7.5264472137589795,-19.432569913786924,-12.760337031133096,-6.438736723866456,-18.60610806577917,1.5774450398117201,-6.9075321494182385,-11.918792553649915,-7.172875622405739,-7.911044630319308,-8.3033734371314,-3.919051950803132,0.0
2018-10-25,-9.28515843112081,-2.830553000777436,-6.476659281086061,-7.682223328963433,-17.632814166844458,-8.519539401116404,-19.332371841682484,-14.215624355965684,-1.2565206591040767,-19.249489715810952,-0.09542685164793951,-7.527410595347872,-11.714907328357803,-8.976052274860102,-7.955075271713785,-9.404540023894858,-6.529735601254105,0.0
2018-10-26,-10.60056802145074,-4.064463944436081,-9.499482632320843,-9.618915061146305,-20.418731259171054,-8.227002683478679,-22.284322897778697,-14.479079846641108,-3.9282008715501027,-21.170161677605247,-2.461342728518301,-8.848579149946767,-11.203635716351823,-12.053204691241493,-8.98747752742043,-10.349684639643108,-6.936409039212776,0.0
2018-10-29,-11.437419858640629,-4.8837256887961145,-12.300606172639817,-9.264786874545294,-23.13562336304551,-8.394598680945808,-24.114685791291677,-13.738688205818562,-2.793343431882467,-23.04436304436304,-2.150696392539009,-8.697001676081683,-12.001888467980349,-15.64193003492127,-9.351624833776595,-11.62353822944393,-6.190298507462688,0.0
2018-10-30,-9.598808225755073,-5.1098165726708,-9.724212246444585,-9.797210008482915,-16.78500850222897,-6.22589134646363,-16.941884111557158,-10.989624240419992,-1.5695362783647915,-15.587009378256344,-6.09942129349379,-9.517146318031822,-9.75461613216716,-12.549607549166597,-8.211724482988657,-8.083851187391321,-9.290116126451586,0.0
2018-10-31,-4.694624049735408,-1.9516944913316014,-3.700234192037466,-4.233245512330708,-11.060681047282205,-1.6228684970422846,-10.500073840181711,-6.91847419596111,6.22567644035894,-10.671319680411429,-1.7043293007684812,-3.9484339775438193,-2.7379631955976813,-7.42169025357442,-3.515769742147823,-3.6398342660460825,-4.399003801284563,0.0
2018-11-01,-6.355205032726596,-4.408789049085748,-5.063608447703216,-6.0816596882170675,-11.699327638599765,-4.4583321471986075,-7.131320530933327,-8.11388104419628,2.977989265256409,-13.466894259275907,-2.8578686650577945,-5.07822742767241,-3.3900049025245016,-9.505579833146738,-5.460690432123605,-6.5307711019216725,-4.361432419584865,0.0
2018-11-02,-2.289848586559251,-4.373661949767637,-0.18161078564010724,-0.5547949112898687,-7.83457796697814,0.8031272947911061,-1.195517785325495,-4.446352680910525,1.9427562784877894,-6.574615947329921,-3.6516711467261653,-2.5132766571234977,5.0668898379136795,-4.630190827777481,-1.1778397250263861,-0.6966933063965008,-2.244677771637582,0.0
2018-11-05,-3.179309316028933,-5.882920268170877,-0.5555566936182643,-3.577133040385616,-10.169531685009892,0.12321183617478582,-4.486197396902147,-7.326242105187353,3.871018517477487,-9.033842794759828,-2.1041905489746493,-3.3034481246848935,2.921467127346955,-6.068052066681895,-2.0020600672232325,-1.7625530524011612,-2.7714176052516692,0.0
2018-11-06,-3.593524366669598,-5.650212816728606,-2.190364731784067,-2.9636713505564516,-10.658762608807715,-1.5624225438620853,-4.394347565470813,-5.340486236116937,0.8567417282967948,-9.792843691148779,-4.603913326327391,-3.571892453565395,3.718632561522628,-5.230328048513188,-2.6543408360128584,-2.620242133611661,-3.2765896293586505,0.0
2018-11-07,-3.240686865489617,-3.814376886162363,-2.327314264190794,-1.8225118957937991,-12.444734965533621,-0.7752592806867575,-4.514524444941248,-3.947223910321651,1.1784696338522194,-10.21520021792427,-4.583537481626654,-3.041086320569364,5.634482716479372,-5.41686640362845,-1.9336762566191212,-2.1053050107849636,-2.595603177535577,0.0
2018-11-08,-2.9509428362071377,-3.883507711104095,-1.6660310117575627,-2.358856560672973,-10.019053479922835,-0.30147864632388277,-1.8096694809916603,-3.304749340369406,0.17516522486702435,-8.08272374243656,-5.510104699293883,-2.1057013891932153,7.401150691639136,-5.3520791789392845,-2.045979362575967,-1.9847170387293112,-1.7749993391662833,0.0
2018-11-09,-3.498156551988929,-5.591341778882031,-5.159666541058694,-1.3706925943498538,-8.98478190591363,0.62107135266396,-7.607542184084948,-3.990632522891413,0.738827613946702,-6.217664449371762,-7.3594940347851185,-3.287137288869646,4.663824046638254,-5.472207329595536,-2.517056831052833,-1.991833433607193,-4.13201797427819,0.0
2018-11-12,-1.218365699634394,-2.0527843841384286,-2.389583748588142,-1.0695005437315608,-6.853586455620109,4.009291579195806,-8.266425872335482,-2.313771019811983,2.7194719471947293,-3.274061529777028,-6.572349136364741,0.14226015826441785,7.584715658110142,-3.141118408846355,-0.08242165821387148,1.4690138569062317,-0.8943573460342691,0.0
2018-11-13,-1.2562095367042003,-4.186373431719126,-4.067130143233988,-1.1229091258913582,-4.459469725746413,4.053861773836465,-10.61069777092719,-2.4313298479300083,-0.6849682170459559,-1.5393496247835259,-5.060638927233296,-1.6445204578344974,5.291675075372582,-2.9794829365337505,-0.33259852264376777,1.94956547689491,-3.403195683751814,0.0
2018-11-14,0.23021373527842837,-1.6438449289724155,-4.581914545014176,-2.390151029482568,-3.789615469298413,6.28767578225673,-8.320791795382442,1.157816423323732,-0.8154965304710604,-2.4888197550068103,-5.082047514082777,-1.103674482514072,6.195176122680723,-0.07541478129713397,1.2466371751145289,3.9979743737174944,-2.161798108921875,0.0
2018-11-15,3.0047110475297734,2.608649396244478,1.5630679752817178,0.13017443374121473,0.8591317825314304,6.909541763662319,-4.674198190708867,3.2309371588959968,0.15659761971618114,4.416692049954318,-3.0376762153213277,0.8512645433718102,7.836197229861375,4.464693841047751,3.1941297689934256,6.706097475963491,-1.648490322923446,0.0
2018-11-16,4.827033390947122,4.418922334744191,5.788197890410252,2.4366727364921514,6.240008974394939,5.906823965200281,-0.48621373808959145,5.716695304002384,1.581195649804945,10.186164586418434,-0.012574187707481421,2.198350104251645,9.5830565632824,8.905950095969285,3.806107421393734,7.264127864307257,-1.8257030348832526,0.0
2018-11-19,4.262194183720558,5.84072528045918,6.04802567432261,5.481608411639005,6.617697819873802,2.9233883131787097,-1.528659382415254,3.5303223808970774,2.7751431090083267,9.752083119020671,1.738009283135633,4.62550490478939,11.33460249088194,7.116780960064539,2.7902064548365857,4.286218653008089,1.6260834814723069,0.0
2018-11-20,2.6058166518039716,6.651788515631596,2.9021469646361986,4.384377430486519,4.626764386536375,0.3057516923729908,-4.1715120847345855,1.1558549927372708,1.7492172551748064,9.643261026010075,4.3605026188817675,3.680072917853483,8.387779660910155,3.551499194404051,0.9753535444810835,0.6031237651560994,1.6096745002330826,0.0
2018-11-21,2.5730318208312397,10.031447583676002,2.7794872013270577,3.920447533002025,5.449347622854184,-0.6341395690285245,-7.4539294273200385,2.620247437477574,3.052833287708734,9.478820598006665,5.329497907949787,4.240331491712701,6.901390803157481,5.087400726343927,0.7047768206734473,0.29095489418402565,1.760344613345488,0.0
2018-11-22,-1.2428435114503866,8.289831489510412,-1.6198900584460496,-2.092685282124096,-1.1429764358967698,-4.404140057576155,-10.16062394148931,-4.341766560553206,3.107911146179232,1.2136635020064457,7.63804811285993,1.2912771538099443,-0.44512123696849315,1.8930786118707577,-2.8055146273463727,-3.364298643210817,-0.8708409604823997,0.0
2018-11-23,-0.9360013866687278,9.621759950369313,-2.6554907126833616,-1.1278970462643922,-0.2360698977909581,-3.7785356568797446,-9.706530496620891,-2.4020080196450078,0.4264715433074162,3.7903790379038016,5.5765177340029615,1.3556401886108072,0.2048862075144875,3.0807530729733967,-2.3405820752681716,-2.38752999536207,-0.5376856376679506,0.0
2018-11-26,-0.3158469003933684,11.192850211266236,-1.5050260208042898,-4.959068085575757,0.3107829895487857,-2.4021121194460204,-10.887628546514572,-4.803710078696366,5.511103316745958,3.9665970772442494,5.203797933168985,0.9002334770114917,0.4371329223037179,5.363836984070369,-1.5827401498510807,0.6132798082805424,-0.72263118795165,0.0
2018-11-27,0.9972626991037625,8.477035609288631,1.3371505698608788,-2.664685271385603,4.548724701027562,-1.7835477048942283,-8.845005706927346,-0.6509840989129878,5.7836285822634,7.392799352750812,3.227297234845561,1.7269718325715555,-0.08329766188091003,6.556530214424949,-0.42083549358542527,1.6403513225364152,0.09889588836957675,0.0
2018-11-28,0.7449955319382529,7.392216479991798,1.4855253033503768,-4.604400302403045,0.918022437625754,-1.9381933959567,-8.987468763110373,-0.4426556305947793,7.906198373704654,6.573000589506783,6.447290437292241,0.9221747207735609,-1.4418254764292815,7.405939828550978,-0.31212564156106737,2.035454687021221,-1.3253676717932206,0.0
2018-11-29,1.3427033349471929,7.9542316252321665,3.314154102429012,-3.0797197793431486,2.0324935867920946,-2.2145054843669243,-4.596936136550356,-1.5067040375729035,4.44983818770226,7.1717072209634525,6.741660201706745,1.6658456853701153,1.4569475452850478,8.900745013217959,0.12499999999999734,2.8917323726092903,-0.48488766769032576,0.0
2018-11-30,0.7892561188979297,6.174053804880919,3.96555794972806,-1.1502544398152903,3.7038032883857763,-6.375685830508793,-2.6601148802770425,2.4559869954606794,5.149295291950473,6.186168660636127,8.58787533060208,-0.3751220811506695,1.4982026162556838,8.034671008524107,-1.2488932638953787,-0.16274081410221353,-3.2546156002616455,0.0
2018-12-03,2.930625763435235,6.58537175225653,8.140329236613919,2.1618676512796586,5.397847752332496,-1.7371951445565914,2.737397979697498,3.532253502824423,6.732865623313544,9.409810435802225,7.251720109048421,0.8204030675940777,5.3707296107426306,7.574450960101187,1.380289029196713,2.8696880993237084,-2.348281417830289,0.0
2018-12-04,2.238824012959051,5.806948985830873,6.452920259976835,3.5867682157612713,7.094298983644065,-3.0728347217984786,2.1356954484302193,3.7746112004902965,6.4951809266148075,11.724825523429727,4.9258160237388715,1.0442811043384737,5.2398129435540675,6.4389777883926635,0.4358146231370874,1.4811057570377928,-1.45639585892261,0.0
2018-12-05,0.6345603095696539,4.4350783331778,2.810008157014199,0.7699741951942007,2.6349256815833444,-5.261759445187608,-1.5014582656305953,2.16307664421016,8.508825844574552,8.022170361726943,6.146682188591379,0.2739359925168827,2.820378761473208,6.4379274591684466,-1.0266056918417643,-0.05628338685280676,-1.3533225283630435,0.0
2018-12-06,-1.1331485375645212,2.8814532681278537,1.1236887876032942,-0.4993952635480525,1.170740721186836,-7.044272088609271,-3.861947875600491,1.2100471940772461,7.6101998562494,5.1934338101180755,4.238034155788628,-1.357165033042096,1.3417107686568785,4.089778887099982,-2.6022489525313164,-2.5974750008869396,-2.1486643437863107,0.0
2018-12-07,-1.1806375442738992,2.1008575976993793,0.3636461088423415,-1.7513926070469088,-0.6319606319606264,-5.68829723165627,-5.909657836421833,2.0043960644756,10.370885086424032,3.992876558252889,4.250519592436763,-2.521564561318368,0.4565552817631158,3.139798713953512,-2.0946804397061203,-2.3162628533892504,-2.387893744830305,0.0
2018-12-10,-1.3824198830297063,2.604153343190574,0.6236654041380962,-1.5868690863144908,-2.4594948695663477,-5.384495376859089,-5.671988127157479,3.8442149644068335,11.504065474982106,2.766057196436922,2.561376616312705,-4.004395604395605,0.1470656622023725,2.9714524254527808,-2.035896661465064,-2.152543774419624,-4.442165488206406,0.0
2018-12-11,-1.135537309479684,0.09292443234472092,-0.3086982464282295,-1.6614717901237475,-4.5407238946922,-4.474642882206958,-6.345534098012006,3.1888288370466755,11.770956190961934,3.1294452347083945,3.7638413029445372,-3.893379267700192,0.5403314658102731,3.255575493463203,-1.5247819325174161,-1.6778680229389886,-4.242646260718552,0.0
2018-12-12,0.609676562235828,2.209862567474552,1.9457864497293587,0.2619584137966591,-0.7114008922207815,-4.204734554673017,-8.319124580741732,13.76696787548266,10.63696366129221,6.933565419205112,1.0538928012519655,-2.215435008742228,3.4351100129426992,4.004989699295014,-0.17357295417785856,-0.5263157894736858,-2.8853073361484904,0.0
2018-12-13,1.850321752823847,2.666444336648066,5.172085424796213,3.801800996803073,1.427702720566848,-4.531163988675269,-5.925446048412386,16.453942496795193,12.327010131493864,10.16573520909616,0.9242827565808964,-0.4808767613509346,5.738794537206493,5.248113207547189,0.5058458331445248,0.0970933955832809,-1.501341216401153,0.0
2018-12-14,-0.6548184847000926,0.42326577233642304,3.279353496492532,5.651023204063055,0.28236770550094104,-8.45555917022558,-10.328737212405482,14.197170198654586,9.360910847478765,9.99235035379613,2.1665420094739485,-0.6741573033707815,2.3734020702536274,0.24969131568115532,-2.439979415120941,-6.031095164872713,-1.3959183673469377,0.0
2018-12-17,-1.349420316087302,2.0298868014933413,2.087840269361374,5.513437460241422,-0.9620877694105578,-8.753669785412654,-15.62843635371265,11.132338949759092,8.785963762252514,8.51304265938413,1.5122121076456274,-1.3545816733067761,1.5087130203207177,-0.1051890200956862,-3.078490996604699,-5.6273445187586475,-1.9042334343871925,0.0
2018-12-18,-2.18715314341007,1.538473112455252,0.783052693220454,5.982722038515886,-1.3358355814468759,-10.094104364655953,-16.47192749690355,10.868919731703052,6.237324531753274,8.334101594911036,-3.7982037812583247,-1.1931956796557897,0.9974442298574138,-2.2639336296722767,-3.945206989691852,-8.582484504462807,-0.32045163225788986,0.0
2018-12-19,-1.6678492029705172,1.6186960142055895,2.6887624782517383,5.255478457801033,-0.7349149045900005,-9.655019158705347,-16.25440005740505,13.17710216042023,8.548693753960968,5.66228513650151,-2.2094628970128705,-1.5394441263269165,-0.1519963702359406,-2.5052081494297385,-3.2871905712572924,-8.594720420957913,-0.8486275783660902,0.0
2018-12-20,-1.7521436815047364,1.9358193470869312,1.0506049929823291,3.797961645576531,-0.17501101921232332,-8.489109885932534,-15.29423709539861,8.685142083086973,10.474638419229997,6.934139415590357,-4.002101341993402,-0.6528084129848732,-2.1470882767282817,-3.123254638782258,-3.1491897310241157,-8.292374106457434,1.1259676284306686,0.0
2018-12-21,-3.3040484443673135,1.4521618555401572,-1.9593204362230665,-2.7672887094239873,-4.812081127638967,-10.78550766408527,-16.129188436787633,6.9608103718141745,7.355796456597341,2.1077074216308,-2.1012878861237594,-0.9707235096408917,-4.377663004834065,-2.689077127256856,-4.755942193813656,-8.517068479978018,1.352930662303553,0.0
2018-12-24,-2.806536287747996,0.4328993452491714,-1.4236679537453223,-0.9666112380519509,-4.132989755515048,-8.423519278512448,-15.579859013091646,6.774105435673317,4.532102808375482,0.481884704622515,-0.718079874090094,-1.0423597249944572,-3.600636391548273,-2.2806623883678157,-3.69554508874953,-6.76363272854501,0.9149682226605282,0.0
2018-12-26,-3.4883001556172077,-2.582539501312997,-1.3852232063343073,-0.5737375704392367,-4.9254598257502336,-8.016215374758618,-15.146984510142115,4.052695389892658,3.154128987379501,-1.2512377351696857,-3.2755721283907246,-2.4231520966595643,-4.569620610751723,-4.905491755663805,-4.059281223525224,-7.523594511290666,-0.984419069525444,0.0
2018-12-27,-1.9456757658228185,-2.0307884856070157,-0.13936209515208464,-0.6893796808218666,-1.7834079137910686,-5.12259020863719,-10.746365463475405,4.073664825046031,3.2469021343621396,2.463953276145281,-5.622044204227395,-2.9674924688638082,-4.220872585895541,-1.1330563233328927,-2.841807557371745,-3.207376341176582,-3.6063763715409536,0.0
2018-12-28,-1.6726403823178138,-0.41268276489907496,0.13186786100880532,-1.107039952254929,-0.2841057186050211,-5.477606657319334,-8.460528686520286,4.106657285047333,3.34854804438498,1.4871563767462792,-3.2384332984853215,-1.699633368035125,-3.971688110725846,-1.4166788374470607,-2.773671560274893,-3.563503188996542,-2.2045953379823846,0.0
2019-01-02,-2.1321556731700886,-3.3446025121293244,-1.4343525460225215,-3.0705526357700186,-0.3870041094250709,-3.755452335208298,-8.315694771017412,1.9153114587700415,2.181870448447687,0.07299270072993469,-2.668563025817805,-2.8893264343605396,-5.778216327596708,-1.8427235454001045,-2.874662434128261,-2.616636824119112,-2.065917306823317,0.049554013875119374
2019-01-03,-2.8870368295688564,-1.4555518476048968,-2.712487167017874,-1.7472167519859139,1.389057137088634,-6.691761160615894,-9.651821932531291,4.617379261572929,3.4128395014782598,0.9103448275862069,-2.588888357180452,-2.959626829660611,-6.719593373669541,-1.9980506822612099,-3.6306519723967368,-5.21240208601651,-1.6917692732759892,0.049554013875119374
2019-01-04,-3.472632372501294,0.3278276056004392,-4.971168486513711,-1.7071685984221374,2.1455062676964287,-7.812885388928303,-9.035147842714386,2.708944204566932,3.6255343676449447,-0.04521613311628814,-0.7283374065380932,-4.110271151147515,-8.001979308265895,-1.4937849821908933,-4.231705045190504,-6.916173876958187,-3.3736927464906863,0.049554013875119374
2019-01-07,-2.7892438739233305,0.28152238644361116,-4.309482753417027,-1.776640642746985,0.7754867971743629,-4.194991710555229,-5.855602234830448,0.008888402685669483,3.4927123214062883,-1.2944983818770295,-0.25642904242069164,-4.21395662433981,-5.783628368474458,-1.6752866093597385,-2.9589300508935934,-4.695690758244931,-4.328132164343989,0.049554013875119374
2019-01-08,-2.131556311552263,0.4667812283042805,-4.199623847806144,-1.8208911739912237,-0.37021587235374076,-2.2122905335136056,1.4028300100105584,-0.742569123229142,5.200763728591373,-2.5993219160219017,-0.9370653261426609,-4.746651135701807,-6.307192142865259,-0.7599810232829629,-1.9947250731036092,-1.9812834224598896,-5.360543091315506,0.049554013875119374
2019-01-09,-0.3080503502986387,0.08193794240374253,-3.211651327265097,0.3860903446677888,3.340368908874014,1.3538956534694169,8.56815327828302,1.7129127802210764,0.21937464104473392,-0.6421938731233312,-2.521193708041347,-3.4150062825345606,-4.16172377606423,1.3167051239790561,0.12801097236905257,0.909836716331025,-4.148673445454665,0.049554013875119374
2019-01-10,0.056738001367540036,-0.33736141879494586,-3.0666916753653406,1.9924363865708727,2.9905159432541906,3.2228929586930244,10.024233989970476,0.2808622264339977,1.854728528382421,-3.250787167049618,-0.1786612984398528,-3.842786918363228,-3.6555273749477646,1.4251781472684133,0.6932448795716528,3.6921751305939887,-6.004186103777065,0.049554013875119374
2019-01-11,-0.15729926305054764,0.33738924402102466,-4.0402948009292565,0.6324569614104103,3.260163657617876,4.157548783110365,12.058074497203375,-1.0383679682509417,2.2417867568694794,-1.1309264897781612,-3.906849993806516,-4.1134497953340565,-4.856519664644532,1.0131648045198505,0.44412851862383196,4.297232372626558,-6.0813301117982,0.049554013875119374
2019-01-14,0.21357979146845452,1.2468056023296814,-2.6343336012682794,-0.1583069289173178,4.372556913367021,4.071446693077796,11.816599623149916,-0.011706054095750318,1.6032969464522706,-1.5932842213465803,-2.8680165165912097,-4.462884054720783,-3.3025740650801327,1.4092755957392455,0.5416439065060397,4.497991531273948,-6.898904307721709,0.049554013875119374
2019-01-15,1.7312720410964877,0.7005293109018096,-1.680546662438387,4.224383005502097,8.370980951626116,6.067549242812875,14.619632669161708,3.320862554530879,4.104105047003648,1.3207382139420965,-2.7670623145400586,-2.8580998102043065,-0.14987404815568484,2.0000000000000018,2.453082571230092,5.199875580534785,-4.555382215288606,0.049554013875119374
2019-01-16,2.4861192889572115,0.8575638482302139,-0.5919204484935658,4.366113815638473,7.834318905948834,6.7755173739726615,15.070166481369252,3.5780216133247666,4.4846540152083225,4.182948490230909,-2.7915386901813277,-1.7391304347826098,2.1327851289921096,2.3311350735712777,3.129885057471271,6.175149299338467,-3.0023345458493944,0.049554013875119374
2019-01-17,3.897909773620434,2.706545084880485,-0.331261750145706,5.307767261260654,11.00476520180833,8.583970415872955,17.061394442311652,7.06571936056839,6.371623444183272,5.7338195077484055,-1.0532416156424085,0.4256481460405581,3.792619607239489,5.037309926132005,4.702758913165983,6.888395915571066,-0.6042672050221909,0.049554013875119374
2019-01-18,4.724813156908758,3.7594503649840183,0.8574816921903761,6.05549866127062,11.167047447000677,8.79990419675314,16.770014103698028,8.621177802944512,5.28445079561255,3.713929462059129,1.1172470215268238,2.356239284555861,7.254931395802688,4.3888395171443495,5.800271842168203,6.255846208431426,2.3424300564130585,0.049554013875119374
2019-01-21,4.094481244855563,2.078530104721965,1.3998149717021624,8.262925661370435,9.722403743105845,9.683034978839933,14.708225546432718,7.224021402421843,0.7262516657148499,2.4067495559502827,-3.0201763863413555,1.2202141130424726,5.7688520187401116,2.9898148148148174,5.341163635519552,7.510513216615178,0.9531385388997116,0.049554013875119374
2019-01-22,5.36169154228856,4.408544182171337,4.185803273572297,10.155635826826392,10.16928786948279,8.337575933291074,14.839061388954743,10.069933098057904,-0.5560921631328597,4.868708971553604,-4.04943530810381,3.545831761599394,8.321320766340179,4.72333036091428,6.188130452162044,7.067737683934205,2.3445272735137523,0.0
2019-01-23,6.7251843306415315,3.9909151554964772,6.075662743255084,9.158091721394124,11.618675906381505,11.695536404500828,17.461733653758536,9.168685218566907,-2.051828903944619,7.69090577729179,-3.1980742778541904,4.181762212592655,9.903768043491844,5.673512661493851,7.559213143566268,10.458466284657831,2.3579262931842093,0.0
2019-01-24,6.704638726526557,-1.0695187165775444,6.373600446141325,6.957928401735103,8.099842531981615,14.73661861003257,17.193386605235993,5.384007413060066,-1.5277790653477896,9.047317470370043,-3.8731536099059105,4.9355615351933,12.744358578052562,2.7736781906062102,8.120582635298824,11.936672109313617,4.643255053464723,0.0
2019-01-25,6.903441166363944,-1.5342105392313288,6.32302940205518,6.266691010894054,8.290115233895046,15.93982924515518,14.862216497216751,4.739148566701523,-1.0096702114837153,7.576428887904307,-4.000783507173999,5.204129516658851,9.45303103739208,2.052072127919491,8.714767770750198,13.63722491405679,5.453410015103999,0.0
2019-01-28,7.506653433863142,-2.1520184668767595,7.1153094324869715,6.000350257585252,10.566807976134406,16.95872890017307,11.799783881855408,7.38790323142402,-4.024451908838078,7.4348446983220295,-2.4387239807858063,4.957317216565138,9.788589280839567,3.698460124109393,9.49915462964588,13.230039008156247,5.349254253597513,0.0
2019-01-29,5.746569736185725,-2.234463477043158,6.372499769756934,2.739577617047928,5.822877947911254,13.454523387297957,10.515454884006225,5.548390600181907,0.22359174777346613,3.0483011616735167,-2.465753424657535,3.686753705338486,7.356625545260309,2.4554902846814386,7.516737153913322,10.046471618743901,4.142556927771546,0.0
2019-01-30,6.926834942421767,-1.3512877254107991,8.639321574747516,6.069478571077247,8.140310375785553,14.482072205819518,11.152158552648794,7.959214418757532,-1.118113998015513,7.203799806491329,-5.603872041140445,4.738672704778368,8.189229983004731,2.870214040629593,8.870347256655343,9.888546113655972,6.106825789550263,0.0
2019-01-31,6.228650443010819,-0.4491596090884675,7.32490723078143,4.80721682985068,6.684276729559757,11.790815872188709,10.608055869434097,8.221059426201371,0.42057938435879905,6.942366915970077,-3.637723007115601,5.2276756555005965,9.476304760540177,1.747859991932943,7.727975270479126,6.921510390216623,6.983808610214837,0.0
2019-02-01,6.729893631449446,-1.5623662462365573,6.871841793341504,6.000292206470204,5.964912280701751,14.432650688504879,13.128116732485196,6.704222248238723,-0.8402675063292286,6.223885793871875,-4.207534123793188,6.115023474178405,9.873597857023263,2.184702570025965,8.831788261264917,9.413980004785527,8.900646333777896,0.0
2019-02-07,5.065850332351074,-0.6169351157000125,5.566637973362476,5.543377901198898,5.254817830544001,11.945109855454206,13.441950064842656,2.6509356439943232,-2.031324930554934,5.740676795580102,-5.093970143180481,4.1765314331686065,8.065512443785039,0.857899223762737,6.51847452118659,8.453727021543411,5.695239990334988,0.0
2019-02-08,3.3687859076017457,0.49483462106085785,3.09991289162983,1.029429126339454,4.535395539991738,7.671735775072253,8.53389507206954,2.096016234112996,-1.2302268741879452,3.0687920893359477,-3.4373805580328765,2.7301341118511235,3.408781638392444,1.340968656877184,4.173957625135127,5.033399475908462,3.7921191089219874,0.0
2019-02-11,3.4963408730648515,0.45297135315889303,3.9269872779615023,1.3802547089538653,4.101999633094855,7.739471102973328,8.999213767064829,2.5933176283221115,-0.10052708797479992,3.5606517803258964,-4.077007308564006,1.6795104261106086,3.7133583932737357,0.6576239643540926,3.9960494484763798,6.659646873903169,1.9796332878884604,0.0
2019-02-12,3.1158792626207354,-1.2356531995735165,2.5352904854772484,1.655753954403938,1.726589477960605,9.478660854384934,8.582880913192659,1.2003127850905848,0.2888821635898209,3.4693001288106373,-5.724254759677372,1.83571380067451,2.1599287861737704,-1.616636367667279,4.066914416152967,8.08074675571071,1.9558465541845038,0.0
2019-02-13,3.6180757880269754,-0.2948801678244184,3.4396955799618434,0.08155898748058998,1.923695400998171,8.392060295609017,13.99564487332956,-0.08864025843559054,3.5493229260179726,4.683028358338381,-3.375910044822139,2.872739679290337,1.9879133962679374,0.9071375270837789,4.4285667066976675,7.113064649710132,3.9214858590122414,0.0
2019-02-14,5.103481492324469,1.2831978654544773,4.3145533444518325,0.7313340018679115,1.9534894993880059,12.512460537629376,19.894903262291884,-0.9304063889216785,3.074195616913733,4.5122587376108525,-3.218812111200031,4.19626593806921,3.9502269134089163,2.213916301415275,6.508417154276658,10.355919839516915,5.5777060820806135,0.0
2019-02-15,3.21038829202267,-0.45860103423960297,3.6659336410429955,0.024129610479151076,-0.2830671154509412,9.223147296081446,18.039334193632683,-3.072814876448837,1.7644464049404451,1.201556947029947,-5.874143618370975,2.950201150078402,2.096896161565631,0.4554736748646038,4.239627266102852,7.119450690166285,3.866570917641754,0.0
2019-02-18,3.070353328391673,1.1230817023920592,6.197183098591541,0.7057226766970182,1.6914464575934485,7.298671826402803,15.665260657684588,-3.0426068403698214,0.9131904237391852,-0.48120799800879244,-5.084058118011003,2.6160109768990303,-0.6662499177469305,1.8623394573636487,3.5874146080831393,7.403406233975707,2.4930862831858303,0.0
2019-02-19,1.281150555854027,1.0050990145892502,3.8493028774844396,0.857698554695463,1.1632489758870657,2.3260706938470044,11.84374949935114,-2.74146067635751,0.34373595084669084,-0.9308072487644203,-4.6138543154458205,1.2467103795887446,-1.6340566042893356,0.8423779534592946,1.0684673903752495,2.2019485005121187,1.3289997383316488,0.0
2019-02-20,2.4094061452257343,1.9964938642624608,5.987077681874231,2.851570118977964,0.2414086907128743,4.508733676942889,12.383657104672817,-3.1933318198034577,1.855284078614372,-0.407078175625164,-5.4437571013760895,2.4243239004279493,0.29340096474215205,0.7012535683256882,2.389297315780481,4.782577272398769,2.1257161836751637,0.0
2019-02-21,2.074783819434245,1.3738694823991704,5.026947998921671,3.13348906407962,0.46513300646151556,3.5229197496746245,9.819382666127519,-2.6630910119874507,1.2345100391818686,0.9069333785387323,-3.9093907844552134,2.2741021217485002,0.6191761686465291,0.41899318143727715,1.8499938952855732,3.3730839624799724,2.1478328173374583,0.0
2019-02-22,1.1014413924395061,2.078183718172877,3.2063965306952102,-0.8219329336292547,-0.4720281793706982,1.9903251327593852,10.279269981910444,-3.8279788145000104,2.3302702853373214,-1.3948145717098681,0.4539870747209518,1.5088368361229287,-0.12632989679397522,0.14118311449951015,0.4999345635388064,2.4538485533069254,1.2865882094752257,0.0
2019-02-25,1.2567748372905196,0.788958046606103,4.0511975855772375,1.029232355776033,-2.078666257929118,3.174130186955826,3.3405280015976757,-3.4010583890658475,-1.3909448676752034,-2.106302451867703,0.733071140005892,1.3101598350661714,-0.41117927743694604,-0.15328370699907445,0.9076050682937264,3.7944500949931736,0.7377015772956241,0.0
2019-02-26,1.0501665562342888,0.8271238996320207,3.512499610846498,2.274016246201138,-2.5527218073364333,1.264904902420949,0.1303850148199226,-1.51734197312543,1.650850590700692,-2.384659509956566,0.32347751697587857,0.4822475389890446,0.46147901848636597,1.6001836855444873,0.4356279558591636,2.1303198569961657,-1.297372954349696,0.0
2019-02-27,1.4236958909331854,0.8328180985228251,4.271065849571776,-0.6702460611079153,-3.341053850607989,0.8903376556952391,-2.9881944675671623,2.0683236685735906,2.924986608049962,-3.4451791983019064,1.5970845168551406,0.6531044525837304,-1.2917356696404703,2.520664466015954,0.812225466214267,1.1487931561258824,-1.4859340541122035,0.0
2019-02-28,0.8447210674995986,-0.9277816171389008,4.620135420839899,0.2836625927402636,-7.357046480249386,0.3141292597991008,-4.561084451508391,1.1042968852158719,1.4212516213307325,-6.277396410553305,-1.0132995566814351,0.754867787127278,-1.2232700954051934,1.5030202115033697,0.7922497539264883,0.8450866718583194,-1.4196349125030316,0.0
2019-03-04,0.45535210686329375,0.037783188703555126,4.557505290439168,0.7585851057730908,-7.356759360424814,-0.621923707344374,-1.8445729362345453,-2.099571159679958,2.0352289519250943,-7.117882117882123,-0.22034618243601534,0.2362854149484006,0.36739026415799625,2.2150914214095874,-0.07949634530224348,-0.153568073102206,-1.7652274742514074,0.0
2019-03-05,-0.5131318849379229,1.2226895679946503,3.7304682065530503,-1.805488795806709,-7.729984965232106,-4.0738536861376184,-4.608133330819553,-2.9941662052001883,2.8978748308277513,-6.99643123910697,0.8716174538042853,0.12224938875304847,-0.9749280723386766,3.332371869986117,-1.5926502845153845,-3.048303819273779,-1.3378890169603141,0.0
2019-03-06,-1.1755727964823715,0.5969630805875425,1.92306187905813,-2.208972395263853,-7.944558713537764,-4.949483952064915,-9.965379570362632,-0.2779858838373839,1.8534573230272189,-7.613288045729427,-0.3459001447954191,-0.28743256389845984,0.11452662329038965,2.5633029811650276,-2.1253923456334367,-3.4020988304120814,-2.7526165427786187,0.0
2019-03-07,-2.6982950333580447,-1.684294230712946,-0.0917753386277198,-3.5895718575014834,-7.346875705744605,-6.619505202954179,-15.902964031551136,-0.5949899070121445,0.4931201053941292,-8.010980783628652,-1.8589641009228108,-2.0147280554159375,-2.1834515056022297,0.43143891894736885,-3.7603950103950012,-5.371200888697103,-4.8053057193947035,0.0
2019-03-08,-2.6706555742251004,-1.9230438108637893,-0.7008873762568535,-4.0394711146339635,-8.642549587910441,-5.162106804678002,-15.780314824424845,-2.918687987862101,1.3299025168543643,-9.289297658862871,-1.6309475670575613,-2.3424219008720604,-2.3974338269281192,-0.3773985133857183,-3.3681445548329636,-4.530308734939769,-5.072866535619869,0.0
2019-03-11,-3.2923392841796684,0.0572630709718025,-3.803147707573429,-4.034930761747269,-8.948739197348177,-6.046336563515253,-13.15061800080015,-2.2265343682483896,3.231614594508847,-9.320550229262203,-3.352746313314814,-2.595352915387983,-2.8865740357385317,-0.31543517718999325,-3.9594945236553936,-5.92477913024132,-4.315799414486731,0.0
2019-03-12,-2.1966512969083807,0.5818099272860922,-3.2989027144582073,-4.264515821296911,-9.3158609291069,-3.7976789456079185,-10.116133745393851,0.13154097568506273,4.43459187007047,-9.395526731520743,-3.465333297681761,-1.5243298015287343,-1.422775523814812,0.25689178654948464,-2.475896481732065,-4.504328126529533,-3.006415135370233,0.0
2019-03-13,-3.648374712973612,0.4291971949949902,-4.928874841313268,-4.838450589216947,-9.538650422628326,-6.848656497548777,-9.959086308070187,-0.9273528899371608,2.7100671512889862,-9.818151484818149,-4.2217415685332105,-2.4369435390370286,-2.268169597602354,-0.20424512936993988,-4.476622834481326,-6.016894206583867,-3.627666205924618,0.0
2019-03-14,-3.2746134448502717,1.3453865767111939,-3.11757608459422,-4.5348661456527495,-8.618817492989672,-6.885463867633201,-4.821399563200545,-3.7646592448217775,4.0065185788757285,-8.080638387232252,-3.5722906106685937,-1.388888888888895,-1.2582774160138421,0.3452152983960177,-4.430742609348293,-5.693800862208088,-2.9618704841284815,0.0
2019-03-15,-2.438466711499654,1.3323128941999718,-1.5139975839067232,-3.1595611794804523,-9.710554224907353,-6.564905686085143,-7.041371482249792,-2.462076243239686,1.691560357742783,-7.755034115493431,-2.2171416418545364,0.6345233390418592,0.03574708661244763,1.3983857324122217,-3.3972288780081294,-5.218703004917479,-0.8030442554574635,0.0
2019-03-18,-2.3770917690902005,1.5439907429199096,-1.0415342867181598,-4.026063557720105,-7.497802555056532,-7.471097067528342,-2.810358411749858,-1.1363785651414382,0.42838704952996576,-6.723819129265419,-2.4089665613131084,0.7636761487965105,0.6253388164559448,2.332783370536684,-3.5087079705012236,-5.1903210150454075,-0.7026298044504387,0.0
2019-03-19,-2.19976646007366,1.6709872649134594,-0.5658022361406667,-4.799957581153668,-7.690083142547288,-6.309213716400652,-0.19191605659820699,-1.3231448774829513,-3.5811704972047442,-6.103089321692423,-1.7454099714871885,1.193228100301602,-1.0991034912380515,0.05736686107660205,-3.0345996682868637,-4.755498661701385,0.1513498772838906,0.0
2019-03-20,-2.581450606097224,1.0372263798287484,-1.91993281075028,-3.7716229632003495,-8.44066375127298,-5.50651921040296,0.05758523377317193,-3.9699290309827884,-6.550551412855232,-5.673459034412776,-3.4789259903993286,0.6466745582883959,-1.1533132725737638,-0.3063597861556633,-3.164804658759446,-4.290646826742995,0.08736127984274589,0.0
2019-03-21,-0.4809969755493193,0.42102535868120405,-0.5196198680192055,-2.2082746897220007,-5.143947669089865,1.9130544286832363,5.39035540716899,-3.452601899933383,-6.817109893698081,-3.706318390398866,-3.2762849221582457,-0.10577113770080526,1.3966216853826596,-0.16317199375233127,-0.06846515972550593,1.1735880715402436,-1.3539202144390972,0.0
2019-03-22,-0.16935535409420277,-0.8358533183574157,-1.3282545457991013,-2.5752020446853763,-3.475912094043654,3.3986778708788856,4.808519835733804,-1.4759806285801091,-8.911436491577218,-1.8015595590212374,-2.562192363974991,0.3535926345987095,-0.5150938950414075,-0.5148139451966682,0.9515113652746487,1.86380202238281,-0.502700976239745,0.0
2019-03-25,-1.577162575772173,-2.00917763376659,-2.295736544017901,-1.875049533568618,-4.432563172299653,1.9902589310904384,3.7405527622299983,-3.890422961527218,-10.07420573205955,-3.3821167231840144,-1.9834095501435667,-1.6028416028415982,-1.639770664541551,-1.4235992986680102,-0.36395744497565996,-0.26844989498587823,-1.9109609045771303,0.0
2019-03-26,-1.231844088986933,-0.4878578158373781,-1.362555717802627,-1.8893557422969054,-3.8123651136219516,2.115999269859259,4.654486107793976,-4.103648932734949,-9.388943643042735,-2.708034433285511,-1.8000807211085657,-1.771697192780175,-1.7761714497294911,-0.5577031663988263,-0.35518713349430575,-0.1706953666333888,-2.0884384049899785,0.0
2019-03-27,-0.9312998951883644,0.779042274207975,-1.0098734550878175,-0.41563388302233717,-3.352148813341882,2.0026958546968343,7.166573186658409,-3.4175344216889836,-8.543102428010895,-1.8086453246518364,0.19566812511888632,-1.1195111616600917,-1.3294703931362006,-0.9002086807708087,-0.31377420138796186,1.2995643864057493,-1.3134838863422926,0.0
2019-03-28,-0.43697133018939516,0.5933914351996972,-1.1115719293852577,0.7517842905814032,-3.8670931522945318,2.3116545349037176,4.599958100042301,-0.9959763378505238,-10.444976381392724,-0.3226103788367518,0.7371882707591038,-0.6013473798435531,-0.5551688329472282,1.2917420774335442,0.39294561238134573,2.044820412710613,-0.40558102337803215,0.0
2019-03-29,0.1202001777278916,-0.5135989506959704,0.8759688851430747,0.988115295296188,-1.9919127302986617,2.902567257329758,3.285364859355888,-0.44876385336742874,-12.721521847182682,2.537464374367948,1.0614478812505324,-0.4950940678728921,1.7195316052751153,1.499080752368842,0.6778973673250199,3.295788249669873,-0.8925046528678648,0.0
2019-04-01,0.5145606764386912,-0.6169583829066849,2.2058287760121864,3.6833963642920464,-0.0898273752180545,2.4124366718628165,3.8414648722300715,-0.9189069631833968,-12.059596374881576,3.0834174543452386,2.044151455557719,0.662118331282846,3.752043750352363,1.2122497305129931,0.9615176151761551,3.8454779756326163,1.510565551258325,0.0
2019-04-02,1.3391298681350472,-1.5644711750036566,1.2524890208969852,2.747019588076016,0.8352038419376706,4.880382656966908,2.5624294928991764,-1.0496557507879145,-11.931976582102044,3.7184349273887696,1.9934203189472477,1.540393282360597,5.191803602130829,0.8504106495408337,2.4478179404679334,4.227295411623122,3.0175626080965134,0.0
2019-04-03,2.2076560528464295,-2.291053310299518,1.0862334367288895,4.1479429090316655,1.576088375858542,7.032707543389116,-1.0168437261766083,3.3654407271878517,-12.052418852269287,3.015626427853424,-1.49631483799193,1.2151775003332421,6.571297856433489,0.30288440495469526,3.826835293925157,6.334337231587606,2.9337535033534756,0.0
2019-04-04,1.3979072749079835,-2.598506465909778,-0.21732464034771581,2.9317833271636617,4.273459152698966,6.676739585037428,0.6989473684210656,2.322043181618416,-12.450222325398673,1.298935594443451,-2.838344842586049,-0.554161666848485,4.672398816919365,-0.16858570497502168,2.825976771020944,5.670065461270779,0.9788262276282822,0.0
2019-04-05,1.381974682150422,-3.893269467554483,-0.9880963847230251,4.482049095619223,4.866968655628456,7.549334287662157,-0.9750911997063239,2.4051877641055652,-12.856036093515023,2.0814561182195046,-2.5065316786414105,-0.831722730135287,5.0940613725287465,-0.9682286502564974,3.112197807535977,5.767955693363747,0.8108218229230468,0.0
2019-04-08,1.5144974788989796,-2.7293505158886955,-0.2535077073148595,4.749096664446539,4.586988304093564,6.749317752258932,-2.1754383303435043,3.0981855856334395,-10.086552197417442,1.1712114438980903,-3.257214146235643,-0.6243881213967128,5.172092717553234,-0.3153368370759746,3.0033076312935503,5.471900063047097,0.7733046520809861,0.0
2019-04-09,1.674704882642053,-1.7338744074385515,1.1362230810655571,4.1898289927502885,4.337869667626282,6.236208667341581,-0.8251674156061539,3.0902438862439707,-9.455449822836348,0.3495876658300423,-3.2490777428610396,-0.6076710299915078,4.903061196554992,-0.5083963750642129,2.989642945671278,5.682767192992677,0.5932654146720617,0.0
2019-04-10,1.8083372999889935,0.5879565656390362,1.0461925451634935,5.00949750821833,5.306419589675726,2.325805811954962,-0.6472614837633839,4.764296909536614,-6.274334215854216,1.7137096774193505,-1.1768596863544811,1.0455959234994427,4.901322092354854,1.0505523702978525,1.9029359279401747,3.001234416667442,2.883642261995556,0.0
2019-04-11,1.7142595852671638,0.7702092808475891,2.335809601364369,4.219890297803142,4.834725944610874,0.6417207493780941,-0.7690259879040706,5.462604695452744,-7.115545931604927,1.907630522088355,-2.8152476653377723,1.385010858485125,5.175405258026666,1.3382750150785272,1.2397983740869423,2.8317679441430377,3.4738796075311607,0.0
2019-04-12,4.1303395093385875,1.3666641530301948,4.815057398684552,5.854503299616587,6.252580821333886,4.248232268163488,0.7593914199819585,8.068871684013512,-6.276373914160627,2.4291124041747603,-3.4449085878587415,3.738465356586862,8.283211333854723,2.831682993088913,3.7495947260347995,5.987635493975074,5.589348760049351,0.0
2019-04-15,4.378257632166793,0.027511475507346894,4.918568549485247,5.345867058761944,4.566631910990271,5.260970051712355,2.21061720036666,6.6844883036916825,-6.19592409844657,2.230414746543774,-2.019399386234111,4.7585724282715125,10.810917254145181,2.0694836336952793,4.243902702878133,6.154091376737036,6.3548717365337515,0.0
2019-04-16,4.800943317083184,-1.140081585626751,4.797573550761602,5.412979001067741,4.659065266734808,5.278262838408221,1.1395761067220844,8.984372307204458,-5.0995928687325165,2.891876957082329,-2.7746887629173655,4.296443311757137,10.051242517685477,3.8776013674249654,5.034022450483255,5.66503052795404,6.076704545454548,0.0
2019-04-17,5.534984258258535,-0.20793286311584502,5.44367203048155,5.893591690370781,8.77595643257778,6.3342008388036275,5.648869951106494,10.83886065607822,-4.212612429493367,3.1070834103939404,-2.56263772137435,5.03775473071324,11.937070038843522,3.0270118768174203,5.6947894205311655,6.795586516072305,6.861297122126797,0.0
2019-04-18,3.414818724978619,-2.1585735588935395,2.9823294728582805,5.063576517269364,6.021570994574077,3.225372933745474,4.619531968471624,10.468804592818914,-2.6299985503944967,-2.4388057025015675,-3.0524329203249434,3.3087570110367226,6.327642571739922,1.0868050717570021,3.718844066560334,3.5812921844069923,4.9736097082130115,0.0
2019-04-19,2.2077406976958702,-2.6643299681583743,1.7765206400098599,0.049426673470476246,3.136360674962524,1.9079494226028615,6.656691221608346,8.45712584895959,-3.9474352850304317,-2.7419211252559417,-3.8299720420184036,1.2133063709695469,3.324548295068608,0.8581405499781702,2.33312217486068,2.3822282388996863,1.1857762071726397,0.0
2019-04-22,1.8128955805216007,-1.3866638848942237,2.633716208376846,-0.4789481850624888,2.110835015789214,0.713173220569252,5.4597855330629885,9.356417371809766,-3.411655382981549,-2.86274859538036,-3.023262170953722,0.42397208850415424,2.0947991747273687,1.183509591413645,1.6668266308346835,2.0701698384234746,-0.2975581125533977,0.0
2019-04-23,0.7824733237415504,-0.7107033821910802,1.3555885025587022,-3.0654698695520954,2.712465772795647,-1.651308714142763,4.860562959329906,8.054649672221515,-4.101712758634646,-3.042668322540587,-0.039529039726693416,0.42360791027413747,-0.7386970452118113,0.9582740593990335,0.3535035192772318,-0.18115608849981202,-0.22215900624483753,0.0
2019-04-24,-0.24926015055313222,-0.16929501963472982,0.18821104069632888,-4.220035114838028,-0.41008505467801104,-3.320544263010683,2.160972494640334,7.545548866317309,-5.117588267689232,-4.336598397150482,-0.14550338575185506,-0.3203089006384219,-1.33983203516862,0.5301137699010416,-0.7603605682253156,-1.7797020012435771,-1.404661475232527,0.0
2019-04-25,-0.8648585044419677,-0.2680392688833355,-0.8667273223199379,-4.59959770153181,-2.4465325273388627,-2.9923604809339643,6.419811247895457,4.082321187584359,-3.912770630687168,-4.722393856474538,-0.050247047985929605,-0.6416152060614078,-2.3622128787721963,0.29513677282304585,-1.2699110643487943,-0.8107971071275366,-1.0791366906474753,0.0
2019-04-26,-1.4154528182393933,-0.8481840290236464,-2.660920291791513,-6.1231769269796015,-2.3451736102443888,-2.6683216548032074,5.31994494737047,2.6185767568298823,-4.394600207684329,-2.465535524920459,-0.016820386308202817,-1.600332764131518,-2.221655148709245,-0.21698968209704628,-1.7229366929463863,-1.2678112184611123,-1.9792215512233424,0.0
2019-04-29,0.1296553967364833,-0.5225940706531373,-2.127251243687489,-4.115219898611489,-0.41261679312724064,-0.42769558036371835,7.427960923268495,5.905691852863315,-0.3404246293507551,-0.3841000446628051,0.8783821951081849,-0.258579129596348,-0.4170233199022988,1.1339872426435305,0.2019652368643987,-0.6542313700266367,0.07456818243443131,0.0
2019-04-30,-0.9350878218297942,-1.54762110289276,-3.1786892975011805,-5.506977447891625,-0.5128269586093359,-1.2453537156474126,10.916848588654936,4.433192038923095,-3.48322774950669,0.27029462113705716,-0.6219321731369964,-1.536883009147083,-2.002943356052156,0.3174246224636246,-0.913113498131557,-1.382332491674887,-1.4647424236299167,0.0
2019-05-02,-0.5255255255255276,-1.8171802086447086,-3.410980448091161,-5.389212161423062,1.0614567146222775,-0.2621960771166276,10.55620631022105,4.817223992013675,-4.184737521921312,-0.3045230631437579,1.9134050743165432,-0.4109199798911445,-0.8646378314401404,0.5434220060035244,-0.30406411468755223,-0.5440086092896368,-0.207720737003958,0.0
2019-05-03,-1.6624504690053388,-1.841211901792117,-3.821544034005875,-6.020156955855304,-0.7634736169092382,-2.1868230115883236,10.380048404174858,3.4900366834106578,-4.809253674687364,0.11722272317402638,3.4020676480503553,-1.7137886037407513,-2.5034423631498326,0.20738853941673074,-1.4338616346960098,-1.3684926939116715,-1.5133814070284357,0.0
2019-05-07,-2.9377407618776052,-1.8496998109416074,-6.243788658646931,-6.403478064479695,-2.306032034533678,-3.6809620170354496,6.830774955809837,3.5666664519495184,-4.474779950455909,-1.0187522538766647,3.400542520764005,-2.8551727110134206,-6.487367480401318,-1.6894609814963824,-2.4838758217753054,-2.810159527514622,-1.7996336555559878,0.0
2019-05-08,-3.5852941568866314,-1.1848553669615125,-5.578373925903735,-7.064283993940535,-1.6982256775780913,-4.921986362934794,8.456753051026089,0.9215919441352138,-5.435512293362432,-1.4679556032939467,5.61010991463482,-2.707378254476256,-4.298267301234116,-1.9084131332750887,-3.5744496482287613,-3.4347737418141455,-1.752858941053581,0.0
2019-05-09,-6.406368967313614,-3.554466255430888,-8.698074870122674,-9.095988905195984,-6.60715400461952,-8.866001189624562,4.6870295406644225,-3.7429180018614727,-6.545358090185682,-4.672645739910308,5.184688834910789,-4.767988220773878,-7.09555393810164,-4.525283095861532,-6.601176549579845,-8.120089202918546,-3.6820353174816245,0.0
2019-05-10,-4.776015575240433,-2.403272326283834,-7.059596936458679,-8.82839905222047,-7.064741359893878,-6.101188478004371,8.451952931944472,-5.001612423099822,-5.625385482464528,-2.775480194835034,6.61870503597124,-3.397622539897993,-3.9486408644648696,-1.371467953135752,-4.731165866330789,-6.732119749669597,-2.2144822258663543,0.0
2019-05-13,-6.188209281862688,-2.802939625091294,-9.737567491840382,-8.83957303643188,-7.1166868809379284,-7.026763371329459,0.040648944206633786,-5.925279111831849,-7.107259626067364,-4.814645308924492,5.8001693480101535,-4.263727578106136,-5.043572469141655,-1.591753005634744,-5.752806630993601,-8.328359579449973,-2.5920519501780315,0.0
2019-05-14,-6.081699862404976,-3.888544673305838,-10.165423166779707,-8.182679014015726,-6.836588549918254,-6.656859547797134,1.2032474234297208,-6.255195474858599,-7.293737049097137,-4.315093646713186,5.411957042590987,-4.371344386296672,-5.663625770284608,-2.1672977505748814,-5.892441311599228,-7.894276936661826,-2.83660757067562,0.0
2019-05-15,-5.752282133383768,-3.7570224719101097,-8.26483406346792,-7.069763580131605,-6.834879034781416,-6.27170761706738,3.118068573391364,-7.307328227382803,-8.65141023475765,-1.893870082342175,5.152105753749692,-4.369016916553747,-4.006835406986253,-2.4637142437261783,-5.916159390326248,-6.612221208854985,-3.0275466011377095,0.0
2019-05-16,-6.058072811365589,-5.237315058092484,-8.035003219869441,-7.541128125714236,-6.160083371460534,-7.339936801094549,-0.02827791234591981,-7.661961791580385,-8.521432563738763,-0.6702038536721688,4.192120159166057,-4.283041707934421,-3.882435612150381,-2.435708719369656,-6.383653282183788,-7.2356049913013365,-2.4105636989400603,0.0
2019-05-17,-6.149280986076233,-6.100869249815499,-7.7144346935987596,-8.058460744498086,-5.980252442996747,-8.260726094114624,-4.233115254963005,-7.13876075302331,-8.316189356583836,0.3613118399110604,3.4604105571847565,-4.562184559099036,-4.269152851581969,-2.9296620689056474,-6.697382443229715,-8.551127386285495,-3.348995573714675,0.0
2019-05-20,-5.671519884734155,-6.350207577326317,-7.738168252540422,-6.671245064652165,-6.156461280881354,-7.22890135660641,-3.6100671066823242,-5.320083865864833,-8.52304818177868,-2.953701186916735,4.309547175101636,-3.499677397824108,-4.015914525999575,-3.2138895924124222,-5.780198927539637,-8.363487884206522,-1.5092207183614814,0.0
2019-05-21,-7.001349016210745,-6.917426709285557,-8.862158722591108,-8.312333761483725,-8.925018260584828,-7.636001310772289,-5.828271337297075,-9.612226776787125,-11.26174539495387,-4.680774748923955,2.7185933869025902,-4.314966165743927,-4.731206465510462,-4.655528927264385,-7.199699229275014,-8.423666734493796,-2.664842236462406,0.0
2019-05-22,-6.295635758013063,-7.4897416242052595,-7.462480156604567,-6.934826476287814,-8.19951737817589,-6.766579304248877,-9.378414617752394,-8.919158835593377,-10.15107170525954,-3.7829095156797665,1.998147784357207,-3.7048533356982882,-3.2058792203642605,-4.915290770358238,-6.342343479610147,-8.108296149243488,-1.6574585635359074,0.0
2019-05-23,-6.9217037622867466,-6.039044199603971,-8.339631953336458,-7.06770373072978,-10.31831653088302,-6.850783005412442,-11.152922036864243,-9.447662956110282,-8.511431139168357,-3.270146437876198,-1.7037935597706277,-4.859205934639943,-3.9382765615755155,-5.844100135550168,-6.683610638019122,-9.279933976754318,-2.8776492214532934,0.0
2019-05-24,-6.875591899176814,-6.522046675188586,-9.584686910342954,-6.648168356905948,-8.701584173425303,-7.652473804756887,-12.272130844259287,-7.198567326396388,-6.888797811181135,-4.179050707016119,-2.350096449045014,-3.6466631262170313,-2.947712871128827,-6.038746908491344,-6.72141022795727,-9.027883907359302,-1.0853262796214902,0.0
2019-05-27,-6.09924712561839,-7.462245717142024,-7.748471802254864,-4.618721979045526,-4.870801033591732,-6.905495678370666,-12.26726951626893,-4.8059460131857135,-8.57095563893181,-2.532106749248564,-2.2853279242731506,-3.65112461736391,-1.9269716302429796,-5.5333077967754445,-6.124957432317379,-7.912059101676983,-1.6283850940133737,0.0
2019-05-28,-5.4972071162033505,-6.406592575791937,-7.747059709896675,-4.127843750832561,-3.651236001445024,-6.432458499401383,-11.084642817340917,-3.7924702136594157,-8.193757348536945,-1.7078488372093026,-4.839263544390738,-3.0494310099573263,-2.579075687690735,-6.196335463341674,-5.618199907994825,-8.113067637838146,-1.1326309476754615,0.0
2019-05-29,-3.7435597356815786,-4.943139134264185,-4.96936146078637,-2.4718513087505944,-2.296699330240759,-3.5980322296031653,-10.85367932165836,-1.3764057703913757,-7.080982277676218,0.6303509267099328,-4.560174125391514,-2.7466405948022965,-1.409647395048852,-4.079960820978579,-3.597181977039965,-4.636713634439094,-1.0615770409584835,0.0
2019-05-30,-3.2845676552627046,-5.921105362632484,-5.257552186081127,-1.2280927771198713,-0.2881301163291661,-2.521391381769489,-12.974751796734218,0.39691088436708544,-7.022130076170741,1.985064750921639,-4.853007329787529,-2.488272486232912,-1.2185713113184282,-4.555935993291882,-2.868947281441081,-2.8029861652858257,-1.3415935581334026,0.0
2019-05-31,-1.7926801698885608,-4.897164758155192,-2.0661651044408647,-0.4189895076998851,0.3754131585032461,-1.66914337639128,-10.287555330219389,0.7783597427567512,-3.0310278840896654,4.231176074622556,-4.484460450847005,-1.864465084279321,0.14234047620365065,-3.956233398420328,-1.9520856757990313,-1.2079931887614581,-1.4215487178050656,0.0
2019-06-03,-0.6720016908119852,-4.095660628041475,-1.6226725334832381,0.9111930161013193,0.36732195088771125,0.7610655042285863,-9.420323682235543,2.166187736270486,-1.078812621879599,4.845519094223749,-4.591277375190527,-0.20694412508621696,1.7805078898755822,-2.821493898397953,0.020620510162583372,0.8393626635908369,0.807349273667457,0.0
2019-06-04,-1.2332877798908792,-4.74070985563142,-3.3560140157976037,-0.09654066744593237,-0.6340847416642093,-0.310010185781151,-9.87150774638904,2.5617050624013427,-1.4767737462445085,3.6370418726102693,-2.385365460552824,-0.5050851331276474,1.0856904243862875,-3.256255040813971,-0.49346314325451335,-1.2542973123609746,0.8190180183964113,0.0
2019-06-05,0.06867567188504342,-4.270134360850353,-3.0644736923883364,0.9829813316786451,0.2600322331622218,2.9140088490979377,-4.308390866628198,4.079323883676045,-0.8812332565681258,4.816793177771528,-1.2909472325318694,-0.7680103014555351,2.1633536966984668,-3.141723688064124,1.1237921069267465,0.6586762780493416,-0.06463306683902603,0.0
2019-06-07,0.8040665434380756,-2.430872238376769,-2.5944836989948428,0.38179133460092274,0.7091430736750892,4.344327666650516,-1.7421748009836202,4.658718650985438,0.4737085801802321,3.323179174743851,-1.9112406867508813,-0.20321917650046872,2.948280446729301,-2.5199864074544442,1.9223884668057023,1.9615116852231163,0.19305019305020377,0.0
2019-06-10,2.1296778242066994,-0.9609424266412758,-0.13653994690348004,1.8474640988618285,3.8664778143981726,4.842665062492402,0.08592705747565432,5.957156212084036,-0.4131986084230821,6.516665110633935,-2.534809956453954,0.7815742149674954,4.060195435401437,0.5531342771807113,2.9429402247089342,4.250982079293619,0.7710715235309751,0.0
2019-06-11,2.452880533656754,-0.8467039884284766,0.29214540192668004,3.8096303509365104,6.176800011062089,3.178642730210268,1.8781197529269766,7.729728638617694,3.4248710876604083,8.871119473189104,-0.8613170518970703,0.7577149155033158,3.3217802717720124,1.5544182501225023,2.7689624127841483,4.628296998803161,0.0222698549675604,0.0
2019-06-12,2.125567835107467,0.4703645934880152,-0.1553412772084095,4.011182937165558,6.5028006771170155,1.9786904494241586,1.1711454707974411,7.293515083077917,3.5975186223084377,8.722450504295853,0.9767505846746571,1.102873457358644,3.4286971830985946,1.552355736099531,2.2464211702731163,3.405632139233661,0.4213483146067398,0.0
2019-06-13,2.1149840502235895,0.6659615204380964,1.505695910052518,4.520250753969979,8.32665025856587,-0.11927138065489507,4.6600373141505225,6.019923494851631,2.77804398869137,9.083310114237953,3.576036349357725,1.307988650257208,3.947404600722604,2.2095671981776865,1.3241909126135099,2.698809794556878,-0.260246329413405,0.0
2019-06-14,2.449506431787851,2.404702384973989,1.3782331249273971,4.6227515501258365,7.747336377473357,1.9845212670785761,5.024056110095754,5.90705226313899,0.5163101667895909,10.781088448162413,2.8184296922820096,0.360554841080285,3.5083962088014786,2.1943774219492562,1.9606176993757218,2.6995932538167455,-1.1399663661676662,0.0
2019-06-17,2.275695745544737,2.6454420209791163,1.2542874292574169,2.5407241936748814,5.634931413825894,2.06850837717929,5.302464822285047,3.5477906346167654,1.246786477254913,9.064573404354714,2.7345696097425876,0.4259139883967089,5.314849467961413,2.610771158950187,1.9504038543290303,2.592807247658846,-0.6325171969938093,0.0
2019-06-18,2.4345602124139276,1.8818594031040359,1.4463848974205717,3.1654523590577854,3.8190631779104978,3.1109092637112923,4.574866435834379,4.069002358275475,1.6177945316369957,7.356746765249533,3.5142262317835016,0.23842274186154366,5.598554783963405,2.914742402035353,2.4421484558752704,3.1288785376093697,-0.525241942154453,0.0
2019-06-19,5.014530573512843,3.1764718706737805,3.2703439656272204,4.2182611601040865,7.474858042005872,7.222697242587683,10.308650089022198,4.8685318734537075,3.3490542984213834,10.48990276738968,3.6405606852820016,3.245037757463809,8.492635537449079,4.042776380160218,5.250357079349044,6.392875580795043,2.6091976681968054,0.0
2019-06-20,4.536492054149499,4.19575230578122,3.401266601214825,3.4616995713321774,6.270760755083837,6.174237229757518,13.957020881967331,3.9306591413021508,3.3811624412235286,8.582815830938916,3.192702394526803,2.3123939668595606,7.664185057165662,3.3869609781096655,4.360771769830185,5.480628070121973,1.3949568026971892,0.0
2019-06-21,4.108260601251867,3.9674853846090485,1.5751960696127387,4.4320094329164395,7.0397723422995995,6.015965139120594,13.961113137442748,5.509723428330826,0.7388612843735043,6.3843528000738115,3.8124231929393293,2.64301738642736,8.434268016149549,3.8691893475951478,4.278244875019155,4.1093390382139106,2.4607166197823327,0.0
2019-06-24,2.828058128007349,3.0901440008743952,0.866610242842758,2.8276744375954177,7.711284310403244,3.091984007536386,10.967734262573892,5.841969250045698,-1.203555330113082,7.257252676855508,3.719170403587446,1.652073732718895,9.418665675362448,2.842490043101087,2.364740625174133,1.8172635081603383,1.2802951946998986,0.0
2019-06-25,2.6449343725356567,3.5305896899996636,1.1658207582518676,3.44627996522171,6.325879458129413,3.9804200941635726,8.565339959660134,4.929490951177096,-0.723651802678793,3.8963376226041513,1.5465477861251076,1.0152983874672783,7.212196977932384,3.221107599285422,2.700949889021209,2.464035964035971,0.24579236793866865,0.0
2019-06-26,2.548922000280296,3.555657115168609,0.6821955926574308,3.6778370601282973,4.918342811600862,3.883483048698677,7.204337459987786,3.675191815856782,0.8084591858507739,2.512293249888242,0.4686393112091958,2.0368439346541534,7.304062149312318,3.2170574598898716,2.741140551130572,3.5430184206825865,1.7982425307557115,0.0
2019-06-27,2.991318950167221,3.380841622540043,1.4901891953791768,4.456769786455905,4.297462911201899,5.035654209251406,5.9149715607828,4.21723067450035,0.23514675993761003,2.8410613776467475,1.0925803610744023,2.165914612981612,7.394233563287678,3.580471158080134,3.516909936329893,4.624539614347589,2.4091810472131936,0.0
2019-06-28,1.4827410466351498,1.3590770414605213,0.02324564091402692,2.9198022678124103,0.34747262833541015,4.2022608119218985,4.671945053896787,1.4617175180837494,0.6831757538182659,-0.27171531247260905,1.6216663449074797,0.3156955596733235,5.003999360102385,-0.20908862486089808,2.0097381899716327,2.9417977980731758,0.6429662546868498,0.0
2019-07-01,0.8490347142972032,1.1662240760301312,0.12114481853513492,2.419771591195752,0.5326491808402611,3.131506125288186,2.085492904178432,0.9468549550618599,-2.6528766551492278,-0.812235375442838,1.0695040140767498,0.259787612232798,5.358664167660598,-2.0774695081088312,1.4219151231103622,0.8707152027646714,1.3873813698477733,0.0
2019-07-02,0.6292827504445819,0.5840576780540507,-0.019184348944334406,0.7261024716674225,-0.7133073165688897,3.6182312801851024,4.287099975938391,0.16413263420349544,-2.6888308325434096,-1.460230200996393,1.114441416893719,-0.14119468925781753,5.764075067024121,-2.2009714632665545,1.2226671280504808,1.8515083471639215,0.33926469570033646,0.0
2019-07-03,-0.33901528659392444,-1.398391198408222,-1.012018502855827,0.2092744177878414,-3.206371898294702,3.3722409305929846,2.856995835615228,-0.7171878653076891,-0.3135380849699887,-4.750957854406124,-0.7527959056568112,-2.049366973312683,1.4273697353176074,-2.334744818364165,0.8679314300916285,1.018675721561979,-1.1190489479265486,0.0
2019-07-04,0.6356751184732445,-2.0392005763703924,2.2907275829576967,1.0285862379219912,-2.294879862332888,4.633701137754942,6.194107826112827,0.11938047815023278,1.3149173886285004,-4.581707110130672,0.010823975104856665,-1.702478204160085,3.3735642855248216,-1.698310632551403,2.0651491496608054,3.386537126995126,-0.5451832847641613,0.0
2019-07-05,0.9499074485945114,-0.7199961727778259,2.550330171002968,1.8725760132634717,-1.8989701590403585,3.5089215833389975,7.408594406886371,1.7692749380059603,2.8979805927091373,-4.009939165452825,-0.3286815022361167,-1.5474198207285461,1.7426639891497508,0.025147065427266746,2.021504898090787,1.9806935648519763,-1.2661225172019952,0.0
2019-07-08,-1.6457728795307602,-3.2716047751316757,-0.06694518121805881,-1.0059603394993677,-3.99458274216431,0.16628394963971171,-0.39439974830329794,-0.8813881863935613,2.3636839226690354,-6.628787878787879,-1.8503124078195876,-3.574695819229712,-1.163514609327998,-2.533924492812034,-0.5460520492166054,-0.45662778892108236,-3.1639341990382097,0.0
2019-07-09,-3.423883884449208,-4.536402151060215,-2.7132456557289464,-2.809587766829469,-7.392931710546424,-0.9417760153475396,-4.264791905886433,-1.4343529411764644,0.15605603830466386,-11.651717718734144,-3.469743727358099,-5.314644143022129,-3.2407980523231794,-2.9916665179607005,-2.102090645505872,-2.385446640431277,-4.671268405813023,0.0
2019-07-10,-3.4021648860549147,-4.813588827198756,-3.109088329076304,-3.2181110265274704,-6.932479479555786,0.016700658714841055,-6.113285908714627,-1.7549237968918163,-1.541509389726392,-10.670081092616302,-3.3068319633472676,-5.004088678902418,-2.541108435718553,-4.05318084852132,-1.9477096477927947,-1.6802635254230758,-3.5786527750838126,0.0
2019-07-11,-2.1189111882650713,-3.7767662774589428,-0.8315745307107103,-3.7273913809200976,-5.807064185339916,1.796254347063142,-5.170843225182454,-1.4440793370703031,-1.6359608208955212,-7.883097736536293,-3.349565498130158,-4.186872481387893,-2.008058757523201,-3.464085134146233,-0.6756204983585756,0.3992910149782869,-2.853656507390656,0.0
2019-07-12,-1.8656558483396313,-3.0097089951998446,-0.3846690366788197,-3.878326996197712,-6.073190375515958,2.166525217357762,-3.3717378489898753,-1.7263915949392028,-1.2555572410413163,-10.204778156996596,-1.0160239954603134,-4.281796133009963,-4.168311241899946,-2.944297082228109,-0.35707676061705884,0.9123537364678969,-2.8483895007038185,0.0
2019-07-15,-1.84574197319054,-4.595538691624346,-0.5625142049041743,-4.331893291196676,-6.005467607603787,2.672399293710126,-2.4633860149787745,-2.4321409865360244,0.32606769448875195,-10.228650614931567,-0.7018779978862244,-4.197744224122246,-3.5919066763329566,-2.6129172546618062,-0.21884220497131457,1.7252221729316952,-2.449126598235185,0.0
2019-07-16,-1.4129179725239749,-4.398639864518161,1.5007652416826334,-3.304036928888765,-4.625981717522865,2.8926658162882646,-1.7947843501480376,-3.895823568591661,0.35865475070555597,-9.392987964416532,-1.0332483592775388,-3.7425625652904526,-3.5113069134854347,-2.653398196150847,0.05650024447221291,1.7625461370944784,-2.1697696259875054,0.0
2019-07-17,-2.8767944825518255,-5.4220087601024485,-0.29568639526227347,-4.09517057785237,-3.7441698662612377,-0.47773815612397463,-1.532417790463969,-3.8367090711028173,-0.18036710009784462,-11.884284597341665,-0.7404785887349163,-4.332857692917491,-4.304146310910695,-3.5337566756117544,-1.737491247912959,-0.9227060964340006,-2.708196000878915,0.0
2019-07-18,-3.0071059128328748,-4.692453687615283,-0.5322014632899386,-4.815367877122611,-3.274532862929558,-1.0435796274980036,-0.8369817621090792,-3.96551298813429,0.34341472657082317,-11.741958164879595,-0.9525877276304828,-4.303208592734487,-4.273947002244638,-1.6384450059800604,-1.9001082851616946,-1.040866290917597,-3.1211623639148423,0.0
2019-07-19,-1.6612356437874842,-4.079458244099909,-0.12961095706243153,-4.2732487929925345,-2.976876740721557,1.1599967247705845,1.2166747632214259,-2.7910286156225816,2.0950951666309336,-11.255335830647272,-0.6392644378553469,-3.27757068824438,-2.4839290046090423,1.3952002919974449,-0.34064284865956695,0.7560170343078543,-1.9105395352667531,0.0
2019-07-22,-1.3515423982808805,-4.248215395828425,0.17522256006274883,-3.3828884960539374,-2.627742926308674,2.400819895952644,1.9211426634990092,-3.1546885651921097,2.2736992159658076,-11.64574616457461,-2.422592901991416,-3.441355561130255,-3.1580059146599004,0.5770055965891085,0.23604486480328646,1.368779744360249,-1.9182997515870825,0.0
2019-07-23,0.25906241352657844,-2.9079382208133775,0.9386095751256818,-1.9362486187038508,-1.3609030488448193,4.646581635912006,-0.06146325426491517,-1.311083107394262,4.3869700441970805,-8.894252257084123,-1.7161878257073382,-0.5556072159196623,1.347298361647642,0.5531417722443255,2.023681969284863,3.5469492144683867,1.563514238139585,0.0
2019-07-24,-1.2533610277275842,-3.811194086143177,-1.607475549691073,-2.8428300037510734,-1.934754606871536,1.4130214399916463,-2.1037077498940793,-2.0013178951332034,2.630748922350845,-10.261426284901287,-3.409183148894712,-1.222152384943087,-1.7330924692333771,0.650484906930604,0.08219744806863272,0.7134227029514939,-0.08692238672050046,0.0
2019-07-25,-1.7108960053823896,-4.5579759224506855,-4.120550728048611,-3.7370977976043496,-3.288249325050463,3.8401615973012504,-3.4549335130656833,-3.3759695449726124,3.2797710763812438,-11.300544497009724,-5.192453238187911,-2.6638103665067803,-1.8869386848264669,0.033221696461427364,0.30953341107999854,1.7692363760052565,-1.1441066516188259,0.0
2019-07-26,0.10125135042171607,-4.248657096486863,-3.1582830201478784,-3.6780966610431953,-1.9601520830814345,6.569725790513847,1.3563464756425558,-1.7664519388657318,3.829535159244535,-9.081689101973078,-5.1610611731919835,-1.5583121842461023,-0.675943913064192,3.2495221290986587,2.24181570383557,4.007104725040156,-0.656896699773879,0.0
2019-07-29,-1.0989118092815442,-4.623868034939083,-2.8308851224105425,-4.45066410105831,-2.2545744490727326,2.6964258508790806,-2.435399858937659,-2.3725404070304212,6.2325153156981505,-6.589407144909487,-3.5110641610141324,-2.066293585880319,-3.2246027219079987,1.7650034490687583,0.715371297188061,1.9108501891463403,-0.9083449695538759,0.0
2019-07-30,-0.9763063561915364,-4.789614420106125,-2.3800960136460936,-3.8804721395577113,-2.60765092974361,2.434585493395014,-3.8609259646710803,-1.6366195209863044,6.355442845066728,-6.287625418060216,-2.9265845364847554,-2.498744649817075,-4.2708195855879705,1.7344133439120224,0.7598641001623996,1.5223577932669485,-1.7242618004166932,0.0
2019-07-31,-2.692999067567692,-5.3888258167837595,-3.7724014908459336,-4.394698395435148,-3.6638307595123876,-1.3033569128182099,-6.736813995838631,-2.635025274732228,6.839977713764123,-7.42797966484654,-2.4412648925509317,-3.2054937743560385,-6.1320091816180256,1.0758776896942157,-1.5506297891932808,-0.6770651456951104,-2.382243791036265,0.0
2019-08-01,-3.3220553420298393,-6.35705774969666,-4.994334986866511,-5.628855551994871,-4.139982314638657,-1.7314873103125183,-9.38785922647767,-4.07370692900344,2.818382709192546,-8.798935765868487,-5.730119297862468,-3.812636165577332,-6.679005265627436,1.8192584494852948,-2.064919315189717,-1.2448312754821722,-2.7216682292110495,0.0
2019-08-02,-4.050459068034263,-6.347386321462789,-6.478312857792867,-7.34542551909716,-4.0502150915830315,-2.985546100465075,-5.121378869902937,-3.5329485025704543,3.3313314727805743,-8.027013989387367,-3.414114950057312,-6.050320436743418,-8.552091878589007,2.141678893982335,-3.086332191257679,-2.674053059346715,-5.947089646554293,0.0
2019-08-05,-6.9263386348099925,-8.308536849891823,-10.633821521113095,-10.66838750828445,-8.188776543326536,-5.8850820176624685,-7.491364501172937,-3.281760368604436,1.3943406174937056,-11.415920685340264,-2.359356588934869,-8.151276364837445,-11.958718622697418,-0.3136997419272314,-5.530096539142326,-5.581160366612181,-7.440035011929469,0.0
2019-08-06,-7.497636184705636,-8.142618133760738,-11.02424330881715,-10.956314036080217,-11.927772126144454,-6.0878384138832615,-9.061396535468013,-5.7177965938981945,0.4440560266433691,-10.105491471951101,-3.861660404267586,-8.627302429092287,-12.276356781946218,-0.8262869419120245,-6.096665278112734,-7.259999326887467,-8.339450059285191,0.0
2019-08-07,-7.589460695361838,-8.637556936746925,-10.628125013275335,-10.258359818129282,-9.288879282394902,-6.420212041745355,-3.2008322825643476,-5.141345252315088,0.4000660876132933,-10.336586337382991,-5.589653660675131,-9.536745782098944,-12.462201190463562,-1.338440862672663,-6.354410359484664,-7.17317077875731,-9.159533406446297,0.0
2019-08-08,-8.296090452453264,-7.784882895473122,-10.598351362891567,-10.313929350283402,-9.372872077653316,-8.79656993052399,-4.535383060878351,-4.495461893911434,-3.7227154473441604,-9.119465986060671,-7.266057055248309,-10.252855195751277,-12.285638769259466,-0.9431330375543334,-7.798187501015674,-8.614237545709258,-10.726629073558424,0.0
2019-08-09,-7.432619641338734,-9.12749273796798,-10.46339076165318,-9.380717663643912,-7.367506516072986,-8.415380406362438,-7.5259270787645605,-1.285156123865805,-4.512509582549306,-8.030781373322815,-5.959679646506499,-9.775625885687289,-10.10963443071634,0.9731034920980486,-6.829722501921809,-7.574618574150516,-10.185732376530199,0.0
2019-08-12,-7.573818077993755,-10.127647987196308,-11.58997425007523,-10.252648979500655,-7.137700534759361,-7.46706038914261,-5.754281832159325,-2.1062542724845423,-7.827236273214,-7.240973312401877,-5.821442451835002,-11.81709797320989,-11.500257334019558,0.6572139213158801,-7.040144766746737,-7.05978659741433,-12.696251424125382,0.0
2019-08-13,-7.514287086394866,-9.214421549983332,-11.578281497100695,-10.695995695796423,-6.483045168208013,-6.986659412226171,-4.634759624154539,-3.264043648659032,-7.613681634511405,-9.036860879904884,-6.123420824112724,-12.12292609351433,-10.928205476375751,-0.02350112534235116,-7.14530472383127,-6.751404360658853,-13.028653214716702,0.0
2019-08-14,-6.561162315375424,-9.0531447308263,-8.365739484688373,-9.69148366093644,-5.186128765601072,-6.237186769186032,-1.1966141382996676,-2.909356912770633,-8.538609951989951,-8.714903894535587,-4.139700641482536,-11.040141620018174,-10.51456377146649,-1.4738353828201989,-6.2997772586516065,-4.325426383238796,-11.880297970716668,0.0
2019-08-16,-6.7314858730266325,-8.16611879651189,-7.5956516218855015,-7.950147538836482,-4.578342971469285,-6.104566762306185,-1.6183006729934446,-2.760008486399268,-10.536854940653972,-7.767974850420845,-5.257547822078823,-11.437451811873556,-10.884973673552045,-3.193534605525483,-6.444680214369269,-4.610924815950479,-11.709284736728364,0.0
2019-08-19,-4.4139385458343945,-5.960541545673703,-5.749193748449521,-4.865373801833384,-0.6750959902111053,-4.506654118183217,1.6576849625397294,0.3631929682711643,-8.059157527473138,-4.521685635189165,-4.529084675444405,-8.771672771672778,-6.551173295141566,-0.9453743537833126,-4.718868842310064,-3.0944681017116227,-9.368644314021735,0.0
2019-08-20,-3.8470971412875032,-5.175494761350407,-5.000463312285708,-4.402769778454207,-0.5747448693506851,-4.008288886699784,2.6670863742703776,-0.02654391723476701,-7.255202677741823,-4.150096869582942,-4.212128172734575,-8.191092799686084,-5.351972867896437,1.3022108565935664,-4.003344371225204,-3.086869466624853,-8.892462899334753,0.0
2019-08-21,-2.958682176286087,-5.223891412157878,-4.5404932456020175,-4.044171611902114,-1.2765601238891144,-2.007156475399907,7.31212643015362,0.12670729964001648,-7.783461115980783,-3.3865554764568317,-3.3640539846491957,-7.666625751810486,-4.366148761797028,1.1728562392699038,-2.804919465740241,-2.302380998886655,-8.863739380912694,0.0
2019-08-22,-3.2879930998245155,-4.5572605074388095,-4.035285578694648,-3.6191340289329132,-1.6129032258064502,-3.11453274504071,11.14429687659384,-0.5873311749893695,-4.024917248988613,-1.5524067514065543,-2.3022124406347655,-7.346496627111144,-4.060357879094301,0.21562715291632006,-3.5079597050390987,-3.9948271234414356,-8.92205251014866,0.0
2019-08-23,-2.4938317326700488,-4.506364152550391,-2.5702415004163814,-2.5100170404826594,-1.1561019625535685,-2.3222301640570597,4.839372439136058,0.2998481118734464,-5.867806267806264,-1.9196475401237811,-4.936283235850924,-5.4116874257851055,-1.5848097480750556,-0.5442686724305479,-2.56199510231655,-2.7554014929194626,-6.2823667960080325,0.0
2019-08-26,-1.5752601464832705,-3.682855297118448,-1.410899662076781,-1.3223218867840392,1.2630309802825979,-1.4947149909955382,3.499502809426236,0.3005633073906777,-5.832322181776162,-1.0322720851896117,-6.053547373147728,-5.0062931853792625,-0.4460488988539568,0.42812056899783624,-2.0208174079970664,-2.417429317072428,-6.357244177356125,0.0
2019-08-27,0.37027379400260685,-2.899194005087591,0.18115597481884738,0.07765093223472963,4.884721187896113,1.3900262824598553,6.152520044887533,2.6955842921630335,-4.109347442680777,0.38385610879578813,-3.9055145066042796,-4.617298025599837,-0.28112857304866123,2.0894085409318475,0.1313324110879588,1.2380177200358666,-5.922754712332146,0.0
2019-08-28,1.6431814254520338,-2.3954687787806295,0.6571426534303537,1.0661131350786501,3.4595222493596367,2.1438051054063934,-0.735997812514233,4.235945623916826,-3.5086688216279804,2.0324300310972987,-1.671697237055958,-2.389231336599751,1.533874320483375,2.7984469546039836,1.4220955530925394,2.2381313577373607,-3.6939479460645908,0.0
2019-08-29,0.6664549283821319,-3.4684297121465923,-0.07458191776696932,-0.8205556716106122,2.351311931876787,1.795915135858861,-2.939797839284497,2.4265083205043725,-0.27627656738482553,-0.6372866709872582,0.9565422768067933,-2.8017072085046335,-1.3701543860893062,0.38974843510097834,0.9893602646127597,1.5148286918427845,-3.6598172442438237,0.0
2019-08-30,1.550251580441242,0.12810958296636255,2.731942403761378,0.36574669145432726,2.334675266582975,2.5866208873276175,-1.2530647684545815,2.5789146576821187,0.658078799158246,1.0083673031538343,0.48161635146248827,-0.578518886940127,-0.5638913122605893,0.5286105991819223,1.7024391944499229,2.683540677688656,-1.2407764252479137,0.0
2019-09-02,1.3849631105550708,0.9884154127260514,2.7785132719930994,1.0340612416478656,2.2141921365946393,0.980699041330757,-0.769414630259857,4.4256765659174135,0.4034512091384279,-0.7721599323037953,0.8666175386882857,0.7926408992100065,0.2994969614143361,1.6755947549735861,1.4286872993986455,1.2958744621614837,0.24985677000444184,0.0
2019-09-03,2.069756935970468,1.5742760273824707,5.026708637382549,1.9624742348554047,2.4594040674759565,1.3451365811595117,-2.477637130801691,4.222853322211861,1.0533967424783963,1.3943355119825807,2.1633395995583893,1.5930057927483476,-0.3582485107181288,1.8968058079506633,2.1350999894562905,1.8562574663821385,1.0148271244413642,0.0
2019-09-04,2.5877412465112437,3.1063314016426036,3.5886325505327,2.3620950465370827,3.561729983134665,1.419335785697795,-1.4793824866137895,4.923070822428421,0.8621958398744134,2.722963289604241,2.120572227344386,2.5869255384946443,0.8503851744613655,3.6185409226732856,2.4716768904298636,1.3429685043692574,2.4551004874572735,0.0
2019-09-05,4.025591930135897,3.980673026131809,5.429313269338287,3.4129207213641655,3.6649289848204036,4.551244940558119,3.252884832943659,4.378842975206609,1.6768368929125144,3.188565145684441,3.439048864292893,3.9285034143156317,3.701134440464293,3.4974807840829625,4.0785111951148645,3.673373184626505,3.2388597908202366,0.0
2019-09-06,3.5687406567348923,2.5989449979948898,4.2964306865076685,1.6766918120037833,1.3905212330609817,5.9829075762575235,3.4004913257428937,3.3186286293440004,-1.6629604563472955,0.912800687285209,2.5983040106225763,2.4840730231811214,1.6050976439312192,2.857716381685793,4.379985496736771,4.00821475131754,2.1238399025437893,0.0
2019-09-09,3.025124346384378,2.381091226056342,3.3072994684075097,1.4304057314370233,0.46245382511349575,5.440063821807173,-0.07305486685466045,3.199067478305917,-1.9384897643877963,-0.1276595744680864,1.9064176733311289,2.8475264451330196,0.9899201771252031,0.9837973323784777,3.9267705707082268,3.2095864427705845,3.086033411968603,0.0
2019-09-10,3.4321634896800957,2.4578883628757042,3.8549314421679304,3.336128692127205,2.764195472146058,5.516120965172888,-3.029505718076231,3.741896127663158,-1.1009240542881882,1.6315789473684283,1.747962678634707,3.9668191002871556,1.592179418790729,1.0101100314375389,4.312186739223822,3.5621997970740615,5.255980362271173,0.0
2019-09-11,5.032777894526408,3.4897231582101673,5.742530939758805,8.093333590238338,4.855527459726683,7.15885817683819,-4.761782391941205,5.936959282091103,-0.3496754724211404,3.4183511482696716,1.9563090968373054,4.8280809905936195,3.096703565459946,1.4865009642168525,5.981305169692863,5.172597837634529,6.623164240364265,0.0
2019-09-16,5.847148796386592,6.344570865824717,6.83086127846968,10.371092881597077,7.770867803959591,6.61407838425796,-1.2616883480467966,5.034529575331925,1.1622135325238148,9.122994652406424,2.255974319343701,7.615053820881967,6.4979987729702815,2.108247283949516,6.086640012941702,4.22793373030339,9.23443742750354,0.0
2019-09-17,7.619852737813826,8.938704050079682,9.030186072677292,11.819556522845144,9.564396689414846,7.7960166475965265,2.5126364934213274,6.372957597406881,3.082662477910869,12.406675450153703,3.0858849887976048,8.414904548158564,8.288279677166898,3.978758095515711,7.534330949769186,6.5665187208376,9.710888508836234,0.0
2019-09-18,7.592746544736584,10.324836226300892,8.088629643516532,11.613773333634292,8.744982683919966,8.04282592934804,2.031178182932414,6.482424018084965,1.8833915762368925,10.947230416256959,2.1404821280133213,8.842225361295242,9.080135034836111,4.435154790620066,7.463887237242495,6.033480645442113,9.743002128007848,0.0
2019-09-19,7.1743195833268825,8.886037170886052,7.37947611244647,9.042516032582126,8.78640008060918,10.561495339141548,2.3487057059125016,4.2547525800648245,1.4252649531002692,9.52432785457713,1.4256198347107452,7.094858993388198,7.196576299108259,3.320803699396979,7.557763027037034,7.010010671273936,8.039202917426413,0.0
2019-09-20,8.177779157033417,8.666921027283303,7.823761122059536,9.054732236385753,9.2467577332201,12.009666641368977,4.213969972542975,5.458969887827592,1.5006440010692845,10.218502011088159,0.6111825944554949,8.108617763530091,8.373469436656844,3.752941176470581,8.80770237645072,7.932079489725918,9.689909868870593,0.0
2019-09-23,6.296911763958546,6.107252920298456,4.1471775485359075,6.231312109752896,7.887649638329974,9.929321132704882,2.8485879076397547,5.764140895552838,3.2483383685800504,7.529736618521676,1.6074351180734192,5.315955766192726,4.132894071711202,2.7650841061320097,7.013414383326855,5.197425448603643,6.432525896667163,0.0
2019-09-24,6.695646433305069,6.722915467603863,5.692940064266971,6.068602305357174,7.467710812828354,10.87100674565562,0.32307521726331334,5.14591771073849,4.665827503570474,8.272039228227257,1.7855577310850634,5.291812419452402,4.116078158520331,2.614773291705097,7.5911624931456645,6.3235220628654165,6.475322654898186,0.0
2019-09-25,5.47899210964089,5.616974232502758,1.86027396638202,4.960567672330063,4.926632069269399,10.11490263690169,0.7657132747991513,4.915585817909274,4.465929457090256,6.381607219596042,1.0923535253227534,4.748957288421951,3.9325412937431192,1.8331041213788257,6.708418643863645,4.176649257696186,6.637917265612514,0.0
2019-09-26,4.3242998596953575,3.552957856858674,1.2160929865392633,4.15659699542783,2.989317949708803,8.715802837201725,-3.098070709523193,2.8653854633181597,3.0447841048650837,7.2762395363811905,0.8358574091332782,3.9765131458229686,3.110849166705565,0.9697555829083937,5.4748015412732,3.0374061890598325,5.770963407887453,0.0
2019-09-27,2.2536475869809225,2.9814039522951363,0.2846973489665894,1.495420393077307,2.44095033594236,3.699514574856,-5.282937554326795,3.1151621873277913,2.518662452498366,5.562067128396375,1.4756893409371363,1.8612078217847827,0.9370963277357536,0.7444389169213084,2.768728731637271,-0.3444055859490258,3.333227968137553,0.0
2019-09-30,2.6837486872427485,3.836197176746503,0.530421498068967,2.1573552592800915,4.044523274164491,4.250171940586234,-5.098490643756626,3.330880919592283,2.9225248254842295,6.587208683622436,2.1324783810812376,2.374236013164066,2.5520682253292293,0.9766699192761408,3.020703070723907,0.7990127280646409,3.303930185836257,0.0
2019-10-01,2.6179099304300513,3.0781683279622163,1.0212798482130525,1.4446361667016072,5.493024952985093,2.7816223136928775,-1.5750477287190479,2.2006777108433795,3.9523891583171267,6.412441414571801,1.5501367767744245,2.8699807802192057,1.993896001246176,2.2285455947663735,2.5306964101602825,0.6892925706898589,2.6480478236502902,0.0
2019-10-02,-0.008365812369581782,1.10678307588985,-1.577895203688895,-2.9162349059995374,1.6309579471382563,0.23677430645294706,-1.5462164320845684,-0.03315421715386346,0.3576772874922307,1.9161056447436708,-1.3145676146256613,-0.4833265139116305,-0.9793737943315062,0.24757071238472594,-0.08566580451722094,-1.4691119691119692,-1.5257983385412732,0.0
2019-10-04,-1.3912746437634071,-0.7918241204990961,-3.2234991703016247,-7.199097534517273,-1.5742697664336447,0.7440755005031274,-1.9415866505799295,-2.558051434284969,-1.449275362318836,-0.8800654932460072,-1.375119923249124,-2.5094420927226135,-3.289484831882694,-2.1183570416897557,-1.0341667757559736,-1.0835890867789577,-4.052448761709993,0.0
2019-10-07,-1.9634180640280774,-1.8247314301689244,-4.579351068363058,-8.667672095816215,-6.029964529620402,1.0021113905247292,-4.645483242916281,-2.159525215175717,-2.0870980481325074,-6.615701264334017,-1.8835566665697634,-4.39066765946885,-6.185465199214335,-1.5226196438142048,-1.054901725856261,-0.08355761102961656,-6.051265412070084,0.0
2019-10-08,-0.7797006298700948,-1.7527987258679545,-2.5659112185139388,-7.477275714589037,-5.904024808831531,3.400102063133348,-3.4277820853501617,-0.6293375786671884,-1.6547619047619033,-6.49540925962101,-1.2460878636837869,-3.5865715568414225,-4.802859869694986,-1.4112885563858257,0.5345930819291134,1.2091763426663071,-4.949745386522563,0.0
2019-10-10,-2.0562796694885366,-4.231091248353369,-2.8984870872202584,-8.07409766776378,-5.7884497508195025,1.3395839963536549,-4.0580667685250145,-1.938631722048756,-0.2731944494590244,-7.789266371245684,-1.5927917453858464,-5.161354730825874,-6.553517927106311,-2.2367130043674965,-0.8906970436669437,0.6616471633688947,-6.5764744488529425,0.0
2019-10-11,-1.7179801475713186,-3.146258257772494,-2.024275473855497,-5.238516240630409,-6.257360238173993,-0.362915716059764,-4.911837378559126,-2.0713929728382707,-1.2743214028344996,-6.102166567282852,-0.2560893984809187,-2.507307731075492,-4.4951140065146555,-1.3854354786644762,-0.8241093651723874,-0.47059382197212063,-3.4824146348814145,0.0
2019-10-14,-1.153228274173801,-2.8834226938230456,-1.4366259924707636,-3.368862358718694,-5.133272724877136,0.9357579830050478,-2.3756937048040716,-4.06584321516269,-0.27893167969545996,-4.724331788144798,-0.23833745095189762,-1.8364855099548993,-3.5371179039301315,-0.8434586164487556,-0.44750982436442266,-0.06972078485683042,-2.821037643499147,0.0
2019-10-15,-1.1249223119950136,-1.298569544486139,-1.0926812547926934,-3.5814624908807713,-4.788603541789193,0.954055883130378,-0.8232994497527568,-5.998733681068535,-1.8469533462861953,-4.780246913580255,-0.8801702813093226,-1.5050376259406417,-3.165941301194064,-1.7961101683853342,-0.6096779704450217,-0.4153111044812863,-2.669389215131024,0.0
2019-10-16,-0.8667136275368414,-1.7607371114502501,-1.8892315326039744,-3.729615760800842,-4.418028597266099,1.6217778580659425,0.6295875667888806,-6.23383792021408,-2.379823536894199,-4.213842670079737,-1.4728682170542573,-1.0391427072664938,-2.737666300976227,-2.3139024305915745,-0.42630679224047174,-0.1781316388110743,-2.3184041030534397,0.0
2019-10-17,0.21944737844785678,-1.8571025978731615,0.38585682059331106,-3.584859928537354,-2.6529442348455556,2.5926007513458638,-1.1247662302965478,-6.344709009123539,-0.554362541431308,-2.9993940618056936,-0.3900381370622985,0.09072352007257756,-1.854221396865663,-1.5509144296032895,0.5428356444157956,1.3269376031407987,-1.565167899829245,0.0
2019-10-18,-0.6666602394770793,-1.5719646091319595,0.19475615140331914,-3.584931789617818,-2.8489493996569415,0.32326191387417325,-1.5388114300692757,-5.613388362950522,-0.8106864283775606,-2.801120448179273,-0.8087109724749464,-0.6100942872989457,-3.0322752251003116,-2.1046123838631914,-0.7671138815426026,-0.5003919019671677,-2.654073764122178,0.0
2019-10-21,0.7273419092359346,-0.2454892083408322,-0.38090884851255113,-2.7971228682005744,-3.0819370630316367,2.699402498394665,-1.1853120023443964,-5.994188867934969,0.33588848502297264,-2.967598667608762,-0.35921205098493614,1.6704358552631637,-2.8468917289882434,0.12697740860272422,1.0254569971400285,1.9177656646652386,0.45884890105687415,0.0
2019-10-22,1.2510603233077289,0.1873440006486149,0.9927110043213894,-2.0572744355927264,-3.0121209680666894,3.156152999489903,0.020539371650252214,-5.9546992526958835,0.1062737324767804,-2.8254792332268353,-0.8351812919390689,1.8548284219926048,-3.1725019658424336,-0.01405592501162456,1.6206301251618482,1.5964010159352116,1.1759879666347617,0.0
2019-10-23,0.39567269182887443,-0.04973199977896803,-0.45974760613027854,-3.331911477555427,-6.195455512984238,2.9944271245213816,-2.6259073100518004,-6.023933639104307,-1.8234994612387978,-4.614614614614609,-0.9732360097323589,0.00757441866336972,-3.3837712475605963,-1.7047770175940724,0.9985857401741072,0.345879861839693,0.4170647739508926,0.0
2019-10-24,2.645294328981085,1.3314321309113586,2.0943392381215675,-0.30005663500914936,-4.063379519376486,5.3743828694978735,-1.5689471130519217,-3.578088432224058,0.345492235516609,-3.0386178861788737,1.1085952892051498,2.577412308878335,-1.5389226388776822,0.3845509309484241,3.5015691382655367,3.3812378769176643,3.0354157637298096,0.0
2019-10-25,3.3255967021165844,2.236292323224509,1.8490681887955107,-1.9894026578419544,-3.264969029593945,5.470668900717346,1.1651401391564065,-1.5041235930708274,1.3486489123012424,-2.5190997315713393,0.5217545100813625,3.2812459374431224,-0.3615126295809623,2.785242439221669,3.930224867724874,4.4536628506373965,3.219032096288865,0.0
2019-10-28,3.5548762693336844,1.8491547695675514,2.004816663742637,-2.1910346215448073,0.3197183098591516,6.49728697113201,0.29933353685371866,-2.247840447154481,0.5463412249288035,-1.0705289672544027,1.4694119389719873,2.6011785779185503,-0.4327687845045447,2.70154526961921,4.076903600796999,4.840183980473967,2.254281722421947,0.0
2019-10-29,2.26951740989616,0.2521352056652493,-0.12981963784565176,-3.136346375033805,0.32815977014732933,4.065994932664907,-1.0714216116145314,-2.9563432462200834,-0.9538796755840684,-1.817612033845195,-0.12324666940547457,2.5274213576159,-1.7164944570325802,1.764705882352935,2.5865857827311434,3.232629413090704,2.138294050575573,0.0
2019-10-30,2.569829647708488,1.5118603610323689,2.467910381955196,-3.302662479444296,-1.4257022432180078,3.3895051751768435,-1.8198322984039894,-2.902449832246634,0.7421799575207499,0.11747116616829256,0.11814395841334147,3.1474512487170703,-1.1926363075838942,2.15910402955779,2.766162401208483,2.2103450095716015,2.84674213274152,0.0
2019-10-31,1.9010960525479348,1.7053537609939884,2.333843536651603,-5.124897575064291,-1.4538576631002553,2.362119290481579,-0.5955727129418165,-2.4593657559082716,0.4209296950084651,-1.164267569856059,-0.9015317286652058,0.9847760345317758,-2.15599165121676,3.180487114382524,1.922097069696349,1.3082435565903605,-0.2466784281275891,0.0
2019-11-01,1.5865338105833349,2.7304785894206596,1.647432588414377,-6.1046426410900745,-3.1485673810085935,2.400562318866295,-3.214816175907642,-0.9003678645846724,-1.1860744297719106,-3.0434782608695587,-1.5470675640241294,-0.3807686449713188,-3.785434729042869,3.9373680506685327,2.082729137799544,1.8742821342800253,-2.03601953601954,0.0
2019-11-04,3.0012039629237375,2.89003421288343,2.6982356835337784,-3.9532924427558735,-3.1145763270236437,4.1931153593857795,-3.966870592524241,-0.6972999672839819,-1.7362270450751338,-0.36303288040658854,-1.8572257690075533,1.6473335533162325,0.5381858412178753,5.237880036508313,3.431272492882842,3.370107946169565,0.3675175719338952,0.0
2019-11-05,2.871573772223357,2.3818422850735654,3.509620290227966,-3.2567465774539506,-2.50239956122309,3.7605319179194074,-3.9940010452724106,-0.1401321977719694,-2.519574977197092,0.45225614143282744,-0.5303493895153943,2.034480147411455,0.5593949144875765,4.909967703402196,3.3792033440144253,3.268592414718552,1.3691103072485111,0.0
2019-11-06,3.1863287679143815,3.1006071118820477,3.1618122186866326,-3.151304799130672,-3.4716040591062924,4.996468139202115,-2.587787526586194,0.0038785496809801145,1.3062000492905623,1.2389380530973382,-1.1050845491197059,1.2639423924264204,0.013844902479975829,4.8136577249515256,3.693269898968299,3.696493435578452,0.20541379467748921,0.0
2019-11-07,4.056893564776831,3.7344203504632523,3.8088165558706866,-2.7599439555763827,-3.14767303925626,5.893520406168484,-1.969627567738974,0.8699939664847944,3.1467117159988733,0.22643062988885188,2.009143056809237,2.6684253246753276,1.1730992582043909,5.837617632931891,4.779358103177045,4.528097065647074,1.9235492784771324,0.0
2019-11-08,3.5058406462486147,1.8270830666837545,4.602778671213059,-0.26224756279310535,-0.9167271306580238,3.939709556241544,-4.9873764472210595,1.429103526690323,3.9848877942635808,1.3523353791740522,1.5612280497732334,2.929578888832718,2.5786533372537335,4.549537648612945,3.758799595272455,3.7495475587221216,2.075181559355088,0.0
2019-11-11,1.6865658780387482,1.1332337189776887,1.7694931654907764,-1.5367902782544407,-2.6351117569718308,1.1040075545106776,-5.368199183243316,-0.2588343395518278,4.5052782250849965,-1.0377067707798227,1.9283826561728779,1.808526626922502,1.0452147393389843,4.102271229627008,1.5432885264700325,1.4763286485260485,0.23877100509077653,0.0
2019-11-12,2.8981745825763516,2.983367862380426,2.79827681411815,-0.2644813835254167,-0.5757966842053097,3.275297249315079,-2.9168692270296614,2.0691772945850007,5.925488162290593,1.5321649700912987,2.933777933777937,2.9967180005049165,0.8887431719583505,4.724013514824832,2.957618996911937,3.722340247774092,1.3064097142512,0.0
2019-11-13,1.7639500206169778,2.762474398603909,0.561805229024892,-1.5818135142368739,-1.5613319981382379,3.3946053891246386,-3.4355615321216337,0.07268573801981759,5.441190683289832,0.3249135310763984,1.515239646347144,0.8367152662958954,-0.0878076193598254,2.6209199138953476,1.7900572435985973,2.7286209069501854,-0.5393224667618157,0.0
2019-11-14,2.4589418024896004,2.1378550954300746,2.188377773709105,0.654850062013379,-0.5065596630524416,3.1048751165348554,-2.6527662286189413,0.5700715663055966,7.7459874389392835,0.06354585892820452,2.1201724289610313,1.5532562998766375,0.20222032050456473,5.444895246755976,2.769248717989514,1.9239584990036196,0.724241596064501,0.0
2019-11-15,3.275697363393193,3.3457498085105675,2.666565406574173,2.6781058784734135,-1.3253401097898188,4.077366496166301,1.4937821663201234,2.5191519223396908,8.719488476125647,1.9414385741565843,2.3532159644973794,3.1829567593553154,2.0158353499518222,5.102856348599616,3.6903257196346573,2.5998358291324353,3.1932695702903136,0.0
2019-11-18,3.2494062665755497,3.704725403076714,2.243809890304127,3.0650033422554124,-1.2578086614725925,4.244364938745626,1.2614940943796116,1.4458173188536483,8.479382073281027,2.2768379614852563,3.2612527911622946,2.7502333913657973,1.8602704025377559,6.596755321935621,3.766449456268761,3.130473566593417,2.4880719354049674,0.0
2019-11-19,3.5077177481769084,3.732029851535934,0.20013592472947206,2.835318340556703,0.2252704680460127,5.611691142221886,0.5770717593515107,1.9565146526713928,7.060458318858642,2.549333333333337,3.9826533321532853,3.952034698303364,2.513906718014547,4.833773821115583,4.187215730552518,4.19975966503312,4.390213611525096,0.0
2019-11-20,2.0081786242248656,2.8324267260970926,-1.8200639072927571,1.3818579833082545,-1.3420992322676795,2.715343412047777,-3.6367662994044148,1.5737401274383833,8.08528681325338,1.7134289997858376,3.379850438673948,4.4228308164832475,2.5669749261130637,2.9255410364578127,2.5756254254595046,2.2803481274960458,5.994396882287578,0.0
2019-11-21,-0.1714122464527179,0.053942722636346474,-2.814267499264389,0.05477787995413763,-2.803510482691385,-0.5859225802047674,-6.683542301150968,0.4205279962619768,7.387744192827284,-0.6833226564168293,3.1279592803030276,2.650086637447746,1.0154551681009982,0.7557804935847567,0.06523706306951205,-0.34848562496797575,4.035147851556409,0.0
2019-11-22,-1.3275499474237562,-1.2181894986813324,-3.7285957792910107,-1.7403790282930265,-4.600323028534192,-1.536472902132735,-6.3803705241512905,0.10142118863047944,7.441386340468914,-2.24859462835727,4.118864577173276,0.6217849473105996,-2.5584594222833545,-0.27618261733550753,-0.8324764486544289,-0.9637634156327457,2.6669514669758865,0.0
2019-11-25,-0.893290520106027,-0.5886664594165203,-3.484913423624203,0.061514248029870267,-3.882989944448334,-1.804951386502096,-5.1167652859960615,0.5920723814894169,7.1574393622709565,-2.5376036017599524,3.4012011132268816,0.4675555995349079,-2.103285315720549,1.7737255828075948,-0.6219797108774183,-1.0358961732937488,1.8459963260758272,0.0
2019-11-26,-1.0633584404076246,-2.0527467530622068,-3.3395611538974745,2.392236326489594,-1.7620520387027105,-2.093048254525909,-5.765992098558015,0.2915263440269378,1.844257547322803,-2.58124228712463,2.9944861567339442,0.9647181680300321,-0.20072329601494854,1.4118044414421993,-0.8861784007547224,-0.34296442144787775,2.69223760932944,0.0
2019-11-27,-0.7666873417308318,-2.01995054798938,-2.707198510652975,1.9478329696300811,-2.4025863051156393,-0.9703535036264976,-6.74685900047125,0.6618214561358249,0.3575506626221081,-3.0293694803861015,0.022835612137139805,0.5954145666567934,-0.29939256191195973,0.4597063594113493,-0.43596252270100555,0.06892875523858422,2.3315710993628835,0.0
2019-11-28,-0.8716890554596457,-1.1361136742150446,-2.718114672142602,0.017821597582834414,-4.717578966638969,-1.1434867332713927,-3.8215749570817303,0.8400979255250629,0.2092579391542282,-4.341578569229199,0.440843901182264,0.014734412219730153,-0.9132341559893287,0.3874793625121997,-0.4958814863995742,-0.4746494066882323,1.4512857228088816,0.0
2019-11-29,-1.7009637068109207,-1.9455764427500966,-2.313795103739158,-1.0385048165326372,-4.29986780571705,-1.9245733760788641,-5.516318032746614,-0.5559916698564371,0.24882436195954316,-4.775747508305638,-0.6638744052198331,-1.2154315520125913,-1.1702804278693302,-0.6676006887005759,-1.3870372403553044,-0.6673496949657909,0.20374531835205545,0.0
2019-12-02,-2.288735683724752,-3.334322243413157,-2.1747262019711666,-0.32069249793900134,-4.334926182155341,-3.4359562970099233,-5.978479914994439,-2.0233896417301,0.9450504406439908,-5.974160206718349,-1.7220312011593908,-1.2231291516533127,-0.5356282751376784,-0.3900195430958875,-2.223141564318032,-1.1999337205769844,0.15951816569017563,0.0
2019-12-03,-1.8082875921694108,-2.544758664682123,-0.8425213001294618,-0.021644421011735027,-3.074762873599457,-4.198193800341721,-6.302910512065541,-0.5415045395590123,2.4679193400550137,-5.13999164229001,-0.7133648474430654,-0.39749577660737057,0.21033759476909442,0.9888867960067715,-1.8258742024842345,-1.4265420767648362,0.9334501404706597,0.0
2019-12-04,-3.2880989888885326,-2.49609984399376,-3.5095385946550595,-0.7587894971072484,-4.103143502760231,-5.847347270996894,-9.545478132097529,-1.368523320229309,1.827988207968545,-4.646486028789165,-1.521938892717667,-0.882498760535444,0.42292820749805227,-1.9396140673848095,-3.643062442915901,-3.7027688156004546,0.5502042539079488,0.0
2019-12-05,-4.6915612946193175,-4.57349464138267,-5.090398799034013,-1.8500981320596743,-4.908726149993592,-7.1109156867183,-10.303356039273881,-3.685558189354654,0.4561870366850407,-6.681236340930374,-2.4445902387540297,-2.121085799759681,-1.9218811174316452,-3.678938058948966,-5.050824463066195,-4.909711392862793,-0.45672969635657257,0.0
2019-12-06,-3.6488344001221917,-3.5757743832383504,-4.00313353406625,-1.7987619657488185,-3.9423363994370186,-5.312948443316778,-8.741849137058999,-2.942597419108761,1.7733213159080607,-5.97108082804535,-2.1225744039150896,-1.5863271369987553,-3.698901327899784,-2.9234688444557344,-3.8744042612839924,-3.803096717227461,0.02088959847206251,0.0
2019-12-09,-2.9996656201816685,-4.343834475254582,-3.3862659904558168,-0.33102326841921714,-3.6835549956335645,-4.115910582611038,-7.748543804731134,-2.1261493995626157,0.33567184720217913,-5.689619305179949,-2.400204272704065,-0.9841939917533793,-3.604763064222527,-2.092317388708287,-2.880525906841691,-3.162854813206417,0.7792516804473015,0.0
2019-12-10,-1.285453484651733,-3.2463199438794943,-1.386053244101737,1.225258659469186,-2.155954645102265,-0.841014157526121,-4.848850475651078,-0.5913626382093473,-0.7812237303713387,-3.4007159401979403,-1.7656775075468478,-0.8823961958919657,-2.509701856714619,-1.6686104631789545,-1.081011017498379,-0.14320050833879217,0.13289428997533825,0.0
2019-12-11,0.4302203567680962,-1.3818613756339304,-0.6023866712417725,2.594993262889167,-0.2286844007730937,1.6485630455064681,-1.3156333180746937,0.11373917539097,1.0917154073286417,-0.9030316061061971,-0.8608568395075844,0.5684639062655261,-0.36495489652731417,-0.3637157808969338,0.5925341745530943,1.8237920474999614,1.6098598298790012,0.0
2019-12-12,1.6836666730099425,-1.0144818658838206,0.7996764444843985,4.58466244761726,2.509838865374614,3.2214202350061782,-0.9250263991552266,0.9622024174448462,-1.3339206650402113,0.010649627263026318,-1.9055462471246343,2.1193696488398084,0.5575945793337089,0.6020230677001637,1.96800293262811,2.9579806950883025,2.8815146156246696,0.0
2019-12-13,2.201554038144571,-0.8910973465037442,0.22247978364842158,3.8652613856012152,1.6621795622146607,5.504937823578304,-2.439206914758718,-0.04140496604791988,-0.48989589712187254,-0.5249343832021025,-1.852901178603794,3.2231852654387882,2.115903592034263,-0.6513794160789677,2.890119413984027,4.250535578539982,5.130100532229465,0.0
2019-12-16,2.206142315035242,-0.4024407582250755,1.0223418777153492,2.2068664731297094,0.6960891918433187,5.476502001168626,-1.7190338424275087,0.6122948812147921,-0.9725413472256972,-0.865618072416352,-0.6919725489079376,2.2680818578077577,1.1483889611327847,0.1190654610248032,3.082804535524808,4.355796931644318,3.2515636783036816,0.0
2019-12-17,3.1877246986394603,-1.2958589107624485,0.8663837778939198,3.9519078835860144,1.7248172306614684,8.372578574814526,2.6089488831026575,0.686861458446475,0.3861580719679125,-1.2601927353595332,-0.5479295682200847,1.9279416459955234,1.9365626735789787,0.5814148039084532,4.468880033578793,6.235592333054751,2.427105871270663,0.0
2019-12-18,3.5948267723968863,-1.6305666963326026,0.8819160787226332,4.157449059872653,3.023898553080806,9.084965204725703,1.939952429958014,1.2847869975211479,1.7543255771260924,0.22532188841200007,-0.45600934819164385,2.60024062661135,1.536084979345298,0.693931664093439,5.104466408107089,5.936045680339097,3.7475925136362997,0.0
2019-12-19,5.201249066074065,-0.835873791218078,2.312565856446347,4.72148114458133,3.9301310043668103,10.884501862873197,2.6321035161159134,2.822249187771564,1.829670955254481,2.344090710859148,0.6482331344653591,4.361145703611458,3.571136047178314,1.9746289074116463,6.911323415580695,7.814455899520412,5.80540023323266,0.0
2019-12-20,5.366362002371017,-0.30632168453541553,2.969357176520826,4.339831225722501,5.986640026242807,10.969114210799557,3.321122686688649,3.1764905724477766,-0.2831167659267275,3.8694074969770176,1.997976001156565,3.8612338081294384,3.787092031412276,2.1911390371166073,7.060123971313126,7.773403834059289,4.952071921886159,0.0
2019-12-23,5.740690091983458,0.08552752153461185,2.614434328852866,4.380058397077935,4.394808420056773,11.151038493492106,3.536918631258268,2.459492061422086,-1.364134445512899,3.8986784140969233,1.774584487534625,5.0533772323655635,4.126007822868738,2.6103617542580393,7.387785683541548,7.832962919639708,6.333053992577509,0.0
2019-12-24,5.857730473828959,0.710201096892149,4.357514068001933,4.452454090898894,4.72462082233458,11.557678227241475,4.182019566397344,1.8943742824339749,-3.2800008772987943,4.551004551004545,2.2948620749985382,5.002000800320139,3.636543681629134,1.5788316476677,7.440034701954135,9.088612783155314,5.846725833533228,0.0
2019-12-26,6.6573172743771725,1.9606048077491112,5.208455114583255,4.913791897976583,5.588556551404222,12.003811514462214,3.8444504268234425,3.292906826003694,-2.3662975123824315,5.509088881454227,3.1695906432748444,5.544142699669297,5.453019149260907,3.198180804050277,8.216948497024124,9.198423752097451,5.891496039455979,0.0
2019-12-27,5.877464754905493,1.7303414313468934,4.191493920647016,3.2749515807660723,4.437142941716243,12.208430456830488,3.639169675859799,2.0991478965948662,-3.09407310647154,3.6397831618542043,-0.014534883720929148,2.742221224143515,6.08725445408862,2.213277980288919,7.242395961481374,9.609197555435877,2.6061790461414436,0.0
2019-12-30,5.2196394800469115,3.0890089577705115,4.660582327761076,2.471081465779146,4.282231933172809,9.609740407318434,5.705817924102807,1.8626560652288848,-2.309502302811328,3.7498621374214114,0.4883578965727775,1.5021193267729327,4.620630758497923,3.2576380006945627,5.843496202411713,8.136786966998844,0.5326997993153171,0.0
2020-01-02,3.678265014299331,1.7280202776386089,3.303742731652748,2.212821979902113,3.071490043624059,8.159770246959708,6.391604953181118,-1.60055806382855,0.6890942364609964,0.9918256130790226,-1.4350321795094767,-0.756713981898216,2.4312921602746007,2.056982132721119,4.185229833848725,6.40991944371434,-1.6648725170689938,0.04952947003467045
2020-01-03,3.3643297461080524,0.3572493553724909,2.9144395282565405,1.9332380354629697,2.8525375606293535,7.901597807899563,4.959455048361883,-1.7202871233442663,-1.020613711139462,0.35799522673030104,-1.7250861095834957,-0.7182879569520795,2.5527986697516436,1.712247926080801,4.0276594521421405,5.937666440155009,-1.285168973191264,0.04952947003467045
2020-01-06,0.829064027885007,-0.9845961637821588,0.3212115538079541,-1.9656720962094698,-0.7490039840637341,5.107536999167817,2.5251534788540253,-3.3142002454489616,-0.7669852899089835,-4.855712916622301,-2.7937004226738615,-3.825123332280256,-0.9218314966893626,0.5698842606192356,1.5540821619511869,3.8398375817730646,-4.808608984544271,0.04952947003467045
2020-01-07,0.2437507199631428,-1.12576819422614,1.9843590766094987,-3.381217472911857,-1.1600460564191062,2.738552939284822,2.5185159932157752,-3.424015906092881,-1.846153846153853,-5.54089709762533,-2.283355464465109,-4.854368932038822,-3.24193787235012,2.0078244258890265,0.7495208312317203,2.2052227098165567,-6.615103360990027,0.04952947003467045
2020-01-08,-0.7766990291262155,-2.4549903862960964,-1.3887113199811285,-4.966782326223962,-4.05157330120759,4.036632216486735,4.648297107650201,-5.7231076718085365,-4.326950688613474,-8.635928016185712,-3.894018466479321,-6.181371604700436,-5.337348296116828,0.13888311364296246,0.3330188155630909,1.8562792520286475,-6.795268373718266,0.04952947003467045
2020-01-09,-0.4203709101508468,-1.5834615587135725,-1.2455977024617648,-5.036896390307522,-2.0642366341036555,3.5475886934033696,0.38189285296916786,-5.8889227332724055,-3.4677779431463107,-6.027456027456013,-4.157938534821659,-5.734663389716143,-4.676493793244363,1.8830418111801528,0.27281340059424064,1.9944239123387275,-6.250898117545622,0.04952947003467045
2020-01-10,0.5298984854835931,-1.4408121421836229,0.24144745779051124,-4.288906376247836,-1.2968568436455552,5.665523305382281,-2.9150818518456356,-5.722395685495307,-5.650335456954392,-5.588266780858575,-4.878747101096559,-6.696022591298522,-4.002347618477808,2.8615951267884965,1.2161250644764587,4.259385843844288,-8.01944279114587,0.04952947003467045
2020-01-13,1.4886914083840352,0.2236617035909383,1.8753968444457092,-3.0118296342002804,-0.6845595381009706,7.028580042565591,-2.483955412937,-4.733262270950711,-5.95614790299317,-4.506232023010548,-4.2547734397264,-6.508197895038304,-4.451787832570753,4.036094886557717,2.2424548979935954,5.6695584110625585,-8.1292656389097,0.04952947003467045
2020-01-14,1.5742815922474618,1.1994394211260806,1.4793225169208668,-2.043992337670919,-1.848595264557329,6.945337334359314,-0.986941361853344,-4.373622755249351,-4.218087212261745,-4.42374854481955,-4.442113618324073,-5.213360730157213,-2.4931277369595772,4.000331016219794,2.3337038409287247,5.944039318581673,-6.335181744692308,0.04952947003467045
2020-01-15,1.2374586492778006,2.080263222911105,1.7588086748241416,-0.9971468305355558,-0.1996573257246559,6.114263675285225,-2.0989088704788883,-3.7775953467356405,-3.774911011857518,-2.0457918168327427,-4.119531626548712,-5.8929673773683415,-3.0781497411479397,4.501288915328172,1.7813669022029632,5.41381375126917,-7.188696239585668,0.04952947003467045
2020-01-16,2.6469352717709116,2.020603944781185,1.4755407422837985,-0.5683190314426989,-0.25918172626423486,9.433372481796475,-0.169003346181551,-2.1049935979513545,-4.519376856618063,-2.0596666312772016,-4.076280607736383,-5.737900152439024,-3.1840689759831897,5.224818721434565,3.6470846251233535,7.152687063387697,-6.644099484448473,0.04952947003467045
2020-01-17,2.3949807318704552,2.2829238339912905,2.026564753766169,-1.4834659522571902,-1.0387144314703445,9.428217440138997,-0.7655962535541017,-2.8203380328349237,-4.139354073803858,-2.1350808582602188,-4.3249064731889835,-6.256972631678892,-3.917944721240285,4.673130332108233,3.394205330063871,7.125071825320828,-7.3110145091175855,0.04952947003467045
2020-01-20,2.650836354067887,0.8599749594677908,2.7946600858481885,0.9600725316179171,-1.7331783912476695,8.988645277853792,-3.367407803533584,-2.438961805421913,-3.822296347913501,-1.3236549957301502,-1.386829481029217,-3.8590441033611755,-1.7717617328928958,3.444916828332034,3.8839607994382908,6.667692071060527,-4.041872637394583,0.04952947003467045
2020-01-21,1.9120250083042523,0.18275231888555954,0.6982178674954209,0.2087648755127791,-1.4723699026497061,8.732394226800855,-6.334848983539132,-3.373056596028523,-4.513595580009588,-1.3713192303603572,-1.5968063872255467,-3.792522405919563,-1.388833000879508,1.568408704996438,3.2636965353993963,6.560896181163489,-3.73409267712721,0.04952947003467045
2020-01-22,4.23323234505808,1.4581939024142843,2.433922298675162,-0.02690180839934886,0.48514338362317666,11.269509935253952,-5.964243726436125,2.139907970828969,-5.910335233137376,0.5288150226635091,0.6764904850142583,-1.7866042061198129,0.8534428594698884,4.099115925787555,5.942900264117723,9.194949039728218,-1.706556295363204,0.0
2020-01-23,3.201069626825226,1.2963178746213,0.31022265875069177,-0.8612154666160388,0.10351818038043525,8.447367545004614,-5.761636828644512,3.6255919501349876,-6.20152409379735,-0.270241055021081,0.15904338350072322,-2.575704838148285,-1.7714434090187803,3.371820269049386,4.615315048258339,7.386186331957956,-2.8128219292614,0.0
2020-01-28,1.0046077389597396,-0.753528849895635,-3.6811056426436783,-3.6397112854342106,-0.47147778361651405,5.396762559157797,-7.979358208272513,2.038171925718779,-6.321739632000933,-0.17907106883043866,-0.8339041605861075,-4.502842703727095,-4.099463952582239,1.1817134845526045,2.1083347240554273,5.2476310061218,-4.966540720171164,0.0
2020-01-29,0.4477049376246933,-1.1795739597849852,-4.88967864846841,-3.6960181020447624,-1.5668229606546902,5.694336518370036,-6.7780124037710054,1.3421490220919985,-5.743643329850212,0.5251396648044748,-1.2939056453280529,-5.493155493155499,-4.046338046408682,-0.0711435300274843,1.5574779970562558,5.728344669240859,-6.29461193265668,0.0
2020-01-30,-0.15385974127392066,-0.5387760465664915,-3.3603959245168236,-3.0595406479423493,-0.6307827984634029,0.9595824515645335,-8.891832662807053,2.4413943059047316,-3.8959323824616976,2.8321678321678423,-1.71261487050961,-3.544570211236875,-2.250846557333508,1.244892535627673,0.1126494239289455,3.6647834112139455,-4.907579552264041,0.0
2020-01-31,-3.084451965514856,-2.0592510247211093,-5.1208281547720835,-5.964536237783891,-4.827747832200613,-3.1559327520339187,-8.448262241643834,-0.8435375984464311,-5.818449204203125,-1.3010728144259298,-1.4071856287425133,-4.877051275497168,-4.953554841014651,-1.8131352300093884,-2.766221624215326,-0.18774448103273667,-5.910484365419977,0.0
2020-02-03,-3.966207243506348,-1.0589280179299498,-6.835607935023036,-8.569794396429643,-6.156708283069056,-3.270274178851118,-4.981338856168971,-2.7063554190669303,-6.4010325788178,-3.1296065313527466,-2.4290401228064917,-5.317020621729762,-5.835949974179833,-2.9642651717070145,-3.484976185342714,-0.8698593525540366,-5.7713343707150315,0.0
2020-02-04,-3.2010622358989105,-2.9222274029565454,-5.990387622135874,-8.782267268825194,-6.393449699969778,-1.1998736097301954,-2.8814887619773466,-2.57212883288489,-6.216858875282383,-2.9004908522980766,-3.3008899604131448,-5.636391484147641,-5.573784060207276,-2.706209304746876,-2.444998447928004,1.441134471590888,-6.25076904146672,0.0
2020-02-05,-3.271725148288429,-3.8149649300193933,-6.347159904433064,-9.458675779996174,-6.451474192669881,-0.5742180798698593,-5.702591625363473,-4.04126687723898,-5.9332042137087315,-3.4436939430849245,-3.6548102880536337,-6.037003428110522,-7.091793789707934,-3.386539777519615,-2.428203853265032,1.0265532942731692,-6.607716068075842,0.0
2020-02-06,-0.13626298756600486,-3.138952164009101,-3.594426657634797,-5.26988663069432,-4.809875141884223,3.6525344734883447,-2.791895633927566,1.0297550942123257,-5.536968097639128,-1.872091764960493,-2.200011828020576,-3.5952164698758726,-3.539151391560258,-2.3157811511701376,1.040390486747178,4.612192983539365,-4.200279007703045,0.0
2020-02-07,-1.6058361691243639,-3.850424187211754,-3.739992472971121,-4.468102331606206,-4.863004897271517,0.25670792974927803,-4.001001311038599,-1.4374280631997305,-4.473234218401179,-2.016260162601624,-1.6255089001812606,-4.505369551484517,-4.983976963982995,-2.0459670081886205,-0.8026237959440796,2.682812468146678,-5.49815666105321,0.0
2020-02-10,-2.1994428078220163,-4.522839319138805,-3.3379248486401725,-4.477365587033577,-4.6337796233980155,-1.3373143910860197,-5.173830421061054,-1.4769896420611106,-4.8544382075920485,-2.959282859920087,-2.550506546596354,-5.433874357481072,-6.315868757857901,-2.235426828299514,-1.6221873364730466,2.09068153373535,-6.7304178340845455,0.0
2020-02-11,-1.746632252589897,-1.9303870785054689,-1.2301536627931764,-5.576833130654412,-2.46174701835854,-1.991516500706958,-4.660102422640266,0.6798874306304548,-3.7615953820388848,-2.0553872782345217,-3.328616074060975,-4.961224644453988,-6.282734593110451,-1.304785009735998,-1.42315216304848,2.8418649363133985,-6.707575757575757,0.0
2020-02-12,-0.05849023748821791,-0.0117597118010071,0.7165179778318542,-4.804558940354397,-1.9601886410323122,0.07181707671728432,-2.048076213943928,3.1861297153060297,-3.1584736036725403,-1.7891787023065264,-2.4428961989593434,-3.749111584932474,-5.285555225220506,0.3973542025052623,0.4656784844019324,4.362464877434347,-5.547000076236941,0.0
2020-02-13,-1.512404895798869,-0.21160183445370073,-0.6820020806843075,-4.694133827662494,-3.3853383189352604,-1.035313199380794,-3.6631631588477154,-1.890066386894862,-3.7572736811981255,-3.9398819108964034,-2.5037249116246385,-4.754535075478872,-6.7074683171914895,-1.3237322871063606,-1.0565654263300805,2.7445860302317326,-6.92185640618802,0.0
2020-02-14,-0.11308339232368736,0.281252696057277,0.8571946872288239,-4.265232974910393,-3.671095152603221,2.9117019244117692,-1.7464556329924608,-3.157107453207497,-3.3172213449693233,-4.335573379579449,-2.2730614285294215,-4.797631807278114,-5.045965870708136,0.2629996391773304,0.9125007804283047,5.38321830730113,-6.6610338735694,0.0
2020-02-17,3.006817597118605,4.025569734559542,7.289475141180368,0.9781097934717708,-1.3830021265674342,5.77872801450332,2.6281778990844717,-0.5481191608464164,0.2844652422880456,-0.9866576970512297,0.15617022554583748,-1.9104066890694105,-1.3321513875551028,2.4191286847792037,3.974582483111111,8.10356713823952,-3.8385386727981086,0.0
2020-02-18,1.0799531410162544,2.2279171048928292,5.4720118402660445,-0.08768008802393368,-1.3151276664990053,2.410706127392981,-0.4071058475203393,-1.282702400020841,-0.018476774694220488,-2.867622540846948,-0.8050758686738657,-2.5918556837776885,-2.079039065567323,0.9942635493981333,1.7899308379794698,5.493642620818839,-4.253848873461264,0.0
2020-02-19,2.9022346368715146,4.95332238333599,5.772046492800564,1.5557601338636928,-0.5505497976804663,6.385996529975024,0.9868243910319707,0.14857756876685002,1.0031606431221585,-1.8134421398617318,0.35820533058101844,-2.868547099521035,-1.4072939694458442,2.4788575272124858,4.032732040327303,8.082480245189005,-4.138053612112014,0.0
2020-02-20,3.6097045318332466,4.414500538686816,6.893440721377697,1.8473744194744457,0.7633587786259666,7.719723171520032,2.2008065688126743,1.2267685800357642,1.9002165919508318,-1.1563367252543921,-0.5375037959307716,-2.6441661740205236,-0.9378465239536116,3.1586211483778603,4.870243842878308,10.048574194534577,-3.588883096572415,0.0
2020-02-21,2.0746809635278973,2.6122448979591706,5.03610624950146,2.1070930176603664,-0.5916334969876202,4.9222564781429945,0.605757878485158,0.6574151755628588,3.257233330779652,-1.779234460962198,-0.2560463968410809,-3.4024109440606853,-1.8904318555732713,2.350181168495058,3.241709144818339,7.537671506986654,-4.524124850803613,0.0
2020-02-24,-3.6544788915149007,0.8630324853039717,-2.4988096024641915,-2.230942844998407,-5.769408147578781,-2.327601083425246,-7.3053294219400655,-4.425577293794348,-0.021551450919732318,-7.915900735294112,-1.9822703767544914,-7.314829843640103,-6.173264630198916,-2.4020019426746253,-2.76928431153205,-0.44664408429849756,-8.085050531565818,0.0
2020-02-25,-2.8638317718169715,1.0623525974476022,-1.9772695778992877,-2.6007531161371777,-4.141513192167434,-1.9238434080946942,-5.555505682532269,-2.854106573553983,-3.657158640084368,-6.0550458715596385,-1.9860208763124665,-7.23770689701424,-5.156590320999288,-0.7017081487094123,-2.274897461396508,-0.6025653452230939,-8.320363164721133,0.0
2020-02-26,-6.785191701751392,-1.6905954564696013,-5.603933049770749,-8.009027450935912,-6.816217021910864,-6.8035538166923875,-8.369862831917118,-8.150800612733866,-6.390302304699191,-9.483899426554931,-4.583660881659313,-10.156761142079507,-8.414863395854722,-3.507863149630508,-6.509584664536749,-5.391346774320471,-10.9974991294438,0.0
2020-02-27,-7.100522163701706,-2.4297156054302937,-6.819161272264407,-8.792863337316348,-6.274668707697395,-7.01853550034307,-12.04714908888408,-7.813474527913799,-9.821617254024485,-11.052107534019239,-4.180763653939112,-9.165961049957671,-7.5030397086767735,-5.784716781494071,-6.88647139241978,-6.1891242629395045,-9.372441362038241,0.0
2020-02-28,-9.72526998232679,-5.724428995548236,-10.7903893951947,-10.836121159244582,-8.584212976170802,-9.5398488901542,-14.819373472561647,-11.490681163374072,-15.250106242031848,-12.621035058430706,-5.60841414110711,-10.54970948135059,-9.22471798931328,-8.219845938830572,-9.374390005855936,-10.008478050605596,-10.107425063671382,0.0
2020-03-02,-9.923440929864336,-6.92361536442383,-12.1532925357697,-11.99074978275576,-9.427211165981609,-8.457100604592382,-13.709022066243381,-14.359513577763561,-17.75973144422778,-13.67351446874311,-7.234133398395793,-11.881030220875545,-10.103894824954462,-7.729253757893795,-9.487849275978133,-9.697571614963685,-11.722670651097078,0.0
2020-03-03,-10.0175126654098,-8.499542464723897,-11.60498015838931,-11.56043768893431,-9.324047158814253,-8.481522193424029,-13.96841284744983,-15.931503412607029,-16.93084462879293,-13.718173836698854,-8.711504851443387,-12.484506447954846,-8.893005736231817,-7.7257845242979295,-9.781853217077852,-9.66848477815172,-12.596251634461709,0.0
2020-03-04,-7.775777443393528,-5.887335632216805,-10.028493344368572,-10.069416717051304,-7.777514161155441,-6.102650424805023,-10.84529291464731,-13.033367832204467,-15.250331421208486,-10.985695127402773,-5.4027328299173005,-10.567113289470187,-6.124367004470388,-4.364691336075577,-7.447579464684228,-7.817213396523037,-9.941156222852365,0.0
2020-03-05,-7.056993479200746,-4.581483648209961,-7.889724158704636,-8.474682838860137,-6.102670384231179,-6.92865662033495,-10.59074657603868,-11.975260161005307,-14.50460671495718,-7.579877634262422,-3.7100559667810007,-9.12185707392913,-4.295214822605098,-4.3752948985549045,-7.24684583497922,-7.379704949676002,-9.618328148916222,0.0
2020-03-06,-9.00689956604539,-5.585665334094802,-10.69455822244011,-10.949941009843089,-7.740697778174344,-8.830161711877082,-13.044780062524763,-15.19153094462541,-17.516823026671247,-9.88563016645907,-4.0960748448229385,-10.811685684227557,-5.0162216121786845,-5.139520837527678,-9.231993064453892,-9.679267114473278,-11.228081827842718,0.0
2020-03-09,-11.50402013690196,-6.688788743823448,-14.516680886817701,-14.954544150965043,-10.850110180035678,-10.845726846123993,-16.943582580041472,-19.197029258897714,-12.992805046323664,-13.731548232063162,-5.28602461984069,-14.16743831363364,-8.42067673647875,-8.557237311207633,-11.829258843128908,-13.337752760203458,-15.285587203544859,0.0
2020-03-10,-11.19330057819159,-8.096702667906442,-12.942208148635736,-15.454675028506271,-9.948119129369415,-10.50869916098357,-17.266647410402825,-20.332876340347184,-15.162646876932595,-12.905460002308667,-5.154264972776779,-14.19374280861323,-8.026280352993497,-8.764697878062645,-11.523957141270591,-12.519000918216971,-15.400822545846815,0.0
2020-03-11,-13.08266909587793,-8.577798059008702,-14.628986574768287,-15.660602135116065,-12.460288367546434,-14.244896287837072,-21.07599605399978,-20.33965483652096,-18.966646482371697,-13.757604117922329,-5.306384148016974,-14.548716533259743,-9.11879284612077,-9.95139957927994,-13.627058127237623,-15.39998919678065,-15.510045453777387,0.0
2020-03-12,-15.188825803110738,-11.256227120743745,-17.92060896834543,-16.22317394301065,-17.214302407104466,-15.671406746232119,-25.192955216335513,-23.253446650361408,-20.534444595580513,-17.43534739601954,-7.172238889060711,-17.54956672929695,-12.26018683902803,-12.258448687934875,-15.427172004779965,-17.521956799360684,-18.65260129465357,0.0
2020-03-13,-14.795290133907956,-13.378596521702658,-17.450421884237098,-16.516696721888678,-19.289687912948427,-13.775625822186788,-25.138036514746332,-25.263210597087504,-22.864678433759376,-17.79164067373675,-11.286270569023992,-17.96159009981905,-13.470482647253112,-11.166964677305092,-14.230051389563581,-16.049860637968404,-18.67235470512638,0.0
2020-03-16,-18.480136527208003,-13.499698980108853,-21.902252380654417,-20.042698704969087,-21.23779230535621,-17.170118299001945,-26.54661590886409,-29.622526246998817,-22.78763080050561,-21.82617187499999,-13.046619753706956,-21.17759333699645,-17.302722401418446,-16.470646782675047,-18.10845429093616,-19.973914739391173,-21.926504916177404,0.0
2020-03-17,-19.469175691097227,-13.44666218135606,-21.467745597629285,-21.958428621622783,-22.273941487915284,-17.32982814498375,-26.33924045744409,-31.865124334495064,-24.81215027977618,-23.6598440545809,-14.931237721021617,-24.59364986891931,-19.860058232563027,-17.241668553981405,-19.0707297365455,-19.922144681134224,-26.478747999288622,0.0
2020-03-18,-22.56519813712655,-14.88457768512027,-22.729884303904292,-26.6588411650293,-27.368218792032273,-20.334729764879288,-27.46189755933328,-35.59573334868791,-26.352282752536404,-27.500000000000004,-19.473518284993684,-28.434514099277553,-23.949216247101802,-18.80631306420225,-22.087374849663398,-23.923845965004364,-29.930382101291386,0.0
2020-03-19,-26.64153678139516,-21.050247272452715,-28.970863206904664,-31.022750016678902,-32.55149305213364,-22.95310702250234,-34.398718824824336,-39.80889804387376,-25.593982744635348,-34.54337027130302,-22.108076774442864,-34.08567066782411,-33.032429486306036,-20.40955450102698,-25.27166011523343,-27.256161208711493,-35.46248705980639,0.0
2020-03-20,-21.790652730822814,-15.833309832012555,-23.30583620937061,-27.628350062876493,-29.179862222077123,-19.266817202751273,-26.278724406107855,-33.734967322753576,-18.920703523620872,-27.418116683725692,-18.33514153269553,-28.259885983168942,-28.395273045954983,-16.147887200518785,-20.60739262870952,-22.640345731833545,-28.100450740502247,0.0
2020-03-23,-26.397736017674955,-21.38367343099973,-28.287480717608616,-30.643468548705467,-33.535116839159016,-24.869194114492988,-30.827443127120347,-38.07647279377443,-20.854200413131018,-33.57924192317478,-22.38323155636244,-33.090251619707715,-36.40619616691549,-20.95861630066168,-24.922694379801726,-27.324465989482515,-33.05814125295509,0.0
2020-03-24,-21.820689253300827,-19.63469070033326,-23.71771684006526,-25.813039714076414,-30.003376585789397,-19.152654986730855,-27.8221718048849,-34.22513463638761,-16.699315829483663,-29.566854990583803,-22.750166302385246,-28.385059867754812,-31.024989132296177,-17.234794071420122,-19.844953200757086,-20.859450943585955,-29.56464764123472,0.0
2020-03-25,-18.247125058745684,-16.126191649736132,-19.6366100227501,-20.19029002523045,-26.72287855691057,-16.22831563952658,-23.97224048361665,-26.948614426029614,-15.39919795843967,-25.793796738997177,-21.427455392019002,-21.077780727369255,-22.452844824242735,-15.731107617167906,-16.436282659113775,-17.42440218492468,-21.223709369024846,0.0
2020-03-26,-17.35008969620924,-14.50978257253379,-18.660255978119544,-18.834044840982845,-25.155955316988255,-16.158427836577438,-20.599643515424038,-24.766286938954217,-14.881422042250382,-22.945463684342794,-21.561454522715184,-19.14526812448961,-20.84143457698372,-15.607039467540517,-16.10269112893068,-18.101910181716708,-19.120122703976662,0.0
2020-03-27,-12.126234800002045,-10.583119807438468,-13.186827105763143,-11.833954374546863,-20.31746565552959,-10.867004736432351,-14.83378164940784,-18.86096304700956,-18.14307156410183,-17.296723703408933,-18.55249745158002,-12.054194694758225,-15.381247520146669,-9.563599308847637,-10.394810559040323,-11.874013071076773,-10.168013948327792,0.0
2020-03-30,-12.522606511694256,-8.270215580979057,-13.793623162194136,-12.40656135677799,-21.388739586132765,-12.37974824947572,-14.334591978687172,-18.59136897586604,-14.100975346619805,-15.241882041086807,-18.784283709656847,-11.99514702595702,-13.981123338417955,-10.017283279085465,-11.685667974655212,-13.282528258117999,-11.171325536450771,0.0
2020-03-31,-8.050747535726066,-3.00789409262443,-10.008345637799321,-10.234643919966002,-15.37320724430331,-8.665708131280446,-4.820138619101499,-14.47630291786136,-8.781053177374842,-7.935431361909917,-16.92084475253909,-8.885945928486061,-10.211196548484747,-5.987863165243546,-7.427377502190469,-10.855209150446022,-8.885644574217032,0.0
2020-04-01,-8.115769790604743,1.984432837252692,-8.376873591744783,-10.829606502967405,-7.9550587172538485,-9.774483373343767,2.8707960757339945,-11.959550281741539,-8.088635762413832,-6.480946882217086,-15.582728060238548,-8.710588075235536,-10.724956063268875,-5.696090735834158,-8.673202386351752,-11.162459331734297,-10.09220664393078,0.0
2020-04-02,-2.6294991645215315,9.028517294314508,-0.9612771739130443,-4.911359352193445,-1.3381036120712286,-6.190821149786774,10.986186957918399,-3.8654046760008165,-2.0088111520252583,4.962816815905291,-6.290265486725655,-2.131065888714956,-3.9445069944630484,0.35319585279709464,-4.10943387227547,-7.692569059834864,-3.619164673090014,0.0
2020-04-03,0.6169599850716745,10.44340542533362,3.4591428257727985,0.5718897993221672,-0.0365289390372614,-3.367732967543813,10.450716254512994,0.4854858896200964,0.5620063457773661,7.745159275452829,-4.2739983380902675,0.32286469034341625,-3.542014446545405,4.434603010684346,-0.673248718725461,-3.5429053042034586,-1.893587623728743,0.0
2020-04-06,7.141661285307688,15.922281797578908,8.102831594634875,6.224502288623213,5.661425749094495,3.0704874982506736,15.76719160621014,8.129877194083557,7.077043022184415,13.134375997446535,4.365641063845649,9.657356974543196,4.516926198990245,10.16602136587541,6.114545177045172,3.386758351337882,8.855615490675106,0.0
2020-04-07,14.605329311211657,20.094124358243004,13.584250180489832,15.282452354508624,16.642416225749557,10.838176203379524,25.645466322140862,18.74008180416171,14.230632451756598,23.400240178418265,9.258896762322344,17.35254609842474,12.346804943933432,15.256044768239875,13.279339240607847,13.709551787065477,15.808368095057501,0.0
2020-04-08,23.97711369062321,33.50228725354248,29.00019176792594,25.127234373776595,27.33537892070914,16.928208375744735,44.321190868102775,31.751701742334348,20.243404491486782,40.86398131932283,16.77347335345434,29.314259763851048,28.416501347983104,20.329480861856087,20.61061551542751,22.95765741664031,26.193893344589835,0.0
2020-04-09,17.24355904606838,23.26490495230862,21.534161053648315,23.061642587646602,22.43966530668695,10.445610102628056,27.39185670267348,28.355237415701872,12.895165469756442,29.87837123215231,13.808373590982281,21.56912209888999,22.573458401461053,14.109544661239259,14.213818729128459,13.99954282655842,16.31739208310943,0.0
2020-04-10,25.514347773295732,30.34398328335355,29.150646508650023,33.64985492760264,31.211438644598942,17.764746190509584,34.049282934053736,40.768109136742225,19.379248188065624,42.43584833397165,20.20073147911883,34.764006485317964,39.513044956233536,20.718902344870195,21.606301218631895,19.76147405264306,31.011173955028283,0.0
2020-04-13,13.403355342025014,23.564599185013968,17.342164104110136,23.682849362851766,21.078262467553355,3.775493346994585,21.034513932835864,25.712846116849498,14.180165318264004,32.549019607843135,13.400582277442897,22.34653135917486,22.163442256641375,10.063708574112251,9.139252789907815,4.43138500635325,20.509043927648584,0.0
2020-04-14,8.934982050259265,19.382603242855858,11.687798423242102,15.530402325608694,15.827681106030722,0.9430714001435581,15.271339501075998,13.869861270852635,15.37705765750237,27.011399306129192,13.776646516067448,11.937063198415366,9.061658622787938,8.470455131894973,5.254852356946826,0.8778167250876212,10.057790106333787,0.0
2020-04-16,10.130823607552886,18.139557920357753,13.648647448666985,15.646870034578054,15.532725980487161,3.461008288211742,14.907240295147407,12.711864406779672,12.774814167031035,24.918460534898877,13.740184159126233,10.582426214790708,6.4923533951257495,11.353096802100415,7.092100983311234,5.854202481066761,7.062904717853846,0.0
2020-04-17,11.456981015642743,15.701285168461276,15.897810005982006,12.722794241390378,15.077656790748728,6.815015016398274,15.565443601217787,13.56324383054497,13.328374474562764,25.48516439454691,13.063204005006245,8.763574701446753,8.922017236082592,11.17360036056516,8.337777450854201,8.427790439739491,4.31627701808559,0.0
2020-04-20,10.554882594111081,12.275206255366356,15.257659862756245,14.333555308346412,20.924319473526776,5.003007646027302,17.53265074518311,14.395858012336094,14.718511855258898,24.97263487099297,16.578968035812448,8.380496299521134,5.0349517483790684,10.72588114853994,7.81975145376681,6.618997004541516,4.790956396913693,0.0
2020-04-21,7.1091505949938405,6.978543192232789,12.780425167641596,11.777377169396242,14.164072325423183,3.7199816205408354,10.354455539255113,7.881554814917058,13.284293237482236,18.785914247826717,16.80055885434857,4.498723766307422,0.8447582363928063,7.239422674130802,4.7724790680742535,6.499340038676782,1.0733334796637406,0.0
2020-04-22,12.5004449823787,7.685645892663673,17.891372853014474,14.002334182365894,12.584595882148486,9.73305170778418,8.597855668168153,9.779377565671066,17.741471260475763,28.800740855070227,21.44294904684847,9.735469448584212,6.821201830798751,12.51799128531712,11.145280207816043,12.699753532610124,7.469326589866077,0.0
2020-04-23,11.007849912456669,8.771774047776848,17.38233243017686,11.957251178253792,12.790149761324287,7.238878171835572,8.84862518089724,8.72954246804445,20.437845998993453,19.259687680740335,17.51218222339741,7.830164673379625,4.70138649154217,9.859408113835899,9.237579502993597,10.434928931634492,4.81850890376645,0.0
2020-04-24,9.47990077893175,8.476294764164338,16.007262339092733,10.24879330871138,10.059279710909896,5.704310506730548,12.043513409019013,6.89454282471349,17.791390450616774,15.623188405797105,14.707880434782616,6.831480397893497,6.040026246719155,9.304580980090126,7.821914056664836,8.45146042457323,4.834576224228293,0.0
2020-04-27,7.304618612853542,6.250149011754047,12.495967575168532,8.318771610216746,8.291295794947718,3.0361238204990926,8.013110819256376,4.153042468801393,21.62005626344532,14.261531950909866,10.710971518309664,8.204459787931096,4.44150414556046,6.806388694660148,5.6267716629810005,5.012935473337854,9.004044264699363,0.0
2020-04-28,6.058894494406664,5.8618335114594355,10.966543255819005,7.209055276750065,5.706023549868622,1.3099579117440863,5.4197703075981485,2.1618620060046556,20.21792561035558,15.12581676630056,10.83560269456787,7.7696843565730145,3.4589395883908303,7.54770564039613,4.550549204214294,2.675447824363797,7.474676912329725,0.0
2020-04-29,7.77028896488372,6.876059600276996,12.084469659088759,10.853041317750979,7.720553079997705,3.0972081232667703,6.137943954070102,4.8612625252401065,21.464130291441386,16.038126813095733,9.864041920407885,10.640913081650583,12.456130621816254,8.803327940836603,6.571833123233817,4.742713597658077,11.455522601074852,0.0
2020-05-04,3.221853709543021,7.9219673081802,5.7924293939936256,5.68581921658835,3.932753492224883,-0.961939436935122,4.900302481005414,-3.459065926676408,16.648905648003918,10.925624321389794,7.675981605942694,5.4264370201286605,8.089491461959097,6.591383668534978,1.8890346568146033,0.5888307991764208,5.646970830216902,0.0
2020-05-06,3.6577632073950594,12.64788396290777,6.778420685422315,2.4503490111351223,4.922376474100609,0.6270275613547982,9.753605969420033,-3.5973243912287844,10.376067569480485,11.468136595859102,6.878007359184823,3.0611903886642367,8.346023817500692,10.632155028277502,2.6234163771481134,3.1931747734272875,1.720543329472446,0.0
2020-05-07,5.633270528437473,13.317716945312007,8.994393223695663,2.448372993243142,6.754064770722268,2.431400629975755,18.567143940612716,-0.6321734377846666,8.246107499116206,11.094674556213025,10.066895678900734,4.8883298772818495,10.83700716005378,15.051529178223234,4.326564000426791,6.80912547528516,3.383579561292538,0.0
2020-05-08,4.778469425119014,10.20059009445713,7.507516165982109,0.9939617248537758,6.228134178967637,1.5292889810302412,17.61477721376199,-0.0017876935178184894,5.051093581928989,7.726326742976064,6.662472035794176,3.7227471536843693,8.570140173344122,14.179712160443557,3.6419958347188253,6.038132964016429,2.094053895108261,0.0
2020-05-11,4.217934703592219,9.832364091537936,5.658490339988642,0.14728243452410972,7.8891933709897,0.5457961680325862,17.255158787421323,0.2228462723072644,7.644349323035415,6.657963446475201,6.602649470806776,4.0592652729855905,9.35130712588148,14.160531189303939,3.0407812810298696,3.827415177983595,3.4561714261027277,0.0
2020-05-12,0.399053553613693,11.966833181228687,0.1498076419521821,-2.863434628591588,3.8765518126638865,-4.469931740595934,14.95758093579358,-4.018319853299424,3.9899868730347787,2.172801635991828,7.5169503251695025,0.5672394347508991,2.2185110962666066,12.86288403574638,-0.6648221388601216,-0.5772309766579609,-0.9302915618326857,0.0
2020-05-13,2.215596620240645,14.50658799561102,2.1577713899991746,-2.5829388673045517,0.5088788762258156,-1.0458990228120801,12.982918475999439,-2.6486105283830774,3.0344276604873377,0.30030030030030463,4.3552950687146375,2.2461002878757297,4.27504390361555,12.62525755948083,1.5681329703395752,3.185846617631616,1.4875856164383583,0.0
2020-05-14,2.425267907501416,17.645112265908438,1.643309491219247,-3.115902412355631,1.8637241977136787,-1.07178500901135,12.468909472961975,-1.8783076037182211,6.840217824412265,-2.0838501612503224,3.0170122275385625,2.4663296807680757,5.225905119081475,13.6825284090909,1.6376544711210084,2.3605706874189503,1.7720639332869936,0.0
2020-05-15,1.6417477520238366,19.076979611261557,1.750425765622321,-1.7573105988551996,2.3972105186691905,-2.503237993189844,15.8240393184089,-0.38406985097722,0.07764868284825255,-4.673457159976035,0.21774455638610135,3.7313686211930985,5.091760731014361,11.005291932431494,0.4989488276707421,1.2025787843280566,3.4598457449126263,0.0
2020-05-18,1.1688332036370541,14.265514486796004,-1.1531475376307054,-1.6235768296673947,2.257783267337543,-0.7431199414182688,13.917547703631229,-0.8816985744499739,-4.539439778251353,-3.200775945683798,-0.7875534411263541,3.5734753733607683,6.498485603649895,8.665397831497534,0.42799984063834895,2.6874526815006794,2.2724310232457023,0.0
2020-05-19,4.849100851768906,10.186045307741187,2.5149768702235287,2.456754089990132,7.2916090236659015,3.221027899620088,14.521736857239965,8.610142734986503,-1.3136522953295593,2.7074454750563914,2.730891981706307,7.9077091606189365,11.341697348473145,10.34794711203897,4.480722272572457,6.938626932317327,7.164093641949476,0.0
2020-05-20,3.47779505609096,8.73845774102704,1.7928657911893575,1.2672261408296137,6.021582733812947,2.092488756028943,19.909016105616793,6.075439101641211,-6.461664058779515,2.0000000000000018,1.2024887971888276,3.258887876025529,8.433283358320832,12.004479283314652,3.155141501940406,6.62061575553472,-1.3943817017980198,0.0
2020-05-21,3.3204245924439935,9.069927226327534,3.10706942132577,1.6390473912597958,6.923186954655991,1.3856459372301622,22.56083848056778,5.666617533257168,-6.0543281222314675,-0.7607776838545965,1.1121169015905874,2.5716124879304747,10.057539979076369,12.41673623060018,2.9791459781529195,6.1469179632586135,-2.061667208319784,0.0
2020-05-22,1.1588859906755289,8.739377047440566,-0.21944155740809546,-3.4785496081816913,3.170826971558438,-0.9829235664024827,20.240975113427552,1.3659991863671284,-7.815701974621703,-2.964285714285708,-0.9216886883661068,-0.6856054594508887,0.2057062345896421,12.781865452259167,0.848745101776549,3.2565846933909848,-5.554221688675465,0.0
2020-05-25,5.235389396265644,10.489168003000104,4.109132428042295,-0.8726790632196835,6.1948665930045,2.5199283226433167,22.241889145084116,6.043185511957283,-3.643007730147574,-0.17129572984216912,2.2996057818659654,4.021913853623338,4.315788713996005,18.462001116982442,5.249087717677492,8.082089878790534,-0.9557522123893714,0.0
2020-05-26,5.237561956904946,5.764770424929799,6.615131037565991,0.5657450497308147,5.299662102080749,2.5808370934144786,15.97938144329898,6.980513567656144,-1.694311445508434,1.9418646725364752,3.7208686440677985,5.110412140471476,3.4681959056313216,14.442389006342493,5.2522044855255245,9.767040469924094,0.9047244420520961,0.0
2020-05-27,5.319375093979617,5.207891416017918,5.774155766666755,2.690110957799585,8.114592404343423,3.625611894242242,10.270935602517927,9.745521881818032,-1.6953965864879406,4.551507081467143,1.7346167745326824,5.60362988170473,4.411266890462362,9.89365390352257,5.24485656331497,7.828423066152146,2.061599087420918,0.0
2020-05-28,4.251164033672183,4.614982350634067,3.3575275567897744,1.9408620539337118,4.7851356111306975,3.8969830347939993,6.02164666164744,5.621502762035879,-2.316651734288999,1.9922723979715062,1.6549780428655847,5.005472220433904,5.207284707605009,10.28005929724749,4.745018574805826,6.795339322244942,3.244321922317317,0.0
2020-05-29,4.8672109124728635,4.410914682691169,4.242752908696512,3.8182647593498986,5.048812095032407,4.66934343301173,3.4846734952761693,9.732817527748661,-0.09941217150761794,5.544675642594865,3.2678019593661567,4.843638254989924,2.7861703340554156,7.112447574582559,5.402693694306526,6.843279550952341,4.4828162191506316,0.0
2020-06-01,7.43482626406613,4.853793643388404,7.974688954197262,7.219930347181225,8.810704891697707,6.7074595165573125,5.986859971509317,14.757215243615418,2.101925786754344,9.05679259444585,4.076445416814134,8.371540719728209,7.959686027345536,8.020396529778772,7.916201499168385,8.985134645176185,8.677465480077684,0.0
2020-06-02,7.5638263881015355,3.4837033849760113,6.782039289055186,8.300904774082962,11.502557881968233,5.878416025137989,7.761897342191149,19.018101124213693,0.4178512966313441,10.678642714570863,4.748071398599141,11.258798494025202,11.31486313598218,7.771453590192645,7.8928508952604615,7.600138680226509,12.580407044184327,0.0
2020-06-03,11.534785138392479,0.9597453874923056,9.461484464844894,17.99422305768832,14.732736459533724,13.100794898518963,6.961437089217548,26.577986437141355,-1.408917619757999,14.010640993159363,6.45723132499032,16.749437160640966,18.03886912891375,5.747665011089231,12.840571122531518,12.442510934654871,20.772874701263234,0.0
2020-06-04,11.61740899090946,-2.2687260328028147,9.978954144795482,17.265379118055012,15.089387060158899,13.304513393001294,4.265250356719874,23.745111273426602,1.2040575878617288,11.565053425518546,5.996043713720534,13.789604608536266,15.376184596050013,7.9196823918482595,13.257675076095254,12.863517896986831,15.937328896938041,0.0
2020-06-05,12.635317560696091,-1.0394633776691364,10.689072483902606,16.14759150056728,16.17315309874414,13.44635893649684,4.856073125869487,24.993072105525705,4.38176671433157,13.088677354709422,4.902151373768793,15.431435732187593,15.658434732522132,8.173309346246205,14.261021348461078,13.295650036864103,18.251338261534535,0.0
2020-06-08,10.283700476115953,0.8054728302999914,8.58285358718276,12.379156494654442,15.576109754839607,9.889930285379812,3.063823959094236,18.458437153931364,3.0593093093093104,9.055406394923127,3.0106011594017046,12.362794238944218,11.73487464136107,8.924292110739728,11.393258302807286,11.165019901874906,14.295108919029985,0.0
2020-06-09,10.015882270159416,0.33972192844429205,8.050158792837347,11.679213115643128,12.533080002714247,10.596674062339506,-2.313038157262126,18.435431333403372,4.523899572338741,7.818930041152261,1.8380479102956038,11.271557839644352,9.012789491876937,5.918047159798823,10.968412599759091,10.50411873440893,14.477982220384543,0.0
2020-06-10,9.877346357672234,2.880232022976026,6.622065320870929,10.887930425895975,11.254180602006691,11.10899880829912,-3.397627379021928,16.831009860591628,1.7351690919378493,8.444877099050863,1.4515922752270205,9.896764881232546,7.303824713638729,6.372419018753539,10.798742000525996,12.055992529540639,12.66773129808989,0.0
2020-06-11,10.489155537959437,1.9583318351559686,8.165228298197814,11.841037002380595,13.264041850220277,11.600016665972257,-4.1062061521856545,17.290369762588533,2.2598121485145617,7.00527542632805,1.2230028623471112,9.872479146025759,9.289098859689826,5.161892995434747,11.323271908613354,12.84502663283269,11.933310736378267,0.0
2020-06-12,6.903639827534347,1.5833293228740386,4.4592211714445495,7.61371627118177,7.7711634571102195,7.325155883783641,-7.826759474091272,11.958101977544612,-1.9253770530062164,2.880254933202586,-2.5722543352601157,6.319972247626859,5.350039089254954,0.28069513751884934,7.5426671713763715,8.152046783625732,6.828406845225565,0.0
2020-06-15,0.0512370798805728,-0.4801914602956203,-5.381232043167827,-2.5355634193307774,-0.5742273264651154,0.46967490030564996,-11.577799585650418,0.5396387654699408,-8.259527157290503,-6.6848083293894796,-7.0949827652240565,1.1321918864723113,-1.6715570407802804,-4.852932686756728,0.5948051528229081,-1.5967266235486832,-0.4493321569995268,0.0
2020-06-16,5.260437179992139,3.5919208107955347,2.1033987264931664,1.531244148190014,5.886414070847357,4.645649126663431,-6.575142603513884,3.8616069564055167,-3.778599491564605,-3.9712863262707065,-2.4122452933768246,5.742082003437288,2.6713767553072865,1.9779897285399972,6.370389565517831,5.361088856999507,5.0051819789063146,0.0
2020-06-17,5.546353535054771,6.791270932266946,3.9759485190741684,0.7243278093195471,7.8138393532447115,4.310286117240758,-2.594894340715004,4.010561681744695,-4.990682506405775,-2.5689593938676425,-3.5816757471227367,6.106495815578916,1.9839676676837392,1.5941986862756607,6.091138696329734,6.973125326015972,1.436684268207622,0.0
2020-06-18,5.118249901458416,6.432693563128344,4.157089753412224,0.2285530656278567,5.988782341233945,4.065861619848543,-1.5679458445776007,1.249546967151005,-6.355730541253834,-4.8475008697669075,-5.106328791544634,6.641448592335375,6.454251764347019,2.390697262075392,5.608170245720467,5.854992438363893,1.5007693691173163,0.0
2020-06-19,3.6918666589187854,4.014636803223981,4.5663248675179124,0.8946199005688271,3.6957720886466205,3.5581859216657685,-3.159233836347386,-1.7026444473040692,-6.506612995974692,-4.267033723331048,-7.447137380981827,3.8137269821944875,2.9385059288005833,0.5559089726166144,4.2910979510403235,4.793588386511405,-0.051057478938787426,0.0
2020-06-22,1.8944130625386357,3.695238483947172,2.881894471907631,-3.196829337562579,-0.7441743133730694,1.6973401559854606,-3.9766901809578203,-7.106645915835863,-8.192126749889194,-5.218665464382322,-7.16134598792062,-0.9357344632768161,-1.2759491698213554,3.9189228403122334,2.8321425956338464,2.8818641897871755,-6.449981266391902,0.0
2020-06-23,-0.7340475081509146,6.507825539610113,1.407637170717524,-10.633903431949832,-2.858688093950401,-4.12999299229152,-3.7082421720086245,-10.596538223779106,-10.730497646267656,-8.12222222222222,-9.246803611464571,-4.3246462297592325,-7.434723425318657,8.087171004046922,-0.2585192702889594,-0.17779855340425144,-12.245799395749046,0.0
2020-06-24,0.4802015637929147,6.986435036481242,2.105213391777716,-9.373545844003395,-2.8339394686556107,-1.8719882243885988,-1.7459671468374682,-6.017677956350553,-9.270827417797722,-5.340845070422528,-8.459279202104886,-3.2820365309938038,-4.70979386339887,7.887019037379983,1.1575413821044211,0.825670545823054,-9.007519889562976,0.0
2020-06-25,-3.1853410148175665,4.954377750677441,-1.9832650881253522,-11.44700544191024,-5.505947830341573,-5.429332898154349,-4.316409032625723,-10.496988508295468,-12.996071962760535,-9.214752464281762,-9.176267103190527,-7.709226257613344,-10.024402694256661,4.792222254784151,-2.8058149858394943,-3.1715303073711842,-13.090105626212534,0.0
2020-06-26,-2.2725920093027874,5.548722861618516,-0.8431508431508417,-11.003541700375742,-8.089132181001402,-3.0507132907630075,-4.492117421406783,-10.394466801539604,-12.217194570135748,-8.683974932855865,-6.134378012001374,-6.640503684463139,-10.268032007162443,3.4615022760662084,-1.5316396678802136,-2.49090560198586,-11.84371403912542,0.0
2020-06-29,-4.360141074137025,3.164373102443019,-3.003643413443857,-12.722499582694724,-8.149421128798851,-5.391318419426661,-4.895793250946323,-11.171982433571392,-14.54993319973279,-10.428828019757507,-6.722137070286848,-8.211492689561384,-11.193059668837634,1.6511643104537344,-3.5136675670986994,-4.93836684314809,-13.716071009336684,0.0
2020-06-30,-3.9787037332228214,-0.24941956219118877,-0.90646751546406,-12.91203710721378,-6.709754997745376,-4.891596067638204,-2.3571195080794083,-10.353422285901914,-10.743978437887714,-9.167414721723521,-4.531988654270402,-7.186705878993804,-10.089473284568061,0.7372582540869921,-3.1035352411470596,-5.677930111619478,-11.596870685687987,0.0
2020-07-01,-3.219434210163652,1.2388314982606508,-1.491180052059471,-9.621536492937654,-6.420540869036762,-3.287397380834345,-0.8171479510521662,-8.615878278193046,-10.81758108866846,-6.695711992662234,0.03856041131105048,-4.30798766653091,-7.623428001672505,1.511526283364617,-2.0692582328414866,-4.001474824661999,-7.559096845013913,0.0
2020-07-02,0.14397598836934922,2.163809181851728,2.8358444517130987,-4.138425860677264,-1.327888830856394,0.4253291820216276,4.2442803602394275,-5.4679433023561375,-7.397602546179249,-1.6916845365737454,4.657371699792345,-2.5865393171773388,-5.544610373405834,6.636819302902519,1.4365001632386631,-1.1134588348819974,-3.3907978116267112,0.0
2020-07-03,5.987236682719299,6.2604823020038225,10.394208502670011,3.9524587789891763,6.796330898590108,6.905825565028745,13.109061313076499,2.66508635286149,-1.1802998941364273,5.908456954482055,7.7639218111237085,0.10981636263802663,-0.5982026290522025,14.350289341756994,7.180616032263765,6.123286764219049,1.6611706512778213,0.0
2020-07-06,2.3329669558709965,3.682831222990557,3.8739086940705825,-1.443437069250042,-1.1829359165424713,4.577085495565503,12.328780010536612,-0.14315586295642335,-6.105139906328805,1.4227152158186707,5.277961614824611,-4.037149905674076,-3.809060168677547,13.07663529885752,3.2233342807259646,2.594494324282537,-2.9300201269546466,0.0
2020-07-07,1.0798440017748323,2.625182541365878,3.627441416219934,-0.46569652001253736,-0.5175692950456834,1.399618440107897,9.169681125232753,-0.7591414297570376,-5.675758504443773,1.4094775212636579,4.11929918416476,-5.206136422731333,-4.2561986182281135,12.488377748215541,1.7241990629352832,-0.895751123786559,-2.2531725140454983,0.0
2020-07-08,1.1905431501584296,2.736368454110072,3.486487222797363,1.5006919475624825,0.09776839752939637,0.8503348805204647,9.268501222107606,-0.776921762758187,-5.042197991745212,2.132845825716023,4.042538915727323,-5.515496888992255,-5.190288884836802,14.75027778980329,1.9778887921332533,-0.2803365700093874,-2.711056859347938,0.0
2020-07-09,1.241290418993879,4.9507214168238,3.1977003099504797,-0.016790876096250962,1.1077038613179768,-0.10483240092239443,11.083363118585531,-0.5023768808450457,-5.361810745148688,0.26359932901991456,3.2733224222585955,-5.2333763339978745,-4.526625285854291,15.765522893437133,1.8543260860763633,-0.4584621727478866,-3.442246104878488,0.0
2020-07-10,1.1059231778363987,5.58739889398383,2.413712318830785,-0.5452357798618745,0.1381961432156853,1.1212035197275094,7.183076740556871,-1.2465787509330695,-5.681888978879823,-1.985967415863954,1.5998406797663511,-6.193191944394949,-5.9070758626133095,13.513117294723752,1.6982600336701958,0.39169179117566344,-4.311432404830096,0.0
2020-07-13,2.572211482517228,4.801050214596425,4.326424986657229,2.7349198120307117,1.8452238924679953,3.1942404574552885,9.994123009574407,2.555047948306388,0.28877693551172534,2.213085016326044,2.8810843293049393,-4.08441519947832,-0.21924547471992017,11.477627542479985,2.8976556528077957,1.5925843852306665,-0.628171055810578,0.0
2020-07-14,1.0224333914716999,4.387017486137834,2.160146758567172,0.9431087142317773,0.37111636242526114,1.1690975097127687,6.029668133838895,-0.41658385340064275,-0.45222670797734343,1.047494345911204,4.404932990207544,-4.044729954794201,-1.211553287077649,8.593702335355724,0.9447902207495584,0.5503332482019507,-1.7486775127258158,0.0
2020-07-15,4.23742052765379,3.9732236074433436,6.033629395524565,4.865908340341218,3.221630717949542,4.792102942009624,8.795652194143667,7.502208717622683,1.3608611825192796,5.453214590703914,6.257226416377604,-0.19248395967003118,4.897775625281087,10.563995721267139,4.415697081036951,4.484299246346923,3.2719455984787427,0.0
2020-07-16,2.3006113414377083,2.979307976302903,4.086286456699972,3.8513206403717026,3.0734123130705004,1.299457862673159,9.484717777468576,6.163652220691684,0.5824901854393438,7.512254901960791,3.189797946339845,-0.34777875223033217,6.759790471439264,7.874230554001138,1.8204164693793379,2.119917933257942,3.298048093985173,0.0
2020-07-17,5.14502168637867,4.021719628403986,6.363318905705784,7.497522385464661,5.644181848022334,3.9668442251843627,11.546133724759589,11.956187004253117,3.320792820963825,8.935956886827912,4.044265593561369,1.602148546027049,13.819204924412842,11.363977284903015,4.774845119332594,4.622586307782339,5.818577588011231,0.0
2020-07-20,4.262615434965111,3.9573473370898338,3.3932162638893315,8.701403586944423,4.3711532884348925,2.6897582558565336,6.695107717085436,14.078914509281626,2.1201808624518703,8.647313156269298,2.208503895417935,1.6981480342090682,10.341260178336409,8.20181021071984,3.679093623210594,3.4426953692455298,6.829776158250911,0.0
2020-07-21,5.797218398443071,4.308232044886218,7.2752675831441405,7.981648878240044,12.420040913075958,4.93801869836179,7.847516330078674,13.284851308848244,2.521510323340914,7.409682968788411,-1.0664268277013944,1.2037571815059156,11.776134369516189,9.107011799243491,4.932669117534583,4.6363317899996925,5.583195135433949,0.0
2020-07-22,4.368797913242206,1.5900715105069185,5.880730537137424,10.09670003608707,11.365969459771573,3.70866334361295,6.867624503083225,10.127765916952146,2.0091866889374366,6.422685409597673,-3.3509700176366786,1.516397186443763,11.561485354339474,4.616949842303408,3.117456549726416,4.130475930093169,4.522213847752132,0.0
2020-07-23,2.9631900985407134,0.7724229701739471,4.0875071963154985,8.19443753420568,9.406562644144367,1.451407410784622,3.192240935692925,11.632087607612895,-0.1886732116017975,3.256315096372564,-3.930632152762281,0.341276128953627,8.578119679501883,2.9952511076327237,1.9713369112223766,2.0002745230162544,2.7450026355269053,0.0
2020-07-24,0.5717733199873898,-1.5557707713093616,2.1051525677477034,5.824821975554273,6.731705784396902,-0.881377432384034,-3.2357350440951116,7.2083246081732,0.1550784185198939,2.722301474084632,-6.786107182146783,-1.1160174207597406,5.201209169995069,-2.1428753213040497,-0.3712208001652062,-1.0991069501512962,0.41468958092427677,0.0
2020-07-27,2.480858712578038,-1.7493805662918693,2.864254939050026,8.874867938395315,9.7455103895697,3.394396060024407,2.708232311631753,9.982044617894715,1.0721944245889903,3.474718427989454,-4.492614001284512,0.28953704550302994,6.568397681016402,-1.614328677064314,1.7731502920395048,1.2218064542804496,1.4007516228220052,0.0
2020-07-28,4.544486029793204,-1.6695443679445532,3.5576937842919154,8.335643328197628,10.13627695694641,8.555598340838921,5.242230425093974,10.494728038961675,0.2043530442116248,2.6491646778042943,-2.215200077386903,1.8155522048189043,6.899015015180043,-1.9825575180618338,4.351951262140763,4.691658302340196,2.3454416675098733,0.0
2020-07-29,4.394114119654957,-3.3784875862892805,2.169743130549251,8.49987081772381,11.31313443921762,9.110054587435235,2.5448376151236074,13.283170922248267,1.158464263083503,2.6051625239005727,-0.9249975743070626,2.5461745506295763,6.132546775981718,-2.2790642795486593,4.2706801287912155,3.5056619090615415,4.242547563332977,0.0
2020-07-30,5.430066271363798,-4.386825312138143,4.370079865915022,9.927709884952328,16.541615773861462,9.689230375208101,4.426639874667937,17.27094828961844,2.1451218706651787,4.440669740354286,0.8428618098660579,5.037839207118222,8.275023242483769,-3.2238027588666895,5.17724253820917,4.285559789028848,6.851665829566378,0.0
2020-07-31,2.8960778752641803,-4.054403845709387,3.316445520143918,5.735409979098982,12.66067942210074,6.5674156450641785,1.1939720817521815,10.525006220452848,-3.552370072455835,1.5026029342167568,0.0,1.2978986402966575,4.810552265601964,-2.9044753067503426,2.6271382396205967,2.52284138612231,1.8619823324418583,0.0
2020-08-03,3.0880056420331314,-1.2118473197524904,6.68873872026694,5.858473817032639,11.294578665444721,4.916623438105927,4.237069853698738,8.967675493569448,-3.426756998915381,0.7656967840735218,-2.173565094913399,1.342053062236559,5.65239328601701,1.0162804634438638,3.177982808926738,3.047136805709183,1.6985310550803545,0.0
2020-08-04,3.5465147964466537,1.4615510018925137,7.351886309667832,5.875152998776012,11.883935289691516,4.112431831878016,5.116844014096578,7.62690384571072,-2.041625057460328,2.487274409995388,-0.08321065096331681,2.6081366516668147,9.301911432981115,2.779762619907311,3.3526706514248827,2.9305392612969827,1.551116804098962,0.0
2020-08-05,5.866029233981762,3.0224636127587523,11.937063930340774,6.352649017357526,12.351029252437694,5.797453642559036,4.026942302804359,8.492963477646654,-2.1260729528614686,-0.07979026558760927,0.6548326003916305,3.441369264384564,10.686007268951192,6.106330689872053,5.945879093697437,7.782101167315192,0.3198673142992492,0.0
2020-08-06,6.424706635956001,3.5562422892186696,14.220668979251538,9.959370632989994,11.721480837048869,6.314928833163003,5.202490109574942,9.46532651361962,-2.1295712484237006,1.0699493787390546,-0.4609037581383424,4.648619086683081,7.361863114769518,6.164691091954033,6.6953976495506495,7.780581002302456,2.367577831401557,0.0
2020-08-07,6.9816213265399,5.339988335269408,20.729740772293415,8.211746621405247,11.914354960712581,6.2811771407176975,3.9823440368722984,8.090891180140524,-1.979160147693848,0.2046617396247674,2.244759536190677,4.1926311331599075,8.607966323309002,7.244198432874338,7.69071738681002,9.497764145016463,0.06237208849040332,0.0
2020-08-10,7.068731127990935,4.595677687133248,17.98751287087683,6.992965115546079,6.893016001386387,4.86584637298153,3.248915134245567,18.48503099568117,-1.826512777716549,0.9838691225260154,6.711038961038973,6.815246448202328,12.607544466249255,6.5940533862841155,7.79076265215386,8.457635185827584,3.092883459375595,0.0
2020-08-11,8.525750899643736,6.513231390166863,21.33643960623999,6.408026877657491,6.953766383407767,6.065945478147983,2.1193621410369623,25.03813352368787,4.846099346611044,3.7121384650421474,6.624739311783112,8.446564084105713,11.911379783123532,6.930667392798329,9.66656425112291,7.905398582190526,7.265498626025613,0.0
2020-08-12,9.75367635446418,6.565992453048408,21.85349065880038,7.190287869033374,11.679872065130482,8.252399551397982,1.0053840237336464,19.101895489532694,6.744200948353196,5.657971014492746,11.368462967878944,11.87670816884301,15.229927357675454,6.490520838699698,10.578595825798898,10.358607977946876,11.402920284135764,0.0
2020-08-13,10.77466324916836,8.424524933261113,23.777644872314283,7.89613290520732,14.66168180279368,7.73015388931011,3.7771286378881497,20.072570466975193,9.277527695303768,4.224048142576087,13.0698678176423,14.76372534026611,17.002229864582862,8.053756729343853,11.684466115245673,11.072863825021418,14.761942580312116,0.0
2020-08-14,8.550133912870939,6.156654617551394,20.50884216485651,5.405161060901498,12.531235274799023,4.481381068174195,-1.2879713416023009,18.398884780534353,11.366850970811381,3.543307086614167,11.179852728556527,11.277578557102053,13.03766293059656,6.286674421610439,9.138411859680007,8.076467464564363,11.126526082130983,0.0
2020-08-18,4.042995316771458,3.6262647360265854,15.305499887722807,0.022611846822573334,5.748954799476347,-0.3572596295207231,-8.66026871401152,11.942923289256925,5.4124045060209625,-1.4531504301325326,5.0286882543032485,5.515761477317382,9.448692411488778,4.925457391393606,4.742786045843905,2.4959024871505253,5.866650848261945,0.0
2020-08-19,4.302833206666801,4.12525091882352,15.878282061408044,-0.0327420905527287,7.369152707305204,-1.8181034531222662,-7.106822386490519,11.303880718361192,5.644073241246383,-0.7570463545306327,4.6910194887866075,6.754962891449967,11.024419181986422,5.331689554591046,4.367384477557867,2.7110627365927398,5.7212570759320736,0.0
2020-08-20,0.31804006157889475,2.906274062594405,11.51515790139197,-2.6147811115834974,2.4813186514039742,-6.232908441548746,-13.291804936117469,4.172425893963383,2.2779080106701155,-4.983736059479549,1.7040300634961758,2.0559508018811012,6.352690532296057,1.3364175367467368,0.17450928180158254,-1.9001655265939332,1.4689177014375998,0.0
2020-08-21,2.4549095969093715,1.0825081236284895,12.712418028694117,1.0280837123089803,7.794152306220625,-3.191276724337244,-10.961119518400885,7.022410712988925,3.1915756680891194,-3.7766639468469587,4.838238634519887,4.6766320927394744,7.188556600216045,1.8841961078883696,2.7051384687660107,1.6502749789249815,4.236698160119334,0.0
2020-08-24,3.5001599260786165,-0.36761514658859573,9.920861300933392,1.9558363533215717,8.003123447149862,-1.2177460273724017,-10.819392621512769,10.400457162952215,3.6997249214642647,-3.565583352817403,7.771596858638752,5.333822674863131,6.988990556967023,1.6920034606352718,3.574499388566177,2.6576712677310654,5.13035660773149,0.0
2020-08-25,3.80531322780564,-0.3837600568188493,11.163679446622975,2.0658990202542027,9.21216706597734,-1.1870506339003883,-10.594027178777775,10.336337750754666,7.445104289713433,-4.842533017270578,7.972453555413184,6.106984098570978,5.7628366431929035,2.2130073397768957,3.8231831013888273,2.569232099483565,6.7324937424860565,0.0
2020-08-26,2.4854446203489866,-2.072706588543216,8.234687933185803,-1.05075766120305,8.467849007029749,-1.0237438961523182,-11.030028587019359,10.122354239938879,5.3171656913125975,-3.5363906000456247,7.47520489842779,3.1127148976119345,1.5989914685273776,2.3888678392021356,2.952479232719618,-0.1795543855778181,4.991339946465145,0.0
2020-08-27,0.07854487089185014,-2.24114000185065,5.432932686852787,-6.590296654546313,6.1935089134243615,-3.336384499450895,-14.279185192015497,3.1335742033631098,3.9250108714909304,-5.350028457598166,7.74536152575851,0.17710420114391834,-0.9835030942655254,2.386490650394224,0.6019750295243487,-0.7556388841543193,1.393102115737621,0.0
2020-08-28,0.09057393256708401,-3.104902272566079,0.5972771506387753,-5.4225781439589005,10.041794832889629,-3.389601417008148,-13.439871469174225,5.713861379454688,4.221800130883802,-1.3162373766027469,4.334091483447056,1.4429218441528446,0.5244272702180641,2.7366791790571776,0.2399692839316625,-2.293548737910689,3.7399925979313187,0.0
2020-08-31,-2.5230684132451664,-4.063071568989662,-1.239870834094936,-7.18605562314597,11.94320223732388,-6.42052847867105,-12.316046081221,-2.293029166537519,4.038557154084255,-2.7755749405233954,1.7494751574527623,-3.020077610933025,-6.525515623616895,1.5042110628382677,-3.0392917034819833,-5.579688046235209,-1.5668202764976824,0.0
2020-09-01,-2.857768939127703,-5.535957560064608,-3.5185675726679633,-9.064850388041313,12.090279835169259,-6.12909632942401,-9.992132824152232,-2.4782611308418523,0.4039463607286242,-2.1739130434782705,0.705968643990107,-3.017563269257373,-4.053504702822808,1.7134334149831343,-3.5558638845900714,-4.0024556780067115,-2.8779592652482866,0.0
2020-09-02,-2.7948280469504816,-5.482633165329198,-2.9978504796421612,-8.262118040063616,10.217524310391957,-6.756201987698896,-8.291039936403022,-0.7281387805226025,-0.027013236485884384,-2.6774936903324886,-1.5791669149633591,-4.03897831220652,-1.4924378336045763,4.132626219257762,-3.49523598493241,-4.891585497435602,-4.64407800350698,0.0
2020-09-03,-1.7078764158800164,-6.6177376607723275,-1.5735540396142111,-7.769985652137656,8.151476251604617,-3.368170565758688,-4.410703786024362,0.3253436442242075,-2.877676823745956,-2.131912058627583,-2.0159847310032175,-5.964500826181984,-1.7313611966172981,4.858265489707625,-2.269513574660642,-3.518364744435709,-7.394335738136015,0.0
2020-09-04,-1.6299133122048226,-6.497922778375031,-0.5335457390517995,-9.522339157210368,7.169231940514398,-3.1536930831542187,-4.55664869627237,-0.6535495041712691,-5.582496247546464,-2.314918362782381,-2.0776628561059662,-4.975830898216682,-1.4961373488218577,4.844711433227111,-2.403303028672854,-3.022503420489686,-6.040663456393791,0.0
2020-09-07,1.5322113582938668,-4.4865319668039305,3.6081536666697334,-4.600768034076685,14.183405881021782,-1.2412943908753027,2.4234327097056862,4.314567714651241,0.4130327969537051,5.992686091777744,3.4410222598976636,0.8707607699358411,3.2013385387618554,3.9477384722612863,-0.3549874132519504,-0.20299170179238768,0.003735455071818272,0.0
2020-09-08,1.7525650910384938,-4.16414435389989,1.5377942366431752,-4.613085047149157,8.20213372002694,2.8320523122319363,0.5619456215618657,2.192656362094847,-1.0703317420257208,4.600399014200218,2.413470533208617,-0.8591210965098295,1.0791032640260267,2.3553402392745726,0.8908024984476182,2.329776333680078,-1.5527778290651884,0.0
2020-09-09,4.4670260572855724,-4.2515657743627315,4.582864810212706,-1.8784386697669575,8.613132869361962,6.631834879199339,6.099017349193647,6.987632083708584,1.7924886191198919,8.008313974813541,3.2394725106708266,2.392627163702943,2.9629404801651216,5.511588822555558,3.6796711460049147,6.99936166146915,1.6290920321185842,0.0
2020-09-10,3.987260206804666,-1.475070357758168,3.943635454141048,-2.7901547613968014,6.542512829086977,6.147256377460941,6.3235699244047705,6.563662025350814,1.6651467027265054,6.723198061780744,0.8171350749040629,1.3493428146766462,1.6636454705910575,4.5518189928628106,2.8238566881061855,4.459345788856384,0.784276309512455,0.0
2020-09-11,2.869737276968709,-2.2686922819724176,2.649425890242796,-3.290541896485677,8.397307813650222,5.191986684970784,6.180758556037369,5.067356825270419,1.4079422382671458,6.825069705418851,-0.3309549111887189,1.2572224964431777,2.1003076959701827,1.6650664203502696,1.5929750446208146,2.829746612397921,0.8133325732094354,0.0
2020-09-14,2.5850012464455174,-3.4743926299770744,1.2755504837366871,-2.6868604322771827,6.683943141581561,6.480145370322621,6.2728108418053985,6.427744468375485,-1.0376506024096344,5.266903914590748,-0.7505413984395748,-0.9053590507788423,-1.2135769996633683,0.4881542832378294,1.8145546962533787,2.9374911388621694,-0.6075154648693459,0.0
2020-09-15,3.1342326068238835,-2.2233031257526514,0.8446426033821064,-0.37954171570108164,7.565840333968987,7.292221723055192,6.361680703039174,5.618995598110721,1.6654609263164533,4.422894985808878,-1.528144565443157,0.3841010612569917,0.04617018329562406,0.8320252114382365,2.2228571946916187,3.5571510779303317,0.9654319136172651,0.0
2020-09-16,3.9015547356523017,-2.2018873996668242,-0.6499958747502421,1.6310680834713986,9.917766603813117,8.059983438190855,7.214146742993988,10.660617155500551,2.7105352881009237,6.530366806975341,-1.2982719759579209,1.9070252724321834,1.5822710103871485,-1.1152745404655828,2.543313524599511,2.995954507289511,2.1419315496608027,0.0
2020-09-17,2.2249129067890117,-2.5701751071988355,-2.9130035663223253,0.8464260793106027,6.600900008774446,6.634675100688603,6.558033485024084,8.023244675755926,1.2405047782406031,0.37944118661608073,-0.39360542569939483,0.09444492143899641,-0.39667239183520664,-1.8482161392686658,1.0141220138347284,3.0505286994569003,-0.015021499521195025,0.0
2020-09-18,3.7069517705068833,-1.541350702450861,-0.5733747276016277,2.691791321900916,0.639656275269429,9.431173639836942,5.516192920304608,6.254441173484926,1.8144819399694923,2.0624563038918797,-1.7104240177022945,0.9104616098353002,1.034582763661751,-0.6533837867565673,3.1327004082087884,6.450215256633962,1.2076740808682818,0.0
2020-09-21,1.6956438466940282,-2.2645005396215945,-3.876756329965725,0.4529130400690029,0.47695708587631724,8.444219278508758,2.608505640381309,4.1230443114805615,-0.5010319763094184,-2.9180695847362492,-1.4414906530711313,-1.822381930184802,-3.0465367337225935,-2.6198452532815053,1.4852078645468225,4.5904758933724255,-1.8108689551959545,0.0
2020-09-22,-1.3441212669759728,-5.20162486483382,-5.654440687446883,-0.7582087318709574,-4.367647753578674,5.960729451526237,0.017792863692989158,1.9142941040491301,-2.6435090668908368,-4.735595895816891,-3.069750544926131,-4.873702373207356,-8.552386751919894,-7.768247571152321,-1.0658376308188222,2.0191149617312165,-4.426323903635055,0.0
2020-09-23,-2.6153011394465686,-5.141283329574742,-8.426045997680943,-1.0727513062563032,-4.689614243323437,3.4626997061315334,-4.578450961060277,1.0215090644897895,-2.5914450727950955,-4.26594054912639,-3.8166544923301737,-4.945584400861581,-7.961189202637142,-7.502367084612516,-2.269315633364688,1.2114575528787919,-3.8578661236385314,0.0
2020-09-24,-4.0346247228966625,-6.03942813852707,-10.75283518380088,-3.29392879375342,-7.5350169904924265,2.858094064431893,-6.020378559434536,-1.2320406624119706,-2.9608682360134475,-6.834573554665136,-3.8790574137558265,-5.842793504813903,-9.077363764466718,-8.417035885777901,-2.982448887725253,-0.10288988054639736,-3.3293472277584835,0.0
2020-09-25,-4.421991259195868,-5.284221684571111,-10.067667493004496,-3.0238591152296768,-9.61435333069086,1.541013701511651,-6.635683156171579,-1.2321281057380729,-3.099530559505781,-9.204229271007236,-5.684887850183628,-6.391980917764661,-9.745830204564598,-7.025097195019381,-2.760151120566323,0.1964040556465374,-4.381525129335284,0.0
2020-09-28,-3.9064744307655164,-3.6888840299794667,-7.607880160676017,-1.7823920888012101,-4.597288533103594,-0.8276738268163109,-1.309550294670625,1.7205728435401912,-0.5209774089442343,-7.977112083473581,-4.140786749482405,-4.797468715258968,-8.251071605051774,-5.0319766585128605,-3.038010200618202,-0.792668765728699,-3.2783195798949727,0.0
2020-09-29,-2.0169963086273723,-2.0105846275595973,-5.243271081234924,0.11327994345469161,-2.026242097411246,0.29241992079767076,0.5144862670720007,4.740362804505827,1.6491195378738555,-6.169345709757756,-0.7836845515411528,-2.625201938610655,-4.292047920007558,-4.38090256934498,-1.1665438163563357,0.10183686342462028,-1.3389804755754686,0.0
2020-10-05,-1.6056883429029223,-3.096134729387523,-4.381273041106393,3.2975611591313125,0.2293577981651307,-0.12155782520992808,0.5177638224056924,8.191282753350947,2.6864840620505204,-4.108967082860371,-0.33157313029597013,-1.1703473659995356,-3.7537977876054285,-4.735859678231746,-0.802102625558343,0.3307965960085202,0.713798848833691,0.0
2020-10-06,-1.2846884661762648,-2.076090387149776,-2.771447883404843,3.017669622083874,0.9034683482900707,0.1822913177869978,-0.4466635062432833,6.062807119487634,1.430185583605481,-4.198819791193831,-1.1789435203801824,-1.5054195102368495,-4.714022570415965,-3.1291467919520755,-0.47938769117626956,0.23538007291132867,-0.050894422348302104,0.0
2020-10-07,-1.6874595845809637,-2.379130300006771,-2.7136775229122168,1.8931827514132582,0.9079102431515773,-0.48746716750605046,-1.7505545421066637,2.4138706403563637,1.5065970689838837,-4.41739914356547,-2.800693448110958,-1.7932130291680837,-5.6953910130530305,-2.7104410381737942,-1.0530459600432973,0.18203002564800563,-0.3585627763534216,0.0
2020-10-08,-2.1124743204642304,-2.8205883631410855,-1.0713121900953748,3.0500664873055694,0.712711417756684,-1.8071987009485757,-0.7177929158830976,1.6652571505059166,2.286181471331883,-3.9071347678369284,-2.269029108660292,-1.485176577291536,-4.525474179703726,-4.241226019166899,-1.9784100841678476,-1.0874565293392369,-0.2896451846488124,0.0
2020-10-12,-1.3214719695228139,-2.5599643831042296,1.7930451799724745,2.542601355434271,-0.09649519906601567,-0.44295998006748105,0.004798443559406174,-1.2109707403286096,1.7336854017351966,-3.7141566945134263,-1.4767225892884372,-0.8048461407200946,-2.6551089059440813,-4.248843801283009,-1.1871088442949596,-0.29755067254603196,1.067164179104485,0.0
2020-10-13,-0.12551066632864316,-3.1137080220150493,1.6232306104393857,2.801566320388238,-2.8997095586938304,2.4724385547544303,3.8780698070249198,-1.1699052370846341,1.827368166278398,-2.542955326460483,-0.5684236123776554,-0.8949505346829034,-2.926772046101067,-3.2692970104967967,0.4103337290713993,1.166510858756098,0.7737234502056323,0.0
2020-10-14,-1.3231636544519976,-4.510775352136465,-0.9343696563454018,0.8765260392520569,-2.1574106275558558,1.954912905640671,2.4506628950603293,-1.5966657511016669,2.098600932711503,-3.676218746432236,-3.9397627015515635,-1.8705821504511166,-3.9284145162707618,-3.621156507611778,-0.7185877091748227,-0.4806500431068117,-0.6136243486141502,0.0
2020-10-15,-1.179380511343897,-3.712914826251812,1.666336859162243,3.8049264836746755,-3.467530759389237,1.0029587695915332,4.595467532697994,-2.899854415472203,3.0483863694439783,-1.3063583815028812,-1.8874896080303016,-1.3914306463326143,-2.3861833637642604,-3.9660143361716083,-0.7555896825432784,-0.9268649148447383,0.1829024329834228,0.0
2020-10-16,0.38326495440690334,-1.4871511453309894,2.9448820393930264,3.7417850994584168,-0.7978263554402898,1.7740310500952816,7.23995110113671,-1.5454595611900213,8.67936165291805,1.7753580305361671,-0.47473296270846843,0.6155218554861674,-0.12269862996806546,-2.0292902835843507,0.706918799491274,-0.1789882972119683,2.1903059043028694,0.0
2020-10-19,0.5785945723543184,-0.9942032211071483,2.7657101134606066,5.672453619813256,3.016226852140136,1.7324683967252508,8.878942628159713,-2.3946070412188547,8.904500887825218,2.4176345105475283,0.6233782671982935,2.5820686365127132,0.3194534888006917,-4.554224491441838,0.4483018658425486,-0.3317920567311172,4.898760250281775,0.0
2020-10-20,3.7712852554230736,1.4481782405126875,6.849146094956149,8.895656407558562,5.848005634163522,4.663416757714067,11.627330470818254,2.7931957162015575,8.62908180142714,6.74612927009095,2.3873019953089436,5.008851718454288,3.985060785833139,-1.884474614049969,3.550900981942484,4.028542335587004,6.145810834691434,0.0
2020-10-21,4.040302090144343,1.8220254456617901,6.587480454847494,7.86964098540921,9.035095639163693,4.407586910197581,10.743992820066817,1.6039271445207337,13.157645573615273,7.244422652610938,3.852094999034561,6.009403913241318,5.3322912464703665,-0.9799145975011858,3.2435261500160184,3.1429037216451627,7.266050745160846,0.0
2020-10-22,2.035024782503214,-1.5331797967363725,5.144349103172541,8.234333187137288,5.164996425391011,2.4225180244231037,3.8782338874719935,-1.685823274023146,9.76039301107663,7.15679102657889,2.582264007114743,6.114138571171912,6.89324766091759,-3.8009409252845794,1.6275075377822468,0.734529406121065,8.905995501434871,0.0
2020-10-23,1.414156167172842,-2.522777174873181,3.9738433461294242,9.867212148528237,4.21367948077882,2.0880988748975593,3.5582811266934966,-2.32456839961227,7.244118545676748,6.912775968150564,0.6406070217992887,6.600699176393898,6.86231027005717,-4.981912208948169,1.170584829183552,-0.3773241115421766,10.4260111267253,0.0
2020-10-26,-0.5975402883799941,-5.97928366404592,-0.31850564209995325,4.035437551785992,-2.273876911959527,1.222608685193749,3.3575226419793047,-4.113378337816121,2.9520739825887654,4.190340909090895,-1.9067274519467659,3.354767377578649,2.6222774751057276,-6.653894241834257,-0.24939481716385048,-1.608588180324655,7.008440960276752,0.0
2020-10-27,-1.481888499091255,-8.523971439959455,-1.8025045131762618,4.255046420352926,-3.117601105702772,0.2998690868310616,0.1887287024901818,-1.1141878814947215,3.317513848407616,2.7007818052594113,-2.3860168315916086,1.6885498850039315,1.424769828403627,-7.255820267426872,-0.9419546128406897,-1.471334157420745,5.088261919130965,0.0
2020-10-28,-1.7461687348655497,-7.146117588687673,-1.828015734265731,3.0842557214322275,-1.9818144983494768,-1.7705489097471938,2.2829696911583985,0.03263688205030757,1.1693977601535233,4.232492336713034,-3.275008456594597,2.1408759967641133,3.857201477226102,-5.306547142628459,-1.4372389098866067,-2.6756983717663885,5.518990173960048,0.0
2020-10-29,-2.7295606949948925,-7.4449950051936,-4.112293971330027,0.6562975455612019,-3.2433782514064147,-2.9134033153354055,2.7068496950730436,-1.6906448987408451,-1.3410500451457308,2.015321154979377,-5.50982024481238,0.08055699407332195,1.6295383276840214,-5.637563978933313,-2.2835907370860498,-3.82468933700425,3.854533266297988,0.0
2020-10-30,-5.682002554363419,-9.789747881213895,-7.741952646980577,-0.12269345373006058,-5.348135605346949,-6.200848827225968,0.5452515136181946,-4.573765751873349,-3.0478761271950594,-0.19931996717083011,-8.399777489338033,-2.7667077611170154,-2.1730696922131254,-7.302358916830254,-5.377541360501281,-5.36334816235361,0.38211622240269527,0.0
2020-11-02,-4.285625117033898,-8.586994314358687,-4.122481033504,2.522388194848979,-1.5997190500987024,-6.2234782919038505,-1.39338715649433,-3.2497906448139657,-1.0265323706806884,0.9873060648801113,-8.706551313013977,0.40679726493753066,0.9921150418416458,-6.7183527103936385,-4.293369778273304,-5.762724344224579,5.2645310374387355,0.0
2020-11-03,-1.5614497916386694,-6.602984048161453,0.33895619912203134,5.7459572408130155,1.7208413001911893,-3.525209120297035,1.9649838079141224,-1.7979368932038886,-0.7518908497701204,2.643119592272125,-3.623119556611243,3.373254077479415,3.0579454752772905,-6.256399370676524,-1.5279480543068602,-2.2367638310529347,8.706472387393394,0.0
2020-11-04,-0.1647460412246171,-3.2022429147743114,-0.755611540382517,3.281647140214461,1.6560762018009934,-2.424590905834201,1.336138517267993,-0.6728671209332404,-3.0034279046021295,1.6516340634883386,-4.534898317850866,3.0577976786661187,3.895522479593283,-0.4997322862752007,0.047612507439454,-0.5223347006359846,6.817792822775415,0.0
2020-11-05,3.086016408075043,-1.3863841298467072,3.0806745770971755,6.228291973897382,4.473133808077279,1.7624200844328586,2.883879200340278,3.4408039750438935,-4.117246467283353,1.6280962902663232,-2.69880123015126,4.994532612229219,6.592504336767768,1.566827976683971,3.123545272278938,3.744892547984291,8.560126281356407,0.0
2020-11-06,2.972634377902983,-2.417609927936637,6.615635733370229,5.063774331018167,2.2340155462337252,1.0349712786359655,1.8840908327454775,3.3432420466763757,-4.592241819316067,0.6942837306179062,-1.4119940878643988,3.1071065252143537,4.518732623792077,2.8885277868053283,3.4506581674481174,4.434685233713198,5.5813867328603495,0.0
2020-11-09,3.7648246064085455,-1.1231447029480313,9.636389365766828,7.866206966911826,6.468510319130916,0.5412551772381313,2.3112667971188605,4.228570001747856,-1.7937674917707147,3.1426269137792007,-1.9111278478629368,4.264163009039912,6.691018373729496,2.3976094897577127,3.6568303812284597,4.783852809144684,6.515103867996053,0.0
2020-11-10,3.4573952068025937,-3.0659081194406523,8.447225880925258,8.51967546364465,6.070786410523321,0.7682213574195185,3.5295051424083512,8.154555355740744,-3.9312210632007627,4.56052120242314,-2.782684143658376,5.145080982086658,5.130567988702461,-1.1078031764690799,3.432543397742993,4.92200583309812,8.534697816705217,0.0
2020-11-11,5.554871446466092,-2.6606686768130383,8.087539723597681,7.788756588509926,8.658628215678554,3.1851326670363944,6.957121156030999,11.400693039610466,-1.2540640966093752,6.451245875526235,-1.3128154317738505,6.896162528216698,7.2255910009667135,0.27033304515013956,5.690246669207921,6.227308572930679,9.726698121605981,0.0
2020-11-12,4.8631613725797385,-1.6042088474862437,7.890252871792325,4.759322850774139,9.46153109130976,2.8961786772095044,7.340332234965552,9.304122254395164,-1.3418421127603164,4.084856691491745,-1.9682971294379348,4.021455172030475,4.688833037423046,0.855645757423118,4.923947582897581,6.379362901996655,5.393720691037784,0.0
2020-11-13,6.397856572991278,-0.22670921225185214,9.063843185768828,5.68153639246507,12.553301619383305,5.814045419045155,7.02486325631726,7.641173582126193,2.3305146736109172,4.783003862758473,-0.89810017271158,4.174877540679001,6.869481047762127,3.627070755534212,6.207795067527888,7.441817715294574,4.7276049261256725,0.0
2020-11-16,9.103584973657576,1.5893081439602774,9.007259739430552,7.412470725995313,12.443711156045701,11.259905218848099,13.72682399316274,7.610175003312181,2.578834650321249,9.527104959630893,0.3189641560082279,8.482922499928414,13.902795034802228,3.4104215456674414,8.895745072757432,9.081479730167752,9.712501345967484,0.0
2020-11-17,8.26731364539539,1.1303948233207128,8.544154692607076,7.280503218600276,9.82735562310031,11.386042762914105,9.297499531268617,5.948059035687159,4.644270239030246,7.940278249066868,0.9283397977999597,7.4392555087262835,10.56865022968918,0.8588909189027438,8.379470572315807,9.017085043428462,8.508119378721757,0.0
2020-11-18,9.411304568331547,4.3685462521948715,10.333180449996938,8.939538489058506,10.681974628773716,12.044421729273802,6.493610628133495,8.000803550231028,4.955515880755557,10.801756007393703,3.204333355087119,9.86028862185937,10.949204537347512,2.8758221313837984,9.599822122577928,11.010831721470016,10.66286554425977,0.0
2020-11-19,12.362216880224075,6.2964685933555975,14.694240835683402,9.688956127080184,17.452378552711135,14.758705564783071,10.09232024017146,11.509983019713532,5.322094570821023,11.44266917293233,6.359649122807021,12.590670519549452,13.506192422670992,5.726848552488262,12.822235244234182,13.891594275750485,13.407749314992934,0.0
2020-11-20,11.014016416249305,5.595019838555193,14.14089441336872,7.371860923837836,14.931820419415187,13.578080898852885,10.947244845549942,8.570792657669069,4.030139741530703,11.114990689013027,5.505140139972542,9.691971725762883,11.465955117351779,5.76566319525833,11.219619890457789,12.989311330926823,8.89600963070496,0.0
2020-11-23,11.064690544571576,4.477135153280565,12.149452066614908,8.34791678739062,14.919510314247164,14.950513531811671,8.468092285629925,11.425693753591592,4.830925093017346,10.415704387990775,4.22595379711479,9.540265699798889,13.915415291040967,5.385911515740838,11.652871602148807,12.413669830838492,9.19576386704415,0.0
2020-11-24,11.048139412553247,0.4474337433717057,15.4276685224348,9.567952470403206,16.717436334836112,15.497660065899233,8.95631718179688,11.129042154997837,9.212584215591924,11.327494814473372,4.789769551924783,10.833523896638475,13.902875256034154,1.9333760409993683,11.572569943349764,13.072459162751283,11.12555191568152,0.0
2020-11-25,7.77822428628836,-1.214164735710055,10.510886947303199,7.143895576719683,13.193989298950148,10.310871416355294,4.885893831652055,9.038813445054416,6.449942292326338,10.653392836709008,1.9254337870089566,9.888254003996956,11.839621002397681,-0.6055467321357533,8.461531585486837,8.472307516925115,10.756455625240879,0.0
2020-11-26,8.665839023380917,-0.2557611708992491,10.068534711042364,5.683459976213667,12.859321973772886,12.51682860298924,4.076426295855162,10.366838845504155,5.608309928224342,10.848080900942314,2.539074960127574,10.072165529683708,15.070571898967057,0.3777780585492829,9.341525310538268,9.093064222592616,11.051652747561235,0.0
2020-11-27,7.610738803530559,-1.2436775845982462,6.567472414747688,2.9100691005797152,10.001249872172169,12.133455292906703,5.486683621858268,8.569802958615313,4.71324788848857,8.616071428571438,4.050292734427496,8.318929467521619,11.75557921976802,0.6598975173483179,8.425226719362012,7.313808369988872,8.723363609523972,0.0
2020-11-30,5.6469465882266645,-0.637825409074444,5.346356640982797,-0.5507076799687982,6.173885890172648,9.760067232727089,1.8218059887584737,5.343614243392936,1.2077399875161543,3.54175776125929,4.09906607592514,2.2044415414761653,7.41647219534407,1.6092562923148312,6.351582265905442,4.73988895424744,0.3338702100530222,0.0
2020-12-01,5.968936428694982,0.1452757739487831,7.156422164977538,3.1173041298899307,5.917218215943887,10.562540038968681,1.2917676170925319,4.51920763493463,0.042760626015558856,2.2231722958529376,2.0487560003764838,1.581142434800964,7.338622430580588,2.65357466878573,6.7266035431993165,7.095952803629402,-0.6458103459466513,0.0
2020-12-02,8.090094602564225,-0.3268094243207287,8.33050000340001,5.134608907108773,4.166484310035434,13.949795384026785,2.8714661928483043,4.908000137913593,1.6430840311868256,3.935385949696446,3.4419718842589653,4.6942210585374955,8.792467375144541,3.669207069888114,9.29148702194138,9.416079833227053,3.0914534297103557,0.0
2020-12-03,8.113895271204985,1.5360259684972233,8.997652830781732,6.506796373795032,4.7750963559915816,11.670173583758302,2.8180083967566327,8.626382085773422,2.7921140291935265,4.976688713000099,3.7421971545359423,6.00999864883125,10.295335204067445,3.640946826228708,9.339311321895693,10.008162508777364,4.772529021002492,0.0
2020-12-04,7.4092716169293915,0.7418468332512695,8.944481577696163,9.595526012411382,3.4917587873171563,9.22793582894772,0.7695198073708331,7.075342350761926,2.6536694935998195,5.697135636057293,3.289680790782601,4.3096168056581785,7.557560737963609,4.819532908704893,9.024095264675758,9.222798651993358,3.008146039846893,0.0
2020-12-07,8.124372329322792,0.9819694868238527,6.929941791906913,11.00556470372267,2.228421507090439,11.642161092631031,1.2896937562135946,5.7205086140770245,-0.048148410394399654,5.941527821439796,2.4034524034524107,3.398888976647463,6.621368647299453,4.008406178283175,9.81940688259968,9.734435794258655,1.2245961438249076,0.0
2020-12-08,6.100234125799409,-2.3157521049368524,4.7998518979778915,9.126038231551291,3.220719219919599,11.11565305216342,3.0886531427461783,4.382968649599239,-0.8047915832809172,4.097591492023778,3.1301378525357304,1.6354406531295718,5.74694166251386,1.6072133569363656,7.581053494672507,9.324895544024825,-0.6691510045366167,0.0
2020-12-09,8.167086699484184,-0.9022237069378547,7.6929652250283365,13.280297471601731,2.4745519098134716,14.463147470441573,4.371367209820098,5.99989810532513,4.2818963513827635,8.370229812355046,3.8984932593180144,2.7027027027027195,7.480327657378738,2.0145495243424794,9.887042628211894,10.865869679906481,0.10702124209500674,0.0
2020-12-10,7.556686900332887,-0.4198011386458034,5.558750461972406,12.634696059883188,2.4703123494201673,12.853155382504378,2.8837962008426032,6.913045954102848,8.758007733594964,12.24468419398763,3.1897673532865767,2.842174197773417,6.3334621495126475,1.5849395911957664,9.127384688158614,9.958474661245198,0.7055648583180307,0.0
2020-12-11,6.434743851317326,1.590719464353274,4.834830951168767,11.872914170802673,1.1397236144022438,9.236228933378587,2.2296795467536823,4.606605740650371,8.429785050458992,14.097469148713637,5.747706277390652,3.9305939851568494,4.407036715783796,2.3041241673934065,7.526348828757379,7.793358932286831,0.9458421355867053,0.0
2020-12-14,5.517694517450011,3.5924909189595455,1.1707754945019744,10.027696707759848,-0.4029648188746182,9.30178284305283,-0.6661518780181508,4.806550823546307,4.60053427336069,10.744229375841009,5.552766972016565,2.81374116676123,2.3828278849940876,0.9904599102552814,6.624040291357702,6.551398804943487,0.26755531345628025,0.0
2020-12-15,5.968772342535589,3.1500307666415983,2.6377536800212598,8.281186812251251,0.833780753560931,11.209585507155184,4.529006929498847,4.372212162699296,5.722745027175047,9.172699069286438,5.8570388887131175,1.7187500000000133,2.529141572894078,1.9352949414955356,6.972316770647047,8.434698886673985,-1.3634494321596913,0.0
2020-12-16,5.55540745874763,3.3898483019264125,3.1135930915261234,10.330194506964329,1.1923221994048827,9.45997442665336,5.964835861085804,5.2347020822358425,5.843781220538369,9.268090400165896,4.4017918247993615,2.240889184828543,1.2316763323642288,1.2014450066711868,6.074709273917711,8.130543362340736,-1.1011928272375404,0.0
2020-12-17,5.201541703848567,3.2608837884874564,3.3068730367931565,10.285535104625932,1.183749780500154,8.89176456590075,4.7210467057499095,4.485351309307739,14.512944892548951,7.100287710645303,3.1024198259693048,2.4965254542646864,0.49897796607565326,0.25233551230996465,5.783258005068892,8.35651251675904,-0.9903520541818311,0.0
2020-12-18,6.978628817522958,4.02982945539847,4.302973089820972,13.005700523652752,1.2730557539599285,10.705716535105614,6.372599526047562,5.363226606050175,24.791669654766846,12.806165540540526,3.0343856211151765,6.16179368376204,3.3006570580754513,1.6333615203168783,7.674455294273952,10.579791040993891,3.207196963363046,0.0
2020-12-21,5.481636139318602,3.623997750440844,3.1326619650682286,9.925420648150851,-1.077742543886917,8.365497852295078,5.42480990385219,3.7242059685949958,22.667692483045542,11.867419489753228,4.8484289491483645,3.7912844632695064,-0.8475482186216299,0.6876147852849179,5.718392091559399,7.5202346787399454,1.1154662747019595,0.0
2020-12-22,2.159273515452731,2.9657124151258207,-0.829673011224985,5.423279389662916,-1.844460316793406,3.707545228223519,0.5150823514897152,1.6125940086435753,17.807324071706574,8.29247939918638,1.9044426838929818,1.3448680651253042,-2.8479891485894138,-0.6000050052555106,2.218823867629216,3.0880282842832507,-1.2338349966306117,0.0
2020-12-23,2.3588579566949486,3.191453121355936,-0.9182565194018721,5.210938694686429,-1.056547774561345,6.117561700439111,0.5735072677545139,-1.4514664272928246,15.205841446453405,6.372650278867997,2.504581551618834,1.187896709067271,-2.545681711697645,-1.1168262280435104,2.767265286128495,7.270865667192661,-1.7916326432585672,0.0
2020-12-24,2.760804700799957,3.8330337338505327,1.2153431138463011,1.6914970071792768,1.1971388062724353,7.707527301519934,1.4336863012186951,-1.5020853585876015,16.914466855555865,3.945402012553556,3.130047849806461,1.5357368753953216,-3.2183579826306152,-1.9432731201011633,2.9621671101319746,6.905458432821021,-0.751115557461135,0.0
2020-12-28,2.3005419896264367,3.0805092062096806,1.9707779546485948,1.4335537471584558,2.174430944491368,6.9793108894309785,2.7220624858065534,0.4395720792288893,18.587155183406303,1.4045499505440207,3.9712079731766714,2.314508326119058,-2.2819812519383365,-1.4794659791003029,2.537787403941749,7.839432691110915,0.633848133848125,0.0
2020-12-29,4.427363907987258,3.5130501649869528,3.116564023092794,2.283123344835891,2.294979664737151,8.983305695004917,6.451216089983358,2.6410713321453505,18.09692620293113,2.9847756410256387,-0.35563185970937106,0.5123452022347319,-4.442451329137665,0.7288520110800389,4.861711322385487,10.517592008211096,-2.260753258192383,0.0
2020-12-30,4.282391025850396,2.9638882283307133,1.217365590979469,0.1368508715111627,1.743845252051579,9.019829153294667,5.540704830512944,2.768995791767237,17.67090088584322,3.30739299610896,-0.7266288086951178,0.08924928600571036,-4.7883379591428525,2.211639156235967,4.723147689150697,10.626055529809886,-2.6629519243229316,0.0
2021-01-04,7.208916204860061,2.464107922149905,6.762417338114601,1.1115168334185466,2.8277043972579685,14.220726247818583,6.108443301697752,9.539813581890822,10.675528668842382,0.19596864501680855,-0.27989665354331006,0.21141110545084274,-3.1855717977709475,3.298073266968782,8.444860710111367,17.47295006964904,-4.421664379691681,0.04950495049504955
2021-01-05,7.960477390381437,3.582314157091293,7.836750245552326,5.037874894526362,4.1985880303957,15.299574242424807,6.282212696033862,10.842632597344082,9.808071513080051,2.419798350137481,-0.6827668455575364,-0.45283769998260004,-2.410231919529593,3.7100639964419146,9.188431402673224,19.516918219451938,-4.565992865636137,0.04950495049504955
2021-01-06,7.458185504308168,1.956506953698267,9.703500199631154,4.377162128210599,3.71053624585973,13.020612454057101,8.523129401663798,7.810886561439756,11.123836604662806,4.645293952705853,0.594424300065377,1.903925749404256,2.0773225620311697,3.445679365751042,8.238484469660534,18.352800803818138,-2.813818228301168,0.04950495049504955
2021-01-07,9.970183036977364,3.8244944055106256,13.616169398510248,9.274675053441106,5.331955189442583,14.641536667227651,6.721269439039457,10.917467101087475,10.84567040942439,7.653689495121729,6.905003885932914,6.791569086651039,4.229442455036292,4.199298035248122,10.954798647118192,21.906381701536958,1.347017318794097,0.04950495049504955
2021-01-08,13.72362264096485,5.814142398765276,13.92895606611484,9.41945723828348,7.724006543662387,20.87022957212261,5.367853419185109,24.299828744565932,12.030045200744489,8.026565464895619,5.071362593486484,6.349882270427321,4.764659135490734,8.650443716146029,16.370901804530334,25.084482699983603,1.7844020575737085,0.04950495049504955
2021-01-11,13.644813260035438,3.245346140686567,12.557097701282416,6.3646635799670115,3.081964535459436,22.27217526367433,2.675638601564523,27.521250197983214,1.2055462516008308,10.37129425309411,3.020994870571392,5.413820811570913,10.019727485433783,8.201809994316456,17.021178407023818,22.753267219462337,2.0634357253484614,0.04950495049504955
2021-01-12,12.761436847535146,3.4209650920374646,11.70943899451522,4.154833537816316,4.369606704281437,22.053769939259226,4.689543153259557,24.76381877739624,-5.346757694871618,9.068788020589613,1.6196136701337238,4.933781478880306,7.428096579105303,7.685233841303196,16.330890036206046,22.90052459788057,2.694382787057892,0.04950495049504955
2021-01-13,13.302862901049073,5.120096168233523,13.617275338467504,4.058708029214619,6.473003834146951,22.39890918362446,5.365472021458917,26.001585204755617,-5.584334130874124,8.561547808206393,0.6069847227516689,6.65214561113614,7.232626909807771,8.28778465331126,17.055642850540732,25.28388740430674,4.448177281023358,0.04950495049504955
2021-01-14,15.226727341898094,8.349101351178101,16.546351621642152,6.593862726688737,9.991653111891097,24.189259655243568,9.436082727300633,26.66907448236455,-0.6547375021101143,12.878058177615115,2.550608498041429,8.289476997456745,9.378956087751567,10.15465182881925,18.23440948418975,28.692009920515193,4.600614065012909,0.04950495049504955
2021-01-15,11.815263314274116,5.738816431009264,14.801850053306097,4.190644646341224,5.854580789623776,18.22119267472746,10.93418786117233,21.367694372829348,-2.6571535499136822,11.37974560636954,1.0727056019070202,6.320695301675272,5.56503308519436,7.289280985875735,13.625967256470496,19.508924121557737,2.530242264175553,0.04950495049504955
2021-01-18,7.377282799997142,2.7525164961160975,10.623652554288409,0.8803441167336334,4.811966712314342,11.042686422056502,5.0883951580534825,21.20503024514486,-4.581718714383398,11.118566088373449,-2.396713753767954,2.6562344263929116,0.35456483144180595,5.026446746580704,8.888512177205165,16.233095515390296,-1.2384000000000062,0.04950495049504955
2021-01-19,10.11393576871038,4.474933822652316,14.792256705479279,3.0674891411468286,7.956207473980981,12.769379311209295,6.747353629976582,30.2341154758766,-4.080047789725205,17.479516191962553,-1.804733727810659,3.956897195331366,3.8351283836356886,7.629203233619575,11.554406287232721,18.024107510143452,-0.13748121622918497,0.04950495049504955
2021-01-20,10.425064970519514,4.217092760267338,15.239553224359614,4.317455180259699,8.73100184065212,13.112322089468531,6.2740368122086165,30.771092323798797,-2.6198582079535404,17.010309278350523,2.9998153959756246,7.907274590163937,6.608371027526938,7.01242464023295,11.874941460764665,18.098858438269726,3.316032776489042,0.04950495049504955
2021-01-21,10.000800425965828,4.961993832722089,14.624890636988619,3.8810586827745297,7.0399786012633525,11.15347275188261,5.20081707705351,34.07400863659276,-6.355124699643722,13.069679849340865,5.397342846598585,8.618888690733995,6.241924470823035,6.918864196326213,11.251284309408494,18.27004717644214,3.0553151833854875,0.04950495049504955
2021-01-22,6.662704409991682,5.6378985437312235,9.622443397391777,0.5159429501439661,5.902319058555716,6.534596134456017,4.621826280623598,21.884071360150912,-6.447707521726098,10.813076278290023,4.935072946546981,5.96294131103372,3.7987288908816863,8.727476797933843,7.351839030413765,12.003501155006436,2.797013816167282,0.0
2021-01-25,7.3036243926742905,5.373913471719494,10.364346439726656,-3.98996875476475,3.755807822029422,8.059201241885393,6.779472974085321,22.35852846648301,-5.751158252624766,6.568820476105253,5.778871844135569,6.188607563298265,2.9902178179464167,9.058907618083257,8.384954429213142,12.130586177738788,1.5898330426115104,0.0
2021-01-26,5.798107276776232,4.410376775787528,8.303907083818963,-4.72917144027607,4.627870310478643,6.682464146235811,5.605744730136664,21.456914160615305,-6.961013114093795,3.724544480171499,1.1581870826685714,2.1588223710122145,-1.4652941001457975,8.129049334961591,6.61708002686634,10.759292176266143,-1.520806273942421,0.0
2021-01-27,2.997677855182612,3.755558447489693,2.708584038085826,-7.5221985128289255,2.7813020379034326,3.865148659563822,2.419685384365322,16.35011087003171,-7.620956741433094,0.14078310602727573,-5.052566826976845,-2.4924542539143557,-2.891935241584176,8.419740359373318,3.4381596489278854,6.253590480098481,-5.457278481012661,0.0
2021-01-28,-2.637222493639313,-0.521063237693109,-0.04855409169941538,-11.23760239564654,-2.4086426635397284,-4.306839892081415,1.402696155796801,1.2755945567849203,-10.030972243648328,-0.9309678552608447,-4.9853954569945795,-4.684739854440956,-5.691556524285735,3.7433246904888806,-3.3345538149947784,0.00865111772441196,-8.11739778702033,0.0
2021-01-29,-5.470628404452982,-1.6476421926013174,-1.8424406891164091,-9.936767491485277,-4.87343527174775,-7.48872217429104,-1.03629936413826,-5.53908701736373,-10.275347682723545,-6.771557719054244,-4.101896077579969,-6.917579799904717,-11.723169731593064,1.1815773220274384,-6.356457183795672,-2.0550727399465396,-10.770908746028486,0.0
2021-02-01,-2.2207648874741914,0.11294468902152133,3.443570006100849,-5.567131748020704,-0.7025807669757134,-5.461361434364365,1.346547337330728,1.8247465394924722,-10.289724846394833,-2.5055774841256206,-2.456499488229269,-3.7026413290307203,-6.022059876808483,3.324096504528362,-2.8571144469892618,0.31925374751489155,-7.7969203584500875,0.0
2021-02-02,-1.6351733798347645,-0.1985534308971193,3.303905085391823,-4.983128589938135,-0.948473488985313,-3.6892931883748203,3.2257037995629734,1.1071132023249497,-7.324394144421209,-1.1106328024106826,-2.544447682891293,-4.751285241437597,-4.797196369068124,4.4599791890633345,-2.2741180883194767,0.3942733413049737,-9.129849846134807,0.0
2021-02-03,-0.6428714288888915,-1.9527016474441106,4.690726758513386,-4.663118759097684,0.06615751325582675,-3.1809563107866645,3.524900723065527,6.8576049025449,-8.707261715478632,1.0581107603037987,-2.3384651271285195,-5.2877572375305215,-4.631014412680878,5.679805263819526,-0.824616929755595,0.6874683841038287,-8.67539486558263,0.0
2021-02-04,0.053469004180306534,-1.428224913602849,6.08893940959665,-2.672489413366952,0.9718522066233692,-3.6062337303608305,1.075920385334439,11.730291512688385,-5.897162416906443,0.5143405108534616,-0.38915094339622147,-4.8810539285375825,-3.398055875223416,5.8161976279037075,-0.13532257518860114,0.6872113977510752,-7.831133725552553,0.0
2021-02-05,3.5402282070253976,2.435906278327349,10.278039039573382,-0.301795501429003,2.9819694868238544,0.20806691037085212,7.370641651674803,12.116993472636306,-4.76777227349311,-1.0782368670749554,5.232082841311669,-0.876256128938302,1.334171414667762,8.51923592693029,3.3606642449403257,4.2485234230312585,-3.3016881054984903,0.0
2021-02-08,-0.04591516687899588,2.486584444514639,5.445514137746943,-2.1453816569514172,0.1266431705952087,-2.982346936696112,3.467751560295129,-4.456878646417451,-3.381702684187582,-4.8737960810362075,2.835191322687569,-1.3860627678165316,0.09465401983790311,6.968003647373777,-0.710567544347307,0.5245645136619848,-2.5469040148556,0.0
2021-02-09,-0.9593681270167465,2.370356627600123,3.613539522708442,-2.1684509889179915,0.3434065934065922,-3.9103493132341183,-0.5593065414399967,-4.848514106633517,-1.8670743321136718,-5.5356994431053135,0.7139229919049139,-2.2788235573385163,1.1689157932958993,6.120348837209311,-1.5397959217845258,-1.625515910811537,-2.1128125605737624,0.0
2021-02-10,-1.9064552460738349,0.9268170013976063,3.845354145231661,-2.2474882253246897,-0.10380123984815581,-5.698027811360184,0.7413175729670707,-6.193993984682644,-2.2094698789089207,-4.84676882078614,-1.8324530944530237,-2.631702397147806,0.22395364703322596,6.363900819658097,-2.524226372278049,-3.2376922528347563,-1.635770572277484,0.0
2021-02-15,0.20282554774042616,0.6041664162329097,4.827638016358193,-0.5147317718126265,-0.8482871125611635,-1.8208387180011942,3.79536436247212,-2.7646129541864073,-1.0019731952950917,-3.958648512355023,-0.7436583286793419,-0.36460457194943396,1.7771125186476278,5.052142012753835,0.08610315090991083,-0.5819302878583343,0.5274226939633975,0.0
2021-02-16,-1.4253705994720978,-0.030845878102692126,2.0721561156355817,-0.14197879088111431,-1.9216385708532124,-3.7391443979468697,1.5615363989811115,-5.011784847383282,-2.523911745652696,-3.9469264360094125,-1.2771029628788733,-1.9606920089443425,1.0052514613515084,5.588779840414193,-1.709074386602616,-1.5367681498829056,0.02125850340135571,0.0
2021-02-17,-0.2095334537036142,2.797437772272171,2.977306489079967,2.9200981463936015,-2.362759966384287,-2.4976269124764916,2.0092125466111055,-4.248693406076109,-0.7321389918127807,-2.3508137432187937,2.2343594836147007,0.14698441001421703,1.9168541248345772,6.675605305323118,-0.2743214460706689,-0.10635112638778255,2.7429964272596585,0.0
2021-02-18,-1.1496976839516337,1.5320973688818906,3.407790239876607,1.1152904447788936,-3.742743070958787,-3.061687385896117,2.370799696405168,-4.5423620446571995,-0.28761459644076615,-1.7661013970652895,2.738757840798667,-1.5283789992986851,-0.6112804954116591,4.622596658816769,-1.3251212512796373,-1.6562717231791146,0.835132466402233,0.0
2021-02-19,1.2567406852283192,3.249587621904748,3.892456076551909,3.816568121492536,-0.29644658052316863,0.35884891093564963,3.6255910909650524,-1.1779036329159998,1.7951355914318956,-0.35460992907800915,4.1754961945978275,0.6523673025600418,1.0827954142825336,5.2424538347374705,1.2554171643064382,1.488604992004583,3.7220504586372494,0.0
2021-02-22,3.4789211782770613,5.851124899540272,4.897324302172468,8.29433543226903,2.968091197751277,2.3121514697792778,5.827194547517678,2.695488672373214,4.637791218030429,3.4871794871794926,3.2087659985510886,4.181594840823011,3.630981435702041,6.153231787323854,3.0275805676143186,3.8822698158321955,7.743272688621583,0.0
2021-02-23,0.44364033724517693,3.66263712816286,0.7769173724259559,7.951803636345578,-2.8862512759952774,0.15537128886675688,0.785466241103383,-2.132933624533917,3.9591229020032426,-2.270726984685789,2.425423474741417,0.742193317777895,-0.7590769136969211,5.019706621537279,-0.1125960905272505,0.48150101725565886,4.3735669552719125,0.0
2021-02-24,-3.2882223965952084,-1.2270502205837919,-5.179461904209671,2.9868377875815755,-7.990225780497262,-2.6344182419114515,-2.8693760811111635,-6.440949323511602,-0.12742911755336817,-6.9301758662719815,0.6968328498369925,-1.9322242760320352,-3.9577172972864227,-0.9537437054566444,-3.458909874423466,-3.496143322314249,2.8589418511648423,0.0
2021-02-25,-0.9582449323892517,0.335471663505027,-3.8008468806131734,5.946852738810127,-6.859304055302218,1.2639045884634825,2.81917594880996,-7.4685177662548785,0.9678663068189541,-6.417292915646378,3.263271033617965,0.07119884117747777,-2.7098701000344616,-0.28170384869097287,-0.7322029381391815,-0.3815793020799263,5.278642246143916,0.0
2021-02-26,-2.416155203964321,-0.9467795850347405,-7.204594482620685,4.2790232146848295,-8.406541825188995,0.03530773053805891,2.607860369106274,-10.347915921955586,-2.4447461022444106,-6.634865568083259,0.5771279744287927,-0.8618971701873201,-4.287611651272904,0.042004498902903364,-2.2487211626410097,-2.049320240175123,4.216337445009932,0.0
2021-03-02,-2.459759728003652,-2.0223297912503546,-6.779522103880109,5.184713313849754,-5.98643439223151,0.2427667901596653,-0.09873637388174705,-10.00894178468652,-1.4219323492910108,-6.260899895361005,-1.9277801755143154,-1.2586624874501018,-4.779698661384235,-0.5003322733538651,-2.018650172042147,-1.9445398457710539,3.0056292722155264,0.0
2021-03-03,-0.2668831925052739,-2.0306481624139283,-5.468713582050134,8.125479523444179,-4.782821845278951,1.8749162600205649,2.925081676341157,-1.540802013721454,-1.1189892999871165,-5.376625643711264,1.5030324338577872,-0.6432975676069264,-3.82296735554285,1.4174631016977912,0.6128349214105322,0.09104537551851699,2.7547349573730617,0.0
2021-03-04,-1.3349888318685776,-0.5892410451338148,-5.327465808275922,9.637491921708442,-7.6563418842968805,-0.3045835006971087,3.1700307879458878,-3.351950583251251,-2.9662640140970975,-5.578530576330842,0.8423300510143505,-1.1514076809094664,-4.839938837018353,0.3424150947531013,-0.703370259138214,-3.0165287204516167,3.1270627062706335,0.0
2021-03-05,-2.3969708893174735,-0.9940129228867334,-5.834884523023698,10.373407218136578,-8.547485496021622,-0.27424188755793555,2.986994136728649,-5.574997830820516,-2.727296228317355,-7.386661998949773,-0.04755818446631199,-2.1439583734823575,-5.395926541605212,-3.760309748275903,-1.7808742966003321,-4.572165581623877,3.199540343101037,0.0
2021-03-08,-4.79472513504925,-1.5980098361125794,-8.590086815864373,12.656795473696869,-9.232913303524759,-4.278851695035046,-0.9247287834139639,-6.63868580196768,-2.9302132946779857,-8.051107027216242,-0.2013740819710952,-1.27597082119556,-6.014065391733492,-6.734325141057884,-4.471519060921225,-8.751201923076923,5.6698756190445065,0.0
2021-03-09,-5.915751205247766,-4.26458969336283,-9.96033143688636,9.60111086056088,-8.240941710173843,-5.58847806922741,-1.3718611704216621,-6.146945661790426,-2.28303362001564,-6.1986361251967,-1.4459840165583993,-0.7538653606069312,-6.9231146175332,-10.010241449941038,-5.563736982176226,-10.372040586245767,7.924466606719527,0.0
2021-03-10,-5.603865042616951,-5.597769915497097,-9.196576680872216,3.716275227192245,-8.028532702790937,-4.981986650863568,0.6169592674559743,-6.095711110270718,-4.246940817321265,-6.957671957671963,-1.514155929491745,-1.217458255136905,-6.4689907169662275,-8.38466071773154,-4.971088605902607,-10.639001920674463,6.5338554784615255,0.0
2021-03-11,-2.3637200080345755,-3.9502880903988458,-5.237610523368552,8.14918123452042,-3.710939456784179,-1.3469775615160162,3.982718412574293,-2.744419494308936,-4.203044116510856,-3.8461538461538436,-0.5360162811362423,1.7583928878410537,-2.200086356652975,-5.708141353510587,-1.3007377877253035,-5.251054137766853,9.307883817427399,0.0
2021-03-12,-1.7128863889407375,-2.317917144505477,-4.313459152354215,8.516458312208176,-1.5696152516422202,-0.974964402682521,4.168719918454955,-2.1305885592053597,-2.5953328064060477,-1.7704626334519635,0.34666513866605797,1.9714229598350341,-0.7977317022808905,-5.048413393236273,-1.1303243026465237,-4.386674134865942,7.735252462040121,0.0
2021-03-15,-1.1052845198473937,-0.5199233201525155,-2.3496494560478864,7.96621382161844,0.3467939255454633,-1.761047218421119,7.591157325684028,-0.3529527248206432,-2.2614758559913017,2.0272096585277843,3.015413412886425,2.338491771063622,-0.10787814328041545,-2.5994754831359157,-0.6301647966100554,-4.309403701942149,8.260440644524824,0.0
2021-03-16,-0.0951112182379088,0.6035398523208224,-4.541982443160231,5.17012784332862,3.681032172963161,0.2848303764681148,10.92754915759695,-0.6092361214229736,3.270620402317559,2.9448847262247835,3.04706708816298,2.8458790193421013,1.5466609326042935,-2.104000813761131,0.21588164766883633,-1.3000972385744602,8.070756418243219,0.0
2021-03-17,1.753601025716356,3.804218806213444,-1.34033614029333,6.020396843941245,8.376426389143798,0.40703134331288027,12.03802967894827,2.5140865987790972,4.795321637426908,6.866230121608963,4.639144639144632,4.42311075368802,3.4689133007299144,1.9119640833018536,1.3014548954511929,-0.4982988048013226,8.571712191651649,0.0
2021-03-18,-1.0865602689301146,1.5093858543484773,-4.405884398954907,3.031874612754426,4.491743042652252,-3.088866137118007,3.956575139036622,1.0445853293219898,2.195009546382254,2.8512135703329333,2.026773065024434,1.7860647693817455,2.3156489823156656,1.3702046902534848,-1.6547424091921892,-3.789079028940867,5.933093188169325,0.0
2021-03-19,0.8821918717536015,3.8356150905897834,-2.0859517364736457,2.8573092603377814,8.025850163991022,-0.7571858161615208,5.520034525113693,2.270516584147564,5.066061441193148,5.406409660938216,2.833769826089516,4.41730740238202,6.304817592474898,2.46396588014961,0.36007374753943555,-0.9866431580781709,8.770216358489623,0.0
2021-03-22,-0.27629300857131556,3.118196967949216,-4.494595028992743,5.340607013245191,7.609180845210783,-2.336548949666095,5.544684929318744,0.23604144610098743,0.38438357999062145,6.930232558139537,2.8194220331523967,3.1396473476675846,4.906148051252157,2.041199328799781,-1.248236447547768,-3.079981756469019,7.3354803031781435,0.0
2021-03-23,-2.5381204609810637,2.1242723520388473,-6.286966646120118,2.839215266248951,5.249608699233876,-4.113424219325967,3.4177920318541277,-2.441627751834552,-3.3258585173789434,7.370168803615917,-0.09525458953930643,0.603484082191108,1.2141913413972194,-1.507567471456972,-3.471477426796443,-6.465319590095298,4.813441186814593,0.0
2021-03-24,-1.5488797400352805,1.1761121852226886,-4.726531287025049,-0.6641773710759691,7.17514537159798,-2.5906070246504043,5.437461082921535,-2.1356921313612443,-2.404232080114743,8.116671326064662,2.2647058823529465,0.6241859779323233,1.5556944824771213,-0.04040359919629255,-2.375447430166633,-3.9525114996813215,3.790703256260497,0.0
2021-03-25,-0.5924804874663847,1.8291591046581956,-3.9178728255188533,-0.5146396762890415,8.679368352392869,-1.9311061533535678,5.945591609308432,-2.6569350731182384,-0.2976506856596006,10.461160461160478,4.856216730603391,2.314017035104121,3.1795524224664584,1.1110987284216112,-1.5168845128261554,-3.2154340836012874,4.730847543904293,0.0
2021-03-26,1.4986098641238232,1.8932853454954435,-0.88744349355101,0.6580184646948206,14.824174183780103,-0.36022042283301303,5.973436671966104,-1.6329974467935604,0.6800000000000139,13.010374036356719,10.436201780415445,2.967785987758198,4.81571526840614,3.6842135076499583,0.2972889335498552,-0.38040543210525746,2.6789581142114827,0.0
2021-03-29,2.0133596763571404,3.0496291123601527,1.011192644833403,5.024212550677443,16.510926661907455,0.006401264576338939,5.550053201812211,-1.448633575503011,1.2495332586547114,11.520178954236183,6.71469824694455,2.0199332333446174,4.554548230512467,3.0181803551003306,0.5625795443420456,-0.37125494254703906,1.017996727867665,0.0
2021-03-30,3.7821318945816973,2.93461430609232,2.8581859460877768,9.441867663190685,17.0381446182311,2.2371717066524965,4.643371449989142,3.034723465187028,1.5726514045357742,11.562885034593862,5.949583732196206,4.418355416991426,6.4866776828089945,3.417280520988686,2.6101147662644264,3.5304503692254796,2.7454928159604597,0.0
2021-03-31,1.5834356438928943,2.14762038807621,-0.8604335856277734,6.92035752401281,13.263065893932913,-0.8540976713673043,2.725328147788053,0.7765421579837284,1.6990617522918416,10.40000000000001,7.129682997118159,4.505852540123079,5.772310977863571,2.3098518937759493,0.040666797627531004,-1.0604926343165344,3.847672264569213,0.0
2021-04-01,1.080739525731822,0.7072849392304237,-0.5362914673829988,5.832385927519579,8.624530839170674,0.24643547549818567,6.923523064909642,-1.2789162753457095,1.6521669726235144,6.0320623131962625,6.543897216274086,3.6547490068616684,5.0848059945476365,0.747006178122045,0.2801874733702636,0.04355389603609705,2.985371222427724,0.0
2021-04-02,2.2027704541798254,-0.37852930580049016,-0.753943858376882,4.062875437394831,9.336114217775492,3.200475769061084,7.130222452942658,1.682784968434392,1.0395534163385012,3.3821971034969867,6.512974845267161,2.7891123805866336,5.053439604121035,1.1305513713935733,1.9950364042725433,1.9618851403554016,1.5779721766599808,0.0
2021-04-05,1.7494954632446102,-1.0107613869395737,0.6794085444876474,8.413894536867005,9.570619222741295,2.2408709904777613,6.402283905251838,1.3403395242221672,-2.203815071170101,3.5255008310733915,5.9792643090470055,2.8797316722568356,4.672162141722747,0.40523469158961767,1.5941510302162731,0.27428415128936123,2.4119779736351044,0.0
2021-04-06,2.6113207547169726,-0.426035558762039,1.1108966764664885,9.057860512331906,9.157469020201603,3.6869403281783564,6.555158260519223,1.1849161044801937,-2.1205357142857206,3.8340336134453867,7.376816530426877,3.27549276792376,8.96678761379912,2.4420297361691823,2.900636170857318,2.263631299898905,2.3954650737535,0.0
2021-04-07,2.3287595278554063,0.4047326229185799,1.569787202236128,10.291949343180807,9.980919271535749,2.670532202073961,6.838172644141993,-0.1946602603421166,0.33242282121321853,4.509167470830766,7.07039220131489,4.965291168530661,11.862068273495364,0.27119260558858826,2.1374389632192514,1.807037910208087,4.33821286977738,0.0
2021-04-08,3.412698673808112,-0.3965396350129935,4.00891950999871,13.582324496336495,11.775045691971208,3.28376200867595,7.412114843735251,2.349065172313325,-0.30988016252636585,9.006785934608263,7.754821724947059,4.692463182211948,10.895711267886332,1.295634310855176,3.368198597332106,2.57996386808228,3.664754135784598,0.0
2021-04-09,3.1764543100551546,1.7488908775871392,4.450658277991382,9.441228489798426,8.684075978429707,2.212668573025911,8.191609441112856,1.322875002164392,3.4061799551712957,7.3945193562418465,6.76824744621356,4.789728053090969,11.418584620315286,2.66571462572891,2.804423704246939,2.48706549151132,2.6457752454843053,0.0
2021-04-12,4.3547861046213665,1.570488369999401,7.778388428302474,8.506192555047342,9.640935329224142,2.501298296804011,6.2944618679721565,2.90463753794028,4.3303529284837605,5.2749140893470825,9.494091473808908,6.625218573926572,11.832325634344398,4.136784118075032,3.7996708698887938,4.154310576812925,4.018912529550822,0.0
2021-04-13,5.764680361106023,1.5766326445938006,9.225336634121506,9.64521985427611,8.755917476768428,4.493909915158012,4.705331704053206,5.3131523541743775,4.688258454236549,4.430270642992595,14.009203336209385,7.228856814907059,10.26211092908964,4.592031811577568,5.658047086067164,6.075070225093415,5.053650715342872,0.0
2021-04-14,5.7856019785063495,1.6644130710132155,9.186230291816045,10.386166317364287,9.79836016379001,4.239011229214351,3.3965474569978893,6.970628691641734,4.6913316984753095,4.867824450337932,10.83096993760635,6.3760165535825974,10.27561323186077,5.6928401375540005,5.715325173247332,6.3931543906221355,3.6437923387709237,0.0
2021-04-15,5.0417459988622015,1.0415499789068194,7.604525679416918,9.168596960927733,4.464708558905728,4.085542023471778,4.981012954946795,5.61872043102023,3.792875115878691,3.8066363483240773,7.163393073058,5.6176582038650835,8.638845749210965,6.714889013936753,5.344699674818165,7.429307340189495,3.4993371896842707,0.0
2021-04-16,5.35500191038325,0.5669971188111411,8.379278715215888,5.843160948812542,3.0965075126429875,4.04357675849607,8.259338276551853,5.746241763912918,2.959499506091534,3.5520267446719656,9.219625529588615,5.347022976786087,9.152890585267336,8.947720805668702,5.505314432935915,7.786251002181488,1.9254993701637524,0.0
2021-04-19,4.196742671009779,0.7795991851044848,6.112254178821375,8.441381547617798,4.040404040404044,2.3554831636769746,6.958718349110993,2.738619485629412,3.80085723705903,5.98929572678617,8.974920600153325,4.196407744343356,6.302737647863732,6.9951395119695725,3.763993720392955,5.297165324534969,0.6249814435438372,0.0
2021-04-20,5.2028143802549165,1.4890695453444014,7.445122511677393,9.261881738877275,4.617108841037698,4.014776361076988,8.259743373748641,3.6306926702763143,4.649871791482707,7.4654533198517115,8.737289503416367,4.637199205579434,6.825506222213584,7.129125017116267,4.780540235151465,6.675166839899149,1.1945841618902886,0.0
2021-04-21,2.729157219667022,0.7956274915296824,3.9985178984348613,9.703208825953148,3.4118625277161696,-0.5127222728410707,2.5785082894693057,1.733450241122303,2.2809359296482423,7.696250106773728,7.562237050137988,4.510719345922465,4.631512838474383,5.458252044104417,1.2875726129090381,1.0402558122956762,1.0642403372320697,0.0
2021-04-22,2.0791570290413786,0.5393779190528747,4.9800982861726295,11.307732586382023,4.509054047827465,-2.196131129097789,2.045065013146208,-1.9080834502192445,3.502578706316206,8.0977193132314,9.164089988271673,5.751447786288066,5.202245184581034,5.064161319890004,0.24130884843922562,0.34123227537015133,3.1457919052674033,0.0
2021-04-23,2.0914308052665476,-0.09407829404693979,7.098202458217107,9.095937756136152,2.9626538702274052,-2.482109362495011,0.10478560275335447,-3.802298986137842,1.3278500431873397,7.157343248267711,10.798713481640299,6.43426016487354,5.85274454270468,4.802339894770102,0.310673618240509,0.8625283826140473,3.2987216897987004,0.0
2021-04-26,2.8924747687939067,-0.10631345658432823,8.796775537329161,11.806347968621456,4.6230642173369585,-2.2442466710784204,1.2642897232150618,-1.3505427814343274,2.489115787291385,8.801213960546272,9.98387565752954,8.554716629381055,3.3739539117431105,2.8223660400655604,0.8577718005847945,2.2374811504884518,5.3887136139055825,0.0
2021-04-27,2.48644582633446,-0.1642613549201699,8.39021504898585,15.950814938074398,4.855030338262534,-2.4053059978286995,2.415046456884329,-2.368646798485774,3.1886477462437224,9.854780491899607,10.446497101871222,7.139248645173146,0.4507555200731872,3.4983649758080437,0.6882151507558554,1.4441829566318232,4.578735842162951,0.0
2021-04-28,1.2156169072873313,-0.7938584182763497,6.255737758989399,13.297360030150585,1.062394453032156,-3.278387872803168,-0.9208653322320459,-4.374306703781993,2.4609511034296094,4.438515643948593,9.64520926280008,7.624235737599405,-0.7498393843140327,1.5574433656957876,-0.46401309525797574,0.2296066409305464,5.6389928796887645,0.0
2021-04-29,1.3471141933918407,-2.5637426900584903,8.612367712572212,15.863006502399045,-0.5689534274784136,-2.612441706706503,-1.9781609630857844,-3.6822632739204053,2.118572995290635,6.439854191980565,7.584584959110585,6.690989192538033,-2.2854548886711457,-0.7502871534400435,0.03028406452525445,0.28513734284467684,4.799374058873895,0.0
2021-04-30,0.3913139154034795,-3.428288864475537,5.64033155764827,12.304255927563457,-0.2043475157053276,-2.6561091049752017,-1.0803565806399407,-4.34286792193983,1.4361055815516721,3.7293944834339676,5.697020872364567,6.2226676384839585,0.5383860182508471,-2.384416976166326,-1.0138546673668203,-0.6231565591320876,5.2609970674486695,0.0
2021-05-03,-1.3215191790677427,-2.693524105173495,1.3891573442774918,12.108110500616643,-1.4643845554450863,-3.701220409871131,-0.7182287291491507,-3.4482904985249974,-0.5461032186602433,3.9617035325189898,1.601876844681005,4.951374496094019,-0.1928675904009025,-3.0232133065253075,-2.510825673449879,-2.688076137451423,3.522056881218627,0.0
2021-05-04,-1.100120035947949,-2.6013702248412263,1.4984020880080884,11.849683003494981,-3.495702005730672,-2.7162154563095675,-0.8305931140958567,-3.6487945908920905,-2.4684285568795206,2.5044868657203567,4.895212262340376,4.0351035917850275,-0.5192008065255216,-3.1410009072612155,-1.9324886416656528,-2.510350414016571,2.8415668918621906,0.0
2021-05-06,-0.48805226761168274,-0.18233841349066804,4.702696387620331,16.046038083717274,-0.10044712303439729,-3.7445168970480114,-0.2003620211258439,-3.1977260614673986,-0.49761400464439776,4.746065227973406,3.404959506556682,6.724818369360475,3.8910972359283313,-4.866586120041772,-2.1440018955412032,-5.084862582924088,7.325308920488438,0.0
2021-05-07,-0.04439414497502403,1.808731955678189,3.4590456815721815,16.97653712698162,0.5872178116822724,-3.5687146117481694,-2.042441794069161,-3.0607222042248527,1.8420917975745743,7.126715092816771,3.8240152159767726,8.030971459439984,4.398671402869425,-4.132802777735101,-1.6961775862012085,-4.18273971180958,9.542725988700562,0.0
2021-05-10,1.5774468244738715,3.4193559002517304,4.250915604939509,17.98210457280709,1.2765355972331527,-1.9400224984914893,-1.8115590805610648,-0.26546278448479343,1.7241160252582377,7.2779737095222785,5.678106627807655,9.440551612975433,9.85360439140186,-2.12370805187857,-0.06705888959729345,-3.7101216687547844,11.886461207087319,0.0
2021-05-11,-0.3499239295805201,5.328392657337733,2.619913572534016,19.97510581930022,0.29767654238599395,-5.287956673513083,-5.663302626632349,-1.437665917045694,1.4549863595028745,5.637447075427304,5.712235911137498,7.947472964025604,6.315794256221086,-4.426072774309664,-2.374423819199223,-6.890187483586896,9.666372870580409,0.0
2021-05-12,-0.31529230749828274,5.8500263822409915,1.5331894140126145,18.519483754754763,0.24657607676019655,-5.063659782045349,-6.279652354758857,0.6464012686702159,0.2865952737368671,3.402601522842641,4.828221928797438,6.258473163684863,5.075675725591222,-4.210230933920888,-2.008825947614812,-6.24152753770717,8.59463349439704,0.0
2021-05-13,-1.7438127848133145,8.12251813917828,-1.0514995348910205,11.715740452102285,-3.7969102708803604,-6.891813910032695,-9.581596581016205,-0.35855222195025904,-1.276784582223922,2.42591860924537,3.7407823411632624,6.140835118245858,1.993779188725453,-5.342992158695548,-3.375555719468115,-8.234470849726506,8.413179294649709,0.0
2021-05-14,-1.0288440413044109,6.999976220483672,-1.2043745515488924,7.43007931191455,-3.4051363376062627,-5.434305922608463,-5.812019743942065,1.7391913548353122,-0.5547144365704471,2.9019793391688475,3.16650136674812,4.553112350946287,1.945732448137294,-4.634254086219891,-2.49307664521653,-7.1296926960214835,6.296423757492331,0.0
2021-05-17,-2.5799293246683064,5.767184103800327,-2.4050362208878684,3.546109649515161,-4.708365678997273,-6.764918198940539,-6.990461188413399,0.41590850012998004,-2.314879198958253,-0.10072834340616454,0.7186118054220314,1.6400832921881436,-2.112394481358182,-4.4747534874090995,-3.706738136779464,-9.057185492125742,4.244743493793868,0.0
2021-05-18,-1.317712771581936,5.534503178344252,-0.995727836953253,3.5273033797881714,-3.3637395289205285,-5.864344129008714,-9.180831847340265,2.8754901403648336,-1.5245230420768308,1.1920226178650628,1.2940330697339908,2.792721349422389,-0.3714882749013104,-3.083750393006801,-2.5163826998689243,-7.534804493202508,4.548757651136137,0.0
2021-05-20,-0.6031802908718187,5.1745217432996204,0.3254198705304967,0.04224110164792183,-0.5331282160097595,-4.254767515016733,-6.3025831130976595,0.4408063209963009,-1.297851181409626,2.430716829230528,2.01995737260221,1.3412211947120056,-0.7351343521402098,-0.8543066489166584,-1.7317993260749898,-5.733813311851776,2.3889599199510947,0.0
2021-05-21,-0.5560683916863818,4.196475728621496,-2.6863022296042205,-3.025677766356205,-0.17318026816162124,-3.1750782303439418,-6.688686790007104,2.7873266237597116,-1.3569686785348756,-1.057838660578403,4.295011923688397,0.6150934468890368,0.24424011885433305,1.499177151351061,-1.2664998183506304,-4.756905797834654,1.8932510670667257,0.0
2021-05-24,-0.11309270424987306,5.661922232500616,-2.1242480339119685,-1.2850554655365887,0.7815084723029386,-3.218817905613347,-6.541112707564157,3.9139320383998255,2.66461075784028,2.4388325072771666,7.489514679448761,0.686165194270516,-1.34460739534068,2.467953202527151,-0.6086944693816321,-4.1860908110390005,1.9167548893965547,0.0
2021-05-25,1.4108467638782374,7.75590976145073,0.33662251923696207,0.07896200850634472,3.7776323443862614,-2.587144886502546,-6.725672809026795,1.878041596511193,4.401880414934545,2.4849158463004173,6.73353858377197,3.014257503092388,2.0035966733083166,3.6500516973978936,0.35186919867153943,-2.430044562865652,4.903461767457684,0.0
2021-05-26,0.6691300990986138,9.27033435409086,-1.9926385616208075,-4.183807749035129,7.17339667458432,-3.6478632048069004,-5.731905636866674,0.15177551180620696,9.935650607599221,4.233983286908072,6.113387978142071,3.1067918949473805,1.8923288819689743,4.427170250104973,-0.9593030122047153,-3.4910230469581416,4.9361605107159034,0.0
2021-05-27,-0.4162026463315538,8.155703226172362,-5.980527116854861,-7.295090072047583,6.590795842824626,-2.9400070159627756,-6.497543397003147,-0.997561806884617,7.691321296676246,4.329641391061867,5.768531315923475,-1.1471793255593998,-2.0488965431528783,5.450259920570866,-1.5489850549509687,-2.2337313401869396,-1.482234879305666,0.0
2021-05-28,-0.26491930439133116,5.245557926307165,-4.5250864997384515,-7.262131588765119,7.469333403881939,-2.2381586172573353,-5.551702697532058,2.008558507729563,4.186554790735064,1.8759888495441857,4.890806537145043,-1.000083340278346,-2.2023375533019696,4.153378526365281,-1.0707341602413711,-2.31677657793814,-0.8421307115803023,0.0
2021-05-31,-1.3966085002923734,5.529821945642732,-5.6255679147736215,-10.047525705165095,9.082186284258809,-3.109301344179094,-4.642820815059023,0.569636348224134,4.405225819344527,2.7047220561865037,3.9798392848652053,-2.466963956961099,-6.237820901985581,3.7356306734857903,-1.999894220470988,-3.691518786075443,-1.51107594936708,0.0
2021-06-01,0.3876077683576229,3.395152956341052,-4.183891669729589,-12.650980840067383,10.51207746386391,0.05371949700576639,-1.9801919025288384,3.067382046036471,5.285828104770451,1.7145401914941072,4.729587418969827,-1.9320807180388866,-4.360683760683759,6.7296478971187845,0.41894549667269576,0.07037891268533158,-1.2542984756057418,0.0
2021-06-02,1.9790236774352765,2.7022696572704064,-1.279223758238024,-10.67441890545976,17.108253348661883,1.7480676906165726,0.16012658826349835,3.145311148599461,6.912213107433995,7.386668712127009,6.716258288376076,0.8721842253874623,-1.8275293859167374,7.93830763722374,1.8239788492426356,1.2687347320499809,1.8663529029902204,0.0
2021-06-03,4.013952102904761,0.33049602857586624,0.6796244876371871,-8.06200396741511,20.821799783688654,6.213824727911166,5.988990682927775,3.7742516569990503,8.53550466845614,7.660854806357054,5.550063550345996,0.07281351418821913,0.6769399614976468,8.864884436666465,4.158310027273293,5.415080262017358,0.4546001524247556,0.0
2021-06-04,2.751385840954912,1.8301342098420603,-0.28251068755629216,-5.907846008095763,23.584458226924475,3.7803954505026383,2.5623687118657923,5.718429637535816,8.134283484513126,7.548471147214331,2.6988369911836507,0.2636755535093904,-0.410642789871396,6.962473705435479,2.547215762140942,3.1350438965465077,1.0899917711017393,0.0
2021-06-07,3.751770606025806,2.4927277698344685,0.01994431337764002,-5.708366393370357,33.89138573350785,4.41161951079494,5.652258457060766,6.431961342652515,15.353454300727364,10.013185449468697,5.283126923902914,1.5312480199379142,2.3557866620159684,7.697642915199121,3.163246676748077,3.9708283384954246,1.9181014047112699,0.0
2021-06-08,2.3567230267408146,2.2735876316832826,-2.148637143500387,-9.884074013636567,21.48376570988042,3.2941487351937138,5.3108853706814285,5.600856636596574,9.75002527550297,7.301970852525863,5.4814289093920054,0.27314428690574655,-0.007618808597609217,6.313219949583582,1.9598299529273167,1.774190957142019,0.5106064454038828,0.0
2021-06-09,1.7044663976624408,3.29112769958404,-2.979227017640218,-7.522602642120879,20.48123161160147,1.7643748250730784,3.084043741363107,7.262085316318889,10.933833282318117,5.879685610640872,6.198661032239672,0.07797517439043222,-0.151855094670017,5.4993444980123485,1.130138389868729,-0.35330593409762523,0.5212080081438808,0.0
2021-06-10,2.1613093314577947,4.5822773144094775,-1.791879799561713,-5.758873601370529,17.20141646099369,1.0511047455099565,5.860874718426312,5.035105056250089,10.634918601821376,6.245673409737718,6.211742288912703,1.472757198127539,0.03991924382857892,6.687448350889658,1.312727632013777,-0.6825757273946631,2.0253549555527828,0.0
2021-06-11,3.3400120853608106,3.1298074615231597,0.636008661994647,-1.405861906625816,17.314500173011925,2.9612673264654443,8.746460646278686,5.690958729227669,7.880691127550765,6.097841947623062,4.64279078409513,1.1585313910895234,-0.5391524086245991,7.414604428385374,2.6679713427443463,2.3330601937052498,0.5330490405117239,0.0
2021-06-14,2.5481502970371883,1.224987701150182,-0.5890000403424689,-2.522997471623001,16.64944119398801,1.7030885210508773,8.815916078388163,5.237698657564627,9.785898580926865,6.816949415136708,4.168605192146657,-0.7583737097113907,-2.1233202655849825,8.612591830584915,2.0753000597403926,1.2730679057755045,-2.0472696314914662,0.0
2021-06-15,2.8468358145832484,-0.7678251396844415,1.2368220416962394,-0.2108954021483922,12.947524549918166,2.588384494292928,7.513962457392509,5.943806230784632,5.037696645888978,4.039092922043208,2.5840268518092735,-0.4575645756457636,-0.941250932435167,8.12275112636993,2.766440218317112,2.689660670156502,-1.4475828354155285,0.0
2021-06-16,3.5750953242921213,-0.936251846284275,3.004587155963301,-1.660640682623482,12.234642001485918,3.438787196277371,8.875120438491813,8.096656736180075,5.588102212378843,1.6703786191536674,1.5291150848234736,1.6918531743501442,-0.17401076691621054,7.379282892923844,3.6973526900085263,3.0712911996816805,1.7440499951821842,0.0
2021-06-17,2.3906069187419554,-0.5928075903998575,2.8206296083595594,-3.4359829960866506,9.062338450934204,1.7060036251619781,8.292926863234129,2.9667038231464993,7.887154138284402,0.791303061677251,1.8476387452602605,0.4188062968263129,-1.417850091044237,8.655601830006354,2.3493253271705816,1.6873749188127452,-0.13680631747192695,0.0
2021-06-18,1.9978651152338323,-2.792973629573481,2.9644483990491244,-3.2661822925795447,7.970956546771801,1.1793535564735613,8.681397632545762,2.258896512196351,6.495914631958,-1.2076240360832213,1.0494786903237463,-0.6333892617449766,-1.3542883533918304,9.452461541579682,1.9776298125248726,2.9905534926065513,-2.3736846333038852,0.0
2021-06-21,0.5872366048288669,-4.003292909926448,1.5682795457960808,-4.424576257334801,7.209969261970395,0.07538484906519649,6.945565024456668,0.19224767492664885,-0.6467708752098789,-2.0796847635726756,-3.235609581694665,-2.877037901847146,-4.14752721228262,7.582425293463113,0.7160104634784226,1.9607946433745527,-4.910136496457507,0.0
2021-06-22,1.2297509793035788,-2.3002951207568456,2.821060336384029,-2.4204116799525055,4.207570430573937,0.3298878962977092,7.413841394524745,2.498547114985472,0.3353181942936212,-2.000000000000013,-2.9285348417700363,-2.2704652898731026,-2.354800014323044,8.50191237742941,1.5669721685024784,2.676581109483478,-3.677593234290577,0.0
2021-06-23,0.8856234006583641,-2.7447703856247396,1.5809518806471967,-1.5929512825465064,1.2858540878022184,-1.7313057652572406,3.935584510919443,2.344230162289662,-2.3843614289602244,-3.8337513436044635,-1.5765765765765716,-2.1308442300896013,-3.177872393657666,12.807397702076194,1.5170998540865677,0.7520225242455769,-3.9610813113095777,0.0
2021-06-24,1.4203353003629626,-2.6802589251029074,1.9103448638529308,0.8838411575609717,-2.919600289303159,0.1547771952072896,3.355452725141639,0.41279753787031304,-1.6268146377823256,-3.698161607524586,0.8561839311399755,-1.0477542160627795,-2.331043075668149,11.82021052202531,2.3411158683436017,3.02170724629347,-2.8063573401657327,0.0
2021-06-25,1.559598046812538,-2.1799926094533406,2.282381400913591,3.601888644757145,-9.245599042898656,0.8351262551671512,0.21254616051391562,0.381048125567518,-5.631163818734642,-3.3417935702199753,0.3377076675505908,0.47636878016308337,-0.648814915120477,9.116705910764967,2.4081259224137286,3.2173833652880512,-0.6326506200241888,0.0
2021-06-28,1.664495986551029,-1.4704948300520715,2.8089694494985773,4.137194615411888,-3.961038961038965,1.0823489026900779,3.233099774512338,-1.000724287783672,-3.385419665373146,-2.329345531315974,-0.4799605266108897,0.8255182882451972,0.5400802276852579,8.42200045021384,2.097082711586018,3.2992012460141273,-0.06915353414457259,0.0
2021-06-29,2.192041490215102,-0.8118473665163162,3.604752830995972,3.658531945332255,-3.697664982109272,1.7548005399997235,5.795628793281282,-0.24744529996140185,-4.012370517699271,-1.263383297644527,-2.3651443006281636,0.6317385444744028,1.3285834988924439,9.045402388122525,2.7243714222995097,4.746207857640572,-0.5954711783848099,0.0
2021-06-30,2.23404783169594,-0.7386959471963439,4.035740582276981,3.072529961238324,-0.7606970640297916,2.114605899458155,4.468542328806713,0.9506945328901617,-3.2960544595721064,0.31854050532107436,-2.6551252438723583,0.5582237950791935,1.564943791365292,7.949308755760365,2.771687225084407,5.62301942799075,-0.7886392585164992,0.0
2021-07-01,1.0075954353526262,-0.8125666333453685,0.9258921356515293,-1.0892811732183927,-0.9945244433688383,0.532667848042867,5.213161301098168,0.32605058476908866,-4.7748898323610955,0.11581614187476941,-5.10931084230386,-0.49263157894736676,0.24902431082636234,7.663084400027365,1.1646894161556842,3.7070194460999017,-1.8041167033743921,0.0
2021-07-02,0.9117101714876119,-1.9099161704036582,1.3864470902414494,-0.5033112582781385,-0.7921550371299158,0.6626419012755624,3.7182811769644664,0.4658009439029831,-6.18270154228574,3.0023932119805696,-3.595355069227335,0.6177032477181044,1.271531765141698,5.442212665808821,0.7678187827960814,2.9209572608480894,0.10208867919323517,0.0
2021-07-05,1.0611821532361843,-1.3060626449705293,1.139000375252075,0.06502803410275426,-0.2460358789744932,0.5608000564524263,3.8235066473764734,-0.046447963893903044,-5.148754351856033,4.630852781447237,-3.572228945363287,0.20547364853416017,0.03787999799189645,4.487396480454664,0.7031607423467978,2.910322627389683,-0.699975197729219,0.0
2021-07-06,0.8091671038344739,-1.3465198912197218,1.6234018424445829,-0.7858831488269713,0.14875750295655354,0.8845640083223305,2.3888224675903125,-0.7377919320594395,-5.072455596278546,4.205914567360369,-2.535732833562898,-1.231058626815762,-0.36950956003848345,4.413204444571184,0.6123712834432471,3.7508396537923927,-2.5299672592472233,0.0
2021-07-07,0.6242036655885519,-1.7607152573940188,0.07203204848360567,-0.5789678266481468,0.35512485798767646,1.4349078188268471,2.3696654761835134,-0.6995434167303749,-7.03789377227978,3.4118423948932497,-3.283016313544984,-2.2927800482028693,-0.5504553517001631,4.264850270004894,0.628064587685695,4.060808267016314,-3.8914358570924734,0.0
2021-07-08,-0.4666562625270432,-2.839322905126951,-0.744216521864749,-0.3177342799984162,-3.1394883796714734,0.11603653021290405,-1.9543315724141808,-2.4859464895072736,-8.141899102458972,1.7820324005890953,-2.6450955990496627,-2.3660770821900434,-0.9212211343826215,2.279050603904431,-0.2788353085545814,1.1808669656203419,-3.431110379725999,0.0
2021-07-09,-0.7047664304073997,-3.249316528479662,-1.5473089517312744,0.2574743570741722,-3.5616903989536652,0.20589010681539843,-1.1107050870234114,-2.9737059602868987,-3.4941149868494614,2.1834711975557086,0.002309255496024676,-2.683209547932852,-1.7416112701268749,1.6786090327149283,-0.7498792934085841,0.8287564003864656,-3.667896782522062,0.0
2021-07-12,-0.533414218660011,-3.472243784515061,-1.7900560408789734,-0.2865908854823629,-3.9836418738817603,0.44577399400187456,-1.099863762213793,-3.887914660273206,-2.2608881805856296,1.9825072886297423,0.5414334220427586,-2.1280207073600232,-1.830349980518453,1.6101314137750622,-0.49241019391756957,1.2232819001835038,-3.5905776626097397,0.0
2021-07-13,-0.1468168818047788,-1.9021257601213093,-0.18087133699988822,0.8119853827677437,-1.3848734964123643,0.9782269537824684,0.7598430873996032,-3.2915532219647825,-0.05091279365773138,5.000000000000004,-0.3081314996488227,-0.8411572284294122,0.026301703612108263,-0.3980255075830441,-0.5329272934906815,2.8203426251397934,-1.732381678331374,0.0
2021-07-14,-0.647880466206141,-1.54601375579978,-0.6059245670999913,-1.5549466502141396,0.2295844673184222,-0.7128981518019772,-0.35911626684466125,-3.7542316190630753,-1.0391359776778186,3.23344432112469,-1.3899578937836665,-2.267454123602619,-1.7180774419735867,1.9605966993812673,-1.1857797940246995,0.6131092709937835,-3.7647252656726304,0.0
2021-07-15,-0.5032033038233852,0.5664202641655347,-1.4935767861357085,-0.5104352236402931,-0.18380275854795736,-0.24578813494596785,2.3694843357505047,-3.305361267708029,-1.173463321840451,1.787016776075867,-1.6873729387847258,-3.654168650752565,-1.9970664560532536,3.4392924989394613,-0.817742535001853,1.0475398608503106,-5.525460455037912,0.0
2021-07-16,-0.7565364079360593,0.24696187984447615,-1.3787799083985974,-2.06959355656382,0.6169709263015521,-0.8922781030802129,2.102164613855506,-3.3641828535196483,-0.5851995757005124,0.46112832336624443,-1.435557658936737,-3.8215640983336074,-3.316244650499278,3.091247156744692,-0.9733815937039147,1.113510870229617,-5.590673781989008,0.0
2021-07-19,-1.2973578200494051,0.07786689210986797,-2.434813836268246,-2.0635774181056665,-0.39530233733997555,-1.2001610666305895,-1.7369418367494505,-4.563635919285069,1.2743888562839034,-0.42651630159763476,1.2135088723526088,-3.871264752657566,-3.4412973713626283,1.4777849767717566,-1.6099443735780983,0.2064730715108043,-5.304409247738318,0.0
2021-07-20,-1.9407403812320312,-1.0657966286025111,-3.810580411510045,-2.9996785008955973,0.47898390829341775,-1.5757810744825407,-2.615650109621648,-4.570742526911253,1.0547235092003948,-0.5773255394385335,1.3499504711004695,-4.497559545007023,-4.373213390595144,-0.3051840414178275,-2.3049285681563836,-0.8577823238102855,-5.765133304195791,0.0
2021-07-21,-2.015502458821594,-1.1378847232495382,-2.6686416207365116,-1.403508771929829,-0.2895140899403348,-1.5752278961586264,-4.739982708035095,-4.000357937466714,0.8494133852083641,-0.6145614922999032,1.0665918181180345,-3.655904878771221,-3.365142684611655,-2.3892024941075896,-2.3957835790167192,-1.3336067379037475,-4.478934470488882,0.0
2021-07-22,-0.9619779509900117,-0.5591339029295206,-2.0230191378539986,1.7708703112057744,-1.8754824939830161,0.21490516880433574,-6.808852656658148,-3.164678369256013,0.4191104741488205,-2.5135534746180355,0.7088255733147975,-2.276323284318893,-1.950106535714613,-1.2543778467345335,-0.9078279119957955,0.24828888843755337,-2.633682469680265,0.0
2021-07-23,-1.1778781189174081,-0.3493939427917869,-3.070914765425503,4.167212830259737,-1.6379799508227766,-0.6461998278186609,-4.078665925004154,-3.205987580704861,-0.3098447201268062,-3.745528512309748,-0.24170307706609107,-1.9849910157488604,-0.945728936659429,0.7912208254431619,-1.104823231575025,-0.5031443378032074,-1.751172536286183,0.0
2021-07-26,-2.428287461311085,-1.3903855698590983,-4.745908238555296,4.285166361249515,-5.4661448082764625,-2.7498955989793905,-1.8428313032328947,-4.150744715420418,-1.609703363151449,-5.297456380071475,-0.9012139746084724,-3.0726256983240163,-2.4038855830652794,-0.1392808375056842,-2.5252674072546277,-3.154092878919057,-3.0953306312808904,0.0
2021-07-27,-1.607443978401013,-0.6349506562282503,-3.355611696974914,7.33919725834693,-4.002009251553784,-2.29838539200774,-2.8484066395253915,-2.7492281189404055,-0.5409369027155053,-3.348942812544342,-1.385778275475924,-1.4542802599686766,-1.3978118000571693,-0.8112892345721545,-1.8579569383028072,-1.9222276282795048,-1.222179883427199,0.0
2021-07-28,-0.48636816409851624,0.015962601904107032,-2.0521297083200163,7.854744290286542,-3.1869585496585806,-0.5687446028817211,-2.0389235661288474,-1.5033049887579586,1.643574284910665,-1.0056431775430363,0.2184725514805086,-0.015132844758625197,-0.457249277295968,-1.4637855649198506,-0.8288942106764563,-0.037187788141679334,0.5864894417699773,0.0
2021-07-29,0.767569415310998,3.5035465916848807,-0.8809916462007239,7.772245608116424,-3.2097403244220613,0.04007266421972577,-1.4337013693323186,0.2628233390549406,3.005265689164016,-0.3208868144690791,-0.09005888465535294,2.4351508734780314,2.305743483665279,0.1805310545487826,0.36804299762129844,1.1076265584405665,3.4856452012293815,0.0
2021-07-30,-1.3599386410470315,1.7659465942458485,-3.0575342608623157,7.405250850616962,-5.011408579251587,-1.4113614184141254,-1.8331501565643005,-3.3587702628108174,0.8517783915990229,-3.0803316180674445,-3.890562248995988,-0.7305441144591418,-0.6719212558717214,-1.700864792417911,-1.8312994805272487,-1.3629759755695803,-0.1801389643439233,0.0
2021-08-02,-1.477663860511469,1.6673640693561254,-3.1193699090378058,5.553011241746675,-5.337029582652941,-1.0855461414905676,-4.184129747158927,-2.904710556900525,2.243729685150142,-4.790291675537572,-3.886275311924725,-2.0843151535923976,-1.4416001992868077,-3.2691376186290144,-1.8175039919764657,-2.0622596437641194,-2.0196036950849594,0.0
2021-08-03,-0.8475225204529591,0.8842280770886557,-3.344399998961678,0.8436695292814322,-7.071994174934016,1.238616676110249,0.74127204773069,-1.6150298026495813,2.025959505116548,-3.8847477064220315,-2.4655647382920143,-1.0639905039387054,-0.6209904096668883,-4.448178320381446,-0.7316484250705302,-0.22624491453390183,-0.24681846715743916,0.0
2021-08-04,-0.17771177827411444,-0.43742567875441063,-2.6164444739573023,0.5489750711617614,-5.63819269925363,1.6493875530940283,-1.5041249135518853,-1.390727647080925,1.4352225015940245,-3.439627373701193,-2.0977414240746284,-0.08165721162111117,-0.49412848261570774,-2.974123520627625,-0.08613037903941745,-0.23009548962820148,0.4417261297995356,0.0
2021-08-05,-0.02380291188954775,-0.7168864113105244,-2.4797236231039244,0.9310005235276364,-4.224351876598831,1.9901568647888057,-0.8565759360453895,-1.6310839684382183,0.867980626288789,-3.2417700638313174,-2.684287543442476,-0.5660984239305389,-0.19872649056394964,-1.9674097412739844,0.06240424745100892,0.7072976594694191,-0.7048011051281278,0.0
2021-08-06,0.8113340156101767,-0.5257483299432097,-2.385284196522708,2.744385207117217,-2.525823546151673,2.3420754179690917,0.09715569347084063,-0.23772737748718464,-0.11944887942758609,-2.141716277043715,-4.017645062775699,0.9991727981192078,1.4097064356366262,-1.1202731401609212,0.8437056219196437,1.6113589186456334,1.094487398333155,0.0
2021-08-09,0.8574875491075717,-0.2905196375571184,-1.8375904643094354,2.6270982600279824,-4.7777182645956096,2.212763939128237,1.3783044990888227,-0.9655243001654878,-0.5686530031986825,-3.796182042534668,-4.13228775997273,2.987497258170646,2.042926967486003,-0.5101971091867274,0.8550987734540882,1.5197250143008878,2.7857091093557385,0.0
2021-08-10,0.8482824457152205,-1.4531933409432485,-1.699750165517,1.4664473030088665,-5.44702367271891,1.3756505123794005,6.357500803466198,-2.7735172741062186,0.4576713871516702,-4.815946457151177,-2.47633594852924,1.6096446923448582,2.4578910991393643,1.0268077306013756,0.8882829005541604,1.1733132179263084,2.242288961038974,0.0
2021-08-11,-0.9104027124401282,-2.7647203378175833,-2.4383976131299057,-0.45799557446560835,-4.5916635813896045,-2.486282086740521,13.75974125981827,-4.10135587934064,-0.6680178937647607,-5.965621840242685,-3.61808814058332,0.9045378006131033,1.613031090136685,-1.7531688895218944,-1.3783801785000827,-1.990508364693544,1.2116236606321218,0.0
2021-08-12,-1.4146914043055236,-3.3009494618066015,-1.0581442938486174,-3.5363301071019038,-4.3504345819552315,-3.6980844330058438,7.691135017830408,-2.402559331107079,-1.2480126235759559,-4.875027326386361,0.5102040816326481,0.539188198248719,0.16534406764829868,-3.071225819302892,-2.0006457991431637,-3.0768414295750834,0.7852663691316986,0.0
2021-08-13,-1.6639017659188515,-3.7928477986337694,-0.039853584883453586,-3.366582211909197,-4.35315468193923,-5.1501771945337556,1.7357253862593902,-2.450841551441485,-1.0782159329646768,-4.8316685164631945,-0.31326709526592333,1.615579425377689,0.15919552571870277,-3.1486731633499465,-2.441891710331845,-2.987356945995512,1.6257484172229164,0.0
2021-08-17,-2.766873006592363,-5.160783034109883,-2.474284014933059,-8.044949381405742,-6.932718965988515,-5.752769705880512,-1.5663156904866082,-5.0826861776094745,-2.6915964659954827,-8.317427690500656,-2.5762952448544985,2.738175565374479,-0.8960079271227994,-4.7012428625548335,-3.5385146619553387,-4.640010583060484,1.538769270334761,0.0
2021-08-18,-2.4075801857355694,-3.7896008846430074,-1.8519402985074596,-8.037958958873737,-4.780634206057755,-5.814822908082795,0.795876350630409,-4.613932333569338,-2.329246724496792,-7.637214061243891,-3.2838589981447064,2.0194594594594495,-0.6199125979085007,-2.7887000459347777,-3.3834246973948656,-3.530077257068309,0.21600406595887467,0.0
2021-08-19,-4.466100257505445,-8.44326586829559,-3.825406240773288,-11.007880357843158,-9.420519316022801,-7.239681390296893,-0.9502530581640634,-8.648727111270492,-5.8351690451106215,-11.654960491659349,-5.743539962094957,0.21102497846683388,-4.345709012326216,-3.601827670269253,-5.06384543388153,-6.435100363136915,-3.347127213354739,0.0
2021-08-20,-4.428351944839992,-8.410773954664496,-3.319109793801256,-14.226874833292335,-9.955881528693034,-6.9599893526759775,-5.157330259254678,-8.675026597136226,-5.318468647820362,-12.801415824791695,-5.384743227522026,0.1484943113576387,-4.244016867005451,-3.6377464893242117,-4.661111751425451,-5.302804778607584,-3.0951016900601536,0.0
2021-08-23,-4.1212643963463025,-7.690681444530156,-6.088008609683227,-12.253767052301335,-8.006386495290375,-7.180017077957523,-6.389321563236338,-7.626159177923553,-6.003416289056018,-9.779367918902793,-3.3340427041214538,1.2623334573060196,-1.8352617389350678,-2.0048684363046188,-4.719101878702537,-5.7281794935585495,-1.4106199530753094,0.0
2021-08-24,-3.0533124918909804,-4.025657640734326,-4.594515478425287,-5.377379873073441,-3.5618674502122194,-7.018611781009632,-6.996298846110848,-6.39875664173386,-4.243052329390462,-6.778523489932875,-3.031586875676695,2.190131320623001,1.1045648456146084,-0.05471815473546693,-4.0244036532175675,-6.347705624203703,0.6507530142021434,0.0
2021-08-25,-4.071784366445352,-5.215688813382247,-3.808233903616909,-5.300820049257082,-4.453117502159365,-8.303808539498403,-8.310295694581137,-7.184271937589215,-4.56734190426491,-6.478664192949912,-3.602440741609958,0.8301432319669511,0.4266997412959217,-1.8753761548816361,-5.013687452291338,-7.029836004752898,0.3495714930085603,0.0
2021-08-26,-4.505315723124537,-5.8008464639471065,-4.57831003055772,-5.779317349196555,-6.116900409015891,-8.671554367393842,-9.30621205801937,-5.924456340485229,-5.007369021584096,-6.641464680157139,-4.099901320426669,1.5764162946669158,0.1011781011781121,-4.2064415987582375,-5.6785446770036945,-7.644592958690577,1.7035291445444578,0.0
2021-08-27,-4.172629312980836,-5.4595838827184,-3.543277925988564,-6.074451010432624,-6.445834944331774,-8.270853732756722,-6.215752769926263,-5.591991272540586,-5.23480237762568,-5.9499962905260055,-4.607697565344459,2.006595254003485,1.0149643956934185,-3.6635907769102194,-5.433730947647442,-7.410143529127966,2.2802088654293673,0.0
2021-08-30,-3.564878144533523,-3.275900085047412,-3.3290926230548745,-1.5839650985110754,-4.01459267473443,-7.9113444758027285,-9.588161653773309,-4.115063302041166,-4.681282020731558,-0.4904179870227954,-3.4497474927092875,-0.5281990117566804,1.3309823630953233,-2.9102164347559523,-5.105690516912153,-7.357088055139793,-0.8037565040822314,0.0
2021-08-31,-1.3542222318149721,-1.4142980347542022,-2.4690641500469734,0.48236742753395845,-2.2103386809269154,-4.1174987162216015,-14.926078879040194,-1.4341619021057017,-3.7675317240721373,2.682665851421584,-1.7323619449915784,2.2973352639882316,1.8500207919419642,-0.7635450965944424,-2.3496825386205678,-3.998234953997215,1.0008647698436457,0.0
2021-09-01,-0.42227894007985656,0.03130144450371741,-3.8023003721388893,-0.7327698701090068,-0.9951897813169408,-1.646513367134561,-17.575225887507074,-0.363025860098809,-2.329035062300777,3.586789554531511,2.6585208696274787,2.659335487045622,2.0169802661771374,1.2452828424060147,-1.467544176591562,-2.165296345868617,0.141248863715826,0.0
2021-09-02,-1.013907330179098,-0.043752574536470856,-5.203397000315924,0.6968890783352499,-2.6762307605706304,-1.4814125674580847,-17.955650052321726,-2.494351795019145,-2.770884528320161,3.1331392676574366,-1.6387362955751827,1.6410674446541984,3.1529046081974377,0.5959692674155193,-1.884895360963057,-3.427434599750201,0.09248878923766579,0.0
2021-09-03,0.9387347104805821,1.3178174002799636,-4.7571775088000585,1.6987265526460016,0.5207563287500161,2.131618462009577,-15.207410252148046,-0.35809969601120484,-2.4423586275921783,5.240242575027221,-0.8161159447480193,1.8691990374699152,3.9493248439706807,2.5719341509558236,0.3862971251506142,0.16844928963508643,0.5355959914868258,0.0
2021-09-06,1.9165852711821696,2.748880616628524,-1.4281416461677243,4.974423801121586,2.4855665950590744,3.3048700858313573,-13.119217575882425,2.391857047548629,0.7986387122416394,8.45544078789333,2.656564920715865,-0.37287345607084355,4.762488680953814,4.010709273867175,1.478796388330883,0.8440889761552883,-0.5755051499971797,0.0
2021-09-07,0.9018876644939944,1.981875660585719,-1.045430398585545,7.534597254890829,1.614107264312148,1.8828731119555853,-13.673839988311176,1.9226097830878919,-0.2944038629728585,6.8840006330115555,0.4747746019566401,-1.422092234655814,3.959969466649804,1.2824329368848364,0.3430597048509565,-0.5739536505353859,-1.2030710713531123,0.0
2021-09-08,2.1034078693795255,4.454408252377395,0.9898621411611463,13.299870562312876,6.0575074287711805,3.6296005597811876,-15.87400911446808,5.902146532506447,1.2103643807053643,10.881987577639741,3.070057134449855,0.399673385190602,7.306549278362517,-2.852005086257614,0.9929192883374238,1.8893730888920768,3.2358594978738386,0.0
2021-09-09,1.7706199293581637,4.660965767489089,0.14716478282761347,13.75212532662382,5.3255911148261115,2.8290891691112874,-13.64120871952984,6.341787139774269,0.7760631045072852,11.822410147991524,5.836741863441319,0.804605220121668,7.321731019416289,-4.329496015092593,0.09884655317089486,0.6691815647039467,3.4599979308000295,0.0
2021-09-10,1.1504072538759624,3.764795314228331,3.146242403449606,13.03050928891738,2.8318753870171687,2.58735185126735,-12.822449870075747,2.752074698502094,0.9060965914110097,11.037673496364842,4.173087742472048,-0.08857970012531302,5.964420413203841,-5.606313667784879,-0.49196804852674747,1.4503636111360407,2.06444454177801,0.0
2021-09-13,-0.33266418124462405,-0.011056768271311412,2.65841705395371,12.15525751010782,-0.6652222485527548,1.2576338373929685,-14.220502730027762,0.1523218794598824,1.557465759388954,6.535477161827052,2.2015631826787674,-1.9126499594415702,2.4786821255140756,-7.812602360251941,-1.9035484531715996,0.512327716983485,-0.8511666240372917,0.0
2021-09-14,0.06419199125462516,1.1051077079613947,1.5956655718473378,8.931592665416787,-0.3816921686142005,1.6934883482345287,-10.460496382546502,1.5984485512206437,1.3372273659354894,6.87192509125536,2.8922702373706644,-0.2708813241190988,1.7304227208420508,-6.930859954771251,-1.5553015345179944,1.3125857778041317,-0.23738622317113212,0.0
2021-09-15,0.7949420334789847,2.3941845357207114,1.6897677743052064,8.793603252270366,0.9953206342196763,2.8938376043629255,-6.1845924894533555,1.0430775104307788,3.5083768126822124,7.534736006351728,3.4519930421148093,-0.995711434758606,1.6375208266987906,-5.163679341946614,-0.5261611228502217,1.3438122887598603,-1.1962256776751001,0.0
2021-09-16,-0.12157375793738767,1.0788577912254294,1.23043630017452,10.544006990630606,1.1259741574170867,1.5116277438712356,-8.611984017964103,0.834262305482314,6.642260067722061,8.188057111303948,4.042101101941986,-2.3220926301555034,-0.12667802819724683,-5.666341834430632,-1.4232606052536734,-0.6125196076835038,-2.7509953803254605,0.0
2021-09-17,-0.11704127295105726,-0.7152859515513033,0.5713950421351477,5.951976897906364,0.18668899120970472,2.566507225923531,-4.219142357323147,-1.1200732942909575,7.061161735478305,4.041246493289874,3.1457197583615537,-0.817917094895515,1.3272012312919967,-6.5697699095011775,-1.0796490528135583,0.11241202537144446,-0.12367265128576665,0.0
2021-09-23,-2.2408236879038035,-1.5050836416090951,1.1734097246728803,0.256125766583315,-2.2279852848573256,-0.19456750889539354,-0.6995306862767614,-3.9914935383608574,5.134528870106214,0.31261630070711366,3.4098867395976784,-3.0633371360966777,-0.9694511735939271,-9.218189496350126,-3.214346887739372,-2.7076432145140217,-1.9678573935013155,0.0
2021-09-24,-2.5500308697794294,-2.551080720866905,2.815635680445294,-0.18477457501847594,-4.739351972824679,-0.7403238449230742,-1.9007135066948622,-5.003837569362968,3.2301131095864966,-1.290131237487957,-0.641606806611339,-3.519923307769257,-2.140399019321171,-9.153849706711004,-3.206360629894278,-3.2279193099404746,-1.0990699103426982,0.0
2021-09-27,-1.3290929987247568,-2.251915595074294,4.474243866343186,-1.854511019597882,-3.0910713400426393,1.217736009804482,-1.2480462274428228,-4.591296894043895,5.011205179282863,-1.0844536878853228,3.103497030822866,-2.3617061691395325,-3.520119105460928,-8.642359353889152,-1.9823849552007333,-0.17765634027939736,-0.7742278722033924,0.0
2021-09-28,-3.2220576933890577,-3.7950364012746207,4.440904531930867,-3.9074915433805146,-4.60532766791959,-1.624870823638358,-3.4032988575677714,-6.866757617098673,7.705685116604943,-3.265366430260064,2.3077104958267203,-1.769519551187415,-4.095670265810513,-11.065790017022191,-4.110134032074397,-4.5146512663849725,0.9897797529756502,0.0
2021-09-29,-4.465977592068249,-5.137208485742006,2.1998342770335633,-5.569918719736544,-5.918283795955126,-4.5291754284896175,-4.549593663556861,-6.571219765609193,6.655166040293259,-4.577334809892941,3.1555292726197504,-1.9521531100478495,-5.353171566199988,-11.43738631915825,-5.599183530886432,-6.230588932450809,1.2213589210150255,0.0
2021-09-30,-3.7208777004599347,-4.8692071562519645,0.11501836605618543,-8.013724863225736,-5.142521304731118,-3.0333251824601004,-4.547746851533296,-5.9803333097945055,6.647970151466498,-3.701510216168191,4.928165720013378,0.08599746307482725,-4.489330744663111,-9.388223548238095,-4.371045532011775,-5.0434477683706564,3.1084684376381455,0.0
2021-10-01,-4.546647317885921,-5.800028990793093,-1.0497214116603204,-10.668071308846283,-7.8054568977594,-4.655482642734976,-2.2836948397349843,-8.6433482493535,7.474310981584309,-4.4364777055792,4.7914733661647,-1.9454669976885608,-6.128184044312334,-6.487328634989476,-4.87325289107522,-6.793478983197721,0.9013965298349635,0.0
2021-10-05,-4.897100844383074,-4.881116410528175,-0.3037584377343805,-9.62293257308,-6.961822264998396,-4.880398416904896,-1.1550747758933833,-7.867645408220525,8.531650691687087,-3.388035997882466,2.8285558479740125,-2.431321652606533,-6.46954151018485,-6.3374046723142285,-5.088412273285925,-6.722006799396086,0.828571428571423,0.0
2021-10-06,-6.956708128583133,-6.388329271213422,-2.9163986871996395,-11.739253644108327,-10.323478024867272,-7.0551355096134305,-4.915510002838741,-8.299605279332011,5.510324041071035,-8.459821428571434,0.10566604832460413,-3.299816196345551,-9.152432549181954,-7.272107547794004,-6.428976467252623,-9.827994014384789,0.5879239561131122,0.0
2021-10-07,-5.383872679723522,-4.368141692860772,-2.954128540992007,-12.686684131568926,-6.451393030587038,-7.408569792784137,-3.3839674584472013,-4.021027727918369,3.4750548144881765,-4.655353656705207,1.6553853461584112,-1.1316648531011997,-6.32433829564365,-2.2846556012385166,-5.092051897309579,-8.88834581216229,2.3934073808670853,0.0
2021-10-08,-6.114334530603427,-5.41668802094738,-2.4641244224815173,-10.602482972851012,-7.784929250831841,-7.930366120455101,-6.167807594175723,-4.238433796086305,3.379894776860737,-6.727056727056723,-1.4575396919290995,-4.040036785935797,-7.009159516928342,-3.6975922888850876,-5.69458128078818,-9.55796443808068,-0.8138208749278397,0.0
2021-10-12,-7.516331578613555,-7.093106721930209,-0.3763849131806274,-8.673597571116664,-8.18008291079101,-10.944377683103557,-11.454656241170724,-4.45894825856773,0.6793428989326333,-7.833727111636146,-3.0242030976175727,-4.496815559796707,-6.913181089561671,-5.8966009367022565,-7.548709291693035,-11.256513722241523,-1.439570530479628,0.0
2021-10-13,-5.932097799104829,-5.097941085677393,0.7031113158442626,-7.435083984162283,-4.078432680839716,-9.460903834341948,-9.099582014976072,-1.9212187942385883,-1.1493983526462026,-7.254830477579299,-1.2562336737117152,-3.0673386835103567,-4.6898383034639,-3.7466300486280857,-5.7841252012696405,-9.199909344357648,-0.3366619115549252,0.0
2021-10-14,-4.8358387650413555,-3.7148888415103998,3.5800311717753885,-5.655314976655945,-2.502653062929816,-9.469300998962826,-8.345970062745579,-0.96788844983422,-1.782837127845882,-6.340183646698727,-1.2784801085636621,-2.1480074262769433,-5.312287312440567,-1.4027135617517117,-4.794166761009844,-8.1244473856936,0.23768858525476944,0.0
2021-10-15,-3.59766976384297,-2.460900314403758,1.8868130996315013,-1.5555861436109208,1.2618323262967968,-7.98097433809054,-8.623076566401933,0.4273484593811716,0.12023764617126176,-3.4132225272687,-3.425889166530427,-0.2985790253683063,-2.770537387137706,0.6292716091666151,-3.9054674420497926,-5.703107182032419,2.020245407556942,0.0
2021-10-18,-3.7936286493197358,-1.3800518054607358,1.3526026401973201,-1.98028738204572,1.039773701354374,-7.834838214561623,-7.6718035268195095,1.2769197908637508,1.3136465967332311,-2.831818523247942,-3.9072553286072065,-0.9482665514634392,-1.8557762587513849,0.5028191427162376,-4.171874280818155,-5.975786819208984,0.9630183990172014,0.0
2021-10-19,-3.337971177289023,-1.0559060951006227,0.598113610497597,-1.2916778985136879,0.5985420130451446,-7.685269837054143,-4.72810242109265,2.313001567581474,-0.254905447862952,-3.1313358864609064,-5.297922428176339,-0.356664216851843,-0.04250561351308857,3.040143926573058,-3.366794057601419,-5.631288542680945,1.214849096270787,0.0
2021-10-20,-2.736997727507484,0.7594036952327521,-0.08581081808106683,-3.3527499322676735,-1.2625916535325188,-6.640362531569821,-3.069025966527994,2.8889183859223344,-3.195604446664424,-2.6195203910187814,-4.136910952413963,-0.9833601717659679,1.4587482817628228,4.2283821640277885,-2.3881568593787983,-4.231226829423152,0.5080863469146824,0.0
2021-10-21,-1.7299127201194642,1.7943507367378597,-1.2910304866430855,-1.6480732646954932,1.6622861220866314,-4.607116470755878,-1.3514535145351392,1.9772307460323546,-2.545173067147277,-1.1528046421663385,-4.838450778509018,0.5487236211421331,3.7690438025295148,5.616476105798984,-1.205920766216817,-2.5616864247546944,2.386678224881855,0.0
2021-10-22,-2.0418271518042874,1.3686450096852987,-0.7067822442110017,-3.716960194662433,-0.5068497865895472,-4.549203578133376,0.9756097560975618,1.0285129514707059,-4.1842846054933265,-2.2140221402214055,-3.2547137625946743,-0.7668678710287202,2.616647879751155,4.2343733909999015,-1.5610118618141877,-2.628943275030504,0.9804870628258522,0.0
2021-10-25,0.045045343437633,3.4208292588493006,1.8045370822683537,0.37448284075889404,8.273223750659199,-3.1214155147832545,1.7165963640684456,6.016926227924402,-3.0354387769414126,0.8284486127393409,-4.170545099552747,1.6959511077158318,4.831692127022658,5.332428056614602,0.21220217479742676,-0.6305576628013787,3.457338981392155,0.0
2021-10-26,2.9339977111374482,3.1325909803368024,2.2960658574268544,1.3425310294570947,10.8693284936479,0.08361821538911407,2.990576868598005,7.889927927840112,-2.849852613918369,1.58904109589042,-2.81069863961263,4.019420919611583,7.459919986697061,10.039744347172231,3.5359678439503384,3.011239749296246,5.440634740719763,0.0
2021-10-27,4.02914407336219,3.36987902548167,2.2465728497768733,1.9224247434927566,15.576824862390538,0.6824392404794821,8.186153580239175,10.278077043377243,-1.6796064718781478,4.340404779322116,-1.2009757928316822,4.217446722869478,8.274557197765176,10.95927435484394,3.948564502689189,4.709052300993921,4.806735117608585,0.0
2021-10-28,1.6925385036459462,0.18205704782197074,0.9040191342946535,-2.4204286545612463,8.41636459680506,1.3758424403043756,5.735442868866536,4.757191463037436,-2.4338273592499626,-0.6536462435029144,-2.2288678099154136,1.0433634162447802,3.7607342362838914,4.445506443854574,2.1639258679196027,4.962168439606551,1.1603331233816183,0.0
2021-10-29,0.4864188343537412,-1.1442955169033597,-0.8087886685425261,-4.092221726574785,8.051245136541318,-0.26471410247629334,4.68241710047097,2.2718745309920463,-2.932488700665503,0.07164464257283232,0.11525440007682519,1.0051707230097184,3.8045410924537615,4.42881919050504,0.6454838517103489,2.853224885676786,1.2562992405422468,0.0
2021-11-01,2.145125120869018,0.7746045354740438,-2.561229345817151,-5.557030077008774,7.932597646412365,3.1107622313868877,7.5738994375607716,2.448635618914907,-2.048289690115135,1.3858848033325266,2.200297931573414,2.36437937848033,4.245023000785397,7.701509115570704,3.171837672514788,5.672911014282422,2.8308918384313264,0.0
2021-11-02,2.346140652966122,0.030063700545812644,-2.6461287305128645,-7.478157237526273,5.332626142301922,5.068629987187445,6.938938848241838,0.42292888563049136,-2.082543144320115,0.6446540880503226,0.945143214448918,2.4525228180580783,3.2690751901655046,6.440500497356161,3.59382191605111,7.0652484444965635,3.0015458605290313,0.0
2021-11-03,-0.43263825686599144,-2.4573749230473507,-6.504223138345666,-8.57989164690698,2.3209173965957453,2.33258752337957,6.9312136241805655,-0.5251354115548001,-3.2000760790746985,-1.7973856209150485,0.5016157816041922,-0.4787433538508967,1.506114424710936,2.2893768205716203,0.6335816874454059,4.144981357768485,0.14909054765928076,0.0
2021-11-04,-1.0560320524301336,-3.4379291054264294,-6.632987321243499,-9.881823045904248,1.1565627824456914,1.22698521689808,3.705717330317726,0.2765027673204079,-2.622035933783873,-3.0959514481063155,1.0446389708371528,-2.1553325901152,0.5969403860559996,2.784804982372724,0.4184269944344843,2.7149204009179195,-0.5024279338703641,0.0
2021-11-05,-1.2442295156118943,-4.766085326940283,-7.298260932838529,-11.892135676031202,2.6316459240029566,1.2167355785869027,3.145265418038856,0.6267422241784004,-2.6393239170261706,-3.8419913419913465,1.2758394000633055,-3.4782798325191933,-0.6060889929742408,2.2647713476325437,0.4256325372428371,3.982398495280348,-2.3034642872127753,0.0
2021-11-08,-2.2726672477088483,-4.9629750888308894,-7.938316508812216,-11.81621110560741,3.464788493647619,0.9287172017576228,-2.001495907829054,0.5447111338772848,-0.15927730892665304,-2.581395348837212,0.6757572100880793,-4.759528819662895,-0.9493875664432605,-0.7590666291819037,-1.0077270035747543,2.530237890513054,-2.457690913653221,0.0
2021-11-09,-1.6816400221696393,-5.729745293997668,-8.112182947481216,-8.761612197382041,6.389346751106095,1.6220940758174374,-0.5602483575193107,0.14329287958789738,-0.17639435538062687,-1.8194651399890294,0.8558547698835461,-4.995988464123869,-0.6230357323895652,0.9280845819164663,-0.47304799000408293,3.498101928049091,-3.120122650239643,0.0
2021-11-10,-2.565731063767518,-7.090859615620793,-9.555426263732503,-11.823916487660735,2.786528781289599,1.5527273499436944,-1.8619010951715365,-1.308152967487941,-2.2607376145483804,-3.913587977457733,0.6747150533747748,-5.940465918895599,-2.95925523576408,-0.33328574452687887,-1.1383833487565886,2.9567946631767317,-4.495486760709555,0.0
2021-11-11,-2.7024509673470365,-7.486035673492597,-8.83129339758889,-10.304257783984506,3.1655696728046356,0.6327692743218094,-6.3891397525767335,-2.086266419474303,-1.8764130526773948,-5.172955974842763,-2.1863832988527343,-6.576326954714695,-3.2990922670343648,2.3700381340024945,-1.205724442489875,1.9908230784922765,-4.86989865790195,0.0
2021-11-12,-1.7129387460520284,-7.186996786633948,-7.984634268680091,-8.429246962113712,-0.0982375036116534,1.7028141509727757,4.162666325953235,-2.052198002478678,-0.6991405393025563,-4.301992093636153,-0.5377872542051687,-5.045930631868134,-0.9696390940852839,3.040955969853232,-0.4406945785423888,2.765540379587361,-4.660684846355501,0.0
2021-11-15,-1.6254083198866565,-6.192527286783744,-8.004913697066762,-8.660950328327655,-1.1344104503265617,1.8531879706444654,6.675015110441951,-2.20368379689434,-3.0941558830936855,-3.7910309754970006,-0.7069820407582306,-4.812549287069201,0.4587677897678333,1.718053718463719,-0.515100580165917,3.137990770282917,-4.489384574039246,0.0
2021-11-16,-0.9347246231188877,-5.636547168987227,-6.0360385412176925,-8.009505639789815,-1.502405813230323,3.0006217354731746,9.676728285458047,-4.14188662935967,-2.91146260307662,-3.700241489444578,-0.876068376068373,-3.579015127132279,1.3517717129760909,1.6875499347195122,0.2623476470695607,4.195353328788909,-2.7151347390702574,0.0
2021-11-17,-1.5660148527188444,-5.680908434551557,-7.104634589590598,-7.850767691265792,-0.04200304102016661,1.1058921783414943,9.467133074137845,-3.8020913773836984,-3.7879155544770726,-3.95560840269521,-0.673867329382527,-3.2088706866504,1.8236443963405735,3.2168381683717273,-0.6256090928668079,2.636604119044539,-2.7852339707225227,0.0
2021-11-18,-0.7843322067674685,-5.395048932650337,-6.241656673529883,-7.581191350469196,-1.9370398792406984,2.4596047737147186,9.61445282757667,-4.122259928460048,-3.5698136266422265,-3.8342216211916247,-0.41012111763999437,-2.433857763851799,2.375041648873033,3.6332076075755726,0.44041431568957456,4.546494927357947,-1.885602130940689,0.0
2021-11-19,-0.265866382001656,-5.7314916717159825,-6.404275195856557,-6.26575670114935,-1.6350322848876164,3.733243226138594,8.318264014466559,-2.745341329473139,-3.851292548692753,-5.7206068268015215,-0.5161290322580725,-2.7638246068130368,1.3032593181871555,2.346244620297089,0.7942067887350968,6.173381282663581,-2.259516873196632,0.0
2021-11-22,-0.007964187702624859,-6.082374417074998,-6.866524112317817,-5.597671585217268,-4.611943009030739,5.942060668741922,4.2109425196461325,-0.8245004859396943,-5.190592051905918,-6.4833619746914595,-0.981560013341598,-3.5743846656501876,0.7866460231960914,1.3216140709845003,1.899545507516609,6.996738974729166,-2.558330206639703,0.0
2021-11-23,0.7265492941180396,-4.373509484418802,-6.047148768925126,-3.984938492002432,-3.9351347729214337,7.405576960329019,0.9967714096115188,-1.0678027054690231,-3.0553474720929397,-5.847397195150938,-0.10798099534481409,-1.4342717800931104,1.5306624898589138,1.0184726413725143,2.47036667774454,6.773473020624277,-0.17013554131458664,0.0
2021-11-24,0.37107554923874186,-3.4412016241689214,-5.41856408914374,-4.398077754539276,-5.183910518391055,6.428639224212662,3.253507245161158,-2.683781163688248,-5.104767432019052,-5.787220548596794,-0.277604939453413,0.5629901029914341,1.5666273253526874,-0.642495650798669,1.5610958482039639,5.579819023804977,0.06488377341455909,0.0
2021-11-25,0.3704614265459094,-3.2758777883582835,-4.901011686725976,-2.348858735758197,-6.047530481504449,5.1137012598053255,5.5642291517222775,-3.5570601287594816,-4.93857135919974,-5.338049682450363,0.07933645870896733,3.036533291159249,1.9744964798356301,-0.39177470975527706,1.0555244878738046,3.574738440581071,0.8746814785123291,0.0
2021-11-26,-0.8026484696979863,-4.779370788793768,-7.079119050746529,-3.2619420868057247,-8.739709195166911,2.829073016564454,16.453109061153782,-6.022134380160016,-7.903947807038425,-8.434789528129238,-0.1797914419273683,2.4645240644147526,-0.5114421174450268,-1.6122459122309918,-0.27618903440916887,1.9324738348689419,-1.3791427877263618,0.0
2021-11-29,-1.7937794940691143,-5.633329600179193,-8.16764235360301,-6.081800472393583,-14.289558445794437,2.587567700963622,14.211814076408169,-7.274475612954268,-8.90622558270926,-10.392203850147762,-0.5736960367165422,2.57914317668273,-2.78924182703455,-4.1877550219711175,-1.3095501067667992,1.0833632720355757,-2.5861823158735087,0.0
2021-11-30,-3.1110822921536885,-7.938914678050191,-8.175275286638662,-5.082772806338753,-15.353927390540278,1.2009953084917147,17.479984679401618,-8.197826585698165,-11.164883681439985,-11.599869664385798,-4.384978099044979,-1.158097509517042,-3.7117336696472103,-5.125165471321602,-2.4523059550695336,-0.3619377590793893,-5.995395856270635,0.0
2021-12-01,-0.8615620256280598,-6.328662221296099,-5.531975184338888,-1.3424243697571892,-11.587119274977153,5.1730784738032165,13.39660347309426,-4.197848401011739,-8.467329562956671,-7.627259161001499,-4.569052540498964,-0.03707308030955758,-2.0019296853092006,-6.356337035929016,0.011128628396561702,2.344665554854397,-4.117240585051252,0.0
2021-12-02,-0.7925761250336949,-4.957996012917942,-5.8869324871514195,-3.142597985797335,-10.926654326700602,5.589906356202179,2.6799795330450182,-3.7963789959435723,-8.039670304325131,-6.398833630325607,-4.8114713098158735,-0.42042449311724406,-1.981910144134702,-5.910121118505584,0.5851734030790423,2.077823424107783,-3.646903746119945,0.0
2021-12-03,-1.0398330399530642,-4.947915333623398,-4.894773618200555,-2.5037028234824787,-10.160441088813831,3.8847372640164357,-0.15233661982344548,-4.175076088914342,-5.377275596203102,-5.902610924235152,-2.2698492342245524,0.21047446317816743,-2.5955139153796325,-4.55271757124418,-0.04360148245039497,0.5480037593057929,-1.933060397585784,0.0
2021-12-06,-0.7994101180764823,-4.403872610154669,-4.044881972486625,-0.5673889407312727,-8.951714741459526,4.737131675181239,-1.207403998636014,-1.846694313853503,-4.894887809966109,-4.149813945963443,-2.378386146439604,-0.5251796960188737,-1.3504425497727457,-6.632428185424377,0.029073465011886235,0.9221727622386267,-2.514749571111763,0.0
2021-12-07,0.9890562445568074,-1.5715762368091468,-1.9727382613859312,2.351315183292013,-6.904839943188035,6.76722402834764,-1.4942157263649447,-0.8839695521598578,-2.70750838608792,0.05777484318256754,-1.8452581436751214,1.0353131822376405,0.4581691560524126,-5.951767171802347,1.8030625250221144,2.1477957049558016,0.4725238752650629,0.0
2021-12-08,1.8463856034851345,-1.4674202162680228,-1.0618176991737838,3.323790330591092,-4.090776189739087,7.0849281404024245,1.561399077385306,-0.03730790018702246,-1.18878637331441,-0.42187112250806624,-2.213177921202192,1.8681020445087793,0.4524368330338424,-5.298089965197494,2.683679420080165,2.2240588046949616,0.9587768807601593,0.0
2021-12-09,1.9707036640615128,-1.0648791877639785,0.26303254989883396,3.550966635007202,-2.5187613214871063,6.691146616393806,1.0630365497172445,-0.6057713661987263,0.27026682474726726,0.6369426751592355,-1.4459336119517663,1.6783595389022965,1.7068551367331875,-3.6712270366638156,2.7084369787246487,1.0550471027134467,0.6845407872218878,0.0
2021-12-10,-0.10022401061976494,-1.1662037000605974,-0.3463589263326461,1.1057010196609873,-2.622127990999956,1.184779944709824,3.0576916562214063,-2.547433703233404,-0.5055986108805866,0.7768125626461897,-1.5879890284394405,0.9600397569405228,0.9580403177216645,-3.4320554954150206,-0.4481644556267095,-1.904271879831887,0.2937820878494035,0.0
2021-12-13,0.14446190442827245,-0.843124569568221,0.3477878524634326,0.017524550399117267,-1.342773437500011,1.3794387473101244,5.749000810245852,-0.8607592577058343,-2.439734998669929,1.1360767482959,-1.2947704725071563,0.3351100915367944,2.2105725040991953,-2.8056320722934625,0.13549549549549678,-0.30609210903569384,-0.012781912174064658,0.0
2021-12-14,-0.21173633816364834,0.48025225580901054,-1.6238025957125313,1.4794442292586751,-2.1150355996091053,1.4212111852677456,4.999136854290853,-0.6122688720250125,-2.4832770593106956,0.5132951868057845,-1.2502999760019118,-2.066069802057191,1.761958120639484,-2.8656559024254347,-0.13615761056033904,-2.3194747196903065,-0.8810013814101625,0.0
2021-12-15,0.30601254248776577,1.2120307602881297,-1.568224650473915,1.1899015622918396,-2.0755065590934207,3.80773559189147,4.637722675975642,-0.9831248346498289,-2.4379342051491504,0.45859872611464514,-1.4557509368694044,-3.3790154588312693,2.1590047875191587,-3.6456186526953593,0.7969360376005152,0.053632742384945864,-0.1248846945292037,0.0
2021-12-16,2.382817288962147,2.6264125646427994,1.9289548994292138,2.682224111095155,-0.41290415237957845,6.013218653676189,0.7767082066390429,2.00629235237173,-1.1854130847887112,2.9894846615103887,1.421709894332368,-1.7072357452484144,3.466697936210128,-1.79273208530758,3.108326761230895,2.311588658433905,2.13169869286729,0.0
2021-12-17,3.72630030385106,5.236227693502804,3.667419645079173,8.28265250253879,7.016392194917764,5.987761429000482,0.8893352870315452,4.170429397929909,2.1958300343098536,6.4628275985024075,4.680963600519306,-0.3471063346906056,6.307152908626912,-0.6884549433112452,4.0419602854552705,2.0195229737957954,5.4457908909963715,0.0
2021-12-20,4.367367497824937,9.026974219504446,3.6306812843374336,7.576369920285431,8.847607052896711,6.365107397322256,0.8786867810816279,4.886980292953602,3.143048292622974,7.7865831183192125,8.318522041705245,2.368854550938493,8.066755294360028,-1.2724130031862457,4.072517078297433,2.554057448652136,7.597651496714519,0.0
2021-12-21,2.59714731077485,7.75562185955847,-0.30538492221779956,3.641136344785978,4.105899979138639,4.176075553977787,7.468914689687045,2.2681678810784645,2.5266870381089435,4.927302100161546,10.011333585190773,2.3434240415372454,7.339525183694251,-1.7900849697787935,2.0785964651990785,1.6391457174393498,6.619722539186834,0.0
2021-12-22,1.3312871145939154,4.536229439514217,-2.825735826192599,1.9464298638266708,0.9156438729787553,4.037519434219128,8.696690956874932,0.671157165859948,0.9372194941654755,0.7009345794392496,9.571353501989343,0.1770514130064571,4.67539470074636,-2.00019434258506,1.0729676429771517,1.8303343027630037,4.411591644601365,0.0
2021-12-23,1.0052790626379204,3.554599356989363,-2.724023709902368,2.1405423287620406,0.09122826417493624,5.075484036246691,5.38544919518984,1.2767311056809616,0.2825080436317906,-1.0639203336454184,7.515341173019108,-1.2021003239861439,2.4953720499725662,-4.180177462735346,1.2119229371137852,3.0741686446243532,1.8061832006312395,0.0
2021-12-24,1.3177499369376955,3.484515506013297,-3.3609311606662473,1.0131797312393775,0.5274059474601467,5.049819484200446,3.5669524071231917,2.629803482479942,0.36035565536420844,-1.2152924297408996,7.3384366259384715,-1.0760385673698525,0.95166197698624,-1.5331882927630325,1.780595469490831,2.8881734254552427,1.6410564569204755,0.0
2021-12-27,0.2617223536962143,2.0701677349042713,-3.531491916575069,-0.08787948935585765,-0.47574770025186064,3.154287298721137,5.131819018764339,1.5545497856122026,-0.6273411880597823,-3.9099232863152755,6.6692811098311156,-1.7865496424673166,0.20067499771960762,-2.52122367214358,0.5527333602724838,1.3057767563701805,0.07224512345418432,0.0
2021-12-28,0.6142980878139692,3.578855087105959,-3.726214758511759,-0.09143443104497884,-0.050211155842871946,3.617127008091403,0.858689320706052,2.132607312206636,2.52417720544853,-3.0902143213158317,7.467060706809514,-0.876959282447487,1.149498719990505,-2.0439057458726984,0.8978990312898727,2.23644054184291,0.5986752717391353,0.0
2021-12-29,-1.1975296824301873,2.201208662701437,-4.73487370039094,-2.4244883467322675,-0.07521458278028081,1.4965990944294738,1.9633319839642782,1.0877161289095882,-0.25936709343571396,-3.605929380413053,1.359914213296931,-3.6718212677212536,-3.475871465879421,-3.497319425864276,-1.2640149302636905,1.5489175902539287,-2.8725212464589145,0.0
2021-12-30,-1.0823093252010585,1.564527815154837,-5.87143058521804,-2.0339966476124904,-0.39102421684070743,2.7307844882226595,4.747613537749507,-0.7747180375698104,0.8854440694496146,-4.616659759635311,0.8483692728961989,-3.655971718798934,-3.9570672327863488,-4.296005107349865,-1.073400489671661,2.5278380642208997,-3.5378096294400363,0.0
2022-01-03,-0.42942904925941106,0.2065224254414577,-5.085238294473394,-1.2489396299548927,-0.014140771379089756,2.5335618307799734,1.3704627766599753,-0.5147345708899853,2.4553020761650224,-2.3714428357463846,-0.28230713068871927,-2.9498789563346284,-5.283992570868213,-2.362614116555628,-0.5286530682750645,1.6994602309795992,-3.168899052597185,0.04948045522019662
2022-01-04,0.04317341320971835,-1.6600535084204782,-1.6068713143026714,0.6996183124720279,1.2532981530343212,2.931975957803945,4.498065764023207,0.9914331101781526,2.0291104839552654,-0.15069066555044586,-0.9161826532844031,-1.3497266519973627,-4.679131057358566,-3.9006529253616695,-0.18950627106628648,3.8760427397587893,-2.093377134974461,0.04948045522019662
2022-01-05,-1.184857111317028,-2.03156124692796,-1.3281406496755355,3.699107059989082,2.2749326145552473,0.2608458878739617,2.863736928390659,3.440033207532789,1.3966882649387946,1.3526079972947747,1.1067232216859235,-2.1854575163398726,-5.656630539019658,-6.538366387663375,-1.7275505117999246,0.8159120355779592,-1.973656166076987,0.04948045522019662
2022-01-06,-2.8565631434168903,-2.227147245227268,-1.8035371147412604,5.6440203485746965,0.5606331007877774,-1.097974218792952,-0.307663446205797,4.141972526038584,-0.1334379905808425,2.531431946671159,-2.9811517332828164,-3.8695524345839893,-7.4640397840347035,-10.056219363533025,-3.284304572027752,-1.499450505267097,-2.762603402528485,0.04948045522019662
2022-01-07,-2.082359919542176,-1.483505358099435,0.6400105873355155,3.18904981002075,-0.1653539107088764,0.6912109739604988,1.3436668084369163,5.297628403900112,-0.8109085274521033,2.319350247006602,-6.786706782113416,-4.48344385647621,-7.635389509865087,-9.44387176579734,-2.3409992183522244,0.5055538001604187,-4.306791211536587,0.04948045522019662
2022-01-10,-1.2244346945663231,-0.24454234171886746,1.9332293073363704,5.760058727639761,1.1073546427538439,1.0920743585234538,-1.3796587407672312,5.233547609091005,1.1503382179685717,4.753355561255024,-5.4887913103767065,-2.699333665744985,-6.513143858406756,-8.718992575092809,-1.3186539777321649,0.23806378458117727,-0.15126026661388403,0.04948045522019662
2022-01-11,-1.601664521030044,-1.3036948342511456,1.8001523599792568,4.869792793182515,0.9099355120778085,0.8087040537702039,-0.8805493773639372,4.0879589266686,0.2665301192164238,3.3273458215721474,-6.9253663003662975,-2.7653840056168333,-6.895507821324953,-10.290931031768935,-1.3386190131863485,-0.4197652564359444,0.4928675031332208,0.04948045522019662
2022-01-12,-0.4020800943547953,0.38803064687389366,6.601019915324735,6.296817385841935,3.579702151130726,0.3304337843410998,-2.154396872497766,4.242657124330584,0.8265111291293037,2.4490848156741407,-6.874029414451455,-0.7862597149525197,-4.886788275322962,-8.895209268343596,-0.4476835357966169,1.0142478311216951,2.3429465053043774,0.04948045522019662
2022-01-13,-1.203400741118743,0.17629667766572155,5.167762252533081,6.681042748956978,3.778379274153454,-1.0497542369846125,-5.068323542119413,2.44322616260253,1.7867856118110481,2.3830006882312516,-6.780817245378268,-1.1601872582943207,-2.903845019354434,-9.049317943336831,-1.558358533799764,-0.26200157571077964,2.711233865058338,0.04948045522019662
2022-01-14,-3.0045511430970895,-0.64593606142761,2.610238620297878,4.599773271622287,0.283196122391538,-2.498247878710824,-9.042226176994006,-0.19908152085227337,-0.6725903183420701,-0.5382315249893188,-6.555578413220875,-2.3631840796019876,-4.259330598925882,-11.201146430432518,-3.627037330534799,-1.4217947270736886,1.5610703678157645,0.04948045522019662
2022-01-17,-3.648880665433152,-1.8848658720841294,1.1620308684870073,3.2683454256035693,-1.733396222992234,-2.3474877098874636,-9.014947426074894,-1.5626539314984256,-1.16477754444545,-2.1976135290582732,-7.1162683823529305,-3.3795277733674967,-4.867546654528909,-10.905488221505067,-3.967707212055971,-2.0564968166338793,0.7290074174735262,0.04948045522019662
2022-01-18,-5.165152438216836,-3.447457242240648,-0.4522343321230582,1.164717630279677,-5.438985225121784,-2.8872400489841965,-4.222824993673068,-3.176387912860168,-6.615457752645937,-6.548945654037375,-6.508238421523016,-5.3777409456402525,-6.418897580958038,-12.877829984962252,-5.207283142681051,-2.3739571713616847,-0.07315803542536914,0.04948045522019662
2022-01-19,-5.044950539373061,-3.549707845111205,-2.1265039576160327,2.3391812865497075,-7.676776621651548,-2.8688024976821436,-7.113309640444399,-3.914652670983876,-4.762329666407473,-5.710583153347737,-1.9163260399134296,-2.9112349716707286,-2.5874968238582263,-13.93915073690355,-4.818864235651443,-3.399214861659261,4.399755002041639,0.04948045522019662
2022-01-20,-3.8610985172871315,-2.3690440726862327,1.6107864560604535,3.9309021113243636,-6.593210509880887,-2.3292263930626445,-5.875559767651318,-1.9902178153755612,-4.602058079041427,-4.110184219673274,-0.5430434677204277,-2.410589874593594,-1.2143060430699126,-11.909151552397013,-3.7116604491152616,-2.4801305057096212,3.322621539550097,0.04948045522019662
2022-01-21,-5.168681430822719,-2.6354134669155482,-0.3454350477918644,1.6966279492461211,-8.553724852384825,-4.132085286498921,-3.570226306997548,-3.6543877223156773,-4.580017235261313,-8.182050626438242,0.8981305217943047,-2.330469327420537,-1.186080019847524,-13.089284036210625,-5.067527233391345,-4.468818814756236,3.5689139236049883,0.0
2022-01-24,-6.598332686569153,-1.3970922606608815,-4.796151393596338,-3.6666941944008546,-11.24746896733868,-4.712206973368405,-6.138459307796007,-6.714136576642371,-4.414194060623133,-11.050557558480756,0.4169528107524689,-4.670253863134654,-3.003004430584333,-12.914450756162799,-5.98875297118674,-4.934307791742231,0.40525818868473173,0.0
2022-01-25,-7.907324718937558,-3.2733293371745686,-8.305399493256537,-7.579109939034923,-14.817450277602074,-4.797752692059665,-7.025014622552462,-10.154473457225766,-4.789445147298032,-13.962799232629909,-2.919760825537665,-6.779425071344047,-4.929445778973262,-12.11604848404637,-6.798660702800252,-5.641916263659919,-2.588856032933262,0.0
2022-01-26,-7.234645766350645,-3.2447579886159095,-7.592551036260886,-9.00428213227391,-12.311773985372154,-4.899437189935851,-4.022631615262551,-11.967248967987087,-2.901569336372445,-15.216854579869976,-0.7736802284431299,-4.653460687902888,-1.5220990956566038,-10.218109866983859,-6.365796606393648,-4.831335923978719,-0.014592149423597878,0.0
2022-01-27,-11.51988737313403,-8.979132031979686,-14.580300676460878,-12.823510514790659,-15.41852181656278,-9.470677226246371,-7.897910967421051,-13.9447673761111,-6.639241824619868,-18.6252045826514,-1.8627112797516387,-7.959512845087547,-5.190899772154234,-14.29108066728515,-10.526528349408338,-9.78560239037617,-2.5019580541293163,0.0
2022-01-28,-8.999152635031693,-6.017234997036047,-10.349492777482173,-10.180816727333596,-13.469052025498662,-7.858934609955803,2.027648303399565,-9.536219428233462,-3.6604198293461843,-14.061862401044644,-0.9781146839466959,-6.829563718525078,-3.5781397946053506,-11.092560283769892,-7.2653454700506215,-5.417983432771479,-3.2803828293125004,0.0
2022-02-03,-7.500222041552518,-3.092071892109538,-7.602297809723235,-7.663322024110308,-10.767508823237371,-7.838945970732292,25.438243413275185,-8.36389018147976,-1.2151845692511154,-12.16887417218543,0.7944902226048267,-5.136029069225756,-0.7527043487967067,-8.958305308776993,-7.117576650400526,-5.8952309466309805,-2.9441026862659925,0.0
2022-02-04,-7.4759123694692615,-0.31083193558337774,-9.24786645977791,-8.510689970613704,-11.014963523084297,-7.177542994487862,13.45746524434861,-9.232449269218723,-0.5460582635087863,-9.033719174635124,1.054490166266131,-5.15461563056685,-2.877489358467611,-8.631247314907641,-7.36210569869955,-7.142021214345751,-2.688527298257204,0.0
2022-02-07,-7.326921194156832,1.4486433731249582,-10.439619796508682,-9.74888745076422,-11.995883678430118,-6.696616990394277,23.26584539930645,-9.608112753523546,-0.010250627850960647,-10.10839425258382,-0.2000243932186785,-5.017847336628223,-4.347927688770071,-7.614564585352346,-7.91003119356427,-9.09235495730959,-2.7700032927230778,0.0
2022-02-08,-6.0046134048844735,2.4150507027219437,-9.90818668706962,-8.770142807668012,-10.30294253414552,-5.875453976184453,21.983600434001517,-9.58478543198572,3.0648330058939077,-8.366260092767563,0.12475232993320873,-3.502026635784594,-2.713884694220503,-6.473401602065665,-6.427394114487828,-8.62957410035925,-1.5329175329175215,0.0
2022-02-09,-4.1953565620566735,4.0450091127605114,-7.576800734804101,-3.0828484356206,-7.024507315272066,-5.104011064078328,16.33639456258489,-6.439437264096992,3.726872014147342,-3.73036074782761,2.035969621255207,-0.5023592103100993,0.7947140273484976,-5.508132119660447,-4.36628032969415,-5.8916741802946815,2.8963307522590354,0.0
2022-02-10,-3.2228444543753287,5.659429353345535,-4.56213464826819,-2.068000524186564,-4.819277108433728,-5.230532456215842,12.65146972638056,-5.372816567474703,7.66953353160249,0.35773252614199613,0.3431624874377981,-0.02603796809164116,0.5259605650098864,-3.848680674176086,-2.7998466661154686,-5.833252867273919,3.2438368507750504,0.0
2022-02-11,-3.3272583981873716,5.032133451339815,-4.773788622740883,-0.22857142857143353,-5.103782995702877,-4.74084330655189,10.583117612792247,-5.590931560889423,6.167601354516616,-1.7866959868059418,-0.664329664403196,-0.16605778811027427,0.5071900223646564,-3.7048026789877397,-2.6339326319619216,-5.784121552106902,3.1177974269790187,0.0
2022-02-14,-5.52629004988332,3.3710722124083325,-8.557631964298162,-1.9297375447186904,-9.549644204594298,-7.0484405992825465,5.758895230982608,-9.131289594407633,5.190735876478336,-5.237879474399643,-1.3967093235831896,-0.6853552900861537,-0.8825506578315601,-6.669250491920575,-4.562516959628549,-8.353875430581093,3.776465217143188,0.0
2022-02-15,-5.565767793697896,2.804630431089561,-7.969168210829725,-2.7845095565253053,-10.334928229665064,-6.195541621306189,-2.257937030694246,-7.403556610528595,2.344144287725447,-4.056437389770728,-2.034250882879407,-2.338780239790006,-1.6324500753215676,-6.6382738445643135,-4.053353658536585,-7.361188008091091,2.372353232773894,0.0
2022-02-16,-2.2320916905444133,3.013718349959227,-3.0958771679471253,1.2628177651752504,-4.227587438252622,-3.987563785444148,0.7828959261146018,-3.491295598368027,5.5170011521663564,-0.42416815911019423,-0.17097357237066957,1.522059000892484,1.5693078284053419,-2.823347998751713,-1.1967347064627432,-4.961409728491839,5.951623169955433,0.0
2022-02-17,0.8711986149045003,5.127477129464553,1.547914288901664,4.258534410147163,0.501211777445465,-1.6308906938981238,-1.1763100345836497,-0.9528405532225115,6.295422497017045,2.976248182258834,1.5447659257419755,5.801538116926763,4.396263906960796,-0.3576650122045333,1.7150068024528453,-1.0819642422286058,10.435701318413138,0.0
2022-02-18,1.3022102139345515,6.47862470338727,0.741262778928764,3.8783096474629852,2.5564232561942957,-1.1951228466242858,-2.528266126396961,-0.08850519385742439,7.076076251635777,4.707823723548832,-0.14266036993308973,5.2062771417291875,3.0842855650460965,1.2388692849590432,1.7146142712691104,-0.4131853300621602,7.749562171628699,0.0
2022-02-21,4.945897670291344,11.842872496112689,5.465972597639257,8.07023026814473,7.414854977101637,1.799364189293473,-1.0085258915733308,1.8019533426549827,10.796753862457486,10.207160096540635,1.3432086367059837,7.786864428302942,6.056180696468472,6.236884745132398,5.077596041001553,3.462490431612464,8.809746954076836,0.0
2022-02-22,1.6314101842047846,6.792228324638772,0.07293057322734775,4.3494467729177755,4.4552818647710435,-0.36835350228520136,-10.79837095154642,-2.413946337451922,7.362629898797812,2.602089268755936,-0.08149154216569032,4.63261581539538,3.5623640319071725,2.3639187248614357,1.0223501659269996,-0.7178936367858824,5.533191831954931,0.0
2022-02-23,0.43245119690378253,4.3419959205257985,-1.864811383516507,3.238559835961219,4.1048777033725115,-1.3488295542304463,-25.804479210882704,-1.1136162822583118,6.446267845544074,4.844486333647513,-1.2470105910488472,3.081493849289174,0.5721103537304595,1.897677048000812,0.14988164108502566,-0.06762478072520617,3.922785943230056,0.0
2022-02-24,-3.6891057572738584,-1.0212201591511927,-6.756652963904197,1.744695347479075,-0.2772707778542438,-5.923217459089159,-17.014012637962537,-5.1215537765684775,6.411309779986163,1.0511756569847819,-2.7785866821976257,-0.8861277661393219,-1.1264973904196451,-2.5735547656215663,-3.723627245479655,-4.522227314390459,-0.07497630465842509,0.0
2022-02-25,-2.488105906610405,-3.377614254499317,-3.886920992499343,1.5658058976106837,4.172379032258067,-5.197050146862714,-19.564480619856006,-2.793152536449739,1.5838843610641362,3.084688726864826,-2.329332974849063,-0.4239840042398413,0.23795447105212642,-0.4002447674709031,-1.8572662372134507,-1.3267240122466828,-1.4759626917269952,0.0
2022-02-28,-1.7218465885300072,-3.4041879226176963,-1.2388448725251688,5.427403867625391,8.306760847628647,-5.244461399223955,-12.253938443053702,-1.7567337153368001,6.716228237387223,5.624296962879649,-1.4780611746310957,-0.19921753114273688,-0.5255116439755958,1.0591439005107395,-1.166518889135193,-0.7927579232073989,-1.2991948651539964,0.0
2022-03-02,-2.359463315094712,-3.7166416182623174,-1.8445882022041005,2.3959719891197384,8.66021345246959,-5.148461545808381,-9.036976423055298,-3.2655867970660224,7.37805033206953,3.8566739606126887,-2.773602288706778,-3.178011088828603,-2.301262181547181,1.0188792328438723,-2.8774476863210885,-2.5036358368735634,-6.675771647090956,0.0
2022-03-03,-0.8964872850324435,-3.9782672480953574,-3.1785317853178507,4.272980381153801,9.607295923452618,-3.192899622384482,-6.697600567756368,-1.2793634885409522,8.11113461323114,7.951741157115433,-1.270244522070496,-1.7615721557949549,0.608092230518742,1.9404931983352913,-2.067770921294798,-1.1108579241198568,-5.273349606578382,0.0
2022-03-04,-1.247584352060449,-2.8245273885415534,-2.4152185692718153,3.8884646387510102,11.919947440238543,-5.0309813876656335,-2.5422672185925865,-0.6625537871325693,10.482722103856478,10.93385577012782,1.8311040916045407,-2.359566581123451,-0.5296218154205445,1.539438683427763,-3.3170632974458325,-3.023920090117016,-6.889638449763624,0.0
2022-03-07,-1.9659971602674076,-4.81001514700361,-3.055779412656745,4.244036397131623,14.969851209647622,-5.581980226718231,-4.607057176814033,0.4845473729198524,9.516807787861904,13.187338624844603,1.4931276574705832,-4.48075909330522,-2.842720252686237,0.6663472288771732,-4.369545472495362,-4.615213880395208,-8.658353840443233,0.0
2022-03-08,-2.0227607284030835,-5.538331602194879,-4.094541310700661,2.04462186970622,14.11661977296983,-5.621534660365535,2.6847808507197035,-1.9374384288634805,10.60486121024149,11.464783281733748,1.1357744253228441,-4.607971330330773,-2.7904442622870285,1.1446182353963108,-4.694078581528727,-4.649263733435105,-9.43552850027669,0.0
2022-03-10,-1.8082705665132814,-4.91766794419587,-6.26137437329225,3.3370235304332585,12.15614383958905,-5.320461377281993,1.3612186396292802,-3.0939628724455326,10.000000000000009,15.382430897387355,1.1719514582109847,-4.414559969587528,-3.362751579079426,4.293837251037402,-3.969947454856837,-4.604392389922351,-8.56249487970726,0.0
2022-03-11,-3.0177581639086126,-4.725215083501477,-8.511950837792437,2.7040513246999964,15.747401258068173,-8.06585978913741,2.372876788920064,-3.914891411392729,11.556859493590132,18.85708906044059,1.3207131851199483,-4.758880263467424,-4.237701631408841,4.777168334414372,-5.670830522536773,-7.421285707333691,-9.39702216533046,0.0
2022-03-14,-3.6024514304869304,-6.662926726334161,-11.00594209616924,4.217534159270686,12.96582380672362,-8.338990852494954,2.023916884301147,-5.574032055864652,9.469811510936399,16.751645499211996,5.345090891176896,-4.913457479243865,-4.344196236831566,4.648836375304355,-5.24309088569993,-7.303669205833286,-8.331301638900179,0.0
2022-03-15,-4.456228588089505,-7.577774994952568,-12.202358220760278,2.4548787883365675,7.498921864586183,-9.09038280837583,7.925028811467305,-7.093656088317002,8.293585371071877,11.99927000638743,4.910194475411878,-4.036286522148913,-5.435922212827638,3.222902862857846,-5.895607485394727,-8.021510452951642,-6.591198064066273,0.0
2022-03-16,-1.7570627939367256,-5.917384105106227,-8.341769025529711,3.541929862774995,9.991493234153669,-6.154982270701548,12.833071141408858,-3.678036984501687,9.32877838932118,16.521658644946303,4.386832089367809,-1.8780464493930893,-3.787989302212502,5.7891897038753415,-3.26675030771727,-4.420084969021099,-4.842222068104595,0.0
2022-03-17,-0.9200119138233487,-4.349557442033047,-6.745704938042563,3.0478279871397174,8.091064557503213,-4.2683561792512315,10.133354219591762,-5.22561661351697,5.861622375532383,11.51564185544769,2.8912447179183065,-1.329141060454475,-1.515490382932394,7.089989786783346,-1.477173297647849,-2.9263171897638163,-3.5996610122396744,0.0
2022-03-18,2.197976442162486,-2.5253998155606805,-3.1475180860969787,4.453595336813487,11.76376456468471,-1.2912309828783997,11.218970165685604,-0.6687996918171013,3.602024683490024,13.331508349301945,5.186830741582016,1.3848060056849798,0.30474531998259113,10.198710441307067,1.39868392673288,0.7917031668126739,-1.4907412650772889,0.0
2022-03-21,0.3470613727043048,-1.3136954270900225,-3.5539544946759483,4.780364290866146,6.971230609934298,-2.802899079565513,7.405136356318032,-3.0536934041068386,3.2609244121505787,10.845121508886457,4.539539539539539,-0.06048143220030999,-1.94542476651004,5.5369222185303935,-0.5316357588626142,-1.4799054373522469,-1.0999240937799915,0.0
2022-03-22,0.400862484161868,-1.2051315277957664,-3.617214276600844,3.405454064072,3.9932173070473143,-1.9081727476615518,5.662001508892156,-1.1244287134284603,-1.5385531408157127,10.5786297479588,4.84786867359337,0.6277056277056214,-0.9817349364587113,4.881350039115384,-0.4866131325470091,-1.30851445124065,0.38647480783216004,0.0
2022-03-23,1.1662573237853024,-1.0069503037462013,-3.2474028071564853,6.519632162541811,2.8077260434178797,-1.833993680950663,5.204026961059927,-0.08214460610080909,-1.755986587200975,10.648757791238705,6.984689042940495,3.5942297382913324,-1.2127160271889426,5.358820330267977,0.9441210663298394,-0.5913764949909472,5.422057015746651,0.0
2022-03-24,-0.6341278739607215,0.9422580475211939,-3.1136656665341045,4.645559768839735,3.8938246233029217,-4.249216836808545,3.784506792580533,-1.5828947913645308,-3.967084819887212,7.213614427228854,6.019744167058416,2.576462365332244,-3.5664405664739274,2.9662307907917462,-1.4935567417327267,-3.268333429345016,3.8048485546470223,0.0
2022-03-25,0.6099291302889664,0.22614118273420747,-2.3614952644371745,2.1223029662011728,2.0103316234376223,-1.155449502702277,5.010874432290668,-1.2859319875581865,-5.406453968688663,6.357749558489623,3.988949205118275,3.3364970431481344,-1.4581752999212494,4.08318727665713,0.11634835260394549,-0.851337456181156,4.6919327853349735,0.0
2022-03-28,2.951371208949549,3.8935039359369705,0.0901008808076309,3.2609234224934447,3.583992358068566,1.0806211051572312,5.057254746443274,1.1318929034727754,-3.8379629629629597,6.750591416018925,6.06245128604832,7.277242624924751,2.1874407890144276,6.3807372055239675,2.6424132306485104,2.1383432126586,9.397811592239735,0.0
2022-03-29,4.525244051250765,5.98383392986559,2.572691238780811,7.049681714452416,4.36906043945664,2.9590851235413718,4.171916837297207,3.0397303778598728,-5.187079818375939,6.70948702369587,5.895852152047065,8.914836908237088,3.8491057633075254,7.157669749748741,4.33305827144439,4.598557132883396,10.97311335166513,0.0
2022-03-30,2.478062320916896,4.348429590114855,2.459245644877739,2.6007608396544146,0.5826999972296409,0.9375890067945924,4.050049708665382,3.6644129641554057,-6.58733090170368,0.30355238329642376,2.3215883533650894,6.6268953517275575,2.785711432451876,2.5732364093027815,1.9998050159643288,3.253375270583292,7.921812235877379,0.0
2022-03-31,3.621189803402869,4.896603041263381,5.57147369996176,4.035730135260485,-3.1082386942915097,3.3523195168816855,3.9346322653664334,4.336568182676381,-7.2791721456749165,-2.423762376237626,4.212228739710833,7.271469854521206,4.425229660944252,2.559756705913463,3.4080400481695916,5.703940533320151,9.201231391561704,0.0
2022-04-01,3.560561676714591,6.982514764023762,8.670006724312639,1.1053033902857168,-4.102627446136475,2.934684006603816,2.918966876971618,5.535500718682451,-6.049445237327933,-2.517071621407019,1.9407033295922194,6.600399575759064,4.634314917489424,2.2912007310679883,2.7124989714473857,4.335274439350756,8.147283500051717,0.0
2022-04-04,5.20192406724318,8.692117531896537,11.890272193009576,4.876163273215961,1.170689010658399,4.78661291028708,-0.601840589645819,6.852741096438564,-4.233634324628999,-1.4176307642170372,4.415897230028087,6.6000441967245305,6.794772230283463,3.821092917352975,4.080921257391856,5.606224687169403,7.375369573490231,0.0
2022-04-05,3.7593589121662996,8.112309096740766,10.360394551575203,3.9633036786778986,-0.48382600250007624,3.369548416886281,-1.9578075282176477,5.243824242226647,-5.647625219887054,-3.987608229406625,3.9017922674432493,4.412409292358621,5.1212978873951265,3.4832438270678834,2.5951974731294847,3.433265012695408,4.670281616232308,0.0
2022-04-06,1.503798464284789,6.567308628091317,6.671996430297833,3.980599850929578,-1.2692933487949865,-0.14474230010415035,-2.7414033536274363,5.749985099454369,-4.867719888482391,-3.2970576380491723,5.913010063164981,3.5172846658941603,1.727891626637179,-0.42563462534733754,-0.3881918937816864,-1.0349327025625965,4.113103130224238,0.0
2022-04-07,-0.41226145355408583,6.0247816043622615,3.8100221312975746,2.444492087247374,-3.586673467744095,-0.8425139603719156,-5.538121127054085,3.1704479348458436,-7.159418918279481,-5.281803542673114,3.6282954842077775,1.4114207663367795,0.9336529356060552,-3.9795388056128145,-1.9348391446734725,-2.050474594533458,2.42875414972048,0.0
2022-04-08,0.5338694365331964,5.216595648767286,3.969356523651557,2.6779271176254227,-1.4311173027690693,0.11262687904582958,-2.247269850989997,3.7890190432563253,-3.7968652650353762,-3.362238219895286,7.2341647914971,2.4061970467199156,2.276828546856424,-3.1560563848808787,-0.8705039182822172,-0.2468565532466327,2.970096300050673,0.0
2022-04-11,-0.623616236162361,5.895185986251783,2.6522466846916393,1.7750812674235839,-3.368632299449925,-1.6417893906975012,-6.854890711155981,2.841975925916085,-5.0107035303508685,-5.922953451043334,8.608864292133767,1.7542601754260145,2.11730648579489,-4.410267339158436,-1.807461665392196,-1.836383553814469,2.5613706102966427,0.0
2022-04-12,-2.4968464927515033,4.396649309486089,0.5436938513592393,-2.9688163252472366,-5.039948098577163,-3.585350722331826,-5.428532806030861,1.5367345970814794,-5.709461496713509,-7.799111393208513,5.976272055567211,-0.37870768941264954,0.838075377601144,-6.373218988849061,-3.7634794251966697,-3.2378838327783988,-0.28874050834988285,0.0
2022-04-13,-0.48247767121180063,2.5749157743928164,1.4242184654472467,-0.9790890318292944,-4.02272190177767,-0.19004713291359554,-7.12127376112941,4.177718832891242,-4.305933391656569,-7.541656795388141,5.052508751458573,0.28195488721804995,2.5752939838957767,-4.1170065450758075,-1.3198132301957988,-0.11255594298356097,-0.21773198163840268,0.0
2022-04-14,-0.48608414713661174,4.030326060373368,2.5668676810381097,0.9455257975187203,-2.1769924039874544,-1.7077245335896607,-9.645566767277746,4.018546323513861,-3.8806726338391884,-8.42887641337866,3.5096714052668343,0.9396636993076246,1.9960481091231719,-3.5749137212900073,-1.6386454936243577,0.18559695872035764,0.24041133963312866,0.0
2022-04-15,-1.2273040343498631,3.0674011394101752,1.563914931315269,0.38966985027000245,-1.0268233207714417,-2.6247173666737456,-9.957281895450743,4.587821533900049,-4.247508545568346,-8.587257617728527,1.127569181306698,-0.6617561089676149,0.22152717123464782,-3.9076016274713354,-2.7232423037929943,-0.750017986042828,-1.8463231753456766,0.0
2022-04-18,-1.7460334832747892,4.916855957892197,1.5656258772444032,0.7817806245830061,1.77764905008011,-3.597400386461691,-10.15919815035311,4.826078752044283,-1.3550303180299483,-6.539775500244016,2.047215049797124,-1.598806721513979,-0.664660206448231,-5.26731333182946,-3.4484687009423087,-2.5295539832984715,-2.2631223930729694,0.0
2022-04-19,-1.0139292397533084,5.647149038724875,1.9521161662445108,5.518452851357614,3.7146529562982034,-2.569085044025887,-10.643508483328635,4.986308744286672,-1.5581559144435264,-5.700965156224436,7.189619720640006,-0.7623088399850708,-0.39688901195524817,-5.387603743598812,-2.6663002743959385,-1.9764949411491317,-0.7983728138144741,0.0
2022-04-20,-1.412797127989418,8.097138640308499,0.7776436208374982,5.768628156582256,3.6370789909507595,-2.481883675237151,-8.021500406773008,5.355296356040862,-2.965876999346395,-7.9146034580729,5.1190586491244305,-2.0400174990214404,-1.848801201938166,-5.963361892148478,-2.7512033036697248,-2.560149771101783,-2.2266710246772403,0.0
2022-04-21,-0.42484077595488223,6.278605888174171,1.293168812651757,7.989701254648729,4.99024767232179,-0.599803328128512,-8.568883439813801,5.620477418281622,-2.5407948253050483,-6.451087399201761,4.5736042937749355,-1.152270991924853,-1.3341176357140605,-6.3093985647367345,-1.6735228497154142,-0.6041515752473026,-1.1736094981760425,0.0
2022-04-22,-1.9286413575546613,6.062502544063197,-0.7579658111979248,5.311647020307819,1.5428566278849587,-2.2512977446002114,-8.767926159479245,4.617233093031237,-4.243623037157473,-5.247933884297518,2.7161498970984077,-1.5639755844754077,-3.164723499327826,-8.650537195385134,-3.1745272298841054,-2.3114037947447263,-0.35304862256513303,0.0
2022-04-25,-3.699260655262382,6.2496988875957005,-3.3101491639083602,3.490280270578161,-1.1458625145717827,-4.05541784836595,-13.573505245860195,2.8366963382143506,-4.435286036699049,-7.421196326631918,1.3216360943374639,-2.1782732403563543,-4.47466982061896,-11.44903165951524,-4.864090988849712,-4.888898090283433,-0.13786764705882026,0.0
2022-04-26,-2.4394613587419567,6.863757321772379,-2.190167774590146,1.637374708224626,-0.12018464732178602,-2.806294273873944,-13.361204279196937,4.312160230364448,-3.676225099232111,-6.477159053017667,0.4807365246377371,-2.1338121778876395,-2.9341111041012558,-8.970030920947615,-3.201145715668885,-2.3398555087296824,-1.261039284626675,0.0
2022-04-27,-2.1069343363527837,5.076102127097015,-1.0746789677097635,1.2599279518703987,1.8229239179869738,-3.3475783751366284,-12.916935674867226,6.358529377982425,-0.7466870540264958,-5.134308058483517,-2.1250286237691762,-2.540170132325137,-3.9307092770407337,-7.672285874139472,-3.146345156682895,-2.609683908569904,-2.0638951636664737,0.0
2022-04-28,-1.218342535707806,5.051298464488907,0.9434361382578027,3.655814669437385,2.2237314268408026,-3.7620042623522587,-12.617377402199093,8.008091635140824,5.16197031073411,-1.312113772961987,-4.373158317706938,-0.9809947049924439,-3.8417980236904348,-6.159602527142239,-1.9904693282677743,-3.171973334856837,0.12516524625207914,0.0
2022-04-29,0.07240726300545841,2.985093491136226,1.8960117155964795,2.5225964992784844,2.3308424039014453,-0.5002686671196854,-8.420402126121996,5.311720956213217,6.507512095747381,-0.9639993175226014,-5.8599364139192645,-1.9401056958308849,-3.5343689076158813,-4.191386848656753,-0.33568462859508985,-0.5776876120122676,-2.095712999515198,0.0
2022-05-02,0.7758478453254058,5.741774503000352,3.3827015910194547,3.995147331943971,3.100608329433796,0.33047476145293686,-7.948036924631596,6.300442728202249,5.171333188370575,0.034420445744776096,-5.326940418325387,-2.068379297317713,-2.4294361230472017,-3.949528236871469,0.26708738105294394,-0.3089299096150633,-2.2748472065600156,0.0
2022-05-03,-1.3263439217519601,3.362302322268129,0.3268803943585974,1.4402083807742994,1.8913866216770714,-2.141928705901297,-7.1075579451377,2.2586968163034404,1.8522229179712024,-1.8021865391185554,-3.9675663667666283,-3.15370196813497,-4.588057845863236,-5.101064650516907,-1.8029178106672261,-2.600050677438115,-2.5072967338429453,0.0
2022-05-04,-1.4407132156174174,1.4800565227392815,-0.13112078630626023,0.5343907588824193,1.1457532015023197,-1.5624547744482409,-6.444457927984404,2.658209190389793,5.247173102747205,-0.39720231413522544,-2.24918948126801,-3.1100534285247727,-5.331115640503015,-5.256954557796267,-1.0314546658708346,-2.9900034902764494,-1.4209862337626333,0.0
2022-05-06,-1.9120494351015815,0.9101577979414133,0.3497862417411568,-0.5122322331891471,-0.2436904772570525,-1.6971291619178985,-4.262796774779554,1.0967690049661138,5.159952234303322,-1.2034632034632065,-1.7690071759469572,-3.5097217645120193,-4.974317777940063,-6.910574153173732,-1.429723526127491,-3.25319399559032,-1.0358409374430555,0.0
2022-05-09,-3.059546043568828,-2.422999895119038,-2.3318300930283087,-2.615606965144457,-2.5202984517150195,-2.66643225045049,-4.168799568043646,-0.6955591225254021,4.105877187480411,-3.4551784160139265,-1.6627507681185594,-4.156699272873676,-6.177129935096081,-6.7432839749092865,-2.254354391626323,-4.219826641669289,-1.0197326722911626,0.0
2022-05-10,-4.499262566709206,-2.8255910410617924,-3.7448058834779197,-6.266540936149079,-4.082644335463781,-3.8184475699116316,-4.954010339887471,-2.1718551241975748,3.88487221971181,-4.87466389105734,-2.623861707053554,-6.389626253846692,-7.119307041758938,-8.096455700927596,-3.779019811621842,-5.209148856392942,-3.9444870632540763,0.0
2022-05-11,-4.6500336559151645,-5.312321219958949,-3.2053396861337013,-8.696516461986903,-5.879963978599056,-4.072093597259729,-4.138889940494428,-2.403643251837817,3.633521427482078,-4.5927362482369505,-3.298664668811413,-7.871665295569397,-8.374677613056924,-7.137337504518094,-3.8405734907653644,-5.6592105144655065,-5.997799228337019,0.0
2022-05-12,-6.529189468552643,-5.517283187235533,-7.409064471388316,-10.150242204056914,-10.136177223176423,-6.061728509029029,-2.6997014299931843,-2.934343931489314,3.2946174925208016,-8.410970831519371,-2.7110019301631927,-8.937056716837155,-10.579761136847864,-9.704657231757496,-5.783888379672064,-8.209354213398413,-6.199021207177813,0.0
2022-05-13,-3.7146311434497647,-5.372005891072728,-3.819122247775497,-8.243616175216895,-5.935655646771698,-2.469687950251087,-2.4205854277134065,0.19041937007482357,5.655882092030051,-6.210204971652855,-0.836672684838613,-7.136840134780986,-8.110845421129598,-6.517894199150797,-2.596284903663615,-3.837204010739803,-5.122978851467808,0.0
2022-05-16,-2.2787744671882937,-4.550878482547304,-1.997958472339778,-5.544823540913091,-2.6446416981287357,-1.3823782966962517,1.251243198970342,0.48752322136869086,7.0310093438751275,-4.4235924932975905,-1.4011019903294675,-5.171180621781424,-6.7805482016850664,-4.406901745080716,-1.4084566082185224,-2.051414409343766,-2.9661548759569945,0.0
2022-05-17,-1.7940194355228534,-6.545869752028444,-0.8811789443672224,-2.8123404449759803,-2.550615775895859,0.38312392014541174,3.6496671779478795,-1.8788221136134764,8.042568486995805,-4.385417595151086,-0.46489584978899323,-4.515560215412484,-6.464579802312853,-4.752255324123689,-0.8781179020192043,-1.540562283657032,-2.3972746772090603,0.0
2022-05-18,-0.49563102013595595,-4.285057582502649,0.14943215780036656,-2.090205709791082,-4.802968013636821,2.606478927592648,5.679595554677985,-2.508872602679213,6.895267928210114,-5.5555555555555465,1.4973562304056776,-3.294944841798997,-4.916556884247791,-3.1115795020418946,0.864535048318471,0.5663132539142746,-0.9082834302742038,0.0
2022-05-19,-2.8172551724654826,-5.516066070440173,-4.165444258172668,-5.715887952730048,-7.030632765926881,1.7876234974353533,5.438374424518044,-5.589581681350064,0.5119907262057133,-11.67438668725339,0.47155496416648734,-6.457542552937523,-6.530760793194245,-5.395848040369189,-1.7501942339663068,-1.7371591826594535,-5.0747945782709465,0.0
2022-05-20,-2.068978312090697,-3.3813768998154137,-1.8420085434523337,-3.3890652391132203,-3.2979378827963646,0.643982036290569,5.282623685889298,-2.593607575043222,0.302447071762435,-9.975019381514338,-0.18967870278272514,-4.30429471364584,-5.44213593304147,-4.558323529791997,-1.4694028623128852,-1.802304656284126,-2.359865312243581,0.0
2022-05-23,-1.4910044838043368,-5.107164313788881,-2.3120678579569454,-4.066410243926189,-3.643691620598577,1.4885413888890087,3.0015997457740307,-2.6947189562907647,1.1845689822922667,-10.38279569892473,0.2416076199326378,-3.336869514900176,-5.26228967337512,-3.427043245711303,-0.8230809576317721,-0.5709902584950521,-1.1325592990953814,0.0
2022-05-24,-2.782731322235743,-4.780200846706705,-2.887115276829577,-4.213992028859936,-6.26605447108629,-0.9297835167758728,1.4369067630363608,-2.985421184979531,4.062511527253521,-8.66312951204662,-1.1358116079483782,-3.6555862002225714,-4.676357098123207,-6.065946930280952,-2.6020275216835587,-3.8398325238038433,-0.6358167251161895,0.0
2022-05-25,-2.2539093282341938,-2.9351248480500525,-2.443585065428233,-3.5971251369263824,-5.602133123361453,-1.3130941277527342,1.7384881458528456,-2.659187341258251,1.3152560158355309,-7.949718248807969,-0.527443167422903,-3.0268734347909776,-3.604253201580221,-4.924674174281741,-2.3463027143582837,-3.0378789276554907,-1.4077178376553978,0.0
2022-05-26,-1.2123228877939707,-2.427180800048334,-1.456305575319572,-0.9472639046810616,-5.5134940949301825,-0.8900519813258456,2.6747724801307715,-1.6049321334460243,3.3158020559407086,-6.98448865130138,0.6727234898397993,-1.861384206289196,-2.6985623379684243,-2.6743852582015726,-1.389623140246199,-3.3248105794536076,-0.7350858308311059,0.0
2022-05-27,1.043354361290194,0.4749827895514036,2.5232660605669865,1.0431509282206042,-3.1264539789988555,1.2493940497191103,3.806471440488224,0.4975024170157827,4.340386561912557,-3.99350942035519,1.0935489799669185,0.7809024860376601,0.31927880552165,-1.3687676387582393,0.5629367521512219,-0.3002831240884296,1.2550693703308413,0.0
2022-05-30,2.815263271405244,0.34527175859939696,4.890622093054753,2.8953137193613587,-1.2191520386880095,2.8924300703875305,3.888779663732156,1.406633504185617,2.866015006705891,-1.7780614570985676,-0.6770373389488937,3.4881678335717314,1.8373530353870349,1.6016463245398516,2.4527355144876584,0.7968127490039834,3.6301857203014487,0.0
2022-05-31,3.6118922797393926,0.09951410714013065,6.701898273220763,3.7213430832968575,2.0514792788398406,3.1658280919049986,5.239556967706038,3.3292101611054115,4.926235237849985,0.22174997690103115,0.20280277999316088,5.156138381467512,4.34848004641244,1.6669686537416073,2.977728663719814,1.2031745223578527,5.74777364529464,0.0
2022-06-02,4.270846404818673,1.2283070100245874,9.334473209805427,3.9386064299824275,4.807457898175493,3.7142935525199983,3.9151718742149066,3.5336531148272288,2.953452996653483,1.1407928510314802,-2.071873027324378,4.4623807932550275,4.5681090356639364,4.239325265044669,3.5321281407143745,2.3959051920498853,2.7929255711127476,0.0
2022-06-03,2.5500721899671452,-0.5201441803166507,8.621226437293416,2.5607502665716098,1.9945842414635928,0.887010185238668,4.179013888393013,1.3244474439007892,2.035455548625431,-0.5393843578536228,-3.081842000088808,2.9380638008365656,2.4764639149206014,2.895353364251707,1.5773097378055434,-0.5647275583893663,0.7483022622085667,0.0
2022-06-07,1.1461229771468684,-2.804857619346468,7.166174610634579,1.5640945494741265,0.6713741103119286,-0.8502073208007443,0.32862662959083355,1.9486262185159475,1.5217651996642267,-1.337073398784483,-1.2681903197846789,1.5260842237586392,0.7440042329413421,1.03572284823783,0.13520465648240165,-2.7432965274647225,-0.9341496364002166,0.0
2022-06-08,0.21790233701211026,-1.7173715908484821,6.9244114448030025,-0.3366741823846109,-0.8830600275020917,-2.6464314160874913,-0.7537243684150874,2.0044052863436246,3.627484761712396,-0.9042602778036701,-1.6143294411064546,0.0149734221756459,-0.5510922959328202,0.7466655756484863,-0.722760870844863,-3.679690948536296,-0.9364990448284205,0.0
2022-06-09,-0.02056375143755229,-3.4154935807830578,7.675464615849248,-0.22399606521094073,2.2799088419480418,-3.513926018174751,-2.3531526958140314,3.4747187899660803,3.741067675493892,-0.24667931688805433,-0.06915310497441762,0.6568720854435162,-0.6874047128681005,0.27057159949965826,-0.9455185270522248,-4.3073572255196035,0.11421466574139671,0.0
2022-06-10,0.13617040974562844,-2.3653526960293103,8.659643905559001,-0.983978231450422,1.4408080886116448,-4.017877362521904,-6.211400079324614,6.058092141535831,2.6754607270717656,2.6609692143342745,-0.0720276958107724,1.0055124540628846,-0.17089117585027402,0.7842026351972287,-1.0063262078465418,-3.7133484606195477,0.6318250421709859,0.0
2022-06-13,-5.106676416763589,-5.5991382814405295,1.7962136452186694,-6.789545230107763,-6.332683731214628,-8.220000287107377,-13.595687822441406,-0.5087352207124307,-1.172768878718522,-4.095301884987079,-1.789149227096809,-4.663095714857823,-5.8131579645196325,-6.11429422839882,-6.215696177171548,-8.76039372695675,-5.0786796881792,0.0
2022-06-14,-5.832558982843428,-6.268402451117505,1.0415359296309212,-8.489529938387507,-7.2125031794929795,-8.434562504619503,-15.466060841914098,-2.7166577181881646,-0.6370345440996239,-4.194663083125361,-1.9629655380194233,-5.040905916392302,-6.694315609516732,-7.067596044739821,-6.897887118669477,-9.97025278957243,-5.236311239193093,0.0
2022-06-15,-6.082037860676081,-3.955704791668291,0.6247954806160472,-9.211976185777237,-8.995684057749587,-8.177254529109824,-16.392546777804984,-2.1642376281992504,-2.488391053135308,-6.41843633939626,-3.1587814123262725,-5.461667880370635,-8.700466787116456,-8.401819528778043,-6.686286000628505,-8.47902682160624,-6.431850789096128,0.0
2022-06-16,-6.335348193885116,-4.522346117819154,0.30459814341885494,-8.48596197942426,-10.293838862559246,-7.098919434292061,-17.99337736617499,-2.530415852864587,-0.9698110986877007,-8.721039743831238,-5.987774381772715,-6.627598023391523,-9.20847468341094,-10.219768174718446,-7.035443712643252,-7.870859299430732,-7.385853053190139,0.0
2022-06-17,-6.565484506880514,-3.877876932682156,0.07807053735293668,-10.544206688600921,-10.549778529741637,-7.2992937914301725,-15.338768605262775,-3.452213721943176,-3.2255825253950987,-8.677218767665341,-4.863598787544776,-7.193994232872624,-10.062081711959813,-10.101349267804638,-7.117935887944327,-6.789507506401993,-8.495398444745671,0.0
2022-06-20,-9.363734576675952,-5.645085288851193,-3.351606884551672,-14.219794250987938,-14.271184525266968,-10.059829419800048,-18.19277618000339,-5.111233590540132,-7.7687954729183435,-12.309859154929581,-5.694936823925101,-10.301113236231673,-13.645251541909786,-12.596145330181285,-9.57317406804129,-9.654255827739844,-11.024916733420476,0.0
2022-06-21,-9.76641220230292,-5.876008324851501,-4.753688176653615,-14.405586246021752,-13.49396914970149,-11.26572601406285,-17.028628702999537,-3.814460657627927,-5.578199330475131,-13.11734125510583,-5.7473098668612055,-10.582215863624233,-13.009446415312265,-13.15552772021934,-10.379190981762642,-10.205728242817713,-11.101769725503374,0.0
2022-06-22,-12.77374436874047,-7.161443143142643,-10.929971386013104,-16.96952082235852,-18.0728539520006,-13.634238482876393,-22.76062757352565,-7.517871307123691,-7.103786816269286,-18.004978335023512,-6.540228316732611,-13.256665938811663,-16.042563268331854,-16.841917661735884,-13.10764963720561,-13.494826008621741,-13.902979009612404,0.0
2022-06-23,-12.962440625951944,-8.102619489488582,-11.659946693501233,-19.504599424565384,-17.118692953972403,-13.410118545428984,-22.714760847266213,-8.169961848697515,-8.049455095624225,-19.466115236394387,-3.7111218546400537,-13.659292797558997,-16.044317855183042,-16.296987470007995,-12.589059746247589,-13.669485412118387,-13.340024374507141,0.0
2022-06-24,-11.384868852152108,-6.12046252554439,-12.297134934534926,-17.79202276315336,-16.07015661279729,-11.73153405108225,-17.965009681454447,-7.106231052907375,-4.673852989925842,-15.942028985507239,-2.636884306987397,-12.236854988739843,-12.886351831350973,-13.065066447167528,-11.04452019161537,-11.82256319464935,-11.790886713606962,0.0
2022-06-27,-8.544971328921624,-3.5446105404508543,-9.378222462287145,-16.27626379046443,-11.441709494184483,-8.48120271626389,-11.448779785472595,-2.7896354164114068,-2.6589021840560334,-12.689537528430627,-2.210876495864711,-10.84146401862215,-10.79092351226205,-10.476145277531067,-8.15355154829589,-7.189932918768049,-10.984738582951314,0.0
2022-06-28,-7.77031014983911,-2.401000718491053,-8.251688521751122,-15.032919700543534,-8.03439130968222,-7.743410630137959,-10.533468885440634,-1.2293633811664595,-6.948266373142542,-11.646284101599246,-2.6893738621436625,-9.81360880305412,-10.909315675187582,-10.507150737409221,-7.627509857317705,-6.976192410823101,-10.533718047238628,0.0
2022-06-29,-9.425086842586394,-2.5004121989965933,-10.405835428624844,-17.080199317260323,-6.756541684220386,-9.758193324033082,-11.7908060667107,-5.538984073535214,-5.005788376939102,-10.47175194978125,-4.364273851264066,-11.823752117166485,-11.591166172906009,-12.121171030685996,-9.902388685884421,-8.654588134593066,-13.26988894825768,0.0
2022-06-30,-10.140338306617824,-3.048716302276866,-13.025272090020291,-17.011697779117295,-6.632395639963828,-11.065997554430329,-8.191992267145942,-4.463435489826462,-4.089393318902468,-9.677419354838701,-4.943266369047617,-11.88286421749456,-12.784064746447665,-13.122137823237455,-10.288818742081629,-10.798684504194622,-12.749783116940405,0.0
2022-07-01,-7.949259535797426,0.5403776184632614,-11.308190526423534,-13.386451577742664,-2.00054014583938,-10.415764839564968,-2.925021990360721,-0.3187618458794006,-1.6051616015436587,-3.9409358475506417,-2.1922269155438046,-8.459135183386268,-9.319008525062788,-9.982254411149416,-8.237833507643689,-9.315222386764022,-9.070509395655568,0.0
2022-07-04,-7.726928121878707,2.2029801674818383,-11.921902745825275,-12.73914316645074,-3.8814941163331285,-9.696723552747855,2.086538900201984,-0.3894261766602125,-1.4346542797696649,-7.474200981865553,-0.8202921847666689,-9.377216253841503,-8.772733441910962,-9.089191232048389,-7.480510419042763,-8.507852505878233,-10.725907003618884,0.0
2022-07-05,-4.314818295483325,1.2173131371852497,-8.24933843407658,-8.042624688081668,-0.19410956173209204,-6.4341175087230695,10.059631177981032,0.6521829651683353,-0.016964145067677183,-4.548692378141849,1.9522566927611784,-6.778580535486622,-4.598528285243386,-2.705256315288207,-4.176811369955891,-3.7294772680639965,-8.879586610852996,0.0
2022-07-06,-6.502380262787522,0.664976897831715,-11.294429149768682,-13.270253310137992,-3.855663567202028,-8.075882636178832,12.29497577280856,-3.8020591443018614,-6.240714990313878,-6.851011143210894,1.5738140978277082,-10.071272804638054,-7.729975921789334,-1.9633128328780503,-5.9307187936534,-6.215898959369626,-11.988479724006208,0.0
2022-07-07,-4.369645995583649,1.0236782633435082,-9.771284280258941,-11.74187485032917,0.4356742856535645,-4.601879439759915,10.893192227124459,-2.420578845449317,-4.866939243956681,-4.817909831837408,-0.03861935795318461,-8.729308405207048,-6.516902612381581,-0.7980791218842875,-3.401787473029849,-3.0497775806876404,-10.710888649794947,0.0
2022-07-08,-1.6904848538077721,1.290343479716216,-7.497284116646519,-7.330164771496128,3.870067668512167,-1.6633431022859746,13.63017534789539,0.31999324106686267,-0.5471870578365512,-0.7709604882749743,-0.4048387874114434,-6.093327137038362,-3.265785432537416,1.4911063650677292,-1.1957402046116727,-1.6329943167987748,-8.195918625221122,0.0
2022-07-11,-2.8502281095756143,0.29078369028980866,-9.479625819469117,-7.968580702327532,1.6978075386110847,-1.7556367721644817,16.798942357646986,-1.9371373357515265,-2.5253153534197548,-2.2438294689603677,1.364197082940266,-7.370847457627116,-6.028831221177677,-1.6172589455594522,-2.1576736582270883,-3.2288064778913217,-9.132463274698955,0.0
2022-07-12,-1.0692288320435561,2.125561371111373,-7.188170652754522,-7.475624548771576,3.6137819613826894,0.015162995411288627,21.990539328919525,-0.1741665263512382,-0.5020004529327382,0.8545086575219241,2.1047252907683944,-5.610717981707813,-5.963614958703534,0.07064501277960211,-0.49922100623196464,-0.5146938552968883,-7.240739535186513,0.0
2022-07-13,0.6174599882470932,4.6050834692070275,-4.524139841947584,-3.2103544881782686,3.3329591378536305,0.824107809259278,21.234370391555778,2.3882029812538397,0.7057280954339884,4.166666666666652,0.5618649133293463,-3.770519835841324,-4.280867751875251,2.0822053062394374,0.6430898892509473,1.4628364450203213,-6.172962062176324,0.0
2022-07-14,-1.871038620806209,2.2481638502418244,-4.774490449309054,-5.915126294873751,1.7557781966074826,-1.4157601462064906,15.197556961073477,0.9025870295291449,-4.24204308633297,-1.5795328142380494,-1.9765170945198807,-6.646584665160516,-7.989231251053985,-2.4640359182676264,-1.8139199760452085,-0.672147958908309,-9.082207115855734,0.0
2022-07-15,-2.9534705568878272,-0.4168533572297295,-7.983258438513074,-7.367790685219633,-4.101278621532245,0.2316065061455319,10.668948388906262,-3.2715062843775455,-6.5454810212600805,-5.53565613806577,-3.309787616055193,-8.404621708699045,-8.767429426218175,-4.575712825173239,-1.9638118660835646,-0.4533640031091801,-10.684485006518917,0.0
2022-07-18,-1.9338670321912166,-1.741907465469028,-8.47062531841355,-6.57393840055811,-4.648823939903957,1.4865953849096725,9.181199811806739,-2.496285880382987,-3.828429198087624,-3.886286201022149,-1.1391086060720923,-5.953961930057538,-3.809236523785098,-2.2272978226178575,-0.6134547405196589,0.41437960106354144,-7.5586671852716165,0.0
2022-07-19,-0.2952072969188202,1.4288283500159649,-6.248567462055221,-3.223393319379253,-6.422819735336049,2.392991968096414,11.658098948953842,2.5797943582452465,-3.8144681680803316,-3.877616062891731,-0.16883743367102078,-3.8021524815683105,-3.626980887218134,-0.7290766572028207,1.3744284949820162,1.1862295151792601,-5.018482133937196,0.0
2022-07-20,2.323976267233685,1.3281362391459384,-1.075507241067497,-0.7258438754716101,-4.432186626970369,5.56170482726801,12.959185352131207,0.9265616021074008,-3.556179089910949,-4.681608713866781,0.9099359131158113,-0.5878136200716866,0.1813687126548169,2.5156438643698653,4.125655853854693,6.301904148652371,-1.562236678014084,0.0
2022-07-21,4.49983083342731,0.012847965738749245,1.854318886508799,0.05134426328532449,-3.4754473171179856,9.804801488880589,10.416188205425868,1.3818207700168283,-3.2908848006471536,-5.1412546738678895,-0.9554140127388644,-0.005736082829044253,1.1922207595439716,5.370708721992501,6.852583844605564,9.733765794986148,-1.0458811086675346,0.0
2022-07-22,4.034186250728133,-1.4290340218389597,2.723011222564309,0.7085274983411827,-0.1954156543783725,7.709472525538819,6.3669012139038195,3.7386081193040654,-4.034019783510468,-0.9095831077422734,-3.0961744726492713,0.06956320106663583,0.9230158877751471,4.707960922885057,5.552654987044137,8.469572775088775,-0.931666439569423,0.0
2022-07-25,2.64371546430493,-0.8468965297184883,1.0751934316022282,-2.06326458247148,-0.5782048316898325,6.066789882775914,0.6713790457239632,5.836785139908063,-3.9690715402421417,-2.0895522388059584,-3.4979618921224698,-1.3049920218828337,-0.5614628449073011,2.2405394696975556,3.981306902103454,4.272043869187159,-2.084945983239661,0.0
2022-07-26,5.27702758713966,0.29664875025701143,5.316502034519455,2.8735632183908066,4.810365860359811,7.996321263312045,0.5745535096220333,11.083445892799993,0.612244897959191,3.178998670801958,-0.2497514609248186,2.1440189265119036,2.7874893103274845,1.9061184143958965,6.267383197008769,6.358831302305079,1.2914515705660934,0.0
2022-07-27,3.4811739858713997,-0.5754638780845478,3.656233321451152,2.1409702455307045,1.26432282023341,5.303351622056263,-2.343259060727887,9.369519161146723,0.4737668865849809,1.6800346845870395,-0.11590283479016028,1.6757153338224473,2.512666670841912,0.03380896398574862,4.151353196978236,3.4776891163196266,1.101952429185138,0.0
2022-07-28,3.601618303334031,-0.6590729804063611,4.730825598436739,2.615480411218285,2.714822061234212,5.492227699954455,-3.726298308606346,7.408479616811858,0.6647697227608163,-0.23740153231898153,-0.15485119767723043,1.1120167675826798,2.3737486926639795,0.26880275254017594,4.086170428261204,4.79633335485119,0.09462691189372485,0.0
2022-07-29,4.75287039529626,0.21403569943809764,8.865120738210797,4.689874274389827,5.5351415645377156,4.987229550788053,-9.12214085525721,9.121949163259302,3.031037827352079,3.0604437643458438,-0.2791896341899913,2.9364405539128224,5.916674551360912,3.915437162731217,4.860650926784937,4.829036360483263,2.2272333044232484,0.0
2022-08-01,5.802585254728698,-1.2470275432059474,11.793141597419643,7.827409727184831,8.359320859320874,5.783013774511114,-9.722664735698771,9.924255601764731,1.047001251849311,6.008918617614278,0.24783738054954263,3.3840045041040545,8.380769807580712,5.472313220328218,5.580564930756116,6.1341108297801705,2.333538029651705,0.0
2022-08-02,4.767221647248787,-2.051635057403056,9.445795856014527,5.0056823649040405,7.7578246368781745,5.717170821884854,-9.07770622689289,9.016944208601817,1.002029588593456,6.565826330532221,-1.3314312886352875,2.4759366207611544,6.838223817699385,2.3291186633698224,4.53078120846151,4.5646826634934135,2.302944806912355,0.0
2022-08-03,5.990991766853826,-0.1890012927476037,9.287884925045265,5.724182746224238,8.347956066809648,6.8060175625694885,-10.238510551109158,10.044986911473487,2.4673869650882807,7.278481012658222,-0.22324107635803836,4.681804601135342,8.213600748833215,5.616227091602277,5.776735808328448,5.316848217875947,4.819857599172006,0.0
2022-08-04,6.0974354134312625,-0.41324195410148423,10.326335261711893,5.520048775103681,9.09919606378773,4.044342117533617,-9.757951957687505,8.806942562285002,3.1293011660217696,8.514305411926927,1.7127638780297216,7.2411910970950455,9.517130571633636,9.884685285270978,5.441230560297283,3.7490725364802246,7.984818626377632,0.0
2022-08-05,4.864751078833818,1.019797657483812,10.795231573804864,6.90473975774113,8.248487848978625,2.3565124340579002,-8.34997973217253,5.818533900680323,1.747620084818502,6.314390162844807,0.03832794346629864,5.3806778065427,6.57045552900446,6.550225096304096,3.7463498346181012,2.6235486104587036,5.659186535764382,0.0
2022-08-08,5.1510563187218805,0.8034594274160645,11.024978980447342,7.811012255177996,9.644746301005359,2.92333477745248,-9.663064674574429,5.8348231323946065,0.9439221549299326,6.819186560565882,0.8842715631795173,5.582146527675813,6.8972929231625235,6.532163424547877,3.916429742269467,2.2418661755678304,6.291634527732981,0.0
2022-08-09,4.88551857050088,5.370421961725569,9.432406672890759,8.752724667577837,10.62722045001121,2.474127132178694,-8.183996096964218,5.452905579377498,1.8050724179368816,6.449840676848684,1.515004605614001,4.537063743870795,5.3630107260214555,7.354808913520383,3.5989811775307468,1.258904403569372,4.689185256201744,0.0
2022-08-10,2.976971226485592,4.879994005052879,6.811302490665749,8.688072609817832,10.299467050164957,-0.6101101137666154,-5.266461948053925,5.114961261690443,1.804724728784346,9.88722216139275,1.4469453376205754,2.894019790620983,3.01661716698165,3.937942048825005,0.7988598091814403,-1.760111661894359,2.3819218241042384,0.0
2022-08-11,5.458936794337155,5.552623500837428,9.554701745497995,12.308841868237819,11.61877546700536,2.478101048021286,-4.407226338705971,5.141259858240987,3.559051090223142,10.272101409682,2.3391381345926776,6.149167270094136,5.6747825659672735,6.875357892727618,3.5742092680290494,1.7638322856945443,6.00361041863664,0.0
2022-08-12,5.16913578706073,4.565104292372624,9.885551338124499,12.943113960651198,12.71306517785391,2.3571627593282685,-4.439243386527125,3.7192667005433444,4.249223857240203,12.815766550522634,1.2205304518664084,5.811536462844269,5.542946980773111,5.756707673837225,3.4013574371294597,2.4850250650443995,5.721209204805189,0.0
2022-08-16,4.996353026987599,3.9254262195576484,9.297155658602652,11.900542640315571,11.799555406425654,2.865205225487877,-4.354126995052033,3.2835398160944385,2.6117193504088254,8.749329039184106,0.06806359084059466,5.573248407643305,4.935001376441428,5.526617276407242,3.4579915700929442,3.596374981019035,5.322806350742004,0.0
2022-08-17,4.178793059908159,4.1528381245557355,8.479883266708232,11.6312639714506,10.625626880641924,2.0515515655659344,-4.253950041089727,1.4285434055533175,2.6515909545727467,6.374586931030812,-0.31668520040613046,5.853489580326743,5.46544234893056,5.399156597817001,2.8708025042686547,3.468210088647772,5.878085433472102,0.0
2022-08-18,2.9885803216891826,5.560011911436846,6.1456078811851444,9.27540395684523,10.058483144910536,1.5854440648690682,-4.1217868690409105,-0.23228462216995371,2.4401530880256095,7.571660356949694,-0.6349052488731632,4.298381988829392,3.644379579798729,3.8603828212964597,1.7080710202714622,1.9383187548766,3.532263054762974,0.0
2022-08-19,1.6801957984907245,5.284865094892588,3.116933153534962,7.247073287943584,6.609374685531444,1.1460187507801534,-5.808197373656987,-0.4635531347780719,0.946352702183817,4.305864884929456,-1.438143096434552,2.70477815699659,0.989786499121581,0.6386156074352556,0.7903871588041733,2.2071342409098804,1.8342552686055447,0.0
2022-08-22,0.4179834845549957,5.47419058634242,1.84389138213632,5.260990650972053,5.189263730114324,-0.34037149949130985,-6.46210486633032,-1.7722793641660073,1.7607087885272321,2.082237879903248,-1.6402405686167354,1.9404396801284252,0.3712037348991615,-0.4572459953373076,-0.2916348279806802,-0.1762551292996628,1.3956279468495536,0.0
2022-08-23,-0.1754371582459502,2.312713055560045,1.7854446486379016,6.453410472767973,7.9372920657324375,-1.5707189247248343,-7.454675185677672,-1.1758578841247314,2.7803756034678884,1.1775838502786184,-0.7518072289156685,1.7138232999046377,-0.1759159499156837,-0.8628772229379078,-1.2825170760064064,-1.050586357643457,0.83597628240486,0.0
2022-08-24,-0.5687704401876936,2.4723075491017488,1.7478004151779025,7.02322238469355,7.338871727199114,-1.979244741077646,-9.192388493859072,-1.1148356709430485,0.44992396536338575,2.6232616940581543,-1.186065534330949,1.312897793760892,-0.597632456039543,-3.413361401220061,-1.8861889702768808,-1.7862302389895501,0.9039836567926507,0.0
2022-08-25,0.1678049096077494,3.664420216971531,3.549638060601157,9.188174145200701,10.441225323897442,-1.3423443039152105,-7.4527967829771224,1.059605186891921,2.1895145044318998,4.235493434985171,-0.48283648418171454,1.204546739806589,0.03186704826956266,-4.5623943723006155,-1.4610585630911666,-1.821271552678272,0.7789793849273474,0.0
2022-08-26,-0.39224345591777343,2.621132329166209,1.9213219388870773,6.218534515053875,9.444411302670574,-0.9765092512179052,-10.016416435561492,2.211381487385178,2.7249946482313936,3.761592164217986,-2.2245635880366876,-0.3349990229195132,-1.5548767927870744,-4.526447228957653,-2.0543194066485415,-1.9109165686231222,-1.362248622818063,0.0
2022-08-29,-2.655729814287433,-0.6148563147476249,-0.9538643321338358,3.882633087137255,6.550543105979045,-2.347474331740884,-11.068776628119291,-1.34898529544345,1.772288536606803,-0.09311950336264863,-2.866653894051163,-3.0092335076204235,-3.390542202876623,-7.206950888558172,-4.21753854380178,-3.5633658814407054,-4.317780746458211,0.0
2022-08-30,-2.0982959583935923,-3.5942362057393873,-0.5934580687677715,4.539816248869966,4.69563707904177,-1.3668019606538517,-11.48742961376794,1.2299018085386137,0.25844288163812124,0.061932287365817906,-2.559755486043136,-2.6625831194989513,-2.373190537836889,-7.080375708037567,-3.4961435025340215,-2.9469574996838,-4.040883074407198,0.0
2022-08-31,-0.35592209216084303,-3.172893881321426,0.8933195235629299,5.948493145612055,1.8186524523526426,1.4011830021273264,-8.674980638877127,1.8567373518116659,0.4705706602927906,-2.8895974491829457,-3.0014887384142486,-1.0118748954674683,-0.898856325947095,-4.368981766031554,-0.8317047470662864,1.0798632150045728,-2.1773712467687445,0.0
2022-09-01,-4.286031270554491,-4.558731616474699,-3.5679489985385837,0.29669722048650815,-3.1091472838815526,-2.627757404771569,-12.024084928540324,-0.42157235093049916,-2.992170713033171,-6.936874442572593,-3.7133174706179273,-5.861165684348402,-5.468273204415064,-8.921274467781103,-4.942824546974089,-4.449052595139258,-7.499553984138052,0.0
2022-09-02,-4.688797993623273,-4.03803886468147,-4.608314323437657,-3.1241999719503255,-4.662507622308743,-2.860664558491688,-11.936553239079817,-0.7542067873900105,-6.192119121118578,-9.487501206447257,-2.4310357376810643,-6.06259037952579,-6.091114588767166,-9.134280315277444,-5.741886752448211,-5.278850119328515,-7.503738864685605,0.0
2022-09-05,-5.124885534750079,-4.946038788543261,-4.6482409865083785,-1.3633089824055977,-5.003704711079438,-4.670232460561097,-14.570132128650526,0.7394694165094418,-4.697591041917337,-7.6307996051332765,-2.4680561628528497,-5.226929932812285,-4.8474920131520545,-8.2285077370699,-6.224619540588938,-7.3621266885420695,-6.001902762285949,0.0
2022-09-06,-4.2301318911014185,-4.552463394797401,-2.99635701275045,-0.20406788793101427,-3.4019002285563205,-3.780262381969701,-12.838970356035261,3.6436248652255365,-5.686470416219914,-6.5637839462872165,-3.4509518612828916,-5.843376779189613,-5.577857717996393,-7.92327425373135,-5.584473066879125,-7.096750507316019,-6.680696945967113,0.0
2022-09-07,-5.246705607942426,-6.964338358629252,-3.8314425433030097,-0.8356640662185222,-6.907971672077162,-5.730867066755884,-12.928162725454207,4.5715324236440535,-7.363408827299911,-8.195072900955259,-3.0192176373036728,-6.246722058133436,-6.295544420845123,-8.458889208463315,-6.379797530314823,-8.08087929205441,-6.936396991682314,0.0
2022-09-08,-4.349116817574583,-6.461198996387707,-0.9234152486282121,-1.6793323613237154,-6.277963413943488,-5.157800200750174,-10.415962552386116,2.373190514999801,-6.748880299404869,-7.341128622267412,-2.471533661900027,-4.862784193182135,-4.334314205346246,-7.081605869895902,-5.441850883164356,-6.807191944806002,-5.375322835957674,0.0
2022-09-13,-0.5262944162436556,-4.059096500486648,1.389853941194219,3.1476196097766307,-5.308507101125737,0.26915762677666155,-6.373026115515379,2.620954947302656,-5.994982660665538,-4.06922839188214,-3.1007564589022873,-0.4470561772479398,-0.6845168521815159,-3.4896722624317977,-1.0611186185505161,-0.13794245040968933,-0.41089636280625674,0.0
2022-09-14,-0.9822037169348041,-2.624410810298683,1.4235989246572434,1.5901709521017882,-8.313796549695052,-0.06727325588217203,-5.211673588112642,0.5777608021930947,-7.835132675897006,-6.027226436662159,-4.12984364377974,-1.054156958572483,-0.29391319194606025,-4.214306035046167,-1.4233925876854014,0.07468652697131262,-1.023914121126135,0.0
2022-09-15,-1.863980878056748,-4.333495111614038,0.9174756410486484,0.6861528201043132,-8.634627922138405,-0.823210986665468,-4.286216392975839,-0.6472491909385147,-6.459644425538302,-5.810491735961398,-4.1243639373797825,-1.95227765726681,-1.150726278060732,-5.213881172010504,-2.4867421198833672,-1.0671345668246124,-2.483507954986419,0.0
2022-09-16,-3.8138911539361997,-3.990951353146266,-2.5008487244249533,-2.511746726882891,-11.756555979910488,-2.421754306271884,-6.369897353352516,-2.1278007669373156,-9.737195520126162,-7.781389678992278,-3.7510862218789187,-2.9419982118909282,-2.615270873780573,-7.501835160926595,-4.140910782525042,-3.0188037864256057,-3.0331483375530155,0.0
2022-09-19,-5.053143250988512,-4.083054517850693,-4.035099228547468,-5.099937197935722,-14.507117744851328,-4.191665180833992,-7.953327724394466,-3.432354119060521,-8.82969464432376,-11.086563566981312,-3.6344043887147293,-3.5517212403013976,-3.2288148258855176,-8.53008493586087,-4.639264182465297,-3.7742697052550844,-3.197806449442364,0.0
2022-09-20,-2.432743140397786,-0.22664835164835084,-2.0533509747994616,-2.3688017496909186,-11.518680430549944,-2.203010291628793,-5.715172171500804,-0.7450410758604642,-7.988110948040905,-6.451946975973488,-1.770260608003149,0.0602167804094611,0.45973493312112534,-4.927789177417708,-2.1874345793305605,-0.5439732460509439,0.6791347065414177,0.0
2022-09-21,-4.231863007103421,-0.1669242169329177,-3.5166083461889097,-5.0809697148462725,-11.34477390591464,-3.8004237011449615,-8.506749219348508,-2.984060153215118,-6.912876440698968,-8.118423767278738,-2.0952287597716057,-2.09195532626566,-2.0607930949266606,-7.973301439098746,-4.330991097049508,-2.70747187568241,-1.6718076313502195,0.0
2022-09-22,-5.652798284824345,1.4592249794438183,-4.065436217688234,-7.826153442852146,-9.019349371498508,-5.880010199704411,-11.920217160391832,-3.8453071796241023,-4.7282729908556975,-10.250359121690945,-2.302208139419737,-3.4524513531018486,-4.453901220765644,-10.786016511473107,-6.661762635825763,-5.622409712437182,-2.9965782430463883,0.0
2022-09-23,-5.199928796453079,1.4174406949549079,-5.153040960397693,-5.168101690205251,-8.187191732560883,-5.629214769890489,-11.928497141066451,-3.9956710782257154,-3.624212335306465,-9.317431583430945,-0.029953571963459158,-1.1942028985507225,-3.8662313467249576,-9.762965519405142,-5.419876446726946,-4.736838366401697,1.225606227973275,0.0
2022-09-26,-7.822246940122268,-1.140384635942815,-9.292416848180718,-7.561430157019455,-12.874784747847478,-7.2247968219589005,-16.076216139942,-8.197460543491164,-2.2996515679442386,-14.352740456387302,0.290936217829163,-4.809898631967235,-6.894168039945436,-11.368272895481791,-6.970336004498801,-6.374595833065666,-2.7188049209138865,0.0
2022-09-27,-7.481029088730606,2.539716761214339,-9.333675414162157,-8.208327380668912,-12.834942637679447,-6.676907385045594,-12.899527352707196,-8.588847639474906,-2.7389847977325466,-13.166613230736345,-0.6625155666251659,-6.519285858965818,-8.105773295673869,-11.172188616449919,-6.938065054916176,-6.265710124602187,-5.557979233923726,0.0
2022-09-28,-9.988713786607583,0.31288388083532404,-13.923755804799843,-11.181672369306083,-16.969104419241297,-9.225400153985518,-15.917895264903436,-12.351012068314038,-5.774820748013687,-15.88374088374087,-2.8333165879634303,-8.186846601604348,-9.775460122699386,-13.035047172798075,-9.159779291463721,-9.185458752016329,-6.3775108826768845,0.0
2022-09-29,-8.648578137229334,1.7092219311448886,-13.02099612320211,-10.937582139289937,-15.78582411287649,-8.18646720859495,-12.857405686412326,-10.856157788184673,-1.3100666895115687,-14.74260679079955,-3.4250364633103714,-6.727711694735595,-8.119192526360596,-11.946635300941777,-8.043709717284253,-8.097003341794352,-4.786370528944772,0.0
2022-09-30,-9.595768953310868,0.23480685505570253,-15.872203486012493,-10.955776206692347,-16.871619784270475,-7.987130612253979,-14.144372291310026,-12.2784654169115,0.08947957102440895,-15.373642049818926,-3.076846481292461,-8.959394556833079,-10.336750355982671,-12.205182528027214,-8.733665818875892,-9.13423093205774,-7.811371920618438,0.0
2022-10-04,-9.80428978502086,-1.729163711117232,-14.712203853254957,-10.374163781089607,-13.969120258434742,-8.236120149330405,-11.859284055887054,-9.538193684651164,-0.22369608728071144,-14.647766323024058,-2.9605427245971927,-9.60262095065948,-11.150273702252989,-15.136641538088202,-9.637825301812253,-10.556814100616085,-8.929299103504484,0.0
2022-10-05,-8.136284844614384,-1.4154092308357513,-13.156613267739626,-7.755408633202265,-14.735844827937484,-4.650458901116106,-12.445292750220672,-9.638606341454048,0.7484590548870074,-13.070883556341927,-1.3295514979613565,-8.017689458116761,-10.13931699202505,-15.623394554328273,-7.556213072981322,-7.884234684045477,-6.283029947152086,0.0
2022-10-06,-6.826877838981105,-1.0230491258912067,-11.901607921721602,-6.394106593742732,-12.581168003751309,-3.084899982560807,-10.457252025491215,-7.944693066818731,1.0111818522283489,-14.114441416893742,-1.9147261230605173,-7.823813354786813,-9.071041615365683,-14.209955307986267,-6.08675999039453,-5.5688109769048815,-6.655824495233487,0.0
2022-10-07,-6.292649762042657,-1.5993493439398265,-9.303622896457686,-5.188485007299814,-12.525436159114145,-2.368376326249899,-11.519600935659325,-8.886574970941508,3.276003276003281,-13.163692443269447,-4.248382404574413,-7.153343504418652,-8.329321433420978,-15.549628563013385,-5.85993352713362,-4.38892664258378,-5.906764421081768,0.0
2022-10-11,-6.944550571814256,-3.3570307651027087,-9.888534355178724,-3.054214830852897,-14.248522973604793,-1.781769244093856,-12.252909284212654,-11.843774395003903,-2.131121090703747,-15.518409758301344,-5.486937074311282,-8.875206923590738,-10.726861633122065,-16.59614441405569,-6.799712453523643,-4.963682996745488,-7.783338546554075,0.0
2022-10-12,-6.9843951263804716,-6.5697295751677265,-9.53307177577406,-4.113549220736045,-15.658798862386082,-1.1609777554578482,-11.802850298821642,-12.338206717419652,-3.6887113636972835,-15.78656038968228,-6.2674129665420075,-9.431150594641057,-11.054440422653645,-16.691612433742108,-6.226308304756667,-3.6977152648354106,-8.752075878717324,0.0
2022-10-13,-7.853579355916174,-8.871020996827628,-11.664896303779404,-4.304631863927955,-19.67790534573226,-1.3635290918122212,-14.116431547866792,-14.145871546242283,-8.82149323676643,-18.41248456270348,-7.529034841810168,-9.571511291256519,-11.314066269509137,-18.087907296540383,-6.456993433891888,-3.8612610460085905,-8.09213490935562,0.0
2022-10-14,-5.134823415412182,-8.236424795771258,-9.643404516194954,-0.8972946069892407,-16.850537122513597,1.1771101858857325,-6.904184098341936,-12.66457863485584,-10.489010274417998,-12.94157997027552,-4.140272639740539,-6.276797433279868,-7.150810576179056,-12.765866209262434,-3.2171281791823048,-1.4524707333900322,-4.328996769405391,0.0
2022-10-17,-3.0694323144104807,-6.655544661964862,-5.783061850278736,-0.6257724674293308,-14.308554861540424,3.8206767992765123,-3.2781221315786757,-11.118284162069026,-9.400591747239407,-13.069516204790975,-5.750312109862666,-5.8084956582961755,-5.592544978925629,-12.672432526402721,-2.131154797680479,1.3970813043899577,-5.395621145984908,0.0
2022-10-18,1.306203679523077,-3.5292845460320965,1.931786634135868,5.03574766819801,-7.578410002145897,5.888532938625324,5.67870566731572,-6.3054212662547515,-8.355788027685318,-3.7973107569721054,-4.336506991966682,-0.2776675922253169,-0.1723555031123314,-7.718866258062807,1.509198251022581,4.070228402402942,0.6449514931440081,0.0
2022-10-19,0.6106499509861196,-6.960779418064645,1.3338103438518267,5.573123310819139,-7.877806220691852,5.027227185670613,2.921155137676279,-7.003753202544583,-8.424510557130372,-7.2984615384615426,-4.412797111623701,1.0679130811613868,-0.2940254822084487,-9.081869112411322,0.8227672607194148,3.3311465850280664,3.523651145602358,0.0
2022-10-20,2.2495839652605376,-5.523772264307169,2.7482773448561426,7.440511619071755,-2.214921576939388,6.858813385992679,7.142423087334326,-4.067338346985149,-5.844930417495031,-3.3405584597730464,-0.6178264915727372,1.7568761039616465,-1.8059918675968678,-7.860750853242326,2.0389732368635727,4.941748917063915,3.0810598846003012,0.0
2022-10-21,1.9434067427323898,-5.9546638734455986,2.1800392129667445,6.339291442649464,-3.5465817014522893,8.088330025292233,1.0902752214114075,-6.226650718459692,-8.986378205128197,-7.1813977389517,0.7837725236954363,0.6818397045361246,-3.0489093027851744,-7.51431865175941,2.539477424857206,7.210443698213687,2.422618601513893,0.0
2022-10-24,3.7425364998213917,-4.789521346109005,3.6533900855766355,8.766975232463592,-0.5791201734937412,10.705974825253396,5.82348288438721,-5.620769567354711,-10.219160432799136,-4.019709543568473,-0.6780531655323108,1.6593663075103127,-0.5169877215416174,-7.7996745946143475,3.8973102850589303,9.737857543912742,3.0867381047886555,0.0
2022-10-25,1.1627696457829906,-3.7275522905992675,-1.6841074622919505,2.922286850335154,-6.978181521346183,7.154201020442441,-0.979363232054542,-7.860985344460392,-10.32226767358926,-9.411172622043285,-0.27244454725370293,-0.8935545349454843,-2.9066134115857123,-7.003237798297157,1.8665611653833958,6.8430847161842,0.7830415571340676,0.0
2022-10-26,1.5501846317747203,-2.4426886572614492,-2.4569489631601438,1.3738896419545288,-4.366942662222073,7.2570313380100115,0.5505410398522148,-7.517941024699826,-9.758326160365483,-9.248187253530082,-0.31055900621117516,-1.7233305235552998,-3.349826111220766,-5.208680182280034,2.2525910855550446,6.748496593800746,-1.1278195488721776,0.0
2022-10-27,2.2753880939826443,-1.9502073551460608,0.3152574939249364,4.219268286690081,-3.350163835022213,6.862273774787253,-0.5756971697917224,-7.164569322602499,-7.894597457627118,-5.558375634517764,2.0893203883495026,0.6545930613135464,0.3642395314986002,-4.497881295948492,3.1210516816076117,7.019227525088745,2.470714709371302,0.0
2022-10-28,1.59259060210315,-1.8035582380707793,0.3804986884553774,3.3405555336202264,-0.3188286001062801,3.270424974416075,2.6909376609174362,-4.00146706284451,-7.731958762886593,-6.647215527083594,3.101100052383443,0.750294537111662,-0.13196609279371163,-1.9240084478115094,1.958890950879355,3.906568556668244,2.8925316083504793,0.0
2022-10-31,4.632151345531854,0.7039271281175319,3.215356289033511,4.7803128671242145,4.653093594716151,5.920716447931884,5.784571187342036,0.09131914658107032,-5.304372913489674,-2.8475935828876975,5.870015327112865,3.834018548618423,2.6392637187737877,3.199473731423641,5.442100423966889,6.734098365612873,5.6588840522358685,0.0
2022-11-01,6.027323868202528,2.092448595588392,7.6797545611801965,4.666951480012216,11.751747563256876,8.010506083880209,7.826945762804871,0.5113378810158276,-2.4020931332980777,0.7624556329696608,4.546915167095111,3.8096443488165876,2.469770150378503,3.6468673072341806,6.0675992331179485,6.563551672647039,5.240445053192477,0.0
2022-11-02,8.044866311891141,5.395409235442639,11.080745289385096,6.104947231174207,13.238299743875004,8.83253686205203,12.496436594182224,3.372964150922031,0.6001226528049575,4.334663547543682,6.063230835859668,5.951847345841088,3.658468883584076,8.823830484184668,7.594871663112457,6.837497411179938,7.054630485206226,0.0
2022-11-03,5.27084133691893,2.30244907664261,8.612883859400956,1.786205395684326,10.763716021109214,7.177694232446674,3.5796342002995862,0.7624221264159514,0.12059571376681344,1.129349967170068,3.1930640727426463,2.0664114772974917,-0.8245592639267274,2.469645578331603,4.421366924194348,4.819089669886822,2.3089840470193135,0.0
2022-11-04,5.798955719440824,3.1247264770240646,8.920704169098892,0.46919328718291187,11.385177998358076,7.0583325629848925,5.72174979340494,2.205249689912958,1.3937688618040456,4.37660407942726,5.184517974938396,3.214152236202805,1.0636351934528943,5.318217108275425,5.209966630482876,5.0983824172914805,3.7186224069428953,0.0
2022-11-07,5.415231449587776,1.2568306010928953,7.5812999240577605,4.967090393140228,10.548569612982872,8.029730593158924,4.224426846230034,2.1875172451851554,0.5001297166411955,3.0154005435485853,2.4414897752896403,2.270362890887956,1.333413019370333,2.1027291974825335,5.207134066457586,6.237226304107368,2.353257942918696,0.0
2022-11-08,7.22254004576659,2.133874193511942,7.977508591853533,3.088400130106872,12.209366662158349,10.771080644062557,7.582923544335518,2.6937049346863473,1.9078890271067683,6.890600106213496,4.170601196096935,3.1760129858197317,3.5320235914032994,5.404191324388186,7.477986069094511,8.875267316145873,2.3167401431452683,0.0
2022-11-09,9.30169650465038,2.5787567397389966,12.3547220810188,7.627026746691423,11.896246522885745,12.904041351980755,7.26387757417013,3.0796970789758404,8.259552656104386,7.8881414061469535,4.7522434646898315,6.326524286289947,9.527041063638265,7.27987514569628,9.909217347325816,12.107344398496656,6.175389018712751,0.0
2022-11-10,8.5449501156738,4.817811337135414,11.355162194567669,9.06877236845598,14.120281589072947,10.274311130309544,11.928477331876742,3.7249106560877543,7.68734134495459,13.162629757785481,2.562976359643465,7.019909076657771,10.074718662796013,6.445070979868417,8.042222423857503,8.746047690887714,6.67886216043172,0.0
2022-11-11,11.04572123640526,4.283220517084763,15.268830933473932,10.056300953318221,15.53478509888986,11.942120180637117,11.75450798824862,7.613672787215542,10.262117440328012,13.766549581194276,3.077241343642534,10.482450622719863,12.353323289981066,15.244525077080162,11.415185283231866,11.247310189166715,10.859938112620181,0.0
2022-11-14,10.719127365138448,4.406613740147014,18.28343078529544,14.93832867047804,21.34663841843323,9.573671391363181,14.59123654813812,7.971213003230249,12.098130089621195,17.138888888888903,2.4793175433622805,11.181866902052274,13.878841727474356,14.071318752169827,10.35731001722815,10.419181151302714,10.92735445918196,0.0
2022-11-15,10.258450541439213,2.377111833009238,18.260188417820935,15.48274443345119,21.62364758501787,7.039779426991544,16.60375971820485,8.199833184733517,12.586211956681236,18.22259601906364,1.9592698437218337,12.12554401346928,15.581891543612825,16.71149561412313,9.552938853094384,8.141602380231273,11.470215462610888,0.0
2022-11-16,8.243256232578045,2.618822648007657,12.580125948131894,11.207510338031224,18.34250277496259,6.5939181239164535,14.297200916842012,5.744435396308378,11.663647603438854,13.249126578876647,-0.43365794278757974,9.711684370257956,10.324264889404544,15.00370571668559,7.668820529276488,6.404018537395317,8.575562991769914,0.0
2022-11-17,7.692646799506253,2.7718043294062245,10.331639293709639,11.687111510164328,14.345791624711257,7.814645921928887,14.786344227210213,1.8870118436570715,10.787852743159988,11.45536078271503,0.3759780510110833,7.391678975873961,8.005285618936542,15.115176419455544,7.422113923800877,6.369121766116326,5.481335952848743,0.0
2022-11-18,6.577840173351168,1.9686366028834668,9.38351701615403,11.303826480633926,15.434437682051772,6.156218593662066,15.589530966571651,2.277025158971524,12.5536792014856,13.44433741571487,0.640048765620227,6.672805402087167,8.28321782044712,11.157148514086469,5.628705964422753,4.686592534882061,5.610843588371672,0.0
2022-11-21,3.609081799573488,2.0717679975130077,2.7756728903976624,9.694175051662768,6.52276857001266,1.955474076310626,7.224201099124783,0.7518300765029684,10.017396760209895,5.127201565557726,1.4010552738076942,5.919287978541821,5.821354549709157,9.376735811833203,3.441004184100427,1.8861281911852767,6.024246746300599,0.0
2022-11-22,2.9269920877070588,0.3355234027573317,1.9742992865118714,10.233801523744157,11.684944025588306,1.202225561970316,7.8545653584171315,-0.06688083151512592,12.02084270722963,8.66525982590347,1.5082686810943269,5.9257244734536085,10.75473971722365,5.267613582917874,2.1677770613940828,1.2068108683469303,5.696670776818724,0.0
2022-11-23,3.8142342551209296,1.5561273899449501,3.5841723976701267,11.941929147733399,10.248112189859771,1.2871268927968194,9.4043354743083,1.4762210512332175,14.439542578510478,7.791195948578111,2.5512295081967284,6.988444065005939,12.34141975856864,8.707916374835701,3.578047453776123,2.582532917753322,6.940108115823085,0.0
2022-11-24,3.9558343233564663,0.9267827905881543,4.674598383945505,10.920938643539845,10.629055133058607,1.7283543686881897,7.032885015910462,0.183131160176897,14.466475908378506,7.661446874595579,0.10074551682448529,7.540736270368131,13.280867694081543,9.009630560727366,4.019087561081625,2.9956545165737314,8.134444287530007,0.0
2022-11-25,2.7856597759498225,2.287351073103916,2.77298858539885,8.455991774669226,10.403148248455164,0.4015910639818765,4.456011109250824,-1.431086437620832,16.115246167304864,5.640703517587942,1.0044275774826028,6.764600287218769,10.22483764638038,7.788887626406105,2.27777646753613,1.0146491479084752,7.311341435611429,0.0
2022-11-28,0.38473722822462975,1.3062911068210337,1.9664094047755265,7.850610275140224,8.14148431421966,-2.5150151213246152,1.936551376111173,-2.3504744496115726,13.5054575390686,3.154887591603517,0.35252052173038173,4.357634766088814,6.879246647893145,3.749444115031131,-0.30985102958006605,-0.7822703572731515,4.556476232010476,0.0
2022-11-29,0.37039939614174067,2.2963239461933016,1.5242888680942146,3.9072972428354724,7.156539893674263,-2.868428895554531,3.2105328936616218,-0.7588968546147434,7.925320133433766,2.983249786037412,-1.0851211760031787,4.5303480846597965,6.282560315613761,4.4858573954036585,-0.3667436659641532,-2.0494628356226507,5.1081689756363735,0.0
2022-11-30,2.9264475091893782,1.7690700189903152,4.227906547234284,6.184159576939674,6.395273200346918,1.0325683038792777,3.3524230550252776,1.202104088454048,11.92396784303038,4.439823874755366,0.9925183263218784,6.63268295541104,8.695402298850574,7.089219330855023,2.9617602597838966,1.2281251917347857,7.488510871801912,0.0
2022-12-01,-0.13370060729069877,2.0169196235957143,0.18258901214340817,4.6507488990608525,3.4943939921315392,-2.6640405331207484,-1.2336045777133653,-0.25795951365324976,9.016175728439002,3.6337727110794527,0.9106645593437213,4.819379999430673,6.8851410365231125,-0.2606541300345766,-0.8047126122450954,-3.217188784363856,6.541868627778724,0.0
2022-12-02,-1.6293213181662103,0.1035171440107785,-1.3574122131574162,0.004444877173237494,-0.7789497608397089,-3.397193125505882,-2.1200021978424632,-2.7919761080423933,4.324803714427317,0.011856770215779022,1.0587732313960263,2.645457638652604,5.078175395484563,-0.3313014669437564,-2.3660522931847394,-4.74402987272674,4.456006937495838,0.0
2022-12-05,-2.459753339273396,1.4572713972402562,-0.8605462768419891,-0.06510402860335773,-1.7082691319979415,-4.59501987687343,-1.516283844013644,-3.7203615098351905,3.860641528615938,-0.34384633625801353,1.6741578708145965,2.8501813236627482,3.2673526706023415,-1.494552365228019,-2.927974618511553,-4.866982543312226,4.989465939872262,0.0
2022-12-06,-3.4022886435649546,-0.026424325634877288,-2.4274560053756833,-2.3417426330294644,-3.462232507875662,-6.035093359390009,-1.679685715590884,-3.538157120701646,1.5089286863822826,-2.3611770289511114,1.8389750643131864,1.894035622547774,2.711742118521765,-3.4783206447954074,-3.854143147437339,-5.400992233974955,4.14653650084964,0.0
2022-12-07,-2.459781407343742,0.1923741473090601,-1.5433924870325244,-0.6822589162965964,-2.2543382543382506,-4.653064456570133,-2.577855840032417,-2.4156164577117556,2.6428414424432223,-0.5730309680565648,0.8604980765337,2.258009054960164,4.136054082059415,-3.972953028196824,-2.9493201823867277,-4.0808521152264525,4.385445063411164,0.0
2022-12-08,-3.002683597329492,0.23159907141880876,-2.1238883410425236,-2.684172353682168,-3.378842741232335,-6.119257841814796,-3.0614715509124424,-3.583863154707845,0.6393317951560284,-2.4866569626394885,1.1659600242277524,3.0298670656615068,3.024718261627557,-2.223457959353914,-3.030594882660753,-4.385448591744634,4.593353147797896,0.0
2022-12-09,-1.258937797065507,1.6794657036569571,-1.7910728373306983,-2.318495444445623,-2.7934000496236844,-4.102669612814935,3.374668394102054,-2.2375675528140238,7.018521638821551,0.9928021841647983,1.449897698855751,4.972661870503581,6.02108960872394,1.0279400047281673,-1.192209725361848,-3.1933491848988083,6.806907800702877,0.0
2022-12-12,-1.3408058139003143,2.3271048786972726,-1.362602120923051,-3.779196331857515,-3.2034694023668098,-4.2696049000716325,-1.3035101733940957,-1.616637043863689,5.831897277756903,-4.138851802403199,0.9981143934632453,4.264848519427167,1.173227918109765,2.8907157537306993,-0.7030534208410488,-1.9247980999279157,6.526231584561049,0.0
2022-12-13,-1.8862618434167033,1.5614357253006528,-2.933839667690663,-3.4774213183053515,-3.2432322243966083,-4.6277856882405155,1.2329649962131484,-3.6644102743125684,3.9653554490349796,-5.252379231417903,0.10240783295034639,4.537034398244466,1.5470500237165563,0.9055364818230771,-1.419329652557022,-3.038727324087276,6.830049548722927,0.0
2022-12-14,-1.7236506330565726,1.8661139851394504,-2.921415328897259,-1.761978229742156,-2.050169080906472,-4.447350862981869,0.9842491860744706,-1.8885323904312967,3.5096975178373846,-4.291381175622067,0.22896537842189701,3.0472235472375875,-0.3432176058796865,0.6684468797142351,-1.4033476453975569,-2.703005679810855,4.234687214313704,0.0
2022-12-15,-3.153995717555569,1.8003246753246716,-4.104071706628543,-5.357465837579589,-2.7474618018703656,-5.872287536771436,-0.3507399009065493,-2.027130678705269,1.757527851196805,-6.540611249851347,-1.147237112369126,0.9191537060389443,-0.9173493775341601,-1.2895518192519217,-2.952027818515557,-4.007931903042373,1.9774472953096867,0.0
2022-12-16,-2.0035128951487957,2.26438171786143,-3.3109475404312083,-5.277569644976888,-2.7236526127002447,-4.7910116239304745,3.585793915622215,-1.5046825191457502,6.7064325730292085,-6.622516556291391,-2.1980227831585375,2.801797701672548,0.4266402383384049,-0.0026789780591673917,-1.8042151244189841,-3.992713649877133,4.409630111617191,0.0
2022-12-19,-3.3377304912077355,1.0308943968429851,-5.375270248986997,-5.090694463474533,-4.9602297834732685,-5.649261767164571,1.6715336286112104,-4.353367392318286,5.376638915200149,-8.666745815030275,-2.7011422116229533,0.9677599286032956,-0.9143095089378606,-0.51286570320761,-3.0505124214279533,-4.505664263645725,1.837483362010195,0.0
2022-12-20,-5.631478687821801,0.6974154132822319,-7.250922313065478,-6.94340833600754,-4.763651555446868,-8.855991203211754,-2.850661975742985,-6.299916493587132,2.9985025748408223,-10.165124721864395,-3.781397321094515,-0.48079564811253084,-1.711344930294867,-3.6423438747526626,-5.772158781946713,-7.537284032096769,0.6796101016224521,0.0
2022-12-21,-6.084666752693735,4.6615522982536906,-7.112273049082562,-6.33779302363685,-4.564725545749182,-10.097822923044497,0.4890711410405979,-6.560585296140864,4.955717714132568,-12.134754211069087,-4.131861575178997,-1.336157731790777,-3.444088942086354,-4.00455396186058,-6.4415680673939875,-8.210738467656874,-0.690261044176721,0.0
2022-12-22,-3.1877354343905706,5.979648243246527,-4.884206280465508,-3.593629292555156,-2.666513957289951,-6.78014555473152,1.543276292768736,-3.0271393071347408,7.724715589448694,-8.334321280379376,-3.4292255624128964,1.2209607469406913,-0.358393601534146,-1.1437794451230276,-2.9996626477071575,-4.824318799451676,1.6220703748642817,0.0
2022-12-23,-4.3661028718813615,5.413938639684002,-6.823435173594216,-4.371177686388849,-4.671480974427045,-7.5915887006007265,-2.479040383261566,-2.91548409183775,8.23994478258141,-9.411064842355731,-3.4595802806407394,-0.2286375406313712,-0.20884709324963113,-3.4089619470803356,-4.311109254075019,-5.62788555120306,-0.0366300366300365,0.0
2022-12-26,-3.1765531765531763,5.992550185427903,-4.46889412316337,-1.8586618155926105,-3.6592706804236874,-6.719337778257173,2.462447672986956,-1.8023661946843794,9.176464619560388,-7.510025519504204,-2.3685066153115053,0.12466064601917015,1.6245691528309347,-1.3326804949701843,-3.1341145527557956,-5.612608881758685,0.02879308965848537,0.0
2022-12-27,-2.0992022024416523,6.323122046602592,-2.3770023410569774,-2.2797726685610864,-2.114489819711929,-5.94962572255927,-0.2764410297659503,-0.5374068587594594,7.39560370347041,-5.18700183936236,-1.500552042557457,2.054026789217045,2.2334514197342115,0.02859491725346608,-1.8688847252976037,-3.9404225888862277,2.249833736151441,0.0
2022-12-28,-3.822308821296627,6.245810603872504,-4.23623145918145,-1.409721389890728,-0.847178724985409,-7.486064488048793,-3.0860029046909765,-1.9889087636467684,12.804026794062274,-5.933573827590488,-6.351344609090459,-2.041500265311258,-1.5157009210240102,-1.5613336650908138,-4.407974081869126,-5.744560410401556,-2.9675794368380304,0.0
2022-12-29,-6.38917724274185,2.8867754979781335,-5.257438434555095,-5.1898015023911555,-2.617361155425102,-9.617171961460002,-4.805167379767528,-4.6551753019414726,3.1658753996705924,-9.5600884738265,-7.773323705898461,-5.743187674762873,-5.292985393934691,-4.392328159260883,-7.191848115952881,-7.868222122483326,-7.114630728781258,0.0
2023-01-02,-6.209387194376781,0.9736928809255252,-5.644991344923622,-7.018494918870255,-4.963175079514359,-7.686136807062949,-5.122455198156517,-3.09403663330452,-4.079333986287947,-10.103823752848829,-9.703275913571641,-7.931817559987964,-7.4595834677563815,-5.2472968865343805,-6.708407871198563,-7.059157730274834,-9.821652065081366,0.049455984174096024
2023-01-03,-6.4795144157814955,-0.3522326398669451,-6.271333547963187,-8.016056467272781,-6.088696934583371,-7.763340111981765,-8.19152594354966,-1.744492194798808,-3.9068122217478796,-9.586776859504143,-8.668313496519197,-8.118644529865604,-6.886804881846387,-4.421450375670211,-6.50911285228033,-6.654113300055064,-8.934176622159761,0.049455984174096024
2023-01-04,-5.971449411274355,-3.6034044728978976,-8.245772466348111,-7.479950647748312,-7.757074839746892,-5.80466122179838,-5.116828098464065,-3.6250785581998124,-4.474405961020366,-7.699070585280088,-7.342789004644157,-5.742682096664387,-4.974793508660458,-4.859920939085205,-5.271786464470518,-5.132341080724389,-5.522317932654664,0.049455984174096024
2023-01-05,-4.079679114940038,-3.8617529647525406,-7.566609791311196,-5.695005502579953,-8.724389992793169,-4.1687828719026765,-3.2008856130457564,-4.22258757213797,-4.188665962689198,-5.140603130169241,-6.494526657206567,-1.2578790992141653,-2.0694951967790476,-0.5561982735605597,-2.585621076542166,-3.464165460745039,1.4198717948717965,0.049455984174096024
2023-01-06,-2.9681951847865817,-3.477007274911559,-6.4225770126529085,-2.793695797568696,-6.099809380956844,-2.520278352205174,-5.3953826075767815,-3.3890441587479114,-7.903341106983386,0.11605415860735935,-4.52819539227256,-0.19368584156499447,-1.2383789150645308,-0.3098767637078059,-1.3169526163205214,-1.581238499595472,3.7040588047299483,0.049455984174096024
2023-01-09,-0.08417758920485907,-1.2895147999914425,-1.8263320156607699,-0.7200524159069022,-1.9549205879555775,0.8013392808358999,-5.381535670768023,0.8153822600491134,-5.951507983441761,1.3778759911607708,-3.7126860858123223,0.9032400629782167,0.19631621920177533,2.649294053039042,1.6377979763333883,1.6385368922440913,3.854123497720674,0.049455984174096024
2023-01-10,0.772300057001063,-2.3146437240612827,-0.964040487407869,0.7006693194617775,-0.3616365659505294,2.0921643124743428,-2.2324193994148533,1.1260090377792853,-5.408727719729567,3.767435797158125,-4.178872326636429,1.2919967976147806,0.45844689905800706,4.097053975916642,2.5612911292571816,3.5401485107049435,4.092918601150375,0.049455984174096024
2023-01-11,1.3130380643637807,-6.411715511134197,1.244847533055471,0.074400148800291,0.3844387727859999,3.7490353766675533,-1.997772453296398,1.9369271683425948,-7.775520863559859,2.1517996870109357,-4.595197344536084,0.019267822736024343,-0.9851541501033956,4.406109613656772,3.2601817277175815,4.999504308841307,1.7960950334891868,0.049455984174096024
2023-01-12,0.3551531146970488,-6.189909372349877,-0.12627386093215787,-0.885847515675231,2.1972144370039137,2.6727941825370083,-2.6618754750881157,0.7816705544589908,-6.970024022560328,1.3709260217278807,-6.096995310003617,-0.141909778129512,-1.1201211068603723,2.1781147128648204,1.840876607908526,3.067593177511063,1.649594671023702,0.049455984174096024
2023-01-13,3.129200541126953,-5.6461113207111335,2.474966027043446,3.412648924768158,6.300360678382333,5.0106319175617475,-1.98095916674087,3.973905427079649,-5.693847027860544,3.532965589703174,-5.646738011936625,2.954250531488989,2.3151323101662458,5.707391139309137,4.716390682690386,5.144344047505456,5.227269106377563,0.049455984174096024
2023-01-16,3.5699180886783033,-4.633645345145387,2.1617217082873896,4.235199915061538,4.488851862407661,5.700196623922538,-4.835104043385807,2.0217588907143647,-5.673923650642432,2.719747733543576,-4.703350753150937,5.367567717123634,2.754346501710492,7.373255257910549,5.572579784912857,5.872614987556468,9.642908544288598,0.049455984174096024
2023-01-17,1.9976080144376462,-6.208892396737708,-0.12273529772750535,2.4065384530654432,2.523983801459617,4.41844979415229,-4.426973479879292,1.2480333256812637,-4.365675143098424,0.46559751681325423,-4.9498140316910355,3.918284411982742,2.74870568093204,4.056637484366621,4.000848577186766,4.985141186280662,7.820927723840332,0.049455984174096024
2023-01-18,3.8531868710123263,-5.518311448502244,1.7926237369578546,1.4968524543782724,-0.07816096876773759,6.5718949330308085,-1.5692263637665294,2.084763604741635,-6.991847764379955,1.5868817773075694,0.25039957378796274,7.326947200364908,8.049214531173309,5.466937485894818,6.023303564802207,6.8709109540450175,12.043662018702793,0.049455984174096024
2023-01-19,6.4362368091575695,-3.4699224862622335,4.930714448439466,5.754444288833427,1.440506743843173,9.661392325912077,2.409807051470625,3.8622814106843872,-2.60735836209528,4.483695652173925,3.2207553791744115,9.63266730651775,11.753342771747688,6.15238181570954,8.684780964863648,9.68902595733745,13.61232584155394,0.049455984174096024
2023-01-20,7.6197279920203975,-1.7137278621377483,6.219215997511363,10.709760231704713,3.742494996664436,9.960726071371063,6.1125970382934325,2.6565628668093755,6.301373359881546,12.53521126760564,5.213100292220307,12.445765230312045,14.346400165272177,7.292191782077473,9.463087248322143,10.07068082830289,16.87658304708375,0.0
2023-01-25,9.460129446337472,-0.03069037183808243,8.184807477146139,10.056192126483122,4.8973639932697655,13.281810845699326,8.121172242749397,3.5503538252310785,5.035414180904252,11.09548586696667,2.8576892604431414,13.108625344924786,14.529282379120968,8.972857221296927,11.574244494758235,12.83531758114609,16.94104331721369,0.0
2023-01-26,9.42694527433754,2.5731058774777216,10.65996809371008,12.195929368509773,6.217390818595181,11.76792494062877,4.893172374794075,7.909513229650589,5.6914184081814145,8.354878214723094,1.8287726903278179,10.807141206378535,11.720854084521125,9.098397755046616,10.661782781847684,10.290778340859497,14.161859293150304,0.0
2023-01-27,9.686706555096801,3.6660547820990708,12.39028348293525,11.068795639565376,8.349124706731658,12.409234149440707,5.796796879963617,9.01835082003586,5.775418683017053,7.967806841046277,3.300723557627161,8.186164229471293,9.544145579315,9.40086804778737,10.584315485482353,11.4965304889727,8.501090288531433,0.0
2023-01-30,7.008825443128086,2.8159236179681413,9.479750036541446,6.763342446214193,5.9669206961961985,9.388956089533629,3.4749916209665166,6.160139322020175,5.815211167241396,2.7305512622359585,1.1420740063956103,4.535499431676415,6.81057961212963,7.940304390278863,7.4046783118778325,8.953117441010328,3.4299978427686506,0.0
2023-01-31,3.186550874610128,1.6299693195000131,5.800359885483974,3.073581161647687,2.943427136436627,4.077874255028346,3.4397784598700687,3.0624813692019526,3.4809728614904945,2.6413642774714807,0.16613076098606072,1.6178483438269886,3.976152670840949,2.975260809912905,2.3585215182279295,3.940820491417707,0.4604334213272665,0.0
2023-02-01,4.188728836265754,1.623206076952588,6.007415466765442,3.4189307585912543,2.4386315314735008,5.228256443903856,4.3484406146887755,5.376975832420028,2.079272254710851,-0.03768844221105905,-0.07575142710276594,2.2675860565261274,6.28603387853941,3.9816577262502095,3.89369244331077,5.351477591676801,1.21475978810206,0.0
2023-02-02,4.63439752832131,1.0012761899036215,4.578544460899847,2.704293414286596,1.5446315543121036,7.207667126527806,3.010233073407864,4.2430858806404625,1.340364478453493,1.3532490744287085,0.8371840173960532,1.973195365605318,8.119153956349523,4.748545661078807,4.685117092841584,6.316551441969764,1.1110938688102312,0.0
2023-02-03,4.875058137076671,1.8512820652454964,4.40602786465738,2.2628754200252343,0.4888209680120603,7.2034632183468394,4.1048431753965,5.282367996439108,0.3368137420006745,1.071701964786942,1.5230515916575316,1.8037222267770714,5.9951696841305635,7.769246050597278,5.381635822682962,6.435208372005041,1.5826404129702265,0.0
2023-02-06,2.183488468582495,1.8798689994341977,2.9608660076932525,-1.7818748310180155,-2.458644445361169,4.138367532590137,3.72683580019606,2.3067792067130277,-1.6474059503319372,-1.4461499429151314,0.3653515827357845,-1.429375955375578,1.1747099338972777,4.380947495318943,1.9144519811705285,3.7142528037530154,-2.096959786821706,0.0
2023-02-07,2.160542698324064,0.5464245182056127,3.3925119639673484,-3.0517423218367035,-1.503341341362352,4.9426383700288845,3.651307952542049,3.1941738976447587,-2.3979604404266386,-1.9186492709132752,-1.1263440860215024,-3.50550114224194,-0.23487292918468183,3.9905886307298077,1.8021907364456968,4.432131999317446,-5.527762787509294,0.0
2023-02-08,4.381375058313264,2.1212162474979257,3.9189329703466225,-1.3272984636036211,0.33690658499234694,8.12232436485889,6.951443690492942,3.582370181938832,-1.5588588809576365,-0.038619979402676474,-1.436573664602936,-1.4823230988743719,3.128834005740666,8.87097466539608,4.4931943774802585,8.170048985304401,-3.2266133066533143,0.0
2023-02-09,4.779759491960545,1.4215410840845433,5.52166390351887,1.0377013336585472,2.3359478805023315,9.005474690419302,5.750041213719803,5.148624716985362,-2.660041994237994,0.11715699036709548,-2.0300791837168486,-2.4996015512936176,1.9258619808379285,8.300023110304622,4.954524030631524,8.502096811581982,-4.688428181062143,0.0
2023-02-10,3.7553458749590263,1.5273712357650293,4.021824291796072,0.008900988443927282,1.4609620602041185,7.30137718474555,1.4489682517258684,6.813119893543229,-3.730668627427347,0.8582574772431739,-3.865669299576291,-1.9180262634301504,0.9842120672957755,6.183498146914657,3.867382814311826,7.527032130817335,-2.8047561503229845,0.0
2023-02-13,2.39806952063657,2.134975816203144,3.325348342113066,-1.5607580824972156,1.818746918740488,4.923598236495863,2.6662505083751897,6.308957306922691,-3.7305637269616443,-3.016270337922411,-2.6883270011790916,-2.600560283313069,1.4318138190358987,3.7066778291289015,2.427128520258348,5.036116057327522,-3.6232744545049878,0.0
2023-02-14,1.5264126625956775,1.7181112625155537,2.3472661646094295,0.3475444203869582,2.145087471662599,3.074401976557972,2.0031364838611454,6.715898782924201,-3.5456621832288038,-1.7848101265822702,-1.298839278599695,-4.076493271425186,1.4611656755223912,2.9896119382930797,0.9920276231108582,4.152344843637734,-6.688369774023717,0.0
2023-02-15,-1.650699775180764,0.570175792980665,-1.2608396120156962,1.0672246926497486,-1.8480730393806821,-0.29470596133570615,1.1546250632864075,1.056200565802623,-7.287697577979446,-4.684164259701107,-2.655314620194227,-7.0886669968975635,-0.8238807973689477,-0.58579002829382,-2.4116405642563676,1.463222559988786,-10.633540011906994,0.0
2023-02-16,-0.3437975539649418,-0.363214528581135,0.9544161600993251,2.1974058112344874,-1.6271419350808891,1.9331343732211126,1.9226327411144162,4.032262383581742,-7.397870582176602,-4.547148714125971,-6.82599228731079,-6.727145122299916,1.165632848025866,-0.41063394683026333,-1.180471924089821,2.7424501688017466,-10.077767745317912,0.0
2023-02-17,0.030198288491600778,0.02313494668200189,1.1800035846358137,6.194868369217055,-0.3873291041182503,1.1480588795102387,1.987090717051987,5.557977807329251,-6.905011003282957,-2.783350050150446,-5.691056910569115,-4.52966292730792,2.5469895325290315,-0.5327933475522295,-0.7640775915413345,2.002103260053101,-7.238841546987674,0.0
2023-02-20,1.2387220215415606,-0.72217570097447,0.0007283838437066592,11.176754018517965,0.11202546223589849,2.6438971589084037,2.86437734895324,5.422337673677435,-5.354495296891337,-2.7357901311680144,-4.325611256754591,-2.4110341855014705,3.4103416680593135,1.8133521037063227,1.6388413176668726,4.4379413015738,-4.412124175018328,0.0
2023-02-21,0.3739080741284928,-0.11462699358569806,1.7513561909822561,12.118638419014482,1.1069530488380108,0.7006245938661282,-1.8169164732203202,4.49842386292969,-4.914801938990355,1.3070252607766841,-3.2408284824692046,-2.963515710364306,1.81934212588728,0.4801051738197115,-0.039264889065404596,2.054558990949129,-5.531658896074598,0.0
2023-02-22,-2.0738148472181805,-0.37148569928868724,-0.7098872883937402,9.49695154792427,0.8758053533078458,-3.378970059957176,-5.335546047477546,3.0902421602693853,-4.329305398591677,-0.7557626905151715,-3.7764839074882706,-3.254709343120854,-1.749180245731441,-2.212418461740695,-2.8059183919705744,-1.516646602593208,-5.1721227189711065,0.0
2023-02-23,-1.6654571843251031,0.3339054371247263,-0.35258190902586195,9.088605236994685,0.3947793298126223,-2.2559528749027224,-9.011638479723583,2.7348539297340713,-3.978466549799209,0.46705377429943074,-4.37086092715232,-2.6281173659767454,-0.14555877775415116,-3.6923348187093197,-2.3549727435765333,0.42448592779791294,-4.906734016979586,0.0
2023-02-24,-0.5979845705215703,-0.21706452930637665,-0.2627079009675293,7.44797060224327,1.7572425459928098,-0.3985738202144873,-9.916642845946022,3.3444547816881,-2.782499999999999,0.27030505856611153,-4.998505881394156,-0.9386222657525312,2.2273368475759225,-2.9479461031248766,-0.8987834372897407,1.724822637750223,-2.816139059431211,0.0
2023-02-27,-2.001460205326089,-0.6528430173948552,-2.042375850158018,7.8282529801382505,1.8703135650988578,-2.5660018397810513,-10.519783205306776,2.5322293485488867,-3.4663772761113987,-0.3390714658320304,-5.869878469862155,-1.2408838576249082,1.3502702826253543,-4.609952001551465,-2.5593366387108185,-0.14439108976925796,-2.9950751084556804,0.0
2023-02-28,-2.8502520494113504,-1.941682845134729,-0.9638440239123525,6.338132570571475,0.2515683550166292,-3.8486018923965304,-12.70175279472121,2.11950370512739,-5.006042634837959,-2.936252414681262,-4.6580557443915644,-1.7218720665146847,-0.29658484761292403,-6.544230132319773,-3.788887114234507,-2.943231441048033,-3.358520973651802,0.0
2023-03-02,-2.162787323898263,-1.628840595225356,0.18020260617341854,9.555278228613684,2.076352822918426,-3.3621377245580564,-10.282392102741401,3.720226198280585,-4.965072676423743,-0.9751657781822964,-5.020341741253054,-0.8827135267674757,-0.6441259723181991,-6.848286545270598,-3.273812170417867,-2.767014647568178,-2.380841085090135,0.0
2023-03-03,-1.5248630417090014,-2.494237843773295,2.6731979643839887,9.851866002118669,3.3000498721363236,-2.671423243054638,-9.280757537076145,2.2071244562692716,-5.510480054090605,-1.9855595667870096,-4.3013385569702915,-2.604673807205471,-2.534680405013612,-5.550774872731068,-2.8249142612175038,-1.6765318069468016,-5.318577414849035,0.0
2023-03-06,0.4044522363110037,-3.222200493649674,4.044122322981081,7.683977781373019,3.307263981137454,0.6524393732978417,-11.5280797435236,2.4801100865191383,-5.570106513008555,-2.1680216802167918,-4.5235466760009775,-1.8722526727085298,-2.181972012869182,-1.142522941069879,-0.27184186364700436,3.1585417437741237,-4.78676708404564,0.0
2023-03-07,-0.09287649454097213,-2.5707008932589925,5.256827508136408,8.022775435066464,2.8202927074391093,-0.41908415094096263,-10.936051474570196,0.2878583236424648,-5.393722984401428,-1.7528031962881774,-2.927879440258341,-1.2306177701206011,-3.812285877163357,-3.7304609463547522,-1.1697895363355415,0.7011714258879698,-2.9230575810912818,0.0
2023-03-08,0.16516330985625327,-1.7434106575684338,4.3192238686955875,1.9137636523629542,5.62396184964904,-0.19044681972933963,-11.384333044457517,1.303938274610239,-3.0091272104962985,-0.3820816864295251,-2.9928663186377658,0.2721813794264616,-2.8846967261653034,-3.7983557985227234,-1.0271025782277898,0.7781205396196977,-0.7961783439490611,0.0
2023-03-09,-2.277942055682125,-2.154310628628331,-0.4591092422552068,-0.3662943529107676,5.498703635112956,-3.7864063047452157,-14.098787142624058,-1.1680943947942835,-3.74030005173307,0.11714174150723178,1.2895233268575668,-0.25638881921800083,-4.083573375499672,-5.13109044912442,-3.6216648140956154,-2.7216549205205887,-0.9960159362549903,0.0
2023-03-10,-2.3098796104780828,-2.9288522879473144,-0.12671040977532133,-3.1496094742317404,2.8006641725167203,-2.766236915491249,-15.063196752248476,-1.9495874681178416,-4.056061486791962,-1.7797265927263495,-0.6958530538652141,-1.5528209116919989,-4.6631807309339806,-4.878394726961743,-3.3527630924946816,-1.922548210989361,-3.1928049465992148,0.0
2023-03-13,-1.8133533187787099,-3.4300373384908656,1.250261761037219,-5.05956215665374,1.890798046454223,-1.2764919364822713,-16.472001419607874,-0.9747486773856173,-5.154083204930659,-3.2494220395581808,-1.7419264644205068,-1.6203831502235921,-3.682940556927028,-5.200780240491854,-2.6382537787489,-1.2583206534665714,-2.7506073392149166,0.0
2023-03-14,-4.473029248137439,-5.399281954756185,-3.0747163953278367,-9.779494398183497,-3.8536903984323967,-3.083905646885987,-16.552573866960973,-4.790096602248073,-6.4484982684707255,-9.11797543729065,-2.10140466730091,-5.047925077586446,-8.870941138955168,-7.3874411016984105,-4.6915140980201775,-3.6442981781780515,-6.116665605298344,0.0
2023-03-15,-1.5701002614076365,-2.5250934213956633,-0.06702204787967236,-4.810802515287693,-0.6033793397098308,0.13430549680151227,-11.86408308971516,-0.5548233161242533,-5.12624131888103,-4.036045183398917,-0.21010168921757888,-2.675184110689588,-5.883786157463799,-5.744818489611769,-1.9186383323064993,-0.9061002287794606,-3.669056597666165,0.0
2023-03-16,-2.508312526393053,-4.900787888315438,-0.720959384314912,-5.048874486981692,-1.805316345375707,-0.6566338267725236,-9.273601215161541,-2.8868461257516853,-5.42514210246916,-6.40784018092726,-0.13850415512464131,-5.009373621526247,-7.4371222569829865,-6.62588940207216,-3.0786995994781075,-2.3569155960116217,-6.67509319850883,0.0
2023-03-17,-1.1520005281377754,-3.623203917266482,-1.6056768350984907,-3.1640074581192335,-1.2904968724673171,1.1274475329199118,-4.020185373792806,-1.2494761513030195,-3.1604392213336108,-4.00513478818999,0.6319521889565749,-4.611243854879021,-6.941457119393057,-3.9895008693010103,-0.9830861473390518,-0.07344743049789715,-6.296744215651939,0.0
2023-03-20,-0.9755935138014871,-3.1620649360813213,-0.7026451104831577,-3.3143058978283624,-0.5551838066162107,0.6432447184430368,-4.963292901581817,-1.2562892917289958,-0.5281045751633906,-1.975922533368235,3.414014210617533,-4.992835886696789,-5.94931356242776,-3.078382705486693,-1.0639578491198565,-0.4935764926681463,-6.7337227253195024,0.0
2023-03-21,-1.015396730008078,-1.7951988425441212,-0.5690919511514236,-1.6592312549717492,-0.391629831063689,0.04631704766173694,-2.8348493742759606,-0.3947134537165775,-1.7273263820578477,-1.5523417805492934,3.630711311391255,-5.357094124389372,-7.277399160876419,-2.8570223178500664,-1.2653558121518471,-0.901513409387078,-7.258825750424769,0.0
2023-03-22,-0.4485450089585341,-2.1980443689906815,-1.1966689173981582,-3.7923605851048148,-2.9162862740673035,1.6878724870721173,-3.9488948511562483,-1.5580438122742124,-1.2021958879885997,-3.0199579831932777,3.3010651360689813,-4.461119815288206,-6.218874781282235,-0.84844268345452,0.028040433385578822,0.5446488912266956,-5.235351391039245,0.0
2023-03-23,-0.31207983322849575,-2.7927915674940462,-2.086025344827891,-3.243565827747552,-4.097543938942582,2.9450123435118325,-5.5008928525744345,-1.10529768145734,-0.541973100112636,-4.511970534069976,1.637526652452026,-3.8157127384820355,-4.942050044048829,-1.5454568677037872,0.6465695510316616,0.7577937649880129,-3.7205758381428033,0.0
2023-03-24,-1.9353371612347736,-2.2235693435241344,-4.333810075143596,-3.617416806224405,-3.3246726781802405,0.9448378244780509,-2.279389177847546,-2.8306400580327518,-0.6511517328824934,-4.273842500989322,1.1985673594856028,-5.737750248866281,-6.386925694515577,-4.0521285548824615,-1.7880352372012576,-2.6287295861817106,-6.507497452322031,0.0
2023-03-27,-2.1974140905677286,-2.5273907088976255,-4.400873487382862,-2.91251362330327,-3.8934593141647045,0.2971663341070574,-3.868291551799663,-2.3347355612985177,1.2793007548669078,-5.719532992260268,-0.37702373031714975,-6.290666445164339,-6.09812936227998,-3.2990581379590767,-1.9633679730127307,-2.8176397563470124,-6.9805089684646715,0.0
2023-03-28,0.1245934265659665,-0.9196066460250396,-1.0113878449441338,1.7289087355602417,-2.114383693678157,2.645580935773073,-2.011881975169183,-0.3223110275296426,2.6439962037668296,-4.166115593175512,1.163642510988394,-3.903735833216748,-4.443670150987222,-0.24899361465853254,0.6035208449292062,-0.30806182121971837,-4.009565302846663,0.0
2023-03-29,1.0264190253359784,0.13294162057477799,1.6345891345891372,3.4234894794944903,-1.558816743738145,3.834779460016602,-1.0758248078130417,0.7651878590887673,3.993120868490352,-5.343213728549145,-0.6532314107018822,-3.741163979771467,-4.572729630803806,-0.36796218214560916,1.4011116257526712,1.1954693134231587,-3.7853135070586075,0.0
2023-03-30,2.445930200994728,1.1312505541271278,3.6865033328567387,4.29163821673022,0.6348330113165712,5.4918521689794275,4.598118483515057,2.2179394015986897,4.988219454729048,-2.941176470588225,-0.06241311810264438,-2.89221218961625,-3.273293773740127,0.9358992351413908,2.570947683388658,2.091384177962885,-3.3959885196675366,0.0
2023-03-31,2.7486932713847168,3.021966559202882,3.886294109501076,8.116861085579274,2.7784335259522397,5.17038425214591,8.124656138840924,2.9796910530855536,2.60336284623508,-1.8319394663480648,1.2890558306300148,-2.817138528017049,-3.612011108539692,0.8820822697991115,2.768510335062402,2.2982626915906135,-3.5663220865449485,0.0
2023-04-03,5.25208921357021,5.011620656425375,6.996783830212805,16.12242902449601,7.33048654244306,6.947618554592316,11.635901353369738,6.3921847553156,3.98662409864039,3.2077532077531945,1.431960442450042,-0.25742631533278715,0.3933611260263925,2.9676854020994403,4.716855997801939,4.994177420614321,-1.4719348821434775,0.0
2023-04-04,4.235372228665568,3.962933863804796,6.249109123670071,8.740163827689473,5.415317103750916,5.099710086708398,10.27918993249437,3.857235656510616,3.940563172153344,0.1719349292421679,0.8590197069226813,-0.18057267333543292,0.6851253153202119,4.335463628989844,3.875776397515529,3.267588354645401,-1.456653225806459,0.0
2023-04-05,4.932903263790478,3.8387398645051807,6.92775672377246,10.738400992034848,5.79552418587943,5.991000679965119,12.720704050050124,6.264202513944306,3.8018701312925396,0.6443817962142662,2.2078179399360076,1.0129153968944982,1.6420649678673627,3.6959796083883667,4.721118621330178,4.850768807425654,0.5246103996296991,0.0
2023-04-06,2.6522630223442922,2.7094108926147165,7.1062899778841615,9.181273779427679,4.49263157894737,2.7269569884511347,6.157283479262432,4.103402387014965,1.00377077911733,-0.040117678523665656,2.651170720618312,-1.4108027179546179,-1.1784693706025084,0.6768695224114163,1.4881117844369074,0.848246064197844,-2.566018510656365,0.0
2023-04-07,4.6742602555480905,2.3768783163151452,8.902316363833162,10.116419445931623,3.547359456646304,7.221988751316388,8.83949229139187,4.788237038920307,-0.26676829268293956,0.5873715124816492,0.35750195508881255,0.19141531322504068,0.5838873469093953,0.5244067648472628,4.504230466848869,4.393745658105375,-0.9880208866591467,0.0
2023-04-10,5.180563987690245,0.5848762953403641,10.678800911915886,14.542293235042102,3.8210182354801336,8.47516547774907,7.263686911890499,4.253554688935202,1.0169762972453533,0.18867924528302993,-1.040319251410493,-0.968858131487893,0.03950321711807536,-0.5142058039242947,5.498057091615616,5.385645006154438,-2.3579304495334963,0.0
2023-04-11,5.415894346617245,1.6382224076778584,12.34653171237532,13.075014979274414,6.230717213980808,7.016047318537777,8.08521505948454,6.5834599182548414,1.3637517197162996,1.9090170593013767,0.0995162404975769,-0.1611139881466106,2.136069799010909,-0.10182863695096245,5.335379864340717,4.650793177777124,-2.0885617557393488,0.0
2023-04-12,5.203590048175277,2.231655650636055,8.305230395944507,14.94075166348743,11.939547139092976,4.9418593015110535,13.952027722128957,9.481754607699266,3.1536452781922852,5.496624879459966,1.205560683617235,1.5793272701024819,3.8419180703749722,1.365609810942181,4.866288918211814,4.296885258817662,-1.611409520281526,0.0
2023-04-13,6.074634776559429,2.793587845951917,10.360154795370736,14.373630850192654,10.86823633565903,5.051908255473614,10.383023160407268,11.47396900529991,2.4209308818250674,5.029626567452117,1.312562702039921,3.658071518671724,5.909063278828031,2.698266578663966,5.783882144268526,4.473614949335447,1.6004013979722398,0.0
2023-04-14,6.735374934626148,2.5915301346224107,9.969008543834267,17.619889295277915,12.829477074328333,4.718902347087517,12.774043461014806,11.527342231782045,1.620116114859571,8.056212606094327,1.385796972395359,5.86201802334172,7.390635627753639,4.902381557165247,6.546610071636727,4.982245270093633,4.282979463974934,0.0
2023-04-17,5.7894650381528745,1.080814916291195,9.312036149919201,17.35073732645269,13.845500057007222,3.2440009928021984,10.379629283705238,9.921231781901652,2.0041933089374853,8.239028429478346,1.476117532377108,3.7390797903319895,6.303935629725066,3.76075215043008,5.346977407717302,2.6433116849106986,1.8974166467597087,0.0
2023-04-18,5.203525483649218,0.9648691471343618,9.198995541433908,15.548740416210283,9.76899640298765,3.3311790920368844,10.39895461091258,7.038584012241,-0.7739018087855265,6.317813487158341,2.146054840514844,3.703703703703698,6.077848651783135,2.3523584413778664,5.034144113280803,2.4038461538461453,2.006222690718684,0.0
2023-04-19,4.969916352785808,2.6738920196925475,6.525070780487985,16.36792603474706,10.265943398143085,2.3227518251712542,7.175015672194673,8.664317580028635,-0.5475763016157931,5.5600649350649345,3.6193828597382627,4.489321516780498,6.329587337206011,2.018683467303939,4.8015169402294555,2.3953583394622946,3.9395500601064892,0.0
2023-04-20,3.4822315350887756,1.7053447274985478,5.0671698635828655,9.63626508430091,7.914236638172079,0.8815715194930851,8.783729319065747,6.883423437143077,2.657377719721854,4.74645030425962,2.379547689282213,4.027717626678218,5.213179108867494,0.6368440076421455,3.171208328080244,0.06289916779562699,4.1702881878760145,0.0
2023-04-21,2.914647661729375,0.9730041943093459,1.9366476508446695,2.9500760583645036,8.756806719311982,1.56477451025534,4.623515894293373,5.873415413600469,3.2938529742605693,4.7083719084777265,2.5586113615870154,3.7553648068669565,4.584051970216874,0.8987729794975641,3.0739512601164254,0.010670874656026896,4.566107879246828,0.0
2023-04-24,1.733111335975246,-0.4601366742596813,0.9468361397292568,6.0746722018833355,7.157087211203961,0.93446467288405,1.6923107927007575,6.625943879223817,-5.686754600742427,2.442566675468716,-0.5928523714094802,1.6194796990754101,2.1346695447832076,-1.4685404297125282,2.0934776820567658,-0.19125513631007562,2.470461868958118,0.0
2023-04-25,-0.2480753122983681,-0.4970117237564575,-1.8064203870631124,2.1087277952870354,7.668261308138669,-2.7081801241461867,-3.8270241747933254,8.001973949843721,-10.601424426272754,3.0945711617980542,-0.916668974493895,1.8819675899321764,1.1578709000762855,-2.1263429308122084,-0.08331243057297932,-3.8444674170824644,3.736676046729759,0.0
2023-04-26,1.0409762405305667,1.1488101030415088,-1.4695530507782273,2.2406717207266613,6.341419188459541,0.5067015299407451,1.607888246492628,6.79171405852097,-14.563834262277853,3.1304347826087042,-0.8498269896193733,2.835698849366275,2.415420785011757,-0.4025181395105104,1.8397122197063798,-1.054508087735595,4.761738766688728,0.0
2023-04-27,0.21683176665689974,1.365142189835078,-2.22331126871822,3.8409545472745332,8.60316590006802,-0.9547187334552731,-0.8195092877719246,7.365696839806701,-15.417759213629711,2.2959522229595297,-0.9072692864299237,1.2360331152666104,-0.8826667143461586,-1.6258748858844485,0.39137891658791446,-2.390849383239957,2.323216655464222,0.0
2023-04-28,-0.41997070157000493,2.6650955084330574,-5.138211924951608,-3.021930519077487,6.998324788060306,-1.7659962262390416,-1.4843539720674315,5.119646372346165,-14.531642224864584,4.573580844767267,-0.5645632283004631,2.9146284649429255,1.3784768548710247,0.4854326549499355,-0.28687290821838296,-2.827738064845553,4.445795691452403,0.0
2023-05-02,-0.9211652131592918,2.5900198158548715,-6.53745956871129,-1.9813833875579445,4.573258670592106,-1.746615153756026,0.36033552553853543,4.216805512701827,-13.703088762386672,2.484389531021658,0.30653668774682785,2.3802662670739494,-1.1657249919494128,-0.2321318440348108,-0.8651304021569328,-3.0965737409787475,3.954860573532204,0.0
2023-05-03,-1.9304958755449575,3.113050285629826,-6.334844645952797,-4.5230095115576185,-0.05071333569357517,-2.2992245519145804,-4.620874473766734,0.613467666533074,-16.624258941141523,-0.2611647949856355,-0.4200983914653622,0.4803592746290608,-2.8913190882695616,-0.767885329124185,-1.7929683248067874,-4.088383878125946,2.695440854326403,0.0
2023-05-04,-2.370337983963511,1.6866219472767563,-6.800645081255419,-2.8263022560626516,0.3289160978763084,-3.196572032561118,-0.23313173632462103,-0.70959713501344,-15.637331256490139,1.0758331146680788,-0.6464035208362029,0.08489925288657219,-3.8374342109039117,-1.1661240539512008,-2.151957568991658,-4.6470251103735265,2.2137833557549946,0.0
2023-05-08,-2.2663903028983134,4.335834218742773,-7.611432805870521,-8.831976067231096,-1.6009089031191914,-1.8346394111707132,-3.575757287690884,1.1528877092145118,-16.429260760470942,1.6997167138810276,0.013723445133662082,0.13676072455273136,-2.544877720337335,-1.3284237596646875,-1.569253044220853,-3.5056804569584044,1.9292067889387532,0.0
2023-05-09,-2.556378134329229,3.9327692671948133,-8.240780712426254,-10.042579406679275,-4.540364358094262,-2.2958189685181263,-3.0834320528008163,1.7449843618887684,-16.54070064344806,0.12750223128903393,0.7492795389048901,0.7270379519425108,-2.463969449065584,-0.6169269327163995,-1.5369123729909617,-3.1696979554348026,2.0697277202853526,0.0
2023-05-10,-2.900715260842679,3.18026364207018,-10.177495258377945,-10.243559428362637,-3.8412981322639483,-3.1502260445562147,-2.4508785575905634,4.604856469497354,-14.800588534003456,0.4521379666709846,1.8681348782425333,-0.097962382445127,-2.7457947544045513,-0.01613136021325623,-2.033086028893738,-3.618404266176778,0.7767055019417546,0.0
2023-05-11,-3.2651412771641963,0.858124027739593,-9.168906075899596,-10.703540688240343,-3.5661642775546287,-3.6737581114946405,-5.072365685999625,3.1284222303341824,-15.404948873673497,0.6920415224913379,2.33137910251493,-0.038932146829817604,-2.6816815113178682,-0.027257704560545992,-2.389930541964036,-3.8071463002748662,0.9335139779261148,0.0
2023-05-12,-3.4212343598206907,-0.7109463976149533,-9.765863142805365,-10.351939937064369,-4.303125086756554,-3.410796897633861,-10.417409587499481,2.5200066490940642,-15.0276981607393,-0.27110766847404655,2.7907359639975704,-1.49042464612823,-1.7303545144395804,0.6003181172929306,-2.4339363257468327,-3.3431652241187604,-1.5853020090308312,0.0
2023-05-15,-2.5565948750196577,0.13632463439603448,-6.840151717650878,-7.658866265889285,-4.095150115473434,-3.17025795179926,-6.655147672528661,3.4394343828631158,-16.86012247930918,-2.6019957054439824,3.3025607209583585,-0.7490427345649753,-0.8509978107348659,0.6695813825392527,-1.64189847528593,-2.9901127112122783,-0.8361451732367575,0.0
2023-05-16,-1.7142857142857237,2.205781392606476,-6.601637375088387,-7.051236103246339,-3.186451338402063,-1.243936893224773,-5.397706160667837,0.36094934882466845,-11.739664461379562,-1.4563732439747512,3.2003359932801345,0.17236507487992103,0.24296143645827772,0.64507179024762,-0.5989426783125418,-0.864586296765002,0.44258094572560136,0.0
2023-05-17,0.22659520614538575,1.3585593305366794,-3.0019978361145117,-4.330458197097242,-3.595380548212046,1.9164702580583004,-2.3170750293381115,-1.3513887735039032,-7.932784515063007,-1.837236382455687,2.6664430655710225,-0.20869172847512996,1.4815818463514319,3.6056763497137156,1.390594880530771,2.302312964115605,-1.159043829941131,0.0
2023-05-18,1.2302652495341793,-0.6547335902383211,-1.6680484750127844,-1.5950973329144968,0.33723937364416035,2.2494846202276264,-3.2780969142088723,2.112699287912445,-4.766667179542394,-0.8561421714878614,3.3753978446591004,1.2041007582426877,2.5761485304149234,3.181435634884444,2.453313968604043,3.104998589843544,0.7569959737796728,0.0
2023-05-19,1.682019063951179,-0.7884503834833634,-2.933156214183319,-5.207445870912775,0.9526925953627474,2.7912703930528693,-1.9094596624768423,1.6779029038454185,-2.774489032901284,0.713544369486252,4.3840925686682075,2.644897492351239,4.580712662201014,5.180078660126375,3.313751466409731,4.522040418412243,2.8566134981725,0.0
2023-05-22,2.2206409677277383,-0.187720907281963,-1.7635113971894878,-1.968416745806234,4.031768322769169,2.9453980758502585,-0.6066340160284955,5.014463878618347,-2.9524972561871032,2.302546951376394,3.7086759523409896,2.175696703918506,3.9304789164625653,3.472843700311934,3.3564794260242614,4.473906318247356,1.9028925963505694,0.0
2023-05-23,1.7097199719536382,-0.6397618101150693,-1.8325997611840839,-2.5518873929640806,4.6700082747600735,2.55020596229798,-3.922972787380563,2.8901326641383784,-3.31200659652765,3.4093855327975042,2.2796101536258995,1.8661337536590938,4.88317812374115,1.9635451993165631,2.744343861532994,4.033669418033647,1.7375475757074321,0.0
2023-05-24,2.640521308067467,0.5218924041560324,0.31250222453178544,-2.492490704105832,5.367810369916537,4.201869970340799,-3.8757952105533233,4.356277914220974,-2.2772338579749585,5.603561141660118,3.1029697474326934,2.5515544114735,6.796290328356069,0.05502772881649243,3.2186985994670847,4.460546869872273,2.5597013681736946,0.0
2023-05-25,2.14919190384415,0.5012276872189636,-1.0188833280091014,-3.562465637634593,4.283683911313219,5.360015647731231,-8.67312381468437,3.388695419233878,-3.806563783792083,3.3229491173416337,2.436323366555926,1.4986144884917563,5.594914799009221,-0.9642698244293091,3.149763601251898,5.842450982658565,1.2728454092597818,0.0
2023-05-26,1.8144126435912566,-3.1446065855989858,-2.1036773095644112,-2.863429415437102,3.542086128419686,6.432062805788852,-7.015961274930261,1.9453581828221544,-3.9001031610390036,-1.1268675614079515,1.451741266225759,-0.4598918557333076,2.9070107849221705,-3.0065580706579165,3.0938550094026684,6.294530997330994,-1.2623409794194296,0.0
2023-05-30,3.0063026381839553,-3.444862818209904,-1.7615673583439517,-3.461048776288922,3.6566523605150225,9.831323328055387,-6.433909737674492,0.09793630859777913,-4.483570947806415,-0.3183496752833359,2.0022883295194527,-0.03344201989800011,4.048390783712663,-3.049803905031001,4.647000740557883,10.696782863014786,-0.47576861239623236,0.0
2023-05-31,3.2289075549466917,-3.527767434298512,-1.6712248802793317,-2.316663850443168,4.653138455003569,10.306141663610857,-6.408173776954551,-1.6519005166228728,-2.249595011767591,-0.3986625514403319,-0.13982629272095703,0.08685176365113012,4.1898917982106765,-2.9703474746102354,4.6455158453595935,10.106852950617329,0.20177629293949284,0.0
2023-06-01,3.138097149739072,-2.7559148859616855,-1.3205273450184296,-2.142364572708444,3.8442064636930784,10.533765975742003,0.5917310424549127,-2.9912290379523476,-0.9435112642136256,-1.8836706121929336,-2.259524000749602,-1.2407500139097527,2.5480491771742386,-2.049997443893481,4.720890441477876,10.285503788243332,-1.7679123901193305,0.0
2023-06-02,5.087621494534256,-1.0614888115870746,2.2951208823314584,1.5455110132414296,6.968310914699605,12.574810418753813,0.9114266955483341,-1.0247335090637244,-1.992104188410393,0.5307443365695663,-2.6135241197042025,1.352379342405552,3.9843482400478303,-1.9134648078884764,6.507036205369543,11.826149597790847,1.0838666777491568,0.0
2023-06-05,5.487728638554468,-0.34808884807683294,2.89957978157358,3.0458299395570876,10.09661230819614,12.109785787343164,0.9982012507581794,0.377827928744523,0.7396677658951356,2.554791855790417,-2.157029629235596,2.3288558474838794,4.113010721529986,-1.109686244336161,6.4710738270007395,11.782840840160237,2.088070775308304,0.0
2023-06-07,5.4575363674483235,-1.1832698497995398,5.423692328460761,3.334329422878568,9.42972608890884,10.780961012754897,0.48703849175175673,-0.1843035588027231,2.117498220921954,3.518179440230207,-0.17363937272776298,2.8236156949028146,4.904102228659535,-0.2524121295658266,5.871209594578386,10.669037197320286,1.8851046912271352,0.0
2023-06-08,4.657548523646504,0.14553898919962283,3.851739995386927,3.759046764815044,11.462633143780865,9.471692361600503,0.010401389625647184,-0.9090568827255896,3.5381780306065203,4.679056280479754,-0.04900359359686357,2.9164900381517533,4.3432830622409435,-2.753809903205573,4.923686397962612,9.122054699141714,2.363566806939321,0.0
2023-06-09,4.999602448914686,0.327641305400439,4.6043119006016875,3.407059938946655,11.827906230232532,10.207541459660607,-1.9238337652248139,-1.8613044361166176,3.426771144680485,4.2653408347507415,-1.4854025440894536,2.3486825490361074,4.57589285714286,-1.8777029151125446,5.300600720164139,9.942621394528594,1.966612176152971,0.0
2023-06-12,3.6078635348078425,0.44689259419661287,4.95236306977902,4.949609017109502,8.456273905111168,7.529322883242173,-3.102457154234539,-1.7891208119571012,1.9355562320744868,2.125466958650013,-1.493260150133191,1.0891971697587488,2.6620822888157925,-2.5696183385711557,3.2497754904669884,7.166129936915877,0.5518528828991176,0.0
2023-06-13,3.162591706164841,-0.6370333750678414,3.8205117182182224,3.4352109602049152,7.601448416136902,8.02423102899812,-3.8177847685658906,-3.2120803042879342,1.3762125483824938,0.3017729158807825,-1.1947141316073329,-0.10522235144265757,1.6791118934726512,-2.540095725921576,3.35357995841854,8.472221349042197,-0.7214795227135418,0.0
2023-06-14,2.0069716266479576,-0.8466043192125183,1.2096524680128118,2.658285368070268,6.856945542440185,6.37434267917929,-4.550791819397782,-2.342162115253732,-1.517687934301959,-1.5419330575404122,-2.1911170928667567,-0.9422232046641499,0.40610685298254623,-3.125631525766237,2.4928576629673405,7.517277309447445,-1.6411841249186598,0.0
2023-06-15,1.6004206508403396,-2.54996408501289,1.3557529911012,2.7898179375158705,6.933301836221073,5.552256431948499,-3.4837499287391216,-2.9068341041880608,-1.6692558891601594,-3.8308951152987936,-2.9880478087649487,-1.621934736435604,-0.870075440067053,-1.6997654014385244,2.368813273944781,7.538296241376297,-2.2845815121134705,0.0
2023-06-16,2.7831165425159288,-1.2441613475224433,3.400457936702894,5.462369010960022,8.895975867927785,5.5349344367713105,-2.653507726374571,-0.31184646419781803,0.42707017066812014,-1.0678391959798916,-3.4405405405405487,-0.07800312012479216,-0.23457062271435847,-0.6816473576445659,3.014848289218852,7.018583927211908,-0.8702518630628209,0.0
2023-06-19,1.9809989799946193,-2.9105771945628245,5.425951907076909,6.7549084923776315,11.506879613672606,2.380679387730811,-4.121760243435668,0.9592104105809351,0.5687826449194189,4.507619413497244,-3.5760657866262813,-0.16520594741410433,-0.16499866294186205,-0.5539948700947539,1.3439390314753386,4.079907798693805,-0.9451795841209698,0.0
2023-06-20,0.7499458522850277,-2.861861552396505,4.776485996702107,5.285693569690086,11.143314563321205,-0.11215640675104055,-1.6950869671860103,2.6889749219382697,0.11050431607437794,3.014818599897806,-4.39868600272415,-1.1262579799838246,-1.4173210603995123,-0.9291076912369856,-0.33403819745743135,0.6649767035007192,-2.0341553474878094,0.0
2023-06-21,0.2138045570249103,-3.230558885328072,4.0585159207426,4.306042337049143,10.019740604763584,-0.8353279424977544,-6.087577721920889,4.521150496899362,-3.2613114036459168,3.757262750161394,-3.823679887982334,-1.1112977270182567,-0.9980443725133181,-1.9585878564052361,-0.5446770964129377,0.7471456092422502,-2.5270281422794527,0.0
2023-06-22,0.954783062234088,-3.338411731098845,4.081322988497349,5.9773476758794075,7.904251110845362,0.5665395554192543,-10.380438909560329,4.968511436816736,-5.085632511117599,4.215851602023601,-1.6872551973485916,-0.02535211267604698,0.043771388292013214,-2.246868475991648,0.28337652059584606,0.7706427539720728,-0.5432518455565027,0.0
2023-06-23,-1.2016791216902023,-6.00838303610759,0.052123403943893365,1.7881983482413322,5.278573817767596,-1.0479028044577787,-10.046312424434934,2.297225823664073,-5.97431860974782,0.4378058202420876,-1.95175438596491,-3.2468796041475567,-3.670887489392116,-3.916317846588502,-1.6190336196216015,-0.8544485004652547,-3.7939710888549083,0.0
2023-06-26,-1.2697817932943556,-6.04023969162607,-2.320549632654645,1.285992177908657,1.4803279118802415,-0.30403653292699895,-9.025487566851142,1.6857633849796994,-3.8486248355615316,0.42994436014163195,-2.7319433495528345,-3.929770488194173,-2.3512777836534937,-4.033819766235569,-1.2501728784151456,-0.5501042067318385,-4.264693927322972,0.0
2023-06-27,-1.3079217005658395,-6.855683569071324,-4.940128049835613,2.1186962443329183,2.051702913418141,-0.22520203103768566,-10.26318532416094,5.875074967297733,1.1846873354600884,-0.44219835754897296,-2.4650758275805873,-3.9284538571271788,-2.9445332115955347,-4.807102697193977,-1.0723286290322709,-0.7731467130832947,-4.118297401879478,0.0
2023-06-28,-1.7871574391481682,-7.760327200549244,-7.43685354812178,-0.36031135073907317,0.7078607068248033,-0.5226512719282872,-11.28017389314724,5.559149177270495,0.16095832108089514,-2.0649710400402976,-2.086397559514075,-3.7537413845182277,-2.9758328326323524,-4.430285968291592,-1.386805333153529,-1.3572218694001936,-3.6267914594910744,0.0
2023-06-29,-3.4507564857865436,-9.630368451815974,-9.835191219344875,-1.9775478628323295,-2.204361444359093,-2.308002535810594,-13.058727271779746,4.3547165907178,1.877655586103466,-4.9316099887062315,-4.2108726046549805,-5.3435323792290434,-4.9214503348245175,-5.8673270584567945,-3.174418508023291,-2.4350264460439197,-5.722891566265065,0.0
2023-06-30,-2.4747561184322975,-8.498185081287335,-8.63777659653161,-1.6535133698524995,0.47647510887200983,-1.635808277991535,-12.148050579557424,6.685273539894787,4.976500730913713,-3.910191725529766,-4.159838304381081,-4.081126512166222,-2.4552796352923956,-6.0415013626798135,-2.2572268475347435,-1.9800291682348536,-4.279851475473906,0.0
2023-07-03,-1.3449837942341558,-6.367099936996878,-6.4978735518154584,0.8760450812465903,0.15088453942069258,-0.6641183881782586,-8.860592011601021,7.104319512965129,5.332704847199299,-2.858217374952987,-4.416300461282308,-2.2480319325867693,-1.6106153175994842,-4.494895101882568,-1.2335673287531823,-1.1301923645362977,-1.6902056855362613,0.0
2023-07-04,-0.9839332895520525,-7.155081835808453,-6.1981731442775745,-0.09240132792327493,0.15987074280368052,0.29768935348577497,-7.504653302240016,7.190795781399806,7.435975560865304,-2.279093455564052,-4.689564068692209,-2.870292887029291,-1.538539428237129,-4.5841735623392,-1.113725359087625,-0.7513617336781797,-2.612822675331994,0.0
2023-07-05,-1.1324342352426964,-7.663895332451709,-5.537235215660741,0.34443829633947765,-0.011895253793747784,-0.15735191598054143,-7.758643834807311,7.187979635383535,6.247077979654669,-3.197112285677439,-4.883733836505922,-3.25809617271835,-2.4070848342381046,-5.470710108312726,-1.6456036117684647,-1.3905808596477498,-3.0447145684021626,0.0
2023-07-06,-2.646822480091704,-9.299902820363037,-7.824909309084349,-2.36567799492885,-3.3165904615692687,-1.5706105366970924,-8.796800174140174,6.735419432093481,3.3606217946676065,-9.16825396825397,-5.113779494499948,-5.213560834169728,-2.561981598150753,-4.954766875434913,-2.7361032775584437,-3.1065407917524435,-4.837531945965701,0.0
2023-07-07,-3.172638436482078,-6.837625775146028,-8.920318560699837,-2.4373500632327016,-4.004297698252001,-1.449206694477767,-8.02121001006314,4.977462709152025,1.2155681944909125,-13.515500551403015,-6.0595859282948865,-5.5365456891232405,-3.341900848582946,-5.221648082676089,-3.2642875810381278,-3.5337368965008165,-4.8848265702424065,0.0
2023-07-10,-3.232741246338644,-6.4744425491285345,-8.311720689619351,-0.8451910101903048,-2.649944120203651,-2.476814181521325,-10.625776321713143,4.712409451259814,1.7629179331307032,-8.94097222222221,-6.045368197563972,-3.5385005780020906,-3.077679112238707,-5.720005971145303,-3.3938420574375128,-4.710096737867852,-2.8874305906107955,0.0
2023-07-11,-0.7798252169300413,-5.131064470461344,-5.284936504694349,0.23952524626247307,2.236140456786373,0.43982854804753835,-6.958883423207174,5.014551856709137,3.660546900252104,-7.192633150821304,-4.737239969762297,-1.7238939055113534,-3.1435188338669096,-2.369943228478588,-0.8359920154231926,-1.955139774296799,-0.7061333694584504,0.0
2023-07-12,-0.7317731426148,-4.7824508371821945,-5.253552866620181,2.244712358605727,3.7180394396937544,-0.30003268964580165,-5.716545218324576,5.511615518657975,5.294899646574369,-7.306447597709742,-3.8196862898058015,-1.808909300949546,-3.358126267820516,-1.6515835090810338,-0.615641799150568,-0.9857232867794719,-1.5498550676071865,0.0
2023-07-13,0.8221469981712914,-2.1362852213916095,-2.8053473588807165,5.70205819251981,6.835199560348992,0.2503163169861766,-3.1995717198409768,7.366956903691024,9.917436764440346,-3.961538461538461,-2.7929993290091715,0.18100847579369805,0.03245680636618786,0.13078380084783348,0.5566702241195376,0.38533385072148096,0.5658119658119576,0.0
2023-07-14,1.7852993571373377,-2.419860647044725,-0.4348815864595901,6.649595135351549,6.472916002103601,1.4234624446720634,-4.211245162758937,7.884029866975983,5.558560565083193,-5.6408964996222615,-2.4649264993572118,1.7444858206817404,0.8260034317050691,1.359385979136274,1.8597426408175854,2.110953211850841,2.302910906558875,0.0
2023-07-17,1.4569669829045617,-3.2405499461959364,0.3369430473413315,9.076525634607723,5.192105330698338,1.121814054536041,-2.4252702004216364,4.221231043710971,-0.416290423789778,-1.4720812182741128,-3.7172235071195825,0.6881781838949275,1.1197026363490403,2.663739214850147,1.6363304419450886,2.013709081515569,1.6465162023298952,0.0
2023-07-18,1.6937122444124597,-2.3482527123071972,4.207633576338576,12.742696662827413,3.6224306115101967,1.701760486662507,-3.2336908739229786,3.0527488158018423,1.1295331983868229,-4.037027513499614,-4.620563035495717,-0.2824536376604847,0.07339491625524275,2.4806201550387597,1.7208151544545913,2.297794395461228,0.11465182937109297,0.0
2023-07-19,2.28311934808354,-0.599914552229941,5.554340362643151,14.827023714110599,3.891708967851115,1.5909761663103428,-1.4290081460657245,4.4172453729782735,0.4875954491091461,-2.019535374868009,-2.4326722188832584,1.141202027516286,1.0364020216236947,2.4256974915142004,2.133594239467196,1.0041401656066373,1.7486000893194742,0.0
2023-07-20,1.4019529848534384,-1.6265406193400223,4.5168943409371165,14.405928795155166,2.8359452017540754,0.6439635208422168,0.20390661077225314,1.1626776497207114,-1.4179830800329474,-2.835389866106608,-2.738750035623705,0.6435302229372608,-0.18200608600792423,2.4655094866122607,1.2586365483753692,0.2741764208278097,0.9782904586906227,0.0
2023-07-21,0.2801185028069586,-2.7183518349524705,3.4077384521988385,19.03240722052395,0.9386452699557291,-1.5726329099470804,-3.274547492262214,0.6044874615046103,-3.0086964304360087,-4.25861401471157,-1.39924041234758,-0.03969941868707805,-1.6551442291319107,0.6152569284064713,-0.14139331327456262,-2.965349059424216,0.03846604117538899,0.0
2023-07-24,1.358109905873195,-3.6032830300944396,6.463964005907141,32.20829279729149,1.6224752298718892,-0.015690018820968543,-6.776612907889168,-1.2775426502029008,-5.616753238999339,-4.469055374592845,-0.8431508431508528,-0.19815628500042815,-2.421856699670333,0.15213074134130533,1.1402151955439477,-2.550558228726718,-0.15791886705947,0.0
2023-07-25,2.227995347033729,-4.332986044873577,7.045855036049198,37.4471006433968,4.675390890550646,0.9636951400001204,-3.4147931680851173,-0.04976753323292504,-4.342680262199561,-2.7167399121054814,-1.146507964291954,1.1883024664522068,-0.7254957457992317,0.42632683824550544,2.1654366281302018,-2.362661942330313,0.8335334270915595,0.0
2023-07-26,1.4110292650677314,-5.803876176060319,6.576127955692579,32.619704516991696,0.4107803964548573,0.587144545362217,-6.246606402338973,-2.970822281167096,-4.479474852071008,-2.0830420802460448,-0.7787610619468976,1.9824695570327622,-1.8222837273668135,-2.8426563186411014,1.7645593326632403,-2.04825911515929,3.119822820570972,0.0
2023-07-27,3.051398854637055,-2.2599911407871653,2.1590081059550625,27.42157604217228,-0.9565217391304226,2.2732305639205697,-0.18274612115346534,-3.523224628502053,-0.5430334319712959,0.8784358175120577,3.1774472914053664,5.798693586698334,2.618436956457648,2.2909242375156236,4.608479672316856,1.9979613264234697,8.264986447956634,0.0
2023-07-28,3.4760185662712884,-2.832520402863259,2.1614997375308365,31.468049720873825,-0.10714832389407958,3.0996396589325625,-0.21241344152257424,-2.8581504088047605,-1.0108155693894116,-2.437695764673853,1.8761893434823929,3.3935461241669573,2.275728704839164,2.9413134389523643,4.701739035327557,2.963390312064784,4.915618394150467,0.0
2023-07-31,2.735230186264137,-2.646702650847832,4.356555655119321,35.769236553964625,-2.097839012588665,0.9234706156795447,3.7269638628641966,-3.945393192111779,-2.1842503235060207,-1.9039957093054505,0.6171932402645242,2.6528025807938116,2.572758066973768,4.020187797719732,3.108494055709432,-0.2370194575023188,3.8900353019424516,0.0
2023-08-01,3.586797787720619,-0.6399512868489277,4.5986515120898686,28.13499755439213,-0.7447350683084775,1.9335193124687677,3.1921394763645194,-2.874770561733331,-1.4627086284412116,-1.3159661608701523,1.7525056485719226,4.599845045768891,5.76666411886102,6.064910740945151,4.020269981813374,0.9463779480064938,6.720786956669733,0.0
2023-08-02,0.9740547925116472,-1.6138320063460276,1.669857574750755,20.581067486574955,-4.944701646090532,-0.7885933829290925,-1.2272898427939438,-5.84126686496943,-5.172851489584107,-3.0303030303030276,0.26460352612960314,3.547665481243545,2.8344139101817545,3.919290186010893,1.0715165100146917,-2.1721802708857707,5.277829715626137,0.0
2023-08-03,-0.87166609595557,-1.608935478970197,1.0544805898268228,19.053723039877113,-6.117458440959034,-3.504880902036722,5.734909695817492,-7.707265038028166,-3.885338799131899,-3.656258340005336,-0.8510028653295199,0.8389875841099181,0.1933601700665033,1.4931342487668253,-1.4291309383931972,-5.215994738495599,1.6036388990338324,0.0
2023-08-04,-0.6185567010309256,0.2907484035457708,0.8726383431119533,14.614271405265434,-6.111843068364797,-3.854261618568733,3.4259661569778332,-5.7766707751301,-1.919559838320506,-6.800618238021638,1.0303012763001718,2.3964153030260116,1.590615143745322,1.946852603020588,-1.3668586897038537,-5.353010111241319,3.25136794341383,0.0
2023-08-07,-1.0319755179052148,2.2484206779962657,-2.1478490029771424,8.959243749740864,-4.973198332340689,-4.803210936934721,3.2212147092850696,-6.405114716529081,-3.0604449333822226,-3.9255091103965745,3.940268906582678,3.5220737604074293,3.625800019481229,4.6863041737118305,-1.3484901950899797,-4.768630278246421,4.4410387685674735,0.0
2023-08-08,-1.3135294298070588,2.6833738277029173,-2.77735231632229,12.332258716141764,-3.9104566908196414,-5.486065448320431,0.5947277205144541,-6.550139185602378,-2.264404296875,-4.230095648659571,3.8837229767387127,3.6083507546035065,3.52630336800539,3.48995940654524,-1.912136668823461,-5.62900432771849,4.939563778783174,0.0
2023-08-09,0.18806028697460064,2.254574412032384,-2.053923370156596,12.25123847642795,-3.764307260030575,-2.5825649616808777,2.2695307122807318,-4.83140324743686,-3.013457273914766,-3.2153472034585184,4.137365213314581,2.98013245033113,2.621179962382003,3.846670668016383,-0.24716186355819847,-3.7292536706194923,3.5399572037539295,0.0
2023-08-10,-0.31420513763719127,3.0475297079227914,-1.6832289159206315,5.4505039854854775,-1.422126817488134,-3.253629734336849,2.187094760097974,-5.420380104428135,-2.4161053182000014,-3.194500606550754,2.9366619363433655,1.9375336869875914,1.924830603363703,3.5138527750381066,-1.0767007024892528,-3.6552617827141587,2.295372475591817,0.0
2023-08-11,-1.417902782163416,6.871406959152804,-4.270868499721003,-6.687788251688498,-1.3334001704346066,-5.4598549309477935,3.265845398042355,-2.896641946062528,-0.20717030664368918,-1.1865793780687306,3.9953407105416616,3.7120165745856415,4.114946835917377,4.264105292838871,-2.516296172488708,-4.053336230729299,4.578387019966668,0.0
2023-08-14,-2.4878056181394825,12.254464354191018,-7.232250425823617,-10.516409929158211,-6.198957639914915,-6.356644504117359,-1.9503845319318258,-6.022686076933503,-1.822594460835636,-1.9028062970568138,6.064630367419199,2.832755707043222,2.8010031012352554,5.123671657734308,-3.438614365766679,-4.854840275754924,4.310110219077434,0.0
2023-08-16,-2.57371661343333,13.216857030326889,-8.442847938712994,-9.32641677695667,-1.7507069005526232,-6.32520341446603,-2.3267950561969286,-5.744875368605973,-1.9342141347658437,0.5425471159337558,7.167915328814378,2.067951084448527,3.6346299630436674,6.36315680400914,-3.685725621955638,-4.408277116280212,2.2610430900358525,0.0
2023-08-17,-3.2245056282908524,8.791529666546015,-4.2130860670656745,-5.522310269323738,-0.49548414016116205,-6.18787119695069,-6.603552006359648,-5.141892136622106,-4.796872774463113,-1.573033707865179,4.112879884225751,-1.338646760025819,0.46424508463278613,0.7175821192652254,-5.212316612931433,-6.791512859758098,-1.7053028578860152,0.0
2023-08-18,-3.9803398356029973,10.057970034990916,-5.36085599214835,-9.511761556309128,-1.4846596519903388,-6.594925947789054,-5.237101865310823,-6.391818185892461,-5.358192126284367,-2.4706867671691723,5.192189825759574,-0.8905097107963833,0.3107058036846633,-0.7600090477267618,-5.3384143538830475,-6.570468888855419,-0.15358953609353465,0.0
2023-08-21,-4.701851415721448,9.739295989683772,-8.016054555560292,-11.686851426688193,-2.5331512770466635,-6.384837106799967,-5.693183476864694,-7.130708128517494,-5.790564233343954,-5.467468562055766,5.4038264933547575,-1.2766912651870133,-0.5736356156869848,-3.1124197943218856,-5.375460434925894,-5.602556986269624,-0.448143405889867,0.0
2023-08-22,-5.67401680495826,7.302568557335887,-8.78337542646993,-8.725212704893703,-3.7996488554675967,-6.722322129345171,-6.554302767101339,-7.853165582985322,-7.1595987374605485,-5.810314328480059,2.2546758903407627,-3.431910457588061,-2.32532283797231,-5.561147887804552,-6.56337854753648,-7.3076440466302905,-3.2723619372638013,0.0
2023-08-23,-4.24121048588364,8.91252609166948,-8.100037192574472,-6.386122616844392,-0.8565582087533108,-4.956532476886544,-8.784741663787665,-5.7076003276744665,-5.9022692556022776,-4.350220264317173,3.2930782249505075,-2.063426118266165,-0.7065385807251245,-4.722361874382397,-4.603533295810635,-5.236606007884315,-1.2286876776026912,0.0
2023-08-24,-2.598843167433673,7.37508499891617,-8.370623895648688,-4.046955847031697,0.7374249637756014,-1.7862231666867179,-14.519618144325264,-5.269815845395676,-6.621820804716661,-3.642659279778404,4.46493078634802,-1.2619705726331198,-0.2674732244630773,-1.7732825430185173,-2.362877045854195,-2.0082274442262293,-0.24018038036728306,0.0
2023-08-25,-3.2142308283387266,7.982281258478929,-8.223743372445202,-3.2872652449227546,-0.12473688313713316,-2.154522251858937,-12.67789626338719,-5.883288064460446,-7.308282929580989,-4.436152570480923,3.772666074651232,-2.043981609704759,-1.6690118824265188,-5.458564493758655,-3.353535866908941,-3.3069729531299608,-1.3394083337372464,0.0
2023-08-28,-1.445338685865527,6.342838744485135,-4.315167336133752,3.4922533892848717,2.8700511856262434,-0.9554595773980323,-8.92078563003562,-2.1647490922244272,-5.590669083458122,0.041835169432435926,2.3401986643470485,-1.2381847327400441,-1.970086533410742,-5.879152640348185,-2.3561324169413256,-3.3515150386904224,-0.8643070224945593,0.0
2023-08-29,-0.8477144344555931,5.355274173294267,-3.7035252251918283,-1.643737481542118,3.042252546740687,-0.2614915137082452,-3.1132309291936444,-0.7800376856572977,-5.834322113282964,1.5614010409340295,3.588874770577455,-0.674424389839412,-0.942457283610143,-2.9140705000260225,-1.4606669379537918,-1.553588739629097,-0.4954795534249268,0.0
2023-08-30,-1.685143102812925,5.7295433053345945,-3.224121408982805,-1.1990249975888045,3.0210390725633474,-1.9554868853475238,-6.40175566934894,-1.2632023464718034,-5.359100447896747,0.4327191513121109,3.539673607203153,-0.17463133385076102,0.5425704837172862,-2.9329813755682665,-2.1372118829997233,-2.147540474192855,0.6574236802707745,0.0
2023-08-31,-1.7408785497932011,3.945219212454165,-4.334111343828617,-1.7990375507244694,3.306340484170067,-1.2482883683061274,-6.176451580685138,-0.5099894118245296,-5.892736127090192,-0.027847396268443347,3.09765635990209,0.8376467969054557,0.9411258401897937,-3.347798595050633,-1.6098388031216992,-0.9117245011851183,2.248770203794792,0.0
2023-09-01,-1.0631893364618006,1.3960533393731822,-4.801460336834962,-1.4547903183569688,0.635912547206563,1.4249186381565915,-4.793397365433472,-3.4331931472681876,-5.59094798897023,-0.44168391994480194,2.063732078853042,0.030519948948426467,-0.337982229220557,-2.547348402236782,0.16802544385292606,0.13022881265294384,1.144901610017901,0.0
2023-09-04,0.5321155873303729,-1.8168054504163478,-0.7719392524672353,3.3272250206117793,3.0749658144808123,2.887604055347781,-1.4623801327759978,-0.8240302655673437,-3.200685053237029,2.1071727602567814,1.3021702838063476,1.0333686145618692,1.2604637736938207,-2.3449955325075766,1.8533973907139734,2.251505255638353,1.992629553533587,0.0
2023-09-05,2.2386405030012213,0.1552924674804279,2.5740092734511277,8.418281450901844,3.793869624549484,4.25520326903206,5.160617710301696,0.7907036454148253,-1.9114986017437108,2.91110479977279,0.9348905595472523,2.0514849246941136,1.0812355344743896,-1.6331157616926384,3.116810265489822,3.2891565490690278,3.074302535183304,0.0
2023-09-06,1.7258963827212037,-0.46326972810513123,1.679877925269735,5.964646882965274,2.064314355851793,2.546557371946112,3.5174939709315067,1.478653079731762,-1.2234856040959974,2.3972602739726234,0.2418614995413071,2.955398793946973,1.2364601324533764,0.39172349352669666,2.583134478561022,2.256423465773705,3.684776316877536,0.0
2023-09-07,1.7472549411060134,-0.874521636943737,1.554794747953725,4.822037468619689,0.2747917458781224,2.707480944964691,0.5641414011757773,1.0078183724570922,-0.5940095645607935,1.73178760555317,0.4023084179568315,2.8980546522904937,1.502744016320423,1.8826639923417154,2.7928102901839003,1.9600572637226588,3.4619074398756,0.0
2023-09-08,1.54974489795916,-0.7951222891983689,0.4574514030510901,6.353290558890112,-0.4580887471745454,1.817176347567595,-1.5991431613877727,0.7987457869276016,3.471670022163198,3.5135916714864157,1.308022724123581,3.4021145975443368,2.7037122169865535,1.203857424089838,2.2809732269996053,0.42324144793808305,3.878308186989865,0.0
2023-09-11,1.635304125227588,-1.2625835553620957,-0.1202719428290644,3.358100876235093,0.9392217630854072,1.5107428410144452,-1.371863136770024,0.920751325432545,2.053318971320861,4.969661947414039,0.4649349926223012,4.735660918723905,1.5383652237259904,1.134546768438649,2.1145289309198123,0.2404450489592591,5.3037672079795595,0.0
2023-09-12,1.2404709638794698,-2.1076268839639867,0.11846525608534275,1.5588177148218696,-1.5530784385634266,1.2388112075951696,-0.4525448300181423,0.9230104636651637,-0.37822368751360136,2.3747841105353995,-0.31381043627981553,3.5435520361990935,0.9680476193178134,2.104295929693034,1.8747963613628293,-0.04557575757575538,3.656722517368216,0.0
2023-09-13,-0.11743009362882306,-1.3083300608950021,-1.7976651713886405,-3.5045557862346532,-1.1447015813491612,-0.828155653333762,-1.346199353193278,1.7163031991545674,0.21326258165270673,2.975420439844778,0.5781785990926158,4.52990244592113,1.7941609143374393,-0.7818489792279504,0.41734131072879155,-1.2344352103281553,5.304879047447475,0.0
2023-09-14,2.1336646633374867,-2.0188888464038546,-0.2833699467162609,-0.924321114322979,0.7588964344877214,2.2635221554526685,-0.13114797313771298,2.5925014357207177,2.04043682591204,5.032537960954442,1.8025727378126355,5.312712056095914,2.659299598521292,3.5658289245665165,3.2626177193666894,2.7885023744256943,5.965871872134154,0.0
2023-09-15,2.2752918326184313,-1.490652395681602,-0.1158519247173806,0.6410850353192332,-1.0459241958823196,2.719595230034244,0.21390512148136143,2.0083519379624493,1.0868476409896743,2.5787566211318724,2.5224830006580268,6.282532042312661,3.056539494167798,2.724891618497094,3.9982381236889353,3.218298555377208,8.01411864213797,0.0
2023-09-18,0.8839571186759487,-0.17547780454089112,0.5976233644751971,3.386711497784467,-2.6259693175333165,0.5061641305218023,-3.058531380831453,-0.7135575942915362,-0.2967752632015208,1.7174515235456989,1.6763888131712257,4.90051481842213,1.822580464092871,0.26010940684328965,2.1895716055554404,0.4977939765969497,6.318103922139229,0.0
2023-09-19,-0.07847822522077941,0.808289466761547,-2.1261835888352065,1.8514985187124244,-1.8921712456655193,-0.8287672129798196,-5.449054621848736,-1.1729046474545202,-0.40706910246227634,2.724113968033337,0.9348334148594928,4.592785938411126,0.817268561362039,-0.8353847657812219,1.0750640537358969,-0.596381696988546,6.030134505949314,0.0
2023-09-20,0.1357446592104905,0.3153892202292452,-2.8059298270909694,2.946049382164717,-4.141656168432839,-0.7059740590697694,-6.988816390937902,0.43406327843251713,1.8672963558413747,2.2144846796657403,2.2104573736491773,4.205878294466658,1.8293606493921866,-0.822698594780602,1.1832961704154377,-1.1172353566546889,5.311276272676424,0.0
2023-09-21,-1.901151066228246,-0.13709684174668668,-4.418285047428561,2.0214014665486335,-3.8578364142735633,-4.171561008941838,-8.137590773443371,0.28421275893759645,0.4330748313022603,0.013863856925011575,2.699662542182213,3.5586497656228344,0.0868981316901607,-3.373944803014961,-1.7420514356626282,-3.710149662599427,5.077660224458946,0.0
2023-09-22,-2.9568009905012516,-0.762659734071125,-7.158894743374211,-2.848206784384577,-3.7934827328525045,-4.709605857769638,-9.765378880980158,-0.8243161550032907,-0.510749098678076,-2.5556922235889123,2.960887716985283,3.2586221156232,-1.4588503588436441,-3.7916775055839125,-2.789370672123692,-4.155594645508199,5.005755579714766,0.0
2023-09-25,-3.3467844999186536,-0.5404579304212564,-7.966942086625717,-7.35063846998324,-4.878089892375237,-5.208535019840477,-11.796269905198598,0.880263418592131,0.3806936338632827,-2.1388160618186824,2.9958223394898953,3.4583967880382094,-0.33413049746434664,-3.7805328219395196,-2.856851428425722,-4.4003123745757105,4.968874342189711,0.0
2023-09-26,-3.915594497803665,1.3811099438792551,-8.457935148241535,-6.689437714400325,-4.4097507532183,-4.940723094948551,-12.736627693304337,-0.9039898783235412,-0.1615617637159228,-3.2887402452619785,4.44838870708304,1.1714325183036278,-2.3009219505581435,-5.858294776219585,-3.4408454746798878,-4.498280791465681,1.5807187405292522,0.0
2023-09-27,-3.264580537307815,2.5946159044829997,-7.172637935344895,-4.607438918468143,-2.171627514175911,-4.718686465663335,-8.4459222291006,0.2843979295830801,0.332539963876366,-0.9566685424873267,4.835990825434555,1.1836779952320242,-2.2215931608447037,-5.395078299776279,-3.423325160065782,-4.498724001732956,1.3860689677223315,0.0
2023-10-04,-5.573305909690374,-0.1215233157147777,-10.126643287751524,-10.393744204115386,-5.156276981523056,-5.998835701939697,-13.920888883296312,-1.2262001588637772,-5.596886803250545,-3.6876658751222258,1.9503788604097627,-1.8141337511338396,-5.852566792558401,-8.854745598623115,-5.111914726710842,-4.713569649900595,-0.9079797450672333,0.0
2023-10-05,-5.994806170019718,0.2821963581226328,-9.157510582669314,-8.632019697789396,-7.623815575133697,-6.149537467332333,-15.524029708770893,-1.9151788463451669,-5.363150603601818,-5.601431323974671,0.6789336584825056,-3.8407290875556055,-5.745225857439928,-9.590839667384166,-5.410427698223918,-3.6423968823552033,-3.1500501002003967,0.0
2023-10-06,-5.040251046684907,0.9366002307890531,-8.621836570103202,-5.2759483188804746,-5.684830633284232,-6.257698634653142,-10.936034268995876,-0.8513147819635414,-2.6290590824331828,-2.9523407844791127,1.950078003120126,-1.8162947586922606,-4.876445033916498,-8.66427279450419,-4.799547057603215,-3.668742764379085,-0.07096448621712881,0.0
2023-10-10,-5.212451177654154,0.21380035026270505,-8.048692875673513,-6.547441567042156,-8.513623529819336,-6.323804415880097,-12.478345459875806,-2.1600638479738254,-1.523174369114233,-5.164712451144615,2.6652364056440225,-1.9016961073389904,-4.474990411925894,-8.53243240814786,-4.952791549903002,-3.441366816671676,-0.43393057110863165,0.0
2023-10-11,-4.773231657785604,0.29379790940766703,-6.8795556961801285,-7.313327212330667,-7.3036996229793205,-5.108517782003663,-10.47921973366418,-1.3566338170613923,-2.7534335083911787,-5.755197576758908,0.4365628135253097,-2.265954305044715,-2.9621311856268817,-8.68244918195339,-4.784073740854544,-3.9630147834442964,-1.4140664843061979,0.0
2023-10-12,-4.669239758887933,-1.2252424872560952,-7.080549886610421,-8.937454332894934,-6.560797694485043,-4.281667548647827,-10.194096733337199,-2.456715890820882,-3.630117755867157,-5.095801059926619,-1.0510269576380016,-3.214934569103989,-4.006874244024705,-7.927939017206354,-4.612339549375399,-2.4514423450742617,-3.150317742372666,0.0
2023-10-13,-4.605160949540132,-1.0674317238939524,-8.084941922424193,-11.42407743148761,-8.304101631516792,-3.3403196766214283,-10.903579175006929,-2.6136161195653207,-2.7770387122522333,-6.222766884531583,-1.6219404305514606,-2.9366511035653686,-3.8544440218080456,-7.6822951491971825,-4.06411379858943,-0.9916109144007867,-2.314406496152799,0.0
2023-10-16,-4.8049984174804,-1.0979200773515774,-7.5767961830564,-11.388300351863645,-11.50826692042346,-3.703783349820078,-9.203748156671365,-2.800775222970686,-3.148572757784207,-6.5755648762007795,-0.5330892251359742,-2.9999734515623766,-3.784477228992944,-7.853346835987551,-4.188575832833785,-1.3561390449841948,-2.0461683895953375,0.0
2023-10-17,-3.889848187706557,-1.0299423696410015,-6.622383409979927,-12.071483518708103,-10.497427395871807,-1.1504673278148747,-6.477847270377069,-4.945629540511787,-4.424022226971569,-5.450333832947263,-0.3978213274950626,-3.517042294552286,-3.922432789775232,-7.0581750492472946,-2.900324350229788,1.3583261070597707,-3.049113647401658,0.0
2023-10-18,-2.082331001960258,-0.9022787641548957,-4.609669160098406,-9.494020376117229,-8.36133865434434,0.8742002136857163,-4.822769074388223,-2.57604526996541,-3.0050808931675332,-3.091211533130034,-0.24844388641038773,-1.411506320977085,-0.8608976563513004,-5.331665740226055,-0.6889673763930793,3.418856400853487,-0.44528094013954744,0.0
2023-10-19,-3.6812286444482534,-1.6952337678000973,-6.0390994012752275,-12.39722311314675,-12.10933749923635,-1.3615455805189303,-6.615415459705353,-3.650238624013624,-3.9056470825084677,-3.1416549789621273,-0.546870831777202,-2.9715658790548605,-0.8774915200399303,-6.970369403472132,-2.187214751470734,0.8024627079374014,-2.123966564655355,0.0
2023-10-20,-4.8386062762445174,-4.023635576291785,-7.884219103888713,-12.422648828409422,-11.954104461081826,-2.360566048715884,-7.873440485556927,-7.062960607534318,-5.39971598028568,-1.6074450084602399,-1.4516731600576427,-3.878064447061347,-1.3750382900513891,-7.817909609806318,-3.472428818927953,-0.1789980017314008,-2.659533817348103,0.0
2023-10-23,-4.301717032688169,-4.268358568717357,-6.955662084273739,-11.77374284016337,-11.617120343839538,-2.020257484789756,-5.0681704618459555,-4.958920884138374,-6.516755444676681,-2.5504322766570775,-2.2940895332165034,-4.101695840956876,-4.721208721948855,-7.259988782523563,-2.886436940714021,0.025716942189646375,-2.8374473965203317,0.0
2023-10-24,-3.308628152547388,-4.720668397679062,-5.524629526427772,-9.360132174231383,-11.494688254259088,-0.724315704973022,-6.061049652509121,-5.926114986860265,-7.069551465392509,-2.1590909090909216,-3.0550649761446724,-3.6218185803128633,-3.637974361052887,-5.387765912165044,-1.6282719952334768,1.6033271853693964,-2.3006086600018794,0.0
2023-10-25,-1.7674762749980255,-1.0844118247599455,-3.674593606679055,-8.66870467139641,-8.62191391741316,-0.6912854301739491,-0.4889814713298968,-3.3650350323838896,-3.235416377996403,0.47860768672951526,-1.2905822377247134,-0.5402984238963127,0.45166849909368256,-1.2647770412478665,-0.48149645464167223,3.360175571874735,-0.257909491389674,0.0
2023-10-26,-4.348477284073892,-2.0930167441339576,-7.686509313152334,-12.83913115504286,-10.719033902060705,-4.019892794894675,-0.6092559173142109,-5.179175118323187,-3.7327478042660123,-0.7727073917480731,0.6248107676639636,-1.4329233893715432,-1.131072377928033,-4.057378263833322,-3.2574045357186554,-2.452315167047081,-0.9812479793081197,0.0
2023-10-27,-4.397338016299046,-2.845329929518836,-7.0925001342137755,-12.631640753057694,-12.346143954146315,-2.580161326325292,-0.10311556308463254,-6.460309008840481,-3.629964459473445,-1.4341590612776955,0.2349983604765571,-3.710915767219325,-1.4539761313954846,-4.4748163540050845,-3.1606521058151094,-1.2484516044566907,-4.473937538466377,0.0
2023-10-30,-3.830465582831777,-1.6063729245773706,-4.53525418431836,-7.543190306026492,-8.405596788851867,-2.3585552455862913,3.2217789823076437,-7.127652899183801,-3.1751433578927846,0.17662643508979947,-1.8619728875314712,-4.825722479594086,-2.3071104387291874,-3.839012937512898,-3.248178824468606,-1.9520554756332964,-6.704469125388568,0.0
2023-10-31,-7.023852282374454,-1.9418905848739842,-7.860331127924292,-13.043778744970913,-13.855639851795464,-7.349670939228581,-3.258930545931682,-10.610822075240467,-3.645717984974184,-1.4317019722425162,-1.0664146868250457,-5.227591132598953,-5.234085973082814,-5.222744679819669,-6.040211621345759,-5.6632922449139205,-6.016428392274897,0.0
2023-11-01,-7.188424966328211,2.0446951178488826,-9.539660261903881,-16.403992033905645,-14.536219283393592,-7.165261240855802,-4.150051902494889,-9.629428493847636,-3.5063666432451956,-2.5486827033218806,0.01081110300278354,-5.122694379454806,-3.2059980614630224,-5.805003819709709,-6.1608124148239245,-6.092914555720997,-5.822993438442625,0.0
2023-11-02,-4.6019176353235824,1.0929175478640474,-6.332560376015294,-11.972282505482301,-9.589066847131367,-3.564382251630216,-0.6718196922632313,-6.920007124598637,-6.241234221598879,-0.23232176564543794,0.902005668192718,-4.717264751701333,-2.1420912911604306,-3.9352969579913077,-3.4678620836437135,-2.5175117280380466,-6.35896637608967,0.0
2023-11-03,-2.787081732505814,0.5701906653150068,-2.939180458410451,-9.724564362001132,-6.266742196576192,-1.7848796504992603,0.7035534547679356,-5.784252044717619,-4.719424954109552,1.057204923968147,0.7064746643568709,-3.0571749185757002,-0.31896551724137634,-0.7576347014199625,-1.720161960689659,-1.2653185480736906,-4.618330116431113,0.0
2023-11-06,1.7153286155021652,3.521162145413337,4.443947397576387,2.0321038532188584,-1.4318892877022704,1.9921727343884088,3.651153583126354,-1.8654282404026667,-1.233314985551115,3.112840466926059,0.24929634097305975,1.2873651560484145,4.811353211009184,2.7193622089349168,2.0068746694870354,1.2021644010329569,0.7717716307393818,0.0
2023-11-07,-0.7569235767075355,3.3747809820468877,1.7635046945391863,-4.951996289949645,-2.5336644064559155,-1.0865235545325702,3.2854905865968176,-4.034502887301173,-0.9959678808974193,1.9310542125590135,-1.598821638993031,-1.8962753674373056,2.6676751248251307,1.8329500415912303,-0.922657288071671,-1.0656655677713345,-4.254468883048224,0.0
2023-11-08,0.24091398294558974,5.044153102129911,2.3226988575123952,-2.6446309270237167,0.3535042599249305,-0.505476448491371,8.150105864759617,-3.925357396826956,1.9239498585844395,3.1856356791196028,-1.9634666452080118,-1.2795113092289978,2.6592122505736837,5.289743229970534,-0.2004831241432692,-0.42515414662490647,-3.8656586397859516,0.0
2023-11-09,2.1928421052631597,8.527565037420004,4.526831085215632,1.5838993083681308,1.5738681533213228,0.9587891571686269,11.203715000304992,-1.3177756309624478,0.9536760680288969,2.536543422184012,0.43595992418088425,0.9967979952666184,4.347701050258257,7.367405978784958,1.6443447322501026,0.9243078287406004,-1.6989872026379915,0.0
2023-11-10,2.2333285250019097,7.801950053396389,2.3586775902240564,0.43353326024178074,2.2450509594148294,1.1245391428494234,8.933754417625384,-2.615322383304286,1.9131595080962294,5.278722460446561,0.8750475569324401,2.9700714753538193,8.632827197805536,7.879576858419801,2.0302156761522694,2.0548487045948916,1.010068361426697,0.0
2023-11-13,0.8495873732436543,7.228599824275861,0.21446145614503198,-2.246545483667106,-3.428781861793717,0.10607148124477384,5.183211884655914,-2.8663444436628938,6.678615395756382,2.6567944250871056,1.2806569144597324,2.9221979021575306,7.996490869651418,4.053986503374163,0.8524717613079158,0.9503355179752315,1.239529366193759,0.0
2023-11-14,2.965508194501454,6.910056440940604,3.635723893426923,3.9294033295081743,-1.3598732777429068,3.6502122365927647,7.323020874649266,-2.3445636520378454,3.4617312235984965,2.886836027713624,2.2697001821196716,2.586692186444517,7.172311788197017,5.314168459638213,2.876026418728639,1.5728766165676422,1.5450340485673841,0.0
2023-11-15,8.159350696800471,7.29469635222284,10.451192354087402,9.551848401878038,5.84476019110256,9.562624906080575,13.083635326865807,3.508271534512275,5.235147170631049,7.684396121069659,3.214070791618795,5.706272893772901,10.326181754753193,12.558177849170061,8.531701263537904,9.24683659053047,4.6038561376585685,0.0
2023-11-16,8.049730546593082,5.96185373265623,9.884270548507201,7.554710936960363,8.380227818122755,8.999070297999157,12.017990120179899,5.509089510525378,4.967954455941848,7.9512051734274,2.4426149064936453,6.6042641705668315,9.788427988177384,10.836397058823511,8.402364644717286,8.809531903321211,5.625123901407503,0.0
2023-11-17,6.894462357447351,5.268647003492544,7.833205644382102,3.9952123563343767,5.723853523921729,7.464743968779564,10.173466678467102,6.563000228675975,3.382949932341006,8.521892447840141,3.592585515000968,6.295995827780043,8.267071681705819,9.322804400903074,7.567709480968188,6.973795863999488,6.342402678945169,0.0
2023-11-20,9.35956698668563,4.842453736639674,10.00206143063287,9.943116231365167,12.884830976198703,10.96085400305553,13.205117459253124,9.986129634569219,4.103679343694178,9.79694679116645,3.8286260062764477,6.51884057971015,9.030046016421544,10.587368808690844,9.612875988444625,10.151256555717536,5.954565166627757,0.0
2023-11-21,9.074714541441464,1.9674635049530043,11.041799200904379,12.088205313281675,12.38247199674456,9.77780690182135,11.671695745697885,9.026119501331031,5.424029837492239,10.578900969732597,2.905169851093148,6.655197132616486,7.156867942533007,11.112012246428971,9.033243385053602,9.098471139057418,6.387756112862997,0.0
2023-11-22,7.194680596811076,2.593318281180479,7.75983146067416,7.80450476199257,10.372180060297342,6.616738854596771,8.000727272727271,7.310349821055451,8.980790630643787,9.69291223984865,2.31182650498285,6.907036112784315,6.46558037885312,11.435033928122639,6.944195639092898,5.698699672033891,7.389244451832777,0.0
2023-11-23,6.190834086322061,3.0681454151799903,5.500476231708351,6.430332317947651,9.128715710978641,5.7787698907368235,6.247965921500831,7.335189389658825,10.624774936982352,8.068214388076811,2.0857411638220746,5.381140598531897,4.784802098647978,8.990503817093142,5.955645289642519,4.394346424201867,5.848850302723707,0.0
2023-11-24,-0.2293825453470011,0.6056389679868879,-2.809823072612272,-5.444309416129689,5.499191868050546,-1.7673907037442649,6.865203108613982,2.227293020487142,7.445270729201137,5.576519916142564,1.056206214236055,0.4796747967479531,-0.8862580761634931,5.511490553893927,-0.2920414387792891,-1.8298655519855211,-0.03106940905984734,0.0
2023-11-27,2.1154192376307224,1.6329861566007242,0.3285084516453374,0.5252904150071291,6.896146271201387,0.7156769680251251,8.847078221501835,4.1015664273792884,8.277638540796438,6.567499298344082,3.62245869961626,2.9187782116252503,0.5123603471864469,7.9830479155855505,1.9735939415667536,0.7222415315984554,3.09344549146775,0.0
2023-11-28,4.135248304853789,0.536988950576367,2.327065887185964,3.452263169826031,9.691080722724665,3.7785613821311292,6.7350277574322215,6.833553682727511,6.399451867077777,6.946393488633151,4.733371638074924,4.465256292332143,0.7904212978963043,7.690184282668278,4.363115744262003,3.5781788473446374,4.718522953445836,0.0
2023-11-29,3.8206404403645644,-2.0559078180823365,2.854949073308144,3.5079879147301485,9.19880717675381,4.520175353888245,4.9843318225141875,6.909878903760358,7.011528436226233,4.109014675052403,2.5235232266587415,2.056626140655582,-1.367537385418438,6.72477853516491,3.900331307438143,3.4760023388714645,1.9216331485711446,0.0
2023-11-30,5.21359859897248,-2.7125778886243013,6.087563951628527,5.767501926424834,13.28748934820949,5.761446268989334,5.3613214514982355,7.74694111976042,9.66223747766235,5.603932584269655,3.116918103448274,3.4374999999999822,0.8977503170337853,7.413319650713102,4.832159472008679,4.640940009172723,3.2846948897635286,0.0
2023-12-01,4.212150963490524,-2.4802003073385204,4.495365467260681,4.3975928290669986,15.122438883621214,3.7030678240316917,10.092629826380794,8.979511609742975,6.0789138735680925,6.2650261632018145,0.783913662111746,2.4829452868230018,-0.3149150675175627,8.172559569561866,3.6620728291316462,2.9339316556633355,1.9624723006042233,0.0
2023-12-04,3.3576492345628095,-3.615098351940449,1.9820787760276737,2.4643401298991785,11.226921989253835,3.0092154679683736,5.874100030113061,7.26838527952971,8.359572333137265,4.952300785634112,0.24186689347225343,2.3156912777457572,0.8562059752246887,7.304662006866747,2.9194100839441184,2.0087347479594175,1.178312719450858,0.0
2023-12-05,0.30603176135153287,-2.0729158892454635,-0.49145931913980867,0.1317498162029862,7.154581159505247,-1.3010072705240794,5.233580371419655,2.631578947368407,7.6048439811470026,1.4735980352026168,0.005300400180230369,1.1586983594130684,-0.48575712143928973,4.1404420374707485,-0.6695945185069663,-2.224462828549778,-0.14202550216159127,0.0
2023-12-06,0.28936813253062077,-0.4210242587601054,-0.9696872811104429,0.0038184633115223576,7.412206064356441,-1.4390798478915001,2.983610873428555,1.4853121294010174,6.873262497228505,2.913546630360786,1.6871573793177053,1.7913279132791393,-0.22825813920470672,5.3146105720946135,-0.7278404373097347,-2.5508849211928086,0.8883744936421634,0.0
2023-12-07,0.8996497763022138,-1.9374623751123643,-1.0562333579998695,-0.48866448589807154,6.975198209031097,-0.318938496873844,4.606980760734247,1.6099297698010107,9.293193717277504,1.543460601137281,-0.24244340791104158,2.1206421893313676,0.44780635400907265,6.67102742606176,-0.18348783793796786,-1.784963703420439,0.8927306220773534,0.0
2023-12-08,1.0697655748233892,-2.038918416229163,-1.4283989022567112,0.6321967675863682,5.3122105403882625,-0.07307172773663995,7.498300430108973,1.7403198346987336,7.741168478260874,0.8639308855291628,-0.7122582001682143,2.3374785708454526,0.8821728264287731,6.541606541606537,0.5154148418702098,-1.3534112864777903,1.379006359801016,0.0
2023-12-11,0.5951195417499777,-1.7128971076339483,-2.683587293867451,-0.7196548670899139,6.776883129258171,-0.1992001958213807,6.134501555027905,1.4466126443227978,7.15140079853096,-1.2755779962795755,-0.20746887966803795,1.131842133562766,0.9388897134407381,5.648619550738143,0.20795916438225426,-1.4178526192617613,0.04034886247246128,0.0
2023-12-12,0.9384082493928414,-1.45648197782009,-2.680129180741675,-0.585659551176787,7.2065707799975565,0.4882718067712455,5.678749638049574,1.5094630610484439,6.089722129226649,-0.8226084649064713,0.34580154686798537,1.5615357784872996,1.2360490457216988,3.4866937302661327,0.6889294534521584,-0.3411564392498123,0.5990712074303461,0.0
2023-12-13,-0.17097687438369924,-1.8530724670299925,-4.124792252292919,-2.8778058265675144,4.722258724586537,-0.574299990572269,4.319710294878432,0.1009772298739442,2.6187724809166646,-2.5593422622994244,0.48708564808721544,0.9993034346032381,1.4999119640813463,2.7451333003641665,-0.31630086778881017,-0.2900089861939348,-0.2775165353602449,0.0
2023-12-14,1.90456735679696,-1.9962797579162306,-2.2374336131927297,-1.565112747095021,4.5628218616756255,2.196328908180778,1.7176614328792805,1.4499223602484346,2.5123999092294236,-2.4887476833465816,2.3999153282353802,2.7024840197427125,2.33260290002264,4.573222695671686,2.232688324855503,3.2487670954293613,1.5508453505718611,0.0
2023-12-15,2.720723175432549,-2.4588645073274518,-0.19155231605101353,1.8700451977790022,6.838993537742333,3.2396125602104586,-1.7169999037196293,3.355659325004967,1.7054587539381494,-2.699499604951272,1.7465987287913043,3.016278756894941,2.1982563842567693,4.390157077381751,3.3699086773846254,3.518513828386194,2.9632513235752,0.0
2023-12-18,1.788433475033302,-1.8511864397621425,0.38437703949387725,1.8615846656655721,7.278812152702607,1.874775467535894,-2.0458422585072467,1.5600512212835982,1.0335501320110962,-4.225167300879152,-0.16980589879569408,1.2406947890818865,2.0269223962481098,3.309320723030007,2.0359081204825547,1.7546715077154218,0.9982229776713369,0.0
2023-12-19,1.9342728221572347,0.5898735633128149,0.7805379009407476,2.1714138655568815,7.504853840431136,1.2932517797454635,1.8490457591472609,1.1179099281275473,0.4234032466364557,-3.208484360316821,0.486496436742323,2.2637024230800495,3.0295070973510585,3.4689864110695856,2.2801596498004395,1.085507522376683,1.8650283672382084,0.0
2023-12-20,3.116408773749768,2.128963003231399,1.458253418967348,2.292067903628925,7.600671727950181,2.3985420182448314,2.610752237319658,4.342425266404248,-0.563084866085839,-3.4180077137917153,0.43629333542336557,2.866080260941639,4.016942583467142,3.8612941748860985,3.5672642005048383,1.5775519085877932,2.5977848346371513,0.0
2023-12-21,3.792799230342392,1.7928572215671679,2.588221498153076,2.104469438620482,9.295350981638473,4.034926808348449,-0.13392885750354022,3.678407510596182,-1.4398387380613387,-3.9126963002395487,2.2428811166457896,3.355252519808105,4.553902827003031,3.4578011475671966,4.395666159380185,2.7301838208773743,3.395978610963435,0.0
2023-12-22,3.362293484959955,1.05814007732985,2.620977087784504,0.4438985935316664,9.227444428301634,3.7474395049527764,0.47188411043381784,4.2156638885717745,-1.6971612862023866,-3.328432027803785,1.3628529762693908,2.303504867126116,2.0744503253986135,1.7637725870427445,4.123413574286117,3.6227726143485794,2.6840287005049035,0.0
2023-12-26,4.34233526308192,1.0737761809496593,2.233464825356224,0.9721562243215631,9.425859569463068,5.894163041355593,-2.934296720825691,4.826630611970928,-1.782431460314915,-2.2589753933037637,1.47608321187227,3.0187871326874616,1.9360776622437514,1.52848785115689,5.681956919856979,5.4045744810314655,3.622893938920324,0.0
2023-12-27,4.733547595957321,-0.6482819850692212,2.4581511084300844,4.260721662009481,8.238365289404982,7.28772319210893,-1.4322875056722695,5.372981360510343,-2.8405917367505418,-5.635666093398606,-3.1299068355490345,0.819999467532817,-0.11329553166801176,2.310606392006931,6.389485469333356,5.776160553988197,1.5223626075498098,0.0
2023-12-28,6.54917397986412,1.7392692756623473,4.117685913785363,6.810487501382112,12.54455065523732,8.38007307652795,-0.10175088312087688,8.211057833071745,-3.672136246986546,-4.813333333333336,-0.3381323471139952,3.277725877485671,1.5877188658681485,3.482138164234283,8.431504396957523,8.13519836021792,4.619225967540586,0.0
2024-01-02,6.035307901582709,2.7950104868087022,1.9267086045990922,2.3054306497931387,10.730477675818806,7.94868616570199,2.239726499151562,6.694413058920534,-2.7475645512153535,-5.420235546038543,-0.5929533843343826,1.8001489044884078,0.2969549809686445,3.369508595242232,7.9145982855937325,7.223004747081951,2.6645962732919193,0.04943153732082095
2024-01-03,3.2450818893147826,0.924002127041379,-0.029858711120145376,0.2879130016267384,5.786340880087826,4.104243766612781,4.111237845570215,3.6245353159851446,-1.4102886610904863,-4.9663526244952845,-2.3474301955314636,-0.2897626073318005,-2.324846834581351,0.4577133332757555,4.4566979101456905,2.6299423881303685,0.4327997021593477,0.04943153732082095
2024-01-04,2.041202712137169,0.9026050351256032,-0.5867693989904832,-0.33223448769476027,3.5205327804038067,3.346478362747396,3.631462907974048,1.9090982466302364,-2.5276909968758865,-5.993311036789306,-2.4017467248908297,-2.4859324227934243,-3.3622536068799724,1.1219108224730823,2.9851255604042226,1.0992552725451965,-2.203517626602247,0.04943153732082095
2024-01-05,2.6853496690113277,-0.01419593668612329,0.31609336845956904,3.247583455097236,3.9509182658265196,4.674379608582679,6.2040795020032125,1.6847620823353227,-2.1966693100713752,-4.722373434948279,-3.044594665409006,-2.6870739276903866,-4.027755190545889,0.8690096965029426,3.6780629356478745,1.5916531954383917,-2.373185324902194,0.04943153732082095
2024-01-08,0.9291795391835667,-0.42089890221689297,-1.9111674699201164,0.2834705663350645,2.165969390457012,2.65501014861389,2.6406414720633764,0.5261446036696205,-3.7537157675036403,-4.9144718979093005,-4.633074935400517,-3.8026208671446238,-5.173222867683947,0.21445789333722765,1.5770223478603462,-0.8992761473311073,-3.2547819433817904,0.04943153732082095
2024-01-09,-0.09049914962007133,0.13821167310461568,-3.7059761680466763,-3.269484529463551,-0.48045574659389967,0.6458645985189637,7.828500522466042,-2.1781789638932625,-1.2738450840010795,-3.4510759236703215,-4.316063914917779,-3.5835553466018966,-4.2604245865484724,0.5541441456802243,0.08145921160920278,-2.002532218504771,-3.637161048349302,0.04943153732082095
2024-01-10,-0.969277638827204,0.207272997530894,-5.11579448222681,-5.956798204288827,-2.7950388900567558,-0.9181965938750536,6.765268175151906,-0.6294900565976591,-1.368749800822211,-0.6576243321002706,-3.226566179934054,-3.354944128188919,-4.198806381144948,1.305623764748165,-0.9743247160845514,-3.2424268523759125,-3.2297547467144083,0.04943153732082095
2024-01-11,-1.1010102976387492,-2.4006512086290677,-6.414272764662654,-6.658502553632928,-3.1005789322666177,-1.0583126230156004,4.806428237044447,-1.0602723315143336,-0.6234738727006195,0.12482662968100744,-3.4674971213231487,-2.2373669334601165,-2.82326522420685,1.95801441756136,-1.0540317132630928,-2.997640431393378,-1.1616099452274042,0.04943153732082095
2024-01-12,-3.4139157709520696,-2.8916665315673162,-8.767715978245505,-7.859876118829634,-7.074344426200185,-3.2994675152356323,2.3795994202639337,-4.897439756975319,-0.9281043630640307,-1.4183420545304304,-3.7717199042763494,-3.937621832358673,-6.005908498123658,0.6703006558214986,-3.4369703193239953,-5.482931928263657,-2.954765068244969,0.04943153732082095
2024-01-15,-2.8472857901093107,-2.41377630553391,-8.899221894723086,-7.587253160728924,-6.5536843484813705,-3.0418610951894354,1.862760196093527,-3.3125952783156665,-0.3441167399808487,-1.9944598337950148,-3.577104447281343,-2.2606972438789175,-5.590314108176209,1.2182453489470335,-2.8016714776176954,-4.8942445076752055,-1.0025706940874013,0.04943153732082095
2024-01-16,-3.9207389084865985,-6.318479155182766,-9.221346397472029,-7.574905263157894,-7.237509352398385,-4.632291755085105,0.3795945415591806,-5.02925898538421,1.7313345568530591,-2.5442477876106095,-4.017892176096682,-2.477064220183478,-6.20304682849927,0.6141133467878035,-4.134424695590255,-6.6487363050270805,-1.5969431250761223,0.04943153732082095
2024-01-17,-6.404773706192679,-9.173802983788448,-11.874890322580633,-9.984063826244737,-9.892096821230679,-6.904133987857564,-1.7135099673276866,-7.402613440420048,0.4280598958333437,-5.227679185582613,-3.9930011490650785,-5.509949602535458,-7.148999290581937,-2.425202028067619,-6.975669531420847,-9.276881475404863,-4.343891402714927,0.04943153732082095
2024-01-18,-6.637076717046108,-8.226284113850424,-11.005982909526624,-11.614248925038162,-9.634736614494111,-7.208404811943625,-2.072337280024905,-8.216413738563698,0.2480166877453449,-3.7011075283891803,-0.24854117138535248,-4.745306187118747,-6.0848981649415546,-4.055926115956909,-7.401234972319582,-8.462827751964763,-4.10921251546108,0.04943153732082095
2024-01-19,-6.874604561477526,-9.017138651528523,-12.423205536978,-13.337101618829161,-11.041549941942142,-5.675094583730789,-1.6040485570609553,-9.310350945672619,-4.361094067878712,-3.3618153803053774,-2.189413417446384,-6.445610317111616,-7.536875700853973,-4.582278695324593,-7.297891532303524,-7.871330585767211,-6.230608591885433,0.04943153732082095
2024-01-22,-7.695678718710319,-9.935085157105739,-13.703501831015963,-13.843368297160197,-10.928773808938896,-7.0291358391195935,-4.524019499767274,-8.952676285416816,-2.210876083961444,-3.820574501202778,-1.6989321758581144,-5.44338513778243,-6.8130142476240385,-5.540017302055233,-8.328346299620982,-8.52692259790171,-4.927702825337277,0.0
2024-01-23,-4.936121903417689,-8.392246541932714,-10.696000491438994,-10.548061607477665,-7.9542099358028135,-4.205675186299585,-4.799922523318667,-5.257905024721177,-4.610330585102151,-3.356465089930616,-0.7788287924111348,-1.2503999146848632,-2.9271393206806606,-2.6658528407967452,-4.981610403257575,-4.9103984546578605,0.21623959346956934,0.0
2024-01-24,-4.535334090961795,-9.35627363653111,-9.307302557675056,-10.822306809256244,-7.798005516656071,-4.611801124092563,-4.734586461542245,-4.437114477926252,-2.9768842268842244,-3.7427067027180794,-0.555241098622683,0.8262895535327219,-1.9137194898998122,-2.7680557231771763,-4.492455276336116,-5.075628379444918,3.2743293210605096,0.0
2024-01-25,-4.179079004530495,-8.169283276450512,-8.367253767514892,-12.02024153767648,-6.8392871000284465,-5.591677833088504,-6.991803983730849,-1.0625643533167528,0.4637963188194316,-2.1282673903728178,0.6972219219543829,2.346944338439738,-0.02654767284229198,-2.7919244150232836,-4.245220337856914,-5.991116459983747,4.5481899090995315,0.0
2024-01-26,-3.476100349712996,-7.336854276352844,-6.804921155427857,-9.013299442949851,-5.943741792798396,-5.409494541102033,-7.614785120262935,-0.09373453618056748,2.130770494496459,0.49971444888634586,1.988782615763962,3.0957385820752803,3.2843020147207636,-3.1586245859120288,-3.614523181681617,-5.923492108842687,5.295541179634,0.0
2024-01-29,-2.3656510127906705,-7.400890262377214,-5.7513456921760024,-5.786039167464319,-6.364012552156961,-3.9543695211688545,-9.366653140084901,2.27874098485934,4.434341332223424,0.925147182506314,1.4757061537216343,4.318144877282326,4.104196001126437,-5.164987960796285,-1.9416823998321897,-4.558136051279805,6.378103518628975,0.0
2024-01-30,-1.6982824412465902,-6.961559380511051,-5.278788874382878,-3.66729262977209,-7.264643039420071,-2.6573021153435183,-6.842502253647242,-0.33141585588144507,4.0339908560719895,-0.6206040546131608,2.6391930991590318,5.745684600910805,6.325289274903123,-5.998057514463073,-0.9805169458445784,-2.5941409292492668,7.4877470355731335,0.0
2024-01-31,-1.6998193105457249,-5.5213543134011385,-4.923911142207471,-4.005695284524546,-5.864831910816948,-3.9641612029271522,-10.708429193793133,2.822098172786758,6.242731010532876,0.09696633882809724,3.491745059234952,7.341259119156973,4.802518475518536,-8.263567583907838,-1.331574862919882,-3.36281607987724,8.167681075948385,0.0
2024-02-01,0.6894912972020384,-5.041235851261561,-2.167341837232173,-1.1793334824424018,-5.6622258767134115,-2.548348246237242,-8.659183037106322,6.630695443645074,9.692264858579392,2.4724123480933002,5.727955884738067,13.276515151515156,12.37838511286542,-7.022174843693152,1.2791109858336869,-1.2792155601993205,14.229482691559703,0.0
2024-02-02,3.5360393350725827,-3.48711122204195,1.269745244336895,1.957671766352198,-3.2143264114723347,-0.550599988732603,-5.763258518271208,12.592150679677827,8.901376333577637,2.6003391746749482,7.030532288570646,15.937466652438381,14.88363151109402,-2.678586574835873,4.798933097001257,1.3967135019918642,17.897566713000444,0.0
2024-02-05,3.7524173303064012,0.5524637681159295,2.7254920587530096,2.228057451701426,-2.1499498135933437,-0.536081878195982,-3.9110621142296798,15.594540036527938,6.087456295799609,2.766742338251982,7.404682091952153,14.984545088025802,14.284162564814974,-3.2153925619834656,4.833575904675946,1.445770567031457,15.939293615309635,0.0
2024-02-06,5.759678147707192,1.2405344022960563,5.962432295668774,3.9540835585619494,0.6879779551149712,1.8050898380704172,2.1220632455473565,15.440544518754873,7.959094371424413,3.3241399332268884,6.933601719119764,16.36103703296401,14.709491450864176,-1.0596320106406654,7.18695667601037,4.884174991711232,16.89530116682434,0.0
2024-02-07,6.948246750053277,2.0029746266131188,6.5756003018980325,6.657312364629453,0.9240085774501416,1.8880545485931322,2.0532888376835867,18.824927579291394,11.913032080479713,4.8187509098849945,7.58043548911278,20.350964737192268,17.72095031389298,-0.5882510227546267,8.137401002029709,5.139148717778919,20.727434868462957,0.0
2024-02-08,5.9682781044509525,1.4712311412078627,7.128152041071467,7.65348299268136,4.2042809547715665,-0.5847918132145802,1.1594976595204365,17.83789335707089,13.286512585889621,4.087548920133366,6.44968971030595,21.68844443216662,17.632413648342936,-0.6032861350651397,6.8085956674152515,3.0432521648692035,23.929815630816222,0.0
2024-02-13,7.518818349666234,2.0552579728807308,10.465973578099753,8.527784623325596,7.212334056558678,1.7565263494014438,0.5599851183794469,19.515319267973098,14.745321642273467,6.752979255553937,8.086143843965864,21.748018010552194,19.765482376070764,0.24007468990350223,8.439995647916444,5.273429268877794,24.152852461102793,0.0
2024-02-14,5.721351886742965,0.7358500075601127,8.33038812682494,6.432439292664349,6.89475034826601,0.7331404294356192,-0.09155587769661411,17.834586612166436,14.511167580580464,5.128956623681136,7.295344668368742,16.37463214449635,15.494009396574505,-0.29764533394570636,6.14826334888543,3.752320939891707,17.37743322596057,0.0
2024-02-15,5.835145301637046,1.1318160761517815,9.420809311049139,8.145871120979177,6.720546406841144,1.0572002538739245,2.757320906456351,15.98478939157566,12.181123513022008,6.135422826729764,7.865564439625983,14.692210548942697,15.969191418100891,1.3183676002517908,6.234251738000962,4.049312996015564,14.670302882564435,0.0
2024-02-16,7.222487592800997,2.378318912972377,11.65851421227735,9.282857048950866,7.893007543153319,2.44914016607527,7.728792062464485,15.641558120636967,10.54865942438379,6.961471103327521,8.39461113198432,17.394199270247945,18.89170758165577,2.4919004310844706,7.480842538022192,6.691984598075096,18.23896513072194,0.0
2024-02-19,8.137789684332851,2.9197404806857286,11.237974537703789,8.155635347792089,6.821772356528766,3.1362978267464925,9.96193107165717,17.82293745326735,21.405247156851726,6.222474783349896,11.30150633617597,20.304514762346095,17.7976649410728,1.6396630514527333,8.882337917570315,8.6633303843767,20.142404350242593,0.0
2024-02-20,6.283966168796118,2.5030062797844366,9.7366546098532,4.7824394223103806,5.951350654611742,2.608465717799713,9.65504337017682,13.163289608248775,15.742600058249167,2.374999999999994,11.134152177380763,14.9371559156539,13.18729475159195,2.342297239307678,6.3121999640598725,6.636323210128436,14.521554394972114,0.0
2024-02-21,6.182943080906522,2.3873704971080656,9.450232986933571,3.7281178094799694,6.821637454175744,2.5921774006557596,8.009294916102206,15.27919625679881,15.285110876451945,2.1926172633916163,7.800932634296709,14.14977564598483,12.641421075598402,2.6378444426475633,6.074187701655243,6.44429576200658,13.896978789750825,0.0
2024-02-22,6.694992971819191,1.8936832937216819,8.536013246251507,3.4959590168482046,8.303573080695003,4.917147212059447,10.332965579623243,14.379233447538864,15.31499583705942,1.9789648491558065,7.070072036673225,11.579026858307962,11.689390711546665,5.070115700058575,7.109609706409481,9.147667369530833,11.463849873359422,0.0
2024-02-23,4.925937871195596,1.8249052092428997,5.722323904100901,1.1944941370743978,6.987741779945478,4.1352229536569585,13.063189157819277,10.633082199482736,13.353837884646968,0.027262813522344054,4.2926904098381735,7.583538347624619,7.280790163273543,3.9773606194891675,5.463814929451538,8.120923174119344,8.020865964778467,0.0
2024-02-26,1.2147699507897736,-1.23300700265222,2.1974569502430263,-1.7379693368372973,5.0744457325025305,2.2790976966565735,12.608457332317279,2.041648794354889,18.001794795094227,0.9504132231405116,2.0852266989801027,0.19789221777348764,1.7546536466280127,-0.8575910754749949,0.6716511967344463,4.324274697025343,-0.5286069651741387,0.0
2024-02-27,1.3020441398366112,-2.146979296985352,0.5980113261055298,-2.205521915290709,6.506388240142891,2.3555802678565163,11.630435507647551,0.7575694577266479,16.22422874341609,0.31754797735743523,1.4133468662775872,1.2155212716222552,3.760748748167897,0.29708694685344206,1.0879998681711855,3.5311088407836477,2.2243868591711013,0.0
2024-02-28,2.9535750329943378,-0.867456612526285,1.6975196050470265,1.039612768754239,9.552104475281741,2.913420803748168,10.237112201182974,7.641818633030106,16.389948058966585,4.130373700477663,2.312271062271054,3.846517342406197,6.4265134045484285,1.2036207205592397,2.769915752188945,4.053247163780682,4.1222094827004785,0.0
2024-02-29,1.2561408349236247,-2.191818298233972,-0.6605291227333998,-2.846386260213285,7.247790919287622,1.8506094701588038,15.513829504240029,6.158084021986898,15.075031110460447,2.2222222222222143,2.2178586712987336,1.4281436436090589,5.736758372197914,-0.5782834395760883,1.2128746273661672,2.247934092512338,2.6183189996306755,0.0
2024-03-04,2.0589088355620566,-1.0926271116894704,-0.13633161082887701,-0.316844726710408,5.473848336997755,3.7572378604597834,14.32855800543178,6.4301101154282,17.000730220705496,1.28115861300655,1.9627809882640346,1.961407491486944,7.302142761550234,-2.2796244064407833,2.6175050735512517,3.6392132278034506,2.9817985777732092,0.0
2024-03-05,-0.009057834271819498,-1.787800546767293,-0.1667474678081704,-0.5705488783913748,2.763747995575261,0.13588203426360135,15.289915162339728,3.682944055714321,12.297225071142769,-0.5650496141124561,0.629072681704268,1.6177338113173345,5.038009810244093,-3.904732336896255,0.0441469209529366,0.7812451884288141,2.2232188621220006,0.0
2024-03-06,0.8040695766327488,-0.8767463557194488,-0.35974767302593413,-0.8574727139029514,5.5780854803446855,0.3016666935031109,18.30313675327899,5.934553064915482,14.428579771081518,0.09757457485364274,1.8884163628999584,3.5611544172234444,4.444455495767907,-4.187447402223499,1.0353584684508643,1.010781250974313,4.481472727750213,0.0
2024-03-07,1.2939015992042169,-1.7805320613980657,-2.0184467604326906,-1.1036847965002816,5.6642343321430255,1.109132888101616,14.265883609183128,7.453721606671482,14.836848210833153,-1.2118679481821992,1.1809935422268047,5.742063956893517,4.017565723102501,-5.2941073522462805,1.7492937507144202,3.855374115125354,7.051086162226805,0.0
2024-03-08,1.1926335341820193,-2.673605766577891,-4.3465478451789945,-1.5543647290476637,7.183481595223595,2.5265092595090133,13.52877693430299,5.8771800055887,11.716263177875774,-2.5787965616045905,-0.3292894280762515,2.5091882571804502,0.42056740958988925,-4.652762659467924,1.9855632083731756,4.919888298217767,3.403835560281321,0.0
2024-03-11,-0.7618663860968766,-3.8111529644860753,-5.600265150338157,-3.661006004583267,8.58476857066699,0.5609925837718688,8.843137254901956,2.751481442557213,1.0983914990592814,-5.456733984218265,-4.697457930540638,-1.1775581625690479,-3.9776153943253068,-3.3551327095001304,-0.5160459272923856,1.5055775633703528,0.35258814703675867,0.0
2024-03-12,0.9037583857264941,-3.26250995727424,-4.294488708375943,-1.0621282197365023,9.304993135090967,2.644265822128622,7.450789201048202,4.285496164305558,-0.12846491053809528,-4.911138244471569,-4.56676714032821,0.9873474920921943,-1.700189281685549,-2.5324085397812612,1.711238555186645,4.430162390227155,3.438325281803545,0.0
2024-03-13,1.5173500269474838,-4.47914413829894,-4.246145506478904,-1.4512788751790073,11.98784449334591,3.2827506443156906,7.708528870415288,4.877616614471725,2.347822573041136,-4.929386203150454,-2.1677501344151695,3.013667683271204,0.7195196273426907,-2.6680905820254064,2.678171087870651,4.566443858465674,6.765761810057591,0.0
2024-03-14,2.045213135305368,-3.5909353005774802,-2.1726509562291607,-1.125420603166838,11.340241412596864,2.234481460875193,7.6361716663561285,6.2482773156930405,4.694415103421545,-3.501153480797936,-0.7143905661300631,6.1384709093780465,3.30650237473058,-3.072647599466838,2.833720552298624,2.7453703004965524,10.834818085573383,0.0
2024-03-15,-0.03223750796564895,-3.5216658129643807,-1.6735729314415915,-2.1823966103696524,10.767710734776648,-0.4436850601621023,4.818898778970748,4.717337832618451,3.1414233216106036,-2.2076860179885416,-1.5811923906648317,2.4754673415922968,-0.11320506557440657,-3.8085903315013825,0.31827396351045145,0.31053468591117905,5.343588450384562,0.0
2024-03-18,1.4642549526270532,-2.1642616082858113,0.8402087857131812,-0.5365137972291767,11.681707306561862,0.7387090794826578,2.847560251691794,7.5457546372804,-2.7669336848509474,-2.715240824123355,-0.9792769177506266,4.990354583869183,2.765806161391904,-3.784415767080418,1.8217944938270447,1.6915154145183964,7.477597165780958,0.0
2024-03-19,1.1855012285480138,-1.7530887473560686,1.07050305545342,-0.7896060718738274,10.27096285977176,1.455813015116303,1.337890566646549,3.9075137829718276,-7.230257280107722,-3.0690889072391814,-0.5904871519003208,3.8983833718244876,1.471375195853919,-3.9065617822080734,1.4626293911484067,3.656754165205589,5.680794684697621,0.0
2024-03-20,1.4270686840428315,-1.5441836831158962,-0.013261301998990227,-3.045059549907636,7.817215478505801,3.694133886258566,0.8148169890516144,0.2587707791743332,-7.939947376567103,-4.883971937398823,-1.3997662912408892,3.4264652348016122,0.3522746129957399,-3.5147844106160897,1.7663732777155827,3.2537015726889162,6.266274565687713,0.0
2024-03-21,4.257557637869169,-0.8313867852945078,2.086514554775687,-1.1779823984237714,10.494945114744624,7.175073212191152,-1.9147597703861097,1.2640438411230193,-7.115595023027399,-2.934782608695652,-1.0023642990838355,6.390661549292576,1.0419791510424492,-0.7115030840818215,5.232132972942405,7.784115759192289,8.965641348638131,0.0
2024-03-22,2.7779543576377907,-0.54316261097348,1.8557673825292165,-4.144618162607971,7.702848600614565,4.731451246168161,0.4931155218805827,-0.7440888226783238,-7.127663639490011,-2.007424721572948,0.8139418755617633,4.132341808790141,-0.35661328245896184,0.6393745090517156,2.843622557159775,6.161779605909845,5.170200301636574,0.0
2024-03-25,3.327923303389446,0.46869191536185184,2.180701639772642,-1.6457619651318534,7.373164218958594,6.0289000508496615,-3.2599313931614526,-0.3734697837994072,-7.764342680730641,-2.7304227304227324,-0.2465692012652232,3.1906580034384957,-1.2846750637221072,2.0833910258185595,3.589566668538735,7.0925063020395696,4.403635224067681,0.0
2024-03-26,4.376317911481786,1.1716152019002335,2.7888262361942973,-0.7728600560191423,7.583989085682252,8.646048818149211,-6.137774478477443,-0.854800572459713,-9.497441916839966,-2.840829967971048,1.2695652173912997,3.127310199601263,1.0656178726686782,3.3811645925405642,5.013776102088174,9.314348856733655,3.902175415666509,0.0
2024-03-27,4.059872640333584,2.5204824932226533,2.3588266372032374,-1.3932829931874169,10.060813844332884,8.786322829198534,-1.8486452613004856,-0.31763293055495634,-8.019271116636872,-1.0857304004512125,1.0430377231976484,-0.4741226515420083,-1.2784307013540386,4.116310012196478,4.456730634205441,7.955862118907953,-1.0561981829916078,0.0
2024-03-28,2.442591452608811,1.7802418813390952,0.7958531061377228,-3.5812033547723887,11.466461779794624,6.9913527082849924,-3.1586054173755707,-3.166699010285279,-7.423866161286119,-1.5686274509803977,-0.275728444742529,-0.8609242209631662,-3.1091025246669735,1.998319511927793,2.7330273777496306,5.025201167211968,-1.2327171812280047,0.0
2024-03-29,3.2629782242540983,1.650549384748956,0.6484387000504466,-2.4187937359070655,9.441492520766847,9.734054193359176,3.228584939650525,-3.011003103843035,-7.724466927905837,-2.150233413495539,-0.4908958849901057,-1.4967259120673537,-1.4484709502456172,-0.14577521821289574,4.1893458018622765,7.360564088444099,-2.3286237571951918,0.0
2024-04-01,2.4628888698304596,4.8502524239284694,0.6994234687242473,-4.369410371917604,12.088785715421446,7.609481558992681,3.83572676331132,-3.0536495801578134,-6.281660257260313,0.42802111570836576,-0.5940891885794497,-2.1433205807996125,-3.1499355717099164,0.7062387409591642,2.7911540911734756,5.2320186977355965,-3.4934117119585606,0.0
2024-04-02,2.2123056018592324,4.482388030864715,0.6429782981215881,-5.254400576239138,9.143507688468855,9.102897698378086,1.58890033158674,-4.527006054605398,-8.879734674001739,0.3999428653049586,-2.2982188803677084,-4.291760784227727,-6.503058276107931,-0.7743432472052669,2.6338876496437846,5.7410866397093585,-6.403541664146706,0.0
2024-04-03,-0.4336535773661665,5.944831482961943,-1.6235510197009306,-6.821792288298711,5.906273017431873,6.88650037228733,3.0956983353048084,-9.453958637738769,-12.384102577201094,-0.7171987062297935,-5.090927011975744,-8.408433939806159,-8.625751239371871,-1.3760560848463,-0.2669007901668241,2.5888712615312226,-11.393658411574226,0.0
2024-04-04,2.818316809407384,5.447582232721304,-0.6295283440288402,-4.324801896525232,7.156158552806602,11.866425354427346,4.550115798085019,-5.614827928935262,-11.027252062421766,-1.6861761426978927,-2.6726779086855834,-5.346967957189596,-6.2540266262867465,-0.37574147530842206,3.726259989238545,7.572086152072299,-7.242543208694407,0.0
2024-04-05,1.0562803443243007,4.6255958558467425,-2.3306640331479778,-6.2685971405762375,4.243200691507432,8.93318192947552,1.5035467542436898,-7.9011200821572425,-9.568130564571842,-0.7713884992987308,-3.226612057339795,-5.1446945337620615,-6.092997641875774,-0.8423860905793501,1.9966365756532545,4.867189295167718,-6.763454803252655,0.0
2024-04-08,2.3146108871043625,4.819988785842577,-2.3742959294381194,-4.142966327145525,3.9053909680035748,9.372001063506197,1.7713099674512955,-3.3483321882309958,-0.9546805867656771,-1.3062615362771535,-1.7165437567642328,-3.256423935271624,-4.705502263905315,-0.2436458275651865,3.730584932260639,4.849163416028768,-4.048863032818262,0.0
2024-04-09,0.5583352539273001,5.355733656595718,-2.643045372713737,-2.5174122714349823,4.089011219705618,5.975771218632175,0.1677021888629504,-3.825156110615524,-0.5660165882089174,-1.3475177304964614,-2.1458469917797096,-5.112411456729293,-5.168715569456383,-1.0885327752996554,1.4433291526376069,3.773203597263408,-6.219827376017939,0.0
2024-04-11,-1.7387453445910195,5.475423904270094,-4.39637651328848,-3.7002227343538863,2.3447118936222644,3.544229947083566,-0.2233306037370597,-3.50909838035649,-6.238956840937426,-2.9675251959686566,-5.094907580167673,-9.338911776634573,-9.059364373953338,-3.602081687147496,-1.3268883010377763,0.17088301942864703,-10.678054074458544,0.0
2024-04-12,-2.428180574555394,4.096712202243502,-5.330551218926383,-4.255993688816629,4.051355206847385,2.9157134760073644,-0.0761810869248647,-2.767638588205712,-10.439552904066385,-4.405780833450256,-6.919609688444206,-11.195210605088734,-10.44926266405204,-4.081428908533158,-2.054382760295037,-0.6287605980490385,-13.263093022980188,0.0
2024-04-15,-2.452540026373762,5.011085424368988,-6.630308765110049,-5.2387543126066305,4.366004538530888,2.129055935903179,4.061813689604676,-0.07950579199694774,-5.492022760236526,-3.1205471644343286,-6.1370218715669616,-9.803963995153197,-8.486858844482981,-5.233746270006334,-1.9908916995190373,-1.472237201379789,-11.833637498799343,0.0
2024-04-16,-5.348392689393533,4.258303839223343,-7.956909249888289,-6.911845730027554,-1.8923611111111072,-2.4680238971156676,-0.17766264728806824,-2.350767637621709,-6.414322971734688,-4.08485022215851,-8.024827653884847,-11.46953405017921,-10.370447146619433,-7.183293833564386,-5.274584488862811,-5.020597976626451,-13.294063573467508,0.0
2024-04-17,-6.204108002947262,3.8393585612237047,-7.903726342256368,-8.403296562104234,-5.764295779870954,-3.9229635825856812,-2.0161967808058012,-3.5890734571026095,-9.316831404353588,-5.65930149679259,-8.685821023914276,-10.473709986198298,-9.143402023626635,-8.452916589015203,-6.321898682153559,-6.70685862659769,-11.483799751633828,0.0
2024-04-18,-4.046878528089981,4.877905766530155,-5.592295914395207,-3.747392984215314,-5.984605884802607,-2.187240759733433,0.09927661924069575,0.09819993506781088,-6.604546096286878,-3.984063745019917,-6.847506600906684,-8.30226587788816,-6.164253095313688,-5.490687679083084,-4.575842999522461,-4.246195122909535,-9.65366716423528,0.0
2024-04-19,-5.634905320338013,5.373715477301966,-6.4877415978982444,-4.287042187272528,-7.2095278063180945,-5.945308105456071,-5.048891021830548,1.657290496335384,-7.092843244471592,-1.807141824490388,-6.611965467770753,-8.219147108035985,-6.3730769610797715,-5.715161127532264,-6.7311564824155345,-7.851953858934113,-8.864311864579733,0.0
2024-04-22,-4.3095354202907,5.914153529814947,-5.983336454250576,-2.8787283777465977,-8.61609169314571,-6.363723843368307,-5.099437947552687,4.39229868120834,-4.386399332135326,-1.1649382014490839,-4.488601977002227,-2.370881821715176,-0.9127559909025695,-5.943131758109754,-5.081587952929578,-6.700428298385852,-1.657009381976804,0.0
2024-04-23,-4.726931961818415,6.226235192140983,-6.331373236237148,-2.0762297917308103,-6.952918482531967,-8.838595977082752,-3.561999398442628,7.325253606041282,0.3090922221419712,-0.8678332621994578,-2.937792436910336,-1.4481462811053558,-1.201537164873978,-5.612254146650941,-5.899218803903683,-7.732687764134305,-0.9485777795008921,0.0
2024-04-24,-1.1533190245920588,4.128724050087085,-3.2991492884317353,0.530287895509618,-2.314647115927948,-2.8158696691220064,-3.4583310012872848,11.01574942488055,-0.7215217549741193,-0.7648725212464513,-1.1112265032713786,-0.6172839506172867,-0.5885175923820984,-3.721896672711855,-1.7981853821143923,-1.4278677632935444,-0.47065010188653833,0.0
2024-04-25,-4.134938001458788,4.336523992170438,-4.776043471205593,-1.7707980827506797,-3.522402009463166,-7.895766268422588,-6.243800833168023,7.587636668778219,-2.0611158157626597,-0.8646350106307543,-3.2092951834979844,-2.2477053720616147,-1.0940666573028057,-4.832744308375114,-5.520204116137162,-7.0362895909919505,-2.020723382840639,0.0
2024-04-26,-2.1324805376150002,4.389545128980554,-4.405694012757899,-0.13201447900739183,-1.3400459021248312,-5.56867632605117,-1.2873730538717765,9.452285058083397,-1.199313854093098,-0.9893992932862195,-1.736774193548396,1.6580191398593236,0.9057099322346662,-3.6948649669673483,-3.0125448168052293,-3.689696679955956,3.5094104190495967,0.0
2024-04-29,-1.1116221735690823,6.140190284396785,0.3784257400485824,1.9534409463608737,1.860538422857827,-5.086922866877186,3.14375767688706,8.119047032042271,-2.2772430703324242,2.949215940152494,-2.230530871469194,2.4194104266709537,1.168651812557031,-1.4478675178092426,-2.6578176002973852,-2.711036875240902,2.9671871580654763,0.0
2024-04-30,-0.4842597110706892,5.677863282429274,2.236202676385979,0.6850083368347359,0.2987928767778092,-3.95024562487557,2.2136832130960737,7.094242240608151,-2.870145973059801,3.7670740474478936,-1.5873424897569932,2.5803310613437214,0.9017626720074778,-1.24619553114097,-1.5940124104416142,-1.950030643747802,3.12768114811639,0.0
2024-05-02,-0.8611135738983977,6.557255795561545,2.7501549907005485,0.09415962061121164,1.0751960541056649,-4.766088719661132,0.5905681276866748,4.542277004170248,1.1672071756215763,3.4333525678015064,-0.26213006894020285,2.031926916556781,1.7802670910741725,0.6340861339589443,-2.1213760150659677,-2.48270550143348,2.1064447966191224,0.0
2024-05-03,-0.19352529252523176,6.7175179243528005,3.357307086792538,1.7538151736777419,-0.5395030347045804,-4.409807636660668,-1.7176235803258,2.4512161119170317,5.82362219193604,3.9043006017907,1.170710940825903,4.6154957384311635,3.1490560079515895,2.1734399394426784,-1.2059190362090466,-2.23651881731991,6.698002350176258,0.0
2024-05-07,2.3939964724782214,5.1138798060660795,4.246164802231389,2.882941982287912,1.6821302515376724,0.10913763183624248,-2.7205276174773307,2.3616095228243816,4.325177817784742,5.383144580085331,2.6466989413204134,5.939786493942667,3.9629908043373074,4.100112593271121,1.7669952782662035,1.4328448108604341,7.4449831136289335,0.0
2024-05-08,5.189241386709997,4.852275542144269,6.586410491060013,5.4663470549357385,6.002785193847959,3.32284707955659,1.192458289795506,3.551386852517635,5.216539880997217,7.501494321578006,3.0621499066417757,10.082198503251139,7.367342111487818,5.138606515517963,4.5608053386893,4.072180272311088,12.804631373369602,0.0
2024-05-09,4.9516674535055705,5.218531666176784,6.183505226561881,6.12230175461097,8.548851705520333,2.740898230469324,-0.48698515038237966,2.8308836997268827,9.873457029733723,7.691145361136287,4.551449411891384,10.142477061938981,6.152834979142496,4.740301285406856,4.217065070318582,3.432728057114276,12.741263498001887,0.0
2024-05-10,3.52715679204465,5.334235324702918,4.802483134613866,3.0602582746448226,4.736556717250018,0.814564606506174,-6.815433904443513,2.323253355543442,2.823799733946064,5.186721991701249,4.2142417841003255,10.16408608433148,7.721055151881062,3.2989729791184974,3.3008321696948117,2.170937515570559,13.503644567858375,0.0
2024-05-13,5.222118478621529,7.3097649873661075,5.975873613921867,3.447246999723097,7.991141747633379,3.253873295651255,-4.8831479130889255,3.314008929390777,-1.6494687762745541,4.770318021201403,5.085705045278144,12.818112389445924,8.618360648817491,3.5631678550264834,5.221578852132724,6.110255657840202,15.82498180393035,0.0
2024-05-14,3.837318972861148,2.145231874327602,5.206864343143902,2.8252297075608945,7.682934401291486,3.9658177105625914,-2.202103106312192,0.9204013168698566,-2.777736669971731,3.83786114704614,3.9893336149540604,6.6273242471078575,4.060113802765519,2.996584253503287,3.800389325979392,5.3095122031455055,7.738337379437055,0.0
2024-05-16,4.955356802464328,3.177215224303631,6.771804128354564,4.7272826082737085,8.114375220749693,5.766436868887981,-1.2048123184262405,-0.7327594470752818,-4.904318276721053,4.247990815154989,4.164691006796262,7.71681004417577,5.178918718548964,4.974168891278885,5.405471461391809,7.497437839429932,9.38874029617065,0.0
2024-05-17,1.8264038120153092,7.8965291777910895,4.571709587157335,2.7761753260158617,1.7494938408027183,0.19292205230554416,-1.7722663791154392,-3.5246520701211037,-2.379973572162686,1.684270625178419,3.126969124133594,6.783262504086296,4.017480563036746,2.935302191301048,1.9167712504233103,2.4892070446186354,9.339955354194451,0.0
2024-05-20,4.318615851663621,10.410911368177334,6.220206979454024,5.004097092329585,4.079377573262288,4.648123350978173,-0.6894119721414071,-1.729292836606111,-1.710265992525839,1.7586502716614216,3.894764674775253,8.125131711429034,3.791202381737313,2.6513515847655267,4.856880241420525,6.0051223693810885,10.534564275460623,0.0
2024-05-21,2.554276012393042,10.07215203659333,4.9306607862659835,3.3531810640244464,2.60318174996248,2.6299998859775187,-1.083537828776826,-2.3880301982042162,-1.9579521746108108,0.8137044967880147,2.6498936365785264,4.169313129480101,1.158857335869934,2.4579263100488857,2.883192802242074,4.319461064574748,4.958812597317808,0.0
2024-05-22,1.3403089929449497,10.882179346551801,1.49761005566591,-0.662483221728849,2.5515767757146923,2.012867852469147,-3.358573659435349,0.9117339667458424,-2.5682437596435403,0.433202906651764,2.9441039342029462,1.2271177315147153,0.06012310452057079,0.1455057498239709,2.2753219063379015,3.991899982391267,1.8065209781467306,0.0
2024-05-23,1.105101669353581,9.367639211543333,0.7062328930208972,-1.327462036096383,3.603878693994278,1.8411689559424405,-3.3168589936813597,2.141377903351205,-2.3094219191992615,-0.4988222253013763,1.8119452226964317,1.186521120075934,-0.6473179017222219,0.06483439041577999,1.9214458404343882,4.166605815430913,1.481117329703019,0.0
2024-05-24,0.1471875989790039,10.659184289142987,-0.0467336881875724,-1.2696728693767256,4.043770317416628,-0.35937960028021854,-5.060250587671455,1.4515087697723361,-4.222199760299194,-0.6834030683403158,2.1498593918368503,2.6814353294104087,-0.7227055851810271,-1.1328527291452062,0.5652929227075054,2.9598469468350874,3.172734915604991,0.0
2024-05-27,1.732028707740696,12.65746738008071,1.729216526839017,-0.7433558667219065,10.492433556116865,1.9692262315117226,-3.3515474384275823,4.655767448281312,-3.621972042948507,2.9523944059895335,2.6456974542394374,2.674276771535755,-0.346797020858014,-1.8095608527347151,2.1222789508478668,4.870087976539583,2.3255813953488413,0.0
2024-05-28,-0.4209394520107157,13.55074523601374,0.7475104879181016,-2.9745026555045406,10.792878955423912,-1.0710622296052796,-4.899435028248589,3.5504683431147654,-5.962063453894784,1.5491974877878567,0.3809375728834663,1.1593940354611476,-1.9027431791956206,-4.442753829091006,-0.4465031041672285,2.9037185068874427,1.168582618284142,0.0
2024-05-29,-2.4680789056665597,12.89899971543167,-1.349110362937056,-4.31915625958712,8.656868082017777,-3.5570436386154203,-6.533147995801524,2.091269502610693,-5.652273508189209,0.5004170141784892,0.25622444225892327,-0.9361626248216792,-2.9780525895790166,-5.782836614245401,-2.4181399221578914,1.52194653762876,-1.3912247724574556,0.0
2024-05-30,-2.8280251019490055,11.437627592134959,-1.7262185039585765,-4.641980437327698,6.802494199535958,-4.621652383781072,-5.662772397789794,1.8781814295553145,-8.980555084506236,-0.6875263084046512,-0.3938832252085245,0.11964962976340754,-0.8883052294663685,-5.625277654375827,-2.604504770335392,0.5022520239250428,-0.09427203137373219,0.0
2024-05-31,-3.3402624256222535,9.825136873057705,-0.7370330703154071,-4.680862257177809,7.431038128641321,-5.048223036435617,0.15546241098280955,-0.09665881395332088,-3.2696265804175284,0.3099464637926097,-0.9647704821286518,-0.7845130494353758,-4.326964891427243,-6.511052004035589,-3.6391694176938327,-1.8471238912666776,-1.6109894680187309,0.0
2024-06-03,-1.6386710227668577,10.493852886017919,0.45232642303518755,-4.197465233201935,3.887645317351418,-2.7182622134693912,1.371318845217906,2.0838884833879856,11.20834369559811,0.8150646430578945,0.2539047472493561,-1.530768222911294,-3.4724819890501135,-4.933828008195363,-1.536771919127966,-0.7001998534598042,-2.370996978851969,0.0
2024-06-04,-2.499322428708517,9.66092522932751,-1.840923334029676,-4.804795245202042,1.6844093035324192,-3.1736964537354195,-1.994503198620512,0.5718447805603821,8.282087189478805,-2.0210409745293423,-1.9930433899510103,-3.285601335324606,-4.907192801355576,-4.701710548073567,-2.3313056014627853,-1.995825464665535,-4.048622445251027,0.0
2024-06-05,-2.3065746458408976,10.265995307515885,-1.5581600602237788,-4.7983794743299395,1.3181256480547576,-2.000120342115441,-0.6436601521165985,0.7524605614869895,10.455309419620562,-3.2626651982378907,-1.790455959335402,-5.307690647326735,-5.129579205530788,-5.171152051812145,-2.149851987540674,-2.505361042069154,-6.174783220619984,0.0
2024-06-07,-0.07156961337727585,7.519347548889654,-0.05791383901259106,-2.8072507189895846,4.518287438592394,0.8184879192004724,1.529799213853189,3.588512981904013,5.740799229947813,-1.3475575519371064,-0.28259375238677276,-1.8127747042487652,-3.2023097666783906,-4.436025233112028,0.5895092374690103,2.018289329712508,-3.2122061417284686,0.0
2024-06-10,-1.4940885585710384,11.109965256037224,-1.207136151863264,-5.6071578845907855,5.384749632775332,-1.3405523103080519,1.1386501905641166,2.835477708741041,5.49889664221388,-1.2083743150203774,-1.1757819458936725,-3.280854104857389,-3.8853216837208437,-4.425374390038705,-1.4773873244899427,1.2669629428209594,-5.676158703681633,0.0
2024-06-11,-0.6923184224243539,11.213709547756089,1.587652903355874,-3.8379454942351066,5.391687206079188,-0.46738608896237377,-1.7284252578370296,3.2171508684476935,6.846828077798772,-1.3169073916737606,-0.9440720462569718,-3.2315665694002904,-4.3795297861057065,-4.674660092634097,-0.7151152368259028,1.3768042054698393,-5.6266076449123625,0.0
2024-06-12,0.17294177259810084,11.869234975998054,2.306128047585676,-3.8028894011135295,8.355905534440279,0.7389840056612362,-2.749893921868385,0.3242644732679656,7.32320989846964,-2.18449979128984,-1.3001882855834146,-0.5207987057598173,-3.8386713882554657,-3.7832770903636903,-0.07739787564223777,2.6274051622443784,-2.238650178674495,0.0
2024-06-13,1.2153677148662112,13.448312400046337,1.5509290390313568,-3.2909643442183834,10.414704804077335,2.507648176618704,2.7953434472373084,0.292821906244245,10.25941820233729,-1.9913661049993148,-0.9207108505002171,-0.0022335388189187455,-3.3600540709781024,-3.125997708791106,0.8663934234984128,2.9876903233042595,-1.5750183213882107,0.0
2024-06-14,2.63506474177706,14.975090169965855,2.1979493415810403,-2.1562837009922453,9.138812426268172,4.6055009317487405,4.694138786891733,2.1792574690612243,12.22542176122059,-1.5025979497261477,-0.9133712403838756,0.04269950783197807,-2.5408156053431274,-2.103219696969705,2.935886438473667,3.7055347198545308,-1.055561127269078,0.0
2024-06-17,0.775250735404831,17.22584746065341,-0.9701270666097828,-4.712172620182232,3.4303709547989447,1.3806420852425338,2.9991855812471213,4.803289376985687,12.74266924913292,-4.527991218441274,-1.4219830899308228,-0.7195212157891206,-2.776980373789406,-3.8018259327724735,0.8536542563770455,1.819874890592188,-2.2164096916299503,0.0
2024-06-18,1.50834603448593,15.733303734002767,-1.312889835481279,-3.7717614632439833,1.333853302575827,2.9097967487518916,3.209804667078564,4.896687623158491,15.064227911314344,-4.769103903243543,0.19361833952911134,-0.8752490318536976,-1.1793393478293779,-2.410505314046729,2.179347677715504,2.56293591827903,-2.1974167199108052,0.0
2024-06-19,4.483248048406963,12.090350072049883,0.9312928536085341,-1.4381709656039354,3.3900682689609996,7.228539092329478,7.107563433288822,8.305816997685977,16.62367223065249,-2.97372060857537,-0.24008054314995642,1.0035100351003523,-0.6796919940659452,-0.4124272902359727,5.575244770231502,6.000180075744366,-0.6182670964020032,0.0
2024-06-20,6.5336338524117465,12.389480788699792,2.625450444929278,-0.36653683091186773,5.3142523523102225,10.567121904515098,8.681648532966403,9.826989350501014,23.811889642751783,0.6499011020062007,0.04135328629395474,2.460032920697186,1.1280165247619545,0.4207119741100218,8.058815212781,9.102568166949588,1.8683475503887603,0.0
2024-06-21,5.603598683112598,14.26645176412591,0.2926423245797505,-1.3173197087428368,5.550728965872986,9.430560393645226,8.37596938562295,9.044580498333277,17.014712140555655,-0.7162921348314644,1.6529782107417734,1.3230577334283566,0.22928945521027977,0.6749663988384391,7.143320494628025,9.611084969765349,0.036054404853658184,0.0
2024-06-24,3.064655622325274,8.914730509561352,-1.43168453443423,-2.2168568488204365,6.747570791108881,6.321194334348035,7.958160092448097,6.076002042862272,8.654450920374025,-2.676331195985504,0.39652084932209064,-0.2727696094737553,-0.4700577255044025,-1.6396784715750123,4.2543732559570335,5.682154228670022,-0.471604693766392,0.0
2024-06-25,4.218098493670408,10.671291671380745,-0.3425021946742546,-1.5754273462242119,7.957896229089867,6.790458662490528,7.650365103766332,9.755458649860538,7.186133798164107,-0.9465950833568826,1.9921247603751135,2.704605322917608,3.372863477628596,-1.9009794092696763,5.3607430875575846,6.863958134723425,2.3534489324430696,0.0
2024-06-26,3.812976389663514,9.199516104353144,-1.0833426724942918,-2.5499963985851304,7.57384587346317,6.069811143342729,7.855159103746945,9.700880260090772,3.2283270274716225,-0.14230823964707096,0.8806488991888628,3.277866423524056,1.485952154376191,-1.5964886895287744,5.185644493066732,7.8884580972263585,2.576782263805555,0.0
2024-06-27,2.2547719701616398,5.794633945869787,-3.121317018018155,-4.221440187894265,4.829250263255158,4.4553130642475125,4.963784544196814,9.898907041568883,5.022330953261456,-1.0671599317017666,-1.4042075163398726,0.5456327112378201,0.4961113550451479,-3.4189103365986018,3.298693425153698,3.6557986518252594,0.30205069958435526,0.0
2024-06-28,3.5780791286738722,2.0158581429884803,-1.5534717757066718,-2.180508562777006,4.734238181655082,5.632266794709495,5.524997659395181,9.327058040156322,4.919724122335922,-0.1706727350305859,0.733949679379875,2.6555013210335376,3.594470514665127,-0.6856416275430322,4.9639582537764015,4.592164957680933,3.2905540257181176,0.0
2024-07-01,3.659086540594081,-1.3291608004323607,-3.0965595939419166,-1.8558281311249036,4.7161365986356785,6.297099356358227,4.106098406509084,7.706732165966779,3.23537604456825,1.277084230162151,0.38484386703514506,2.2278230343399708,3.4760415543333645,-0.8434395877823686,4.8758277170905195,4.911922888873366,2.7851727897365564,0.0
2024-07-02,1.931331258682567,-4.2867261405559525,-6.207410244950928,-1.9977612483499385,-2.6867710343272955,4.532895908671031,3.010543176819369,3.3173789815492682,-1.8603304189535819,-1.9345661450924645,-0.42793431466062737,1.9715736945286055,3.642602883556556,-3.067885117493474,3.2501148244159506,1.487136053149718,4.262027383494527,0.0
2024-07-03,1.420020400088573,-5.451488744276578,-6.1341752035611545,-0.9375587458321344,-5.186882727101095,3.058157480091994,-3.527344934734966,3.450245372492722,-4.956095458708177,-2.330207445296961,0.07787151200520093,3.314645641151648,5.959702966223723,-3.250133281636225,3.0364013477982565,1.6412322855548167,6.403412461035596,0.0
2024-07-04,2.411525438475648,-9.351275584074392,-4.785275810075307,0.4179662269066853,-5.153065569582116,4.583204120430917,-1.3231157798059834,3.2890688139036506,-4.657567371503801,-2.3809523809523836,0.5868300789364289,5.779944289693595,10.155242342776338,-3.281130597123205,3.979646697388639,3.206831743387717,9.036312495248723,0.0
2024-07-05,4.3048722714186916,-12.159681238652652,-4.166530697489257,1.6303293265239605,-4.859173295084107,8.232232567028896,-2.9525348368170112,0.34809625868441607,-3.952590225063246,-1.6384018396090827,0.6653671215074652,7.423462476293685,9.708516578864202,-0.22255556535976107,6.727735329600648,6.325748733229886,11.599452216093065,0.0
2024-07-08,3.39517786332455,-9.507543061668844,-2.627898936111639,2.1522244339237995,-3.0846199505573657,6.227760092443679,-0.9129055839199651,0.12666788325086387,-4.443311502411862,-0.707172752200913,-0.7162917729509721,5.887267964409926,8.47906161713694,0.7253855453660751,4.832534972041458,3.758615466181925,9.395775423674536,0.0
2024-07-09,2.5041736227045197,-5.5591265775254755,-3.031165193031604,0.3715333636167051,-2.1566511820231615,5.534194396331005,-1.0359934031929918,-3.2350299611277222,-5.674321774770663,-0.8695652173912993,-0.1475002587723817,4.103363778124303,7.7838348634107435,0.5284131976323936,3.535085839733254,2.6806925896727396,6.4810842187618345,0.0
2024-07-10,2.1498559283096297,-5.433889747972708,-4.530905269009599,-0.2931554658091251,-3.045832527557535,5.109546795167419,-3.4150877861312545,-2.128939138802033,-10.349108419231069,-2.456485120718699,-0.6122923502208888,3.136003521126751,5.854161581037132,1.0703229523725932,2.8100409338143173,1.966383402498395,4.026331715390219,0.0
2024-07-11,3.8462643574953326,-6.270645209042646,-2.952354396696144,3.9609695686477986,-2.5998328081795252,7.4005557816591905,-3.262767651060694,-0.016883336147210937,-5.568183294151263,-0.9336539821756973,-0.17586338728176054,4.605407781930104,9.790533969575277,0.8107660374784276,4.985828833499184,4.033948197801851,6.42407069087656,0.0
2024-07-12,3.337396418456784,-5.460094150749429,-1.748219118424743,4.750558930716742,0.5169876678256635,5.163831912176864,-5.3592513711252625,-1.8427509664902475,-8.25711676250015,1.6470925236321987,-0.4357242960886687,5.7616188570158045,9.6007888150077,2.260188118714157,3.7411430551272273,3.744987666126942,6.907358812043718,0.0
2024-07-15,3.118883790671112,-3.584308129999958,-2.556128725138862,3.0180209888460485,0.6966193280676602,5.920342723318073,-4.556864582636056,-3.4396585612399666,-7.244685176199028,4.835258878904569,-0.9270783063676236,4.3668605036814245,8.208796271070584,1.6813411422506919,3.6182774265808737,3.3907726514730507,5.294424050004953,0.0
2024-07-16,2.651814974660205,-3.636335771569199,-4.3275137012016245,0.8531966407504754,1.1715873770908436,4.853886900198012,-6.929547959105742,-1.971796529610148,-6.63054592778507,4.702864471996571,0.23993669755213443,4.330361084135248,10.70466887633068,0.302911479266732,2.905428999470594,2.1548562011588945,5.133162310542705,0.0
2024-07-17,2.1274685172014918,-2.26681465038846,-2.333211156059356,0.7015781980390434,1.7376032782959072,2.4923728003929835,-9.4320604768366,-3.4763017125796436,-5.474220241884142,8.514310369624623,1.7530685172717275,4.511927702837393,10.562764910307143,2.490808915103271,1.9525812446858914,0.4050384531873563,6.0688642500715595,0.0
2024-07-18,0.9482382712254545,-3.649861145409561,-3.919662958917547,-0.5767512822829279,-1.6813366362726012,1.7592577899786743,-10.828000754139456,-5.00882444544416,-5.312714684052433,6.553640119675186,3.019224869618564,2.3883266445646534,7.617748244266576,1.2113572124996308,0.9181606781186735,-1.5154837674493216,4.3450612075185635,0.0
2024-07-19,-0.3155856520855371,-0.7607673945238314,-4.790928356454671,-1.10959429465054,-2.1040842428941553,-0.4578422216373834,-10.358155261330392,-5.11863017441595,-4.576177434804318,3.754604703882136,2.863685483455969,3.081799771066307,7.985528679616083,0.9810217247409048,-0.594335844664251,-2.7719929907910945,5.202333526560521,0.0
2024-07-22,-0.6239077120027581,-1.0453365052845665,-4.489224499798061,-2.1023197180045194,-0.82515109599961,-2.257525083612033,-10.042413939158335,-1.9377084680730405,-1.7888006744888663,7.19466202494925,3.725566343042064,2.5560920193126835,6.190050257712865,2.519724609276852,-0.7973188974003342,-3.5419714951498316,3.7492620748647676,0.0
2024-07-23,-0.7057956127572984,2.8050265340347824,-5.142611378872486,-4.030426453756075,0.49371017358823543,-2.3660246553036446,-9.297387074769404,1.0301189939994515,-1.2823782803378259,6.0517893511783605,3.9164829464401363,1.5609123338017339,4.027275595136981,1.1120907305734784,-1.2863781607561187,-4.71909630792392,2.1787861895555816,0.0
2024-07-24,-2.3444745729112815,4.287490075254441,-6.190460077375115,-7.5725298351420385,-0.0241744427790902,-4.880152411697236,-9.83566504755533,-0.7422455440142972,-2.0261797072043453,5.213962319263921,3.2655273891269543,-1.2444519951581023,0.780596074448181,1.0541370378149173,-3.4362154356392893,-6.016346922143745,-1.4118385275047163,0.0
2024-07-25,-5.2958707022147,0.843638953046133,-5.970111983582694,-6.764898661349584,-5.578816805663111,-9.647522097467554,-10.669815498154989,-2.962888637243233,-4.594991819417094,4.41262419637638,4.162040742557638,-3.6359815048339628,-1.543045200647808,-0.0913825292325865,-6.984403021574925,-11.41449781478917,-3.7260883526767263,0.0
2024-07-26,-4.404148703879962,-1.9512426120898985,-7.197685884619909,-6.331256931172002,-7.023825548526041,-9.78818625437633,-10.941938482093594,-1.9719467524345502,-5.090426550658023,8.03779069767443,5.496587340720938,0.8850689927275113,-0.08288671834528749,-0.7172341110688318,-5.801802982640103,-10.495621501698482,2.3816772440926393,0.0
2024-07-29,-3.5520231012282966,-1.0818047450256274,-6.176676371679424,-4.783003952569176,-8.987777256849306,-10.017271750751888,-11.483727615807949,2.0655149284846575,-1.262173421248669,8.283002588438304,5.781739964236654,3.0471625438671657,2.5387458048946154,-0.5674144748987087,-4.8198589079343375,-11.021378900292122,5.953876419141513,0.0
2024-07-30,-4.525817732976744,-1.1845605695325445,-6.428910992882808,-5.2002208618796,-10.763604933346627,-10.806936631363495,-11.932299339930164,0.08205076303595682,-0.946945854838932,7.540653331414604,6.469976605146854,1.6707564280380005,1.6057981927710685,-2.4175080921783776,-5.7380864076328475,-12.492519565707362,4.980588172438782,0.0
2024-07-31,-4.173137115880121,-0.15274650397774092,-6.841998099633484,-9.520717051098526,-11.21432391213929,-9.391758166898034,-9.992027788850278,-0.9344887796675971,-0.946302816901412,7.8823361416535676,4.9813613848746385,1.4647472943154272,-0.25839081725849145,-1.6896888381939257,-5.090738704968545,-11.770992718577233,3.928437967115106,0.0
2024-08-01,-2.7763388169408487,0.41048722750562927,-5.41260544109996,-7.5713972851165545,-12.865989532051604,-6.76242717658867,-8.683282320361464,1.631368787446097,1.8227706113292275,6.030717204452585,3.8004811383528514,1.6084607136098938,1.3360891710341827,-1.25471725429257,-3.440340877811754,-9.898213299046542,3.7633345354288528,0.0
2024-08-02,-6.457013827719759,-3.9156279961649054,-6.974907317785862,-8.619064062918314,-17.04788482603933,-11.977009310279307,-11.195272912173648,-1.8668760359417114,-0.033934252386003116,-1.0884353741496544,4.527508588422302,-1.6503537985678496,-3.9056456079797575,-3.0490456632036644,-7.539343751717576,-14.525308156307371,0.45111365001591075,0.0
2024-08-05,-14.81251461049723,-10.073567166959752,-15.47474475401881,-16.151440303134144,-27.159372685408822,-20.70534888731649,-21.485345838218052,-12.720460047131288,-6.080216185464371,-9.867973322444534,-0.7537368541671974,-9.68690501375079,-11.731400747367227,-9.79583459572514,-16.24055431701007,-23.301771668396963,-7.335588744945953,0.0
2024-08-06,-11.294662169528957,-8.046097100079951,-11.763554691906897,-11.628861685233726,-22.146154550328887,-16.529674650950966,-12.74475032714909,-7.778668805132327,-1.733648542159183,-10.960901259111989,-1.1629978368749239,-7.195235673109524,-8.816889765031322,-7.123623248986588,-12.818459585522813,-18.818246378436676,-5.8976043548651935,0.0
2024-08-07,-9.061908049639744,-6.449632968737717,-13.61936402908409,-9.86164898578934,-18.706443658196626,-14.11162888612819,-5.245909794727965,-5.554543599906747,0.32008877128590907,-9.800775504746639,0.14393131002308213,-4.639669386276979,-6.50483621621375,-5.457871537136683,-10.261718227362593,-15.30522194133157,-3.172612629506355,0.0
2024-08-08,-8.539918296094385,-5.612416412269228,-14.197034383753182,-11.226271593427695,-16.543913567376567,-14.713195089579767,0.5067277957340854,-2.8107289878348207,-1.951053993298546,-3.277345350266292,1.8059481227644447,-3.4295720509097016,-3.958307482317891,-4.132506310290173,-9.90884823475816,-16.539714103375257,-2.315438995509811,0.0
2024-08-09,-6.335421257748308,-4.4324341684196416,-10.936553450991472,-8.054690367466277,-14.177945723119201,-10.691751230105817,3.201088744267633,-1.5550837566555065,-1.4379328106221,-2.9093369418132675,0.7762579872204523,-3.206015806403517,-1.7651466146693662,-4.013646791239378,-7.768222565922711,-12.767846107172154,-2.920513267142777,0.0
2024-08-12,-5.622699861946656,-6.909720670391062,-8.985071261158184,-5.907293314461737,-12.280066415671909,-9.993771733183598,8.759997645689332,-3.7883254716981063,2.2937689293352603,0.5075445816186352,0.2545862972669566,-2.616173872320493,-0.7842570086263545,-2.391946255524069,-6.992919522105634,-10.77296342944537,-2.3865351131746926,0.0
2024-08-13,-4.973701476414705,-6.667806083152239,-9.494220313428059,-4.634800374563708,-12.573059013720588,-8.37368084886496,4.081369316825478,-3.5108083284516867,2.758402485150935,-0.12493059411438079,1.3823963202759915,-0.6752252542846615,-0.8981980048339389,-2.3693352203560836,-5.610822346907174,-9.992571523797956,0.77908607663566,0.0
2024-08-14,-2.4403740800177154,-3.4020358567563913,-7.649705947678964,-3.6402212464110906,-5.807556645813072,-3.9578200143787545,6.4823565957053075,-1.1817537225242258,4.17829322171841,1.329415057374761,0.5354088689487613,0.35114503816793263,2.457786026347475,-3.0016621261445553,-3.0646147614095343,-5.330114270885278,0.9303489106221807,0.0
2024-08-16,-1.2690801273838703,-5.6645691891593515,-6.786228678798345,-4.15010926311944,-3.061298355339348,-0.3307906444984243,7.7307920604791525,-0.3044034603564727,4.749412629545824,-3.0943091618458207,-0.8978868908513848,-1.6446812108912634,2.2751482357820985,-3.176662538577968,-1.3091322312452358,-2.1525107771175445,-2.277094103115418,0.0
2024-08-19,-3.296655613932953,-8.239282778416134,-8.859450136275182,-6.291848451010573,-4.673941434251394,-3.3706725963189466,11.268826665286458,-3.24320100031259,-0.578381927660343,-3.8114209827357137,-0.365035033563621,-1.6612675471384675,1.0623431308552922,-3.5792806261542465,-3.5834719318858066,-4.464607374867812,-1.7414938594725093,0.0
2024-08-20,-1.5177909494958342,-6.623823731925638,-7.080644181099971,-4.546630136064566,-2.2307325505155906,-1.4173535474279464,11.586996324933807,-1.433808259746816,2.918831902394947,-0.6958383513983812,-0.4663199785150951,1.3347884486232253,3.870916939951452,-1.7456655411761224,-1.4989912861005705,-1.5048033512441328,2.0062880278663764,0.0
2024-08-21,-2.5105659601037944,-8.59581372121453,-6.972220400848039,-2.499612454954525,-2.134130471962581,-3.7585429604772624,2.2959199812732978,-1.7749054338798809,5.15302155076649,0.2779616148246289,-0.029185008633902942,-0.455656352263778,3.726233641935539,-1.6528519316047707,-3.2743305699127756,-3.8217078583795194,0.9685828576565303,0.0
2024-08-22,-2.520448719794932,-8.54554699024831,-7.198223097815704,-2.0630770317962455,-4.274647992030567,-3.3975385249993217,0.4596791184376059,-4.889907371326229,4.5056458275956945,-1.1295681063122842,1.5606893661086474,-0.5897446509125492,2.284564393939381,-0.6079621538672142,-2.705445478698132,-3.3774318613802645,0.830754742365114,0.0
2024-08-23,0.9528471446347275,-7.09314938556248,-5.252489558333451,-1.096948415613308,0.8033201804719337,0.27475275130504073,1.7881587953456402,-0.5767179304827175,8.656171765604448,4.071526822558447,2.0749533993917435,3.9290868750403884,7.104101066591717,1.6566985645932952,1.058100412540286,0.3758648727429037,6.249706861779458,0.0
2024-08-26,10.503983125473582,-0.41485179533304883,6.209840695128532,11.497766449256709,12.48762113602604,9.593133354551252,12.966419303301336,8.319002667342001,20.792004240175665,15.433403805496827,7.0994227068633675,13.99123937129605,17.048364336112897,11.808745774464757,10.660533113780012,9.766531420894808,16.98002798626128,0.0
2024-08-27,6.625299843387578,-1.9112685310056277,1.5559440559440585,7.5023057347645805,8.444967034812922,5.807257835787172,4.18313570487483,2.824145962732927,19.53196763140628,14.513247990473355,7.755291209640047,10.237730936993316,12.09588235880168,7.223077003590084,6.687265877970816,6.110643391783621,12.701499794292559,0.0
2024-08-28,4.727438376271698,-5.485967248100199,3.343333610870136,4.220231575127498,8.261070262784799,4.120088328944371,-2.3087776866283827,4.20136625406462,14.582092515386158,10.99911058404981,2.7109404039152407,6.029263933876905,8.0465712933923,4.430835734870309,4.554019970429524,4.266001513266726,6.975561930353313,0.0
2024-08-29,4.128320158953036,-7.615263736713307,5.2983669454276905,6.570256725985435,2.8187179092007852,4.364692521833513,-10.060083776116857,2.5432871654219147,15.548441983533046,5.3931949738811324,1.1277364192526118,4.626066958559982,6.208249593262494,3.863659557097665,4.025359093625536,4.825227838837454,6.140035044766079,0.0
2024-08-30,3.317841316937309,-6.919330486484676,3.556939031904416,4.181450416918486,2.4696991530172685,2.8145879501044524,-10.217869553261172,1.880372762446747,15.291709611392568,4.027874564459921,1.3003095975232304,3.8844139266692945,5.538869676441327,4.229480737018432,2.8779557243919562,3.9116237730891124,4.923444976076552,0.0
2024-09-02,2.3946835733109184,-7.350346512906314,3.8284839203675425,7.086685587500741,-1.8149385802973983,2.4122953135451652,-16.677690522290234,-0.8348062644101262,9.81828387006245,1.5695373276921165,2.4522618069559465,3.532394858791643,5.244002219484445,3.174361473179843,2.149363219561895,2.9926554224156243,5.597307774633142,0.0
2024-09-03,1.6452412740797229,-8.011263237752775,4.818118292854656,8.426876023762443,-0.9482642812551845,-0.496836664807776,-14.687304352138264,-2.2478142086742148,12.156582832990438,3.210562890896451,3.8342045566623906,4.15250384290633,6.761522272391285,2.714730300972157,0.4242490548606481,1.5307611441482294,4.93427208083832,0.0
2024-09-04,-2.4087729249385403,-10.645534139806001,0.015423788186930132,3.1075482487177952,-7.063274363557904,-6.22423858121649,-18.43573685223231,-4.461776488878266,10.133504457123731,-0.22096395525479373,3.1632929805961885,1.6669926756645026,4.608090018067257,-0.13891001267427594,-3.82168932249497,-4.700671744533791,3.093428382588992,0.0
2024-09-05,-4.513148674751511,-8.414883294569675,-0.10980822777363342,2.2599501098328423,-11.60960310644812,-9.617930322696445,-21.81507740931575,-7.282646852328567,9.442426243945402,-1.4021935304734168,5.870525740952193,0.5846193526200416,3.0379420154938774,0.6222718505735525,-6.223221349291519,-7.127377727502759,2.5326233249458596,0.0
2024-09-06,-4.863967453895512,-8.369072690511603,-1.3471497120414733,0.462474860681672,-11.464691824090833,-8.813603294963478,-26.23701929226798,-7.752347805655302,8.478887093374565,-3.45160844953748,5.389854680469153,-1.8857166990455254,0.8928855714604111,-1.2333292796627315,-6.162513748546006,-7.712519272935181,-0.873089050529885,0.0
2024-09-09,-5.9592899285404455,-7.0673975027037645,-1.7211384262008633,-0.4073046083355458,-10.681897852494249,-10.553153614555189,-24.0079798379243,-7.385816096586851,5.735219461328422,-4.756771324619303,4.2974882260596425,-4.771767044983843,-1.3988914108870043,-1.602338002620174,-7.74451254136399,-8.642268456456536,-4.917069493103909,0.0
2024-09-10,-6.578728161917424,-6.5619120842717376,-2.382350868124905,-1.313754786101029,-11.119891194505016,-12.270791500253752,-20.44875442198749,-6.661891381964924,0.7632680549869875,-8.31573389651532,3.3183311032721097,-3.6286463318213946,-1.1281063960039361,-2.2705004898922243,-8.007098575180882,-9.627651862948827,-3.9484520020476754,0.0
2024-09-11,-7.175911392451817,-6.296760747025143,-1.8423337429698372,-1.5207979626485568,-8.287254201484885,-12.178705804370814,-17.671956326937867,-7.085374058885662,0.9948347651926426,-5.981182795698925,4.100310739949498,-6.26340001248934,-3.7424443395974394,-3.6681188352493344,-9.343271570936906,-8.841143365908987,-8.263562271367741,0.0
2024-09-12,-4.7969974349388655,-3.9658130889774545,0.4713829131463898,2.7364033082403205,-4.228657870933539,-8.209521506500906,-12.435584924447662,-5.612866451331677,0.7615105244659581,-4.599524187153037,3.6931135566341533,-5.165087984745165,-2.0628552621044904,-2.236669216136189,-6.634667796038574,-4.514580913370425,-7.465733771823335,0.0
2024-09-13,-4.544089903299109,-2.8701396887574226,-0.14044653203111324,7.797639351764563,-2.40058481830544,-9.429516399592996,-10.726039890558713,-2.1276194570459928,-1.4868676737917697,-3.911564625850339,4.190024435820039,-3.635130692092714,-1.0754149532218649,-2.5970250496632707,-6.281959933708359,-4.28790861692232,-5.90269470845387,0.0
2024-09-19,-4.032722878125861,-2.297770973298008,-0.6592960485916177,9.765850614884574,-3.4905514250309744,-10.5605389190504,-9.757771036115725,0.23331760264275747,-3.913101816274489,-5.160535551800349,3.4910394265232902,-1.4770467351673977,1.0705334447268733,-1.4330059936354278,-5.746784419211748,-5.208937044601547,-2.6471531764731937,0.0
2024-09-20,-3.586100236817946,-1.9963333172290931,0.08446582512715572,13.371849349075049,-5.032054698564026,-10.422828088563907,-10.269587590775032,-0.2332115450820016,-1.5012190443187579,-3.85950854700855,3.749185746338868,0.3813416484072185,1.9271745607540858,-1.4458187552357948,-5.533307189853165,-4.803298750976282,-0.9877800407331883,0.0
2024-09-23,-2.2638490316570725,1.6561518304150535,0.9008216342110353,11.677049239519889,-1.3356158980103672,-8.16519728177375,-5.950574615752058,-0.7824047833383307,-6.645119424963186,-5.492297387809786,4.497084548104957,0.5664285412351644,1.846328518521867,-0.6818896399937047,-3.818572605106163,-1.9488813890436885,-1.09907505823289,0.0
2024-09-24,-1.5940560368842838,0.6382567210366785,4.259007407865312,13.348988245971928,-0.5328166626301756,-7.391888570499261,-4.821969301451389,-0.06132521574655492,-6.315709950768699,-3.7245444801714878,5.234718826405871,1.0168845200516863,1.034194863139759,-0.09603229820968062,-3.229979334540156,-1.522236994201731,-0.7649687628254687,0.0
2024-09-25,-3.15852293920178,0.19846667651226557,3.7992678679319214,8.2742023776325,0.6545073741164087,-9.39321984245225,-1.4166125423973552,1.2209230027169449,-7.044287138074667,-5.159903251814035,2.9062986003110414,-2.398446077189431,-3.2902320676990615,-0.7310473754120195,-5.104349109711171,-4.7553346080305925,-5.762322496368277,0.0
2024-09-26,0.26044891786101143,2.563877175882956,5.603477775947052,9.813877574542618,3.9067548485404613,-3.383354276049144,3.289277695834447,4.50162744068181,-7.07413554288282,-3.5146781578238584,2.488660919949637,-0.5134387926912898,-2.3276325886202542,1.3668887244016714,-0.5168740618796241,1.0258296424277447,-2.69719024107532,0.0
2024-09-27,2.6728146311221224,5.507759896092024,9.93008089705556,14.228646830464431,6.384672144059289,0.3901733208093505,8.23916170125334,4.366210956599992,-4.704421953969118,-2.145328719723183,0.7719516275512595,1.5284963016802822,-0.42283581889203115,3.2440500365526814,2.374685617359784,5.143900586590822,-0.18889741153303996,0.0
2024-09-30,0.6899631139584583,4.539985412418623,8.53388821273866,13.669734987856641,6.8016693701000275,-2.7069767225369246,7.780470994571398,2.1687516761583314,-6.140769985163585,-0.7885102787947074,-1.8592764530726114,-0.3461686396854624,-2.690747424870621,1.629288863331424,-0.3875645244817205,0.756441774817529,-2.6412811469141317,0.0
2024-10-02,0.6842800320719267,2.946538290143552,9.084196163416003,16.48580600213416,7.023546504130751,-2.354550824605073,8.167930507165266,2.0977768579911293,-6.560965815619369,-0.5577005577005578,-3.1427171554560207,-0.5423670447452733,-1.8560763168809613,2.4707825854974885,-0.7247721120845929,1.6575058984802382,-2.3977400610918465,0.0
2024-10-04,1.3320556955436658,1.192582659546626,7.596601254299018,18.16213275058558,6.63026321402671,-1.9449511558446653,7.466349775924086,2.871125740827196,-5.342382206765883,-1.7119411431805398,-0.4492003762935015,1.328838625489337,0.165074713267499,3.183121671446143,0.23049592705630673,1.7614797219270395,-0.19006308228681768,0.0
2024-10-07,3.4457068355373544,2.6211907143121715,10.412070353344527,20.84394517887489,10.386745999179325,2.559071089770537,8.72671580060329,4.48978623079479,-5.0298145599895205,-0.04319032536710399,0.11302361722669296,2.1697828058206303,-0.3719506997070132,2.609691972460637,2.4728452231066234,5.423245057016435,1.4691229289769403,0.0
2024-10-08,3.222366782447472,1.3467995551464051,6.962503740177106,17.591167888559877,8.309552640715356,1.0321235220619451,7.394398814302483,6.862709402850431,-5.714509374143805,0.40028591851322126,-3.4607401879620303,4.894297388523716,2.6491505516558878,2.5225353981848997,2.5781680915609506,2.1375023097431667,6.0735712987091794,0.0
2024-10-10,1.0524515083064623,1.8807201839932342,5.573085033434899,13.647085862331942,4.340462950146962,-2.9221676440319033,4.910358271553883,5.183676530374615,-7.2281218510192975,-3.380437794402902,-3.415594948441669,4.174407168615435,0.7179966938545723,0.9498400216647829,0.48511067243477424,-0.2010429905465072,5.509904709656643,0.0
2024-10-11,0.8348185337480274,0.4098221492024212,4.489213403404979,6.116043263173809,2.4821809688720498,-0.8821330875058875,5.501021586568378,2.6816985632106327,-8.602807365835641,-5.078284547311096,-3.7938883907015275,2.2816931442584565,-0.9492787342950004,0.6566184151619137,0.5964607197012528,0.8970347479874796,3.1803998613197937,0.0
2024-10-14,1.6463887166769942,0.6105685839396413,4.0704847182240655,3.360302039264318,3.6777864267772964,2.2215952219859947,7.515187656069466,0.42261001231671536,-6.786589313597302,-4.139254385964907,-2.315808916903339,3.330599886456831,-0.4027488931000578,0.19311902073801956,2.051614478319963,2.702632009154815,4.716723859736849,0.0
2024-10-15,1.5454794340953981,1.394063618909236,2.609738870307665,1.0157827385184115,4.680547426821358,1.8448988795395582,9.988021262259483,-0.41705162312485333,-7.4797708197215655,-2.792054452007209,-1.6626746971141526,3.171371602476647,0.6395464712004806,2.609052181043614,2.127606044849961,1.497449877742718,5.022455346429422,0.0
2024-10-16,0.32090576131529325,0.05457899861631699,0.017953045092933273,0.3748580731420148,3.6117219046095883,-0.616728291099633,8.70896665048364,0.9655558667040154,-2.2590864735526406,-0.8221119773210495,0.29294831554718126,3.167164053633731,1.3209350061047953,1.3286242852337704,0.66455035295101,-1.7165353827880203,5.0122333249491335,0.0
2024-10-17,-0.8504073443579618,-1.6066623959000603,-4.31206781118213,-1.809563378153789,6.3644289450740965,-1.370987991786865,6.7177169270376424,-0.964062072585592,-2.165177071433355,-0.9602003896465372,-0.6621593364466438,2.6445483715370255,0.906320250926318,0.4963168580985,-0.3128789415090205,-2.023469731347427,4.920443448790857,0.0
2024-10-18,-0.09629013372773887,-1.472105501325227,-5.598898465090352,0.3430315749308299,4.007913362863946,-2.1755751831833203,4.136684064506202,-1.1064244842952542,1.393833592214322,0.14168319637293258,1.9316142438840167,6.160768365492775,5.851235851235859,1.621535899774007,0.5696748018750863,-2.0714288008582438,9.544237847139247,0.0
2024-10-21,-2.4947877090998993,-3.915415135336786,-7.111670119127911,0.32274690982017074,2.004698872884725,-5.867432311729559,0.32569852837729396,-2.245571041268468,-0.3572004082290303,-1.5073272854152275,-0.0648763873120295,2.1291266193063096,2.7930791598186566,0.7545516502774907,-2.5353369430755945,-6.260134246256833,4.3847290471117795,0.0
2024-10-22,-2.9843987047981524,-4.530704415403941,-10.066432701818462,-2.36967618083872,2.1633753643292453,-7.529228395073629,-2.322899969065495,-0.6409127196812858,0.4599045631571208,-1.923620933521919,4.328234317561952,3.0699260943718,2.803016005679737,0.05605656796121572,-3.3561593522743127,-7.540320473609952,5.050238575885491,0.0
2024-10-23,0.24486459180879105,-4.235874688388841,-7.900981503364113,0.3700430900482221,2.486967939945739,-1.3618240364992262,0.6667720473063188,3.027156395360042,1.8901540522437976,-3.0087993187624007,3.0794591237039537,4.86748434685651,4.596327534300104,1.1981575969346236,0.815039661909478,-1.5769197733714546,7.119995310393334,0.0
2024-10-24,0.7549703516038342,-0.8586607201416685,-6.545604379433135,8.996738885618738,4.17613841742106,-2.19804034805432,1.0326182008978169,2.198123467570001,8.780880028835213,-1.8406672418751824,5.484896661367267,5.293112029603342,3.8870897356393375,2.250993821782976,1.2482003236232053,-1.5364767356676579,6.701649528201981,0.0
2024-10-25,0.5276860034789888,-2.4699683216761303,-7.030573519443051,10.692518494114832,2.6613109717065653,-2.427436872225086,1.10361076580614,1.3241543757090968,6.710443341649985,-2.187994817907002,3.978359989605229,6.743791719430781,2.2246102304076754,0.15881208559971327,1.3840302894266632,-2.303243098191743,9.682469216570478,0.0
2024-10-28,0.07853262743353628,-3.1046884869735614,-5.527567598988559,11.760806200644303,0.029428620107507797,-2.4958496121755824,0.7786747513460535,-0.685227109250186,7.639339285467872,-1.1234336742042328,2.918832467013188,3.7233480548570563,1.9536140508894517,2.035851727782112,0.724701060812416,-2.5057142585412695,4.72378907944917,0.0
2024-10-29,0.9034983579765399,-1.533671465624964,-6.0011042267345545,19.4895017620766,1.29313714759276,-1.0821756390967718,0.26451413497410314,-1.6032253790388307,8.038247056056026,-2.3779011818311324,5.60668647486533,3.9651960369209815,2.3014861230612693,2.288206476281518,1.8168680974765428,-1.451499311886606,4.959093194387321,0.0
2024-10-30,-0.20660521091429018,-3.6886463254305,-7.38614581832654,3.9225491421722047,1.6636494163181137,-0.4895218646120414,-1.5941947381015953,-2.970512522233826,8.309311943852604,-2.236879839403483,5.2637892564957545,1.8651001783279275,2.340188567795587,2.468007312614251,0.1926895023929509,-1.9467959184328087,1.7610688489753334,0.0
2024-10-31,-1.5695576666114652,-1.2658096134936403,-5.964111221006762,1.6754613260333562,-0.31827862346459623,-1.2413838281642442,-0.42592007858822667,-4.594047963016468,8.627243487099513,-3.341939185312681,4.760880476088047,-0.8881476076305628,0.4554748705833944,0.24215468248085514,-2.101540350159292,-4.822300097610944,-2.1202482023252256,0.0
2024-11-01,-3.0850573135261405,-3.7272522337896574,-5.865175520347932,2.0192298759812433,-2.365398309545186,-3.4658047125996516,-6.031739428856675,-4.794178872156484,5.37404496983398,-5.275950814984265,3.8479720147490015,-2.738945526321135,-1.9137298528613234,-0.5149798851426857,-3.48824259722903,-5.983139986501806,-3.3985481298219433,0.0
2024-11-04,-1.689039093204736,-0.9027797324926423,-2.925247883060944,7.141074220252874,-2.5389263749645896,-1.3237562135069103,-7.091368243358209,-4.622802147645,6.555306579751474,-4.744212632180633,3.6487892546348766,-2.2479453169501173,-1.3572211293452874,0.117925677585351,-1.9732466188751685,-3.2568604425434966,-3.0282257187003503,0.0
2024-11-05,-1.2825817128671924,-1.3184010162034299,-1.249051223665043,13.088277090399236,-1.0796252565942854,-0.9088385728036608,-6.112886048988287,-5.797101449275366,7.217002420711438,-3.2299556952979924,0.42191158402300477,-1.9393346778300624,-1.772631615714415,0.16304613131561396,-1.5817361753685866,-2.862127330554587,-2.8796951551442573,0.0
2024-11-06,-1.7548767868777015,0.2604302307411821,-3.7119465450780598,11.371548146125111,-3.7719686900014926,-3.0495033710825292,-8.287130002124554,-4.898213605858592,7.100859960985795,-4.411971336237174,3.0522031995509513,-0.29217064400131054,-0.20781416482482662,0.15128297724897877,-1.9408729153779447,-4.832000925030755,-0.18614225648212468,0.0
2024-11-07,-1.12536721900518,0.1999832035104676,-4.412538116173681,11.361579471734862,-0.12049197099098796,-1.2128150957261274,-6.6604338596071955,-1.1154151655806022,6.028767810419855,-4.598189020939447,1.1235694759764492,-0.6826147200260757,-3.0307923968312833,0.03998907615481162,-1.2424229756280991,-3.2068144396848575,-1.1192198186994795,0.0
2024-11-08,-1.6802819280438586,-0.6865504838908576,-5.3914513040624445,5.273442973319842,-1.3955063791351474,-1.0181005645035546,-8.429451896311157,-1.4054642347819502,3.1737689011077874,-3.400878560294729,-1.6971551784099592,-0.30074265021788893,-2.8094280117015646,-2.8342271826834686,-2.080281643251869,-3.545365535248046,-0.6726580417201644,0.0
2024-11-11,-1.5186525070992274,-2.3743097783379907,-5.702479120344551,5.163810267793356,-1.5195203441805138,-1.017633583452715,-10.354705899288852,2.0501929482416026,0.9155982481906522,-3.3025670608595403,-0.3455330756990227,-1.1766868909726003,-2.9796664102384796,-2.377629251032032,-2.265875060172784,-4.872672872340433,-1.6246847259982267,0.0
2024-11-12,-4.502581146475249,-3.4303689089081657,-8.545012267384466,2.5394537020872354,-2.33014054938524,-6.339626088446693,-14.66746606141065,-0.5118079259039954,-2.292896490974361,-1.7998244073748948,0.9062043711034251,-2.7399501083711586,-4.048953046382342,-3.814802099171133,-5.743158945354732,-10.008403632955176,-2.393617021276595,0.0
2024-11-13,-6.352115240814726,-5.055543500695947,-10.863278010476707,-12.783891116393853,-4.941708046756943,-7.893377304177895,-15.898615849568309,-1.357866471378022,-3.0623948615996266,-4.497509522414312,-1.8405608458359035,-3.639764062724782,-6.295626489562567,-5.100132203887764,-7.269356286546036,-10.689759611269501,-2.797441834821923,0.0
2024-11-14,-6.364414095313298,-4.197284708934301,-10.631792393583616,-11.510520067777573,-1.8955277392402214,-8.443439529992213,-14.186044849204027,1.1318692163456934,0.8157654706388628,-1.5452538631346546,-3.5171426623952007,-6.209156897834434,-3.541898553029099,-3.2148095294723955,-8.09515852792514,-11.708623034691357,-6.644228106426942,0.0
2024-11-15,-7.486133599751943,-4.6245173924959415,-15.726540427735646,-18.109233879072406,-2.383016939704574,-9.424498373211954,-11.38269642831804,1.4496676018540988,-1.0281655833749959,-2.971595047341602,-2.9731706202294372,-5.940715086075176,-5.602328745339857,-4.171226451965926,-8.262521760344676,-12.64766611930349,-5.5977757182576475,0.0
2024-11-18,-5.681488272595314,-2.312876925620011,-12.087117464477682,-22.107329642183405,-3.163785118863849,-7.158575978548032,-9.203461155199989,5.330101569713763,2.8587530098878045,-1.939906651108514,-3.042225170410362,-3.7712028345109783,-4.014601754324165,-2.9963203083931966,-5.989140659812186,-10.274742746247323,-3.0885298728444366,0.0
2024-11-19,-4.69737334171233,-0.9973718086247585,-10.27187783425787,-10.203655611143747,-2.3126400785975165,-7.075367490865836,-8.490626765751397,4.736435007928241,6.189410887397462,-1.9653857436198297,-3.206837606837609,-2.730979939860778,-4.063586336339641,-2.119613698948908,-5.029077286342421,-10.875311606482718,-1.288502338187436,0.0
2024-11-20,-2.8895017898010744,-0.04426270972093249,-10.375296887068252,-6.95937933207883,0.21128648239541192,-6.5648432378605515,-9.952927248639964,8.565450297733769,4.7529321284368375,-1.8993916011277645,-0.2623594095772508,1.1127705673236843,-2.6696834594536867,-0.2257937290475298,-2.5373414428170427,-8.253950107095898,4.119511609012583,0.0
2024-11-21,-2.428058968832114,-0.7421145341628077,-9.60491056695928,-7.5890605052331805,-1.4531472966545222,-4.943116505440903,-6.428502918022372,6.38805829029323,6.0292350044589105,1.328301886792449,0.37327021121631443,0.69878862690127,-1.5392508978963715,-0.3805341387807082,-2.0270443530809645,-7.32488605657553,2.580174108396527,0.0
2024-11-22,-3.388606279717421,-3.459130053064441,-10.368443143276485,-11.52285144241464,0.26954389714897165,-6.567703246947165,-6.799616097528826,7.484178451441514,4.85840279370906,1.3051305130513224,2.07387465492459,1.2965390938794341,-2.147270739922802,-1.9819328712717077,-3.109083902962073,-8.092567311962362,3.475128760421442,0.0
2024-11-25,-1.6508335661730489,-4.209433595017186,-9.681515430856525,-16.595905811549382,0.3385784386385149,-2.526201467085587,-6.278906387213857,7.011207725675694,5.700545946221736,1.5211933244720255,3.559638957501332,1.4749568938654312,-2.9909591160024673,-0.42498440424205697,-1.1931413345475428,-5.123694411092872,3.3417409338041715,0.0
2024-11-26,-1.6832389965320993,-3.1334095277676832,-6.975116640746504,-12.80344280328739,-3.606728467063658,-1.4274109945631608,-3.1310481912405486,5.033929769889833,8.273155214653105,1.6610318976921778,4.0829758743559985,-1.1434191922296666,-4.339654274797711,-0.3225743577749185,-0.8154244779759234,-4.14381515843899,-0.6713618113604936,0.0
2024-11-27,-2.400736168570128,-1.7402054511071463,-7.44120620448343,-12.160579405296879,-5.679059180576629,-4.673671923515011,-3.1216345465910456,0.8957735326140748,6.853343562204328,3.129170992140007,9.440791734439081,0.30364580127613117,-1.6694348047224916,1.4292817517963297,-1.8295109169566337,-7.153047220480846,2.56605438799713,0.0
2024-11-28,-2.2052593561486034,-0.4604241290772415,-5.159524635432744,-4.919307037874399,-4.951107243456154,-6.491269065375482,0.3928114734641497,0.7060883466874612,8.896639105503068,1.5842746075986458,14.066369489846453,0.13748666174178137,-1.0909945495466977,3.623001034290718,-1.8193408554854518,-8.601291885618378,2.269161934642838,0.0
2024-11-29,-2.992107944984712,0.39651884544948945,-6.351249053747154,-4.003645277535717,-6.082787253489485,-7.024485119199486,4.037865527596218,-4.060517794567753,8.01484181405776,2.0283370618941143,9.813403896163141,-0.4919896640826815,-1.5110354241846702,4.889197652057464,-1.9468399495359723,-8.293056269068256,1.6714946891752236,0.0
2024-12-02,-1.1314887394917372,2.7198559396003796,-4.990652011463814,3.9835896609738297,-5.525350866101919,-5.314857928248873,7.178226103248697,-2.965002203132594,8.870110472704784,1.2665772612129311,10.223253250034459,1.6061892948744827,1.3267628726225222,7.0663702374153425,0.3084050297815999,-6.091047858489729,3.9290880344468038,0.0
2024-12-03,3.434722888774888,6.395538424234326,0.03120924029054173,17.62947949372935,-0.3228344540609829,-0.4206736692331292,10.859441333116049,1.3746249265319976,6.046144744626303,6.089891087590127,10.645574037454919,6.795205391801384,8.806666698125243,9.249073854313927,4.570087032044445,-2.1136287400428166,9.585606842648575,0.0
2024-12-04,1.8661683603019563,7.130389052377151,-0.880491908228731,16.373674464291522,-6.172241201239381,0.05833961908352503,3.8460256901521106,-2.5923284792073287,-7.430297160915433,-1.300448430493284,10.236665489226437,4.056168935577231,2.6581495981866876,7.838097968545221,3.675725304643862,-1.1330669645199798,5.387458926615563,0.0
2024-12-05,1.033986246617502,5.861740918360803,-1.1931417167611702,31.46250596149127,-7.717748203607055,-0.5084051905612563,1.0952849902721384,-5.6162381312021115,-5.507700677452365,-3.0325776910373747,9.322373224674374,1.355888150057405,2.579724386420512,5.219474891664544,2.1342576524518098,-1.2127799761017521,0.9332301544218824,0.0
2024-12-06,-1.6568991563625346,2.4582490672736546,-3.5484474428907786,22.9941638378476,-8.974103506268872,-3.454893013611704,-3.932792748691305,-9.011812662999397,-11.596603078149126,-5.057266101442814,7.0963480230253895,-0.6602196499989388,-0.3550800765211193,3.1661448298008876,-1.1112281440910143,-3.711646803504498,-1.114368842606639,0.0
2024-12-09,-4.505350027306376,0.13246252989886909,-9.312486777461748,10.732086920546102,-13.92540327333014,-4.671903050696602,-8.364727767269542,-10.302898267095495,-15.726704765594734,-9.889287851585882,4.577564283695956,-3.675785550944344,-4.610000734807851,-2.0931983436688895,-3.252346793996086,-5.101842301353365,-4.357072929208805,0.0
2024-12-10,-2.596392846927631,0.1784471669864729,-3.0585833867656564,14.133446108001312,-13.144520494060263,-2.681626478569077,-4.362048456770806,-8.281286227683749,-12.324559793448609,-3.9479655120254087,0.5192369275813125,-3.925688607805611,-2.075258434884475,0.16206974928600903,-1.707591385897267,-3.0393989371449437,-5.847959643473388,0.0
2024-12-11,-1.5367064011964637,2.3982049652976123,-2.9708464517485766,11.594491370102201,-8.220775982044437,-3.083229657927755,-0.6576042389453085,-4.215917170280836,-12.564908944635423,-3.232533889468203,0.76417233560091,-2.1566142403025013,-0.9014197818673741,2.4694559417543616,-1.3710342300528144,-2.108955387482192,-4.450187249512716,0.0
2024-12-12,-0.7644208472597502,2.718064348742466,-2.266044238907561,11.662815951661166,-8.734668286374859,-0.43290828589828134,-1.0840172310788265,-5.166134812348721,-13.59117096531104,-4.013031245372433,-0.9991059454626638,-2.370875621481694,0.37705396385387946,4.019187224407128,-0.8105339149004243,-1.7777761870333642,-4.529582718834035,0.0
2024-12-13,-1.5735852332362743,4.228336110320896,-2.917017661383303,8.54771250758346,-9.613037156829973,-3.061556314234082,-0.49661117531312193,-2.873126799831238,-13.899716406202856,-3.5787023567064202,-0.0022291076881897354,-2.8906585870166035,0.6680442980265822,3.3859978855867556,-1.705503095678007,-2.4284148151281437,-5.352222680233442,0.0
2024-12-16,-1.2454569982066177,3.116511180772119,-1.9839908683959462,5.047502292428763,-6.75094736171703,-2.6553070522820854,-1.2365869275096197,-2.716195159500334,-14.348500823332898,-5.393290919606697,-0.17226341037942516,-2.3153618141492083,0.7075058343864571,3.1941416294326563,-1.9541554616468115,-2.060777624032206,-4.761115896892187,0.0
2024-12-17,-1.8477383682372728,1.4431560709049718,-2.388258995502246,0.7901197133410642,-5.612355709286887,-1.1226859462206362,-0.3327166156190442,-2.728360078632308,-13.781261218140484,-5.450100661489799,-5.59532780708365,-4.232035836282188,-0.8298926129029383,1.3908780698803414,-2.3801721312889046,0.21496664184879055,-8.40154456766088,0.0
2024-12-18,-0.8080904869703476,1.1570480413777284,-3.2531844978386015,-4.169481908416595,-3.739308517046147,0.9861096946039982,-2.7084127831591753,0.6512454170918947,-13.489588331254188,-3.6101083032490933,-6.1451936397659335,-2.7131703518514794,1.259755451172495,2.6939872354719396,-0.5068737447191496,3.210830862181946,-5.82357516311629,0.0
2024-12-19,-0.8135477277261827,3.7577013102316537,-1.0789869976677857,-3.769564536311276,-1.0400085773903167,0.465186530455064,-4.885973374493535,2.4265354637117653,-15.052680132064477,-3.1720508697558825,-6.855006231823846,-2.67985125786816,-0.06312524872720271,1.0069401115409438,-1.1989636301146578,3.169050313818289,-6.087003984498662,0.0
2024-12-20,-2.050536162445815,1.3952216673501994,-1.642347864345084,-13.026561572954975,-1.7289547644539716,-0.8215926601289891,-5.616600852206222,3.0210589230685647,-14.188779987393252,-3.104767510300177,-7.560065848423592,-4.578936478377815,-2.977654035290722,0.5457922560365702,-2.5674183743935486,1.313746337956001,-8.65512218805632,0.0
2024-12-23,-2.3235070597176,0.7484073096106325,-3.09758086116515,-12.463291734864345,-1.2833136672498635,-0.946937659037661,-3.6917554405427655,3.418761037643381,-11.774769413864927,-3.3545401966454502,-5.269022938962598,-5.286387601853337,-4.443104839059431,0.43166147161612933,-2.9843708769698774,1.62830018866289,-10.193265219506642,0.0
2024-12-24,-0.9529220779220804,0.8008376547755214,-2.139522587855014,-14.28848247583172,2.3971007866148364,0.012866193849148111,-0.4435959346398066,4.362451017789648,-2.689792828136839,0.6815084052703257,-3.343159873536694,-2.614500278138332,-1.4344975244212632,1.3558807052858501,-1.484888074424151,2.0233153255615477,-6.2910035725885045,0.0
2024-12-26,-0.49880213772344195,0.8333025874018851,-0.45198435912436885,-19.358320102246207,2.550814318250194,-1.6319147604776818,-3.41894556772554,10.109398388483704,-3.8958724588410987,1.3624400061928998,-3.522568135301085,0.4273960893257822,0.459816255964407,2.4536310250595994,-1.4391505437085228,0.3285841865092065,-1.909851354289438,0.0
2024-12-27,-0.9632808381655145,0.26451361992083644,-2.2030866611045585,-20.785146194336633,2.5498677781474965,-0.9703800779279459,0.8046222631336697,8.917230692648005,-3.7650538770335973,0.45433181889393826,-2.266719534760764,-1.3143039727340544,-2.5050067908197415,1.4007373325681138,-1.2981306918038005,1.15311500415487,-3.84427505197269,0.0
2024-12-30,1.648323717052591,1.3672392804003675,3.4548900805158267,-12.113901417095875,6.265746522072502,-0.24486977048198133,6.161719549641753,11.51143404071384,-1.5128658247489324,6.109912003984719,-2.4227686210933963,0.7034203816055573,0.944604392747439,6.788218510011834,0.492628730470801,2.420203301718926,-1.6965703864933346,0.0
2025-01-02,-0.781689441815836,-2.235430628241253,-4.233377326719145,-15.888770713967126,11.011575877248593,-1.7817460192377066,5.27043613452256,9.250591492773719,-6.364181937446789,0.6456692913385798,-0.5438616452383638,-0.9181265022411789,-2.3790608994728735,2.737901435548329,-1.6597879852364494,-0.6886984657370698,-2.719802026427598,0.049407114624511195
2025-01-03,-0.024155479404386337,-2.7538451469336978,-0.4629434534738741,-12.005192007134601,8.777434962485087,0.7569152961837577,5.4813874116993455,6.322898907072116,-4.650773734838964,-0.5233990147783141,-0.59860026554448,-1.9302231754188548,-3.5471461387307834,1.5144878870168688,-0.2242370632463575,1.6105674124172298,-3.8884686790896072,0.049407114624511195
2025-01-06,0.26267867790437105,-3.832763500863212,-0.2651596314548921,-11.905817272743391,9.036496350364963,1.0606234123183178,13.97805027298087,5.454461835630298,-3.4574917008946104,0.0462820117247853,-1.532973607567789,-1.6161616161616155,-5.049532383413813,-0.17758428092689016,1.0350658519790557,3.873889959807153,-3.6586058451368197,0.049407114624511195
2025-01-07,-0.09460965499547003,-3.8257189793923674,-0.353298289775672,-7.821683964289406,10.411774319802491,0.11996747702500699,12.253594073702057,5.489060027269677,-1.5053190743829492,-0.39227519613760364,-2.808738296923763,-1.2627806472014336,-3.8783470713268153,2.3841310419921324,0.171035153367316,1.7872497236211649,-2.8056663457571185,0.049407114624511195
2025-01-08,1.288886567535985,-4.235981265879396,-0.04264154050652724,-7.561900344828243,13.234641259433811,2.1624786144548436,12.504295935264164,9.114339268978444,-3.194976556340856,-0.4126547455295837,-4.495314650182392,-0.33102745830326796,-3.118359346376498,2.9777920945920355,1.8568343695035239,3.3900620492799405,-1.4924334666898575,0.049407114624511195
2025-01-09,2.649370525193251,-2.2477165470196847,2.9557699461223663,-5.003239840784957,12.383030220388957,3.4746055688286592,12.084080804929421,10.979053529868121,-3.5071405770752073,-1.9315589353612106,-2.705159759639897,0.6834686031610415,-2.810536859159285,3.6982613147266807,3.4037703846357736,4.594205801482243,0.23015500234850883,0.049407114624511195
2025-01-10,1.2618588569611733,-2.01347916081861,1.3740835226071724,-5.828001597086296,12.548911637841131,1.2295304149528619,15.846000674197835,9.954448671200545,-3.1543773051218804,-1.3782771535580496,-3.8069220770637457,-0.33912585571354015,-4.545844257227827,1.954169080951762,1.6310424488694908,2.1826464363858156,-1.6391186152946102,0.049407114624511195
2025-01-13,2.20162319935302,-3.3770941536131915,2.437252771531373,-7.1790003844071855,11.314464779811306,2.1484783267259777,16.530622180390118,9.129756060862526,-1.0316791220725041,-2.1739130434782594,-2.132024977698488,1.116400196383971,-4.14372353816227,3.6093741090605036,2.715129891849699,2.238031389322903,0.37545478850156133,0.049407114624511195
2025-01-14,3.878709731089991,-2.1180974134466957,4.548518346037889,-3.657618266836715,14.38651742775674,4.60193940975846,16.60892501302287,10.515291476103993,-0.4450589811173855,-2.095671981776759,-1.972453281035147,2.2139341240757116,-2.591540109941304,3.956118910930484,4.026869876124106,4.652681567831007,1.3961234541653544,0.049407114624511195
2025-01-15,2.2440530546557813,-4.5340495734540465,2.795960209583126,-8.632121166418194,11.638144227915713,3.2848313300292142,12.147257990665828,8.623042480839715,-2.3367900401877306,-4.862357869539203,-3.3980690267450875,-0.20875065893516398,-4.63108783363666,3.0631918515522827,2.6668509666833318,2.5233717582454185,-0.5221540873253661,0.049407114624511195
2025-01-16,3.5635848097946177,-5.052054056434418,6.135880843330588,-9.107995432495187,13.281844342275019,5.1429164180957,13.520264281685623,8.547008547008538,-2.0610827403771292,-2.8880866425992857,-3.394700201118306,1.2291613776762356,-3.909057174147168,3.512979287474116,3.980668503099527,5.249115609857613,0.5984357490266712,0.049407114624511195
2025-01-17,3.8638992126502902,-4.411995316453043,7.864914852685567,-10.274079609388087,17.6319737183946,6.273354547023047,18.299302993029933,4.745721041556683,0.7659720142068505,-1.9856422789063632,-1.1500669941938435,1.4512182147036867,-3.6553358822300708,5.537899854340456,4.29810460706308,7.239355049520557,0.35580961269248146,0.049407114624511195
2025-01-20,4.793805644614668,-3.593527081634107,10.42778307692791,-2.4027210224448092,18.43502911692878,5.811092932145723,18.07975475128616,5.86992978641061,3.869910131436427,-0.07797878976919526,-0.3628823224468669,2.6787256087031697,1.0313367711225707,7.623533474669775,4.395253575780478,7.063386674469019,1.5724867974906465,0.049407114624511195
2025-01-21,4.940216462665004,-2.984489090055087,7.744802660837213,-6.000279365233618,21.56221008143493,6.307241046792855,16.546953335904348,8.162346148450595,5.006564551422321,0.42246909716789904,1.073010891637427,3.782851654588315,2.4138161283553172,6.572738814879364,4.978493846348475,8.034321667440869,3.0040812418465013,0.049407114624511195
2025-01-22,6.174393690546642,-2.768290877773749,10.151057210383918,-4.207269567913063,22.92691683189321,8.727772874712025,12.005347801416244,5.454584895496284,6.592538492495281,3.489281802534827,-0.65666041275797,4.292239438774392,3.246035203278108,9.180831652741773,6.7706753471357795,12.172721563552646,3.497804122969117,0.0
2025-01-23,3.012793211898823,-3.616040661612685,3.3343010245430627,-7.029250915659024,18.973908559088493,4.012112744995333,6.872291114856721,4.185544218923853,2.576249378600437,2.739090064995353,-1.351565506780461,2.4597263121427293,2.6656591935113827,5.620487645857497,3.2802436245805477,5.782913900959841,2.4432123054909605,0.0
2025-01-24,1.935193519351941,-2.612966813967599,2.081860037656691,-2.9398623354667475,19.013491057153885,0.6724047494568008,1.0639929717895402,6.080914099638024,3.289914619576284,5.196607555898236,1.1876920254964007,1.49512320328542,3.061107337281488,5.209797901542768,0.948112617489616,0.723712367307705,1.2249758306020153,0.0
2025-01-31,1.01400425344087,-1.1105585495981063,1.8740972771203124,-4.442659813684546,13.494394540227649,-2.464264997445942,-3.1360322131886775,4.943142758936747,0.6289755667183705,1.4086640411996365,2.6582568807339335,3.461012896062843,3.325504531550383,1.5240490876975654,0.300750576366382,-1.5209004014325234,5.050469317485029,0.0
2025-02-03,-2.661589417107968,-0.060013577732520584,-3.607542240489081,-6.469508464205587,6.134173741272986,-7.965364699340116,-4.367627762311066,0.7068506074057401,0.6858024603163315,0.5985267034990693,1.6878988175559773,0.8963167979561426,1.6512009378708115,-1.5005842250048418,-3.698115465662488,-7.771665808982053,3.0088995620850323,0.0
2025-02-04,-1.594432768944054,-1.3991559366683615,-4.174230261566847,-7.150832318311007,10.235993569326896,-6.0491868306227765,-3.991565938080621,1.591029835304636,0.460259471276947,3.086228287841175,0.8910868524806714,2.055579126007645,3.298822188449857,0.006399531919965007,-2.6710579149259783,-6.7479108635097536,4.171938703781808,0.0
2025-02-05,-0.25876666481171595,-0.9930228697798693,-1.9333487985576103,-4.728114297059838,7.169014084507053,-3.051672289119167,-6.170993151611947,-0.7428253318806921,2.237748221111868,0.4405286343612369,1.8070219636763252,1.9042989390032572,2.0029782305528654,0.5628225459011871,-1.2007602674634743,-3.88591487494514,3.8529713592685866,0.0
2025-02-06,1.8955156734523415,2.775921617248067,-0.2215879881583338,-2.3067073479943856,8.839208169866119,0.8461245735455369,0.12602964830068508,0.685587833831991,3.3958504786243404,5.401234567901225,1.314830006380463,1.9126029132362277,2.4825472013446648,3.718447314352802,1.2634979354183118,0.9212827145685498,1.5471558273114638,0.0
2025-02-07,0.9818210939376959,1.9008675172585088,-2.7136485385566678,-3.9076272058931605,7.097412696168548,-0.468441792933183,-2.381087443628216,-0.694042010676521,-0.6076388888888951,6.483635799596721,1.296969139493176,1.5253086681658035,3.6896751268550076,2.8587311134197435,0.4205145118733489,-0.031382337875973665,1.7415108626011921,0.0
2025-02-10,1.005683251829348,2.820273284617447,-1.2909612032030227,-4.389350940681014,4.212632729313426,1.3785291057502702,-1.7842433619127296,-2.6630312990214344,-1.5941757909730403,7.972951721968857,1.4980240786692356,0.38667962642098264,2.7006705277134113,1.5348956051978613,0.8078070644030655,-0.11095570084607154,0.8887292446380757,0.0
