단순 기관경쟁률,의무보유확약비율,(확정)공모가격,청약경쟁률,공모후 발행주식수,유동자산,비유동자산,유동부채,비유동부채,자본금,이익잉여금,기타자본항목,영업이익,당기순이익,매출액,최대주주 소유주 비율,최대주주 보호예수 기간,보호예수 비율,DLR,PPI (%),기업경기실사지수(BSI),기준금리,대표매매감정점수,latent_1,latent_2,latent_3,latent_4,latent_5,latent_6,latent_7,latent_8,latent_9,latent_10,latent_11,latent_12,latent_13,latent_14,latent_15,Growth,Infra,Protective,Sensitive,등락율_이진
11.2,0,1700,11,17500000,1833938590,9424633533,1807552839,280075244,6500000000,2403479033,267465007,1696693373,1311509021,3480121402,34.46,2,68.23,92.86,-266.67,0,0,-0.178494,0,0.9832456,1.8632835,2.2522635,1.0410975,0,0,0.25217688,0.47041076,1.2202139,1.6776266,1.2033155,1.7990681,3.2735884,0.61523235,0,0,0,1,1
140.75,4.32,5000,7,67500000,793157289,723506841,360476429,189137469,286411054,553308724,42799075,279633009,200645240,941632061,38.42,6,75,93.33,50,0,0,-0.348357,0,1.71877,1.1342163,1.8843863,1.5484158,0,0,0,0.63000804,0.8226411,1.769711,1.9313161,1.5904448,3.645162,0.32139447,0,0,0,1,1
3.97,0.13,33000,0,82000000,24660260,6008470,20091232,6430082,82000,1766107,1800991,321884,240741,4265748,59.15,1,59.15,57.14,17.65,0,0,-0.705678,0,1.8501037,1.6819199,1.83555,0.7693935,0,0,0.18616706,1.1012589,0.86363715,1.003383,1.1481363,1.0942674,3.2960794,0.5124169,0,1,0,0,0
478,24.17,8500,465,35114625,1.54E+11,78548060055,59905678491,38714374965,6102640791,1.19E+11,4066918027,24908650677,19130774616,4.17E+11,58.96,5,65.74,94.12,164.29,-3.658536585,0,0.042749,0,2.3202026,2.8472447,1.6000974,0,0,0,0.1690336,2.6023533,1.9524027,0,1.245939,0.7480588,2.984285,0.8635444,0,0,1,0,1
225,7.41,30000,220,7917277,36186829815,1.45E+11,75706826871,20993524053,39586385000,16909169240,0,11853577522,8398705961,67092448816,50,6,56.06,94.12,54.55,0,0,-0.175077,0,1.7355367,1.125196,1.8584085,1.5711244,0,0,0,0.62238854,0.7658039,1.7501078,1.8576343,1.5633967,3.6216133,0.3138759,1,0,0,0,1
2023,66.59,300000,69,234000000,9860210,13752096,8977353,5412775,100000,303807,1586903,692737,858057,13412546,81.84,6,91.29,93.75,100,-1.176470588,25,-0.333035,1.7384366,1.522977,3.5946472,0,0.38760313,0,0,0,3.1980884,3.003339,0,0,0.75848675,0,0,1,0,0,0,1
23.01,0,8000,46,29366322,75787122656,1.79E+11,36762916710,19159566806,18368700000,60479446202,-43368702000,20028343746,11433421958,65437069512,27.03,6,58.59,94.74,-180,1.408450704,0,-0.714099,0,1.7781049,3.0251899,4.6671724,0,0,0,2.0309365,0.6836102,1.693359,2.2221918,0.8166632,1.13468,3.8569126,1.1243187,0,0,0,1,0
1847.12,14.6,14000,2183,11488320,29916404375,7076710460,13808071614,1323047300,4714160000,16368724338,23350724,6202436087,6182765868,32235607297,7.3,6,71.35,94.44,150,3.614457831,16.66666667,-0.539253,2.6083958,1.2540776,3.0250654,0.28567025,0,0,0.20795006,0,2.5141075,1.8021395,0,0,0,0,0,1,0,0,0,1
11.35,0,6000,41,13817150,9725685992,5258574223,2463290508,1215054054,5878575000,-14190382611,524451764,-3185874764,-3838642428,1340395841,25.3,1,37.45,92.86,-100,-2.777777778,0,-0.133332,0,1.3448925,1.8073947,3.3270311,0.5538131,0,0,0.5891022,0.3215838,1.7865454,2.489358,2.6240487,1.5064495,3.4379096,0.3595716,1,0,0,0,1
524.56,34.44,15000,264,23906860,96928613178,73815393122,88702899776,15081480014,10758085000,49452192871,962713886,6707517932,4993011747,43348799729,60,6,68,94.74,100,-2.53164557,-14.28571429,-0.35719,0,1.7494588,2.5834844,4.100357,0,0,0,1.2417613,0.9100506,2.242112,2.136888,2.7304182,1.0941353,3.8991797,0.85845256,1,0,0,0,1
64,0.85,15000,566,15415766,26577142033,4193523801,2737712873,97030419,6677883000,-1.04E+11,-594948628,-5883016882,-46992569579,626634194,36.37,2,72.41,93.33,-60,10.76923077,0,-0.455581,0.89092886,0.34196794,3.6515548,0.462029,2.366497,0,0,0,1.7914281,4.708245,0,0.1249982,3.5296738,1.3674979,0,1,0,0,0,1
182,0.55,3500,346,29800000,54475387658,22101682136,15804685645,0,4820281110,50009501102,0,5941529650,4504016008,21319158034,42.49,2,73.47,93.33,30,0,0,-0.419571,0,1.6915933,1.1549019,1.9416953,1.4856354,0,0,0,0.6415086,0.9051362,1.8267479,2.0529406,1.6210433,3.6746788,0.33011466,0,0,0,1,1
56.9,1.02,20000,15,0,16344383721,11192426655,3503857874,0,251850000,23645247029,115840473,6757494882,5709351000,31593596970,0.91,6,64.46,93.75,-120,3.529411765,0,0.500262,1.7465534,1.0032773,3.1806371,0,0,0,0,0,2.707649,2.5018218,0,0,0.6355974,0,0.23583004,0,0,1,0,1
999,3.9,12300,1318,24982540,47170322827,1.23E+11,54096905670,29652578861,10549150000,74205611863,-5100972419,15321841368,5393043158,2.16E+11,74.13,6,81.33,93.33,100,10.76923077,0,-0.258072,0.90335435,0.21166076,3.5948133,0.47858247,2.3635008,0,0,0,1.6739898,4.723316,0,0.13054049,3.5394232,1.2983198,0,0,0,1,0,1
25,0,1700,91,11090000,19343211278,28988295780,9241649167,6235997795,4000000000,32628580096,-3774720000,1776558374,1302523594,26677140531,63.48,6,74.69,92.86,100,1.408450704,0,-0.99329,0,1.5132021,3.014371,4.4006033,0,0,0,1.8929149,0.69567186,1.7544864,2.120866,0.83424544,1.2889098,3.872259,1.2480444,0,0,0,1,1
124.6,0.64,40000,569,7947161,55235585173,62981546278,31343402643,10840655263,1303550000,1791216480,1508059427,-2299440714,-1376739403,26193304940,28.8,36,69.67,72.73,100,1.369863014,0,-0.33632,7.5744076,0.9030485,5.120845,4.1135583,0.36073387,0,0,0,2.0231113,5.219834,0,0,0.20205098,0,0,0,0,0,1,1
753,4.6,17000,590,8183944,8685,36231,16297,5968,3247,15055,-2261,2219,1666,8905,50.64,3,68.56,71.43,200,-5.479452055,0,0.19009,8.286532,0.719673,5.1664734,4.5610595,0.62709534,0,0,0,1.6344564,5.047087,0.1527466,0,0.16325185,0,0,1,0,0,0,1
863.94,5.48,10000,700,3923873,34611930084,34610425055,23586385716,17447258327,1934769500,10952693256,2804637420,1397023733,1013987653,11313519404,38.43,6,53.49,95,100,-5.333333333,0,-0.217157,0.28684732,0.35699993,1.713807,0.19447047,0.93117005,0,0,0,0.98383033,1.1035964,0.065544575,0.4201662,1.8647757,2.7177424,0.87827915,0,0,0,1,1
1613.16,17.84,10000,1312,12119500,1.04E+11,13436725328,48988090692,6624376725,4510980000,50068982368,-1351819108,8455090896,6780648438,1.65E+11,11.53,6,71.43,94.44,253.85,4.411764706,0,0.486743,5.469811,0.51293623,2.895729,1.7560287,1.7214546,0,0,0,0.52750295,2.058182,0,0,0,0,0,0,0,0,1,1
46.05,8,10000,32,9765000,82234835532,34669880674,42798454697,5265945501,4600000000,62740950530,1499365478,10640096331,8234773093,1.01E+11,37,6,46.21,93.33,-90,0,0,-0.121635,0,1.7843134,1.63619,3.1782796,0.5029134,0,0,0.5676656,0.5741591,1.5909127,2.309989,2.817173,1.2461376,3.6751304,0.3570604,0,0,0,1,0
32.53,2.88,12000,3,6596700,67900587370,16332898960,18534395151,2096541010,3000000000,16398353319,-9682063,968709862,815834084,18149985589,15.16,1,52.56,92.86,-133.33,-5.194805195,0,0.146236,0.354892,0.4336027,1.6972783,0.38311318,0.5147859,0,0.050130554,0,1.0182762,0.9688176,0.066495255,0.38186967,1.5254842,2.6773882,0.99804616,0,0,1,0,1
1547.13,12.01,5000,1772,7938930,8924235129,6877761486,4556137349,3204927196,612893000,5487695358,1338314532,1506944353,1282603809,20487739026,58.76,2,76.07,92.86,200,-2.857142857,0,0.169996,4.956217,0.76748955,2.4584684,1.4026513,1.8659489,0,0.16854349,0,0.39255774,1.2031026,0.13342585,0,0,0,0,0,0,1,0,1
39.3,0,16000,2,4560103,4574712110,13194250458,7029124663,4739847824,3990423000,-20900129986,22909697067,-298619714,-551353098,1563320811,11.35,2,38.24,94.44,-50,-5.333333333,0,-0.65924,0.44377682,0.1260903,1.7652615,0.2253258,1.0900146,0,0,0,0.84054625,1.2147862,0.20605834,0.37754613,2.0572727,2.710082,0.86849403,0,0,0,1,0
1295,6.63,20000,1243,3942587,12749494756,5918352006,7062090458,1999756621,1559293500,-3107878033,11154584216,483245767,955679386,3955606601,21.34,3,54.3,93.33,137.5,4,0,-0.142069,0.7764246,2.0635781,4.500753,0.034174163,2.6767852,0,0,0,3.191188,5.351734,0,0,2.676804,0,0,1,0,0,0,1
1723.21,24.75,13000,1637,19154328,11263053155,29057528964,7579657989,17004314026,8521414000,2864827822,591499224,2462049585,3765415401,26647370578,53.32,1,78.21,94.12,100,4.411764706,0,-0.021691,5.307971,0.6426851,2.7306433,1.6341906,1.8434076,0,0,0,0.4746888,1.769675,0.005467758,0,0,0,0,0,0,0,1,1
178.47,0.79,20000,4,6439038,74386774287,47153316306,37582198137,34695315003,25815190000,31217964196,17033141,12251474988,8944026358,1.07E+11,0.65,6,73.12,94.12,0,2.702702703,0,0.17024,6.1924515,0.59809196,3.7198792,2.5752134,1.1928008,0,0,0,1.0567188,3.3432448,0,0,0.061968867,0,0,0,0,1,0,0
102,0.2,17500,24,11059422,38009656315,88822108968,61563227235,5461750407,5213000000,22707710842,3055606829,18950476011,14711543852,1.04E+11,35.48,2,46.16,95.45,0,1.19047619,0,0.194847,1.8198825,1.3396966,3.5199838,0,0.2892914,0,0,0,3.0799603,2.9320319,0,0,0.8082823,0,0,0,0,0,1,0
108.34,3.62,37000,0,2950723,1.39E+11,43161168562,1.46E+11,22970835553,1320931000,17963200070,-7956785678,10325647608,7746897428,1.77E+11,65.29,6,69.16,93.33,100,0,0,-0.143704,0,1.7809124,1.6365237,3.1721249,0.51657265,0,0,0.5692957,0.56283987,1.5729582,2.3029637,2.7848449,1.2416661,3.6496704,0.34648496,1,0,0,0,0
63.17,0,8500,81,9480000,53009431413,0,800706373,0,37525000000,14796220778,-114595738,2921834972,2205757706,4923582944,72.5,6,73.63,95.83,-66.67,0,0,-0.123231,0,1.1492802,2.56307,1.2238493,0,0,0,0.011893846,1.8797728,1.8085284,0,1.1410522,1.318559,2.939281,1.0980126,0,0,0,1,0
822.09,6.14,3700,858,20588000,8875301672,1.25E+11,2279009410,11193405699,3500000000,1.15E+11,1608986644,1741510264,2672915876,6321035394,85,6,88,95.24,100,-5.194805195,16.66666667,-0.284757,0.35436508,0.7047745,1.8316356,0.611293,0.34290883,0,0.10640192,0,1.2244369,0.95459616,0.057955194,0.3586301,1.3652896,2.8685355,1.0954046,0,0,1,0,1
113.08,3.54,12000,34,5250000,33881751338,70447936448,31519497659,25402895253,1428000000,42202502874,1492792000,5946816089,5035646645,59130647433,40,6,74.05,93.75,42.86,0,0,-1.020921,0,1.7170508,1.6550956,3.1499224,0.53418213,0,0,0.5898784,0.51619524,1.5329055,2.278163,2.657079,1.2430824,3.5614643,0.340797,0,0,0,1,0
1374,24.67,7500,664,98475340,94799676644,14903487552,6123669183,2622703264,1942143,-56690250062,4002529207,-20517362576,-19720068815,0,26.85,3,73.9,95.24,210,4,0,-0.082479,0.7789077,2.0313504,4.430364,0,2.5143607,0,0,0,3.2025483,5.1653895,0,0,2.5835755,0,0,1,0,0,0,1
96.6,0,8000,1,7256000,15810515139,18136720357,6785652160,2477450249,2829750000,12189167835,126019723,277537886,258621099,4030128738,48.13,2,65.73,93.33,-133.33,-5.333333333,0,0.455046,0.5033076,0.056687318,1.8097193,0.24714005,1.1744522,0,0,0,0.805085,1.2878897,0.23256825,0.36469528,2.137492,2.7071457,0.84244436,0,0,1,0,1
338.01,0.89,11000,400,11874545,11860131880,3256302866,1237295129,1872835654,4932272500,0,-25024801818,-2388739829,-6253729697,2026286330,29.74,1,55.46,93.75,40,-5.194805195,16.66666667,-0.192401,0.37804642,0.7073151,1.8358889,0.6093693,0.34922153,0,0.112977296,0,1.2219613,0.9483101,0.056753226,0.3441451,1.363961,2.856015,1.0839338,1,0,0,0,0
707,1.3,26500,830,8626115,11860309670,1.46E+11,16618893403,1.09E+11,3142857500,5537302954,0,7422357873,888435070,36149526285,69.56,6,70.37,93.33,100,10.76923077,0,-0.346897,0.9055734,0.30727407,3.6579041,0.474495,2.3700755,0,0,0,1.7710698,4.7402725,0,0.12687367,3.551159,1.3609809,0,1,0,0,0,1
356.95,1.34,29000,65,8008066,18226209235,11631729976,33841735196,1743273845,3174033000,0,-70533596241,-563729170,-354965658,2370874495,31.5,12,56.66,81.82,100,0,0,-0.603523,6.962365,0.8212471,4.711197,3.522182,0.24174556,0,0,0,1.9526151,4.7109637,0,0,0.20608579,0,0,1,0,0,0,0
214.69,34.64,16300,33,13765197,70212514990,26846613446,47769211943,4310289355,4660440000,31004563251,-417404367,7304573957,4239311260,53250846349,37.17,6,56.3,92.86,100,1.408450704,0,-0.178494,0,1.5677267,3.024358,4.4926653,0,0,0,1.9460948,0.7004733,1.7680708,2.1465433,0.85147554,1.2537712,3.8929057,1.2419587,1,0,0,0,1
1623.41,11.58,13000,1727,17385317,24688525847,3488800606,3538964324,1468217254,7353658500,-58222391590,0,-9819311428,-9802536933,2810543713,0.03,3,64.23,93.33,182.35,-5.747126437,28.57142857,-1.14859,3.0250525,0.84783953,2.539326,0.4255447,0,0,0.46896383,0,1.7268642,1.2097478,0,0,0,0,0,1,0,0,0,1
30.25,5.3,75400,13,3134160,17237474834,5873387798,11448518947,2507963890,1402280000,-11579227125,145217831,2529464161,2105993309,13713755603,37.39,1,56.02,85,100,-5.797101449,0,-0.061088,0.45274132,0.15720664,2.5974548,0.02339676,3.120919,0,0,0,0.9510084,3.3787582,0,0.1327546,3.189873,0.9879292,0,1,0,0,0,0
132,0.43,11500,4,26002000,2.87E+11,3.01E+11,2.30E+11,72377068023,5488000000,2.39E+11,39178483879,1.81E+11,1.44E+11,6.68E+11,7.59,6,68.58,94.74,0,-2.666666667,0,-0.256624,7.672891,0.9471679,4.8419766,4.1031523,0.96074206,0,0,0,1.5867814,4.751018,0,0,0,0,0,0,0,0,1,0
241,47.1,157000,29,84730000,7.21E+11,1.24E+12,4.21E+11,2.26E+11,6777638800,2.94E+11,6.59E+11,2.95E+11,2.09E+11,1.50E+12,24.47,6,79.28,70.97,100,0,0,-0.171082,0,1.9045242,1.6783694,1.842129,0.7913466,0,0,0.18216428,1.1248785,0.86103517,0.9909704,1.1587389,1.0693982,3.3000212,0.4921134,1,0,0,0,1
978.43,11.67,20000,1025,4765650,53998988625,46519172709,59994298343,545127413,2000000000,36855804039,-623045000,5027885075,4298227609,87368791853,65.95,6,72.28,93.33,128.57,-2.739726027,0,-0.175106,0.07780434,0.40613654,1.8384281,0.8887032,0.23244882,0,0,0,0.9941116,1.1892344,0.3950734,0.7283749,1.5202502,2.8216708,1.088613,0,0,1,0,1
288,0.38,30200,2,10710405,34120166655,25381023228,13629115542,715591436,4773252500,-62848342605,2507709267,3075954443,3364722599,27712485598,22.98,24,74.47,70,100,-2.777777778,-7.692307692,-0.350073,6.1177764,0.59378976,4.2224755,3.1819847,0,0,0,0.031183627,1.6668026,3.8900144,0,0,0.3364592,0.8244144,0,1,0,0,0,0
48.64,18.99,19000,631,9003740,51072307072,31184937499,23273329506,644639849,4007470000,39491885496,370413784,6158470461,5402178944,51632811146,20.7,5,59.36,93.33,0,-5.194805195,16.66666667,-0.30525,0.42187816,0.72769713,1.9027598,0.5560191,0.24653968,0,0.10898976,0,1.2844304,0.9814066,0,0.3668394,1.3724335,2.7922454,1.044619,1,0,0,0,1
66.32,0.03,10000,326,4626800,17335299411,3354972723,1034934698,710613859,1890000000,15005127896,139739161,2515203739,2958739893,10742091268,70.25,6,75.18,94.12,-62.5,-5.194805195,16.66666667,-0.073466,0.22649333,0.7738197,2.1428258,0.71392554,0,0,0,0,1.5382296,1.2699028,0,0.57400846,1.4115047,2.9245455,1.2223655,0,0,0,1,1
1075.61,3.57,14000,2070,7651263,1.72E+11,1.18E+11,1.53E+11,31756286134,3478064000,71128014081,-8382650640,10411712773,4820429371,3.59E+11,60.66,60,77.08,65.22,230.43,2.816901408,0,-0.022663,7.63374,0.87803006,4.926514,4.012636,0.5547122,0,0,0,1.7943863,4.843774,0,0,0.007622358,0,0,0,0,1,0,1
31.5,0,10000,8,11453530,16487019736,5388773996,2805550104,15847319306,4440025000,-30482300148,382244045,-7359846122,-10602469785,1175769354,1.06,1,67.13,93.75,-75,3.529411765,0,-0.518789,1.7398726,1.1230872,3.206642,0,0,0,0,0,2.7524083,2.6520462,0,0,0.7871688,0,0.057758164,1,0,0,0,0
699.46,0.59,20000,22,6971092,18634444072,31719440469,11018310275,13061443081,645609200,16461512493,2374661117,2785586994,3254546760,20185119755,48.79,6,63.75,95,100,-2.702702703,0,-0.179811,0.5403551,0.45224446,2.056646,0.41882592,1.2269081,0,0,0,1.0667654,1.45742,0,0.21687819,2.0114987,2.6322944,0.6697098,1,0,0,0,1
733.72,51.66,18500,800,10560000,7793217994,9069614549,4962733602,2940460490,4250000000,4162969451,0,3219922268,2260239717,34489289880,38.64,6,63.98,93.33,213.04,0,-16.66666667,-0.352269,0,1.2192142,1.4192601,2.8411572,1.1152424,0,0,0.007017957,0.3095377,1.6127471,2.7232099,2.9167216,1.9877074,3.8587399,0.37514052,1,0,0,0,1
657.93,3.17,11300,657,17752276,27468345952,17554809017,10795290598,2658126861,6581890000,18365226612,-389993128,5196088589,3767943172,32678698045,45.77,6,51.03,95,100,2.777777778,-16.66666667,-0.303155,0.5163457,0.22499329,2.0661292,0.3363716,1.2523366,0,0,0,0.99657863,1.5320883,0.033338953,0.31891808,2.219622,2.7693915,0.7913961,0,0,1,0,1
1652.13,7.67,16900,1181,9855420,20478420097,2188188485,8775265601,175205096,4155210000,-2225003163,16757104,-2321393934,-2142105260,4603981720,22.32,3,65.85,93.33,100,-3.797468354,8.333333333,-0.54096,5.518128,0.77793723,2.5178337,1.8405848,1.6735528,0,0.8239371,0,0,0.437994,0.84913796,0,0,0,0,0,0,0,1,1
28.68,0,14500,0,9100084,24546037353,6984272401,7394098131,551151570,3611112000,8306119277,62471024,10209895170,2840733056,69474763064,51.89,6,62.12,93.75,0,0,0,-0.431594,0.14796627,0.70734483,1.723546,0.5958344,0.35137153,0,0.089678764,0,1.1986,0.910454,0.13069084,0.50011945,1.3681648,2.9276652,1.1045989,0,0,1,0,0
93.92,28.32,21000,2,10314000,22561238211,42751363056,29712121460,16911594837,4117000000,10399287474,1361970566,8108840509,6379407315,56166884783,51.78,6,54.91,93.33,0,-2.777777778,0,-0.226824,0,1.3960543,1.7867042,3.2891755,0.526816,0,0,0.5808718,0.36567286,1.7612209,2.4386165,2.6370943,1.4635985,3.4482734,0.3647119,0,0,1,0,1
501.2,7.8,17500,521,7903379,45124589155,42678869260,24738224389,3440041613,3076189500,51103124798,2745663315,4350929653,3968911168,24433455687,38.65,6,47.68,92.86,125,-4,0,-1.489745,0,1.2042723,1.5222741,1.9647235,1.2615677,0,0,0.06959765,0.48619756,0.93678993,1.6342462,1.3183435,1.6826787,3.2946954,0.4994164,1,0,0,0,0
1082.35,0.14,13000,116,9147948,9327001956,20359283663,9334398112,3464777631,3955974000,-4949802391,688210343,47982526,119876072,10010175106,24.57,24,65.52,70,100,-2.777777778,-7.692307692,-0.39029,6.1001463,0.584239,4.2153196,3.1747017,0,0,0,0.037678156,1.6587888,3.8720999,0,0,0.3448268,0.8366377,0,1,0,0,0,0
85.25,15.9,27700,26,12731947,1.27E+11,2.12E+11,1.15E+11,24548992097,12922030000,1.64E+11,-8550622960,54190097149,36352275797,2.95E+11,50.81,6,69.51,93.33,100,0,0,-0.479311,0,1.177022,1.5841272,3.3247082,1.1031215,0,0,0.21539372,0.14024016,1.8713439,3.0008895,3.0794966,1.9824457,3.7569296,0.2746094,0,0,0,1,0
254.74,0.34,15000,151,17000000,82546653186,71671824256,48126804154,47416135170,1500000000,50077191440,6952014307,36767076230,19587673856,95870723865,75.59,2,85.29,94.74,0,3.614457831,16.66666667,-0.041681,2.5523295,1.2899975,3.1317663,0.31962836,0,0,0.115446836,0,2.620301,1.9654415,0,0,0,0,0,0,0,0,1,0
1,15.6,5200,1268,8324420,37081103396,30932031156,22723834278,11173114946,3279960000,29781454108,148839630,1624485712,1574762505,14493937691,53.11,1,68.02,93.33,100,2.739726027,-14.28571429,0.869052,0.1767495,0.49246573,1.7129706,0.22089171,0.7579703,0,0.026480604,0,1.1024203,1.0581127,0,0.48620707,1.7007719,2.714029,0.90788555,0,0,0,1,1
995.4,42.25,31000,837,3232600,11627752572,3460149986,4824351277,375697025,1304000000,7271557134,1311097122,3061834502,2549996735,10952817427,14.06,6,74.63,94.74,283.33,-5.194805195,16.66666667,0.629978,0.28941697,0.7321598,2.0812593,0.65630376,0,0,0.013242155,0,1.4630917,1.2009096,0,0.5189389,1.4229628,2.894152,1.1933769,1,0,0,0,1
1934.89,4.47,9000,1136,13278546,87308076029,55457028314,89150126187,22633300695,900000000,21981182928,351950415,11691678673,7457425500,1.03E+11,48.97,2,65.85,94.44,100,-3.658536585,11.11111111,0.700368,3.247236,1.0095564,1.6317818,0.39042613,1.9039665,0,1.1098028,0,0.4488379,0,0.16244164,0,0,0,0,0,0,0,1,1
247.25,0.2,15000,455,11050000,2.53E+11,1.24E+11,99614249394,32013703566,5025000000,2.23E+11,17035363901,11587688525,18257210543,1.32E+11,41.28,6,83.71,93.33,100,0,0,-0.486525,0,2.7026253,2.7801044,2.0260575,0,0,0,0.28891927,2.6388931,1.9268379,0,1.4785023,0.62171644,3.2214143,0.7979483,0,0,0,1,0
148.39,0,9000,11,9052400,26317893519,13798746027,4838996474,4152702278,3000000000,21941507940,6183432854,3477572501,2778688460,9829900265,60.32,6,61.34,94.12,9.09,-8.75,0,0.329139,0,1.2325417,2.4851882,1.2396219,0,0,0,0.020460226,1.8580095,1.7679946,0,1.1772918,1.1762341,2.8113172,1.0062026,0,0,0,1,1
299.23,0.005,3000,11,10884000,31693582433,42504682410,43195550382,3111680180,4000000000,11594248459,234678267,4423978424,3296229888,95125178211,73.5,1,76.85,93.75,57.14,0,0,-0.167122,0.21820527,0.72867924,1.7847989,0.6221701,0.34465322,0,0.08792491,0,1.2316843,0.94390404,0.0922034,0.44735634,1.3621422,2.9128036,1.1014787,0,0,0,1,1
76.75,1.32,6800,409,24111530,1.12E+11,97965245876,1.19E+11,39999886478,8732235500,11731178383,412379783,16385056443,11824282580,4.35E+11,47.15,6,66.78,94.12,0,-2.702702703,0,0.265232,0,1.1452612,1.459891,2.7234426,1.2661678,0,0,0,0.33458635,1.692138,2.6385682,2.8994324,2.1199872,3.9457788,0.4591255,0,0,1,0,1
219.91,18.9,2500,812,14566000,98377621893,1.20E+11,1.21E+11,12780658115,6000000000,78163585799,86957520,4428411798,2090333182,1.42E+11,76.75,6,82.76,94.12,100,1.408450704,0,-0.508121,0,1.7886872,3.0278683,4.6765356,0,0,0,2.0375834,0.68288434,1.6855074,2.2285223,0.8120405,1.1236944,3.8491843,1.1185099,0,0,0,1,1
97.21,8.46,46000,151,7182381,1.00E+11,32344825614,42387579087,7063677760,3091190500,34533924324,323155918,8127498927,7324135272,49935483053,35.88,2,46.7,94.74,20,3.773584906,0,-0.227423,0.48961437,0,2.5560944,0.15964192,4.0328083,0,0,0,0.5185334,3.3866646,0,0.50341946,3.7765884,1.4619827,0,0,0,1,0,0
734.67,10.2,34000,773,14466030,139505,87644,74522,5284,5872,128944,11901,15781,13010,221266,42.55,18,84.22,68.42,220,-2.777777778,-7.692307692,-0.213208,6.195747,0.6216721,4.2476807,3.2082138,0,0,0,0.007442596,1.6830155,3.9435532,0,0,0.31123555,0.77453756,0,0,0,1,0,1
33.28,5.8,60000,7,34009698,2.14E+11,4.16E+11,1.28E+11,95954344694,12350084000,-58140615766,0,40855746362,-9963986760,1.85E+11,19.99,2,60.37,93.75,-100,3.797468354,0,-0.477091,4.267659,0.5829972,2.2273698,1.1404359,1.199388,0,0.8094339,0,0.29635966,0.36947924,0.4866932,0,0,0,0,1,0,0,0,0
348.6,7.17,19000,1,18393808,29710037170,58826960662,15510369875,7899381876,7560000000,52444209560,-674052589,4617793738,3776177705,14744394080,58.06,1,75.5,93.75,100,-5.333333333,0,0.076076,0.23940238,0.4560452,1.7278992,0.19752797,0.87979585,0,0,0,1.0565075,1.0837431,0.003612511,0.43749908,1.7893026,2.7135649,0.8679966,0,0,0,1,0
650,80.1,13000,899,8012000,43492241733,33124486182,31124196411,4625179409,2976000000,45809335304,-9201983209,4060617025,3309726640,23128811215,35.57,1,73.25,94.12,242.86,-2.739726027,-10,-0.199787,0.92361134,2.874445,3.7626014,6.4925127,0.031218994,0,0,2.9725292,0.24995905,1.2360972,3.0589488,0,0.12950918,2.8576646,0.16847876,0,0,0,1,1
282.69,11.35,15500,586,8119624,22233564653,39259610618,20316624792,1513486793,600000000,39153241975,165502242,13826468469,10695576476,77312103555,51.73,6,71.18,94.74,100,0,0,-0.392373,0,2.6269088,2.301531,1.7477629,0.14937854,0,0,0.031793613,2.4402363,1.5506979,0,1.8467014,0.769827,3.6075315,0.7984455,1,0,0,0,1
651,73.84,53000,285,10800000,50135248029,3871155833,7034423620,43562368,4050000000,40624253555,-209178012,26402144593,23878304614,43697861002,29.43,6,52.55,94.44,142.86,4.109589041,-11.11111111,-1.067951,0,2.5924337,3.2243304,5.5375085,0,0,0,2.5020125,0.9137447,1.670859,2.3717704,0.94113666,0.48446068,3.9882233,1.0473353,1,0,0,0,1
395.83,23.09,3300,734,15358580,23247351027,10353232963,14410828221,1949970000,6000290000,5245713909,15510681,-734067067,-436782258,11794843035,69.15,6,75.29,93.75,100,0,0,-0.288235,0,2.8033729,2.157664,1.7778808,0.41567874,0,0,0.04451401,2.3752604,1.3693993,0,1.778627,0.66200495,3.5870502,0.6621434,1,0,0,0,1
255.31,33.1,14000,501,9630524,39921879550,8551306381,6399756587,24200000,4250865000,5348341606,1490604313,2919104989,2994413417,18755721792,38.23,1,62.46,92.86,100,-2.777777778,0,0.619859,0,1.3329058,1.8159895,3.344851,0.5571815,0,0,0.59324193,0.3107609,1.8026136,2.507689,2.6338742,1.5169456,3.4351988,0.3552704,1,0,0,0,1
22.96,0.4,32000,364,11068830,87526272910,85901991468,86962976790,23028473857,6184415000,92713110213,-35460711482,24916442792,17280068576,87579585703,19.12,6,49.49,93.75,-260,5.333333333,0,-0.351783,0,1.3090187,1.9678434,2.2405553,0.74520344,0,0,0.39918742,0.7556088,1.1713486,1.3525014,1.0789965,1.4678265,3.3208604,0.68958485,1,0,0,0,1
727.7,53.41,16000,836,9604000,44131513914,31267506588,34579686250,4697414693,3811403000,20104850159,-880938966,11633745302,9471670285,75411721332,40.85,2,49.11,92.86,160,-1.265822785,0,-0.096634,0,2.8004608,2.835436,1.9695227,0,0,0,0.3196081,2.7888203,1.8570645,0,1.4791034,0.4825745,3.2772374,0.88787866,1,0,0,0,1
12.56,0,10000,2,20000000,62648806685,1.00E+11,54515744857,33000000000,8000000000,36438179211,1893701271,34897506302,24764952434,1.16E+11,40,6,60,92.86,0,5.970149254,0,-0.166288,0,1.1546074,1.6320882,3.3058422,1.0570807,0,0,0.26065806,0.1499986,1.9032081,2.9506202,3.1149406,1.969427,3.77846,0.32726005,0,0,0,1,0
62.8,0,5700,20,13168460,84734845109,1.50E+11,1.25E+11,43681847255,4934230000,56911722273,0,8710099281,5760314191,1.27E+11,51.4,6,56.41,93.75,0,0,0,-0.176484,0,2.6894822,2.7934089,2.0216208,0,0,0,0.30133498,2.6646314,1.9436216,0,1.5310748,0.6252376,3.2773342,0.85091656,0,0,0,1,0
101.68,7.08,10000,48,5877000,25482864,9131114,10712207,2473290,2531000,17450785,53389,1776208,1733176,11688430,20.7,2,35,92.86,0,-2.53164557,-14.28571429,0.404944,0,1.722875,2.5997982,4.105712,0,0,0,1.2424082,0.8982469,2.2644253,2.1465235,2.7394865,1.1100848,3.8986104,0.8639456,1,0,0,0,1
26.37,0,30000,4,6067280,99368244,103613083,117305322,21042303,425000,76376909,-12168207,15793193,13530284,109175774,68.36,6,68.84,70,-75,-5.479452055,0,-0.435489,8.312808,0.72454673,5.1794662,4.5914283,0.5734795,0,0,0,1.6502005,5.035142,0.1577988,0,0.14785631,0,0,0,0,0,1,0
309.7,3.1,3000,789,15000000,63200996126,70696504225,15104055493,5362972717,5000000000,85272011047,23158461094,5316272913,4174389861,58803746928,6.67,6,68,92.86,50,2.857142857,0,-0.148391,0,1.2048184,1.9332429,3.5902443,0,0,0,0.8517192,0.3750209,1.9039994,2.6393225,2.7780435,1.4402859,3.804031,0.6993812,0,0,0,1,1
272.03,60.3,26000,524,64819980,37108,28671,26203,7152,24310,-92134,-846,-9932,-9333,23652,34.09,1,81.62,83.33,100,0,0,-0.142287,7.876419,0.96512616,4.9472647,4.334619,0.6836227,0,0,0,1.6710038,4.8263235,0.07294458,0,0.019416615,0,0,1,0,0,0,1
9.81,0,30000,0,100254913,1703060577,4700776304,860017644,2259667556,50110207,556034633,-562223346,234818539,124974790,2150141629,59.33,1,76.04,93.33,25,-4,0,-0.396911,0,1.3783679,1.3395374,1.8518115,1.3637339,0,0,0,0.5454793,0.8079653,1.6185869,1.4092631,1.6117849,3.3458276,0.43357375,0,0,0,1,1
71.69,0,8500,2,18235986,1.36E+11,82872838879,1.07E+11,18733281704,38289965000,35566931273,2137074864,6534071564,5588573104,78266613103,31.69,6,67.11,93.75,66.67,-2.702702703,0,-0.977082,0,1.3786579,1.2571962,2.499083,1.4549571,0,0,0,0.4296957,1.4512793,2.5059936,2.8492024,1.9757742,3.9759848,0.37276638,0,0,0,1,0
926,6.82,14900,669,5419150,22882521868,2138027307,13603801147,667970836,2011860000,8249588677,120800905,4335671709,4150870541,22108907456,65.16,2,73.77,93.33,100,-5.660377358,-33.33333333,-0.390416,0.8381694,0.3212029,2.1280844,0.16656768,5.7679954,0,0,0,0,1.7544186,0.054818958,0.22823067,4.2999554,2.5047488,0,1,0,0,0,1
395.96,0.5,13000,562,27585500,1.32E+11,1.54E+11,1.19E+11,32125659242,2515280000,1.34E+11,-1653868082,33237164279,28062281992,4.66E+11,39.48,6,84.96,94.12,100,11.76470588,0,-0.178494,0,0.8336745,1.4932646,0.54403484,0.5093242,0,0.033718407,0,1.1019161,0.8463706,0.102772206,0.6748447,1.2123259,2.6114388,0.8459679,1,0,0,0,1
11.4,0,12000,2,6782000,53379589779,17317601487,35212250175,1072333569,2720000000,28533778568,3158828954,11333906697,8452062736,98337397603,41.32,6,47.24,93.75,-175,0,0,-0.223257,0,2.6695132,2.7392504,1.9112412,0,0,0,0.26048362,2.6719987,1.8570989,0,1.5224553,0.6215664,3.2826285,0.8673184,1,0,0,0,1
105.14,2,10000,11,18900000,1.73E+11,38495118287,82655259031,681901355,1514250000,1.27E+11,-8678227,7567894510,7098591967,43278518433,28.73,6,74.77,95,60,-8.75,0,0.289021,0,1.3110167,2.4451373,1.1950932,0,0,0,0.005501194,1.9010497,1.7097255,0,1.1668319,1.1268133,2.806962,0.9816242,0,0,0,1,1
785.43,1.09,6500,832,11325610,23523514,13580785,15186959,5555349,4890305,6612405,8940,2064475,2406257,27959166,42.98,6,71.35,94.12,75,-5.194805195,16.66666667,0.086724,0.4353042,0.7237928,1.8668954,0.6081161,0.34969217,0,0.11921157,0,1.2303128,0.9481233,0.044598702,0.31828704,1.3696246,2.8280687,1.0529838,1,0,0,0,1
848.5,10.87,33000,1544,10429232,22593814919,58667060228,7676482933,17937153954,4649464500,-2.90E+11,17916749900,-9506668082,3014576074,16871613646,13.56,5,76.27,70,275,2.816901408,0,-0.491047,7.4900417,0.95843065,4.6677995,3.695593,0.66638625,0,0,0,1.7619458,4.5474105,0,0,0.032895688,0,0,1,0,0,0,1
539.1,33.5,20000,563,4034223,11883822296,415570868,3148817224,157393664,107187500,7472296208,22378068,1348278210,1107574632,6385012960,52.65,6,76.05,92.31,100,0,0,-0.435984,0,2.7868655,2.1426113,1.7873329,0.42393106,0,0,0.050318297,2.3433318,1.3720893,0,1.7651045,0.66925406,3.572614,0.6540272,0,0,1,0,1
2001,36.13,26000,1598,21977166,5646685825,8010768755,15496662512,429125912,8349900000,-31940805263,181753956,-454001430,-2249956752,13047733322,4.33,6,76.42,93.75,133.33,0,33.33333333,0.159932,0.9271013,2.2310483,3.5044224,0,0.5531203,0,0,0,3.4922488,2.758086,0,0,0.6004029,0,0,1,0,0,0,1
342,7.7,100000,984,5861404,316354,335905,338838,127099,4253,126138,47263,65371,34384,811123,40.64,6,78.89,64.71,210,0,0,0.259175,7.7373347,0.70974445,4.9638553,4.12169,0.77005297,0,0,0,1.664191,5.030032,0,0,0.27302468,0,0,0,0,0,1,1
55.28,1.69,6600,489,5243700,19912784247,8163063103,10102340490,5308415635,941670000,10255276695,-3720387,3467955659,2286072432,22107182072,45.84,6,51.2,92.86,0,-6.578947368,0,-0.525445,0,1.9537168,2.869333,4.597419,0,0,0,1.9899938,0.71401215,1.5179561,2.2047255,0.8180053,1.0004423,3.8480284,1.0596087,1,0,0,0,1
771.73,3.86,10100,665,2660910,15972855405,1144545980,4397252236,383260000,1126000000,7773401147,7141377,1310470467,1042847459,17125005407,42.77,2,57.73,92.86,100,-5.194805195,16.66666667,-0.178494,0.43356183,0.72588164,1.8951733,0.5639778,0.2708583,0,0.11108093,0,1.2697504,0.9748834,0,0.3531445,1.3730989,2.7980695,1.0451291,0,0,0,1,1
979.06,4.07,12000,931,3531115,13594118551,18827281455,5457129464,11039984027,1576790500,8008269890,1203308545,271908733,-589288559,8712730578,22.31,1,48.09,93.75,175,5.479452055,0,-0.336614,0,1.0123382,2.6351798,1.4073094,0,0,0,0.09406849,1.7234628,1.8992115,0,1.1017225,1.3276819,2.8087988,1.0925618,1,0,0,0,0
256.3,0,6000,975,7601025,20767174803,30652400117,8457501380,3304836579,3193512500,18167976451,1924342298,2045350805,2132024795,25312913256,45.79,2,68.15,83.33,25,-5.194805195,16.66666667,-0.786255,0.44687632,0.7235749,1.8778932,0.5937724,0.32864293,0,0.116667986,0,1.2397207,0.9572603,0.02572617,0.3237708,1.3721622,2.8117561,1.0450511,0,0,0,1,1
771.42,3.4,7400,780,8077587,41297178608,22587975323,31064906800,11710582303,2400000000,19008770853,-299106025,8047733434,6541201117,1.90E+11,59.42,2,70.86,93.33,100,0,0,0.480422,0.08426885,0.70277137,1.6712793,0.6285624,0.40006667,0,0.07912837,0,1.1084795,0.8357314,0.2317113,0.53346175,1.367375,2.9302688,1.0747515,1,0,0,0,1
559.02,74.32,18500,621,9864110,10603023100,32455585920,9469644818,10148088813,3623160000,14500761122,5316954267,8104723132,6638491880,21337812167,45.3,2,81.38,93.33,100,1.408450704,0,-1.238611,0,1.6461716,3.0377703,4.5847855,0,0,0,1.9954717,0.69496816,1.7617106,2.1849356,0.8716959,1.2015609,3.8957574,1.2010278,1,0,0,0,1
74.53,0,17000,5,6315256,20071117255,19815213544,16890526268,1533278474,2436628000,1875245606,0,3600186721,3411670347,22965462438,42.56,2,64.31,93.75,-166.67,-3.797468354,8.333333333,-0.010024,5.7275705,0.8434538,2.6500657,1.9111043,1.846957,0,0.70131195,0,0.058406807,0.6188793,0.76695246,0,0,0,0,1,0,0,0,0
1179,7.29,42000,835,4621921,8022438801,1225005744,618360427,12524575030,1990998500,-35829931447,2160202860,-2072814787,-2050964482,34177241,36.07,3,55.43,93.33,100,-6.666666667,50,-0.332616,0.49040812,3.1771204,4.375316,0,1.1795039,0,0,0,4.5233893,3.7408996,0,0,1.0376966,0,0,1,0,0,0,1
51.68,0,6000,770,9435500,9199370588,2107141619,1611143800,1311870502,3970670000,4412709052,118853,303613009,272994941,4200487967,32.85,1,61.85,95,-80,1.408450704,0,-0.644337,0.61338514,0.087835014,2.0522618,0.35949722,1.4013314,0,0,0,0.8785006,1.5521662,0.1788196,0.34298107,2.3395925,2.8540466,0.795377,1,0,0,0,1
1115.44,8.17,16000,2140,8650735,7579735572,2847940217,1932495983,1521996989,3656897500,0,-26635033187,-1713494359,-1627684107,979078233,28.83,36,69.22,80.95,243.48,1.369863014,0,-0.610021,7.564079,0.9046414,5.1285863,4.1142926,0.35981625,0,0,0,2.0337565,5.246763,0,0,0.2189023,0,0,0,0,0,1,1
1526,8.7,18000,779,4886005,13834872036,10957169331,12133597211,8160478079,2185502500,-6037102069,89134656,1054035431,844745812,18399628060,39.76,1,45.18,94.12,173.33,-1.123595506,0,-0.599162,0.21561536,3.164304,4.6856394,0,0.8054084,0,0,0,4.497028,4.332798,0,0,1.3858688,0.048972458,0,0,0,0,1,1
330.36,0.5,14000,2,10178456,31858476409,2807392082,3126633618,886630737,4047100000,19324819061,1521829679,4056476546,4524761655,15603637419,46.09,6,57.06,94.12,0,2.777777778,-16.66666667,0.167365,0.519511,0.23004219,2.0641327,0.3397236,1.1985669,0,0,0,1.0044028,1.5173413,0.029190224,0.31704476,2.1833231,2.7314248,0.7879933,1,0,0,0,1
1402,3.69,12500,1774,9776917,6370436270,3309072509,4374937785,1804005023,4373458500,-22066422774,21193530243,-2243590701,-7750471697,1931849944,38.08,3,52.32,93.33,100,4,0,-0.616845,0.7551032,2.0531137,4.403492,0,2.376865,0,0,0,3.2476983,5.058043,0,0,2.5019233,0,0,1,0,0,0,1
202,0,20000,813,8191416,14121014674,22284594463,4891354464,8722541055,3436508000,-3390267180,-64332897,482219719,825907099,9199702711,23.93,2,40.79,82.35,-80,-2.702702703,0,-0.297427,0.54834193,0.3281907,2.123131,0.3647314,1.2508856,0,0,0,1.068364,1.5910995,0,0.29101765,2.1610434,2.7058115,0.7156337,1,0,0,0,0
1545,17.64,15000,2055,6248519,36549023969,8995728471,6505581478,13191571537,2494259500,-10273648741,462934924,2055057036,2045801235,21741780397,0.32,1,53.16,93.33,233.33,-1.162790698,0,-0.163181,1.2210026,1.904221,3.5163634,0,0.66102624,0,0,0,3.3778582,2.826673,0,0,0.8027793,0,0,1,0,0,0,1
423.83,22.6,13200,306,4113248,15690115753,10970354238,7096298048,3522820883,1851888000,7244164654,127541099,1571328898,1370776038,11326371298,20.85,1,23.2,93.33,100,1.408450704,0,-0.259449,0,1.6669954,3.040041,4.607764,0,0,0,2.0056162,0.6919644,1.7592542,2.1944666,0.87354547,1.1916826,3.897172,1.1897607,1,0,0,0,1
426,6.3,7200,800,34500000,27018784687,38220553013,44062697678,123799373,15200000000,-17611684351,2184920400,6641705735,7163376505,37498936328,58.78,3,63.16,93.75,100,2.702702703,0,-0.376657,1.1116911,0.3197806,2.2982273,0.36339474,1.8620763,0,0,0,1.0082239,1.9036307,0,0,2.3782187,2.4106414,0.27110174,0,0,0,1,1
643.7,24.4,15000,657,10969920,27113768673,14942043852,13524728359,483694709,4631360000,6531715887,16884313570,1878997667,1929682988,18040053709,69,1,88.63,84,205.88,0,0,-0.343809,7.877058,0.9570953,4.9427514,4.3321447,0.66286886,0,0,0,1.6667174,4.799047,0.08222821,0,0.00766312,0,0,0,0,1,0,1
1,10.27,20000,779,6653267,35147754347,7158981758,10903339426,4122706236,2811633500,1839963937,10703355,1035027842,966709424,13460898045,34.38,6,60.75,94.12,100,-5.333333333,0,-0.178494,0.30988085,0.31742388,1.70988,0.18965682,0.95249563,0,0,0,0.9604044,1.1140873,0.08679192,0.4161802,1.8953315,2.7230933,0.8852994,1,0,0,0,1
430.31,20.7,25000,328,16591014,52129394735,41950689819,27120839554,6941044915,6295507000,38620417100,2483775827,19746131463,14481565495,86609301204,32.5,6,65.16,94.44,100,5.970149254,0,-0.54666,0,1.1861279,1.6151508,3.2545695,1.0678288,0,0,0.2768944,0.16728401,1.8646505,2.8979225,3.100797,1.9285722,3.7844467,0.33290812,1,0,0,0,0
1442.95,12.11,16000,1845,8425772,13410454427,2276465754,1460655986,540905159,3388886000,-27653294517,406217053,-566087802,-442247838,3347118735,18.87,3,55.81,93.33,200,1.162790698,0,-0.982162,2.8855276,0.9518985,2.6459951,0.36833477,0,0,0.43236017,0,1.9245194,1.3206075,0,0,0,0,0,1,0,0,0,1
1,19.6,10000,1201,15584500,6876454292,5340436290,3768252250,1228864183,6427500000,-5422904730,6215178879,-838185670,-778378673,3801754116,60.73,2,62.94,93.75,150,7.142857143,0,-0.415223,0.7281776,1.8687713,4.4409018,0.21654555,2.8660479,0,0,0,2.9114451,5.533133,0,0,3.03676,0.15520354,0,1,0,0,0,1
190.16,0.53,25500,208,3561724,7287360765,1325906260,471570139,599262224,1416192500,-4304036338,-9885320,-762259604,-718316314,2198387857,50.8,1,65.52,93.33,100,-4,0,-0.372395,0,1.728107,1.1077538,1.7830907,1.6056557,0,0,0,0.59915334,0.6504006,1.6776373,1.655979,1.5196457,3.532677,0.30617195,0,0,0,1,0
958.6,37.1,14000,1043,11251000,23607649585,24736544460,4948305491,5679242919,4750000000,13732067744,66867774,1098021456,1742824794,11563289912,46.94,1,79.31,93.75,228.57,0,0,-0.361095,0.101358674,0.9883209,2.2488487,0.80821353,0,0,0,0,1.6752031,1.3396707,0,0.67969346,1.3480048,2.9178693,1.1493427,1,0,0,0,1
386.96,26.6,3200,328,91190476,94063023,11536315,40411023,0,25984204,39496077,-291964,22489729,17739946,95460854,35.09,6,67.1,94.12,100,0,-16.66666667,-0.686402,0,1.1219978,1.5207615,2.8447313,1.0828642,0,0,0.0196603,0.31741986,1.695997,2.707564,2.8941078,2.0635624,3.8647065,0.44027248,0,0,0,1,1
345.68,13.28,2500,397,9340922,11024463731,4308062850,2903849655,1851310072,3580600000,6977415558,0,407766334,371804076,5919398041,64.47,6,68.89,93.75,100,-12.98701299,0,-0.46686,0,1.6149728,2.3372421,4.2604303,0,0,0,1.2244792,0.5532105,2.273359,2.5783546,3.0989168,1.1568877,3.7982898,0.66862464,0,0,0,1,1
217.63,4.07,59000,65,36634063,8.59E+11,4.53E+12,2.08E+12,2.58E+12,58846000000,2.91E+11,-1300884247,49175184951,18589479980,5.89E+11,37.8,6,68.51,93.75,100,-6.666666667,50,-0.311868,0.5084205,3.1231132,4.3408065,0,1.1783401,0,0,0,4.4764876,3.7132432,0,0,1.0445588,0,0,0,0,0,1,0
79.33,25.9,29800,34,14286000,2.65E+11,2.94E+11,2.96E+11,40304465294,50000000000,9196834195,20308787241,5737241108,4542054543,1.84E+11,70,6,76,93.75,27.27,-2.43902439,0,-0.428599,0,1.4555368,2.490633,1.1974732,0,0,0,0,2.0057268,1.7181302,0,1.1925125,1.0805187,2.8447769,0.97639173,1,0,0,0,0
7.1,1.65,30000,8,10507767,74856956727,4302897983,93097323093,4610177245,4635370000,-2.41E+11,0,-13424330409,-21760186203,2976258789,13.86,2,61.72,92.86,-280,-5.747126437,28.57142857,-0.192395,3.2426715,0.5462534,1.9507562,0.27243584,0.7537235,0,0.7459152,0,0.86895007,0.48988852,0,0,0,0,0,1,0,0,0,1
13.1,0.24,12000,130,17154696,16575008,29768191,13081435,1420181,7341348,0,-38949032,-224979,-472312,8155222,47.94,36,71.45,68,-112.5,0,-7.142857143,0.050323,6.2021074,0.57400995,4.2665086,3.2006655,0.043055527,0,0,0,1.6729954,4.0339904,0,0,0.41530395,0.79059136,0,0,0,0,1,1
42.89,0.95,5100,46,4621148,20229853887,1929553496,13840258719,5170010649,1407875000,1043743808,363866964,852223301,1141978573,21456642734,21.56,1,23.76,93.75,100,0,0,-0.178494,0,1.6864855,1.6516653,3.135239,0.5496721,0,0,0.5845744,0.4965201,1.5267755,2.2727168,2.6110108,1.2569768,3.532087,0.33931038,1,0,0,0,0
24.76,0,13000,92,5822956,11100322964,14188133652,2625702592,7994477298,2602478000,-2746735171,998587732,2115785019,2597999611,11163399101,27.86,2,39.67,94.12,-75,1.388888889,0,-1.04847,0.5988813,0.46427956,1.9711926,0.35151088,1.3042837,0,0,0,1.0314441,1.3767321,0,0.15416318,1.9927925,2.6358273,0.6447433,1,0,0,0,1
64.19,3.2,21000,11,17377619,47670964784,9300364726,8818614060,2040042106,1300000000,44812673344,0,12864818837,10076011037,29412788992,0.86,1,53.6,93.33,0,-1.149425287,0,-1.201177,0.81531835,2.3281286,3.591848,0,0.65187585,0,0,0,3.5999706,2.8659656,0,0,0.7358477,0,0,0,1,0,0,0
640.8,27.4,6500,1039,13500000,16870877277,646419614,595138367,978598749,5000000000,10642076378,301483397,2389261589,1877636903,5057277096,74.07,1,74.83,93.75,300,5.128205128,0,-0.546107,0,2.4430273,2.727082,1.6414385,0,0,0,0.20872411,2.6227694,1.7929237,0,1.216653,0.60494,3.032531,0.86503357,0,0,0,1,1
754.6,35.9,30000,1154,2136300,10890798166,2952773979,1132235374,653727786,212730000,7972001304,-2831220000,2112492249,1605145760,8168614077,44.2,1,44.62,94.44,266.67,-1.265822785,0,-0.481183,0,2.8261755,2.8524852,1.9538138,0,0,0,0.27342275,2.82827,1.9186661,0,1.5212709,0.50064,3.2981176,0.8222154,1,0,0,0,1
1800.47,37.14,16000,1265,16378260,58349783101,4438641337,10263915580,373970269,1431826000,50000308022,298117967,24494754918,17297237363,1.02E+11,70.54,6,82.87,94.12,200,2.702702703,0,-0.126491,6.2938256,0.65994394,3.781217,2.652225,1.2070047,0,0,0,1.1032648,3.4186928,0,0,0.061054513,0,0,0,0,0,1,1
1,5.32,4000,1216,10378000,28629158,27609373,24468962,7525155,3850000,11116340,1057858,1015645,689868,22811185,74.2,6,74.95,94.74,100,-5.333333333,0,-0.402472,0.4664682,0.10069599,1.7813458,0.23710626,1.113839,0,0,0,0.82611835,1.2357639,0.22192764,0.3712354,2.0826135,2.706231,0.8601366,0,0,1,0,1
621.48,3.43,23000,1116,3630800,9712046534,1992213051,1901035058,928282318,1454900000,-3455741115,0,-1226973650,-1656521744,4723394345,26.36,1,63.3,93.75,100,-5.194805195,0,-0.05952,0.34420627,0.42972973,1.7116573,0.39547732,0.4356057,0,0.059530012,0,1.0310094,0.9654593,0.06480482,0.3926215,1.4980862,2.655035,1.0196434,1,0,0,0,1
1716.98,10.69,15500,1636,5918890,30045614488,19406036632,7111502230,16257668793,2444445000,15019101820,680185821,6288212703,5792009387,41424950659,0.17,1,44.4,93.75,100,2.816901408,0,-0.162167,5.7448707,0.58091575,3.2928588,2.129045,1.6349444,0,0,0,0.80049676,2.7191195,0,0,0.18877639,0,0,1,0,0,0,1
124.3,0,7300,1,10731366,31176968775,11858980395,10721822458,4276239438,4320683000,-6747857799,485601702,5851957099,4850951800,36224562020,6.54,4,47.24,92.86,0,0,0,-0.89768,0,1.0000572,1.7749288,2.1348228,1.0983156,0,0,0.20276777,0.4601201,1.1332979,1.6508261,1.2121525,1.7863805,3.2691877,0.608524,1,0,0,0,0
197.55,12.91,30000,90,6044583,8684124507,8572894087,44299397863,816993865,2220845000,0,-61589708987,3690857983,-1200609928,3043680004,5.94,1,62.39,93.33,100,0,33.33333333,0.287268,1.1487905,2.1232743,3.576451,0,0.5578803,0,0,0,3.4887424,2.8468637,0,0,0.5847331,0,0,1,0,0,0,1
1,19.39,6800,888,8969539,14165853271,10913041914,7154276363,4555619763,3763769500,9549900644,14909535,5342680932,4160232247,32614660282,42.22,2,70.12,93.75,133.33,3.773584906,0,-0.346723,0.60198987,0,2.309189,0.11495175,4.375142,0,0,0,0.27696058,2.7673206,0,0.42573082,3.758318,1.7490911,0,0,0,1,0,1
75.03,1.33,5500,36,6222125,24107473968,65040454465,25398925879,28000578222,2271062500,20150224678,1517780054,2412466224,2523581056,29388902546,50.25,1,54.24,92.86,25,0,0,-0.178494,0,1.6976315,1.6567522,3.142511,0.53860486,0,0,0.590384,0.5059431,1.5305748,2.2732573,2.6320705,1.2497218,3.5453548,0.34310696,1,0,0,0,0
1587,39.1,15000,6762,8553491,3155863225,2757952580,1185776379,1314294171,3751745500,-26193324421,416841157,-1228088399,-1235744069,749858679,30.12,2,67.66,93.33,200,2.272727273,0,-0.027253,0.30217335,3.3809507,4.5752153,0,1.0189542,0,0,0,4.7180333,3.954315,0,0,1.0804347,0,0,1,0,0,0,1
749.57,10.83,6100,930,14763600,61311490767,25258827049,26788270123,10641899677,6025000000,11333767320,18075000000,9041041534,10641131529,1.03E+11,64.28,6,67.4,93.33,100,0,0,0.140557,0.12987939,0.69955885,1.7105514,0.5952113,0.35000774,0,0.08601481,0,1.1905719,0.911127,0.14036925,0.5215314,1.370653,2.9358969,1.1070889,0,0,0,1,1
16.67,7.5,3000,281,20401568,22093446579,44104708608,11860180201,1072878396,8399270000,39543313779,1669447309,14106926569,11365548875,57416624303,62.21,6,68.27,90.91,-60,-2.777777778,0,0.293629,0,1.3572787,1.8034105,3.3117816,0.54828787,0,0,0.5874877,0.33315197,1.7750777,2.4697247,2.6209872,1.4952415,3.4398267,0.36389804,0,0,1,0,1
765.86,9.26,4800,630,20771000,24269265,24563556,21562168,2132104,7707500,11741168,0,215154,349843,21826468,56.95,2,65.94,70,260,-5.479452055,0,0.07925,8.267823,0.74718153,5.1458573,4.577491,0.46814486,0,0,0,1.6377481,4.8774343,0.19115765,0,0.04860913,0,0,1,0,0,0,1
86.41,3.15,40000,18,10097421,20884874416,4031136195,1885313328,663583717,4280710500,-62995222995,2786401,-10819917721,-10826659503,0,34.2,3,48.94,92.86,66.67,1.388888889,0,-0.504448,0.5748701,0.5351584,1.8880388,0.2443051,1.4281659,0,0,0,1.0508361,1.298729,0,0.12550132,1.9857165,2.6779263,0.6248486,1,0,0,0,0
86,74.52,6200,12,7220780,18663291947,10739446506,10008527972,3701775218,2868790000,9401027059,305473349,1137246068,672313389,18148522663,12.42,6,67.6,95,70,4.109589041,-11.11111111,-2.061751,0,2.5807102,3.1988473,5.4887614,0,0,0,2.477327,0.9117188,1.6473707,2.363387,0.9502621,0.4926305,3.9885242,1.0464537,1,0,0,0,0
719.26,38.04,33000,664,9834640,40812990,23128407,17572006,11798331,3917320,25397323,494582,14178184,10679155,45342775,61.08,6,61.9,93.33,160,0,0,-0.546066,0,2.6891873,2.7927277,2.0223758,0,0,0,0.2980119,2.6590915,1.9481735,0,1.5131501,0.6269295,3.256293,0.8341659,1,0,0,0,1
1,21.6,13000,1397,3465288,13655012240,7489773246,3613208744,741185627,1372144000,12142901580,75637162,1865119406,1677938746,13045678323,56.09,1,79.21,93.33,100,1.388888889,0,-0.383929,0.5456779,0.5728772,1.9028227,0.23799637,1.4423605,0,0,0,1.0868363,1.3151925,0,0.13479273,1.9847863,2.698612,0.6260549,1,0,0,0,1
3.77,0,4500,174,5361500,4994507201,15153090851,3241509204,8692747323,2397500000,1966113298,-36738417,-319067410,2674625172,6940682426,34.1,1,37.85,92.86,-200,-2.777777778,0,-0.979169,0,1.4595312,1.765485,3.2750092,0.52595747,0,0,0.5735871,0.39704815,1.736526,2.4155087,2.6462278,1.4249691,3.4554005,0.345715,1,0,0,0,1
745.56,10.84,20000,804,6370000,32306050141,22585836402,23400051029,14227497100,2500000000,14648801168,-45754774,4518954226,3431153096,33236692182,61.97,6,69.86,93.33,150,5.479452055,0,0.100361,0,1.0355558,2.626621,1.37165,0,0,0,0.0826929,1.7558274,1.8759896,0,1.1030245,1.3407831,2.8560374,1.1081538,0,0,0,1,1
1195,29,6500,1476,40779120,2.21E+11,1.81E+11,2.19E+11,58667148620,11922105000,82937858806,-26209884886,22761536270,11889601165,3.55E+11,58.47,1,69.14,92.31,177.78,5.555555556,0,-0.307716,0.6521264,0.7850337,3.556575,0.25286973,2.3288944,0,0,0,2.0545943,4.440316,0,0.06368473,3.2279494,1.2663738,0,0,0,0,1,1
1715.41,5.7,9800,3570,12396900,17069533856,4238528812,2597865705,4947329145,972885000,2728842928,418845735,1135173414,718990851,14134540020,49.7,2,75.26,93.75,100,1.369863014,0,-0.100847,5.9522552,0.5035748,3.5520585,2.3726633,1.2085582,0,0,0,0.95699656,3.1090145,0,0,0.044742472,0,0,1,0,0,0,1
1725.78,8.41,27000,1514,6396700,29877309226,25248817834,9413442820,15055872752,2683350000,27887700501,78968203,4010460255,3506329206,32283470111,62.92,1,84.77,94.44,100,-3.658536585,20,-0.039533,4.5193796,0.579122,2.273881,1.253413,1.236853,0,0.8268455,0,0.23873547,0.37172392,0.5766543,0,0,0,0,1,0,0,0,1
471.31,19.13,3500,637,15000000,25835413446,15398279167,18655559992,3434327393,6922491000,-8248442297,0,4059594693,3601660799,47459834011,42.67,6,48.55,90.91,100,4.166666667,0,-0.245873,0,1.1828173,2.0211504,2.3286932,0.86447525,0,0,0.35908392,0.6307747,1.2596226,1.4445616,1.0478344,1.5958033,3.1515658,0.5933361,1,0,0,0,1
1,5.74,14000,1662,9279000,21159982177,12560954903,2581717668,869963714,742500000,8972501317,10357194951,2682243192,2520452969,21315972219,51.81,6,67.51,92.86,100,-7.894736842,0,-0.216815,0.69441617,1.7743615,4.3834558,0.25417006,2.8180478,0,0,0,2.8401268,5.5000787,0,0,3.134547,0.37050074,0,1,0,0,0,1
114.19,0,20000,23,5385072,13805628714,10454185515,4133849940,1477875495,2280536000,4088209855,372923707,2086930352,458277627,14369563898,1.2,1,56.83,94.12,-100,3.529411765,0,-0.072679,1.7139319,1.0673658,3.176197,0,0,0,0,0,2.705569,2.606803,0,0,0.7334996,0,0.124759875,1,0,0,0,0
357.12,11.24,38300,423,5532051,92489046054,44155878900,66489888376,7754944853,497070000,61001781061,-595729336,21231062198,20303568832,2.35E+11,39.25,2,69.49,93.33,100,0,0,-0.261278,0,2.8025591,2.1674733,1.7771193,0.40012094,0,0,0.046594676,2.387414,1.3728126,0,1.7857711,0.65989715,3.592511,0.6706147,0,0,0,1,0
576.27,1.88,10600,573,4638281,8202681038,8016164324,2923040496,5623577404,1840190500,-3987277414,9340050,-1176422327,-1067555464,5955863185,20.73,3,26.21,95.45,100,-2.702702703,0,-0.375838,0.5420541,0.2690056,2.1037705,0.3298376,1.2242266,0,0,0,1.0462762,1.5819552,0,0.30685526,2.1935546,2.7276788,0.75781024,1,0,0,0,0
1576.56,3.66,6000,938,14438000,1.31E+11,4520961069,43739846973,38522808248,1073000000,52367785082,0,17260031120,14207628091,3.93E+11,68.12,1,75.07,94.12,100,-5.405405405,7.692307692,0.232736,4.729933,0.64687395,2.3251188,1.3188384,1.6735449,0,0.24205671,0,0.3164002,1.0677371,0.214798,0,0,0.032389216,0,1,0,0,0,1
441.4,3.7,4500,1021,30667215,3.34E+11,0,2.15E+11,0,26532215000,81702109703,570096017,23349615097,19531859963,83493736661,67.2,6,69.27,93.75,100,11.76470588,0,-0.483198,0,0.80953246,1.4880635,0.5296862,0.48933923,0,0.035689037,0,1.1060517,0.8621361,0.094705224,0.6853826,1.2197778,2.6199336,0.8586037,0,0,0,1,1
40.3,2.07,7500,38,145180000,1.58E+13,9.96E+12,1.41E+13,1.00E+13,6.32E+11,2.41E+11,6.10E+11,36302076957,29228546071,1.02E+12,19.87,6,52.29,93.75,-38.89,-12.98701299,0,-0.178494,0,1.609489,2.6335227,4.1921306,0,0,0,1.2455287,0.80060035,2.3875713,2.2496812,2.83991,1.2090038,3.899688,0.86457986,0,1,0,0,0
101,5.7,16100,1,5545000,16355045501,2623151735,1435029318,0,2000000000,15543107918,0,3246373206,2649241023,11509551725,33.62,6,73.56,94.74,100,-2.777777778,0,-0.178494,0,1.6481988,1.6424237,3.1319745,0.5649028,0,0,0.54048675,0.4874415,1.581788,2.2940297,2.6012187,1.2917556,3.4952817,0.31310073,1,0,0,0,0
159,0.57,15000,41,16716042,33969562360,10124616859,45498852297,6397636819,7074688000,-66600859604,-121258598,2366099126,-15294578193,21685370455,36.07,1,37.97,93.75,100,-5.797101449,0,-0.880964,0.612368,0.118397996,3.0577424,0.2784606,2.66347,0,0,0,1.2645411,4.15987,0,0.16220106,3.3006551,0.996999,0,1,0,0,0,0
73.1,0,3800,1,30175943,15774,4467,1910,0,11400,4714,696,2522,2648,8794,20.01,6,51.25,95,0,0,0,-0.627855,0,1.6885645,1.140209,2.002533,1.4522723,0,0,0,0.6714373,1.005084,1.9113942,2.2162304,1.6748604,3.7603104,0.3371753,1,0,0,0,1
1,1.35,27000,1010,12889592,62977189251,5241384943,31187705245,2794924114,6307976600,31330155943,-3402187708,11809585837,9481754383,27732814794,38.31,3,72.42,94.74,100,12.72727273,0,-0.371473,0.31357524,0.16620785,2.609629,0.20393589,3.6544015,0,0,0,0.80299616,3.5781605,0,0.50094825,3.5511408,1.2414278,0,1,0,0,0,0
728,45.4,28000,1108,5689460,15023502056,6287994804,2400396009,21961283,2400000000,12981037412,153607731,2966825874,2442425153,6327647178,29.25,6,45.88,92.31,242.86,-2.53164557,-14.28571429,-0.129238,0,1.722875,2.5997982,4.105712,0,0,0,1.2424082,0.8982469,2.2644253,2.1465235,2.7394865,1.1100848,3.8986104,0.8639456,1,0,0,0,1
946.72,3.43,10500,1529,24370300,28705764023,9084267321,17108451600,4428681642,1885530000,-23386213848,1874123392,-4737405164,-7501425172,7285537916,24,36,71.96,71.43,200,2.816901408,0,-0.469725,7.4950037,0.9540191,4.676617,3.7123249,0.66391385,0,0,0,1.7620012,4.5579276,0,0,0.02947454,0,0,1,0,0,0,1
619.24,6.1,23000,449,8111910,29504,2097,17002,1291,3283,1048,0,4958,5128,25997,40.56,6,80.56,70,100,0,0,-0.041365,7.8843174,0.9689395,4.966524,4.3490024,0.7147353,0,0,0,1.6782256,4.88145,0.061448436,0,0.03956058,0,0,0,0,1,0,1
1,7.59,28000,1358,5394170,8530687433,22999486932,10623813104,7779268263,2362335000,-5290749856,4284710718,-1644957065,-1932465778,7995737809,40.4,2,56.44,93.75,100,-5.797101449,0,-0.484648,0.7027302,0.10262874,3.2441251,0.36901754,2.5090768,0,0,0,1.3861969,4.4029403,0,0.15751831,3.3883948,1.070029,0,1,0,0,0,1
3.29,8.44,9000,14,103956048,7.99E+11,9.32E+11,1.18E+11,93365008742,46778024000,1.46E+12,5121627917,2.77E+11,2.98E+11,3.94E+11,66.29,6,87.76,92.86,-225,-2.631578947,0,0.039678,5.3045306,0.5116808,2.714399,1.4335092,1.3687252,0,0.26512048,0,0.5041216,1.3179989,0.20008801,0,0,0,0,1,0,0,0,1
1364,8.7,30000,48,5918200,6022606924,18416186794,4224248428,10815498447,2444100000,-6798887092,0,-1233125807,-2020484316,2728975264,40.14,30,70.76,93.33,120.97,4,0,-0.238514,0.77509063,2.033989,4.424625,0,2.4806564,0,0,0,3.2132523,5.141194,0,0,2.5620131,0,0,1,0,0,0,1
352.2,6.5,15000,1222,12354310,6295320251,1610725512,2948216695,546042606,5559155000,-37984356354,263869500,-1299094450,-1204985453,237373799,9.48,1,32.13,93.33,100,-2.702702703,0,-0.512688,0,1.1060033,1.5120033,2.7984524,1.1473777,0,0,0,0.3245588,1.7272416,2.6793308,2.8969903,2.1144166,3.9033084,0.46368575,1,0,0,0,0
174.79,4.72,29000,302,7667110,4484222556,2976031484,1638783086,1463973983,3062722000,0,-11107762169,-66711716,-63630681,2076211256,22.78,3,28.32,94.44,100,-8.75,0,-0.146827,0,1.1073978,2.5558114,1.3510032,0,0,0,0.07092442,1.7635002,1.8282278,0,1.1624691,1.241519,2.8059237,1.0494167,1,0,0,0,0
74,4,28000,4,8731414,6656415948,13931162353,5342769416,404723772,3697850000,10614782501,27275015,2256941973,1878577869,7364712237,2.92,1,62.56,96.43,83.33,1.19047619,0,-0.604819,1.8105404,1.2097661,3.378579,0,0.048792325,0,0,0,2.932389,2.7997632,0,0,0.80631924,0,0,1,0,0,0,0
1594.95,2.29,21000,1034,4796867,12597236366,19784420827,7433207763,8319768256,2063683500,13310230284,0,5844734608,5160578501,29223267972,43.05,5,68.12,94.12,100,4.411764706,0,-0.619915,5.2859263,0.6555331,2.7086263,1.6102141,1.8570913,0,0,0,0.46847162,1.729051,0.006957546,0,0,0,0,1,0,0,0,1
1220,7.8,31500,1206,13910746,30831065927,14978953706,9123489642,661134385,6239500000,23063015557,6722880069,10027571637,7739937562,18242788553,28.6,6,49.95,94.74,100,3.571428571,0,-0.206615,0.6931906,2.540431,4.1169376,0,0.8181507,0,0,0,3.974875,3.6759617,0,0,1.0621288,0,0,1,0,0,0,1
205.12,0.56,7500,68,8143866,14961946885,7747697416,19050209728,278080746,2818663000,0,-1819275971,2045085200,-2113187718,6085122705,2.78,1,39.02,93.33,0,0,33.33333333,-0.927381,1.0795658,2.1440732,3.5352018,0,0.5433766,0,0,0,3.473063,2.7987914,0,0,0.57706857,0,0,0,0,0,1,0
1271,12.75,52700,886,9432400,15404418710,5183823331,1289827015,1717218133,3772960000,-41807808675,4092490737,-2674268784,-703136110,0,11.6,4,53.43,84.21,100,-6.666666667,50,-0.099827,0.5660196,2.9851685,4.249858,0,1.1679281,0,0,0,4.3574142,3.651925,0,0,1.0533277,0,0,1,0,0,0,1
94,3.88,30000,96,7523000,6590120501,1537443872,442618093,534195197,3254142500,-19358087179,200221677,-2045678588,-2028726422,0,22.85,3,47.73,94.74,0,11.29032258,0,-0.196936,0.30427098,0.25940284,2.4622579,0.023617517,3.1752532,0,0,0,0.89302975,3.2076175,0,0.20302236,3.1389697,0.95684403,0,1,0,0,0,0
298.48,9.6,9500,369,7761300,16923872579,2415174896,2541082050,3454634549,2727273000,12992887001,-2376829125,5858635279,4743592178,30536195060,20.17,36,67.44,94.12,100,-1.265822785,0,-0.213582,0,2.781505,2.826813,1.9156392,0,0,0,0.2593832,2.8119757,1.9109436,0,1.4923917,0.52306944,3.2869391,0.82713485,0,0,1,0,1
155.74,0.6,16000,239,10000988,26635553253,9816393656,13332532585,16611516688,4279494000,-25374410440,27602814076,-3633759729,-3801868433,11230711680,31.97,12,65,70,0,0,0,-0.542964,7.067298,0.9056866,4.8231606,3.65138,0.2752636,0,0,0,2.0101473,4.8711934,0,0,0.17862518,0,0,1,0,0,0,0
1520.08,8.43,16000,1311,10540000,11582949409,27642054666,6943072596,8051368361,342000000,40889913205,3244330198,-14142263265,-8481198407,5056493961,37,1,66.41,93.75,214.29,-1.315789474,0,-0.396737,7.284369,1.0211476,4.2781787,3.4508278,1.4075568,0,0,0,1.3224808,4.033894,0,0,0,0,0,1,0,0,0,0
751.39,10.75,40000,771,8767055,43090627637,20045734280,31194800122,6197643650,3300000000,7822951255,0,1152978862,944061703,8476420249,51.33,6,64.2,93.33,100,1.162790698,0,0.098914,2.7619438,1.1521076,2.74836,0.32481253,0,0,0.41395304,0,2.1379156,1.3800411,0,0,0,0,0,0,0,0,1,1
437.68,0,9000,681,4119655,34526414822,12802556645,21743649839,6208571836,1744827500,12475018698,558235931,1884343309,1507611621,13249623767,32.77,1,33.5,93.75,100,-2.53164557,-14.28571429,-0.310296,0,1.9836344,2.4856062,4.128049,0,0,0,1.2658497,0.9862961,2.0625236,2.0903525,2.6466682,0.95367116,3.904353,0.79483765,1,0,0,0,1
24.81,0.4,35000,3,7986521,43101594309,3294319857,16121886211,1517136843,3178975000,-1.13E+11,453737428,21523263919,-1.14E+11,81590904025,41.32,1,67.2,94.44,-65.77,0,0,0.108408,0.31045753,0.7142652,1.8208771,0.6199888,0.3358732,0,0.10027671,0,1.2260976,0.9468234,0.07356912,0.38129148,1.3579621,2.8820221,1.0999212,1,0,0,0,0
15,0,4000,173,11490000,9922869295,61961284122,18796401586,25696961728,4200000000,18305985184,-1338441,9127196461,7062472352,27486410874,69.63,6,77.37,92.86,-200,-2.777777778,0,0.792692,0,1.3762653,1.7958348,3.2999086,0.54249233,0,0,0.58453256,0.34645432,1.7627054,2.4548542,2.6223657,1.4799697,3.440706,0.3619323,0,0,0,1,1
558,13.3,14300,1026,6750733,16969033016,10118684740,6772164774,4887600000,2506201000,8451383405,0,8500275468,7406092758,38351960540,73.51,6,75,93.75,100,1.234567901,0,-0.354573,0,2.650041,1.5837033,1.9618857,0.97380185,0,0,0.14535931,1.5399182,0.81392825,0.7427878,1.4187558,0.67829114,3.31506,0.2819017,0,0,1,0,1
28.35,0,40000,5,12638949,31754512985,17297016934,10436491666,24341784779,5656974500,-96902159026,18629597893,-7789035131,-12323339807,10117870112,42.4,3,74.4,93.75,0,1.162790698,0,-0.067391,2.8855276,0.9518985,2.6459951,0.36833477,0,0,0.43236017,0,1.9245194,1.3206075,0,0,0,0,0,1,0,0,0,0
1457,5.6,21000,1102,10831450,10582227742,2255725214,12194192281,680146068,897745000,-25241964699,865507517,-7064232026,-7284592717,739685001,35.26,1,61.89,94.44,133.33,7.142857143,0,-0.116076,0.7600737,2.0862327,4.5475,0.09727322,2.8057714,0,0,0,3.1680546,5.503058,0,0,2.7599957,0,0,1,0,0,0,1
47,0,13000,8,19066690,34201527896,11878899081,13014183743,16192648665,100000000,13465703393,1380412895,3317782722,2001405588,25661505577,48.6,1,61.32,92.86,20.69,12.72727273,0,-0.317128,0.3580172,0.07580575,2.6074617,0.18284038,3.7257833,0,0,0,0.746308,3.562443,0,0.49685988,3.6000922,1.271363,0,0,0,1,0,0
1428,8.76,25000,1190,4108796,24483506497,3620481224,1267356949,1251200834,1845398000,19559998485,0,207097803,233189183,2682570048,35.94,1,70.09,93.75,200,-6.666666667,50,-0.04601,0.5084205,3.1231132,4.3408065,0,1.1783401,0,0,0,4.4764876,3.7132432,0,0,1.0445588,0,0,1,0,0,0,1
58.8,0.17,60000,33,6225058,27311416249,3936323284,39966063421,43566810982,1031298500,-59654516761,1412852494,-11848308518,-7051754437,0,23.26,1,39.71,90.91,-100,1.388888889,0,-0.456792,0.5669503,0.5473657,1.8930854,0.24045733,1.4366914,0,0,0,1.0627059,1.3042158,0,0.12813202,1.9879602,2.6860852,0.6240893,1,0,0,0,0
190,11,15000,46,6987800,29408504302,29935128511,9634831976,18783609427,2978900000,16855537662,1711389103,7548473769,5412302482,40518812202,35.05,2,55.8,92.86,0,1.19047619,0,0.399398,1.7788155,1.1723192,3.313475,0,0,0,0,0,2.8618464,2.7515206,0,0,0.79729074,0,0.010489961,0,0,1,0,1
557.47,8.3,17700,754,7366090,29113475691,5917272119,7689183089,473080000,2924110000,22245135741,157107380,4341969018,2598035979,9715768879,54.5,6,63.62,94.12,100,-4.87804878,0,-0.51352,0,2.7113569,2.030041,1.9177188,0.5367127,0,0,0.1284141,2.0637345,1.2504907,0.27304634,1.6671063,0.6971937,3.4528706,0.5446199,1,0,0,0,1
582,0.11,19000,1709,10650189,16564958212,30371245149,14439601279,10873516398,920818900,-23361800914,455179300,176442923,286239267,41854695636,25.89,2,66.18,71.43,100,0,0,-0.353585,7.9040728,0.7207204,5.035106,4.2821374,0.73228717,0,0,0,1.6582212,5.068361,0.013896447,0,0.25320628,0,0,1,0,0,0,1
1,22,33000,1386,4871300,31669729335,31468583290,25429871212,14160970626,2300653000,8569714339,-617114682,4163414051,4762231101,23710325934,0.23,1,55.25,93.75,120,11.29032258,0,-0.538813,0.31483617,0.2524775,2.4672084,0.017421871,3.1771464,0,0,0,0.8931431,3.2046466,0,0.1929367,3.1431613,0.9583925,0,1,0,0,0,1
53.95,0,10000,1239,5280500,45979392135,22231554851,33433758035,14559179322,2080000000,10504627306,123536673,4334022751,3051378835,34987493123,47.34,6,50.77,94.12,20,2.53164557,20,-0.178494,0,2.5730882,2.6575654,1.8778672,0,0,0,0.18856661,2.5016685,1.7937983,0,1.4729966,0.72706157,3.305595,0.797573,0,0,0,1,1
977,3.5,30700,464,5358683,28261788906,26198944911,17688190583,4268756309,2190055000,8182571382,-65664922,4938397387,4232572949,17360435368,31.9,2,54.2,94.74,100,11.29032258,0,-0.686466,0.29916808,0.2610819,2.459066,0.026868261,3.1828442,0,0,0,0.8912489,3.210345,0,0.21000113,3.142471,0.96207577,0,0,0,0,1,0
1,22.74,13000,2686,12367923,25805230833,41124619364,24396121450,14777223483,4896461500,13928403698,254713492,7109202493,5630178736,46809410956,64.32,6,75.82,93.33,160,3.529411765,0,-0.00231,1.7398726,1.1230872,3.206642,0,0,0,0,0,2.7524083,2.6520462,0,0,0.7871688,0,0.057758164,1,0,0,0,1
356.75,54.5,15700,681,6673848,24554270225,18606423083,13393906614,1921867000,830000000,26355924294,658995400,2578538084,2226918761,17488601802,51.51,6,67.83,94.74,100,1.408450704,0,-0.178264,0,1.6800636,3.050538,4.6314287,0,0,0,2.015936,0.69117,1.7655902,2.200794,0.87894034,1.1847341,3.8980174,1.1835083,1,0,0,0,1
980,4.2,13000,806,7206940,19634,5918,5387,6720,2985,7272,638,-1222,-862,11818,57.05,6,72.4,71.43,205.26,-5.479452055,0,0.060324,8.267823,0.74718153,5.1458573,4.577491,0.46814486,0,0,0,1.6377481,4.8774343,0.19115765,0,0.04860913,0,0,1,0,0,0,0
513.97,14.9,9000,1,9544940,13853894805,2093784783,3390891900,212928999,3795000000,6148858689,0,2662738590,2581737239,6252466845,41.9,6,54.95,93.33,100,2.53164557,20,-0.960705,0,2.705963,2.772925,2.0223606,0,0,0,0.283281,2.6329105,1.916157,0,1.4683138,0.6242098,3.2124648,0.78763956,1,0,0,0,1
1662,5.96,11000,590,10353956,13474457503,1624674713,3841619995,771788917,4110413000,-28537651988,127753544,828710631,795009400,9243251502,23.41,3,58.14,93.75,230,0,33.33333333,-0.052366,0.9271013,2.2310483,3.5044224,0,0.5531203,0,0,0,3.4922488,2.758086,0,0,0.6004029,0,0,1,0,0,0,1
111.05,9.41,10000,26,6595145,8495294589,872246185,6446132201,511567600,2624659000,-8470179502,1358883035,-820599525,-1899039453,16994279855,31.83,3,34.55,94.44,-260,1.162790698,0,-0.12078,2.7836647,1.1217482,2.727659,0.33548322,0,0,0.42208022,0,2.0983317,1.3603164,0,0,0,0,0,1,0,0,0,0
74.62,0,18000,159,4090000,26597554274,12283275535,1164320847,791340602,1833849500,17920828266,0,2909648319,621641791,11325257044,41.78,1,55.55,93.33,-62.12,0,0,-0.320821,0.0858758,0.69859594,1.6540469,0.63722736,0.42094257,0,0.08147594,0,1.0776343,0.806913,0.2604741,0.5194426,1.3656882,2.9191027,1.0620925,0,0,1,0,1
726,2.8,23000,181,3144610,11092,13201,12205,468,1327,-3086,180,-1091,-940,879,42.83,1,63.84,70,100,-2.666666667,0,-0.012761,7.633943,0.9549465,4.7807837,4.041921,1.0316893,0,0,0,1.5539131,4.678218,0,0,0,0,0,1,0,0,0,1
1,43.85,135000,606,33846192,367787924,452872695,229964391,388652140,13358096,-9802387,-89323,49754830,33169756,293995796,34.74,6,69.29,95.24,100,-5.797101449,0,-0.29316,0.50391465,0.14588818,2.7942834,0.14055958,2.91606,0,0,0,1.0926208,3.7567863,0,0.15418157,3.2143817,0.9673164,0,1,0,0,0,1
1163.2,0.19,24500,60,5037023,20447620,22017573,4076725,2214999,1998362,34396961,-226055,2486673,2807912,6197501,39.03,24,69.79,71.43,100,-2.777777778,-7.692307692,-0.46711,6.0239453,0.5277429,4.1766305,3.1230457,0,0,0,0.04688217,1.6266865,3.805624,0.022731358,0,0.40475705,0.9030298,0,1,0,0,0,0
462.19,7.8,18800,113,7671826,13786878513,23001661323,4243390328,6139991589,3068563000,11445025519,-35467877,6447579879,7901124847,11267172911,2.89,6,77.32,93.33,100,-3.658536585,20,-0.542143,5.2889085,0.6739004,2.4504433,1.717132,1.4909776,0,0.8552287,0,0.024308532,0.40401244,0.8226056,0,0,0,0,1,0,0,0,1
413.86,42.4,35000,423,30445200,1.23E+11,1.58E+11,69911845720,72261431259,11972600000,81475120103,31669234554,23250534111,16467642394,70643765420,36.02,6,85.89,70,183.33,-2.702702703,0,0.138566,7.066638,0.9755531,4.9812403,3.8111,0.40247953,0,0,0,2.0498314,5.149445,0,0,0.23054725,0,0,0,0,0,1,1
37.51,4.83,11000,117,14280614,65609947315,36375919546,31973017857,21898214605,1207692900,12522236708,0,7610576768,12114613391,80285397375,3.5,6,72.76,94.12,-103.7,-2.857142857,0,-0.144542,4.8124723,0.74662757,2.3630426,1.3400552,1.7995511,0,0.24331069,0,0.35180473,1.0735366,0.18134822,0,0,0,0,0,0,0,1,1
295.63,24.63,136000,45,66165000,192854,5767640,1911669,1273991,137844,1601530,4839,-203642,1904946,91278,74.93,6,79.93,93.33,100,-4,0,-0.587187,0,1.5504925,1.1731316,1.7751225,1.4820442,0,0,0,0.59310734,0.7183309,1.616279,1.5322355,1.5552998,3.4497905,0.37740862,1,0,0,0,1
651.5,48.11,190000,134,77377800,3.26E+12,2.26E+12,1.25E+12,2.64E+11,38688900000,2.83E+12,-1.51E+11,2.75E+11,2.02E+11,3.93E+12,22.58,6,63.76,93.75,100,-6.578947368,0,-0.178494,0,2.024256,2.803561,4.567279,0,0,0,1.9682574,0.7106565,1.4413753,2.2176924,0.8364773,0.94316727,3.8366742,1.0145146,1,0,0,0,1
33.2,8.7,16700,2,10059880,25358848820,17288160105,7461534448,1237033746,5000000000,24714315793,383004106,19558642362,15966108170,62786098080,59.64,1,62.27,93.33,0,1.234567901,0,0.175412,0,2.5751214,1.5738741,1.9263308,0.9884807,0,0,0.14659767,1.4774561,0.7885771,0.7751103,1.3599923,0.71772385,3.3182194,0.30378327,0,0,0,1,1
16.73,0.36,26000,2,14209804,1.04E+11,3.97E+11,79162369609,1.89E+11,71049020000,46416008644,1461566,23341716608,15156744462,1.69E+11,51,6,74.13,93.75,0,2.53164557,20,-0.410036,0,2.7039871,2.767274,2.0207732,0,0,0,0.28005505,2.6262517,1.9091892,0,1.4624654,0.62797385,3.2093945,0.7819401,0,0,0,1,0
1767,15,11000,2392,5557158,12478034356,5670549553,2010835833,1690708607,2209504000,4021792505,-53617280,182225063,1258837682,13557858486,9.57,1,64.47,93.33,145.45,5.952380952,0,-0.58296,0.37478638,2.87705,4.6699123,0,1.0265231,0,0,0,4.239799,4.491549,0,0,1.6212718,0,0,1,0,0,0,1
649.11,11.71,30000,1645,10585856,56206648490,37752043071,44596126800,2682599888,4267928000,42577006693,-164969820,8000270581,7223298574,72737982928,68.59,12,88.3,66.67,200,4.347826087,0,-0.464285,7.158857,0.8083971,4.574221,3.4955702,0.5166147,0,0,0,1.7185113,4.427131,0,0,0.12413807,0.08587811,0,0,0,0,1,1
601.54,0,13300,1002,3921000,33362191515,10968995482,21837933846,3021910748,1600000000,17656339428,215002975,3619229955,2714325859,41436578243,24.48,6,76.66,96.15,100,-1.25,0,-0.689229,0,2.1343596,2.663237,1.6349632,0,0,0,0.08172345,2.365852,1.8960363,0,1.5314014,0.9953072,3.342815,0.9761995,1,0,0,0,1
1670.9,42.37,35000,1724,0,13507038742,10378853595,6707864679,2531630122,2048387000,12074504491,0,5540032480,4422891976,33388663651,36.66,6,65.82,93.33,200,-3.658536585,11.11111111,-0.268859,3.2565393,0.65675837,1.8022215,0.30923223,1.2413095,0,0.8656245,0,0.620237,0.18768468,0.025057098,0,0,0,0,0,0,0,1,1
1325.79,1.3,10500,868,15111000,6149222397,2727127977,4657602967,0,1200000000,-2691813020,83355298,-990908981,-732699111,3160411860,13.28,1,74.27,92.86,100,-2.857142857,0,-0.435059,5.0864124,0.7381119,2.5625217,1.4491438,1.876726,0,0.058222122,0,0.43863854,1.3862422,0.06511906,0,0,0,0,1,0,0,0,1
1,25,6500,1104,50153846,17108009408,29608746665,18392769412,3857361695,20000000000,5268456206,-801831240,7806361322,6034564109,35942186926,71.2,1,72.76,94.12,214.29,5.952380952,0,-0.229934,0.37875122,2.8712552,4.660092,0,1.0674883,0,0,0,4.224992,4.491704,0,0,1.6348106,0,0,1,0,0,0,1
19.26,0.96,11000,207,7920191,20471325672,22441688828,10284908796,8844432286,3105565500,6975983304,633648,1445632196,717649732,14273267786,44.67,1,63.55,93.33,-75,2.564102564,0,0.107621,0,2.3013256,2.4800575,1.6869916,0,0,0,0.019963795,2.3651707,1.7835587,0,1.8218576,0.9553162,3.481121,0.90024924,0,0,1,0,0
26,12.99,5000,9,22231781,23519680460,1427238684,1561270790,1712367083,9701185500,-82655401706,4221115007,-4068060017,-3926648287,2000000000,21.54,2,70.87,95,-160,-3.658536585,20,0.205606,5.0363774,0.63309413,2.3958807,1.5451689,1.3971833,0,0.84434444,0,0.118079886,0.4014231,0.7226116,0,0,0,0,1,0,0,0,1
1,4.87,3100,881,20365160,6311779983,5225922162,1941133977,1913041001,8380080000,-45076634541,808449230,-2552549441,-2501845895,862165281,11.18,3,42.27,93.75,100,2.702702703,0,-0.617149,1.0118254,0.40848535,2.2616959,0.3593467,1.7719275,0,0,0,1.0658509,1.8454146,0,0,2.3002262,2.4208171,0.2962529,1,0,0,0,1
1,9.5,7500,942,38223653,1.09E+11,4.46E+11,2.58E+11,1.35E+11,18081826500,52516322334,3469315629,3216201907,2505289715,2.59E+11,63.88,6,65.08,93.33,100,-9.210526316,-40,-0.144503,1.2689807,0.16288999,2.329782,0.38584754,2.042594,0,0,0,0.8732466,1.9618454,0,0,2.525917,2.3925478,0.17102268,1,0,0,0,1
11.54,0,6500,8,4849390,20437162899,10445409752,9664183524,756907681,1800000000,18661481446,0,3281986228,3377291885,35431408351,57.9,6,59.4,93.75,-266.67,1.408450704,0,-0.688273,0,1.5440766,3.0226796,4.4617977,0,0,0,1.9299237,0.70148873,1.7713377,2.1330092,0.84872353,1.2681097,3.891244,1.2534801,0,0,0,1,1
588,36.65,25000,742,5645085,98157413283,1.29E+11,1.30E+11,24785837366,2151092500,39679489368,7001066149,24390510140,19626660876,1.66E+11,44.59,6,67.01,92.86,100,5.333333333,0,0.218244,0,1.5191509,1.8130884,2.025595,0.7997538,0,0,0.3167633,0.88529265,0.96644086,1.2181059,1.0580728,1.3314013,3.390099,0.65270275,0,0,0,1,1
81.31,1.04,8000,548,18494000,78076551656,16517608011,36087017365,7692580643,1411900000,49446057531,-93051465,13814258082,9712530233,73384486084,65.12,6,69.08,92.31,30,0,0,-0.459892,0,1.0742853,1.8148509,2.1936147,1.2050312,0,0,0.20316295,0.44119272,1.1661526,1.5970485,1.115769,1.7461191,3.129612,0.4809143,1,0,0,0,0
1,6.46,10000,1751,5455000,8100518421,11272205017,6440931381,2021311687,2212500000,7871789164,6851018,961770097,855846878,4666230391,41.45,1,42,92.31,100,5.555555556,0,-0.884197,0.5929067,0.99423516,3.750021,0.19553432,2.1015282,0,0,0,2.3022554,4.7145686,0,0.036025956,3.1694796,1.0700969,0,0,0,0,1,1
1,17.83,11500,1987,6115650,34107699326,55333258111,27581967600,28828311454,2417800000,26827896402,15433298,3617433535,2880283087,35724708021,53.92,2,67.54,93.33,100,-7.894736842,0,-0.100964,0.6878423,1.7367387,4.353734,0.25544024,2.788448,0,0,0,2.8136456,5.4705896,0,0,3.1501672,0.42321032,0,0,0,0,1,1
516.19,3.3,32000,816,15045670,97020008155,75247203638,34992323955,15915447196,6022835000,1.10E+11,-4251714135,10330714847,11074478805,69965791081,26.79,6,82.27,71.43,175,0,-7.142857143,-0.353849,6.1944184,0.63381904,4.248107,3.214924,0.009535927,0,0,0,1.6764374,3.9639359,0,0,0.33091167,0.775495,0,0,0,0,1,0
2269.68,38.66,50000,1207,11618219,54358167171,1.47E+11,46052831231,38821075308,4461824500,-1347706529,-505004063,7889081449,7366311105,46984122552,32.97,2,65.44,94.12,136.76,-5.747126437,28.57142857,-0.932346,3.2341814,0.55679727,1.8866551,0.30832452,0.9602267,0,0.77785224,0,0.7118529,0.3613633,0,0,0,0,0,1,0,0,0,1
10.71,0,35000,1,5624000,1.00E+11,64309481597,58202513258,1936441756,2400000000,77753392374,1158650987,17920829443,15953621290,1.02E+11,36.68,6,42.61,92.31,-183.33,2.739726027,-14.28571429,-0.706269,0.19983625,0.4979831,1.7223709,0.202808,0.83225006,0,0.014267817,0,1.0959176,1.0741619,0,0.4665302,1.7418923,2.7168036,0.87411064,1,0,0,0,0
187.7,4.5,11300,143,5200000,15987195294,21651585538,14191831912,2764364058,2064112500,4803829229,616501170,1953705076,1617757471,13348947140,33.18,6,45.06,93.75,0,-2.53164557,-14.28571429,-0.534638,0,1.8129886,2.5530453,4.097397,0,0,0,1.2459371,0.9296434,2.1807373,2.1145217,2.692085,1.05586,3.8891056,0.8381401,1,0,0,0,1
1,6.73,4400,2475,26489500,29540721732,25608488715,15440220629,838077165,624000000,37288078697,-732556381,5068648491,5399333244,78848221733,44.93,3,71.3,92.86,180,3.529411765,0,-0.540799,1.7590399,1.0102667,3.192453,0,0,0,0,0,2.71522,2.5030873,0,0,0.62393546,0,0.23219344,0,0,0,1,1
90.67,0,5700,640,3633000,19831473543,14098394447,13563458357,2240000000,1470000000,16287409633,0,1031645097,-293176115,22005481082,37.49,6,57.14,95.83,50,-1.25,0,-0.178494,0,2.2084816,2.6509006,1.654971,0,0,0,0.093053654,2.4022713,1.892602,0,1.5204355,0.9540496,3.3718915,0.9644996,0,0,0,1,1
836.68,36.36,15000,922,6777741,11319912692,14418000040,2696071833,1287391424,2748420500,18927939784,78089191,5187327835,2704537927,14549536200,67.74,6,68.9,93.33,144.83,2.53164557,0,-0.332457,0,2.2379618,3.1135077,1.9851103,0,0,0,0.33365086,2.6045532,2.2581775,0,1.5059547,0.8221604,3.1864998,0.97243196,1,0,0,0,1
8.89,26.5,3500,2,38832000,1.81E+11,3.42E+11,2.37E+11,1.34E+11,20516000000,1.09E+11,22506190029,25653893205,14823041303,2.82E+11,62.09,6,65.56,94.44,0,0,0,-0.872875,0,1.652241,1.6367702,3.1233425,0.5688157,0,0,0.54044837,0.4875844,1.5700004,2.287587,2.5959272,1.289389,3.4995801,0.3169691,0,0,0,1,0
1,14.8,55000,309,9267000,1.10E+11,11129781115,61267520435,1271328878,4170000000,53574886068,1047419389,3505219336,3191352220,15356642059,40.81,6,46.3,93.33,220,2.739726027,-14.28571429,-0.466759,0.14204797,0.564816,1.6831803,0.28675237,0.72812593,0,0.04444515,0,1.1163557,1.003898,0.007828571,0.4828621,1.6235546,2.7208111,0.91342145,1,0,0,0,0
216,10.45,16300,732,11335440,1.22E+11,2.19E+11,1.58E+11,39686121264,5337720000,75560908183,8300707035,24107384767,13556693426,1.82E+11,39.33,6,50.92,93.75,100,8.333333333,-12.5,-1.330744,0,1.4170591,2.8024259,4.1134305,0,0,0,1.5775963,0.67591786,1.8362391,2.1483724,1.2950208,1.3861325,3.8848276,1.1138294,0,0,0,1,1
848,1.8,13000,366,7770644,12454948474,8131370385,4414381797,4993688268,3198642000,-8276668690,0,-1447339818,-1340255340,6071501917,30.01,2,65.12,93.75,100,-5.797101449,0,-0.150784,0.7274358,0.09750613,3.2899542,0.39139098,2.479764,0,0,0,1.4117705,4.4591575,0,0.15554434,3.4119554,1.0898588,0,1,0,0,0,1
862.63,6.18,6000,580,8400000,72593397278,1.58E+11,87362292731,58601068402,3150000000,66797430521,14863538448,7279735149,4008050916,1.53E+11,56.25,6,68.99,94.44,100,-2.702702703,0,-0.034254,0.53181726,0.45320708,2.0688467,0.4223869,1.2279149,0,0,0,1.0723729,1.4687786,0,0.2342804,2.020113,2.6359088,0.66586185,0,0,0,1,1
1,5.41,20000,1176,7804083,3225514112,2542491806,1288945388,590897513,3222241500,-35206352967,190264268,-1355055467,-1307403584,954454556,23.28,2,55.67,94.44,100,12.72727273,0,-0.213699,0.28695333,0.24061108,2.6078753,0.2049799,3.570589,0,0,0,0.8616914,3.5823925,0,0.47943142,3.4943774,1.2200478,0,1,0,0,0,1
778.77,10.49,33000,818,9446889,11329961712,4272871106,1007381997,232744164,4082944500,-19065665323,275677955,-1390272355,-10345446758,0,21.38,3,51.94,95.45,133.33,-4.225352113,0,-0.302824,0,0.7810374,1.7295725,0.8319671,0.45430478,0,0,0,1.0872228,1.0796926,0.25044897,0.8090121,1.3360183,2.7562916,0.8875012,1,0,0,0,1
698.98,16.8,25000,808,7612607,13746719506,2165614591,20419834545,9275177351,2415221500,0,-44242140559,-859399890,-2038983483,3352346328,25.62,2,37.11,94.44,100,-5.194805195,16.66666667,-0.656546,0.3705531,0.71614534,1.9765519,0.58557725,0.10961826,0,0.06714037,0,1.3585006,1.0732771,0,0.43694395,1.3970966,2.8242202,1.1031079,1,0,0,0,1
1050.19,6.02,15000,1065,12739009,7794,2087,1757,3652,5385,-39393,1112,-3224,-3156,545,30.45,36,68.35,72.73,227.27,0,-7.142857143,0.021223,6.2435126,0.56297445,4.266872,3.1808076,0.07485297,0,0,0,1.6746899,4.04896,0,0,0.4080911,0.7537328,0,1,0,0,0,1
38.06,12.5,41000,7,136688120,1.81E+12,38154466990,1.02E+12,1.79E+11,1.12E+11,2.04E+11,-50755227031,10645201522,-1804190391,69947522276,36.82,6,70.97,93.33,100,-4.87804878,0,-0.178494,0,2.7674596,2.1337175,1.7998519,0.43050295,0,0,0.058086373,2.3076549,1.3698775,0.016398134,1.7409651,0.6780685,3.5500414,0.64284235,1,0,0,0,1
1,0.7,10000,1660,8158160,20221366202,26099030922,18679870257,4351703251,647916000,20543161129,-78067113,1271984130,1094439331,24138003507,39.8,2,75.68,78.57,100,10.76923077,0,-0.42003,0.8730924,0.11662334,3.5096076,0.46904448,2.3852909,0,0,0,1.5611919,4.6735964,0,0.1275415,3.5322304,1.2283511,0,0,0,0,1,1
69.46,0,11000,4,16861261,10986213686,17288128348,43764903679,3403043967,1441606883,-31808870401,381377004,-4824814263,-22911512005,19951558098,62.93,3,71.53,95.24,0,3.773584906,0,0.331106,0.5806478,0,2.4389598,0.14862864,4.1757774,0,0,0,0.35731414,3.1036284,0,0.47008976,3.7611923,1.5786483,0,1,0,0,0,1
1,20,17000,1147,42508362,4.06E+11,1.13E+11,3.81E+11,21708405600,19966110000,51697599804,-1433864116,45766308817,33957246969,8.12E+11,15.74,3,46.45,94.74,183.33,7.142857143,0,-0.263597,0.72169447,1.8491741,4.437835,0.22939497,2.8644156,0,0,0,2.895059,5.537986,0,0,3.069719,0.20527132,0,1,0,0,0,1
528,5.58,25000,953,5031515,26322420040,12295248289,1457537561,547122273,2129507500,-3351142655,676084065,-2435760639,-2238878013,1336388765,13.08,3,59.36,93.75,16.67,3.773584906,0,-0.004836,0.4940194,0,2.5421789,0.15961969,4.0726576,0,0,0,0.49658272,3.3605087,0,0.5059825,3.79137,1.4893645,0,1,0,0,0,1
157.55,0.64,11500,13,6751000,22593870527,24183209304,1144052038,386500000,2500000000,34050922923,814152461,2862451407,2698067816,7607722943,39.76,2,48.96,94.74,100,0,0,-0.341394,0,1.6882575,1.1452954,1.9958632,1.4516951,0,0,0,0.67059237,1.0002102,1.8980846,2.2028136,1.6702367,3.7525988,0.33835033,1,0,0,0,1
130.37,10.62,35000,3,14286000,1.83E+11,2.15E+11,60306250278,63054588223,2000000000,2.65E+11,3608134170,51306310392,53317628945,2.94E+11,60,6,68,94.44,0,-3.658536585,11.11111111,-0.23762,3.2346287,0.5656255,1.8793674,0.31957847,1.0271139,0,0.77745676,0,0.6807155,0.33823782,0,0,0,0,0,0,0,0,1,0
75.21,3.01,12000,1,13268034,12898820863,11473154229,3806369213,5109253256,5713003000,-78901368662,88644718285,-4603321664,-40915428995,5448790067,18.35,2,28.59,95.24,0,1.315789474,0,1.069484,0.22612184,0.47902834,1.7113724,0.3767305,0.33562303,0,0.056852587,0,1.1094297,0.9877493,0.000266504,0.47778544,1.4533393,2.6508129,1.0545512,1,0,0,0,0
1,12.38,27000,707,2992520,22034373845,2962465247,2275308980,40964400,1163300000,5661197958,2787837512,1112975414,1006420917,5501789867,59.35,6,71.13,93.75,100,-5.333333333,0,-0.891896,0.22443342,0.47585326,1.728097,0.19861716,0.8568893,0,0.007968007,0,1.0756354,1.0778285,0,0.44640616,1.767075,2.7145236,0.87258106,1,0,0,0,1
255.6,30.86,27500,360,6224444,41544060024,12862664288,5687913139,1087607140,2165000000,36278012543,9188191490,13956846684,10556720844,46348945863,66.09,6,67.54,93.75,100,-6.578947368,0,-0.026822,0,2.2069714,2.7602854,4.645951,0,0,0,2.0160859,0.72978437,1.3618244,2.248431,0.9087538,0.8035778,3.85291,0.9559008,0,0,1,0,1
1813,6.8,8000,1366,14836340,10812369114,1575135175,3614845875,148816683,6206120000,-22660766311,1043464533,-5515471027,-7737792622,4024884536,19.42,1,75.51,93.33,220,-2.666666667,0,0.233015,7.691619,0.9437776,4.87112,4.132028,0.9243257,0,0,0,1.6041684,4.784935,0,0,0,0,0,0,0,0,1,1
1724.66,26,13000,1751,12072009,3337434965,3195512561,4918537165,737952289,4889460000,-41008086423,1145544398,-2584052563,-2657623315,3607518734,1.22,2,65.83,95.45,133.33,1.19047619,0,-0.29316,1.799149,1.3947291,3.5410073,0,0.3401281,0,0,0,3.110482,2.956424,0,0,0.79672927,0,0,1,0,0,0,1
20,0,8000,22,17878830,56880205003,15154595674,6391747994,5777013371,7528665000,47008375330,1072205881,22360688445,18373825986,31251538408,61.38,2,74.74,93.75,-66.67,1.19047619,0,0.010472,1.764384,1.1558692,3.283096,0,0,0,0,0,2.8331077,2.7249908,0,0,0.7962189,0,0.028253138,0,0,0,1,0
574,12.73,11000,500,13446090,35567,22202,16256,393,1000,40071,0,7008,5612,29425,72.81,6,78.13,70,200,-5.479452055,0,0.643162,8.320709,0.7259822,5.183519,4.6018925,0.55762327,0,0,0,1.6533389,5.0305758,0.16095999,0,0.1414444,0,0,0,0,0,1,1
536.68,27.2,35000,320,28037240,1.01E+11,1.70E+11,1.08E+11,10712837155,11018620000,24528837529,2386021503,22858913591,16189171199,1.37E+11,75.66,6,79.03,93.33,100,2.53164557,20,-0.128561,0,2.6963737,2.7452307,2.0192447,0,0,0,0.27267432,2.597452,1.8793849,0,1.4474301,0.63571614,3.2035298,0.7652567,1,0,0,0,1
1701.62,15.79,19500,1592,5150550,18733796384,5976860233,3710215156,233303706,432055000,11128336493,484370894,2753795691,1673734977,19624992676,66.68,2,75.36,95.45,100,-2.857142857,0,0.316239,4.8699408,0.75801045,2.40626,1.3714577,1.8272302,0,0.2091837,0,0.37219295,1.1325032,0.16020593,0,0,0,0,1,0,0,0,1
966.9,4.27,18000,2650,4225498,17009889727,14123846297,11874506138,180887624,1674999000,13579894156,811469623,2260522008,1937996182,71141473670,24.49,30,77.3,70,175,1.470588235,0,-0.389599,7.36969,0.52253574,4.919651,3.8867762,0.72881037,0,0,0,1.7344618,5.1613636,0,0,0.536198,0,0,0,0,1,0,1
78.86,1.28,2800,830,18000000,17244331637,7038576544,3515216295,1397183444,1339740000,18034564279,-3875887,5716349411,5150373646,25261163586,54.73,6,67.58,83.33,-83.33,0,0,-0.444557,0,2.664259,2.7110047,1.8598137,0,0,0,0.24198622,2.6699843,1.8123078,0,1.5039055,0.6193517,3.2810595,0.8692629,0,0,0,1,1
1703,5.7,25000,918,3895500,9285710096,15168258286,7808000657,6176474869,1789625000,-22754437458,113409459,-1326574819,-1357947720,3594864137,30.24,3,43.67,93.75,350,-2.666666667,0,-0.33828,7.421255,1.0190514,4.42883,3.6512427,1.355297,0,0,0,1.3873407,4.221868,0,0,0,0,0,1,0,0,0,0
1544,2.5,12000,1698,7911521,4087468865,4663337467,1411308319,603497423,3268809500,-25514738849,864888837,-5537591447,-5441928110,2770382559,40,3,76.59,93.75,200,-2.666666667,0,-0.16446,7.734551,0.94036347,4.924049,4.1867104,0.86630446,0,0,0,1.6355103,4.848057,0,0,0,0,0,1,0,0,0,1
1800.86,12.33,3000,1932,11515472,11563658442,6950991051,7301744226,3113937213,10104752004,-2190919235,185135285,2171898590,2219605920,39515795103,0.14,6,25.46,93.33,250,2.702702703,0,-0.097518,6.7313886,0.91442287,3.9966197,3.0128005,1.2251619,0,0,0,1.2755262,3.6838527,0,0,0,0,0,1,0,0,0,1
225.94,26.4,60000,341,58025720,2.05E+11,28007025742,12375918578,10246583816,10155144000,95797270484,5036873658,25935298118,24699857814,37375662309,39.05,12,86.37,36.84,100,-2.702702703,0,-0.029245,7.130353,0.92938495,5.047847,3.8565197,0.48333782,0,0,0,2.0169277,5.271579,0,0,0.35707438,0,0,1,0,0,0,1
1,13.76,16000,955,8061280,40005182150,29901438561,12583866014,6330411137,3361140000,43288225119,-663608400,9942427,3556909615,8207231147,59.96,6,62.5,92.86,100,3.773584906,0,-0.438566,0.6188574,0,2.35413,0.1254474,4.2836,0,0,0,0.29133692,2.8679752,0,0.4338571,3.7460473,1.6803226,0,0,0,0,1,1
74.98,0,15000,173,61616527,58740658767,80390404428,46335821063,30446000504,25774930500,-68813521969,4732961669,-30298890569,-34336452208,4255678450,13.85,1,24.86,92.31,0,0,0,-0.178494,0,1.1093572,1.6387702,2.0303922,1.2075903,0,0,0.1313195,0.45916444,1.0041686,1.6403314,1.2469015,1.7331737,3.2627707,0.53627944,1,0,0,0,0
583.5,21.14,26000,1891,9046771,56056004152,38737148958,45325426387,4617981037,3500658000,32768333241,-1316382664,7661497240,7334816490,66424930568,25.45,6,80.07,55.56,133.33,0,0,0.196003,7.931081,0.88433576,4.9861937,4.3883424,0.5203264,0,0,0.047092743,1.6327132,4.6891885,0.13601452,0,0,0,0,0,0,0,1,1
40.88,0.06,4500,72,15170500,36959837826,34264322166,20679274010,17460006928,5911500000,25714717403,1458661651,4570531867,3401488537,44343798429,61.4,6,66.44,95,-175,4.166666667,0,-0.697469,0,1.1935112,2.02338,2.358144,0.8319321,0,0,0.38007143,0.6425383,1.2747387,1.4519892,1.0722219,1.5831805,3.173758,0.60275024,1,0,0,0,1
75.61,0.1,12000,123,13154876,27885810830,2354505764,586697401,1100146376,5753438000,-30162605534,787122023,-3695727401,-21584254297,327731222,26.45,1,49.61,93.33,-75,1.388888889,0,-0.390755,0.5920866,0.5156724,1.8871943,0.26072752,1.4082197,0,0,0,1.0285408,1.2897328,0,0.12164457,1.980457,2.6658196,0.62746656,1,0,0,0,1
442,19.1,9100,99,8051958,23352056879,15471607317,16299681609,4453786298,2912503000,15009953420,-1448988000,3473566953,2722078967,16770614629,55.58,1,74.04,94.44,100,-2.739726027,-10,-0.479249,0.6711211,2.8786595,3.69908,6.4667645,0,0,0,2.9724948,0.32630244,1.3078244,3.0181458,0,0.12164582,3.010516,0.273412,0,0,0,1,0
482.4,33.1,16000,731,6552183,30666003,79610734,33603548,25976962,13597958,32443953,506139,4397652,3278818,60478580,63.47,1,72.94,93.75,166.67,2.564102564,0,-0.261451,0,2.1790402,2.6243274,1.656809,0,0,0,0.044864684,2.3764668,1.8988698,0,1.688967,1.0074397,3.3928819,0.9530122,1,0,0,0,1
1437,8.37,27200,1700,10024764,34993038194,24239825740,11864165872,5920926757,4214000000,22392133483,3396172591,5774689932,5245529571,65245728740,6.2,1,62.69,95,100,3.571428571,0,-0.738798,0.6952008,2.5104566,4.1081843,0,0.7738517,0,0,0,3.9590373,3.6671212,0,0,1.0664121,0,0,0,0,1,0,1
238.72,2.93,16300,178,5354863,35055071776,4213689295,12113693191,862798080,1857500000,22833113495,-40362695,5835834041,5993174527,54713633669,41.25,6,42.42,95,100,-2.53164557,-14.28571429,-0.642844,0,2.072604,2.4536107,4.1457644,0,0,0,1.2777697,1.0163091,2.013345,2.0811691,2.6431665,0.89108896,3.9142962,0.76755464,1,0,0,0,0
1,9.9,9500,1880,4640830,7056036891,7128971619,1965533994,41857307,2000000000,11807734276,-1630117067,1431792286,1275097504,14536156341,57.35,2,58.23,93.33,271.43,4,0,-0.155382,0.77357554,2.0412953,4.4698043,0.007277247,2.6066701,0,0,0,3.1895893,5.276497,0,0,2.6443102,0,0,1,0,0,0,1
608.85,0.7,17000,705,5633864,2783835961,2502185827,1353617080,497717128,2198932000,-12327258815,462277629,-1315617910,-1295455434,369965594,22.92,1,44.96,92.86,100,-5.194805195,16.66666667,-0.472076,0.4353042,0.7237928,1.8668954,0.6081161,0.34969217,0,0.11921157,0,1.2303128,0.9481233,0.044598702,0.31828704,1.3696246,2.8280687,1.0529838,1,0,0,0,0
716,1.39,7500,774,17306490,13356386067,20870251508,6162577992,7526941721,13598490000,-13459107138,0,-2758864194,-2514471056,6887755932,23.3,3,70.32,71.43,125,-5.479452055,0,-0.867554,8.224418,0.7613638,5.122258,4.5506535,0.44270185,0,0,0.026729338,1.6297956,4.8132586,0.19527383,0,0.016036458,0,0,1,0,0,0,1
56.07,5.46,28000,14,33635652,1.06E+11,3.48E+11,1.47E+11,1.55E+11,2908565200,-27922323575,4033443697,-6889641150,-9377087016,65505223142,18.5,1,83.72,94.44,-54.55,-3.658536585,11.11111111,-0.355082,3.247236,1.0095564,1.6317818,0.39042613,1.9039665,0,1.1098028,0,0.4488379,0,0.16244164,0,0,0,0,0,0,1,0,0
254.59,0.5,4500,23,31444038,14138227851,4254806325,1452888680,218054950,2814803800,-93221037167,272450376,-3548487811,-3480148331,2219373697,17.17,36,67.45,71.43,0,-2.777777778,-7.692307692,-0.178494,6.0803075,0.57102245,4.207455,3.16514,0,0,0,0.04247622,1.6512197,3.8551319,0.003938004,0,0.36030135,0.85583645,0,1,0,0,0,0
577.59,1,30000,464,11454376,10792887173,7987467735,3202678791,2983503726,4552188000,-35431744025,2517971566,-7544904822,-7293188182,1898523410,38.24,36,66.45,66.67,250,0,-7.142857143,-0.069736,6.1586156,0.59023625,4.2510953,3.200555,0.019176066,0,0,0,1.6647152,3.995365,0,0,0.41005278,0.81488234,0,0,0,0,1,0
1029,4.12,47500,898,5909052,49032893736,71085736850,55058505109,24641366759,494240000,40462274529,-743011661,14361541772,9744697340,89611803733,74.6,2,75.71,94.74,100,5.952380952,0,-0.296081,0.39659762,2.8563435,4.634074,0,1.1628842,0,0,0,4.1900687,4.482478,0,0,1.6575592,0,0,0,0,0,1,0
249.23,0,16000,625,4202740,27746469210,4939036788,7944364156,714464967,1438050000,18247511611,4341115264,7955843490,6425477950,61248763014,35.76,6,45.21,93.33,0,-2.469135802,0,-0.027042,0,2.6870618,2.7583854,1.8547933,0,0,0,0.24848835,2.7330685,1.8358768,0,1.4053451,0.54984653,3.2361732,0.83743083,0,0,0,1,1
1,1.4,32000,674,9191670,63948646874,41632923099,28327142170,7996912566,3795835000,29761560456,-9135247859,54936597155,22930581601,1.16E+11,39.02,1,42.34,93.75,100,-7.894736842,0,-0.42878,0.69441617,1.7743615,4.3834558,0.25417006,2.8180478,0,0,0,2.8401268,5.5000787,0,0,3.134547,0.37050074,0,0,0,0,1,0
1084.39,1.32,17000,1437,12293880,5870794146,11275861492,6728865826,2309303237,5477440000,-35970745550,413285791,-9803411085,-9916946238,1885010467,27.54,36,71.42,82.61,185.71,1.369863014,0,-0.287231,7.5293727,0.90848523,5.1328306,4.1019607,0.36424762,0,0,0,2.045947,5.278573,0,0,0.24342869,0,0,1,0,0,0,1
1,4.44,8400,699,9461400,31725127595,38027398574,35349122767,3224617223,3980000000,-494762512,-6356616609,4888037782,3458893224,47069514969,42.95,6,73.09,94.12,100,-2.702702703,0,-0.602796,0.52541596,0.44463536,2.088927,0.42472705,1.2298641,0,0,0,1.0819526,1.4969995,0,0.2579526,2.0407932,2.6511881,0.66780037,0,0,0,1,1
109.3,4.27,43500,66,17285715,1.37E+11,1.30E+11,89257454861,14572587727,7142857500,1.24E+11,-12689006978,42298881843,38345743546,1.76E+11,52.16,6,72.92,92.86,100,-6.578947368,0,-0.178494,0,1.8798629,2.9699006,4.6634135,0,0,0,2.0258715,0.70003444,1.601358,2.2348375,0.78874373,1.0656662,3.8392005,1.0913591,0,0,0,1,0
302.17,28.83,23200,186,4205350,15186397513,13504554976,9962924477,3650179674,1666667500,12644378498,766802340,8845569418,7033323979,48197050215,47.57,6,72.14,92.86,100,5.970149254,0,-0.178494,0,1.1655315,1.6294432,3.2905824,1.0647988,0,0,0.26752198,0.1531901,1.8871812,2.9345546,3.1052682,1.958111,3.779602,0.32775834,0,0,1,0,1
86.44,3.63,15000,113,9966633,23484754615,13696811413,31256681593,1854481200,4210816500,-26803355996,2774308237,-6337998299,-8299242678,16807020347,1.25,1,50.97,93.75,-36.67,1.369863014,0,-0.109937,5.9522552,0.5035748,3.5520585,2.3726633,1.2085582,0,0,0,0.95699656,3.1090145,0,0,0.044742472,0,0,1,0,0,0,0
1565.03,14.15,6000,1408,17657500,81079591088,22950614206,29385845041,6395791524,7000000000,60232912478,1015656251,9248689944,6608597740,1.24E+11,69.38,2,70.27,93.33,180,-1.149425287,0,-0.293419,0.787623,2.4157436,4.000412,0,0.6738967,0,0,0,3.8996167,3.44493,0,0,1.0035149,0,0,0,0,0,1,1
1371,12.82,35000,195,2956642,3040033389,2211075995,2774988057,925615515,1143571000,-1278702698,-19269603,-666195381,-799450309,2493977045,53.23,1,57.07,93.75,150,7.142857143,0,-0.311969,0.77286917,2.0941534,4.558035,0.116961315,2.8293457,0,0,0,3.166196,5.5277724,0,0,2.7706132,0,0,1,0,0,0,1
4.7,0.6,6500,200,7270545,11575689513,9235915507,9467205863,5665513488,3017272500,298508977,123080157,124287342,-154529142,13555833975,13.32,2,27.32,92.86,-94.74,-2.777777778,0,-0.2469,0,1.3448925,1.8073947,3.3270311,0.5538131,0,0,0.5891022,0.3215838,1.7865454,2.489358,2.6240487,1.5064495,3.4379096,0.3595716,1,0,0,0,1
188.65,6.6,55000,145,10125709,69046463640,17914023817,25569460406,1496637932,4051985000,44758360284,11084043835,19806584159,12630894316,72704157967,50.21,6,69.56,93.75,100,0,0,-0.437901,0,2.6899045,2.7963295,2.0245488,0,0,0,0.30079553,2.6632442,1.949002,0,1.5240691,0.62718874,3.2687528,0.84379745,0,0,0,1,0
164.22,3.05,9900,22,16509416,28541746453,24583533557,40139921481,9858569089,6546890000,0,-18519884600,-2182454664,-2733434847,66046158170,40.29,1,64.3,94.12,100,11.76470588,0,-0.422461,0,0.69010717,1.6360297,0.53227973,0.28140152,0,0,0,1.1929014,1.0661571,0.033326417,0.8117025,1.2984815,2.7058156,0.9752285,1,0,0,0,1
116,2.57,12400,26,11193501,31564971103,27471873456,33095094874,12854811580,4462377500,-4095350734,-124323860,-10221726607,-16756652279,43612305050,39.92,2,67.48,93.33,0,-1.123595506,0,-0.510277,0.14537,3.2967474,4.6675515,0,0.8197888,0,0,0,4.587668,4.2825556,0,0,1.2841921,0,0,1,0,0,0,1
1618,7.4,8000,2435,11019106,30241516416,42057802749,15070280220,21807490353,4479553000,17317121308,7118264473,4355732200,4403938934,30260452548,46.55,6,60.25,95.24,100,1.19047619,0,-0.685992,1.8124524,1.3666188,3.5281057,0,0.31778225,0,0,0,3.093638,2.9399805,0,0,0.8022953,0,0,0,0,0,1,1
18.4,0,8000,485,9402523,6946058769,629341696,467844372,1073461504,3800011500,-3040602700,1022656037,-3025362676,-3040602700,155889362,15.69,2,73.36,92.86,-100,5.333333333,0,-0.460556,0,1.3838627,1.9240001,2.1522133,0.76271546,0,0,0.37050015,0.80925494,1.0976182,1.2908655,1.0629071,1.4190296,3.3585477,0.6894379,1,0,0,0,1
74.59,5.74,9500,2,12550845,49437906871,53173914411,64795364552,11885090248,4982602000,-4983385414,1098541157,-2056047826,-5700118819,50570383191,19.54,1,41.2,93.33,83.33,1.408450704,0,-0.549762,0,1.5440766,3.0226796,4.4617977,0,0,0,1.9299237,0.70148873,1.7713377,2.1330092,0.84872353,1.2681097,3.891244,1.2534801,0,0,1,0,0
2142.7,11.47,25000,2818,0,37649692686,43860542659,33029108725,18932952829,1898006500,22117894227,-263277013,3264091532,2600292203,30361832512,27.27,1,57.26,95.24,200,-1.149425287,0,-0.611192,0.7620155,2.4329538,4.028226,0,0.69121283,0,0,0,3.9130003,3.5041733,0,0,1.0274751,0,0,1,0,0,0,1
280.85,15.82,3600,12,25244030,42695424945,20193818496,15162200175,6627033018,9994515000,3208771154,7755406403,2612447206,2011381459,20022865681,58.22,6,60.23,93.75,100,-12.98701299,0,-0.710675,0,1.6086507,2.2938168,4.2464013,0,0,0,1.2156787,0.51885253,2.2529213,2.6046,3.122528,1.1532376,3.785888,0.65019083,0,0,1,0,1
7.04,0,15000,1,11100000,86835191531,1.18E+11,53119468064,9510001957,5000000000,1.34E+11,132661878,8358385697,9685029152,1.21E+11,70.27,6,76.22,93.75,-89.58,-5.194805195,16.66666667,-0.707058,0.42098644,0.7208653,1.859566,0.6098892,0.3502411,0,0.11840886,0,1.2284955,0.94743603,0.04899739,0.32363573,1.367809,2.8371923,1.0610312,1,0,0,0,0
182.6,0,26000,3,5930000,19585273179,12622364038,8626945881,374608882,2450000000,14824790454,0,9608322226,9122506069,56780136889,48.49,6,56.76,93.33,0,-4.87804878,0,-1.006727,0,2.7173142,2.0124764,1.9289844,0.5503538,0,0,0.12796672,2.0452385,1.2401122,0.2963851,1.6709865,0.6955472,3.449989,0.52914375,0,0,0,1,0
894,7.4,9800,1149,6636863,22754371210,4966264186,2850988883,449414497,2659431500,19469076128,-24761028,635421879,953158905,5098838277,45.2,6,70.88,94.44,100,12.72727273,0,-0.091119,0.2883774,0.25096178,2.6043687,0.19830844,3.54414,0,0,0,0.8728845,3.570174,0,0.4635837,3.4758055,1.2130909,0,0,0,0,1,1
1011.5,0.6,10000,1094,14965620,8918170555,6549757130,1396724130,2420097943,6332300000,-26694798340,682850238,-1314068310,-1257080998,99398351,22.55,36,79.95,81.82,225,0,0,-0.221719,7.0980935,0.9758048,4.9079185,3.7673576,0.31986457,0,0,0,2.0476813,5.0195565,0,0,0.18123247,0,0,1,0,0,0,1
31.26,0.89,32000,12,13063433,88370,23589,34074,559,5302,65319,2711,-7312,-6486,12545,26.64,18,62.73,66.67,0,0,0,-0.264921,6.7466354,0.71993774,4.518959,3.3702588,0.2077896,0,0,0,1.8208485,4.4408526,0,0,0.23212713,0.24204406,0,0,0,1,0,0
124.73,2.5,15900,5,12705371,57479415311,13727922795,19805741848,2084435227,5593685500,29060363192,-83493587,390885700,365816965,28966319582,62.23,6,63.03,93.75,0,2.739726027,-14.28571429,-0.460398,0.138198,0.5849799,1.68317,0.29968518,0.7285968,0,0.048137557,0,1.1226114,0.9923858,0.012119647,0.4807584,1.6081393,2.7253811,0.9120226,0,0,1,0,0
768,37.6,36000,1507,3317400,19743470956,24603323536,8199359907,8249040151,1428480000,15928418073,10541496361,428391151,343633438,5905696900,47.99,6,60.47,93.75,250,-12.98701299,0,-0.204587,0,1.6125346,2.3159387,4.2539864,0,0,0,1.2203368,0.5348547,2.2612655,2.5931969,3.1104023,1.154127,3.7882304,0.6555721,1,0,0,0,1
57.28,17.49,34000,2,5664755,15348176588,32597629385,15309556890,7024825986,2300172000,8796125824,-3544508,1056559555,1514618703,23271486803,48.92,3,64.32,93.75,0,-5.747126437,28.57142857,-0.691636,3.233033,0.5567148,1.8820751,0.3130471,0.9915204,0,0.7758417,0,0.69392425,0.35075057,0,0,0,0,0,1,0,0,0,0
783.2,5.11,20000,1108,13133596,7977786095,2435026039,790934957,213603001,5552248000,0,-44760362603,-2364614723,-9030707393,6187514371,24.79,36,69.45,73.91,233.33,2.816901408,0,-0.418718,7.600815,0.8777423,4.8481865,3.9318314,0.60038495,0,0,0,1.765952,4.7495527,0,0,0,0,0,1,0,0,0,1
1152.8,2.5,7000,1965,13653263,14939659,2760874,2016781,2049343,5281632,-10321047,371085,-1015682,-801640,2471281,19.59,36,71.93,75,262.5,0,0,0.163706,6.361811,0.5732882,4.302628,3.1426206,0.09201432,0,0,0,1.728272,4.1225576,0,0,0.3612794,0.61707884,0,1,0,0,0,1
865.73,3.5,13000,2654,13992625,8494513453,3208164526,767274922,310510812,1141762500,-42975918189,1515623064,-4923399541,-7563224846,2926965114,16.33,36,81.21,70,240.91,-1.388888889,0,-0.756026,7.151724,0.8481099,4.55208,3.4646857,0.531787,0,0,0,1.7434701,4.40612,0,0,0.105437145,0.07618479,0,1,0,0,0,1
112.3,25,7500,139,16787750,26419056634,20587074368,14840563951,1827581641,6979375000,16610761422,6747848988,11728755692,9739795692,67931989633,37.02,6,54.3,92.86,100,-2.898550725,0,-0.00383,0,1.0002217,1.7311578,3.5461156,0.96822935,0,0,0.47233278,0,1.9742258,3.033588,2.977916,1.8730803,3.427557,0.2101579,1,0,0,0,1
753.5,25.2,14000,476,7874611,7530819663,6489775457,4025536676,3145668875,3123605500,-1856477907,-57951499,-738698858,-550600734,4113702647,36.31,3,70.57,82.35,233.33,0,0,-1.057221,7.879211,0.94715,4.9422417,4.334329,0.63941085,0,0,0,1.6628693,4.774776,0.09203108,0,0,0,0,0,0,0,1,1
408,7.5,13500,268,10000000,6513148151,799148898,1457070267,405190746,4219242500,-18747486466,291648129,-2030337652,-1975580681,60071077,16.28,1,34.78,94.44,100,0,0,-0.547183,0,1.7537922,1.6508472,3.1649215,0.5261069,0,0,0.58438635,0.5386169,1.5495899,2.2897387,2.7197673,1.2358291,3.6005216,0.338758,1,0,0,0,0
272.96,29.1,32000,280,8230000,63284138273,87149659281,73103740762,8187886460,2808865000,70276714702,-6552775383,6453125131,6791310313,82692025689,29.89,6,64.82,93.75,100,2.857142857,0,-0.074361,0,1.2048184,1.9332429,3.5902443,0,0,0,0.8517192,0.3750209,1.9039994,2.6393225,2.7780435,1.4402859,3.804031,0.6993812,1,0,0,0,1
1,18.4,11000,2853,9860000,17933534126,6375527379,3999146019,1839945732,980000000,20877672354,-4435594825,3228057619,3557803597,10502220195,44.59,6,72.8,93.75,128.57,7.142857143,0,-0.583362,0.7555174,1.9164671,4.468245,0.20258456,2.874098,0,0,0,2.9607444,5.5419445,0,0,2.9837828,0.06986057,0,1,0,0,0,1
642.1,5.71,65000,331,6130861,17944481720,37811677227,12619011366,23849332956,2454067000,0,-8746994200,988404153,2041795628,8881589452,20.76,3,31.6,92.86,190.91,-2.43902439,0,-0.398516,0,1.8134034,2.714682,1.4199474,0,0,0,0.07048073,2.2885723,1.8690242,0,1.3915007,1.0054977,3.015926,0.99710965,1,0,0,0,0
54.13,0,7500,2,4311520,79006773931,48012323617,71280163390,19497745717,1630760000,11601340085,21592455508,-816051087,-1903702635,63516029656,47.26,1,53.05,92.86,33.33,1.408450704,0,-0.170979,0,1.5677267,3.024358,4.4926653,0,0,0,1.9460948,0.7004733,1.7680708,2.1465433,0.85147554,1.2537712,3.8929057,1.2419587,1,0,0,0,1
1601,9.11,14300,633,5976990,21683496528,4204221078,14653654969,2390843910,2000000000,8627532590,-1784313863,2864897855,2370272073,31909430902,22.59,6,76.22,94.12,100,0,33.33333333,-0.312655,0.9561497,2.2114947,3.5009403,0,0.5470494,0,0,0,3.4816349,2.7531023,0,0,0.5891049,0,0,1,0,0,0,1
63.1,0,25000,21,4120276,28601118452,3467291927,10911078138,2457797836,1638250000,12761496982,3713985887,2914270358,2232976435,39080864648,1.89,6,63.86,93.75,-155.56,-1.149425287,0,-0.114202,0.8217964,2.3241246,3.6112227,0,0.6535796,0,0,0,3.612705,2.891368,0,0,0.7529707,0,0,0,0,0,1,1
1776,16.3,15100,1420,26452189,2.41E+11,2.00E+11,2.23E+11,64044077139,11226094500,79382989151,11992642393,14477868019,12121973463,1.74E+11,62.63,6,77.09,94.44,100,-6.666666667,50,0.14391,0.5190236,3.0910437,4.321266,0,1.1732821,0,0,0,4.449673,3.699616,0,0,1.0477729,0,0,0,0,0,1,1
40.55,0,1500,63,118714050,3.22E+11,0,1.83E+11,0,53962000000,84747470923,-17865427,13961478777,10830801901,51649080259,67.09,2,75.88,93.33,-125,-5.194805195,16.66666667,-0.196776,0.44206896,0.721645,1.8740873,0.6020782,0.337955,0,0.11611228,0,1.2353282,0.9562022,0.033366926,0.32033244,1.3724029,2.8211248,1.052011,0,0,0,1,0
11.61,8.7,6500,0,12550300,1.33E+11,3.44E+11,2.83E+11,1.12E+11,3957650000,72733241159,5659266452,26054651289,15146826611,2.45E+11,50.39,6,54.81,92.31,0,-2.777777778,0,-0.093173,0,1.3329058,1.8159895,3.344851,0.5571815,0,0,0.59324193,0.3107609,1.8026136,2.507689,2.6338742,1.5169456,3.4351988,0.3552704,0,0,0,1,0
810.88,8.7,43000,653,4215577,17852539370,10462026170,4751349930,9580643579,1435500000,10473073018,652405818,2934995872,2741202038,17667710668,27.06,2,54.32,94.12,100,2.777777778,-16.66666667,-0.548752,0.5189173,0.22575998,2.0654578,0.34057626,1.2030497,0,0,0,1.0028105,1.5210823,0.032983687,0.31832966,2.189512,2.7372305,0.79140604,1,0,0,0,0
531.1,30.6,24000,1443,7463435,13989068141,4120792353,961666941,534178226,3371217500,-5834296012,135075288,-116387065,-40787402,2739561084,21.44,1,55.86,94.74,140,-2.898550725,0,-0.406337,0,0.99162877,1.6529598,3.5094478,1.0955462,0,0,0.43513685,0,1.930252,3.0870793,3.005539,1.9207734,3.5069535,0.21456373,1,0,0,0,1
389.27,9.38,12000,697,9360575,30182547392,26104457386,27609819738,7479490187,3211662500,17065426225,23863388,7386881327,4656094415,52317033550,59.13,6,71.87,94.44,66.67,-1.265822785,0,-0.466501,0,2.820313,2.8434412,1.9763986,0,0,0,0.31419805,2.8015935,1.8674544,0,1.4949166,0.47983432,3.2845547,0.87271315,1,0,0,0,1
1697.23,50.28,50000,1355,5971381,1.38E+11,95246180428,91314889514,65339350852,2473190500,20506241067,7000000000,11276436299,5479090840,1.57E+11,28.66,2,68.47,93.75,200,2.702702703,0,0.203334,6.7610135,0.91702753,4.009527,3.0260189,1.227976,0,0,0,1.2815629,3.6983285,0,0,0,0,0,0,0,0,1,1
1719.61,15.98,21400,3706,7930590,30946953263,57003756300,41314388054,12267218738,3555000000,8360325125,539284807,4563907399,3837149098,24553529760,35.65,1,67.64,82.35,100,0,33.33333333,0.055842,1.1241074,2.129653,3.5596805,0,0.5487162,0,0,0,3.483037,2.8255146,0,0,0.58053297,0,0,1,0,0,0,1
656.89,61,6000,1059,9103140,39128585819,22340166136,33465181570,6417566196,2846000000,17523647644,-2470861,1770974382,1559527321,19137914479,40.78,6,70.08,94.44,100,0,0,-1.085545,0,2.7674642,2.2184129,1.7678841,0.32377028,0,0,0.054991324,2.4252641,1.399131,0,1.7971066,0.6777391,3.609605,0.7207529,0,0,0,1,1
570.26,0,5800,1433,6328942,9163814509,12722744126,2114911323,3593332829,2812721000,9541116955,0,2490679625,1696410908,10255885284,27.08,1,51.53,93.33,100,0,-16.66666667,-0.485096,0,1.2393165,1.3954496,2.8425648,1.1200497,0,0,0.006751046,0.3087081,1.5931942,2.7300713,2.9187138,1.969655,3.8593192,0.36252174,0,0,0,1,1
1315,3.71,10000,1322,13368794,9783585911,1124285337,739574206,306397998,5654397000,-19446941242,740913249,-2581797636,-1909334845,1379541460,39.61,3,62.9,94.44,100,5.555555556,0,0.056339,0.5939303,0.96987927,3.7135262,0.20703244,2.1206303,0,0,0,2.2586172,4.6568155,0,0.0335281,3.148575,1.0784167,0,1,0,0,0,1
409,14.4,26000,565,5860445,14402056605,664776247,1938484176,1445211579,2201166500,4041215725,5440754872,880002129,806080867,3671645010,35.17,1,54.36,93.33,100,1.408450704,0,-1.2203,0,1.7006795,3.0479472,4.638193,0,0,0,2.0191636,0.690435,1.7527251,2.2041287,0.8680157,1.1712878,3.8870924,1.1689302,1,0,0,0,0
1556.04,10.98,13000,1518,7823942,64918717772,90258202644,80420056339,3770053631,3293971000,30201302328,60343189,6742481495,6041548870,68070663686,9.45,6,63.05,92.86,100,3.797468354,0,-1.199886,4.2174673,0.6048875,2.2112887,1.1196744,1.2151885,0,0.8224297,0,0.3050647,0.3478829,0.4681346,0,0,0,0,1,0,0,0,1
830,2.88,25000,1251,8466126,5823779568,709292896,426589259,1020431197,3793563000,-31986519581,0,-2019987971,-2020843538,76405050,27.11,3,49.66,92.86,100,11.29032258,0,-0.117493,0.29323235,0.25522915,2.4511647,0.04683146,3.184607,0,0,0,0.8797579,3.218523,0,0.23086473,3.1423824,0.97080034,0,1,0,0,0,1
856.41,30.5,30000,663,10896019,18876621768,530625561,1671100071,1028386842,4334200000,0,-37809847761,-1832811143,-1796542162,32712200,34.14,3,44.86,93.33,225,-5.194805195,0,-0.324573,0.35091498,0.45420808,1.6939114,0.37771308,0.59110427,0,0.036632836,0,1.0192432,0.98105174,0.065255284,0.3827602,1.5478199,2.7018793,0.9744997,1,0,0,0,1
24.3,8.51,29100,2,26122335,1.48E+11,94136841924,1.13E+11,12887259345,21322335000,88850345798,416239751,41813596216,32922430093,4.41E+11,62.83,6,76.2,93.33,0,5.128205128,0,-0.229065,0,2.3895576,2.7862058,1.5940149,0,0,0,0.18082194,2.6349409,1.8823134,0,1.2209979,0.6466277,2.9888165,0.8349676,0,0,0,1,1
93.9,0,18000,813,4943165,7619490936,4895631986,4170892589,282409380,2006915500,-860719467,150449002,-74881236,-513662448,2107392438,20.72,2,36.68,93.33,-100,0,0,-0.367181,0,1.0768268,1.6745602,2.051408,1.1798024,0,0,0.15051214,0.45440343,1.0287359,1.6437893,1.229202,1.7471699,3.2558157,0.55375004,1,0,0,0,0
102,0,7000,27,9093844,9615826118,10039286685,11416925665,3274541203,3846522000,-16349064167,-826390969,-1253406566,-2814744765,7862259945,17.43,1,60.35,94.44,0,-1.176470588,25,-0.141618,1.6571908,1.6208524,3.6165042,0,0.4232203,0,0,0,3.2633758,3.019485,0,0,0.7398314,0,0,1,0,0,0,0
132.07,1.86,20000,545,5000054,46795966106,27382491855,35203171787,2839073332,1882027000,21781334465,-1890929309,12013568692,9269805789,46358682872,8.94,6,46.75,94.74,0,-8.75,0,-0.386556,0,1.0011756,2.5976753,1.4052976,0,0,0,0.097180285,1.6953589,1.8687065,0,1.1238304,1.3046371,2.7957573,1.0857383,1,0,0,0,0
406.09,10.6,14500,524,15076923,32908681581,10644596395,8769920425,2446270478,6000000000,26337087073,0,12137201227,9944868506,35498396724,70.74,6,71.67,93.75,100,0,0,-0.390929,0,1.6928761,1.1456214,1.9905752,1.4530414,0,0,0,0.67015624,0.99055433,1.888001,2.186267,1.663067,3.7462916,0.337106,0,0,0,1,1
1141,3,24300,978,9688732,56696662985,20675333679,37125821054,16682363753,3820290000,17950547759,511814098,12818970491,10026431807,73994012671,36.64,2,56.88,93.33,100,5.555555556,0,-0.650165,0.706685,0.7080055,3.5469897,0.29120922,2.3905494,0,0,0,1.989498,4.440564,0,0.07743657,3.2975392,1.334589,0,0,0,0,1,1
564.87,21.72,10000,799,6800000,11876384469,3372028408,2712611123,651387404,3049418000,-18093987631,537548780,-217978569,-221320268,2423294695,19.35,1,47.42,94.44,100,2.564102564,0,-0.325768,0,2.278681,2.4980848,1.6813502,0,0,0,0.020518735,2.3639581,1.8047334,0,1.8148695,0.96725917,3.4714851,0.9071197,1,0,0,0,1
28.9,7.15,23500,0,12930000,67074759584,30132104637,30447094729,6376827385,5655000000,43341119960,164938922,12463249908,11097493777,50257046328,47.46,6,48.38,93.33,0,2.564102564,0,-0.861075,0,2.1412427,2.6393259,1.6506596,0,0,0,0.060049366,2.3634686,1.904949,0,1.6346596,1.014784,3.3699203,0.97080874,1,0,0,0,0
576.74,0.67,36700,159,6095671,18582869302,26820420636,5853848983,20819080345,2614212000,2420413937,69758892,1847311705,1732697356,10456764649,35.66,2,65.29,93.33,100,2.272727273,0,-0.345796,0.3126246,3.370587,4.5702024,0,1.0289946,0,0,0,4.7103686,3.9450414,0,0,1.0807173,0,0,0,0,1,0,0
1143,11.59,52000,274,103271353,1.65E+12,1.84E+11,6.66E+11,14482315796,46659287500,1.01E+12,15537012468,5.76E+11,4.38E+11,1.18E+12,31.56,6,67.18,90.91,100,2.272727273,0,-0.561195,0.22731006,3.4518452,4.617302,0,0.9389518,0,0,0,4.7489896,4.0450478,0,0,1.0933051,0,0,1,0,0,0,1
26.66,0,12000,2,22064400,42833,18861,12253,1274,4716,36718,237,21286,16618,79476,57.13,6,58.22,93.75,-100,5.333333333,0,-0.422545,0,1.1977587,2.024373,2.3739882,0.8164265,0,0,0.3899493,0.64937276,1.2846955,1.456462,1.0877666,1.5791372,3.1878755,0.6089019,0,0,0,1,1
854.29,2.65,18000,994,10992276,14321769716,3743329932,6762600546,6502801199,5074888000,-45843849195,1632524193,-8433101115,-8589831908,5319321448,0.27,2,73.1,94.12,100,1.369863014,0,-0.336701,5.7830453,0.5726328,3.3566031,2.1836681,1.5330595,0,0,0,0.84866124,2.8154514,0,0,0.13524751,0,0,1,0,0,0,1
786.73,5.1,7000,974,26617000,33172228465,714491162,8279985815,2315622950,11300000000,9690777923,717700152,7561825679,6148693302,17961441215,45.04,6,47.73,93.33,200,-2.43902439,0,-0.364945,0,1.9798206,2.8290176,1.5625771,0,0,0,0.121417865,2.4209156,1.977899,0,1.5036997,0.95962316,3.113794,1.0067275,0,0,0,1,1
1644.01,26.26,12400,1657,5944490,6084660818,10961762683,6155120503,4157993076,2345245000,-11643784836,2821704061,-404045587,38874041,3983248247,37.46,2,65.9,94.74,100,-3.658536585,20,-0.023635,4.886845,0.6074257,2.3520622,1.4551799,1.3441849,0,0.84583414,0,0.14786246,0.3842455,0.6856344,0,0,0,0,0,0,0,1,1
1,6.8,17000,814,11741474,19200466341,16987795598,14418492690,6697933239,4586323000,-94581766871,693434105,-2852072689,-2637587806,11078709,26.24,1,62.43,93.33,100,6,0,-0.117279,0.50574195,0.09705326,2.179356,0.062833145,4.788496,0,0,0,0.2088311,2.39766,0,0.3954258,3.8921568,2.0579848,0,1,0,0,0,1
173.11,0.01,28000,4,4090110,37258689402,11144234387,10507547233,559099083,1518210000,34482421773,0,2542443001,2024409973,14964151599,26.6,1,40.01,95.45,-100,3.571428571,0,-1.488364,0.6952008,2.5104566,4.1081843,0,0.7738517,0,0,0,3.9590373,3.6671212,0,0,1.0664121,0,0,0,0,1,0,0
317.3,11.59,40400,185,21081100,1.17E+11,11418796284,12080856840,3072646902,17391025700,77652788099,2199389248,32033239835,24585582147,61790852819,33.13,1,75.68,95,100,1.315789474,0,-0.29316,0.01260449,0.91458684,1.7931697,0.5718581,0.5039306,0,0,0,1.2991945,1.0942111,0,0.59661365,1.3232989,2.6320064,0.8273951,1,0,0,0,0
928.44,37.02,9000,1231,5662567,7191899434,5330437070,3999123568,660000000,2099983500,2740354486,332446943,-1349324693,-1336286979,1902331383,52.54,30,74.92,94.44,266.67,-8.75,0,-0.542917,0,1.3388811,2.4367447,1.1801366,0,0,0,0,1.9169757,1.6950119,0,1.1613985,1.1124914,2.8066018,0.9748291,1,0,0,0,1
44.73,3.46,17000,6,8945226,25478957507,18109617995,13606680266,2675252246,3574465000,-44714824259,422471978,1979950427,-17791430141,31910254166,7.45,1,73.04,94.74,-90.2,-2.631578947,0,-0.542393,5.6517315,0.90241176,2.7366302,1.7965485,1.7997763,0,0.502838,0,0.3271688,0.91899097,0.51096445,0,0,0,0,1,0,0,0,1
189.14,19.88,6500,23,6500000,13839,18260,12854,5150,2700,12759,-1364,1006,838,6239,57.22,6,60.73,93.75,128.57,-2.53164557,-14.28571429,-0.178494,0,1.7777959,2.5698285,4.098307,0,0,0,1.2446027,0.91967773,2.2144132,2.1256094,2.713777,1.0754794,3.8946607,0.8504284,0,0,0,1,1
534.27,4.97,5100,624,7876580,11020374448,8299186936,5555467627,1751282304,2908290000,8721141453,0,1538191990,1219861241,13087204107,40.57,3,75.24,92.86,100,2.564102564,0,-0.255884,0,2.1591449,2.632653,1.6547723,0,0,0,0.052788023,2.3706086,1.9057016,0,1.6643943,1.0120441,3.3827672,0.9642802,0,0,1,0,1
235.14,6.8,7000,345,7674103,6251703687,5579586766,1411453023,2728117333,3432801500,3865448707,191667011,677048172,990121873,4416778965,14.77,2,40.87,87.5,-100,0,0,-0.170883,7.9400477,0.87466824,4.998544,4.39906,0.50183016,0,0,0.06027043,1.6334825,4.688318,0.13934772,0,0,0,0,1,0,0,0,0
1072.3,4.3,11500,2229,17529140,23078483720,2760453200,4507111169,1458076876,1546914000,-59294554272,3423101194,-8326528029,6020142042,4103272029,19.4,36,72.33,68.18,266.67,1.369863014,0,-0.805315,7.4527183,0.9168018,5.1270905,4.064883,0.39551535,0,0,0,2.044656,5.3025455,0,0,0.25872627,0,0,0,0,0,1,1
1114,5.8,1800,1001,30610000,45413266606,18504174789,30232858348,5700461753,11700000000,14641050741,1643070553,7415958936,5666583221,63366010569,55.54,6,77.46,80.95,200,-5.479452055,0,-0.093369,8.305966,0.74069023,5.1682005,4.6021395,0.49546808,0,0,0,1.6440066,4.936363,0.18532579,0,0.075942986,0,0,0,0,0,1,1
4.88,0,5000,363,6200000,83179627279,1.11E+11,1.11E+11,44578961807,2000000000,32121171926,3862247338,10444531113,5002393123,1.86E+11,25,6,57.52,93.33,-200,-2.777777778,0,0.491864,0,1.302424,1.8234884,3.3932323,0.556668,0,0,0.5850779,0.2971312,1.8855001,2.5614552,2.7220144,1.5545975,3.464428,0.36053073,0,0,0,1,1
946.62,12.61,38600,512,3294600,36398659308,11902105957,14561668961,3683959421,1225000000,14591759761,-29705977,6708888261,5389815988,52520076245,51.24,6,66.88,94.44,100,-2.702702703,0,-0.435253,0.5298544,0.39054683,2.1158621,0.40804395,1.2248404,0,0,0,1.0867617,1.5586635,0,0.2859561,2.0936222,2.688878,0.705687,0,0,1,0,1
17.03,0,6000,0,12600000,43926142020,61635632773,70632403417,11743785490,1000000000,23502580743,-1413604857,5585139083,3657177310,64759798681,49.66,6,62.57,93.33,-33.33,-2.469135802,0,-0.178494,0,2.7015853,2.772436,1.8640528,0,0,0,0.25008458,2.7491326,1.8530619,0,1.4219452,0.547503,3.248349,0.8384062,0,0,0,1,0
570.59,36.7,26000,575,9870000,2.34E+11,1.39E+11,1.50E+11,1.00E+11,8570000000,69202936834,136268526,6366115823,6437850631,45673675515,59.98,6,76.04,94.74,141.46,-2.53164557,-14.28571429,0.070436,0,1.8948578,2.5187438,4.110642,0,0,0,1.2523537,0.95490545,2.1215851,2.101682,2.6659653,1.0114291,3.8925686,0.81526864,0,0,0,1,1
1275,58.54,65000,335,76500000,2.93E+11,2.33E+11,1.47E+11,1.25E+11,10200000000,43140085148,-1102839631,26798675323,23011427658,1.59E+11,68.43,6,74.43,92.86,100,4,0,-0.736717,0.7702584,2.0413232,4.4149466,0,2.4430459,0,0,0,3.2258945,5.1086917,0,0,2.5297341,0,0,1,0,0,0,1
835.66,81.15,49000,323,78313250,98680712282,40392422972,1.46E+11,6457652570,32500000000,-4.99E+11,7382811247,-79258736469,-71519466822,1.24E+11,75,6,80,93.33,100,3.773584906,0,-0.697865,0.6129129,0,2.3233385,0.11887591,4.3450613,0,0,0,0.27838764,2.7962883,0,0.4279941,3.752389,1.7239064,0,1,0,0,0,1
1,57.9,105000,288,71297592,566775183,1424853888,272644813,510733673,62741592,151517495,-16406114,125218840,88162352,469309226,61.2,6,76,94.74,100,5.952380952,0,-0.469061,0.42619222,2.7796664,4.561276,0,1.3717775,0,0,0,4.074284,4.4564385,0,0,1.7418345,0,0,1,0,0,0,1
283.9,0.43,10000,75,7781835,9892700225,19559810576,9666140750,1475441556,2886667500,-1744787133,-5774939245,1651012511,582704454,16092531845,29.31,24,63.9,80.95,-187.5,-2.777777778,-7.692307692,-0.674807,6.054406,0.54126143,4.190207,3.1359193,0,0,0,0.045805875,1.6352586,3.8235388,0.01284169,0,0.38394126,0.87802863,0,0,0,0,1,0
605.02,13.4,10000,1611,11850592,51761170657,14747697062,41286502133,4514545936,4628346000,20893944650,-1612125000,4479031237,3477925240,50755633667,32.72,6,58.92,100,100,0,0,-0.341931,0,2.6900113,2.7894382,2.0218735,0,0,0,0.29542935,2.652525,1.9428595,0,1.5000236,0.6261679,3.2427363,0.82370275,1,0,0,0,1
717.41,60.03,29000,236,18656000,92889038,136668228,75913298,23851399,6910200,82751257,0,8663954,9674805,30891335,32.6,6,58.41,92.86,166.67,0,-16.66666667,-0.366132,0,1.2192142,1.4192601,2.8411572,1.1152424,0,0,0.007017957,0.3095377,1.6127471,2.7232099,2.9167216,1.9877074,3.8587399,0.37514052,1,0,0,0,1
942.85,37.53,16500,857,5744316,24122140021,1388689504,15478917110,972235286,2213808000,6491020077,257952612,2186980909,1741641126,14940372958,47.25,6,63.32,96.3,173.53,0,0,-0.435569,0,1.1761742,2.4566665,1.0268661,0,0,0,0,1.8603693,1.6075268,0,0.9989103,1.3054918,2.956692,1.1232772,0,0,0,1,1
1,13.06,4900,786,8145700,18537986759,24965149355,12714486878,10779508367,672570000,18252237341,-4973943406,475701372,455276128,6397721286,73.04,6,76.23,93.75,100,-5.333333333,0,-0.482437,0.40403327,0.19541866,1.731657,0.19568202,1.0687379,0,0,0,0.8723689,1.1677397,0.16771416,0.38561678,2.01209,2.7195635,0.86772865,1,0,0,0,1
1000.1,0.49,23000,418,8174789,21556408879,31567191877,14188590024,3098669063,706147700,-23499202461,143609287,672094098,1068987651,9497688650,19.34,24,65.01,75,280,-2.777777778,-7.692307692,-0.559825,6.1554947,0.6072931,4.235203,3.195958,0,0,0,0.019312618,1.6775162,3.9196658,0,0,0.3231849,0.80077213,0,0,0,0,1,0
23.89,0.4,3600,36,52070000,104867,186445,120636,27078,50000,110569,0,30291,26428,496364,44.38,6,46.38,92.86,0,0,0,-0.090313,0.09310253,0.68599266,1.6456558,0.634753,0.4264794,0,0.083500504,0,1.0639741,0.7993848,0.26989043,0.51242286,1.3705523,2.9152057,1.0627449,0,0,1,0,1
1515,12.22,3800,2345,21836250,18889317489,1846578357,5903072327,419672905,1720125000,9058790527,-941484422,3530521258,3561501286,13120162537,34,2,80.1,94.12,225,-1.123595506,0,-0.324085,0.33185178,2.9418397,4.7193294,0,0.791622,0,0,0,4.343547,4.479351,0,0,1.5246171,0.014129542,0,1,0,0,0,1
33.19,15.8,15000,12,4009695,26125192635,4167057402,10216314416,650673496,1489847500,15223157940,215298648,8116440439,7910209285,51917711912,36.35,6,53.5,93.33,-50,1.408450704,0,-1.56564,0,1.6669954,3.040041,4.607764,0,0,0,2.0056162,0.6919644,1.7592542,2.1944666,0.87354547,1.1916826,3.897172,1.1897607,1,0,0,0,0
973.12,0.33,16000,540,13237930,23108503938,15621093792,5963315978,1852285197,2338586000,3435003505,1685014536,2194565338,1781602847,23851996357,24.26,18,65.38,71.43,225,-2.777777778,-7.692307692,-0.875042,6.2044992,0.6359939,4.248592,3.212316,0.009345692,0,0,0,1.6790535,3.9587626,0,0,0.3180019,0.7677504,0,1,0,0,0,0
60.08,10.99,15000,0,44587000,76130822424,7358942812,7062372071,492850035,19293500000,0,56641043130,-17122390800,-1.10E+11,754993284,32.92,2,48.98,92.31,50,0,0,-0.519067,0.09604878,0.69908565,1.6884912,0.60773975,0.38062453,0,0.08079877,0,1.1429732,0.8657744,0.19290566,0.53719956,1.3732235,2.9356258,1.0891443,1,0,0,0,0
139.36,4.3,17000,31,15259371,8634090004,5310017636,5668499056,37218525918,6455485500,-88222507214,-19271929,-2354540930,-12191497379,278078547,17.27,1,39.92,93.33,100,3.571428571,0,-0.22621,0.65830237,2.7494175,4.1177773,0,1.074695,0,0,0,4.1225085,3.620267,0,0,1.032432,0,0,1,0,0,0,0
614.25,3.56,14300,131,9318240,10803134230,8719415361,4114015608,1306792348,3696070000,4252312334,8064413,987154886,1367143448,12755797290,13.44,6,46.18,93.75,100,2.739726027,-14.28571429,-0.598065,0.16712037,0.49538627,1.701312,0.23704675,0.7340172,0,0.028389905,0,1.1029948,1.0550169,0,0.4911087,1.6823183,2.7174222,0.92063254,1,0,0,0,0
630,5.53,28000,1356,5663710,22970762367,25621398578,23030331484,2723637931,2388750000,9767569953,15796384,8321169694,6451946030,34800460815,36.69,18,77.49,71.43,175,-5.479452055,0,0.262016,8.255442,0.7183218,5.1556215,4.538145,0.6549833,0,0,0,1.6267111,5.053504,0.14906104,0,0.17549613,0,0,1,0,0,0,1
866.03,13.72,22500,552,10313056,15329145291,22375866886,9741845794,5577778730,4010000000,20900844372,-2742175719,2049042260,1676625638,6506802237,51.8,6,62.93,94.74,100,2.739726027,-14.28571429,-0.371032,0.20512179,0.6566407,1.6806545,0.36849022,0.7940912,0,0.041111127,0,1.1059171,0.9460931,0.040741548,0.4297322,1.5562025,2.769234,0.8948414,1,0,0,0,0
1835.71,15.64,25000,2512,8489671,13507731122,1.70E+11,62708027046,51818741213,3781335500,34921645468,5441377542,8025839545,14260090631,44318854365,0.12,6,54.35,93.75,218.42,-1.315789474,0,-0.240916,7.306584,1.0270245,4.2941933,3.4760885,1.4175701,0,0,0,1.3259207,4.0530124,0,0,0,0,0,1,0,0,0,0
174,20.06,34300,83,9364459,1.65E+11,1.32E+12,6.16E+11,5.77E+11,34082240000,1.20E+11,1.04E+11,18504184591,7058099711,2.38E+11,49.75,6,80.07,94.12,100,4.47761194,0,-0.178494,0,1.5350333,1.9965547,3.9544482,0,0,0,1.064864,0.41903973,2.0532393,2.6731915,3.2022061,1.1694396,3.814354,0.62041086,0,0,1,0,1
490,27.18,25000,760,10597676,40705169,27845151,33316213,3888601,3954495,3147431,1509443,2482194,2327401,35634471,24.28,18,81.15,80.95,256.52,-5.479452055,0,0.138647,8.305966,0.74069023,5.1682005,4.6021395,0.49546808,0,0,0,1.6440066,4.936363,0.18532579,0,0.075942986,0,0,1,0,0,0,1
201.13,45,83400,255,44450000,5.97E+11,59355829665,3.88E+11,28860949538,20000000000,1.98E+11,1608407316,2.01E+11,1.51E+11,1.43E+12,55.79,6,89.77,72.73,100,2.816901408,0,-0.405187,7.521021,0.9302113,4.7118564,3.7624893,0.6591235,0,0,0,1.7570873,4.597145,0,0,0.020600282,0,0,0,0,0,1,1
837.2,5.89,18000,960,11918376,47459967,37740826,38880929,15938588,4723188,-1217158,0,3728072,-6055728,41457405,47.66,12,71.71,64.71,218.75,1.369863014,0,-0.972108,7.382422,0.9095555,5.1163197,4.0274887,0.41331697,0,0,0,2.0349133,5.303263,0,0,0.27120432,0,0,0,0,0,1,1
839,21,3400,893,26867010,14443422810,50902859284,3967318781,3207548435,10000000000,46785735919,1385678959,10934327329,8787523756,17711892944,56.2,6,69.46,76.47,250,-1.449275362,0,-0.178494,7.381059,0.5609959,4.9415555,3.9023952,0.7787691,0,0,0,1.7273333,5.196571,0,0,0.51503086,0,0,0,0,0,1,1
95.67,11.6,17000,127,4579934,16154854303,23183279008,14031300351,3257178944,1704690000,20354293431,-9329415,3627817779,3053963954,14467989015,38.21,6,45.4,94.74,-66.67,0,0,0.458371,0,1.6890253,1.159003,1.9694332,1.461262,0,0,0,0.6544347,0.9469686,1.8547062,2.114633,1.6366645,3.7021506,0.33358485,1,0,0,0,1
251.27,0.3,22000,133,8036064,66531,35609,7337,2823,3756,78589,9635,5622,6541,35031,16.85,12,31.76,68,0,0,-7.142857143,-0.267999,6.165881,0.5975352,4.2508216,3.202278,0.01769353,0,0,0,1.6664886,3.9893577,0,0,0.39495182,0.8062984,0,0,0,0,1,0
132.1,0,10000,996,6930100,46249665738,40124832355,43389970815,7223062951,2655300000,31707090773,1258359754,6922489216,5209866326,1.07E+11,38.85,6,41.38,92.86,-200,-4,0,-0.178494,0,1.2366633,1.4756037,1.933669,1.2705913,0,0,0.03715775,0.51046747,0.9234648,1.6254216,1.3587487,1.6669734,3.316212,0.49492168,1,0,0,0,1
274,5.6,27000,174,5146952,9224280130,8167233021,2688319493,175375672,1463830000,13063987986,0,2975679155,3532940206,23705271943,37.44,6,72.51,93.75,45.59,0,0,0.058539,0,1.7434282,1.1199965,1.8442882,1.5842346,0,0,0,0.61852086,0.7354981,1.7391685,1.81736,1.5502635,3.6067114,0.3087976,0,0,1,0,1
1480.78,6.6,15000,432,10076847,17248889410,18915796365,6414005985,12755166323,3762023500,7467719551,290249835,7358783978,7479105747,35745325285,37.93,5,61,94.74,100,-3.658536585,11.11111111,-0.265426,3.2549317,0.74394596,1.7303671,0.31004027,1.4594644,0,0.9417164,0,0.55617243,0.05412723,0.054544874,0,0,0,0,1,0,0,0,1
1220.68,0.2,23000,672,6962039,9321580294,16569242591,8124966266,1809527794,3122064500,-45823565448,8021439413,-1736644303,-1727931386,2588352001,25.37,36,70.31,81.82,253.85,-2.777777778,-7.692307692,-0.178494,6.206966,0.62789154,4.2504888,3.212148,0,0,0,0.00293675,1.6826442,3.9500277,0,0,0.3073808,0.7660032,0,1,0,0,0,0
1871,13.49,59000,388,28904499,3.04E+11,1.38E+12,3.72E+11,5.59E+11,11094460000,38834985536,5.66E+11,13034622711,8316499130,1.87E+11,42.16,2,72,77.78,100,-6.666666667,50,-0.352212,0.43186268,3.267572,4.4469953,0,1.1334624,0,0,0,4.6066885,3.802117,0,0,1.0388525,0,0,1,0,0,0,1
252.13,1.79,22200,95,19938160,41435867137,48750151861,15795668644,3216109376,8473718000,49494560899,10513707494,25670235517,17080800418,1.43E+11,70.03,2,73.49,94.12,0,5.952380952,0,-0.280481,0.4031031,2.8463395,4.616923,0,1.211701,0,0,0,4.1687155,4.473872,0,0,1.6708442,0,0,0,0,1,0,0
136,0.71,18000,1622,5345180,19674139,18381047,27933063,6510322,2337840,-46381629,3955106,-5922868,-8387901,47971262,33.68,3,74.84,72.73,-71.43,0,0,0.763367,8.201939,0.73294634,5.137218,4.5010695,0.69445896,0,0,0,1.6268637,5.058822,0.1366259,0,0.17660931,0,0,1,0,0,0,1
695.79,40.6,17000,1167,10072552,15748226073,1955198352,1816908028,7988658660,4517539500,-15088863699,18469181936,-2979565410,-2326575279,979275828,12.88,1,43,93.75,225,0,0,-0.178494,0,1.5574216,1.7883911,3.4024024,0.20993048,0,0,0.7101364,0.53742534,1.8216178,2.4902673,2.9780385,1.3301207,3.8283474,0.5436273,1,0,0,0,1
1,10.46,21600,1582,6345954,48668106464,9216185277,32334028590,954011383,2468499500,5425811882,7618251336,2191351989,2273414177,16657084545,42.62,6,55.49,92.86,100,3.773584906,0,-0.228155,0.53065103,0,2.4775987,0.15648031,4.150033,0,0,0,0.40969962,3.220025,0,0.49160296,3.7798684,1.5317719,0,0,0,0,1,1
14.43,25,16000,4,10848445,59395196333,1981262105,4045276475,165685661,9179845000,-69266494314,0,4446348228,-52713117002,23395944000,20.51,3,58.41,93.33,-133.33,-5.747126437,28.57142857,1.107723,3.2341814,0.55679727,1.8866551,0.30832452,0.9602267,0,0.77785224,0,0.7118529,0.3613633,0,0,0,0,0,1,0,0,0,1
3.66,1,7500,24,22607693,96829059760,1.35E+11,60650167028,78060960600,10730769500,45523594035,18145448931,12017792250,9926864433,1.40E+11,27.29,6,36.58,93.33,-166.67,10.76923077,0,-0.014287,0.8595048,0.41166383,3.6354065,0.43228984,2.367183,0,0,0,1.8318331,4.648528,0,0.1189336,3.4905667,1.3794154,0,1,0,0,0,0
663.18,25.7,250000,1113,7584378,1.91E+11,56713587286,70508188696,8856049886,3637689000,99630009765,4317075020,69834074349,57440565991,3.72E+11,1.59,6,64.52,76,194.34,1.470588235,0,-0.240556,7.329223,0.68502647,4.7354116,3.8112898,0.6598364,0,0,0,1.6951691,4.814859,0,0,0.39509276,0.16204819,0,0,0,0,1,1
271.55,7.8,9700,870,13097740,32636230895,8667270718,4226311775,532013112,4871000000,15962255372,29598172,7626181629,7773375238,27205303669,23.78,6,57.6,94.44,100,0,0,-0.178494,0,1.0899658,1.4525137,3.2585094,1.3456326,0,0,0.2678559,0,1.70754,3.0263083,2.8904066,1.9923007,3.660397,0.22115952,0,0,0,1,1
20.99,8.7,9000,22,23694595,34104006006,5652284609,8580504170,712230770,2139459500,18332519641,8833322762,7832371508,6498485342,20289187000,30.24,1,42.76,93.75,-166.67,-8.75,0,0.15511,0,1.0405588,2.57662,1.3852667,0,0,0,0.089274175,1.7207355,1.8482414,0,1.1427809,1.2764001,2.8026245,1.0749872,1,0,0,0,0
362,6.21,8900,843,5744821,30652875560,10019143338,15253458270,3359813754,2282795500,19375201310,282910,2697522355,2032871319,37832698088,35.64,6,72.34,95,100,0,0,-0.608658,0,1.358864,1.8848056,3.509413,0.108377725,0,0,0.7662464,0.45225868,1.9036198,2.5855033,2.9076145,1.4329302,3.8285134,0.6285306,0,0,0,1,0
15.54,0,5200,213,10788540,36266922724,73593566626,46167480401,11667013200,4874170000,18751330604,28400495145,3222913032,574984385,19421081745,14.09,3,23.96,94.12,-32,5.128205128,0,-0.276808,0,2.4324121,2.7321079,1.6285344,0,0,0,0.20045257,2.6187124,1.7996541,0,1.2077919,0.6111346,3.0162716,0.8530257,0,0,0,1,1
941.86,0,35000,1103,8133000,39696469243,1009247172,13210312565,135107039,700000000,26677587539,117816311,1997246938,1911178740,4260956148,54.05,6,76.82,95.24,200,-1.388888889,0,-0.940096,0,1.566486,1.1122853,2.3550017,1.5795006,0,0,0,0.47765726,1.2311077,2.4088542,2.7263737,1.8821461,3.9598463,0.29026875,0,0,1,0,1
75,2.35,34700,19,9877043,78225004191,7132689051,12243217420,11489733958,3884612500,46735571710,25718626,19806683734,15932218050,53305665235,70.31,2,76.48,70,100,-5.479452055,0,0.842098,8.312808,0.72454673,5.1794662,4.5914283,0.5734795,0,0,0,1.6502005,5.035142,0.1577988,0,0.14785631,0,0,0,1,0,0,1
20.66,0,4200,0,14678800,55765131412,41566698722,39125047481,9098924398,1055880000,37356272001,-61699760,2945035837,3392009735,41742993989,66.64,1,72.75,95.65,0,0,0,-0.155957,0.26425982,0.722348,1.8035439,0.62056905,0.33788192,0,0.09348825,0,1.234033,0.94888514,0.07956135,0.41374588,1.3602549,2.8974204,1.1002238,0,0,0,1,1
17.2,3.6,36200,70,68223008,3.02E+11,4.36E+11,3.66E+11,49857711177,28951079000,16533235171,113824290,15514296769,9096566834,5.24E+11,47.56,30,84.14,77.78,0,-5.479452055,0,-0.257436,8.33384,0.7279803,5.1887355,4.6113434,0.54755557,0,0,0,1.6551019,5.02611,0.16291289,0,0.13469443,0,0,1,0,0,0,1
988.49,45.04,48000,277,19850000,1.96E+11,2.17E+11,2.02E+11,64321085331,7825000000,47789799089,956084225,36024228638,26328736211,4.06E+11,11.23,6,59.93,94.74,194.44,11.76470588,0,-0.6023,0,0.9415102,1.5580795,0.6751966,0.5973627,0,0,0,1.1133657,0.90708077,0.14553498,0.7579745,1.2175672,2.6553187,0.78591174,1,0,0,0,1
1327,7.62,7000,1353,12037235,11956579553,38632113449,6363385028,8300895652,5500000000,14878020306,-3159810659,3501449403,2903704850,15627949081,27.17,2,60.01,93.33,138.46,5.555555556,0,-0.426678,0.5925877,0.93946165,3.6627712,0.20639947,2.1493404,0,0,0,2.2117264,4.578757,0,0.028772041,3.1329243,1.0914599,0,0,0,1,0,1
185.35,23.25,28000,577,6317315,20202236912,11584948673,16518002547,1796434888,2433600000,12040009900,-1290484870,5755542683,4053131101,29054993033,64.05,6,75.63,93.75,100,1.408450704,0,-0.178494,0,1.806332,3.0232687,4.6801734,0,0,0,2.0393531,0.68339,1.6706324,2.2318046,0.8015657,1.1136048,3.8421292,1.1103632,1,0,0,0,0
1233.8,3.06,10000,517,10830212,4114607379,5941096701,7033963338,2860562893,4581836000,0,-47131635356,-2057423909,-2265978033,521729300,15.88,36,53.65,80.95,253.33,-2.702702703,0,-0.272661,7.0901413,0.9484189,5.0346637,3.8334203,0.49460867,0,0,0,2.0239582,5.2572117,0,0,0.34404597,0,0,1,0,0,0,0
28.34,0,10000,9,8883500,33086053700,39814930181,13963686117,12737197866,3411750000,37513723522,-56552204,6698222216,6985064325,38864618529,18.91,6,36.53,93.75,-116.67,0,0,-0.728361,0,1.5383203,1.7996078,3.4207578,0.19873351,0,0,0.71736324,0.5278208,1.830786,2.510134,2.9679978,1.3411404,3.8295686,0.5488501,0,0,0,1,0
425.8,1.9,8200,910,7425555,12290535821,10654474128,4231262821,6683475492,3141127500,-5315940809,457853420,1108111764,534987151,5214487547,33.22,1,50.08,94.12,0,2.777777778,-16.66666667,-0.126698,0.5208693,0.24423483,2.0651565,0.3289664,1.1962765,0,0,0,1.0164073,1.5179249,0.003556132,0.31233788,2.176159,2.7316525,0.7866355,1,0,0,0,1
1,10.4,19000,4398,8314948,14220621309,12999961937,8623048053,744444577,186449700,-8202049772,-18279140,-1515968807,725790985,19254657244,41.7,1,60.72,93.33,131.82,-7.894736842,0,-0.107869,0.6795931,1.5687636,4.2461185,0.250562,2.6659756,0,0,0,2.7131233,5.3588033,0,0,3.226562,0.627147,0,0,0,1,0,1
1467,20,19000,2573,10419000,19479151379,5630505778,10473603033,350972391,855666600,9445264808,-528899,7260714854,4832009703,28800779945,43.73,2,70.79,93.75,171.43,7.692307692,0,-0.704192,0.7134136,2.0558884,4.3730006,0,2.1769042,0,0,0,3.2734878,4.9493785,0,0,2.4354098,0,0,0,0,0,1,1
179.61,0.42,8000,29,4900000,15111933061,9412268246,10602128723,1933877384,800000000,9643811803,0,2717918962,2434772051,18555128182,49.6,6,60.21,95.24,188.89,-2.777777778,0,-0.178494,0,1.6014897,1.6880578,3.2003732,0.5562811,0,0,0.543961,0.4625025,1.6585212,2.3418248,2.6432133,1.34061,3.481282,0.30964053,1,0,0,0,1
302.59,15.66,235000,237,3369600,1.95E+11,1.68E+11,1.00E+11,9318379546,16848000000,2.34E+11,655345286,70195969594,55113058137,2.91E+11,40.71,0,53.93,94.44,100,8.333333333,-12.5,-1.436734,0,1.4787037,2.769114,4.1276584,0,0,0,1.5438551,0.6923993,1.8378465,2.175103,1.3838162,1.3678734,3.90563,1.0622545,0,0,1,0,0
979,5.51,13400,643,9175550,18895377114,43540125038,18273384915,21600311915,663000000,21860129463,-14975248,3020983204,2436958933,16969164047,51.31,6,61.96,93.75,100,5.555555556,0,-0.441972,0.706685,0.7080055,3.5469897,0.29120922,2.3905494,0,0,0,1.989498,4.440564,0,0.07743657,3.2975392,1.334589,0,0,0,0,1,1
1006,3.09,14000,1502,12215562,12977811061,6481997335,8381171428,3752423971,9102119000,-19739005872,213656420,-2864929828,-4977869268,666983147,15.94,3,63.84,94.12,100,5.555555556,0,-0.210913,0.6122772,0.84885925,3.5748432,0.22165379,2.2408483,0,0,0,2.1090648,4.4620442,0,0.046926104,3.1633494,1.1830456,0,1,0,0,0,1
1157,14.7,20000,2242,14945381,18409365,4057060,11299622,1641354,6183488,0,-46191148,-4926381,-7817567,3744252,28.27,36,74.59,70,225,4.347826087,0,-0.197747,7.1443987,0.82166624,4.5570517,3.4655397,0.5189949,0,0,0,1.7219204,4.396913,0,0,0.10695124,0.08245583,0,1,0,0,0,1
42.15,13.65,10000,1,10520785,20034393659,8676793383,2754929285,1711245935,4178892500,-39060978898,924826671,3040255874,2562242835,11461520009,3.61,1,64.47,93.33,-62.5,-3.797468354,8.333333333,0.554664,5.8195124,0.92353046,2.7336705,1.9550095,1.9136215,0,0.5955514,0,0.1621618,0.7890765,0.68800086,0,0,0,0,0,0,0,1,1
475.6,21.2,10000,563,3127180,4147768456,3057898328,2033304998,326179284,1323085000,2425909547,0,1164584959,234141683,1164584959,28.27,6,62.97,93.33,100,-2.702702703,0,-0.469416,0,1.3505322,1.2787657,2.5199225,1.440067,0,0,0,0.4203649,1.4829171,2.5175533,2.8594153,1.9933968,3.976368,0.38465166,1,0,0,0,1
258.68,13.25,56000,342,7627597,22513565592,12575041154,7199250425,2751189873,3417687500,0,21720478948,-4788129388,-5014291085,17046518581,12.61,2,21.45,93.75,44,-1.265822785,0,-0.235324,0,2.7212033,2.8110023,1.9192197,0,0,0,0.31946832,2.7379482,1.8061839,0,1.3844217,0.5003796,3.224977,0.9161422,1,0,0,0,1
1647.4,63,42000,1275,15107973,1.19E+11,1.15E+11,86221882014,9219129895,6410769500,-10900489923,-583287869,-4162694769,-1294106235,91568987853,29.2,1,61.56,82.35,240,0,33.33333333,-0.176392,0.81940883,2.3276174,3.5748763,0,0.6469716,0,0,0,3.5889742,2.838559,0,0,0.71402574,0,0,0,0,0,1,1
307,8.78,5400,32,21535185,1.04E+11,80699628356,85388852182,52689634963,6900000000,34519309349,-5014884816,20590925863,14048029144,2.37E+11,32.04,1,65.19,95,0,-9.210526316,-40,-0.044338,1.4260724,0,2.383669,0.37642908,2.3353167,0,0,0,0.66843873,2.0784059,0,0,2.7791667,2.356499,0.08509727,0,0,0,1,0
1419,4.13,14000,824,24600000,1.02E+11,85740390895,56540395308,10373204012,10800000000,1.06E+11,244988688,4894117172,5295595466,53530769750,48.78,1,75.61,93.75,100,-1.123595506,0,-0.340234,0.2648358,3.065797,4.6955347,0,0.7834991,0,0,0,4.430429,4.3942485,0,0,1.4413905,0.06361391,0,1,0,0,0,1
1298.41,2.68,5100,1165,23217239,17967341445,89382912703,2484761072,8502342122,20000000000,76051681177,20259281,7528803714,5771470197,17314487264,79.51,30,80.11,93.75,100,4.411764706,0,-0.178494,5.7247686,0.41870892,3.0832822,1.9348758,1.6313311,0,0,0,0.5917147,2.385891,0,0,0.1654426,0,0,0,0,0,1,1
121.11,21.5,76000,4,22000000,1.05E+12,6.95E+11,1.32E+12,53751649101,1.00E+11,2.79E+11,68455582,51099056435,34328312857,7.55E+11,46.36,6,74.91,93.33,100,0,0,-0.364669,0,1.2281249,1.9448757,3.572438,0,0,0,0.82579017,0.41026872,1.9178967,2.6295881,2.816515,1.4615939,3.8294306,0.70237494,0,0,0,1,0
937.08,15.97,24000,916,7234332,24985724059,6426318414,2837893929,1395826146,3102166000,11408357334,420907734,3109573924,2922680606,10288139295,33.07,6,51.27,93.75,300,-5.194805195,16.66666667,-0.675055,0.1946997,0.8156396,2.1706405,0.7451738,0,0,0,0,1.5743068,1.2921684,0,0.60029274,1.3952514,2.9301522,1.2142586,1,0,0,0,1
220.1,0,15000,317,10254232,44144832570,29042388446,22493645578,6719511092,4600271000,4638721991,1204593425,4619290199,2321865376,21244133422,20.45,1,31.81,93.75,14.29,-4,0,-0.324983,0,1.2042723,1.5222741,1.9647235,1.2615677,0,0,0.06959765,0.48619756,0.93678993,1.6342462,1.3183435,1.6826787,3.2946954,0.4994164,1,0,0,0,0
397,14.67,6000,1258,67652659,1.08E+11,58591107639,39410118588,1726854264,29438829500,15284350797,0,8244046068,7132402823,70818393999,43.51,12,70.82,70,145.45,0,0,-0.073978,7.9396152,0.7211084,5.0498023,4.311472,0.7296787,0,0,0,1.6553677,5.0744467,0.028150747,0,0.25057697,0,0,1,0,0,0,1
7.35,0,8000,2,30546620,1.79E+11,75503588437,1.29E+11,5907004532,15070065000,9462725243,1291534317,10592673441,8583826945,1.83E+11,56.26,6,67.41,94.12,-133.33,5.633802817,0,-0.178494,0,1.728373,1.0473974,2.0174296,1.5464363,0,0,0,0.6223074,0.95108384,1.9845705,2.2189596,1.6801254,3.777661,0.2952916,0,0,0,1,0
1,25.3,7800,1552,7109450,34669237686,14457536644,2791658119,16017982184,2423270000,35409536407,-16264871635,-10800075,-5273518,4118893350,52.56,6,80.15,94.44,100,6,0,-0.417943,0.5335079,0.037693724,2.2256055,0.07979836,4.624983,0,0,0,0.24691075,2.522626,0,0.40347096,3.8352752,1.9673673,0,0,0,0,1,1
1024.72,0.8,16000,638,7785000,17876359,13223546,4349185,3432799,624000,8725718,822131,513389,579137,10818071,19.11,30,64.72,71.43,250,0,0,-0.187626,6.9054337,0.7919622,4.66414,3.4859304,0.2216757,0,0,0,1.924589,4.646166,0,0,0.22159892,0.066149585,0,1,0,0,0,1
685,6.97,22600,250,5426060,15378077097,21257835708,13024097576,9233816817,2687627000,8077516269,-2136374060,182234920,220544107,9445786396,38.52,1,43.48,93.33,100,-6.666666667,50,-0.160584,0.47931525,3.1982608,4.3885274,0,1.1769238,0,0,0,4.5405264,3.7534559,0,0,1.0377425,0,0,1,0,0,0,1
1888,29,12000,1695,4831300,9925789000,1370563000,4862484000,833662000,358500000,3633235000,156971000,308790000,404342000,5651391000,7.31,6,77.46,93.33,233.33,-2.666666667,0,-0.78136,7.4435883,1.008143,4.470155,3.70148,1.3210523,0,0,0,1.4077749,4.2766953,0,0,0,0,0,1,0,0,0,1
472.57,0.24,4500,883,27456200,22091088139,9738082372,9357746870,774286451,11873100000,5925858640,-2211250,3828829810,3020224486,15651491519,72.84,2,74.87,94.12,100,-5.194805195,16.66666667,-0.432413,0.35436508,0.7047745,1.8316356,0.611293,0.34290883,0,0.10640192,0,1.2244369,0.95459616,0.057955194,0.3586301,1.3652896,2.8685355,1.0954046,1,0,0,0,1
343.66,0.09,10000,6,11580180,69064,29073,46456,14980,4889,14601,1525,2689,3020,51596,53.83,6,64.13,70,-100,-2.777777778,-7.692307692,-0.702396,6.054406,0.54126143,4.190207,3.1359193,0,0,0,0.045805875,1.6352586,3.8235388,0.01284169,0,0.38394126,0.87802863,0,0,0,0,1,0
715.39,14.86,40000,1350,2074820,3653325762,4377123383,565725090,0,857160000,-1480070290,385360627,347916977,290348437,2659072063,40.67,1,59.3,93.33,100,0,0,-0.434312,0,1.6864855,1.6516653,3.135239,0.5496721,0,0,0.5845744,0.4965201,1.5267755,2.2727168,2.6110108,1.2569768,3.532087,0.33931038,1,0,0,0,0
766.05,14.5,11500,51,10073715,60363970238,8423538483,21328738209,0,4411814000,35816455870,1027057398,1410112512,1071564104,23849562768,31.28,2,43.8,94.44,100,-2.43902439,0,-0.922292,0,1.5612311,2.559208,1.2395505,0,0,0,0.006121612,2.1015975,1.7719407,0,1.262723,1.0628909,2.8919268,0.9790896,0,0,1,0,1
61.7,1.6,15600,176,8399102,24522482,19496324,3825248,2361440,750000,36707849,374270,3173460,2686461,7834139,57.55,2,61.44,95,0,3.773584906,0,0.005095,0.48247594,0,2.56255,0.15472889,3.9910936,0,0,0,0.5345297,3.4143698,0,0.5023342,3.756304,1.4347873,0,0,0,0,1,1
596.2,27.2,18000,1003,5111890,33800949,10750459,28282522,2965585,2037195,2496853,8769253,3496215,2496853,28909563,24.04,6,45.66,92.86,200,2.564102564,0,-0.357918,0,2.2455332,2.537173,1.6679963,0,0,0,0.020611875,2.3702514,1.8454328,0,1.7965338,0.9859241,3.451592,0.91827273,0,0,0,1,1
317,51,25200,680,11552600,64154023012,1.17E+11,53648849484,35959028898,4996160000,77575600230,64360749,9406863701,7014179720,97964842946,65.84,6,68.96,94.44,100,0,0,-0.161198,0,1.6947699,1.6913458,3.2765326,0.35654372,0,0,0.6328223,0.57787466,1.712883,2.3934062,2.9564812,1.2833952,3.7949522,0.46616262,0,0,0,1,1
1,4.3,11500,2493,8131000,22268744496,9817039147,10264749789,10225276233,3190000000,7471825997,36063720,1487177220,1679093288,10786474236,20,1,39.14,93.75,100,12.72727273,0,-0.505189,0.38099763,0.03321837,2.6056397,0.17747346,3.7545805,0,0,0,0.71695,3.5527196,0,0.49689904,3.6201422,1.2874942,0,1,0,0,0,1
30.71,0,5500,251,2693705,20960831831,2668616967,11420017240,647721532,1000000000,9270885644,1290824382,2173373211,1733844668,31475843556,57.62,6,69.5,82.35,-100,1.408450704,0,1.250915,0,1.5132021,3.014371,4.4006033,0,0,0,1.8929149,0.69567186,1.7544864,2.120866,0.83424544,1.2889098,3.872259,1.2480444,0,0,0,1,1
17,0,5000,32,5584948,19640628331,17471388062,18193882822,2000000000,2055406000,7888522840,26595146,1460303287,1571744504,29847027656,26.49,6,40.93,93.75,-200,4.109589041,-11.11111111,0.686201,0,2.29161,2.8083785,4.8003445,0,0,0,2.0988402,0.77158344,1.4000835,2.2693307,0.96257544,0.74422836,3.9010153,0.9800204,1,0,0,0,1
1616.27,5.82,18600,682,10123482,18187648333,63523781135,39106370451,14891695109,8056782000,13874978915,-111003750,2236050235,-813866771,66430133756,40.04,2,63.87,94.12,100,-5.747126437,28.57142857,-1.415451,3.228939,0.6476141,2.10808,0.31301984,0.4658596,0,0.669863,0,1.1693025,0.71903795,0,0,0,0,0,0,0,0,1,0
61.83,0,12500,1011,5345090,31902526753,17733459670,16691074889,1842112350,1479990000,24825480659,450682705,6518933075,5587199462,61373259242,43.64,6,56.94,93.33,0,-1.25,0,-0.253718,0,2.3217738,2.6375465,1.6952745,0,0,0,0.10457803,2.434864,1.8461558,0,1.5221876,0.896454,3.3790734,0.9189924,0,0,0,1,1
32.9,73.3,14500,9,4327321,29493265424,27883106180,16800196561,9485949872,1825035500,16004593276,13260596395,8812099685,7584738376,58022640809,27.49,6,46.79,92.86,0,-2.777777778,0,-0.155252,0,1.3960543,1.7867042,3.2891755,0.526816,0,0,0.5808718,0.36567286,1.7612209,2.4386165,2.6370943,1.4635985,3.4482734,0.3647119,1,0,0,0,1
672.02,11.3,4000,672,57015000,87091962,52432344,28026583,378788,3018101,106295335,1805500,22326058,18526384,76243733,44.2,3,74.92,93.33,160,-4,0,-0.239701,0,1.7006645,1.1172119,1.7778094,1.5915811,0,0,0,0.58959854,0.6423604,1.6685361,1.6174505,1.5204297,3.508015,0.31405798,0,0,0,1,1
1260,36.8,21000,1033,9318923,21192216874,8528990571,5471385617,2130035651,3680961500,18168748009,-45580752,4012301005,3180352345,14542340997,60.44,6,76.08,93.75,100,7.142857143,0,0.019338,0.77286917,2.0941534,4.558035,0.116961315,2.8293457,0,0,0,3.166196,5.5277724,0,0,2.7706132,0,0,1,0,0,0,1
98.49,1,18000,5,3879775,8479818414,2440336189,3691480568,6212844000,1540270000,-10339194667,0,53698878,63394956,19227696096,50.43,3,76.36,95,0,-5.405405405,7.692307692,-0.173956,4.745031,0.6683933,2.3330934,1.3239585,1.6982042,0,0.2441375,0,0.32286194,1.0663798,0.20892604,0,0,0.01927393,0,1,0,0,0,1
1123,7.68,14300,1485,11059101,7574330227,2232936233,4942200412,4542058872,4390463000,-19462645386,-10444412212,137162209,125302741,2936508177,23.35,3,49.48,93.33,100,2.272727273,0,0.058611,0.19527102,3.4809961,4.6402063,0,0.89574826,0,0,0,4.7552533,4.088997,0,0,1.092619,0,0,1,0,0,0,1
993.21,2.74,20000,2126,14104416,2.03E+11,1.45E+11,48546848731,53984158,6637074000,2.13E+11,2411898376,1.50E+11,1.21E+11,3.41E+11,60.16,30,62.95,71.43,350,4.347826087,0,-0.334661,7.2569947,0.79039747,4.639354,3.6278,0.54293597,0,0,0,1.7135441,4.5447617,0,0,0.1885851,0.096747205,0,1,0,0,0,1
617.92,10.75,6600,1135,8622720,11529962905,4398840271,4004363747,895027320,3144885000,7180537846,0,3153177605,2552260491,15929640570,31.54,6,65.61,93.75,100,0,0,-0.406637,0,1.1895969,1.540266,1.976737,1.2595047,0,0,0.07963404,0.4817926,0.9524206,1.6328471,1.3075023,1.6946276,3.293256,0.5046187,0,0,0,1,1
442,1.7,7700,998,6454995,15428618425,11234333204,6964062510,7870672583,2609497500,2070477210,58721776,536855435,142100215,5001782681,25.5,3,39.26,95.24,111.76,-1.265822785,0,-0.45569,0,2.7075064,2.8015103,1.905652,0,0,0,0.31640372,2.7221463,1.7878493,0,1.3583174,0.4997118,3.2069736,0.9117437,1,0,0,0,1
1582.84,5.62,8400,1018,9346160,14755351668,7092703968,3644806261,161465374,3614240000,12535893283,-146989332,1768649675,1557028060,10510626339,1.87,6,65.52,94.12,100,-3.658536585,20,0.589025,4.817216,0.60211366,2.3365002,1.4148039,1.3228079,0,0.84585077,0,0.1673362,0.37900117,0.6652343,0,0,0,0,0,0,1,0,1
304,9.31,10000,1253,5179609,36450986438,11679994618,22004988606,11948262277,2201332500,15917839408,-10834511400,5101259217,4349020421,40639501330,19.07,2,69.04,93.33,115.38,2.702702703,0,-0.738332,1.8657876,3.1187162,4.300013,7.3246503,0.08518433,0,0,3.367506,0.13125803,1.1214719,3.4628494,0,0,2.4556348,0,1,0,0,0,1
268.25,73.2,7100,9,6200000,18545250127,35537475329,15922823114,14281451216,2156250000,18198941663,-319257537,5034902194,3727782661,35317120418,30.74,6,37.54,93.33,122.22,1.408450704,0,-1.226357,0,1.5440766,3.0226796,4.4617977,0,0,0,1.9299237,0.70148873,1.7713377,2.1330092,0.84872353,1.2681097,3.891244,1.2534801,1,0,0,0,1
1713,8,5300,2774,12875550,27874146376,13003246461,18493155748,6345711814,4955832000,1235464533,2280247,2061202483,1380648272,36733558625,26.97,2,70.36,93.33,183.33,-1.176470588,25,-0.02568,1.5892991,1.6707573,3.6137538,0,0.44052702,0,0,0,3.2907162,3.0107384,0,0,0.732288,0,0,0,0,0,1,1
861.66,13.3,11000,1401,4025902,26401367183,3807355463,11225243274,2420717629,1483751000,14475179069,34853254,-184799765,-104396457,11635924367,24.43,1,58.62,94.44,208.33,-8.75,0,-0.48948,0,1.0239636,2.5856266,1.3958551,0,0,0,0.093681194,1.7101042,1.8569816,0,1.1372797,1.2874204,2.801365,1.0800698,1,0,0,0,1
510.36,0.58,10000,49,9805000,21518816482,9030931112,6828209714,2572218010,840429000,-224803277,758666755,685179971,-560633830,16267964769,49.62,3,73.64,93.75,-40,2.702702703,0,0.581907,6.7610135,0.91702753,4.009527,3.0260189,1.227976,0,0,0,1.2815629,3.6983285,0,0,0,0,0,1,0,0,0,1
44.25,12.42,10000,78,20837140,23122971264,8046278320,8020858502,2798059626,1767047400,-49338001101,2768767024,-6076710118,-6303500055,7007943098,3.32,6,73.5,94.74,-166.67,3.797468354,0,-0.612291,4.045105,0.67236865,2.128848,1.0377783,1.2903972,0,0.8742697,0,0.30961755,0.25254753,0.42313683,0,0,0,0,1,0,0,0,1
11.07,0.4,20000,419,13875738,19668783179,14264253454,17924441025,36127097624,6577369000,-1.14E+11,414590954,-9678782316,-9037530266,512908833,17.42,1,50.93,85.71,-212.5,1.408450704,0,-0.496142,0.59414345,0.14653918,2.0577981,0.3807798,1.4051,0,0,0,0.902769,1.5387368,0.16669449,0.33317408,2.309721,2.849433,0.7731615,1,0,0,0,1
876.72,50.84,36000,847,6441544,13792597888,5445902620,427869083,1960621103,2602772000,-14270959793,527600048,-2005961982,-1942489177,0,30.68,1,50.47,93.75,250,-2.43902439,0,-0.371984,0,1.664151,2.617497,1.3069221,0,0,0,0.028040254,2.1804473,1.8140166,0,1.3258002,1.0366907,2.940536,0.97939765,1,0,0,0,1
94.57,11.6,10000,463,14217258,6522714000,13791121000,5566155000,1235006000,5964441000,0,-11641827000,-69126000,-76068000,6881782000,32.99,3,48.67,93.33,0,0,0,-0.121101,0.101358674,0.9883209,2.2488487,0.80821353,0,0,0,0,1.6752031,1.3396707,0,0.67969346,1.3480048,2.9178693,1.1493427,1,0,0,0,1
1,9.48,16000,1357,6763282,4357164887,3948612839,7392081871,2146807711,2866641000,-13631690692,320557746,-3581862780,-3670465811,21601677207,31.11,3,43.79,93.75,133.33,7.142857143,0,0.019901,0.7281776,1.8687713,4.4409018,0.21654555,2.8660479,0,0,0,2.9114451,5.533133,0,0,3.03676,0.15520354,0,1,0,0,0,1
1821.64,14.11,9000,1917,15831354,15476166918,3886366782,7350663460,863419821,6370677000,-15104555877,50844807,-435498328,-572434054,29780532001,21.92,1,62.47,94.12,200,-1.315789474,0,-0.454234,7.1838465,0.98365957,4.2169724,3.340327,1.3546777,0,0,0,1.3167851,3.9558828,0,0,0,0,0,1,0,0,0,1
227,4.7,9000,835,14823148,12366943501,9455781531,12760087490,819835856,6160949000,-98688407723,6554881118,-5777533001,-5710658169,856156961,29.75,5,73.74,76,0,0,0,-0.602529,8.134221,0.7362874,5.1140385,4.4573216,0.7110688,0,0,0,1.6325113,5.0644226,0.11151336,0,0.19633093,0,0,1,0,0,0,1
1696.19,30.73,28000,2939,5393000,20645818495,12583143347,4115989979,497129583,2387500000,21356711367,348864282,3524168291,3018119692,13045645016,54.42,6,57.07,93.75,175,3.571428571,0,-0.559905,0.67225116,2.7073686,4.1174293,0,1.0343925,0,0,0,4.0865664,3.636107,0,0,1.0328869,0,0,1,0,0,0,1
706,42.75,21000,842,3602600,38317049936,41789564097,21285231635,15605509578,1542850000,26784404863,-141964571,11079762474,7742772715,49939560590,46.52,6,62.31,93.75,225,2.53164557,0,-0.641104,0,1.6615855,1.6632713,1.827028,0.68882215,0,0,0.21331865,1.0133455,0.86721295,1.0618283,1.1182318,1.1615758,3.28332,0.57976717,0,0,0,1,1
800.57,0.52,12000,961,14221573,36170236083,46762365257,19856463347,19345719042,5585620000,34275594213,3869204738,1387885843,2251318723,24375402366,28.82,18,75.11,69.57,283.33,0,-7.142857143,-0.163427,6.2179008,0.5692967,4.2682343,3.196088,0.05324834,0,0,0,1.6741142,4.0415206,0,0,0.41289675,0.77843475,0,0,0,0,1,1
407,8,11000,712,37141356,44855751088,11236692173,7125109184,1941124023,16713610000,8098366930,1912831345,-621477876,257514763,11073619873,27.25,6,75.46,93.33,100,3.773584906,0,0.031634,0.47738513,0,2.574765,0.15198915,3.9486427,0,0,0,0.5578942,3.4471672,0,0.50026125,3.73746,1.4066763,0,1,0,0,0,1
28.1,0.1,7000,291,48133333,2.89E+11,6.82E+11,4.08E+11,2.50E+11,1.90E+11,1.24E+11,-895778823,26430358769,11572555466,1.76E+11,35.99,6,69.72,94.12,-100,4.225352113,0,-0.028737,0,1.5028208,1.1214514,2.7736635,1.2759818,0,0,0.042966723,0.2551157,1.2637018,2.6807873,2.7688985,1.6873608,3.7054274,0.15582004,0,0,1,0,1
455.1,40.4,2210,639,61221800,71538893007,1.69E+11,88619766986,54884179951,25799610000,64901651822,-11975540537,5964360816,3247475787,44581091230,69.33,6,73.15,93.75,100,-2.702702703,0,-0.607668,0,1.3213547,1.3018894,2.5399232,1.4259505,0,0,0,0.4092974,1.5141313,2.527738,2.867896,2.0123923,3.9741862,0.39647105,0,0,1,0,1
1,6.3,4200,1037,12858000,40527777577,62740006221,63815096922,19972766642,1000000000,17257273251,-11992397,3217599059,1758582166,56362235234,45.24,6,67.04,93.33,100,-2.702702703,0,-1.241969,0.524082,0.42607298,2.0991776,0.42118675,1.2238146,0,0,0,1.0843009,1.5196652,0,0.2701943,2.0566351,2.6616979,0.6804962,0,0,1,0,1
129.06,0.77,15000,11,7622000,72606698385,30056831315,24054256336,1290227191,3111000000,70354520080,1507080290,3459144492,2593872251,34343902011,53.21,6,60.32,93.33,0,5.479452055,0,0.016914,0,1.0418401,2.613251,1.356655,0,0,0,0.07802411,1.7649059,1.8668349,0,1.106686,1.3393807,2.865432,1.1090723,0,0,0,1,1
1,15.5,5300,2707,9271339,23247344297,16697709144,5461452996,1617661521,3574769500,11741164720,9040321,5874298651,4532708708,30398728955,40.99,6,87.64,75,166.67,-1.449275362,0,-0.120773,7.3732333,0.56832606,4.939569,3.905702,0.7783998,0,0,0,1.7266842,5.194115,0,0,0.5125625,0,0,1,0,0,0,1
793.26,12.11,6500,1781,16120000,30037710935,5229105496,1382767439,88385597,1200000000,32596541298,-877903,982044017,1198587470,7519073723,64.58,6,73.6,66.67,250,0,0,0.714784,8.024751,0.8474999,5.0565343,4.4682326,0.4381805,0,0,0.08446529,1.6414797,4.711159,0.16503483,0,0,0,0,0,0,0,1,1
406,1.8,54300,348,4294143,1.31E+11,1.07E+11,74946339767,50496886679,1945456000,1.19E+11,-19843687483,16291675112,11320769091,1.86E+11,57.12,6,58.62,93.75,100,11.29032258,0,-0.518485,0.3324969,0.24224499,2.4791496,0.010890706,3.1810522,0,0,0,0.8969011,3.210767,0,0.18059358,3.154058,0.9657425,0,0,0,0,1,0
1464,44.31,65000,1623,5020191,46039895014,30024723423,40982401164,10047533381,400000000,24816263657,-181579765,4760102002,-557509029,16219177209,40.64,6,61.06,95.45,162.5,-1.149425287,0,-0.296511,0.7620155,2.4329538,4.028226,0,0.69121283,0,0,0,3.9130003,3.5041733,0,0,1.0274751,0,0,1,0,0,0,1
1503,10.77,35000,1731,4703068,7963901523,7264273277,5320950114,6590550828,1988000000,-32388792477,-28535694,408960610,-2575015341,5702561553,13.88,3,73.97,93.75,100,-6.666666667,50,-0.146041,0.45752823,3.2338843,4.415667,0,1.1624207,0,0,0,4.57341,3.7786577,0,0,1.0386833,0,0,1,0,0,0,1
1159.89,0.04,15000,1126,12420111,25371319815,30516519838,33444212245,7940290164,5442705500,-87372657393,1355501234,-1704801368,-2481911023,14561982570,19.63,60,65.64,61.11,266.67,0,-7.142857143,-1.107665,6.165881,0.5975352,4.2508216,3.202278,0.01769353,0,0,0,1.6664886,3.9893577,0,0,0.39495182,0.8062984,0,0,0,0,1,0
438.83,33.54,7200,1114,6734000,17736637436,18884166221,7345120230,8086348290,2303000000,16443792001,174236,873021513,704497492,6502495093,49.31,6,55.6,94.74,100,4.47761194,0,-0.432012,0,1.504616,1.9888002,3.9262881,0,0,0,1.0659999,0.4031118,2.0263119,2.6669047,3.1730585,1.1741369,3.808571,0.6326206,1,0,0,0,1
614,6.8,26000,1075,6630322,16964176308,22893720890,14649666979,3961179070,2815611000,16080844134,-530875272,4635786590,4891551403,59045319690,36.62,6,39.76,93.75,100,-2.739726027,0,-0.276931,0.09611114,0.3957514,1.7899319,0.8592393,0.28317058,0,0,0,0.9425813,1.0936955,0.43307722,0.6660183,1.5142149,2.8029761,1.0723796,1,0,0,0,1
955,1.39,16200,111,15393405,1.51E+11,1.29E+11,1.61E+11,20655361485,4982795000,64933494817,-33626826,34435723653,24919142327,4.86E+11,64.56,6,66.7,92.86,100,1.162790698,0,-0.464014,2.8562448,0.9941628,2.6683738,0.3587953,0,0,0.42769414,0,1.9692137,1.3334081,0,0,0,0,0,0,0,1,0,0
1,16.52,15900,1082,8792415,59570540000,26863740000,22630260000,5964615000,1550000000,56165247000,124157000,6734650000,5281582000,38207533000,52.49,2,78.61,93.33,100,3.773584906,0,-0.398656,0.61844885,0,2.340242,0.12177206,4.3160734,0,0,0,0.2840993,2.8327382,0,0.43049675,3.7510948,1.7041992,0,1,0,0,0,1
1,22.78,25000,1185,5091800,64131267423,21356693367,28294515417,190513191,2000000000,51845474004,82645688,2676249129,3479292692,22851103829,66.45,6,79.95,93.75,100,-5.797101449,0,-0.112495,0.75305253,0.09397464,3.3338957,0.41286254,2.4587386,0,0,0,1.4360319,4.516827,0,0.1549707,3.4374409,1.1132861,0,0,0,0,1,1
1,6.85,12000,1076,4292500,6288973396,8964448838,4659536999,1869427181,1700000000,6916771123,107686931,372156877,326740569,12680273993,28.61,1,41.73,95.24,166.67,2.702702703,0,-0.456662,0.9115321,0.45166656,2.1770444,0.32572478,1.5974452,0,0,0,1.0806361,1.6799532,0,0,2.1765778,2.4367173,0.3742642,1,0,0,0,1
177.33,0.43,11000,6,8798060,14979626600,6630005195,2508666563,0,3266280000,3342053674,27268267,3962028114,3694117040,18295740482,32.96,6,54.78,92.86,50,0,0,-0.15149,0.08957592,0.7004918,1.6792107,0.6161196,0.39154622,0,0.07994706,0,1.1260717,0.8513601,0.21073413,0.5367324,1.3716143,2.9337254,1.0822666,1,0,0,0,0
997.37,0.15,6400,223,12416000,56607,33410,56913,6842,5163,19426,107,1714,358,48793,50.1,6,69.85,82.61,100,-2.777777778,-7.692307692,0.436013,6.011281,0.51448643,4.166318,3.110329,0,0,0,0.046089686,1.6159608,3.7898226,0.031431314,0,0.41541904,0.9117748,0,0,0,0,1,1
444,84.8,8300,590,6600300,24333262171,21074112619,19323731560,1600757258,2435550000,14886576438,0,1890660798,1509890455,14270888847,47.1,1,75.97,93.33,188.89,-3.947368421,0,0.601722,1.0410053,2.8473651,3.8165705,6.533203,0.04134082,0,0,2.9884288,0.23228195,1.2308382,3.0623584,0,0.13132955,2.8029828,0.14346509,0,0,0,1,1
1,18.18,12500,532,4862000,19323322879,23607635156,13334517631,8322094138,1926315000,19037267530,245274286,259692622,159017342,10613331626,59.63,1,75.84,93.33,100,2.739726027,-14.28571429,-0.479084,0.17968652,0.5007645,1.716628,0.21666822,0.7770014,0,0.025282055,0,1.1026965,1.0564927,0,0.48245335,1.7070029,2.7134888,0.89679927,0,0,0,1,1
131.15,0,2000,0,40710000,381311518,123979755,158501715,10336345,39000125,297453088,0,95418530,61804890,288855603,51.1,3,74.94,93.75,0,-5.194805195,16.66666667,0.35741,0.3317803,0.7091989,1.8281695,0.6152651,0.33927533,0,0.10251695,0,1.227245,0.95356846,0.06381432,0.3712834,1.3636094,2.877484,1.099287,0,0,1,0,1
25.52,0,5000,1,14689733,20814686112,16761235317,11993048149,10868825546,5817136500,4921596619,136190952,2648308771,3184539735,19860874855,24.64,1,29.59,93.75,100,0,0,-0.408426,0,1.0768268,1.6745602,2.051408,1.1798024,0,0,0.15051214,0.45440343,1.0287359,1.6437893,1.229202,1.7471699,3.2558157,0.55375004,0,0,0,1,0
233.84,0,10300,1003,6008760,17161976382,30052164145,11070854438,10021386472,2231880000,22197722425,1692297192,6600416668,5306977655,30447671841,68.6,6,77.53,95,0,5.633802817,0,-0.278469,0,1.7476975,1.0235101,2.017144,1.5665674,0,0,0,0.6165455,0.9371266,1.9981767,2.2328045,1.6746136,3.7831774,0.2782936,0,0,0,1,1
455.8,21.7,14000,1113,3310650,34001193068,4734564248,20107792487,415653677,1400000000,17037049001,-224737849,6142464711,4921245133,66704703092,35.06,6,40.89,94.74,100,-2.898550725,0,-0.191325,0,1.0013208,1.7501246,3.5497322,0.94429964,0,0,0.4802455,0,1.979501,3.0171545,2.9668822,1.8672563,3.4158216,0.21425802,0,0,0,1,1
1065.86,0.59,21000,1080,4330068,22049492055,4857838803,6197452301,4262348308,2051919000,11281202098,3114409151,54014122,103978448,11032550251,28,60,44.29,77.78,100,0,0,-0.218436,7.0138526,0.8558218,4.7549295,3.5629542,0.25798598,0,0,0,1.9776651,4.7716947,0,0,0.19288798,0,0,1,0,0,0,1
31.09,0,6000,10,24231986,6143853825,7343673844,4202726958,4957267626,10467993000,-29492049477,320184908,-6020798250,-5554507682,2089467684,24.21,3,56.31,93.33,0,0,0,-0.274672,0,1.0738417,1.8243197,2.209649,1.1960258,0,0,0.21125685,0.4407092,1.1728694,1.609459,1.1231139,1.7511638,3.1402385,0.48605564,1,0,0,0,0
377.4,4,30000,638,7043754,19015399856,16116605592,10880647888,14045185313,2268711000,4878733202,27726767,475991392,117914363,7643176234,20.13,1,38.93,93.33,100,0,0,-0.178494,0,1.7809124,1.6365237,3.1721249,0.51657265,0,0,0.5692957,0.56283987,1.5729582,2.3029637,2.7848449,1.2416661,3.6496704,0.34648496,1,0,0,0,0
1756.45,15.92,10000,2535,8580846,20639996231,15634529974,11543047098,4847217095,3183173000,10910432162,-2015042696,2533626884,2639543278,25059614585,48.65,2,72.56,95.45,150,3.529411765,0,-0.341553,1.7250504,1.0019629,3.1630971,0,0,0,0,0,2.6998875,2.514913,0,0,0.6597053,0,0.2268053,1,0,0,0,1
1,22.1,16000,683,10590044,37541449507,13111844966,23815545296,6597374126,4404697000,11067408396,291459550,6571145326,4857544050,45082847260,41.98,1,68.26,95.24,166.67,7.142857143,0,-0.317334,0.76560414,2.0894332,4.5499606,0.106372826,2.8170643,0,0,0,3.1646113,5.5119553,0,0,2.762927,0,0,0,0,0,1,1
643.7,55.4,15000,857,11548800,77333867004,34365445537,25763705307,23562764853,4913500000,43898329651,38316049,15961073097,13670800158,77318964313,47.46,6,64.72,94.44,162.5,-1.282051282,0,0.398884,0,1.621723,2.724285,4.190948,0,0,0,1.4789109,0.8102232,1.9696696,2.1791437,1.7212262,1.3169287,4.004859,0.9968047,0,0,0,1,1
914,21,17000,1506,6261485,28087878257,27634598890,26645788308,5916377063,2642733500,10039265382,917448916,4436005255,4046949430,23231897516,43.04,2,66.66,72.73,247.06,-5.479452055,0,-0.19898,8.151931,0.7976425,5.0975285,4.527525,0.40696976,0,0,0.07011784,1.635745,4.748561,0.19356057,0,0,0,0,1,0,0,0,1
351.1,22.76,9000,21,4915300,26015795911,40956137506,14902463942,25962001555,1937500000,19818250389,43517717531,3201790733,2565338765,14285029621,24.86,6,53.66,93.33,100,-2.53164557,-14.28571429,0.133069,0,1.722875,2.5997982,4.105712,0,0,0,1.2424082,0.8982469,2.2644253,2.1465235,2.7394865,1.1100848,3.8986104,0.8639456,0,0,0,1,1
1276,2.34,4400,1287,11287196,41480391623,2745727567,7867867554,2592602961,5051020000,19085165067,-8655062,555562560,1236029732,16887814423,44.76,2,68.85,93.33,183.33,-5.479452055,0,0.321222,8.151931,0.7976425,5.0975285,4.527525,0.40696976,0,0,0.07011784,1.635745,4.748561,0.19356057,0,0,0,0,1,0,0,0,1
5.05,0.4,25000,3,5542865,27991371987,26693649268,19412878900,4863250000,2229632500,18147501090,352417906,10408020359,7672666983,27102631472,38.75,6,43.31,93.75,-60,2.564102564,0,-0.560418,0,2.1790402,2.6243274,1.656809,0,0,0,0.044864684,2.3764668,1.8988698,0,1.688967,1.0074397,3.3928819,0.9530122,1,0,0,0,0
597.2,18.63,50000,322,7265388,33316479877,17661332214,6455316383,468199362,3258289000,-24334432118,4459527337,-9223296570,-8778674091,287345000,38.4,3,59.92,92.86,100,0,0,-0.05282,0.08277449,0.7038308,1.6629899,0.6380481,0.41088155,0,0.07933198,0,1.091355,0.8204277,0.24912053,0.5277157,1.3642946,2.9259365,1.067678,1,0,0,0,1
8.74,0,6000,21,8522980,26910853987,33979466975,29498305226,9376200362,3900990000,17516911619,597913755,6090605603,3308561851,69628233058,52.89,6,63.48,92.86,0,-2.777777778,0,-0.619108,0,1.3134092,1.8208331,3.3664153,0.563506,0,0,0.5894237,0.29886466,1.8404113,2.533721,2.6689122,1.5390776,3.440112,0.35311276,1,0,0,0,0
67.49,4.86,49000,1,7979048,1.43E+11,58858646980,1.37E+11,19038457052,628350000,38799845881,0,14674964787,13773971464,1.08E+11,58.41,2,70.21,94.74,-44.44,-3.797468354,8.333333333,0.437216,5.7577953,0.8549447,2.6747425,1.9184316,1.8679128,0,0.67563105,0,0.07974173,0.65997785,0.74515593,0,0,0,0,0,0,0,1,0
1573,6.48,18000,629,6950135,18315877537,11625770921,9330550024,2393622775,2934317500,2171305486,800525191,-2837139113,-2704433501,8541843525,40.81,6,45.22,93.33,100,-1.123595506,0,-0.662688,0.20433104,3.1901839,4.6789966,0,0.8066676,0,0,0,4.514385,4.312973,0,0,1.3590989,0.026999077,0,1,0,0,0,1
1495.69,5.95,12500,781,5141760,14850410445,7032610419,3171258979,757264350,2042847000,7524071834,-47369277,1560613497,1466098756,8111075582,8.56,6,57.67,93.33,100,-3.658536585,20,-0.178494,4.5193796,0.579122,2.273881,1.253413,1.236853,0,0.8268455,0,0.23873547,0.37172392,0.5766543,0,0,0,0,1,0,0,0,1
765.22,10.53,26000,791,4825108,23533936980,564769396,9027756801,0,1791321000,7788278325,6594027,3827111198,3179260894,16055968824,40.62,1,74.16,93.33,125,0,0,-0.080325,0.16550508,0.7145778,1.7385604,0.6003937,0.3507401,0,0.089358225,0,1.2075642,0.9170093,0.11855893,0.48450094,1.3655324,2.9206202,1.1027642,1,0,0,0,1
273.09,52.4,68000,204,20000000,1.02E+12,95245092195,6.66E+11,23012032973,9000000000,4.17E+11,1095881085,17933301864,15536117173,2.27E+11,28,6,71,93.75,57.14,-12.98701299,0,-0.541161,0,1.564624,2.5353723,4.253426,0,0,0,1.264469,0.66743886,2.3370872,2.4032223,2.9079971,1.2112126,3.862466,0.81937563,0,0,1,0,0
598.87,1.2,43300,1151,9375694,13656240993,10385146619,2333201305,1884677305,8022600000,-1.68E+11,1399304426,-15929213281,-83246975113,231425455,21.01,36,70.51,71.43,100,-2.702702703,0,-0.489153,7.3204193,0.89629227,5.113668,3.9978795,0.41890952,0,0,0,2.0306447,5.3158937,0,0,0.29920125,0,0,0,0,0,1,0
1869.47,5.96,15000,2113,7819826,8595157829,34714595210,15283774865,13123314259,3446413000,-22203228627,9327572512,-1795251839,-4812607844,16878208538,0.8,1,55.94,93.33,100,-1.315789474,0,-0.011671,6.8876767,0.95251256,4.064165,3.0959969,1.263257,0,0,0,1.3043094,3.7602751,0,0,0,0,0,1,0,0,0,1
1603.33,6.28,3000,1643,12030000,6084322421,1632611343,1154020903,62508357,930000000,5455404504,0,1224277390,1095326274,6882126368,4.75,1,57.8,92.86,100,-2.857142857,0,0.207503,5.1339855,0.71727383,2.587122,1.4691182,1.8728786,0,0,0,0.44951022,1.4840024,0.032497678,0,0,0,0,0,0,0,1,1
128.89,2.83,18000,463,4969184,8831818630,3115748142,439879288,1361636589,2227092000,-13206148503,108974231,-1914864994,-1923696250,301690640,29.41,1,51.65,93.75,-44,-4.225352113,0,-0.496025,0.064189985,0.4290216,1.88159,0.9178606,0.21158847,0,0,0,1.0207834,1.2401867,0.37972644,0.76420945,1.5185404,2.8166816,1.0792972,1,0,0,0,1
670.6,28.06,14000,1997,9071428,61791284198,31306105807,14203275336,510973586,3000000000,75123515790,259625293,7866179932,8076980002,93373486764,66.14,18,81.05,71.43,266.67,1.470588235,0,-0.325176,7.3795757,0.5150603,4.946279,3.8923914,0.749849,0,0,0,1.7386682,5.204104,0,0,0.54134303,0,0,0,0,0,1,1
588.13,25.95,5000,1160,6586600,17750273205,22458934731,16877890119,12602942104,2427500000,6914012058,1256041775,4425796531,3263307275,28569861116,64.53,6,68.99,94.74,100,0,0,-0.673261,0,2.6799996,2.2622356,1.7558943,0.21277714,0,0,0.049525425,2.432652,1.4774028,0,1.8167199,0.7331555,3.6128135,0.7792752,0,0,0,1,1
1,7.8,9000,3039,7065000,17409766172,11095954881,10226411201,3170894743,2910000000,9790110620,244499183,701387081,801854175,5140929992,43.95,2,49.4,94.12,100,12.72727273,0,-0.178494,0.45453134,0,2.5953488,0.15088356,3.8839633,0,0,0,0.6136085,3.4775255,0,0.4815848,3.7008562,1.3478327,0,1,0,0,0,1
1427,20,11500,2262,7803000,19632023798,13112516830,7157353576,7716128425,220000000,17398058627,0,5297023874,4702461742,44844543577,63.77,2,73.6,93.33,100,7.692307692,0,-0.425276,0.594586,2.433197,4.4214344,0,1.8623729,0,0,0,3.675538,4.634854,0,0,2.0874867,0,0,1,0,0,0,1
23.29,2.38,10000,559,5227400,18369045701,1282279701,6034474893,5497990191,1800000000,6658931418,-340071100,5240171819,4215015076,44970161508,42.09,1,67.77,92.86,-150,-2.777777778,0,0.209871,0,1.3134092,1.8208331,3.3664153,0.563506,0,0,0.5894237,0.29886466,1.8404113,2.533721,2.6689122,1.5390776,3.440112,0.35311276,1,0,0,0,1
630.64,1.52,20000,381,9465149,2274984641,5171821308,12417253609,1641757629,4150624500,-34237236016,21732990,-4353776321,-4808043488,2186117279,30.21,36,57.25,84,137.5,1.470588235,0,-0.430612,7.3271675,0.6455263,4.7625637,3.8293853,0.6714018,0,0,0,1.6940713,4.87443,0,0,0.44105485,0.1574189,0,1,0,0,0,1
1,8.57,14400,808,9353300,31205441628,14756981039,30428324342,2067218031,3410335000,7452236307,-340816372,5485043299,2971894193,25308128772,20.06,3,28.94,93.75,100,3.773584906,0,-0.028975,0.47964013,0,2.5683966,0.15106675,3.972238,0,0,0,0.54774845,3.434465,0,0.5020523,3.7488813,1.4252574,0,0,0,0,1,1
949.3,0.47,15300,928,9349954,20656201,19982269,2609400,2758742,4415688,0,-65312205,-2929307,-2903334,1790340,21.35,60,66.69,71.43,100,0,0,0.201855,6.884446,0.7819432,4.6398067,3.4676673,0.22025499,0,0,0,1.9069982,4.6092057,0,0,0.22018526,0.09351024,0,1,0,0,0,1
527.12,11.26,20000,738,4839500,19887973041,7912518477,3483441755,2846400000,2007750000,16348534698,33770428,7055563159,6263218209,18779581958,22.26,6,31.14,92.86,100,2.53164557,0,0.085689,0,1.6407744,1.6484965,1.8785537,0.8006539,0,0,0.24814945,0.9387104,0.80646914,1.160049,1.0779707,1.2008517,3.3162062,0.56998956,1,0,0,0,1
150,5.79,19000,686,11132576,3172127583,4099759398,1145132220,5328945832,934464000,-54730046470,666650040,-2782521501,-2593643257,0,21.75,2,43,94.44,33.33,11.29032258,0,-0.35004,0.28934824,0.2697969,2.4594207,0.06818354,3.2136874,0,0,0,0.87031144,3.2209108,0,0.24059774,3.1555154,0.9792023,0,1,0,0,0,1
749.79,27.87,6500,831,35957859,8665160890,4163466938,2814809727,0,2854509400,-13806396445,-101174,-980772394,-951902114,2001594453,25.72,3,51.33,93.33,180,1.234567901,0,-0.250228,0,2.1980321,3.0496404,1.828823,0,0,0,0.21782602,2.6086068,2.2102501,0,1.6580632,0.90021783,3.2689705,1.02336,1,0,0,0,1
129.22,1.38,7500,14,7045100,40622105286,15891971656,25653083644,8585909934,2799750000,19095180739,-2773630935,594872643,-1475670124,11128678545,46.06,6,57.45,93.75,0,-4.87804878,0,-0.415835,0,2.7447689,2.1157885,1.8092986,0.44133946,0,0,0.06591542,2.2641056,1.3606282,0.052969523,1.7138764,0.6906884,3.528079,0.63569695,0,0,0,1,1
1,38.37,12300,1272,6386000,29049283271,13276349175,8071217486,2034984530,2523500000,29619051846,-756385348,3030227270,3195823800,40354588699,35.4,1,43.34,94.12,100,11.76470588,0,0.324552,0,0.75168735,1.5332744,0.514668,0.37067944,0,0.013324454,0,1.1580913,0.9587926,0.06355651,0.7724015,1.2359369,2.6700742,0.9126878,1,0,0,0,1
1343.51,2.73,22000,887,7972631,16296547229,19581676951,10634928815,5336432781,2990000000,9721342172,-57866378,341581866,157582927,12279467534,0.35,1,55.16,95.45,100,1.19047619,0,-0.172558,1.799149,1.3947291,3.5410073,0,0.3401281,0,0,0,3.110482,2.956424,0,0,0.79672927,0,0,0,0,0,1,1
1,8,5800,1414,10084400,45591770549,16889147911,27590024102,959491701,4202750000,-1417267145,446285434,3265028024,1979806606,26775491423,24.67,1,55.68,93.75,100,5.555555556,0,-0.069608,0.60146725,0.8692089,3.578719,0.21319315,2.2179508,0,0,0,2.1235003,4.46833,0,0.041753642,3.1428738,1.1573625,0,0,0,0,1,1
14.37,20.8,12000,5,8473148,16107761619,9209106805,2384751648,2238725934,3567074000,-15596539696,3188129815,-6414418228,-6325278432,1098118883,19.44,3,60.71,92.86,-100,-3.797468354,8.333333333,-0.10352,5.8203573,0.94801277,2.747364,1.9524485,1.9283947,0,0.5703173,0,0.19456357,0.8263777,0.66014653,0,0,0,0,1,0,0,0,1
672.42,7.46,24000,618,4901526,20797655,9800088,9242910,1166302,1984263,11480250,-800881,316611,180579,14011366,60.14,6,81.83,68.42,100,0,0,0.03979,7.8971453,0.96151716,4.992832,4.3648295,0.7307166,0,0,0,1.6877257,4.933391,0.049566787,0,0.049155246,0,0,1,0,0,0,1
1069.68,2.4,12000,1538,10137772,17589216934,10046012793,5741307581,0,782027200,19300543333,1811351613,592648553,610369849,6863673499,30.93,6,82.25,84,200,0,-7.142857143,-0.087183,6.2179008,0.5692967,4.2682343,3.196088,0.05324834,0,0,0,1.6741142,4.0415206,0,0,0.41289675,0.77843475,0,1,0,0,0,1
13,0.7,18000,25,5137980,1.68E+11,22834367690,1.46E+11,7480384754,2246995000,30524085429,-14400000,15688207845,11726343887,2.34E+11,0.93,1,56.6,95.83,-125,1.19047619,0,-1.019274,1.8526449,1.2457488,3.4358466,0,0.11346134,0,0,0,2.986916,2.8382614,0,0,0.8040557,0,0,0,1,0,0,0
492.1,6.1,43000,1048,2939035,49412502,6603752,31226352,56998,1316200,6158321,1575198,3965962,3250798,13706638,40.05,1,68.63,94.44,100,0,0,-0.438821,0,1.7558968,1.1071465,1.8265798,1.6079589,0,0,0,0.61632025,0.70566845,1.7230139,1.7739239,1.540929,3.5941296,0.299953,0,0,1,0,1
319,1.3,19000,745,7165110,43351394318,27772371273,20205204750,15416639620,2835805000,24753318082,-756749351,7092996234,5807500801,42472182841,24.44,4,54.26,95,40,0,0,-0.615644,0,1.6875545,1.1592436,1.9565535,1.4705175,0,0,0,0.6474665,0.92819786,1.840681,2.085234,1.62922,3.6874483,0.33322892,0,0,0,1,0
251.2,12,14000,381,3503708,30166262542,13135524276,19399777309,2339277675,1444304000,8912432603,265050260,3029454532,2783784770,34275795725,17.12,6,56.26,92.86,100,2.857142857,0,-0.384302,0,1.2032497,1.9269962,3.5877466,0,0,0,0.8538056,0.3654285,1.8958975,2.6359437,2.7672677,1.4365442,3.7979794,0.69761443,1,0,0,0,1
1471.01,61.52,34300,654,36313190,45875930865,32438662892,20160906252,3880965653,14525265000,16306010262,23441446590,1147007298,1054483667,18028796428,59.56,1,76,92.31,100,3.571428571,0,-0.25558,0.62421787,2.8424563,4.1386094,0,1.1693764,0,0,0,4.2062826,3.5904548,0,0,1.054095,0,0,0,0,0,1,1
11.53,8.7,170000,219,8735650,1.72E+11,13054500459,28502982671,996038990,4027000000,1.35E+11,-2795817693,78142609868,62079081728,2.25E+11,74.96,6,90.09,94.44,-86.52,-2.777777778,0,-0.565153,0,1.3065578,1.8229492,3.3804038,0.5606917,0,0,0.5881087,0.29656288,1.8637582,2.5478547,2.6951907,1.5477781,3.4510262,0.3565413,0,0,0,1,0
226.37,0,6000,350,17366154,28900208,19779963,10592819,13585794,3239039,2397040,278764,2854247,1629960,30705746,74.61,6,75.82,94.44,30,0,0,0.154715,0,1.69184,1.155185,1.9792973,1.4548336,0,0,0,0.66191083,0.9643737,1.8674403,2.1425676,1.6445488,3.7186875,0.33436877,0,0,0,1,1
1702.43,11.16,22000,1030,6197730,16522620918,4781821376,1996875030,158442096,2733915000,10591890831,0,850103649,943895366,9439520991,57.59,2,85.86,95,150,4.411764706,0,-0.84415,5.3570113,0.5993931,2.7845318,1.6767119,1.8071117,0,0,0,0.490079,1.8669537,0,0,0,0,0,1,0,0,0,1
18.9,0,11000,611,13530910,33405927,27297036,7113619,88639,5600000,32295280,0,7188865,5741804,34501352,64.15,6,67.41,94.74,-300,5.633802817,0,-0.314509,0,1.7933044,0.9611998,2.060162,1.6705786,0,0,0,0.5600858,0.9137153,2.0875645,2.3238711,1.6917782,3.7847419,0.19779587,0,0,1,0,1
1691,23.36,11000,2342,9427956,15684362189,6514969026,6577210913,1161333809,3992982500,-475810882,384964927,-1748812602,-1759481778,13563389810,18.91,1,69.14,93.33,100,4,0,-0.489694,0.75349987,2.0540106,4.402422,0,2.3533974,0,0,0,3.2526371,5.044526,0,0,2.4933944,0,0,1,0,0,0,1
768.58,5.1,5200,665,26782520,1.10E+11,1.03E+11,71938295165,46915763829,17982520000,31842343147,0,7761543704,5764961170,1.33E+11,61.17,6,73.34,93.75,100,-2.702702703,0,-0.036182,0.5460607,0.27903003,2.1114254,0.3364338,1.2334422,0,0,0,1.0518658,1.5920645,0,0.30304703,2.1910386,2.722847,0.74742556,0,1,0,0,1
216.32,11.3,17500,854,6045000,31446616038,53068912791,36221501329,5401303171,2400000000,35877883128,1614841201,3974225223,3246650299,36459751155,34.74,6,64.43,90.91,100,-2.702702703,0,-0.019397,0,1.1598659,1.4466127,2.7020957,1.2925218,0,0,0,0.33698705,1.6715175,2.6267936,2.8915331,2.1125708,3.9449277,0.4508784,0,0,0,1,0
283.4,9.64,10500,82,6941600,19744647602,31276612663,13778824518,8198832553,2585000000,24475255821,-28179623,4319989154,3890230882,22960666629,25.79,2,49.49,93.33,50,-3.658536585,20,0.075724,5.332472,0.68718624,2.460886,1.7448744,1.5119663,0,0.8565918,0,0.01150009,0.40634128,0.83689046,0,0,0,0,1,0,0,0,1
870.2,6.55,16500,1087,15360574,1.10E+11,51135059601,55114870159,1478650358,8774543000,81391509055,-8745519943,8002054349,7987597765,41700190448,20.04,6,83.8,70,142.11,0,0,0.268174,6.9884424,0.83948696,4.7321787,3.5400562,0.25185493,0,0,0,1.965351,4.7408395,0,0,0.19975878,0,0,0,0,0,1,1
14.69,27.2,10000,24,4733428,2550141653,1074668784,2769010588,432473190,2109214000,-13942713660,-1032305278,-1613432097,-1756111764,1245091612,10.69,1,29.76,93.75,-250,0,0,-0.080933,0.12987939,0.69955885,1.7105514,0.5952113,0.35000774,0,0.08601481,0,1.1905719,0.911127,0.14036925,0.5215314,1.370653,2.9358969,1.1070889,0,0,0,1,1
326.77,4.15,10500,797,4384587,13843834056,13478967618,9234002648,5003541254,1522793500,8055209011,3507255261,2541095035,2222163720,16305050828,44.04,6,54.49,93.75,100,2.857142857,0,-0.437274,0,1.2047881,1.9381512,3.5879953,0,0,0,0.847275,0.3862282,1.9131938,2.6385622,2.7922351,1.4445695,3.811447,0.7047304,1,0,0,0,1
907.12,30.41,23000,1028,4028700,24703577548,13029610281,10583989488,2851612582,1777612000,14704977882,484343810,6203087701,5169983224,44491538033,33.65,6,39.88,94.74,183.33,2.53164557,0,-0.816659,0,2.233994,3.08446,1.9676521,0,0,0,0.32832107,2.591592,2.2355647,0,1.4968948,0.8142653,3.172483,0.96511716,1,0,0,0,1
1452,21.85,36000,2095,2442140,28806826723,4431712823,24248325778,1229800928,1000720000,2209236902,85010092,1641595961,1212648644,24389761911,43.06,1,62.22,93.33,150,4,0,-0.520935,0.75349987,2.0540106,4.402422,0,2.3533974,0,0,0,3.2526371,5.044526,0,0,2.4933944,0,0,0,0,0,1,1
842.79,60.4,11000,1207,7356170,8376169203,8565038471,3490844688,3788987937,3060085000,-2109342813,128719962,1391658801,2181557522,6148463824,50.1,1,63.2,93.75,300,2.597402597,0,-0.596487,0,2.3918824,2.4477298,4.3265944,0,0,0,1.4060074,1.1153456,1.9482709,2.1028113,2.652744,0.69749194,4.077197,0.74384916,0,0,0,1,1
1,21.36,14000,894,4065584,7677851519,10623868095,10416208569,4213536876,1620792000,-6599219363,0,737161437,-1079249933,3301702672,25.14,2,32.34,93.75,100,3.773584906,0,-0.119766,0.49166325,0,2.5516617,0.15958461,4.053105,0,0,0,0.5099467,3.3766158,0,0.5047799,3.7862773,1.4765129,0,1,0,0,0,1
1051.52,1.6,40000,895,4372640,38157939625,23231132338,26514874619,3936298584,398000000,22743331803,498992887,2891995483,3445427331,30740261859,36.59,30,71.43,76,200,0,0,0.548573,6.361449,0.58327705,4.2903657,3.1428485,0.11512622,0,0,0,1.7194345,4.0950527,0,0,0.34003663,0.6374867,0,0,0,0,1,1
616.71,3.8,16000,29,8196186,28871915969,18067375372,16186206811,728426896,651545000,22554642649,-29536702,6849442630,5459738427,31496649226,55.91,2,62.7,93.33,100,-3.797468354,8.333333333,-0.726698,5.518128,0.77793723,2.5178337,1.8405848,1.6735528,0,0.8239371,0,0,0.437994,0.84913796,0,0,0,0,0,0,0,1,0
1,6.72,11000,3,57848466,1.57E+11,2.65E+11,1.27E+11,49729910904,25924233000,1.69E+11,3867693198,32626056531,37013933125,2.25E+11,71.38,6,72.13,92.86,125,-9.210526316,-40,-0.336958,1.2126123,0.22769155,2.3139117,0.3788437,1.9376898,0,0,0,0.9362894,1.9216144,0,0,2.447892,2.4158971,0.23394853,1,0,0,0,0
433.6,35.9,23000,478,12687732,117182,48500,59656,7198,1188,73500,704,18716,20559,195684,55.85,6,79.3,93.33,100,-2.898550725,0,-0.232077,0,0.99725926,1.7115772,3.5378797,0.99304134,0,0,0.46277374,0,1.9684331,3.0472963,2.9896464,1.8805038,3.4404037,0.20786858,0,0,1,0,1
69.81,0,9000,8,14894862,21083839055,1706248497,710930540,2133847117,1283486200,-23200006378,1443284771,-7749966319,-7658330535,115892489,25.81,3,52.43,93.33,-57.14,1.388888889,0,-0.178494,0.6076475,0.47658858,1.922105,0.3015286,1.348578,0,0,0,1.0211464,1.3234789,0,0.13785928,1.9868935,2.6497998,0.64231914,1,0,0,0,1
352.61,5.79,13000,142,31359350,45947902046,38618020423,18203871051,10529400840,2725935000,-7775335336,149615148,-2790215030,-7732192791,32726222377,7.01,1,75.44,93.33,100,-2.857142857,0,0.264195,5.1024966,0.73331934,2.5713167,1.4554965,1.8724753,0,0.035648726,0,0.44413704,1.4176778,0.054736383,0,0,0,0,0,0,0,1,1
465,58.25,53000,195,135000000,1652382108,7135024213,1214332521,3141923748,12500000,2465060997,1953589055,135270960,429259241,3614930239,23.24,6,88.27,93.33,100,1.408450704,0,-0.564848,0,1.6250373,3.0385056,4.5687313,0,0,0,1.9871726,0.6976092,1.768908,2.1772313,0.87195706,1.2138604,3.89811,1.2144265,1,0,0,0,1
645.91,4.9,22000,1438,18103287,175708,45691,155522,16195,9078,-24334,333,1763,-4363,143173,39.04,30,82.23,72,233.33,-1.388888889,0,-0.266462,7.472086,0.95586026,4.6617265,3.679349,0.659064,0,0,0,1.7661996,4.541396,0,0,0.045554012,0,0,1,0,0,0,1
1196,8.32,17000,1396,11110000,61747175782,49232683812,36685902116,708601869,4800000000,68785355609,0,11585204880,10058604977,77852155628,60.52,2,73.9,93.75,100,10.76923077,0,-0.413016,0.7892432,0.56655556,3.5996075,0.3707355,2.3840284,0,0,0,1.9153378,4.534116,0,0.100325994,3.4019828,1.3764869,0,1,0,0,0,1
114,2.88,20700,21,70718000,1950912,5117145,2769541,1984076,5033,707632,-358856,450742,371782,6196497,29.74,6,66.5,94.44,0,1.234567901,0,-0.386403,0,2.7288043,1.8697426,2.0034058,0.65137863,0,0,0.13885887,1.8873265,1.1422788,0.47555968,1.6673119,0.67285824,3.397878,0.40989944,0,0,1,0,0
1356,5.18,3200,1748,55995890,25714288173,37175017654,23393186039,5566984685,23691515000,-41430974723,908700365,-4395696565,-10611327531,21554912796,21.96,2,67.84,93.75,200,5.952380952,0,-0.261016,0.3758556,2.8910496,4.699204,0,0.9304504,0,0,0,4.2801495,4.4934897,0,0,1.589705,0,0,0,0,1,0,1
378.67,77.9,30000,449,25906758,2.29E+11,1.14E+11,1.67E+11,59728332424,1.12E+11,2601365410,501793426,30678400478,32314604393,2.87E+11,57.2,6,73.32,93.75,140,0,0,-0.391471,0,1.7577803,1.6521367,3.2050056,0.45675233,0,0,0.58688825,0.57979095,1.6321372,2.3360054,2.878546,1.2614824,3.7308345,0.40028766,0,0,1,0,1
12.41,0,21000,590,8508012,16610761881,39363432424,41206973055,9436858432,3237039500,-27028829691,1776522528,-4309768802,-6961077219,6356016501,24.88,2,50.77,93.33,-125,-2.702702703,0,-0.549385,0.5324423,0.3570509,2.1229508,0.38666177,1.2309606,0,0,0,1.0832776,1.5889163,0,0.29158115,2.1268244,2.7058687,0.7245761,1,0,0,0,0
77,0,22700,12,6216726,5061432587,1014304628,8322446747,441102152,2696363000,-41556695084,2288299392,-1498581367,-2901415156,221133241,17.69,3,53.47,93.33,0,6,0,-0.221209,0.5555215,0,2.2625089,0.09433912,4.496999,0,0,0,0.2720354,2.639,0,0.41173986,3.794018,1.8704023,0,1,0,0,0,0
372,22.8,27000,13,20008001,8950782820,5618895032,1281402427,1295585144,7974589000,0,-8678742864,-1717048561,-1669396314,261525636,17.66,2,55.31,93.75,125,11.76470588,0,-0.538066,0,0.71441334,1.5950449,0.5346161,0.2924606,0,0,0,1.1876527,1.0373927,0.04648921,0.8108693,1.2642484,2.6976197,0.95411915,1,0,0,0,1
1,7.56,40000,1175,13188237,30747727876,3790703730,24314623730,4576038311,4649179000,-1.20E+11,-5798708,-10590670659,578563588,52631580,26.56,2,59.16,93.75,100,5.555555556,0,-0.14301,0.5929067,0.99423516,3.750021,0.19553432,2.1015282,0,0,0,2.3022554,4.7145686,0,0.036025956,3.1694796,1.0700969,0,1,0,0,0,1
45.68,13.73,70000,0,14646140,3.86E+11,2.08E+11,2.92E+11,85126919853,6224570000,2.11E+11,-301678813,42247308222,32618625149,3.38E+11,35.7,6,44.52,92.86,-100,2.777777778,-16.66666667,0.26332,0.52995735,0.26339132,2.0731165,0.318553,1.211629,0,0,0,1.0294284,1.5315732,0,0.3027243,2.1752508,2.7260666,0.77122617,0,0,1,0,1
66.03,0.1,20000,162,10869315,15817938681,8460800202,3449646841,3611151433,4434657500,0,-16850058379,-3420026285,-4853267596,3121323171,37.26,1,68.26,94.44,-62.67,0,33.33333333,-0.505129,0.8859676,2.2671254,3.5211875,0,0.5746046,0,0,0,3.5210152,2.7712064,0,0,0.62483907,0,0,1,0,0,0,0
620.04,14.5,13500,923,4854900,21971799477,5175596305,4887489470,2131663182,625000000,12967333020,260897288,4208086975,3657962582,20614790949,50.45,6,61.44,93.75,100,0,0,-0.381415,0,2.79591,2.1506855,1.7824928,0.42198926,0,0,0.047424324,2.3598502,1.3707123,0,1.7730407,0.66649276,3.5813777,0.65865576,1,0,0,0,1
26.7,2.49,13000,262,22004200,98452520296,47261273773,11398092233,4723879823,10002100000,-34150030071,9284604270,-45844682268,-44667883758,3500000000,0.07,1,40.06,93.33,-60,4.411764706,0,-0.614462,5.7446327,0.42446804,3.096496,1.9523399,1.6404778,0,0,0,0.5997286,2.4066837,0,0,0.17845947,0,0,1,0,0,0,1
2068,25.28,14000,2968,7871428,12081452588,20552846208,4323846188,6528321237,2900000000,14337335600,89218071,1912563145,1905555335,8380495876,3.24,12,69.13,93.75,156.25,-1.149425287,0,0.206709,0.86344576,2.3157294,3.7527323,0,0.6553211,0,0,0,3.7131107,3.0678558,0,0,0.86108255,0,0,0,0,0,1,1
1134,4.38,17400,1479,7164618,30979453428,14560331021,14178966268,4901099921,3048434000,12933076101,201205607,5830306653,5406574699,29272937464,31.05,6,50.54,93.33,100,-1.149425287,0,0.285283,0.81531835,2.3281286,3.591848,0,0.65187585,0,0,0,3.5999706,2.8659656,0,0,0.7358477,0,0,0,0,0,1,1
1613.84,15.34,10000,1537,6193410,20158981249,8713326726,3106491272,1385309914,2300000000,21835850174,154653690,3881616944,3104069580,11549968592,72.96,1,75.97,92.86,218.18,0,33.33333333,0.064681,0.9561497,2.2114947,3.5009403,0,0.5470494,0,0,0,3.4816349,2.7531023,0,0,0.5891049,0,0,0,0,0,1,1
1729.63,10.87,16400,2029,3686835,20598044883,5199532315,7833004055,418006969,1479592500,5792651247,176828311,2762814162,2266371069,26979753452,42.41,2,73.04,93.33,100,-5.681818182,20,-0.439887,1.7478393,1.0671629,3.2642882,0,0,0,0,0,2.7778296,2.5287263,0,0,0.59231263,0,0.23547179,0,0,0,1,1
946.89,3.95,11000,514,5652665,19900951648,8849919052,9241411684,5882905500,2414332500,6227646185,365972173,550113693,818140423,10377595527,52.02,2,56.57,94.12,250,5.479452055,0,-0.592425,0,1.0751759,2.5815966,1.2933615,0,0,0,0.04709238,1.816477,1.8448914,0,1.1345606,1.3384848,2.9040644,1.1096101,1,0,0,0,1
934,1.5,20000,354,6811080,11409636655,7509348992,2667630991,3935714730,2671665000,-15518299267,314757644,3309482340,-2224057324,13258238376,24.23,2,58.95,95,100,5.952380952,0,-0.359274,0.3758556,2.8910496,4.699204,0,0.9304504,0,0,0,4.2801495,4.4934897,0,0,1.589705,0,0,1,0,0,0,0
274.55,7.3,31800,134,30000000,2.50E+11,1.01E+11,2.05E+11,49658000000,27000000000,70382000000,-87000000,46558000000,33507000000,4.24E+11,60,6,68,93.33,100,0,0,-0.146963,0,2.6894822,2.7934089,2.0216208,0,0,0,0.30133498,2.6646314,1.9436216,0,1.5310748,0.6252376,3.2773342,0.85091656,0,0,1,0,0
206,1.93,11000,42,26429162,23147281314,1147772639,5127502088,20657897978,11194126500,-31622770592,534557164,-2017672925,-3148949459,500000000,40.29,3,60.64,94.12,0,-1.149425287,0,-0.290804,0.85683966,2.3154716,3.7189746,0,0.66132665,0,0,0,3.6878083,3.024615,0,0,0.8406146,0,0,1,0,0,0,1
36.3,0.9,3000,180,61622771,131987158,34722462,16032478,0,30008466,86995099,40255,19792757,16978018,45250584,38.19,1,69.66,92.86,7.69,-1.428571429,0,-0.446986,0,1.0286419,1.7724377,3.5429475,0.8894362,0,0,0.48497367,0,1.9835383,2.971222,2.9567387,1.8460007,3.4157135,0.22807401,0,0,0,1,1
553,93.2,8300,675,6175230,1.37E+11,1.65E+11,1.77E+11,22957120209,2661825000,76333458367,18545356586,6452000788,3385863020,60475954424,30.37,6,64.67,93.75,255.56,-3.947368421,0,-0.878239,0.97942924,2.8535855,3.7875295,6.504514,0.0392441,0,0,2.9766436,0.2389363,1.2354019,3.0601087,0,0.13990542,2.8275163,0.15475954,0,0,1,0,1
51.11,0,40000,638,3808948,15390838063,2190033748,1888882238,664821241,1683024000,-3124942838,1236142151,-3381219178,-3248280165,3507187594,25.24,1,60.77,92.86,-153.33,1.388888889,0,-0.668149,0.5339373,0.58180165,1.9064902,0.22805041,1.4460443,0,0,0,1.1012762,1.3239992,0,0.13829653,1.989208,2.7056687,0.6305837,1,0,0,0,0
891.1,15.8,40000,426,10000000,59299764200,61881475202,20148282954,2154916956,3988147000,86469726234,632585274,17660130477,14851179447,83618876773,59.78,6,64.32,95.24,100,-4.225352113,0,-0.370572,0.03261194,0.5330798,1.8673791,0.93569756,0.26003543,0,0,0,1.039948,1.2332776,0.3539701,0.8031559,1.4724615,2.8157313,1.0297054,0,0,0,1,1
24.79,2.27,6000,42,21257999,32010983591,5174218110,7076469521,3860000000,7662870000,9342281658,-55727077,9364857608,5817839989,1.36E+11,5.64,1,58.65,94.12,-200,1.162790698,0,0.621663,2.6627295,1.2348714,2.8531241,0.22910771,0,0,0.3254044,0,2.3320653,1.5404252,0,0,0,0,0,0,0,1,0,1
265.38,0.4,4700,591,27872369,98801622813,1.73E+11,1.36E+11,52721046503,11767320000,58317503000,80519671,24515056511,19847171007,2.24E+11,63.41,6,67.24,94.44,100,0,0,-0.452219,0,2.696669,2.78612,2.0248122,0,0,0,0.29251793,2.644857,1.9323862,0,1.4863673,0.6241492,3.2298813,0.8101598,0,0,1,0,0
123.2,0,10500,83,3397702,12229430310,5264866195,1059339522,495866059,1507601000,6386996825,-1238204751,177238140,275642706,2364028005,42.82,6,44.57,93.75,100,4.47761194,0,-0.287066,0,1.5949552,2.225441,4.2040973,0,0,0,1.193016,0.48677677,2.2241342,2.6358423,3.162012,1.1506001,3.8009677,0.6496919,1,0,0,0,1
1,55.7,24000,1521,73204731,2.73E+11,4.49E+11,1.48E+11,74011393182,5720473100,1.26E+11,9784148013,28735476116,27807203725,2.03E+11,53.64,6,68.31,93.33,100,11.29032258,0,-0.178494,0.28380024,0.2871049,2.4764493,0.090721264,3.2546453,0,0,0,0.8747591,3.2544894,0,0.2635554,3.1906738,1.008589,0,1,0,0,0,1
1732,45,39000,182,475100237,2.80E+13,6.02E+11,3.52E+11,2.54E+13,2.05E+12,32833067812,5739818080,53979324306,46656185491,2.25E+11,27.26,6,72.99,94.12,100,-6.666666667,50,-0.484629,0.41886663,3.285104,4.4649324,0,1.1185403,0,0,0,4.625102,3.8147545,0,0,1.0415779,0,0,1,0,0,0,1
1714,70.44,90000,29,130367125,1.54E+12,64211611909,5.52E+11,24168381766,11114446000,-1.91E+11,25211151093,10780817525,11986010978,1.07E+11,47.83,1,61.09,92.86,100,0,33.33333333,-0.03018,0.8445177,2.3163285,3.548094,0,0.623962,0,0,0,3.5638916,2.7934084,0,0,0.6670044,0,0,1,0,0,0,1
672.71,42.9,57000,731,8863869,48506353362,19153304522,54893962469,3327590888,3970307000,0,-6880460471,2876178375,2275605893,83479623012,36.02,6,50.81,93.75,100,-1.265822785,0,-0.183117,0,2.8483331,2.8515148,1.9794915,0,0,0,0.29808995,2.8172703,1.8794479,0,1.5093244,0.47419825,3.2872326,0.837565,1,0,0,0,1
924.83,2.4,9000,1067,5761200,3991749377,11749472179,3546495170,9176423431,2411950000,-1454594027,-632161448,89362250,-73307635,5334067169,26.38,2,64.17,93.33,100,2.777777778,-16.66666667,0.466516,0.5289161,0.26455307,2.0679142,0.3217177,1.2089834,0,0,0,1.024826,1.5167643,0,0.30320868,2.169559,2.7237165,0.7700107,1,0,0,0,1
595,85.45,6500,807,12373089,70371825567,1.10E+11,63124274503,43489380449,4899044500,27233717544,42040955500,8566983319,7455819657,1.36E+11,23.58,2,56.65,94.74,187.5,0,0,-0.867884,1.5025198,2.8488524,4.2951975,7.0754457,0,0,0,3.23694,0.33495173,1.4384869,3.233464,0,0.049017232,2.774088,0.1794504,0,0,0,1,1
952,3.44,4000,1345,13346380,34240222045,1128472798,5763131638,4785088225,2340500000,18514212785,300087634,1207846478,940668827,3371858096,35.73,24,66.69,70,200,-5.479452055,0,0.849809,8.328423,0.7319883,5.182824,4.615511,0.5168098,0,0,0,1.6516767,4.9918623,0.17508574,0,0.1131884,0,0,0,0,0,1,1
198.93,1.25,22500,9,14389041,49814351873,29732675048,4168394891,3030992010,6169890000,-85823438343,1992346328,-4067648306,-52132058866,3156092272,27.65,3,71.3,70,100,-5.479452055,0,-1.714189,8.267823,0.74718153,5.1458573,4.577491,0.46814486,0,0,0,1.6377481,4.8774343,0.19115765,0,0.04860913,0,0,1,0,0,0,0
60.49,0,3800,0,54657894,258246769,79660677,66813131,63698,34371405,236659212,0,40079227,33666785,66162040,52.62,1,74.39,93.75,0,0,0,-0.886481,0,2.7771542,2.208165,1.7688383,0.3369718,0,0,0.05377448,2.4218955,1.392698,0,1.7957963,0.67111117,3.6079566,0.7117995,0,0,1,0,1
865.66,27.8,4500,850,15610000,27063776537,1739605009,4433706622,1143973819,7695000000,15584486630,-637097653,8156161804,6198119643,14861383788,41.64,6,74.38,93.33,225,1.315789474,0,-0.29897,0.15559784,0.5533047,1.7024738,0.38583338,0.3343065,0,0.06046944,0,1.15089,0.9786908,0,0.5145413,1.4175347,2.6482484,1.0319697,0,0,0,1,1
934.42,40.19,20000,886,5977430,7587433430,23712055327,7441470265,5126340193,2167700000,7538341875,9025636424,4799733563,4001533596,28848365280,37.84,1,82.6,93.75,166.67,5.128205128,0,-0.36993,0,2.3678286,2.8504338,1.6086001,0,0,0,0.19127797,2.644843,1.9425691,0,1.2229829,0.68579,2.9961498,0.8565168,1,0,0,0,1
833.46,62,110000,263,10710000,48724674488,25523984679,5684886370,1547633310,4545000000,58749967643,2010797844,10337827573,9757743690,18748442271,60.6,6,74.66,95.24,300,0,0,-0.504646,0,1.7344202,1.6538281,3.159373,0.52551854,0,0,0.5889637,0.5277941,1.5432849,2.284345,2.6906219,1.238528,3.5824578,0.34198052,0,0,0,1,0
66.2,3,16000,5,4034800,28977403932,15794374033,6814816724,1965841301,1400000000,34639836046,-48716106,3524896903,2971201365,22514525492,69.64,6,70.5,93.33,41.94,0,0,0.118184,0,1.6976315,1.6567522,3.142511,0.53860486,0,0,0.590384,0.5059431,1.5305748,2.2732573,2.6320705,1.2497218,3.5453548,0.34310696,0,0,0,1,0
239.23,0.5,15500,34,7486442,7976397520,6695427976,2032269408,583646749,3022221000,2085884871,372638218,191527654,219774608,3506428302,45.76,24,63.69,71.43,100,0,0,-0.570024,6.962365,0.8212471,4.711197,3.522182,0.24174556,0,0,0,1.9526151,4.7109637,0,0,0.20608579,0,0,1,0,0,0,0
873.2,14.71,13500,2267,10867713,13671832354,22616750878,30439860130,866063754,870059300,-10149814953,1797737063,-6655066594,-6716915237,8127683890,35.39,36,75.58,70,225,4.347826087,0,-0.524289,7.294007,0.76483995,4.6740756,3.7290614,0.57781386,0,0,0,1.710905,4.6513352,0,0,0.27156165,0.14021918,0,1,0,0,0,1
965,9.26,23000,1450,4442278,25553533,15141586,15597395,99675,311106,22308961,137340,3863017,2876182,19566070,64.56,1,86.4,70,133.33,0,0,-0.433785,8.097628,0.7344125,5.1030884,4.43011,0.72002745,0,0,0,1.6361008,5.067954,0.094384484,0,0.20950212,0,0,1,0,0,0,1
1,5.3,11000,1105,5862750,18712603805,27358592258,27607467691,7991226735,2480506500,1905399459,-468626150,3254586252,3400683377,38285948677,31.6,2,53.7,93.33,100,2.777777778,-16.66666667,-0.329761,0.5224823,0.2513566,2.065173,0.32737607,1.1971161,0,0,0,1.0194707,1.5151122,0.000689849,0.31035483,2.1714704,2.7297223,0.7832646,0,0,0,1,1
1637,36.2,20000,1408,8909420,52399536721,49890950771,27283696862,6277179829,3790710000,29040002060,15603585722,10491757934,8217629859,23082767351,49.68,2,78.56,94.44,100,-1.176470588,25,-0.336892,1.6571908,1.6208524,3.6165042,0,0.4232203,0,0,0,3.2633758,3.019485,0,0,0.7398314,0,0,0,0,1,0,1
1362.5,3.4,7000,1989,9939614,6925177459,8152644322,2947287458,3320066155,4454807000,-12249270327,1684657861,-2057246152,-2027030543,9950753269,40.53,5,64.42,71.43,220,1.470588235,0,-0.379293,7.320406,0.6242932,4.774683,3.8310661,0.67578363,0,0,0,1.6963304,4.9035296,0,0,0.46544582,0.15582445,0,1,0,0,0,1
40,0.81,25000,8,48086533,2.34E+11,2.51E+11,2.28E+11,58485346040,23442184500,1.28E+11,2311320356,38477578164,26543858363,9.11E+11,72,1,77.6,50,-104.49,-1.149425287,0,-0.50797,0.8242076,2.3701952,3.941938,0,0.6411418,0,0,0,3.8578498,3.345021,0,0,0.96793795,0,0,0,0,0,1,0
50.19,0.99,5800,327,100000000,45669622832,1.90E+11,18781993565,20669248608,40000000000,1.13E+11,43258534623,77402377113,63059531179,1.04E+11,52,6,80,94.12,0,-1.162790698,0,-0.178494,1.3036656,1.8997949,3.5830727,0,0.6665757,0,0,0,3.3820612,2.95344,0,0,0.7882068,0,0,0,0,0,1,0
75.3,0,14000,453,4270000,19743295937,7310116050,16995869769,3807776165,1462594000,-3707753099,8701442,2723327656,2555349432,17547374309,37.63,2,46.63,92.86,-50,2.564102564,0,-0.527763,0,2.5102754,2.3654346,1.7383462,0.06991853,0,0,0.014285964,2.4114757,1.6515597,0,1.8748418,0.8329474,3.5638244,0.82286954,0,0,0,1,1
120.75,2.55,10000,265,8995904,38268481188,40740893310,14737440216,25238727319,4571242000,-22446160651,2516194787,1735834354,-7135590009,34734675846,39.44,2,60.33,93.33,-150,-9.210526316,-40,-0.272181,1.1758732,0.2620323,2.3098552,0.37190276,1.899703,0,0,0,0.96900123,1.9125268,0,0,2.4188983,2.423739,0.26034987,0,0,1,0,1
1482.6,6.86,25000,1386,5680444,20953217199,1828811624,5654690056,3915783917,2222222000,-4287326653,107359263,-1176228385,-1147570972,2618518531,23.93,2,76.31,93.75,100,-5.747126437,28.57142857,-0.387523,3.1288066,0.75775373,2.3342607,0.38131586,0.1518398,0,0.55492663,0,1.4862313,0.99273026,0,0,0,0,0,1,0,0,0,1
39.79,2.51,4700,600,3793630,18391438384,5661092036,15307448484,664241200,1381815000,4925290159,-31045713,2165094261,1733875279,36025208175,41.2,6,71.87,94.74,0,-2.777777778,0,-0.219675,0,1.302424,1.8234884,3.3932323,0.556668,0,0,0.5850779,0.2971312,1.8855001,2.5614552,2.7220144,1.5545975,3.464428,0.36053073,0,0,0,1,1
37.77,6.04,18000,4,24031048,79949643680,2.19E+11,92912750686,53450207837,2218616600,48008855066,14716239453,4217260505,2492501109,1.22E+11,69.5,2,87.98,90.91,-187.5,-2.702702703,0,-0.178494,0.5549244,0.45474,2.0468907,0.420602,1.2293278,0,0,0,1.061443,1.4483677,0,0.2024492,2.000052,2.6288402,0.66683275,1,0,0,0,1
945.66,2.25,10000,231,6388000,1.92E+12,0,1.87E+12,0,23700000000,33254372611,-5527260588,4625762958,3419727827,49045431460,24.19,6,76.33,93.75,100,-2.702702703,0,0.1035,0.524082,0.42607298,2.0991776,0.42118675,1.2238146,0,0,0,1.0843009,1.5196652,0,0.2701943,2.0566351,2.6616979,0.6804962,0,1,0,0,0
57.68,4.47,11000,430,20000000,1.21E+11,2.50E+11,1.11E+11,31362267427,1.00E+11,1.29E+11,0,27635421780,24854483893,3.18E+11,19.9,6,67.84,93.33,33.33,-2.777777778,0,0.072658,0,1.302424,1.8234884,3.3932323,0.556668,0,0,0.5850779,0.2971312,1.8855001,2.5614552,2.7220144,1.5545975,3.464428,0.36053073,0,0,0,1,1
580.68,30.91,13000,745,8075000,38497655707,45719357968,30207739257,19457430818,3500000000,12793683759,60630408,12834781242,7777370325,69143837080,43.34,6,64.71,93.75,100,5.333333333,0,-0.218868,0,1.4747554,1.8642318,2.0766027,0.7936093,0,0,0.33709309,0.85421973,1.0118667,1.2469997,1.04806,1.364311,3.3733823,0.66043466,1,0,0,0,1
1267.6,8.9,16000,2518,5661970,12984,2496,2606,873,2522,538,207,502,876,8916,18.47,3,67.64,84,200,1.470588235,0,-0.234945,7.3271675,0.6455263,4.7625637,3.8293853,0.6714018,0,0,0,1.6940713,4.87443,0,0,0.44105485,0.1574189,0,0,0,0,1,1
573,30.8,54000,391,5340000,48215244535,34910426608,45140765577,8782876251,2000000000,27213838613,-11809298,7398533150,6728678985,77652232459,60.3,6,67.32,94.12,100,0,0,-0.088795,0,1.7434282,1.1199965,1.8442882,1.5842346,0,0,0,0.61852086,0.7354981,1.7391685,1.81736,1.5502635,3.6067114,0.3087976,0,0,0,1,1
868.62,41.74,16000,752,15729940,14935232538,20944877965,4544405644,2654628114,6577470000,492436033,4355402575,64738307,-377726061,3380088734,28.55,1,47.13,93.33,216.67,-2.53164557,-14.28571429,0.108247,0,1.7777959,2.5698285,4.098307,0,0,0,1.2446027,0.91967773,2.2144132,2.1256094,2.713777,1.0754794,3.8946607,0.8504284,1,0,0,0,1
163.5,2.9,34500,0,9152858,33192389949,13758420633,13798520620,6498035816,3500000000,22275101386,0,6570181148,5880505883,19981636981,53.32,6,68.53,94.44,100,-5.333333333,0,-1.283748,0.2536979,0.4308057,1.7241961,0.19447497,0.9052572,0,0,0,1.0346701,1.0909944,0.017914258,0.429146,1.8153913,2.7127025,0.86375296,1,0,0,0,0
1836,17.3,13000,1725,5081792,29220818502,5088075725,17300986355,925278206,405179200,24872435527,-9194985061,2785574622,2296576120,41835502370,17,6,72.39,93.33,200,-2.666666667,0,0.048358,7.5437374,0.9666093,4.638606,3.8885853,1.1730412,0,0,0,1.4874775,4.4983983,0,0,0,0,0,0,0,0,1,1
988.32,0.16,18000,734,8503460,20744148059,18158713615,13305924000,3361762006,3479230000,17590684959,1165260709,3668321605,4195570793,25900014771,65.57,30,80.22,81.82,233.33,2.816901408,0,-0.405525,7.504909,0.9420762,4.6922016,3.7334664,0.6607461,0,0,0,1.7602254,4.5740275,0,0,0.02760747,0,0,1,0,0,0,1
1594,30,45000,1956,7955874,69623298005,72374504976,64762343708,10728840569,3311808000,39392628623,10098825033,11238744762,18897442285,51374145182,45.32,2,57.15,93.33,155.56,7.692307692,0,-0.310508,0.5112727,2.5853684,4.4544005,0,1.7327802,0,0,0,3.8333256,4.5422764,0,0,1.9598745,0,0,1,0,0,0,1
599,95.2,104000,175,9803360,2.78E+11,1.95E+11,81137353240,16834423735,4901680000,3.87E+11,-77064926877,25123363676,19234322376,1.42E+11,33.1,6,94.18,92.86,100,-2.739726027,-10,-0.430818,0.7808873,2.8871279,3.724894,6.4837437,0,0,0,2.97482,0.2903104,1.2722608,3.0429265,0,0.118964136,2.9409015,0.22015983,0,0,1,0,1
185,1.5,25500,167,14589324,22240845242,5510220244,2311753978,2455404589,6441162000,-1.17E+11,1162097,-7252056257,-7233190003,1407810769,32.73,2,59.54,92.86,100,5.555555556,0,0.135085,0.62400675,0.82705355,3.5689304,0.23062247,2.2658317,0,0,0,2.091917,4.4549932,0,0.05261845,3.1840692,1.2093371,0,1,0,0,0,0
818.5,26.29,17000,1632,10193520,7256819362,8646586217,9074092624,9424539077,4169760000,-10379800574,2197683414,-3292521363,-2539505707,6040367765,26.92,3,81.82,66.67,200,0,0,-1.025747,8.051719,0.841566,5.0681105,4.482968,0.42892885,0,0,0.08664505,1.6417449,4.715535,0.17141145,0,0,0,0,1,0,0,0,1
1219,7.23,25000,1500,13355968,8909941033,1946579773,594697903,736094900,5657984000,2042165196,-48872630753,-2436953361,-2415690291,0,17.03,3,59.03,93.33,100,2.272727273,0,-0.240773,0.26868764,3.4150162,4.58861,0,0.9911446,0,0,0,4.7372417,3.9841416,0,0,1.0833896,0,0,1,0,0,0,1
52.89,0,4000,155,26876911,11011536585,53481441762,36549389258,7600279713,11635955500,-16528162931,1474815558,-21482059260,-35758464934,8409446476,16.5,3,57.23,93.75,-166.67,2.702702703,0,-0.066498,6.4275293,0.77057284,3.8567247,2.7904088,1.1994333,0,0,0,1.1755403,3.5093534,0,0,0.014221789,0,0,1,0,0,0,1
20.88,4.7,20000,178,13598293,26180914323,62211970214,9948815372,34334357943,5982368000,-1.43E+11,7236485383,-1.40E+11,-12610702106,0,11.32,5,85.21,70,-264.86,-5.479452055,0,-0.03594,8.267823,0.74718153,5.1458573,4.577491,0.46814486,0,0,0,1.6377481,4.8774343,0.19115765,0,0.04860913,0,0,1,0,0,0,1
709.15,35.24,21000,959,7227262,5001273394,494374231,860117201,112365585,2816411000,-29825490089,0,-6426665925,-7536642922,0,13.52,1,54.93,92.86,100,-2.898550725,0,-0.308629,0,1.0448481,1.5082062,3.3030522,1.32488,0,0,0.33394316,0,1.7233536,3.0341256,2.861333,1.9887446,3.5989962,0.21752617,1,0,0,0,1
191,1.2,13000,10,8010968,11384,36200,2653,1693,3284,-37457,5760,-2426,-2030,2152,0.89,2,63.35,92.86,0,-2.666666667,0,0.37565,7.5437374,0.9666093,4.638606,3.8885853,1.1730412,0,0,0,1.4874775,4.4983983,0,0,0,0,0,1,0,0,0,1
86.97,13.79,44000,7,3961829,35518206323,32230347945,13511229656,11528731325,1326540000,35604079628,1637184322,7290281763,6792418592,31683144251,61.62,2,75,93.33,-64.35,-3.797468354,8.333333333,0.394247,5.444276,0.7483125,2.4855947,1.8125615,1.5935977,0,0.8586259,0,0,0.40286666,0.865514,0,0,0,0,1,0,0,0,0
243,22.05,498000,7,48898070,1.44E+12,6.57E+11,5.10E+11,1.67E+11,4278618500,2.32E+11,1.81E+11,2.27E+11,1.94E+11,4.61E+11,13.28,6,58.53,51.85,100,-6.666666667,50,-0.93195,0.4450004,3.2498748,4.4322467,0,1.1478921,0,0,0,4.5893836,3.792898,0,0,1.0391799,0,0,1,0,0,0,0
7.89,0,30000,0,11715480,1.35E+11,80796642252,72898297195,4090000000,9957480000,1.28E+11,-775186232,19936407762,18427653080,1.23E+11,59.6,2,67.06,95,-95.24,0,0,-1.077649,0,1.11291,2.579595,1.2605628,0,0,0,0.027920425,1.853328,1.8340986,0,1.1393367,1.3295097,2.9187822,1.1017649,0,0,1,0,0
933.9,0.87,13000,1037,23955983,23825955342,4777978936,5885893813,1347565650,10432991500,-45674517979,3094362088,-5907215539,-5574612240,11551156056,16.21,36,71.77,66.67,240,0,-7.142857143,-0.644137,6.172145,0.60625446,4.2497354,3.2047207,0.014549073,0,0,0,1.668913,3.9828596,0,0,0.38042825,0.80012,0,1,0,0,0,0
494,1.19,13900,341,13205141,11901306848,9917097637,1637521531,1678785092,1117364900,-17159203046,198036474,-5765827798,-6724218652,6973715142,24.14,2,53.21,94.12,100,5.555555556,0,-0.052457,0.67067146,0.75743073,3.5539367,0.26528245,2.3496313,0,0,0,2.033364,4.442236,0,0.07042697,3.254147,1.2954627,0,1,0,0,0,1
153.08,10.42,41000,5,17988000,40637901116,35396898967,27946452462,3775200521,7312207500,33147105356,400434434,15451834876,11892942165,90300608069,69.03,6,73.75,93.33,100,-4,0,-0.287281,0,1.5942758,1.1494288,1.770281,1.5183578,0,0,0,0.5945121,0.6921325,1.6242557,1.5472647,1.5447153,3.4666767,0.35852534,0,0,0,1,0
230.02,1.36,6000,242,5589290,15323422748,18912162100,6053586975,7322490168,2290000000,18477204664,92303041,1892888374,1421879713,13916104167,44.74,6,74.34,93.33,0,2.857142857,0,0.997077,0,1.2047881,1.9381512,3.5879953,0,0,0,0.847275,0.3862282,1.9131938,2.6385622,2.7922351,1.4445695,3.811447,0.7047304,1,0,0,0,1
841.12,1.2,18000,984,19592224,2.14E+11,1.76E+11,2.16E+11,43591378363,8508612000,98171840731,8749642966,14863499071,10427172986,2.56E+11,58.27,6,87.84,77.78,300,-2.777777778,-7.692307692,-0.677916,6.2044992,0.6359939,4.248592,3.212316,0.009345692,0,0,0,1.6790535,3.9587626,0,0,0.3180019,0.7677504,0,0,0,0,1,0
451.49,20.61,30000,11,7988047,26475079948,17904752888,7951729310,2244367004,2975505000,1811143827,400917817,8269640026,7579613965,37807938027,2.14,6,67.79,95.24,100,-3.658536585,20,0.352342,4.960439,0.61513406,2.3729193,1.4986697,1.36842,0,0.84356844,0,0.13071528,0.3940257,0.7038417,0,0,0,0,1,0,0,0,1
1,2.53,4500,619,17650000,67835495741,12633033365,53070188627,411603068,1500000000,26859852052,-2001208794,10032649367,6782338066,1.56E+11,25.4,6,77.34,94.74,100,1.388888889,0,-0.356168,0.6041754,0.46776214,1.9406027,0.31817853,1.3317411,0,0,0,1.0246902,1.3471233,0,0.14501831,1.9920826,2.6499712,0.6491674,0,0,1,0,1
591.09,76.71,13500,622,3560000,12058755000,5119266000,457104000,2634788000,1505660000,10217548000,-466690000,519536000,446674000,2778141000,55.74,6,58.58,93.33,150,-6.578947368,0,0.45177,0,2.1883047,2.7546005,4.631192,0,0,0,2.0062265,0.72362006,1.3606728,2.2506828,0.89630723,0.818851,3.8486261,0.9568529,1,0,0,0,1
18.4,0,3000,54,13966340,12352963879,9009596249,6925826752,131939880,6056170000,4913623671,-302208665,2931515764,2026014611,13190836332,59.75,6,61.78,93.75,-120,4.109589041,-11.11111111,-0.443899,0,2.2745166,2.7966342,4.7561617,0,0,0,2.0766647,0.7600082,1.3830038,2.2650986,0.94908243,0.75440854,3.883089,0.9704955,1,0,0,0,0
16.81,0,23000,2,4717650,27173801077,1.29E+11,18687716232,62194789006,3575000000,4493087196,3323414,6381993525,4023875613,53962227525,45.39,6,70.79,92.86,0,-1.25,0,-0.559058,0,2.40382,2.6131854,1.7222444,0.008468818,0,0,0.11429534,2.4532275,1.8054063,0,1.5236788,0.8454973,3.3696938,0.8805374,0,0,0,1,1
162.88,8.81,14500,482,5022000,31364095,3605331,9359316,384433,2000000,23340463,-114786,3494397,2747946,26620141,69.69,6,75.72,92.86,100,-6.578947368,0,-0.034352,0,1.909267,2.9244745,4.6370096,0,0,0,2.0120115,0.7151401,1.5728574,2.2199764,0.80577546,1.0386646,3.8552244,1.0874351,0,0,0,1,0
417,55.2,32000,771,11760000,58205748234,43761063028,39776373831,9990346190,2000000000,50200091241,0,4667389651,4574733980,49903260587,63.95,6,80,93.75,147.37,-12.98701299,0,-0.400938,0,1.5763937,2.629436,4.2326875,0,0,0,1.2604624,0.75382364,2.39326,2.3075361,2.8655958,1.2221783,3.8925998,0.8629703,0,0,0,1,1
363.22,1.89,18200,266,5194222,13199327799,4121796244,3150954940,1440720977,2145611000,4983430364,0,7457456006,4576290898,27089927107,19.35,1,51.81,94.12,0,2.816901408,0,0.47822,5.7421346,0.5813007,3.298748,2.1307397,1.618695,0,0,0,0.8089466,2.7300134,0,0,0.18210839,0,0,1,0,0,0,0
967.71,0.13,16000,39,12731194,11895455197,4003714711,1706735884,283506523,5335597000,0,-56451486345,-4494712267,-4261303127,2928075020,18.07,36,67.83,71.43,204,-2.777777778,-7.692307692,-0.542219,6.1833086,0.6139667,4.2443366,3.20301,0,0,0,0.012667166,1.6814923,3.9353278,0,0,0.31493384,0.7833951,0,0,0,0,1,0
29.54,0.03,70000,164,7852427,14337280215,12163881529,4946055952,1418784610,3408356500,-69819321605,86547286287,-15544181434,-15597313149,1346864344,1.43,1,36.08,93.33,-150,-1.162790698,0,0.02903,1.3146739,1.8998511,3.6001854,0,0.6039769,0,0,0,3.4006293,2.9542813,0,0,0.7507417,0,0,1,0,0,0,1
1688.87,7.78,12000,2963,10999650,43372278817,11717357069,3748346739,236755045,842465000,48780183444,0,9009323935,7633486968,38831800711,1.38,6,61.91,95,100,1.369863014,0,-0.191017,5.904138,0.51745254,3.511616,2.3300238,1.2675638,0,0,0,0.9371493,3.0458486,0,0,0.057401966,0,0,0,0,0,1,1
472,44.6,10500,1018,7439388,16827941000,24796169000,17630491000,8160467000,2550000000,11563431000,7398000,4040784000,3593138000,15254810000,28.5,2,42.59,94.12,178.57,-3.947368421,0,-0.227048,1.216515,2.8553514,3.8943896,6.5929365,0,0,0,3.020262,0.23969012,1.2046413,3.069823,0,0.05278109,2.7200718,0.11007865,0,0,0,1,1
1627.34,9.3,22000,2261,7254294,41514927706,12546976949,4429436493,458868267,2999147000,41633717589,4540735306,2703519626,3216959496,15038598227,50.42,6,68.52,93.33,161.54,0,33.33333333,-0.69812,1.0586042,2.1519256,3.5213203,0,0.5404111,0,0,0,3.467535,2.7822242,0,0,0.5730025,0,0,1,0,0,0,1
1331.2,3.37,13000,1608,5530000,25445,9353,10370,683,500,26545,-3300,938,809,7363,50.08,6,81.78,71.43,291.67,0,0,-1.151939,6.93767,0.80531716,4.6904635,3.5058613,0.23192433,0,0,0,1.9398296,4.681334,0,0,0.21301842,0.026826212,0,1,0,0,0,1
1,11.5,12050,1164,5433750,13923117378,9482183272,5786379079,2708733086,427500000,7057152884,7696744,1707427033,1478830813,14807378066,50.89,6,79.91,93.33,100,2.777777778,-16.66666667,-0.508649,0.5304427,0.2585956,2.0820332,0.3185446,1.2097391,0,0,0,1.0357112,1.5515296,0,0.30691004,2.184104,2.7322397,0.77620494,1,0,0,0,1
56.9,0.4,16000,177,5399459,28453228502,18725561994,23753587760,6086668708,2287729500,-3183622228,3.48E+13,2320564612,2808274186,33808161772,21.44,1,40.12,93.33,0,-5.194805195,16.66666667,-0.333386,0.35436508,0.7047745,1.8316356,0.611293,0.34290883,0,0.10640192,0,1.2244369,0.95459616,0.057955194,0.3586301,1.3652896,2.8685355,1.0954046,1,0,0,0,0
299.49,22.45,27000,299,63315495,8274067,23697373,2629177,14652685,2232,-56686767,-1285,-2875741,-3285740,0,27.54,1,63.2,95,100,2.53164557,20,-0.558971,0,2.505516,2.616099,1.7878306,0.018275954,0,0,0.14478314,2.4822288,1.7845297,0,1.5002233,0.7731715,3.3351998,0.8273175,1,0,0,0,1
1744.08,3.85,1700,1384,65587752,82010225340,26723472603,24695521728,4649407871,4807775200,45769637627,10841926469,7771586162,9203380020,35655624287,35.39,30,68.42,93.75,100,-3.797468354,8.333333333,-0.178494,5.8202963,0.9085193,2.7274475,1.9517752,1.9078072,0,0.61315435,0,0.14474979,0.7648634,0.7010125,0,0,0,0,1,0,0,0,1
101.9,1,18000,500,8118084,12053797627,915573613,382013000,5438224149,3237777000,0,-10297407405,-2212091392,-2126330036,515080089,36.29,3,62.5,93.75,0,-5.194805195,16.66666667,-0.446437,0.37804642,0.7073151,1.8358889,0.6093693,0.34922153,0,0.112977296,0,1.2219613,0.9483101,0.056753226,0.3441451,1.363961,2.856015,1.0839338,1,0,0,0,0
338.91,0.28,36000,1109,4064000,14314709178,30680492090,3978606997,4013289128,2020000000,33175532594,115046549,4390989459,3904326134,18332812143,56.63,6,59.19,90.91,50,10.76923077,0,-0.282514,0.8595048,0.41166383,3.6354065,0.43228984,2.367183,0,0,0,1.8318331,4.648528,0,0.1189336,3.4905667,1.3794154,0,1,0,0,0,1
1,4.75,10000,1621,9267115,42854095717,17440019642,28402210851,6597033739,3894882500,-11839904768,1619416048,489983358,815584531,8064278218,43.2,2,61.59,93.75,125,3.773584906,0,-0.182313,0.49889922,0,2.5309038,0.16101956,4.087721,0,0,0,0.4795345,3.3396807,0,0.5067778,3.7920125,1.4971622,0,1,0,0,0,1
30.87,0,1300,2,22421004,6356102491,8274876920,169158039,688113971,8600002000,5336285382,-162579981,1788331527,1380262372,3688129879,60.39,2,61.15,92.86,-150,0,0,-0.455191,0,0.9773225,1.8410666,2.2071118,1.0566797,0,0,0.23689187,0.46310678,1.1924363,1.6669432,1.1986281,1.799175,3.2664382,0.6190063,0,0,0,1,1
1295.18,4.83,10500,87,11381000,32437194208,24353013179,14764283275,7513040087,900000000,34097595205,-484711180,5484503641,5040950585,33228734268,9.23,6,77.09,92.86,100,-3.797468354,8.333333333,0.048022,5.8202963,0.9085193,2.7274475,1.9517752,1.9078072,0,0.61315435,0,0.14474979,0.7648634,0.7010125,0,0,0,0,0,0,0,1,0
1,6,38000,1551,4916315,38352050780,47221557946,30054619791,19702389338,2000000000,33812656957,3942640,13426110769,10942238927,1.42E+11,23.23,1,75.88,92.86,100,5.555555556,0,-0.217669,0.59118176,0.8898352,3.5847034,0.20753568,2.1915762,0,0,0,2.1391149,4.475386,0,0.038490467,3.1219864,1.1332601,0,0,0,0,1,1
37.3,0,12000,5,23189926,64150350413,3488878751,1244638730,6590630,10307463000,-25276401785,1112740372,-3036048479,-2710742306,1000000000,34.5,3,72.98,94.12,-100,-2.702702703,0,-0.258489,0.5288257,0.45168626,2.07883,0.4254774,1.2300692,0,0,0,1.0767348,1.4816061,0,0.24662252,2.0290234,2.6422372,0.6636932,1,0,0,0,1
23.03,0,12000,1,46974812,1.95E+11,73832538266,1.60E+11,27293070334,31047280369,22436375701,383079402,46392131874,36309855536,2.04E+11,58.32,6,67.67,93.33,-123.81,-8.75,0,-0.565741,0,1.4155886,2.451231,1.1815063,0,0,0,0,1.9602298,1.6817778,0,1.1617802,1.0815147,2.8230603,0.96267146,0,0,1,0,0
31.33,5.36,28000,0,11054364,1.63E+11,49137249332,1.05E+11,11830112406,4411557000,53761331667,531644285,44337906884,36874455090,2.38E+11,23.18,2,71.57,93.33,-66.67,-5.405405405,7.692307692,-0.114024,4.7125793,0.57488006,2.3415112,1.3304495,1.5569043,0,0.20681144,0,0.32805917,1.1376214,0.2215207,0,0,0.061588053,0,0,0,0,1,1
362,21.88,31000,78,48059180,40747036867,39105031258,16024890787,14327091472,4177071900,1648530491,5803268522,-4313488564,-4104436260,17663847173,7.1,1,61.08,92.86,100,-2.666666667,0,-0.317913,7.4692817,0.9965825,4.513051,3.751073,1.2861428,0,0,0,1.427734,4.3329883,0,0,0,0,0,1,0,0,0,0
303.31,0.83,14000,347,12918962,13669277565,2813606520,646385582,66214567,5738481000,-74967655091,1423845107,-2229761675,-2032976451,0,32.67,3,66.2,94.12,0,-1.315789474,0,-0.452289,7.306584,1.0270245,4.2941933,3.4760885,1.4175701,0,0,0,1.3259207,4.0530124,0,0,0,0,0,1,0,0,0,0
728,57.9,55000,561,8814498,19470267655,25250014837,6467003356,8943279358,3342249000,24990952433,-1938896621,3894357455,3025655544,8420450633,54.03,6,63.74,93.75,214.29,-12.98701299,0,0.027277,0,1.6068805,2.411392,4.273053,0,0,0,1.2447256,0.5968739,2.2951221,2.5235367,3.031772,1.1704631,3.823974,0.7184,1,0,0,0,1
764.16,18.81,60000,322,6812226,22320785700,2599789998,1464175173,2425130706,2994485500,0,-31656000679,-2284901041,-2565584500,1975000,8.26,2,46.02,93.75,141.67,-5.194805195,16.66666667,-0.387399,0.44206896,0.721645,1.8740873,0.6020782,0.337955,0,0.11611228,0,1.2353282,0.9562022,0.033366926,0.32033244,1.3724029,2.8211248,1.052011,1,0,0,0,1
241,18.7,12500,174,4083000,16290259376,49946175140,25329630571,11289514397,1475000000,27784493036,-487590,2243392895,1906385270,21928168475,35.52,1,51.34,95,26.67,-2.739726027,-10,-1.071411,0.8759995,2.880504,3.7493649,6.492956,0.014133617,0,0,2.9754255,0.26234394,1.2495911,3.0541923,0,0.124486715,2.886361,0.18658412,0,0,1,0,0
590.6,6.78,6500,1142,12009614,41559580457,13221114046,20129664448,1325886619,10117117000,14269690513,8938335923,1593802370,1443987428,27478784774,33.17,1,64.74,92.86,100,1.234567901,0,-0.283632,0,2.226584,3.2158995,2.0522418,0,0,0,0.35346463,2.6253905,2.3335764,0,1.5397556,0.87456924,3.2409692,1.0227157,0,0,0,1,1
382.64,45.68,10500,1042,4997621,74688372033,44690608968,76623091999,17211688318,1950000000,17650083046,-355882362,5673539430,4741443684,64411686125,28.81,3,42.71,95,100,4.47761194,0,-0.325082,0,1.583308,2.0619884,4.065325,0,0,0,1.1032622,0.4520129,2.1446137,2.6927567,3.2552419,1.1541065,3.8270683,0.6155801,0,0,0,1,1
14,57.3,9000,7,5931155,16544275352,2193610151,5472198746,4772158418,2450577500,4785775523,1257175316,1741767907,2706297286,13840489119,42.59,1,43.94,92.86,0,-2.777777778,0,-0.22918,0,1.3762653,1.7958348,3.2999086,0.54249233,0,0,0.58453256,0.34645432,1.7627054,2.4548542,2.6223657,1.4799697,3.440706,0.3619323,1,0,0,0,0
224.12,34.02,13000,736,4770000,23538896307,8425510465,3285469774,8879482159,1801800000,17136952466,79429892,1457323831,1502390310,11571409576,18.14,6,85.35,94.12,100,-6.578947368,0,-0.178494,0,1.9240165,2.9079912,4.6294,0,0,0,2.0072155,0.7136533,1.5565579,2.2195694,0.80997956,1.0254203,3.8531084,1.0779326,1,0,0,0,1
753.07,5.19,5200,947,11077521,25082780814,4750511140,5463879466,173188933,4112710500,13338460949,-216710575,4638238229,3631436147,20588046634,44.36,6,47.93,95.24,100,-1.388888889,0,-0.178494,0,1.4136146,1.232899,2.4813082,1.4794071,0,0,0,0.43581846,1.4122773,2.4971669,2.8304768,1.9594485,3.9735084,0.3547397,0,0,1,0,1
1,6.28,14000,674,7929338,22381111950,14895750845,5291288450,2110626029,3150000000,25347724373,114643330,2532848359,3240913307,12179211736,66.73,1,72.19,95.24,100,2.777777778,-16.66666667,-0.402104,0.5206362,0.23810558,2.0631948,0.3370546,1.1933478,0,0,0,1.0079099,1.5115349,0.020742495,0.31243122,2.1755464,2.7273848,0.78587455,0,0,1,0,1
614.46,14.04,16500,1073,8634182,1026751588,13738099443,4782054476,3229742705,2990909000,-8362752429,2016749445,-1817795236,-2431385461,2456141239,33.62,1,41.31,94.12,100,0,0,-0.319388,0,1.1276461,1.4649328,3.2329032,1.2886809,0,0,0.2113237,0.02544647,1.7172333,3.0063083,2.9239135,1.9893066,3.6887836,0.2256774,1,0,0,0,1
62.4,6.22,103000,0,12066300,64154114055,5518888782,9911549874,4103289679,5133150000,48858536902,-920877301,35186514622,29316257600,53074796538,34.07,1,71.96,93.75,100,2.564102564,0,-0.376029,0,2.3267605,2.4655123,1.6935761,0,0,0,0.021316476,2.36808,1.756938,0,1.8254434,0.9382358,3.4859567,0.8890177,1,0,0,0,0
5.75,0,190000,0,1882710,63517295992,80703110404,38117401706,17231995494,931450500,88308212798,741968398,6557281120,5298582498,42327818360,61.5,6,69.62,93.75,-166.67,2.739726027,-14.28571429,-0.827067,0.17388389,0.6545662,1.6846769,0.34531403,0.78491557,0,0.046958897,0,1.1284841,0.96208966,0.01982321,0.44288298,1.5678126,2.758473,0.8918753,0,0,0,1,0
129.06,9.98,8000,14,10677142,34815002101,30228282870,37457342940,14446475256,4772071000,6041562350,353206723,1510903427,1783658105,24295312857,0.49,1,63.19,93.75,-200,-3.797468354,8.333333333,0.25038,5.79557,0.9587597,2.7444918,1.9329687,1.9180384,0,0.560745,0,0.22297245,0.8393858,0.63606584,0,0,0,0,0,0,0,1,1
699.59,67.4,16000,1093,6500000,5037467196,5947482839,650605139,3656864438,2830212000,-16760381373,277857130,-500145196,-496134960,817569181,12.63,1,35.1,93.75,233.33,-12.98701299,0,-0.055056,0,1.5876054,2.4571574,4.2595534,0,0,0,1.2529992,0.6275671,2.3087807,2.471785,2.9775674,1.1847947,3.842683,0.761851,1,0,0,0,1
1846.32,54.73,17000,3763,10224235,35108383668,9349614017,6411828667,1542080294,4290492500,6260993405,1061866838,4013969721,3763916757,22276034842,27.88,30,79.34,92.86,200,-5.681818182,20,-0.496001,2.1939182,1.3004816,3.3099203,0.30096605,0,0,0,0,2.8072643,2.3020597,0,0,0.044810314,0,0.06937989,1,0,0,0,1
839.03,4.85,18000,1397,9335485,44620988524,20869239720,20562435516,4256217351,3905242500,24984098604,939235611,8323875572,7769366120,63460787949,28.84,6,71.72,75,250,-1.449275362,0,-0.912288,7.3785543,0.5391336,4.946935,3.894969,0.76879257,0,0,0,1.733898,5.206825,0,0,0.5316694,0,0,1,0,0,0,1
344,0,9100,1163,6212799,19464720893,5573801436,910578702,0,2436899500,15730632807,20798316,557943444,682574811,2309409077,50.68,5,63.84,93.75,100,0,0,-1.126434,0,1.1706905,3.3118618,4.61427,0,0,0,1.8919379,0.6666623,2.2155945,2.1775813,1.0025634,1.5378088,3.8951154,1.3438094,1,0,0,0,1
1447,17.64,15000,1842,6165000,42042577711,20255466523,18057554946,3925681443,520695000,33208237353,-676319138,4016494648,3100687242,28951897970,33.52,6,63.92,94.12,100,5.555555556,0,-0.374917,0.68877697,0.731696,3.5509253,0.27802742,2.3704267,0,0,0,2.011926,4.4420114,0,0.07496467,3.2780156,1.3201016,0,0,0,0,1,1
791.08,14.3,24000,1287,6811042,11408660002,5476535822,3920155689,453518172,2705744000,9609499906,17022057,3457978961,3091766175,26043325195,24.59,6,77.84,95.65,132.5,0,0,-0.410447,0,1.1492802,2.56307,1.2238493,0,0,0,0.011893846,1.8797728,1.8085284,0,1.1410522,1.318559,2.939281,1.0980126,0,0,1,0,1
1556,10.7,15200,2235,21040488,24826401681,43740653836,32651024972,7948563716,9020244000,11952474296,35119723,2512637109,2163368277,30416414228,63.21,3,81.02,94.44,100,1.19047619,0,-0.820324,1.7542983,1.1430045,3.2550392,0,0,0,0,0,2.8028164,2.6999693,0,0,0.79849285,0,0.041411165,1,0,0,0,1
1535,11,15000,2683,7965980,10401568079,3244176326,2075562557,548143435,3170355000,-896005886,8747689299,742757963,903698817,16143185043,10.55,1,75.49,93.75,156.52,1.19047619,0,-0.8287,1.7891334,1.1843128,3.338138,0,0,0,0,0,2.8870952,2.7718637,0,0,0.80171174,0,0,0,0,0,1,1
533.08,11.89,10700,1415,16789366,38428,40767,33533,141,6894,21359,1252,7599,6422,63867,50.01,2,73.48,78.57,100,0,0,-0.070731,7.924047,0.89317507,4.9737544,4.376962,0.5387949,0,0,0.030071724,1.6317575,4.6912646,0.13241419,0,0,0,0,0,0,0,1,1
345.36,12.05,11500,573,3363300,16305799148,2322089530,11213124577,1715062462,1000000000,4693800431,5901208,3809155948,2925772005,21316407738,43.17,6,72.68,93.33,100,0,0,0.516917,0,0.9884864,1.8857824,2.28955,1.0279096,0,0,0.26236156,0.4802189,1.2466371,1.6854522,1.216296,1.8021481,3.2840006,0.61472857,1,0,0,0,1
62.51,0,15000,474,5622139,10275901711,5528849047,1858603666,40588673624,1356722500,-42980015538,210694870,-1773059312,-13616432534,773322977,22.1,1,36.36,93.33,-133.33,0,0,-0.509779,0,1.1895969,1.540266,1.976737,1.2595047,0,0,0.07963404,0.4817926,0.9524206,1.6328471,1.3075023,1.6946276,3.293256,0.5046187,1,0,0,0,0
369.9,4.5,12400,126,42886210,15577889859,42687699626,37949093185,3572571629,17710635000,-63653147736,1826763285,-12737859292,-12698545670,0,0.46,1,51.79,93.75,100,4,0,-0.055715,0.77357554,2.0412953,4.4698043,0.007277247,2.6066701,0,0,0,3.1895893,5.276497,0,0,2.6443102,0,0,1,0,0,0,1
819,17.33,32000,237,60139905,49811379,110286707,8476816,13821811,152779419,-21890737,6910778,-10873118,-14996866,0,51.03,3,73.47,94.12,100,7.142857143,0,-0.307112,0.7555174,1.9164671,4.468245,0.20258456,2.874098,0,0,0,2.9607444,5.5419445,0,0,2.9837828,0.06986057,0,1,0,0,0,1
94.1,2.77,4500,35,13286715,10554270874,6855175717,1043814546,376282709,5613357500,-20856915682,708763546,1057532719,1252814775,7644000304,23.18,2,49.57,93.75,-75,2.702702703,0,-0.393641,6.4503117,0.78383297,3.8730614,2.8169343,1.1913625,0,0,0,1.1893274,3.5321524,0,0,0.007652693,0,0,1,0,0,0,1
85.71,1.45,18000,48,13835000,50707938802,15731193430,12355913287,921954471,1187500500,-17693735284,40434409,14899190288,12241592997,77793290684,43.44,2,59.09,94.74,-116.67,3.571428571,0,0.12602,0.69214106,2.5243857,4.1136594,0,0.79236686,0,0,0,3.9660676,3.6749468,0,0,1.0655745,0,0,0,0,1,0,1
1,1.46,12500,1557,11243846,12486348672,7983218757,888617792,1086613478,4849423000,-16615929739,11685662,-2323506290,-5318262520,3603687735,35.68,2,46.17,92.86,100,5.555555556,0,0.049694,0.59396905,0.9831857,3.7345862,0.2025339,2.1102307,0,0,0,2.2821543,4.6904874,0,0.03581211,3.159967,1.0739037,0,1,0,0,0,1
39.78,18.81,7000,2,17706940,15025550066,11418064880,7346953607,12802693608,7941405000,-6202015814,3419869827,-6043225794,-6271282873,7655896893,14.87,3,54.38,93.75,-100,-3.658536585,20,-0.178494,5.122933,0.65401244,2.4111717,1.6044333,1.4419001,0,0.85229856,0,0.08075543,0.39141917,0.75612694,0,0,0,0,1,0,0,0,0
1631,18.29,11000,2499,8269707,17917639234,11903402898,8185137616,1531562739,3207853500,8357219597,-993720000,384006886,642077062,8105441550,9.85,6,70.86,76.92,166.67,-6.666666667,50,-0.435835,0.4685578,3.2155979,4.4005,0,1.1724534,0,0,0,4.5555067,3.765238,0,0,1.0382801,0,0,1,0,0,0,1
1,7.32,8500,864,12827140,64730684507,22574117909,39767826713,8272942658,4513570000,23708433045,11042030000,6949625367,5103451704,29937726967,70.38,6,76.96,94.12,188.89,-9.210526316,-40,-0.426196,1.3592801,0.009320378,2.3676023,0.37503967,2.2491245,0,0,0,0.7490869,2.0467343,0,0,2.7011602,2.3560212,0.0940415,0,0,1,0,1
1,22,26000,710,5169811,2902950608,451213254,777516261,372608317,2065675000,-16087918351,83382118,-734338772,-999705192,376806989,34.11,2,60.41,93.75,175,2.739726027,-14.28571429,-1.14631,0.15575378,0.5214393,1.6889836,0.24873564,0.7423998,0,0.03242913,0,1.1061342,1.0382429,0,0.48814467,1.6656104,2.7183032,0.91165364,1,0,0,0,1
6.61,0.46,8000,2,8921164,7571584217,1845141420,1351313056,69685225,3688082000,-5183345436,0,-1797154721,-1783318993,119506868,41.36,2,60.51,93.33,-100,4.166666667,0,-0.764759,0,1.1793612,2.015688,2.316393,0.8842513,0,0,0.34761998,0.62442434,1.2511079,1.4458822,1.0397547,1.6030775,3.1447418,0.5880578,1,0,0,0,1
306.39,10.89,10200,680,6496600,21515739404,7329023614,6010760952,1447313893,1950000000,18653072933,732303040,1315263835,1052296325,4385083207,29.62,6,55.47,94.44,100,-2.702702703,0,-0.028582,0,1.0964543,1.5331346,2.833618,1.0894202,0,0,0.010146236,0.3216261,1.7245908,2.6972196,2.8943567,2.094693,3.8805852,0.4637796,0,0,0,1,1
986.08,4.4,22000,1586,6471740,6995220786,2147001881,1152443307,164389983,2540620000,3286472328,402377728,-44547594,24178632,965797975,30.32,12,66.1,70,266.67,-2.702702703,0,0.084127,7.093194,0.9829167,4.962166,3.8115988,0.37198654,0,0,0,2.0515456,5.109863,0,0,0.20274062,0,0,1,0,0,0,1
1,9.23,18000,1528,4516016,9771749949,8226969414,8564476091,2621251444,1997688000,-21820028925,-372260514,-1134095102,-4936177376,5519929239,38.41,2,53.03,94.74,133.33,7.142857143,0,-0.817865,0.78081983,2.0149136,4.5191174,0.1455282,2.8633196,0,0,0,3.077223,5.535886,0,0,2.8588185,0,0,0,0,0,1,1
1,17.1,18300,1727,7502644,25828581192,4049778480,2608999362,812650886,650240000,24073335334,1733134090,2238644652,1959651516,3894793546,59.48,1,70.24,93.33,100,11.29032258,0,-0.257501,0.28126067,0.29614422,2.485742,0.101335995,3.2819493,0,0,0,0.8808899,3.280884,0,0.27862418,3.214137,1.030564,0,1,0,0,0,1
1472,12.96,12500,1520,3061578,10134414500,28025368425,3901954423,19275236289,213157800,12990934217,-10971103,1928182699,1498652351,13568480214,3.1,6,66.31,93.33,100,0,33.33333333,0.245474,0.8445177,2.3163285,3.548094,0,0.623962,0,0,0,3.5638916,2.7934084,0,0,0.6670044,0,0,0,0,0,1,1
40,0,20000,51,5504470,2365420334,728162895,498103547,1342356661,2494735000,-29780892268,2629950000,-1856058435,-1774703684,285760000,23.05,3,47.84,96.15,-100,-5.797101449,0,0.02294,0.54422003,0.13404353,2.8984885,0.1986416,2.8097813,0,0,0,1.1622549,3.9328597,0,0.16107246,3.2433336,0.970894,0,1,0,0,0,1
997,2.39,7000,1147,9308185,26052121555,11558944248,17944412982,4313821660,4139092500,10992684661,221054000,2133902913,2268017945,30790985572,25.89,6,26.21,93.75,100,1.388888889,0,0.001521,0.5339373,0.58180165,1.9064902,0.22805041,1.4460443,0,0,0,1.1012762,1.3239992,0,0.13829653,1.989208,2.7056687,0.6305837,0,0,0,1,1
131.67,2.25,30000,68,8166558,1.01E+11,10176464861,10490802364,62000000,3883279000,96578441394,64062090,21792538114,19958176176,1.24E+11,32.04,6,32.09,94.12,-75,-2.53164557,-14.28571429,-0.816653,0,2.1805065,2.426693,4.180919,0,0,0,1.2988206,1.0631495,1.9839331,2.0673788,2.6611364,0.828036,3.9534361,0.75065255,1,0,0,0,0
558.92,8.45,8900,6,9957595,7753145792,2712700817,6276314091,869724670,3948797500,-5058455157,560201326,-1611416827,-1688578382,4000263498,0.65,1,72.66,93.75,100,-3.658536585,20,0.631499,5.0793586,0.6503518,2.4005256,1.5759046,1.4253664,0,0.8523507,0,0.097607054,0.39039952,0.74121094,0,0,0,0,1,0,0,0,1
1811.55,57.14,34000,1318,9413023,1.20E+11,20106035167,79067397424,36576586441,3750000000,6241576020,479738048,7546537894,5659754248,73012476124,53.78,6,72.21,93.33,208.11,-1.315789474,0,-0.229688,7.0750384,0.95777744,4.158521,3.224618,1.3168252,0,0,0,1.3148816,3.8793876,0,0,0,0,0,1,0,0,0,1
647,13.25,48000,589,5775200,74909837549,40896497206,70042999647,14398426854,2307600000,25621042025,3224979568,15612996360,15131225627,1.83E+11,37.69,6,44.49,93.33,100,1.234567901,0,-0.444154,0,2.5450993,1.5823753,1.9206679,0.98500955,0,0,0.15089005,1.455786,0.78472716,0.79040945,1.339625,0.7342401,3.320008,0.3144542,1,0,0,0,1
1,4.28,19000,1161,7264943,22815744983,12906771352,13169222221,2315915796,2906156000,12770281556,1324759562,4551767565,4275496761,23706316157,37.99,2,49.96,93.75,100,11.29032258,0,-0.593204,0.29859874,0.25864586,2.4597437,0.033258133,3.1828046,0,0,0,0.88983303,3.218485,0,0.21706903,3.1449957,0.9658551,0,1,0,0,0,0
1,12.57,16000,939,8839014,22426917538,10995072195,7594297591,7528151687,3900007000,4596075341,247283249,2784379279,3995353563,42254193080,30.75,2,49.93,93.33,150,-7.894736842,0,-0.410646,0.7056977,1.8071882,4.4138665,0.25133216,2.8435476,0,0,0,2.8656857,5.5280704,0,0,3.1209471,0.3180685,0,1,0,0,0,1
1393,16.47,35000,1802,3234533,53390964088,58520110807,56277704590,35661508487,1205266500,12871445530,4758261658,4551023610,3495749052,55092903425,35.68,1,61.57,93.75,100,10.76923077,0,-0.458314,0.8078606,0.5256089,3.6109529,0.38752005,2.377777,0,0,0,1.895393,4.5655217,0,0.10647009,3.4268568,1.381481,0,1,0,0,0,1
101.5,0.1,26000,147,16200000,79398183027,62152590496,48712869792,11540376656,6059270000,69506408062,2531871571,31929642579,24302485917,1.39E+11,58.3,6,64.21,95.45,42.86,0,0,-0.670894,0,1.1323295,2.5735757,1.2436529,0,0,0,0.020030417,1.8671832,1.8217978,0,1.1395725,1.3233293,2.926725,1.0978632,1,0,0,0,1
946.4,5.98,16000,2,7836009,8016182007,21166457265,9694279322,4337398206,2985854500,8756046732,2016393012,1613779678,1795726428,16039074617,37.18,36,71.35,70,233.33,-2.702702703,0,-0.861807,7.2965155,0.8947857,5.1091223,3.9802506,0.42802557,0,0,0,2.0262966,5.316169,0,0,0.30917782,0,0,1,0,0,0,1
500,65.37,51000,230,2774729,17039907071,2640133631,3101078851,135946903,1098614500,11750863647,220630063,5939279942,4897335050,16520698090,49.87,1,72.58,93.33,181.82,1.408450704,0,-0.979926,0,1.6461716,3.0377703,4.5847855,0,0,0,1.9954717,0.69496816,1.7617106,2.1849356,0.8716959,1.2015609,3.8957574,1.2010278,1,0,0,0,1
50.03,0,1500,72,17553680,11821335630,48226507626,10875930486,9803126734,6533500000,16572491481,-59986,2540432887,2448702010,24679830441,30.32,2,42.01,94.44,0,1.408450704,0,-0.052468,0,1.5282193,3.0176978,4.4304585,0,0,0,1.9115442,0.69935036,1.7621424,2.1292202,0.8424007,1.2772909,3.8814168,1.250757,0,0,0,1,1
1099.21,10.47,7000,2549,30888000,50838474767,56682127501,26647553338,34841392093,13693000000,42386839602,335625206,4336496285,2646634321,77247394706,74.53,18,88.17,70,250,1.369863014,0,0.59772,7.404405,0.9124771,5.118925,4.0375824,0.40844926,0,0,0,2.0381715,5.3028564,0,0,0.26756895,0,0,0,0,0,1,1
47.27,0.89,18000,3,17468478,10625255773,48343341432,15745895478,24934013037,6962500000,8591955233,-155122000,1927981011,1201045938,14969815125,45.37,6,55.46,95.24,-166.67,0,0,-0.408824,0,1.6624789,1.6359304,3.1160562,0.56890774,0,0,0.55718863,0.48658052,1.5384351,2.2753985,2.586562,1.2780782,3.50988,0.32893345,0,0,1,0,0
60.5,0.2,8000,480,4975000,12428870423,12540871499,6560511469,3211898789,1843750000,15391306415,-3443135941,2256709471,1825138973,19705970041,68.77,6,76.13,93.33,-250,-2.777777778,0,-0.520216,0,1.3224221,1.8175161,3.3533626,0.56336886,0,0,0.590205,0.30383682,1.8187276,2.5201356,2.647388,1.5290648,3.4347103,0.35236984,0,0,1,0,1
1,8.4,6000,1456,7951375,11227566062,8233098080,6772735205,1332266760,1100000000,10198586814,11150328,659203987,450339859,4537119153,25.15,2,52.65,93.33,130,-5.333333333,0,0.462773,0.22443342,0.47585326,1.728097,0.19861716,0.8568893,0,0.007968007,0,1.0756354,1.0778285,0,0.44640616,1.767075,2.7145236,0.87258106,1,0,0,0,1
918.99,9.1,18000,1015,5745000,43327220683,19569678376,32299562888,4974325917,2100000000,22403652291,1119357963,3007798838,2409505806,12638436704,35.71,3,43.14,94.12,180,-2.43902439,0,-0.401348,0,1.4769661,2.508251,1.2065922,0,0,0,0,2.0242925,1.7267033,0,1.2026712,1.076811,2.850806,0.9758141,1,0,0,0,1
149,6.37,10300,6,85000000,98363884368,2.52E+11,38791107000,78186173243,36743760000,1.75E+11,2430151985,58386241766,42198415522,95400557240,52.86,6,69.47,95,100,-2.702702703,0,-0.518081,0,1.1347811,1.470124,2.737787,1.2454344,0,0,0,0.33088636,1.6998433,2.6473398,2.897525,2.1226711,3.9386654,0.46104524,0,1,0,0,0
1,10.5,9000,2036,10906701,39834705114,26166194186,32351637190,6583633723,4392705500,17224726749,4755883318,1185680424,741786609,16606611094,62.71,1,68.5,94.74,125,12.72727273,0,-1.094556,0.4242953,0,2.6019065,0.16366112,3.8179185,0,0,0,0.66035503,3.5097523,0,0.48600253,3.6599283,1.3144933,0,1,0,0,0,1
1,8.19,15100,728,4021000,13224605333,15655503340,9265803669,1062072543,1650000000,18655603763,-2001003495,2832493846,2563208910,23181928558,55.12,6,55.64,92.86,100,1.408450704,0,0.125882,0.627938,0,1.964584,0.30606642,1.3466291,0,0,0,0.79219836,1.4735192,0.25450993,0.35688162,2.3178334,2.7941585,0.82965094,0,0,0,1,1
710,3.66,7000,1141,17002500,36874280706,23254657065,31776714347,4536075619,6312500000,16818716658,355536813,4740280453,3402334635,25300714406,73.67,6,78.4,72.73,225,-5.479452055,0,-0.750107,8.286532,0.719673,5.1664734,4.5610595,0.62709534,0,0,0,1.6344564,5.047087,0.1527466,0,0.16325185,0,0,0,0,0,1,1
136.97,5.97,13000,790,3460340,34677906434,15975391616,25688578720,5551748666,1266670000,13540137909,4606162755,3998937784,3281029107,46007577316,57.8,6,60.2,92.86,0,-1.428571429,0,-0.178494,0,1.0398698,1.7785258,3.5438879,0.8599387,0,0,0.490912,0.002300549,1.9913744,2.955321,2.9656947,1.8313947,3.4246018,0.23883435,0,0,0,1,1
840.74,11.6,12500,1437,5447675,7956457680,11191001598,4873457481,187099189,1951337500,10822219790,-131422,590566592,592903151,8176918465,60.2,6,72.79,76.92,171.43,0,0,-0.159558,7.8827953,0.96979105,4.9552436,4.3385935,0.70575523,0,0,0,1.6736968,4.8535137,0.06366428,0,0.0294224,0,0,1,0,0,0,1
998.9,3.24,3100,565,19435815,1.01E+11,86389832095,1.14E+11,31713615081,7845407500,17246165707,-1662280601,7806350847,3241953337,1.75E+11,7.82,6,61.5,93.33,100,-5.405405405,7.692307692,0.166768,4.7125793,0.57488006,2.3415112,1.3304495,1.5569043,0,0.20681144,0,0.32805917,1.1376214,0.2215207,0,0,0.061588053,0,0,0,0,1,1
725.94,12.7,30000,1000,8766113,42477531188,80125322103,64618760102,44488487911,3559056500,-31272820658,13246613944,-12672781604,-18648295992,1.22E+11,36.64,24,73.5,76,285.71,1.369863014,0,-0.453575,7.477026,0.91502255,5.130726,4.0762525,0.39049688,0,0,0,2.0455956,5.3001137,0,0,0.25456005,0,0,0,0,0,1,1
418,3.27,13700,109,27674406,87077433389,89745218846,93007040547,43423256024,3937890000,1.33E+11,-1.63E+11,3314093895,2380179496,22456262979,36.13,1,70,94.74,100,-6.666666667,50,-0.030916,0.49040812,3.1771204,4.375316,0,1.1795039,0,0,0,4.5233893,3.7408996,0,0,1.0376966,0,0,1,0,0,0,0
1019.86,3,18000,464,8027134,21953382275,12548287686,6484617497,4608494820,3189567000,20100537787,61568639,3134292514,2642455604,18088097901,19.06,24,66.84,86.21,275,0,-7.142857143,-0.93386,6.184971,0.58008224,4.2617717,3.2032356,0.033616327,0,0,0,1.6695615,4.0211325,0,0,0.41471308,0.7999144,0,0,0,0,1,1
23.6,4.24,12250,16,110230389,1.22E+12,8.61E+11,1.04E+12,1.99E+11,5.10E+11,62250981718,-55433618,35170702467,36497790330,6.55E+11,48.99,1,76.15,60.87,0,-2.702702703,0,-0.432185,0.539507,0.35165265,2.1217897,0.3772504,1.2453439,0,0,0,1.0779572,1.5867826,0,0.2868591,2.1376884,2.7038083,0.7166723,0,0,0,1,0
188.69,12.2,12000,158,17000000,98407840980,1.31E+11,70215387992,34054862319,75000000000,41219022039,779325,8218760110,5765896050,67070604650,9.62,6,42.38,93.33,0,0,-16.66666667,-0.354072,0,1.2066107,1.438427,2.8404999,1.1153455,0,0,0.004170738,0.3127819,1.6305196,2.716209,2.9126318,2.005375,3.8622787,0.38615173,0,0,0,1,1
1508,15.7,13000,2053,4630000,9508252801,25941037087,2742826190,13018600104,1800000000,558421115,2599373757,251974143,-61648215,12369243102,46.65,1,78.4,93.33,175,7.692307692,0,-0.21756,0.594586,2.433197,4.4214344,0,1.8623729,0,0,0,3.675538,4.634854,0,0,2.0874867,0,0,0,0,0,1,1
342.99,24.63,15100,265,27529394,1.83E+11,5.65E+11,2.57E+11,3.15E+11,11912277000,1.73E+11,-84914068023,46856034352,16899464557,7.98E+11,30.21,6,73.61,95,100,4.225352113,0,-0.178494,0,1.606569,1.1942202,2.8266556,1.2841371,0,0,0.13056557,0.3148125,1.303372,2.6222165,2.8165674,1.6096956,3.710066,0.1464382,0,0,1,0,1
262.22,0,5600,1170,7459009,27276770720,10234222644,9204787832,4332845782,2732004500,-244128111,98210838,1414223688,1140623108,17100047827,56.41,2,60.99,94.12,100,-4,0,-0.896085,0,1.2801276,1.4265398,1.9059746,1.3020775,0,0,0.003082688,0.5334544,0.904447,1.6172897,1.391783,1.6571527,3.3383663,0.48025388,1,0,0,0,1
57.64,1.73,12000,7,21646800,321210,340736,369427,70064,8317,168234,13859,33958,17672,341188,40.79,1,79.74,94.12,0,0,0,-0.250237,0,1.1686504,1.5703745,1.9972342,1.2463362,0,0,0.09656316,0.4734462,0.9699078,1.636399,1.2929361,1.7049488,3.2852366,0.51151145,0,0,0,1,0
93.06,0,3600,0,80735294,138257825,49977218,77697777,2304403,2136012,104813534,1283315,6817666,5038908,36628150,40.67,2,75.23,93.33,10.53,-1.388888889,0,-0.681366,0,1.7480485,0.98941314,2.238331,1.6572194,0,0,0,0.5259447,1.0480648,2.3121693,2.612925,1.7630643,3.9019656,0.19355375,1,0,0,0,0
839.16,31.92,6600,1690,6150486,64661416548,20176892999,33954627312,2145326720,2289260000,46449095515,0,4134207549,5604218356,87143007495,69.31,2,73.05,93.75,100,1.234567901,0,-0.610035,0,2.233105,3.1876001,2.0377965,0,0,0,0.35455513,2.6234822,2.312681,0,1.520062,0.84658265,3.2154691,0.9978295,0,0,1,0,1
26.63,3.07,18000,126,11200000,2.19E+11,1.01E+11,67121114639,5449895959,40000000000,1.42E+11,0,10367268149,9864408808,1.96E+11,71.43,6,77.14,93.33,-150,-2.702702703,0,-0.335084,0.52627236,0.4085203,2.1080334,0.41512015,1.2228514,0,0,0,1.0860225,1.539328,0,0.27855688,2.074179,2.6743102,0.6931841,1,0,0,0,0
797.36,54.81,48000,345,21000000,6.66E+11,1.29E+11,3.45E+11,8767160350,10326210000,4.16E+11,-72643747,49052711901,40088827796,9.96E+11,28.48,6,86.63,93.33,200,11.76470588,0,-0.178494,0,0.7020352,1.617802,0.5351799,0.283661,0,0,0,1.1907806,1.0518197,0.04070025,0.8128488,1.2797352,2.7001402,0.9637407,0,0,0,1,1
1835,53.09,60000,405,88773116,6915712508,6850755782,5729979520,3000447133,353865580,1665719181,876514819,-374211312,-345140867,3933056435,79.72,6,83.78,93.33,100,3.571428571,0,-0.169902,0.68489695,2.592127,4.1223383,0,0.8944141,0,0,0,4.0045104,3.6781185,0,0,1.0574601,0,0,0,0,0,1,1
680.82,16.25,7300,1231,34824000,44149989645,2.04E+11,32572027361,40821434051,14800000000,26796788267,194608259,11092990558,7277173431,1.34E+11,53.75,1,83.2,77.78,176.92,-1.449275362,0,0.012031,7.383896,0.5513484,4.944609,3.8987136,0.7763119,0,0,0,1.7300338,5.2010007,0,0,0.5206765,0,0,0,0,0,1,1
54.22,0,7000,5,21740000,30019095920,7807266740,5031968405,1198663536,10000000000,21656245212,0,6482721161,5413600285,21871590614,68.55,1,69.19,93.33,0,0,0,-0.178494,0,1.0201519,1.7446086,2.1030302,1.1234617,0,0,0.18718344,0.45495233,1.093194,1.6474622,1.2088934,1.7733998,3.2573333,0.5910943,1,0,0,0,0
40.13,2.5,25000,331,8000000,166340,78281,150811,17281,3661,87637,-24858,29544,12746,246792,40.79,6,50.02,94.12,-100,4.166666667,0,-0.320982,0,1.0842346,1.8053442,2.1557577,1.2202111,0,0,0.18708985,0.4546783,1.150848,1.5547832,1.0800604,1.7274678,3.1059482,0.47704992,0,0,1,0,0
48.46,0.21,15000,0,27271944,1.56E+11,1.37E+11,2.07E+11,11307785295,10364739500,13024187525,-260654557,17711772468,13200223278,3.02E+11,70,6,71.25,96.15,21.05,0,0,-0.52392,0,1.7017909,1.1107224,2.0183823,1.4795566,0,0,0,0.667697,1.0081402,1.9489672,2.2353604,1.6905695,3.7802112,0.32386237,0,0,1,0,0
85,44.8,4700,248,32100000,79325086255,1.23E+11,1.01E+11,44103035130,12833220000,10516334867,0,24100039630,16947609781,2.24E+11,37.4,6,55.1,95.45,33.33,-3.947368421,0,-1.300531,1.0903931,2.8523731,3.8395329,6.565735,0.03090094,0,0,3.0055323,0.22780544,1.2190839,3.0737302,0,0.10434461,2.7782643,0.13020717,0,0,0,1,1
751.89,8,10000,827,4803836,9069030488,1523758289,1707721976,34864634,1785795000,5760111687,0,-625389864,-513356160,2036635879,47.15,6,67.6,92.86,100,-8.75,0,-0.703861,0,1.3958217,2.4442046,1.1789086,0,0,0,0,1.9496223,1.6837944,0,1.1615434,1.0894309,2.819731,0.96576303,1,0,0,0,1
688.8,66,28000,571,6203318,20360041434,9106352138,2738010117,2364090768,2486659000,9594728909,300331307,6107774268,4989626220,21596793987,38.19,6,51.77,94.44,189.29,1.408450704,0,-0.770679,0,1.5282193,3.0176978,4.4304585,0,0,0,1.9115442,0.69935036,1.7621424,2.1292202,0.8424007,1.2772909,3.8814168,1.250757,1,0,0,0,1
6.7,8.61,150000,92,3284058,58465173558,1.20E+11,23551083524,904366056,1462029000,56575995376,8053799080,9038432911,27415192446,42570369356,24.36,2,53.22,93.33,-200,-2.777777778,0,-0.178494,0,1.3134092,1.8208331,3.3664153,0.563506,0,0,0.5894237,0.29886466,1.8404113,2.533721,2.6689122,1.5390776,3.440112,0.35311276,1,0,0,0,1
666.88,63.87,20000,1002,6720250,16069430000,29390169000,13405821000,6981971000,2758125000,20152850000,-2004067000,1506389000,1120379000,7566098000,52.76,6,65.38,93.75,183.33,4.47761194,0,-0.460456,0,1.5935843,2.1692197,4.158577,0,0,0,1.1662804,0.47283778,2.1956744,2.654995,3.1866405,1.149634,3.809175,0.6406065,0,0,1,0,1
729.64,27.48,20000,796,4968000,41817916,19164125,28477059,6627963,2072000,23073834,-325276,4926579,3515429,22590447,38.37,6,60.29,93.75,136.36,-4.87804878,0,-0.649799,0,2.7117202,2.0880961,1.8487679,0.48154235,0,0,0.09874297,2.1683707,1.3104404,0.14694881,1.6641998,0.7023013,3.4786582,0.60425,1,0,0,0,1
