latent_0,latent_1,latent_2,latent_3,latent_4,latent_5,latent_6,latent_7,latent_8,latent_9,latent_10,latent_11,latent_12,latent_13,latent_14,latent_15,date,latent_dim,dropout_rate,batchnorm,epochs,early_stopping_patience,batch_size,kernel_regularizer
2.758159,1.887641,3.182884,4.2864914,7.3034716,0.12524302,0.0,0.0,3.3610442,0.13135079,1.0513629,3.4668627,0.0,0.0,2.4352674,0.0,2014-02-17,16,0.2,True,100,5,32,True
2.7531831,1.8931276,3.1762414,4.290176,7.3068852,0.12630093,0.0,0.0,3.3611374,0.12819993,1.0559528,3.4694963,0.0,0.0,2.4308023,0.0,2014-02-18,16,0.2,True,100,5,32,True
2.7524197,1.8898011,3.1718006,4.288112,7.305984,0.13352466,0.0,0.0,3.3611276,0.12233084,1.0566745,3.4682672,0.0,0.0,2.4282813,0.0,2014-02-19,16,0.2,True,100,5,32,True
2.750343,1.8870922,3.1649868,4.2875733,7.3069186,0.1350749,0.0,0.0,3.3610559,0.11816395,1.0611728,3.4672554,0.0,0.0,2.427145,0.0,2014-02-20,16,0.2,True,100,5,32,True
2.7498899,1.8833909,3.1565404,4.2885637,7.307486,0.13130495,0.0,0.0,3.3617275,0.11935791,1.0693401,3.4661477,0.0,0.0,2.4305537,0.0,2014-02-21,16,0.2,True,100,5,32,True
2.7482088,1.8732954,3.13878,4.28942,7.3038073,0.117802,0.0,0.0,3.3615544,0.1270397,1.0891484,3.4545248,0.0,0.0,2.4434478,0.0,2014-02-24,16,0.2,True,100,5,32,True
2.7448285,1.869547,3.1278095,4.2960978,7.315388,0.10154429,0.0,0.0,3.365962,0.13033417,1.1068761,3.4553382,0.0,0.0,2.4518726,0.0,2014-02-25,16,0.2,True,100,5,32,True
2.7424667,1.8673148,3.126637,4.296575,7.32021,0.09867199,0.0,0.0,3.367207,0.12895617,1.1109748,3.4599185,0.0,0.0,2.4522953,0.0,2014-02-26,16,0.2,True,100,5,32,True
2.7344704,1.8657876,3.1187162,4.300013,7.3246503,0.08518433,0.0,0.0,3.367506,0.13125803,1.1214719,3.4628494,0.0,0.0,2.4556348,0.0,2014-02-27,16,0.2,True,100,5,32,True
2.725572,1.8617426,3.1185613,4.300106,7.3319273,0.079648554,0.0,0.0,3.367758,0.1253949,1.122279,3.4714756,0.0,0.0,2.4546354,0.0,2014-02-28,16,0.2,True,100,5,32,True
2.7179446,1.8553779,3.1131804,4.299835,7.3344097,0.0721734,0.0,0.0,3.367611,0.12385456,1.1283565,3.4727058,0.0,0.0,2.4585915,0.0,2014-03-03,16,0.2,True,100,5,32,True
2.7146802,1.8486353,3.1161964,4.295868,7.333715,0.07308778,0.0,0.0,3.3657837,0.122702695,1.1273657,3.475068,0.0,0.0,2.4620662,0.0,2014-03-04,16,0.2,True,100,5,32,True
2.7095532,1.8364384,3.115445,4.289103,7.328335,0.06995428,0.0,0.0,3.3616524,0.122426234,1.1270645,3.4744282,0.0,0.0,2.4698794,0.0,2014-03-05,16,0.2,True,100,5,32,True
2.698987,1.8312277,3.116533,4.2841363,7.3235555,0.06553028,0.0,0.0,3.3555431,0.12198341,1.1252997,3.4768786,0.0,0.0,2.4738297,0.0,2014-03-06,16,0.2,True,100,5,32,True
2.689211,1.8224938,3.1200156,4.2763915,7.3154316,0.06542092,0.0,0.0,3.3487084,0.12083106,1.1208214,3.476431,0.0,0.0,2.4792392,0.0,2014-03-07,16,0.2,True,100,5,32,True
2.6818564,1.8095499,3.125858,4.264107,7.297419,0.07371725,0.0,0.0,3.3390841,0.12041546,1.1106294,3.4723616,0.0,0.0,2.4845629,0.0,2014-03-10,16,0.2,True,100,5,32,True
2.677822,1.7980961,3.1281555,4.257793,7.2866297,0.071947955,0.0,0.0,3.3331914,0.12601101,1.1092703,3.468254,0.0,0.0,2.492935,0.0,2014-03-11,16,0.2,True,100,5,32,True
2.6753764,1.7809767,3.135178,4.2479463,7.2757125,0.076666616,0.0,0.0,3.3270285,0.126006,1.1001987,3.4672039,0.0,0.0,2.4981797,0.0,2014-03-12,16,0.2,True,100,5,32,True
2.6708922,1.7653474,3.1354983,4.2415075,7.268192,0.06997128,0.0,0.0,3.3224225,0.12910555,1.0975343,3.4671433,0.0,0.0,2.5040362,0.0,2014-03-13,16,0.2,True,100,5,32,True
2.665533,1.7502365,3.130322,4.2357574,7.256734,0.061552014,0.0,0.0,3.3169658,0.13648137,1.1013153,3.4583852,0.0,0.0,2.5156608,0.0,2014-03-14,16,0.2,True,100,5,32,True
2.6680517,1.7352805,3.1329834,4.2310896,7.2519374,0.057725668,0.0,0.0,3.315035,0.14185467,1.1004634,3.4581456,0.0,0.0,2.524517,0.0,2014-03-17,16,0.2,True,100,5,32,True
2.6658492,1.7203591,3.1304772,4.2239494,7.2400413,0.05152879,0.0,0.0,3.3099108,0.14672881,1.0984797,3.4554396,0.0,0.0,2.5307848,0.0,2014-03-18,16,0.2,True,100,5,32,True
2.6647274,1.7045158,3.1316319,4.215811,7.2282434,0.049629327,0.0,0.0,3.3047485,0.14966232,1.0938016,3.4514942,0.0,0.0,2.5364428,0.0,2014-03-19,16,0.2,True,100,5,32,True
2.6639147,1.6872606,3.1322975,4.203271,7.207161,0.050686106,0.0,0.0,3.296491,0.1543498,1.0871705,3.4447162,0.0,0.0,2.5415614,0.0,2014-03-20,16,0.2,True,100,5,32,True
2.657986,1.6681226,3.1268554,4.192306,7.1899004,0.043306828,0.0,0.0,3.2893267,0.1573411,1.0859388,3.4375014,0.0,0.0,2.551658,0.0,2014-03-21,16,0.2,True,100,5,32,True
2.6561513,1.6549367,3.1249623,4.182463,7.174817,0.04235753,0.0,0.0,3.283867,0.15913734,1.0822228,3.4323492,0.0,0.0,2.5574186,0.0,2014-03-24,16,0.2,True,100,5,32,True
2.6474533,1.6495943,3.1216755,4.172408,7.153483,0.043544862,0.0,0.0,3.2741215,0.15941161,1.0754274,3.426117,0.0,0.0,2.5555568,0.0,2014-03-25,16,0.2,True,100,5,32,True
2.642722,1.6420695,3.1275604,4.1616054,7.1411033,0.049751125,0.0,0.0,3.267761,0.15295568,1.0622002,3.4284296,0.0,0.0,2.5511577,0.0,2014-03-26,16,0.2,True,100,5,32,True
2.6341536,1.6380204,3.1273532,4.1500597,7.1150475,0.057360377,0.0,0.0,3.2558463,0.15245113,1.0516632,3.4196453,0.0,0.0,2.548878,0.0,2014-03-27,16,0.2,True,100,5,32,True
2.6294904,1.6334659,3.1333756,4.13704,7.0873823,0.070904836,0.0,0.0,3.2436738,0.1521309,1.0373945,3.411496,0.0,0.0,2.544477,0.0,2014-03-28,16,0.2,True,100,5,32,True
2.6240835,1.6212158,3.1343465,4.1237793,7.06503,0.076815926,0.0,0.0,3.2339847,0.14987871,1.0296454,3.4018023,0.0,0.0,2.5463731,0.0,2014-03-31,16,0.2,True,100,5,32,True
2.6141782,1.6120278,3.1298585,4.1115613,7.0371203,0.07918408,0.0,0.0,3.221081,0.15134475,1.0251873,3.3886194,0.0,0.0,2.546857,0.0,2014-04-01,16,0.2,True,100,5,32,True
2.61409,1.6029845,3.1287262,4.107743,7.0225415,0.08509563,0.0,0.0,3.21525,0.15137658,1.0208085,3.3821647,0.0,0.0,2.5433846,0.0,2014-04-02,16,0.2,True,100,5,32,True
2.6149466,1.5957,3.1192331,4.1115274,7.012448,0.08355959,0.0,0.0,3.2118077,0.15569395,1.0271701,3.371113,0.0,0.0,2.5413308,0.0,2014-04-03,16,0.2,True,100,5,32,True
2.619363,1.5884811,3.1077142,4.1175117,7.0040812,0.07942903,0.0,0.0,3.2106357,0.16328305,1.037742,3.3601563,0.0,0.0,2.5385466,0.0,2014-04-04,16,0.2,True,100,5,32,True
2.6263957,1.5719992,3.0877519,4.1229753,6.9971113,0.07067084,0.0,0.0,3.2111776,0.1737651,1.0617782,3.3364303,0.0,0.0,2.5494547,0.0,2014-04-07,16,0.2,True,100,5,32,True
2.6260996,1.5614519,3.0567067,4.1364574,6.9955826,0.04137581,0.0,0.0,3.2136042,0.18791386,1.0970194,3.3166974,0.0,0.0,2.5576658,0.0,2014-04-08,16,0.2,True,100,5,32,True
2.62626,1.5573187,3.0306287,4.154181,7.001466,0.01024228,0.0,0.0,3.218997,0.20130527,1.1298105,3.3057444,0.0,0.0,2.5626364,0.0,2014-04-09,16,0.2,True,100,5,32,True
2.6267273,1.5564148,3.012387,4.1680794,7.0022254,0.0,0.0,0.0,3.2219357,0.21292466,1.1529783,3.29708,0.0,0.0,2.5626447,0.0,2014-04-10,16,0.2,True,100,5,32,True
2.624917,1.5546645,2.9938686,4.1852026,7.0115466,0.0,0.0,0.0,3.227705,0.22407037,1.1806383,3.290106,0.0,0.0,2.565795,0.0,2014-04-11,16,0.2,True,100,5,32,True
2.6295493,1.5490938,2.9825158,4.198077,7.021115,0.0,0.0,0.0,3.2354074,0.23377961,1.2028524,3.2869616,0.0,0.0,2.5686395,0.009686535,2014-04-14,16,0.2,True,100,5,32,True
2.6300898,1.5482538,2.9683697,4.2169166,7.0392036,0.0,0.0,0.0,3.2464602,0.24522167,1.2322376,3.2826955,0.0,0.0,2.5773592,0.027415179,2014-04-15,16,0.2,True,100,5,32,True
2.630483,1.5509838,2.9622047,4.233851,7.058258,0.0,0.0,0.0,3.2568865,0.25287974,1.2540544,3.2817152,0.0,0.0,2.5821488,0.037594117,2014-04-16,16,0.2,True,100,5,32,True
2.6268442,1.5536736,2.9481285,4.2539825,7.0805316,0.0,0.0,0.0,3.2684023,0.26306304,1.2861011,3.278242,0.0,0.0,2.5926113,0.05441069,2014-04-17,16,0.2,True,100,5,32,True
2.625031,1.5581269,2.9407463,4.270168,7.1008487,0.0,0.0,0.0,3.2793036,0.26882532,1.30832,3.280148,0.0,0.0,2.598013,0.0641984,2014-04-18,16,0.2,True,100,5,32,True
2.6218832,1.5645821,2.932689,4.286449,7.118352,0.0,0.0,0.0,3.2888741,0.27464452,1.3303077,3.27733,0.0,0.0,2.604177,0.07449655,2014-04-21,16,0.2,True,100,5,32,True
2.6200187,1.5667592,2.9252534,4.2989793,7.125821,0.0,0.0,0.0,3.2942011,0.28467047,1.350599,3.2669296,0.0,0.0,2.6145275,0.08834654,2014-04-22,16,0.2,True,100,5,32,True
2.6146052,1.5716002,2.9188173,4.314738,7.141523,0.0,0.0,0.0,3.3007586,0.29229182,1.3708684,3.2644818,0.0,0.0,2.622268,0.098069414,2014-04-23,16,0.2,True,100,5,32,True
2.6096377,1.5763621,2.918462,4.3248706,7.1480746,0.0,0.0,0.0,3.3036156,0.29940552,1.3821903,3.2624595,0.0,0.0,2.6242456,0.101205364,2014-04-24,16,0.2,True,100,5,32,True
2.6051369,1.5819471,2.9217215,4.33527,7.162654,0.0,0.0,0.0,3.3085353,0.30017218,1.3896694,3.265673,0.0,0.0,2.6241293,0.100263804,2014-04-25,16,0.2,True,100,5,32,True
2.6022792,1.5923516,2.9211104,4.3486533,7.1736174,0.0,0.0,0.0,3.312333,0.3067013,1.4005848,3.264407,0.0,0.0,2.625412,0.10360747,2014-04-28,16,0.2,True,100,5,32,True
2.5980299,1.603188,2.9191961,4.3618946,7.1879306,0.0,0.0,0.0,3.3165789,0.3097577,1.4106976,3.2653892,0.0,0.0,2.625878,0.105967306,2014-04-29,16,0.2,True,100,5,32,True
2.5957024,1.6126076,2.9165165,4.3771243,7.20855,0.0,0.0,0.0,3.323322,0.3122685,1.4233305,3.2688422,0.0,0.0,2.6301718,0.11068443,2014-04-30,16,0.2,True,100,5,32,True
2.595551,1.6199816,2.9117498,4.3912215,7.224642,0.0,0.0,0.0,3.3290594,0.32067174,1.4400905,3.2669044,0.0,0.0,2.6395793,0.120578066,2014-05-02,16,0.2,True,100,5,32,True
2.5923955,1.6187043,2.901444,4.401081,7.2369585,0.0,0.0,0.0,3.3332741,0.32870126,1.459525,3.2589486,0.0,0.004127171,2.6567025,0.13730532,2014-05-07,16,0.2,True,100,5,32,True
2.5857081,1.6171056,2.8901563,4.406643,7.2397537,0.0,0.0,0.0,3.332836,0.33680767,1.4751636,3.2508304,0.0,0.014311872,2.6741192,0.15277444,2014-05-08,16,0.2,True,100,5,32,True
2.5733302,1.609634,2.8687384,4.414636,7.2454524,0.0,0.0,0.0,3.3328183,0.34872892,1.5042955,3.238057,0.0,0.030330757,2.7032816,0.17928848,2014-05-09,16,0.2,True,100,5,32,True
2.5631847,1.606331,2.8522434,4.4220552,7.250556,0.0,0.0,0.0,3.3329043,0.36193106,1.5286591,3.2305698,0.0,0.041581325,2.7285137,0.20107645,2014-05-12,16,0.2,True,100,5,32,True
2.5509036,1.6036495,2.8424397,4.4252343,7.256642,0.0,0.0,0.0,3.3323922,0.36527956,1.5407659,3.2345073,0.0,0.047026362,2.7453415,0.21166831,2014-05-13,16,0.2,True,100,5,32,True
2.5377312,1.6034554,2.8325768,4.427573,7.2575564,0.0,0.0,0.0,3.329696,0.36920813,1.5511324,3.234742,0.0,0.053793773,2.7605083,0.22122326,2014-05-14,16,0.2,True,100,5,32,True
2.5290942,1.5989866,2.8320353,4.424352,7.2577505,0.0,0.0,0.0,3.3278754,0.36881834,1.551954,3.2384753,0.0,0.054319076,2.7707105,0.22393465,2014-05-15,16,0.2,True,100,5,32,True
2.5163906,1.5944694,2.8274612,4.4235024,7.258447,0.0,0.0,0.0,3.325462,0.3705882,1.5580941,3.2416666,0.0,0.05517342,2.7817097,0.22863612,2014-05-16,16,0.2,True,100,5,32,True
2.503244,1.572242,2.8181286,4.4069047,7.2325673,0.0,0.0,0.0,3.3138165,0.37359855,1.5581677,3.2290075,0.0,0.0634826,2.797921,0.23940265,2014-05-19,16,0.2,True,100,5,32,True
2.489896,1.5544975,2.8172166,4.3880115,7.2068257,0.0,0.0,0.0,3.3015623,0.3704976,1.5461314,3.2271175,0.0,0.06622107,2.8044918,0.238321,2014-05-20,16,0.2,True,100,5,32,True
2.4778714,1.5381423,2.8177478,4.3681746,7.1737347,0.0,0.0,0.0,3.2869923,0.37056214,1.5313194,3.2210093,0.0,0.069771744,2.8091545,0.23685074,2014-05-21,16,0.2,True,100,5,32,True
2.4771075,1.5251209,2.834002,4.345895,7.1553183,0.0,0.0,0.0,3.2795959,0.35719272,1.4992911,3.2320998,0.0,0.058883484,2.7994297,0.21958661,2014-05-22,16,0.2,True,100,5,32,True
2.4636393,1.5131766,2.8401113,4.3246512,7.12335,0.0,0.0,0.0,3.26413,0.35001743,1.4755298,3.2322288,0.0,0.055525433,2.7916608,0.20673043,2014-05-23,16,0.2,True,100,5,32,True
2.448358,1.5038996,2.8414922,4.3078136,7.09604,0.0,0.0,0.0,3.2501123,0.34382445,1.4586909,3.229878,0.0,0.05397216,2.7857585,0.19718462,2014-05-26,16,0.2,True,100,5,32,True
2.4331899,1.5025198,2.8488524,4.2951975,7.0754457,0.0,0.0,0.0,3.23694,0.33495173,1.4384869,3.233464,0.0,0.049017232,2.774088,0.1794504,2014-05-27,16,0.2,True,100,5,32,True
2.4249365,1.4991452,2.8559418,4.282233,7.055205,0.0,0.0,0.0,3.2251515,0.32611945,1.4178224,3.2350905,0.0,0.04463774,2.7628825,0.16438258,2014-05-28,16,0.2,True,100,5,32,True
2.4213653,1.4961119,2.8609362,4.2709627,7.0332294,0.0,0.0,0.0,3.2140164,0.3226293,1.4010793,3.2314763,0.0,0.041609302,2.7524228,0.15315875,2014-05-29,16,0.2,True,100,5,32,True
2.4197843,1.4925426,2.8655589,4.263618,7.0218472,0.0,0.0,0.0,3.2065077,0.31572777,1.3873619,3.232898,0.0,0.036980487,2.7405698,0.14084284,2014-05-30,16,0.2,True,100,5,32,True
2.4178917,1.4842837,2.8584418,4.261354,7.0121384,0.0,0.0,0.0,3.2004287,0.31597835,1.3890753,3.2256453,0.0,0.041573357,2.7406135,0.14316371,2014-06-02,16,0.2,True,100,5,32,True
2.4162428,1.4708452,2.8570356,4.247148,6.98868,0.0,0.0,0.0,3.1882076,0.31632355,1.382981,3.210933,0.0,0.045022666,2.7397196,0.1423381,2014-06-03,16,0.2,True,100,5,32,True
2.4073315,1.4573919,2.8519154,4.233145,6.9620185,0.0,0.0,0.0,3.1730459,0.31977156,1.3825037,3.19136,0.0,0.052052975,2.7428663,0.1446673,2014-06-05,16,0.2,True,100,5,32,True
2.398777,1.4385115,2.8476439,4.21659,6.9380555,0.0,0.0,0.0,3.1593602,0.32026863,1.3826494,3.1710763,0.0,0.06027377,2.7500532,0.14914203,2014-06-09,16,0.2,True,100,5,32,True
2.3927674,1.4255389,2.8500853,4.198035,6.9121118,0.0,0.0,0.0,3.1457102,0.31928232,1.3743871,3.154332,0.0,0.06303024,2.7496395,0.14765334,2014-06-10,16,0.2,True,100,5,32,True
2.382009,1.4158504,2.850627,4.1808753,6.8860946,0.0,0.0,0.0,3.1323965,0.31925726,1.367904,3.1407945,0.0,0.06419799,2.7469602,0.14535135,2014-06-11,16,0.2,True,100,5,32,True
2.3720024,1.4047357,2.8514564,4.164963,6.8643456,0.0,0.0,0.0,3.1220853,0.32061985,1.364263,3.1297448,0.0,0.06254698,2.7452018,0.14466143,2014-06-12,16,0.2,True,100,5,32,True
2.3639123,1.3960558,2.8582969,4.150211,6.8511333,0.0,0.0,0.0,3.1156433,0.31703907,1.3548977,3.126351,0.0,0.056236368,2.739861,0.13832557,2014-06-13,16,0.2,True,100,5,32,True
2.359983,1.3865238,2.8665357,4.131724,6.834059,0.0,0.0,0.0,3.1094577,0.31182033,1.3390031,3.1239395,0.0,0.047012813,2.7299078,0.13013975,2014-06-16,16,0.2,True,100,5,32,True
2.3555639,1.3779378,2.8717315,4.115735,6.8210683,0.0,0.0,0.0,3.1052969,0.30531698,1.3257458,3.1219103,0.0,0.039041996,2.7214613,0.12394571,2014-06-17,16,0.2,True,100,5,32,True
2.3547108,1.3701421,2.879785,4.100617,6.809873,0.0,0.0,0.0,3.1024716,0.30022898,1.3123854,3.119625,0.0,0.030809112,2.7140799,0.11798346,2014-06-18,16,0.2,True,100,5,32,True
2.3545735,1.3660667,2.8902035,4.0847178,6.796975,0.0,0.0,0.0,3.0990796,0.29308566,1.294209,3.1185417,0.0,0.02289788,2.7053273,0.10969612,2014-06-19,16,0.2,True,100,5,32,True
2.3550887,1.3575757,2.8995242,4.072057,6.7958393,0.0,0.0,0.0,3.1012127,0.28613374,1.283977,3.1201258,0.0,0.016489284,2.705458,0.10770683,2014-06-20,16,0.2,True,100,5,32,True
2.346608,1.3464062,2.8976018,4.0576754,6.7823467,0.0,0.0,0.0,3.0974,0.283878,1.2796103,3.114092,0.0,0.019035919,2.7124457,0.113189794,2014-06-23,16,0.2,True,100,5,32,True
2.3432581,1.3394095,2.9027836,4.0405335,6.7698374,0.0,0.0,0.0,3.0954633,0.2753884,1.2648015,3.1146262,0.0,0.016435806,2.711565,0.11106902,2014-06-24,16,0.2,True,100,5,32,True
2.3360431,1.3325746,2.901777,4.0259566,6.7524524,0.0,0.0,0.0,3.0908563,0.27363467,1.257157,3.11027,0.0,0.01681753,2.7132876,0.11382113,2014-06-25,16,0.2,True,100,5,32,True
2.3274121,1.3278375,2.8974864,4.01595,6.740664,0.0,0.0,0.0,3.0883026,0.27153304,1.2522109,3.1113627,0.0,0.015737938,2.7135487,0.11669405,2014-06-26,16,0.2,True,100,5,32,True
2.3210702,1.3269925,2.896569,4.0060916,6.7286634,0.0,0.0,0.0,3.085281,0.26721635,1.2423047,3.1120477,0.0,0.014678972,2.7102613,0.11498456,2014-06-27,16,0.2,True,100,5,32,True
2.3164167,1.3270168,2.8927712,4.00019,6.720322,0.0,0.0,0.0,3.0841732,0.26623043,1.239342,3.110199,0.0,0.016185211,2.7104251,0.117557645,2014-06-30,16,0.2,True,100,5,32,True
2.311387,1.3281088,2.8940742,3.9932663,6.7088904,0.0,0.0,0.0,3.080594,0.26498613,1.2317389,3.1082768,0.0,0.01648706,2.706898,0.11443922,2014-07-01,16,0.2,True,100,5,32,True
2.30499,1.3232311,2.8998888,3.9794388,6.6975594,0.0,0.0,0.0,3.0753198,0.2555626,1.2161461,3.1082988,0.0,0.0154296085,2.699761,0.1047648,2014-07-02,16,0.2,True,100,5,32,True
2.2856934,1.3143349,2.891589,3.9671235,6.6771445,0.0,0.0,0.0,3.064069,0.25220627,1.2124404,3.0987382,0.0,0.023203705,2.6991665,0.10364719,2014-07-03,16,0.2,True,100,5,32,True
2.2690308,1.3042912,2.8903763,3.9532347,6.6596427,0.0,0.0,0.0,3.0533514,0.2462022,1.203705,3.0933123,0.0,0.027943786,2.6967964,0.09743696,2014-07-04,16,0.2,True,100,5,32,True
2.2512856,1.2916906,2.8839288,3.940411,6.6391845,0.0,0.0,0.0,3.041981,0.24526784,1.2011898,3.0834246,0.0,0.034983125,2.6989214,0.097147875,2014-07-07,16,0.2,True,100,5,32,True
2.2366827,1.2767386,2.8778996,3.9299574,6.626041,0.0,0.0,0.0,3.0346522,0.24310043,1.1994092,3.0804737,0.0,0.03898569,2.7013776,0.09774234,2014-07-08,16,0.2,True,100,5,32,True
2.2266977,1.2622372,2.8764231,3.9185505,6.615906,0.0,0.0,0.0,3.0294867,0.2387748,1.19293,3.081676,0.0,0.038642626,2.699642,0.09444599,2014-07-09,16,0.2,True,100,5,32,True
2.2111976,1.2409313,2.8631232,3.9084065,6.6053095,0.0,0.0,0.0,3.024708,0.23895636,1.2004207,3.0765808,0.0,0.04585962,2.7094977,0.10260623,2014-07-10,16,0.2,True,100,5,32,True
2.2014825,1.216515,2.8553514,3.8943896,6.5929365,0.0,0.0,0.0,3.020262,0.23969012,1.2046413,3.069823,0.0,0.05278109,2.7200718,0.11007865,2014-07-11,16,0.2,True,100,5,32,True
2.1931326,1.188123,2.8475904,3.8784845,6.579492,0.0,0.0,0.0,3.0161855,0.24090186,1.2086741,3.0657825,0.0,0.05876932,2.7314644,0.11856977,2014-07-14,16,0.2,True,100,5,32,True
2.180745,1.1630223,2.8416693,3.8632882,6.563356,0.0,0.0,0.0,3.0095632,0.24048433,1.2088144,3.062325,0.0,0.067646325,2.7409902,0.12339371,2014-07-15,16,0.2,True,100,5,32,True
2.1722252,1.1421993,2.844799,3.8466194,6.5488105,0.0091107525,0.0,0.0,3.0027804,0.23562437,1.2013147,3.0602243,0.0,0.072871275,2.7438037,0.120914765,2014-07-16,16,0.2,True,100,5,32,True
2.163946,1.1346294,2.850569,3.8454294,6.55319,0.021456588,0.0,0.0,3.002715,0.23144582,1.1996039,3.0674174,0.0,0.07880723,2.7481165,0.116869874,2014-07-17,16,0.2,True,100,5,32,True
2.1583498,1.1235459,2.8550508,3.8455076,6.5622463,0.027098415,0.0,0.0,3.005573,0.22859228,1.20341,3.0746205,0.0,0.084865674,2.7563834,0.11737314,2014-07-18,16,0.2,True,100,5,32,True
2.154024,1.107406,2.8565114,3.8436875,6.5695367,0.031489454,0.0,0.0,3.0079525,0.2269845,1.2112911,3.0756412,0.0,0.094049506,2.7681477,0.12290907,2014-07-21,16,0.2,True,100,5,32,True
2.144049,1.0903931,2.8523731,3.8395329,6.565735,0.03090094,0.0,0.0,3.0055323,0.22780544,1.2190839,3.0737302,0.0,0.10434461,2.7782643,0.13020717,2014-07-22,16,0.2,True,100,5,32,True
2.131515,1.0753652,2.8511095,3.83107,6.551805,0.03737432,0.0,0.0,2.9978876,0.22803399,1.2197188,3.070648,0.0,0.113556966,2.783244,0.1323202,2014-07-23,16,0.2,True,100,5,32,True
2.121346,1.0575743,2.8509414,3.822118,6.540824,0.042183902,0.0,0.0,2.992759,0.23020807,1.2229168,3.0672193,0.0,0.121142045,2.7918675,0.13672511,2014-07-24,16,0.2,True,100,5,32,True
2.1074746,1.0410053,2.8473651,3.8165705,6.533203,0.04134082,0.0,0.0,2.9884288,0.23228195,1.2308382,3.0623584,0.0,0.13132955,2.8029828,0.14346509,2014-07-25,16,0.2,True,100,5,32,True
2.097068,1.0206964,2.8452213,3.8078194,6.522157,0.03843421,0.0,0.0,2.98466,0.23517618,1.235129,3.0605407,0.0,0.13651231,2.810633,0.14913952,2014-07-28,16,0.2,True,100,5,32,True
2.0867991,0.9982144,2.8473883,3.7987878,6.5160394,0.03532289,0.0,0.0,2.9824114,0.23724568,1.2378744,3.061896,0.0,0.13888437,2.8206048,0.15393016,2014-07-29,16,0.2,True,100,5,32,True
2.0747554,0.97942924,2.8535855,3.7875295,6.504514,0.0392441,0.0,0.0,2.9766436,0.2389363,1.2354019,3.0601087,0.0,0.13990542,2.8275163,0.15475954,2014-07-30,16,0.2,True,100,5,32,True
2.0617428,0.95660484,2.861466,3.7768636,6.497508,0.035908453,0.0,0.0,2.9730859,0.24199927,1.2355367,3.0596418,0.0,0.1367974,2.8389273,0.15918526,2014-07-31,16,0.2,True,100,5,32,True
2.05561,0.92361134,2.874445,3.7626014,6.4925127,0.031218994,0.0,0.0,2.9725292,0.24995905,1.2360972,3.0589488,0.0,0.12950918,2.8576646,0.16847876,2014-08-01,16,0.2,True,100,5,32,True
2.046402,0.8759995,2.880504,3.7493649,6.492956,0.014133617,0.0,0.0,2.9754255,0.26234394,1.2495911,3.0541923,0.0,0.124486715,2.886361,0.18658412,2014-08-04,16,0.2,True,100,5,32,True
2.030776,0.8286887,2.8833833,3.7382114,6.491711,0.0,0.0,0.0,2.9763181,0.27562788,1.2633077,3.049668,0.0,0.12172131,2.914452,0.20344248,2014-08-05,16,0.2,True,100,5,32,True
2.0165024,0.7808873,2.8871279,3.724894,6.4837437,0.0,0.0,0.0,2.97482,0.2903104,1.2722608,3.0429265,0.0,0.118964136,2.9409015,0.22015983,2014-08-06,16,0.2,True,100,5,32,True
2.000434,0.7299626,2.886442,3.71304,6.4761143,0.0,0.0,0.0,2.9743385,0.30811626,1.2866354,3.0335307,0.0,0.117298365,2.9718304,0.24296457,2014-08-07,16,0.2,True,100,5,32,True
1.9801142,0.6711211,2.8786595,3.69908,6.4667645,0.0,0.0,0.0,2.9724948,0.32630244,1.3078244,3.0181458,0.0,0.12164582,3.010516,0.273412,2014-08-08,16,0.2,True,100,5,32,True
1.961266,0.6089866,2.8691294,3.6823785,6.4518065,0.0,0.0,0.0,2.969577,0.34768268,1.3313096,2.9932272,0.0,0.13162883,3.0540295,0.31073934,2014-08-11,16,0.2,True,100,5,32,True
1.9373701,0.5563581,2.8564882,3.6726468,6.442792,0.0,0.0,0.0,2.9694874,0.36680287,1.3558826,2.97657,0.0,0.14177531,3.0941894,0.3463913,2014-08-12,16,0.2,True,100,5,32,True
1.9157652,0.5112239,2.8494236,3.6660924,6.4413004,0.0,0.0,0.0,2.9728436,0.3842591,1.377517,2.9635696,0.0,0.1491984,3.1309953,0.3779242,2014-08-13,16,0.2,True,100,5,32,True
1.8946983,0.4697859,2.8498077,3.6599813,6.442113,0.0,0.0,0.0,2.9759948,0.39881548,1.3924695,2.955693,0.0,0.15315413,3.161193,0.4012984,2014-08-14,16,0.2,True,100,5,32,True
1.8714643,0.4344073,2.8526483,3.6554577,6.4414005,0.0,0.0,0.0,2.977506,0.4110161,1.401835,2.9517114,0.0,0.1543514,3.1840754,0.41825554,2014-08-18,16,0.2,True,100,5,32,True
1.8521311,0.39846867,2.8598354,3.648533,6.438732,0.0,0.0,0.0,2.9777646,0.4225712,1.4075247,2.94588,0.009363383,0.15488486,3.2058887,0.4335547,2014-08-19,16,0.2,True,100,5,32,True
1.8316674,0.35995388,2.8650277,3.6411896,6.430616,0.0,0.0,0.0,2.9757588,0.43815044,1.4158835,2.9350464,0.036191497,0.15652016,3.2309725,0.45255673,2014-08-20,16,0.2,True,100,5,32,True
1.8105326,0.32208273,2.868107,3.633914,6.4201674,0.0,0.0,0.0,2.97246,0.45406565,1.4246088,2.9236438,0.063699946,0.15890026,3.2552192,0.47157997,2014-08-21,16,0.2,True,100,5,32,True
1.79478,0.2816236,2.8728008,3.6233125,6.409607,0.0,0.0,0.0,2.9686954,0.46883956,1.4324201,2.908268,0.087498285,0.1637612,3.2800002,0.49145383,2014-08-22,16,0.2,True,100,5,32,True
1.7753593,0.23507813,2.8697298,3.6165276,6.4023075,0.0,0.0,0.0,2.965458,0.48735258,1.4553032,2.8867803,0.121381596,0.17669147,3.3147423,0.5211069,2014-08-25,16,0.2,True,100,5,32,True
1.749644,0.18586123,2.861394,3.6071734,6.383134,0.0,0.0,0.0,2.956227,0.512716,1.4832033,2.853954,0.15898892,0.19673286,3.3549502,0.55671644,2014-08-26,16,0.2,True,100,5,32,True
1.7162343,0.14452098,2.8534794,3.6002543,6.366323,0.0,0.0,0.0,2.9471765,0.5311013,1.5038598,2.8368378,0.19887453,0.21124232,3.3864565,0.58321637,2014-08-27,16,0.2,True,100,5,32,True
1.6816257,0.1049186,2.8467135,3.5906546,6.3446183,0.0,0.0,0.0,2.934852,0.5474473,1.5203544,2.818911,0.2370072,0.224663,3.4149547,0.60632586,2014-08-28,16,0.2,True,100,5,32,True
1.6446373,0.060089685,2.8327682,3.5813246,6.317609,0.0,0.0,0.0,2.9204283,0.56805557,1.5450696,2.7937095,0.28057793,0.24241301,3.4500508,0.6376357,2014-08-29,16,0.2,True,100,5,32,True
1.6138432,0.01652054,2.82564,3.5684807,6.2888737,0.0,0.0,0.0,2.9052048,0.5884657,1.5625235,2.7697904,0.3154308,0.2574522,3.48082,0.6640461,2014-09-01,16,0.2,True,100,5,32,True
1.5821648,0.0,2.821216,3.5534353,6.2603955,0.0,0.0,0.0,2.8886883,0.6050236,1.5760816,2.7480175,0.34875497,0.27182582,3.5104065,0.68767625,2014-09-02,16,0.2,True,100,5,32,True
1.5458089,0.0,2.8080976,3.5421345,6.22694,0.0,0.0,0.0,2.8709345,0.6241149,1.5951265,2.72215,0.38611582,0.28920197,3.5427837,0.71697724,2014-09-03,16,0.2,True,100,5,32,True
1.5077516,0.0,2.7909982,3.5320807,6.1924615,0.0,0.0,0.0,2.853474,0.6428119,1.6149249,2.6985006,0.42710438,0.30497596,3.5770628,0.748355,2014-09-04,16,0.2,True,100,5,32,True
1.4740516,0.0,2.7783077,3.515549,6.1517787,0.0,0.0,0.0,2.8332553,0.66340274,1.6293637,2.669596,0.46268135,0.32088125,3.6130366,0.7797448,2014-09-05,16,0.2,True,100,5,32,True
1.4364648,0.0,2.7600102,3.4993708,6.113406,0.0,0.0,0.0,2.8132374,0.68446624,1.6515362,2.6397521,0.5070266,0.33975357,3.6547718,0.8160093,2014-09-11,16,0.2,True,100,5,32,True
1.3980454,0.0,2.7405844,3.4803226,6.0618315,0.0,0.0,0.0,2.7867284,0.7110945,1.669044,2.6058042,0.5475146,0.3594995,3.6933863,0.8499419,2014-09-12,16,0.2,True,100,5,32,True
1.3611176,0.0,2.7237906,3.4683232,6.0208282,0.0,0.0,0.0,2.7658496,0.7299229,1.6785662,2.5887725,0.5838801,0.37005484,3.7207074,0.8733238,2014-09-15,16,0.2,True,100,5,32,True
1.3242923,0.0,2.7046974,3.4598844,5.98606,0.0,0.0,0.0,2.747844,0.742618,1.6878622,2.5787194,0.62097037,0.3782311,3.7432554,0.89297014,2014-09-16,16,0.2,True,100,5,32,True
1.2943085,0.0,2.6883986,3.4527357,5.9566073,0.0,0.0,0.0,2.7325912,0.7561804,1.6978728,2.5651922,0.652595,0.38738,3.7666605,0.91256094,2014-09-17,16,0.2,True,100,5,32,True
1.2709473,0.0,2.6805158,3.4413297,5.925835,0.0,0.0,0.0,2.7166226,0.76999533,1.6995167,2.5484285,0.67316496,0.39461964,3.7853026,0.92658824,2014-09-18,16,0.2,True,100,5,32,True
1.2517173,0.0,2.6759775,3.42546,5.896452,0.0,0.0,0.0,2.701484,0.7848543,1.7007066,2.5259492,0.6913734,0.40291762,3.807694,0.9434204,2014-09-19,16,0.2,True,100,5,32,True
1.2207078,0.0,2.6645145,3.4137971,5.8632617,0.0,0.0,0.0,2.6841273,0.7999458,1.706834,2.5048435,0.7199761,0.41400683,3.831721,0.9612373,2014-09-22,16,0.2,True,100,5,32,True
1.193331,0.0,2.6539383,3.4009116,5.8333483,0.0,0.0,0.0,2.6683152,0.81744576,1.7171746,2.479324,0.7492451,0.4271109,3.861283,0.9846804,2014-09-23,16,0.2,True,100,5,32,True
1.1692199,0.0,2.6473618,3.3827155,5.798649,0.0,0.0,0.0,2.6496892,0.83707523,1.7198391,2.4568849,0.77400964,0.43824163,3.8888736,1.0037291,2014-09-24,16,0.2,True,100,5,32,True
1.1479784,0.0,2.6482875,3.3620338,5.772501,0.0,0.0,0.0,2.6341488,0.85299265,1.7156796,2.4453387,0.7975405,0.44260812,3.9121761,1.0140692,2014-09-25,16,0.2,True,100,5,32,True
1.1261712,0.0,2.6522143,3.3405068,5.753385,0.0,0.0,0.0,2.6207945,0.8662807,1.7104834,2.4397626,0.82339114,0.44304547,3.9325755,1.0194826,2014-09-26,16,0.2,True,100,5,32,True
1.0911287,0.0,2.642795,3.3175912,5.7132726,0.0,0.0,0.0,2.5974433,0.8816749,1.7087306,2.4208965,0.8535759,0.4529371,3.9511917,1.0290931,2014-09-29,16,0.2,True,100,5,32,True
1.0640029,0.0,2.6370382,3.297543,5.677379,0.0,0.0,0.0,2.5767636,0.8903831,1.6993561,2.4113736,0.8747972,0.45719057,3.9605327,1.0327207,2014-09-30,16,0.2,True,100,5,32,True
1.0334378,0.0,2.6240883,3.2785516,5.6356683,0.0,0.0,0.0,2.553877,0.89903647,1.6933314,2.3957212,0.8967066,0.46654764,3.9691186,1.0382032,2014-10-01,16,0.2,True,100,5,32,True
1.0014212,0.0,2.6067557,3.2555974,5.585839,0.0,0.0,0.0,2.5276532,0.90670437,1.684724,2.3823707,0.9199041,0.47640738,3.9778342,1.0438488,2014-10-02,16,0.2,True,100,5,32,True
0.97467864,0.0,2.5924337,3.2243304,5.5375085,0.0,0.0,0.0,2.5020125,0.9137447,1.670859,2.3717704,0.94113666,0.48446068,3.9882233,1.0473353,2014-10-06,16,0.2,True,100,5,32,True
0.9524585,0.0,2.5807102,3.1988473,5.4887614,0.0,0.0,0.0,2.477327,0.9117188,1.6473707,2.363387,0.9502621,0.4926305,3.9885242,1.0464537,2014-10-07,16,0.2,True,100,5,32,True
0.9318492,0.0,2.5687952,3.1690016,5.4368734,0.0,0.0,0.0,2.4493532,0.90951633,1.6216767,2.3580668,0.95965415,0.50106996,3.9884207,1.0430855,2014-10-08,16,0.2,True,100,5,32,True
0.91082835,0.0,2.558206,3.130464,5.386956,0.0,0.0,0.0,2.4209497,0.9098859,1.5987716,2.3473659,0.97200817,0.51247597,3.9935877,1.0396519,2014-10-10,16,0.2,True,100,5,32,True
0.89721924,0.0,2.5512328,3.0927148,5.3409414,0.0,0.0,0.0,2.3942604,0.90603447,1.5709805,2.3457532,0.97784597,0.52074575,3.9943247,1.0324115,2014-10-13,16,0.2,True,100,5,32,True
0.87913084,0.0,2.5372427,3.0543613,5.298156,0.0,0.0,0.0,2.3684144,0.9022527,1.55234,2.3402374,0.9898782,0.53598464,4.00074,1.0303288,2014-10-14,16,0.2,True,100,5,32,True
0.84853417,0.0,2.505831,3.0229983,5.2375073,0.0,0.0,0.0,2.3354368,0.90198636,1.5438958,2.3218622,1.0076042,0.56033725,4.005828,1.0364531,2014-10-15,16,0.2,True,100,5,32,True
0.82852906,0.0,2.4808722,2.9941776,5.1898556,0.0,0.0,0.0,2.308217,0.89507776,1.5318528,2.314734,1.0170844,0.5819979,4.006299,1.0367428,2014-10-16,16,0.2,True,100,5,32,True
0.8192156,0.0,2.4626946,2.9631953,5.143848,0.0,0.0,0.0,2.2822843,0.8851934,1.5106052,2.3156612,1.0158807,0.59700215,3.9999387,1.0310124,2014-10-17,16,0.2,True,100,5,32,True
0.8072251,0.0,2.4401472,2.937201,5.092645,0.0,0.0,0.0,2.2547495,0.8700268,1.4884448,2.3099616,1.0100958,0.61595213,3.9869807,1.0252203,2014-10-20,16,0.2,True,100,5,32,True
0.79383427,0.0,2.4147427,2.9172726,5.0507255,0.0,0.0,0.0,2.2323234,0.8537513,1.4754436,2.3026578,1.007128,0.6379331,3.974989,1.0203419,2014-10-21,16,0.2,True,100,5,32,True
0.78508645,0.0,2.3938031,2.8987074,5.0076575,0.0,0.0,0.0,2.2105098,0.83288527,1.4546844,2.2998314,0.9953092,0.6560937,3.955895,1.0114684,2014-10-22,16,0.2,True,100,5,32,True
0.77566576,0.0,2.372016,2.8788116,4.9665775,0.0,0.0,0.0,2.188579,0.81898093,1.4433237,2.291872,0.9899279,0.67638314,3.945674,1.0058744,2014-10-23,16,0.2,True,100,5,32,True
0.7690729,0.0,2.3551126,2.8599007,4.9298697,0.0,0.0,0.0,2.1680264,0.8024445,1.4290259,2.2880633,0.98136187,0.6947508,3.933477,0.9968215,2014-10-24,16,0.2,True,100,5,32,True
0.766407,0.0,2.3383322,2.8375187,4.8904767,0.0,0.0,0.0,2.1453733,0.79141885,1.4181405,2.2816079,0.9735174,0.71206015,3.9243503,0.9891171,2014-10-27,16,0.2,True,100,5,32,True
0.7620051,0.0,2.3182056,2.8189573,4.847566,0.0,0.0,0.0,2.121878,0.7821277,1.4086133,2.2758396,0.9674849,0.72829455,3.9146569,0.98335207,2014-10-28,16,0.2,True,100,5,32,True
0.7527936,0.0,2.29161,2.8083785,4.8003445,0.0,0.0,0.0,2.0988402,0.77158344,1.4000835,2.2693307,0.96257544,0.74422836,3.9010153,0.9800204,2014-10-29,16,0.2,True,100,5,32,True
0.7496429,0.0,2.2745166,2.7966342,4.7561617,0.0,0.0,0.0,2.0766647,0.7600082,1.3830038,2.2650986,0.94908243,0.75440854,3.883089,0.9704955,2014-10-30,16,0.2,True,100,5,32,True
0.7521283,0.0,2.2628903,2.7829883,4.720638,0.0,0.0,0.0,2.057687,0.74877936,1.3666979,2.2627347,0.934557,0.76304275,3.8692386,0.959921,2014-10-31,16,0.2,True,100,5,32,True
0.7537062,0.0,2.2487526,2.7728572,4.6872377,0.0,0.0,0.0,2.0405364,0.7401155,1.3567673,2.2553427,0.9224029,0.77363527,3.859928,0.9545166,2014-11-03,16,0.2,True,100,5,32,True
0.76211363,0.0,2.2335777,2.7625988,4.666774,0.0,0.0,0.0,2.027777,0.7355237,1.356611,2.2503073,0.91377115,0.7870537,3.857753,0.95257246,2014-11-04,16,0.2,True,100,5,32,True
0.76782805,0.0,2.2069714,2.7602854,4.645951,0.0,0.0,0.0,2.0160859,0.72978437,1.3618244,2.248431,0.9087538,0.8035778,3.85291,0.9559008,2014-11-05,16,0.2,True,100,5,32,True
0.7808084,0.0,2.1883047,2.7546005,4.631192,0.0,0.0,0.0,2.0062265,0.72362006,1.3606728,2.2506828,0.89630723,0.818851,3.8486261,0.9568529,2014-11-06,16,0.2,True,100,5,32,True
0.79051155,0.0,2.1622105,2.7530644,4.6152053,0.0,0.0,0.0,1.9961357,0.72065705,1.3688643,2.2457802,0.8882767,0.83959615,3.849208,0.9645272,2014-11-07,16,0.2,True,100,5,32,True
0.7997172,0.0,2.131371,2.7526853,4.5972514,0.0,0.0,0.0,1.9848201,0.7237671,1.3860323,2.2342813,0.8838214,0.8639648,3.8561547,0.97845495,2014-11-10,16,0.2,True,100,5,32,True
0.81068623,0.0,2.102689,2.75769,4.5832715,0.0,0.0,0.0,1.9758335,0.7255066,1.401961,2.2266848,0.87508017,0.88610923,3.8581824,0.9909758,2014-11-11,16,0.2,True,100,5,32,True
0.8179655,0.0,2.0740397,2.7692425,4.5769086,0.0,0.0,0.0,1.9721032,0.721391,1.4179214,2.2238526,0.86735755,0.90648335,3.8555686,1.0015411,2014-11-12,16,0.2,True,100,5,32,True
0.82732666,0.0,2.0465355,2.7842798,4.5658164,0.0,0.0,0.0,1.9667844,0.71805114,1.4295031,2.2184143,0.8523185,0.92552465,3.8463922,1.0094723,2014-11-13,16,0.2,True,100,5,32,True
0.8373504,0.0,2.024256,2.803561,4.567279,0.0,0.0,0.0,1.9682574,0.7106565,1.4413753,2.2176924,0.8364773,0.94316727,3.8366742,1.0145146,2014-11-14,16,0.2,True,100,5,32,True
0.84733677,0.0,2.001573,2.8237615,4.5729136,0.0,0.0,0.0,1.9735769,0.71121556,1.4620911,2.210951,0.82468104,0.9621852,3.8371234,1.0278082,2014-11-17,16,0.2,True,100,5,32,True
0.85970503,0.0,1.98236,2.8443084,4.5867133,0.0,0.0,0.0,1.9819878,0.7115428,1.4851785,2.209416,0.8149998,0.98061794,3.8410344,1.0411493,2014-11-18,16,0.2,True,100,5,32,True
0.8615992,0.0,1.9537168,2.869333,4.597419,0.0,0.0,0.0,1.9899938,0.71401215,1.5179561,2.2047255,0.8180053,1.0004423,3.8480284,1.0596087,2014-11-19,16,0.2,True,100,5,32,True
0.86964566,0.0,1.9355624,2.8886974,4.609014,0.0,0.0,0.0,1.996433,0.71758217,1.5406224,2.208429,0.8157671,1.0135517,3.8519802,1.0712563,2014-11-20,16,0.2,True,100,5,32,True
0.87890136,0.0,1.9240165,2.9079912,4.6294,0.0,0.0,0.0,2.0072155,0.7136533,1.5565579,2.2195694,0.80997956,1.0254203,3.8531084,1.0779326,2014-11-21,16,0.2,True,100,5,32,True
0.88351107,0.0,1.909267,2.9244745,4.6370096,0.0,0.0,0.0,2.0120115,0.7151401,1.5728574,2.2199764,0.80577546,1.0386646,3.8552244,1.0874351,2014-11-24,16,0.2,True,100,5,32,True
0.88957906,0.0,1.8996266,2.9395328,4.6508718,0.0,0.0,0.0,2.019235,0.7115813,1.5852565,2.225981,0.8000403,1.048326,3.8534532,1.0915498,2014-11-25,16,0.2,True,100,5,32,True
0.8896149,0.0,1.8887252,2.9568565,4.659677,0.0,0.0,0.0,2.0241768,0.70461375,1.5943973,2.232051,0.79485935,1.0573215,3.8458622,1.0925065,2014-11-26,16,0.2,True,100,5,32,True
0.89028907,0.0,1.8798629,2.9699006,4.6634135,0.0,0.0,0.0,2.0258715,0.70003444,1.601358,2.2348375,0.78874373,1.0656662,3.8392005,1.0913591,2014-11-27,16,0.2,True,100,5,32,True
0.8900784,0.0,1.868631,2.9832168,4.666034,0.0,0.0,0.0,2.027812,0.699352,1.6143283,2.2314966,0.785547,1.0749242,3.8367815,1.0943854,2014-11-28,16,0.2,True,100,5,32,True
0.8859008,0.0,1.8502034,2.9970815,4.672615,0.0,0.0,0.0,2.03276,0.69669384,1.63411,2.2314985,0.7928451,1.0829649,3.8367352,1.1002558,2014-12-01,16,0.2,True,100,5,32,True
0.883354,0.0,1.8360242,3.0061314,4.6743393,0.0,0.0,0.0,2.0348945,0.6909166,1.6441725,2.2320092,0.79227597,1.0937306,3.8360684,1.1025985,2014-12-02,16,0.2,True,100,5,32,True
0.8749013,0.0,1.8192502,3.017796,4.675964,0.0,0.0,0.0,2.0373,0.6870047,1.6566023,2.2324977,0.7974242,1.1027551,3.834905,1.1036341,2014-12-03,16,0.2,True,100,5,32,True
0.873624,0.0,1.806332,3.0232687,4.6801734,0.0,0.0,0.0,2.0393531,0.68339,1.6706324,2.2318046,0.8015657,1.1136048,3.8421292,1.1103632,2014-12-04,16,0.2,True,100,5,32,True
0.8647837,0.0,1.7886872,3.0278683,4.6765356,0.0,0.0,0.0,2.0375834,0.68288434,1.6855074,2.2285223,0.8120405,1.1236944,3.8491843,1.1185099,2014-12-05,16,0.2,True,100,5,32,True
0.8584599,0.0,1.7781049,3.0251899,4.6671724,0.0,0.0,0.0,2.0309365,0.6836102,1.693359,2.2221918,0.8166632,1.13468,3.8569126,1.1243187,2014-12-08,16,0.2,True,100,5,32,True
0.8475982,0.0,1.7618648,3.0285892,4.656917,0.0,0.0,0.0,2.0255685,0.68528867,1.7050627,2.216002,0.8260462,1.1450248,3.8633935,1.1320682,2014-12-09,16,0.2,True,100,5,32,True
0.8350318,0.0,1.7402304,3.0363882,4.650584,0.0,0.0,0.0,2.0237656,0.68860775,1.7248366,2.210317,0.84344256,1.152596,3.8721883,1.1449127,2014-12-10,16,0.2,True,100,5,32,True
0.8243452,0.0,1.719034,3.044479,4.6456866,0.0,0.0,0.0,2.0221117,0.6907805,1.7433547,2.2061803,0.8598416,1.1609352,3.8806775,1.157802,2014-12-11,16,0.2,True,100,5,32,True
0.8191761,0.0,1.7006795,3.0479472,4.638193,0.0,0.0,0.0,2.0191636,0.690435,1.7527251,2.2041287,0.8680157,1.1712878,3.8870924,1.1689302,2014-12-12,16,0.2,True,100,5,32,True
0.8138802,0.0,1.6800636,3.050538,4.6314287,0.0,0.0,0.0,2.015936,0.69117,1.7655902,2.200794,0.87894034,1.1847341,3.8980174,1.1835083,2014-12-15,16,0.2,True,100,5,32,True
0.8175279,0.0,1.6669954,3.040041,4.607764,0.0,0.0,0.0,2.0056162,0.6919644,1.7592542,2.1944666,0.87354547,1.1916826,3.897172,1.1897607,2014-12-16,16,0.2,True,100,5,32,True
0.8187189,0.0,1.6461716,3.0377703,4.5847855,0.0,0.0,0.0,1.9954717,0.69496816,1.7617106,2.1849356,0.8716959,1.2015609,3.8957574,1.2010278,2014-12-17,16,0.2,True,100,5,32,True
0.8203388,0.0,1.6250373,3.0385056,4.5687313,0.0,0.0,0.0,1.9871726,0.6976092,1.768908,2.1772313,0.87195706,1.2138604,3.89811,1.2144265,2014-12-18,16,0.2,True,100,5,32,True
0.824248,0.0,1.6054287,3.036554,4.548935,0.0,0.0,0.0,1.9770321,0.69828266,1.7709022,2.1692622,0.86645645,1.2266275,3.8973606,1.2250634,2014-12-19,16,0.2,True,100,5,32,True
0.828874,0.0,1.5900985,3.0307572,4.5258512,0.0,0.0,0.0,1.9643534,0.69667906,1.7653409,2.1638625,0.8557365,1.2383964,3.8930147,1.2305725,2014-12-22,16,0.2,True,100,5,32,True
0.82648796,0.0,1.5677267,3.024358,4.4926653,0.0,0.0,0.0,1.9460948,0.7004733,1.7680708,2.1465433,0.85147554,1.2537712,3.8929057,1.2419587,2014-12-23,16,0.2,True,100,5,32,True
0.82093006,0.0,1.5440766,3.0226796,4.4617977,0.0,0.0,0.0,1.9299237,0.70148873,1.7713377,2.1330092,0.84872353,1.2681097,3.891244,1.2534801,2014-12-24,16,0.2,True,100,5,32,True
0.8141367,0.0,1.5282193,3.0176978,4.4304585,0.0,0.0,0.0,1.9115442,0.69935036,1.7621424,2.1292202,0.8424007,1.2772909,3.8814168,1.250757,2014-12-26,16,0.2,True,100,5,32,True
0.80682266,0.0,1.5132021,3.014371,4.4006033,0.0,0.0,0.0,1.8929149,0.69567186,1.7544864,2.120866,0.83424544,1.2889098,3.872259,1.2480444,2014-12-29,16,0.2,True,100,5,32,True
0.8079815,0.0,1.5019307,3.008451,4.3772154,0.0,0.0,0.0,1.8784878,0.6901314,1.7457826,2.1166387,0.82265913,1.2963698,3.8618488,1.2440767,2014-12-30,16,0.2,True,100,5,32,True
0.8106686,0.0,1.4864979,3.0000067,4.3482385,0.0,0.0,0.0,1.8614845,0.6858529,1.7369314,2.1094115,0.80961925,1.3047246,3.8490977,1.2407554,2015-01-02,16,0.2,True,100,5,32,True
0.81380767,0.0,1.4643422,3.0002227,4.327162,0.0,0.0,0.0,1.847105,0.6829456,1.740027,2.098962,0.7984959,1.3203672,3.8386283,1.2413154,2015-01-05,16,0.2,True,100,5,32,True
0.81972283,0.0,1.437617,3.0046802,4.3062067,0.0,0.0,0.0,1.833485,0.6839362,1.746408,2.0886223,0.7867816,1.3356892,3.8263726,1.2439281,2015-01-06,16,0.2,True,100,5,32,True
0.8225747,0.0,1.4011439,3.0163405,4.2916994,0.0,0.0,0.0,1.8225987,0.6854845,1.7667329,2.075235,0.783605,1.3561898,3.8191597,1.2554473,2015-01-07,16,0.2,True,100,5,32,True
0.8260909,0.0,1.3666592,3.0279448,4.279303,0.0,0.0,0.0,1.8116782,0.6853431,1.7834522,2.0662305,0.7768605,1.3776623,3.8086932,1.2620714,2015-01-08,16,0.2,True,100,5,32,True
0.8290743,0.0,1.3297048,3.0419886,4.264309,0.0,0.0,0.0,1.7986467,0.68641245,1.8041307,2.05293,0.7700783,1.4010936,3.7984233,1.2713535,2015-01-09,16,0.2,True,100,5,32,True
0.82909083,0.0,1.2910708,3.0627506,4.255984,0.0,0.0,0.0,1.7895094,0.6894085,1.8337902,2.0386772,0.7681572,1.4240615,3.7915146,1.2847531,2015-01-12,16,0.2,True,100,5,32,True
0.8307267,0.008736007,1.260773,3.0813704,4.2537336,0.0,0.0,0.0,1.7821151,0.68932295,1.8559068,2.0346892,0.76307696,1.4436643,3.7815876,1.2901146,2015-01-13,16,0.2,True,100,5,32,True
0.8343979,0.03090512,1.2357703,3.0991292,4.2554293,0.0,0.0,0.0,1.7765146,0.6878481,1.8748617,2.0340998,0.75548416,1.4607401,3.7703512,1.2917043,2015-01-14,16,0.2,True,100,5,32,True
0.84258246,0.04857748,1.2128859,3.119878,4.263992,0.0,0.0,0.0,1.7756469,0.6892209,1.8986421,2.0336266,0.7490557,1.4744844,3.7627647,1.2970701,2015-01-15,16,0.2,True,100,5,32,True
0.8456398,0.06934129,1.1883442,3.1486661,4.286691,0.0,0.0,0.0,1.7824342,0.68827397,1.9301857,2.0397928,0.75145507,1.4875937,3.7575579,1.303182,2015-01-16,16,0.2,True,100,5,32,True
0.8514104,0.08458455,1.1614388,3.174361,4.3045144,0.0,0.0,0.0,1.7868499,0.6886832,1.9640386,2.0399554,0.7531795,1.5029103,3.7548294,1.3146025,2015-01-19,16,0.2,True,100,5,32,True
0.8595675,0.106443904,1.1460223,3.196941,4.323705,0.0,0.0,0.0,1.792134,0.6879059,1.9840329,2.0467563,0.744748,1.51712,3.7485838,1.315761,2015-01-20,16,0.2,True,100,5,32,True
0.86096215,0.13000041,1.1308314,3.222343,4.346934,0.0,0.0,0.0,1.7991626,0.684731,2.0060935,2.0568635,0.7420298,1.5304141,3.7426925,1.3151915,2015-01-21,16,0.2,True,100,5,32,True
0.86262596,0.14421755,1.1175263,3.246816,4.3730693,0.0,0.0,0.0,1.8073375,0.68214124,2.0331252,2.0635417,0.74436724,1.543038,3.7437072,1.3202635,2015-01-22,16,0.2,True,100,5,32,True
0.8628184,0.14594227,1.1032084,3.268455,4.3954973,0.0,0.0,0.0,1.8143517,0.68414986,2.0661175,2.0637712,0.7528936,1.5560914,3.7529652,1.3336841,2015-01-23,16,0.2,True,100,5,32,True
0.863524,0.14381787,1.0948364,3.282667,4.4110217,0.0,0.0,0.0,1.8189489,0.6880843,2.0875762,2.0683737,0.7593072,1.5633739,3.7606618,1.3418527,2015-01-26,16,0.2,True,100,5,32,True
0.8630575,0.13523301,1.0861409,3.2969913,4.427846,0.0,0.0,0.0,1.825595,0.6939646,2.1125386,2.0714555,0.7717046,1.5684173,3.7741165,1.3556972,2015-01-27,16,0.2,True,100,5,32,True
0.8591123,0.12973398,1.0840863,3.3117554,4.449321,0.0,0.0,0.0,1.8344417,0.69759154,2.1295984,2.08375,0.7857289,1.5683614,3.783183,1.3600565,2015-01-28,16,0.2,True,100,5,32,True
0.85404277,0.12130101,1.0867282,3.323936,4.473245,0.0,0.0,0.0,1.8441466,0.69865817,2.144341,2.0961397,0.79874265,1.5686586,3.7931774,1.362441,2015-01-29,16,0.2,True,100,5,32,True
0.8472327,0.107683316,1.0885285,3.3353002,4.495737,0.0,0.0,0.0,1.8527232,0.70084316,2.161873,2.105873,0.81570405,1.5678924,3.80453,1.3669118,2015-01-30,16,0.2,True,100,5,32,True
0.8386554,0.092630744,1.092025,3.34097,4.5147595,0.0,0.0,0.0,1.8603259,0.69951105,2.1712687,2.120948,0.8324953,1.564167,3.8106878,1.3650291,2015-02-02,16,0.2,True,100,5,32,True
0.8223428,0.0797617,1.1005263,3.3361254,4.5254154,0.0,0.0,0.0,1.8634713,0.6944692,2.1707015,2.135192,0.84851795,1.5589842,3.8154852,1.3576287,2015-02-03,16,0.2,True,100,5,32,True
0.80233663,0.06848937,1.112695,3.3310385,4.5385156,0.0,0.0,0.0,1.8678834,0.6877144,2.169782,2.1490772,0.8670666,1.5527576,3.8219392,1.3489223,2015-02-04,16,0.2,True,100,5,32,True
0.7821168,0.049057543,1.125296,3.3282099,4.5577435,0.0,0.0,0.0,1.8765115,0.6828385,2.1778803,2.1591532,0.8918723,1.5457613,3.8357122,1.3467963,2015-02-05,16,0.2,True,100,5,32,True
0.76317143,0.0231566,1.138212,3.3235471,4.5768123,0.0,0.0,0.0,1.8851805,0.6795358,2.189875,2.1631498,0.9176685,1.5424962,3.85463,1.3493036,2015-02-06,16,0.2,True,100,5,32,True
0.7367896,0.007796362,1.1509813,3.3200912,4.5900645,0.0,0.0,0.0,1.8901758,0.6762635,2.1967127,2.1682239,0.9441046,1.5394181,3.8672783,1.3442338,2015-02-09,16,0.2,True,100,5,32,True
0.71161467,0.0,1.1587615,3.3158069,4.5994616,0.0,0.0,0.0,1.8902342,0.6724126,2.2081938,2.1693745,0.97457874,1.5378871,3.8809817,1.3456212,2015-02-10,16,0.2,True,100,5,32,True
0.6894462,0.0,1.1706905,3.3118618,4.61427,0.0,0.0,0.0,1.8919379,0.6666623,2.2155945,2.1775813,1.0025634,1.5378088,3.8951154,1.3438094,2015-02-11,16,0.2,True,100,5,32,True
0.67251134,0.0,1.1827422,3.3012893,4.612658,0.0,0.0,0.0,1.8889825,0.6681574,2.2190108,2.1720076,1.0234783,1.5371187,3.9104674,1.3481245,2015-02-12,16,0.2,True,100,5,32,True
0.653897,0.0,1.1970233,3.2891,4.6113725,0.0,0.0,0.0,1.8864666,0.66892475,2.2180347,2.1729872,1.0463778,1.5327759,3.924804,1.34955,2015-02-13,16,0.2,True,100,5,32,True
0.63439155,0.0,1.2148756,3.2681847,4.5999327,0.0,0.0,0.0,1.8812488,0.6665964,2.200396,2.1809351,1.0644301,1.5208732,3.9281664,1.3388553,2015-02-16,16,0.2,True,100,5,32,True
0.6169006,0.0,1.2316595,3.243773,4.5788727,0.0,0.0,0.0,1.8720729,0.66723806,2.1807902,2.1801634,1.0786219,1.5102938,3.9317794,1.3308909,2015-02-17,16,0.2,True,100,5,32,True
0.5995079,0.0,1.2448995,3.2123806,4.558051,0.0,0.0,0.0,1.8623674,0.6729418,2.1675134,2.1786985,1.1020464,1.4996312,3.9433134,1.3261756,2015-02-23,16,0.2,True,100,5,32,True
0.5789198,0.0,1.2567776,3.1850004,4.539248,0.0,0.0,0.0,1.8514409,0.67504793,2.1537943,2.1808662,1.1271296,1.4896073,3.9511988,1.319411,2015-02-24,16,0.2,True,100,5,32,True
0.5587109,0.0,1.2716415,3.1575003,4.519907,0.0,0.0,0.0,1.8394243,0.67433906,2.135741,2.1838446,1.1485909,1.4796332,3.95529,1.308515,2015-02-25,16,0.2,True,100,5,32,True
0.53931713,0.0,1.2867264,3.1302314,4.502141,0.0,0.0,0.0,1.8281119,0.673665,2.1176307,2.1895046,1.1702113,1.4680896,3.9580789,1.2958126,2015-02-26,16,0.2,True,100,5,32,True
0.5196913,0.0,1.3026527,3.1065106,4.4828105,0.0,0.0,0.0,1.8163564,0.66824335,2.0929704,2.1960876,1.1849877,1.456011,3.952661,1.2793012,2015-02-27,16,0.2,True,100,5,32,True
0.50269717,0.0,1.317771,3.079334,4.461645,0.0,0.0,0.0,1.8037899,0.66592306,2.0698972,2.1997242,1.200697,1.443541,3.9489284,1.2632984,2015-03-02,16,0.2,True,100,5,32,True
0.48915815,0.0,1.3360764,3.051632,4.4316244,0.0,0.0,0.0,1.7878298,0.66430426,2.0379045,2.1992218,1.2060889,1.4318069,3.9398777,1.2429568,2015-03-03,16,0.2,True,100,5,32,True
0.47414517,0.0,1.3520385,3.0257056,4.402581,0.0,0.0,0.0,1.7703161,0.6640282,2.0111458,2.1972933,1.2148275,1.4235984,3.9345815,1.2252363,2015-03-04,16,0.2,True,100,5,32,True
0.46260047,0.0,1.3701383,2.9957595,4.3684244,0.0,0.0,0.0,1.7521552,0.6618003,1.9763364,2.1964514,1.2175877,1.4111817,3.9233623,1.2038738,2015-03-05,16,0.2,True,100,5,32,True
0.44433624,0.0,1.3799986,2.970732,4.3373294,0.0,0.0,0.0,1.7316443,0.6599126,1.95456,2.191213,1.2300774,1.4061424,3.9190292,1.1901139,2015-03-06,16,0.2,True,100,5,32,True
0.42840302,0.0,1.3912055,2.9450078,4.309425,0.0,0.0,0.0,1.7118659,0.6620819,1.9373243,2.1864378,1.2442386,1.4011431,3.9193664,1.1776161,2015-03-09,16,0.2,True,100,5,32,True
0.41687867,0.0,1.4039248,2.9166548,4.279771,0.0,0.0,0.0,1.6922898,0.66474044,1.916886,2.1819808,1.2541262,1.39579,3.9189506,1.1642699,2015-03-10,16,0.2,True,100,5,32,True
0.40842515,0.0,1.4140965,2.8892891,4.2508764,0.0,0.0,0.0,1.6730379,0.67056805,1.9010965,2.1734636,1.2631549,1.3928788,3.9211767,1.1549361,2015-03-11,16,0.2,True,100,5,32,True
0.39815503,0.0,1.4165509,2.8692226,4.2240477,0.0,0.0,0.0,1.6533668,0.67457694,1.8927386,2.1641905,1.2742363,1.3949981,3.9225144,1.1502054,2015-03-12,16,0.2,True,100,5,32,True
0.3939791,0.0,1.4198964,2.8522496,4.1990976,0.0,0.0,0.0,1.6359265,0.67447764,1.8787197,2.1596408,1.277603,1.3944967,3.9167826,1.1425569,2015-03-13,16,0.2,True,100,5,32,True
0.38837662,0.0,1.4160064,2.8394513,4.1759276,0.0,0.0,0.0,1.6199169,0.6766896,1.8720479,2.155547,1.2871189,1.3943104,3.913345,1.1398145,2015-03-16,16,0.2,True,100,5,32,True
0.38468784,0.0,1.4131442,2.826736,4.1526175,0.0,0.0,0.0,1.6045048,0.67690486,1.8617309,2.1508367,1.290821,1.3946455,3.9064496,1.1349367,2015-03-17,16,0.2,True,100,5,32,True
0.38207212,0.0,1.4154923,2.8122685,4.1299896,0.0,0.0,0.0,1.5889968,0.6764332,1.8466771,2.1489959,1.2909247,1.3912456,3.8953776,1.1239979,2015-03-18,16,0.2,True,100,5,32,True
0.37655938,0.0,1.4170591,2.8024259,4.1134305,0.0,0.0,0.0,1.5775963,0.67591786,1.8362391,2.1483724,1.2950208,1.3861325,3.8848276,1.1138294,2015-03-19,16,0.2,True,100,5,32,True
0.36624557,0.0,1.4185375,2.8015828,4.1169415,0.0,0.0,0.0,1.5750014,0.67650384,1.8406515,2.1547978,1.3116034,1.3835697,3.886747,1.1092851,2015-03-20,16,0.2,True,100,5,32,True
0.35423714,0.0,1.4217473,2.793853,4.115894,0.0,0.0,0.0,1.566933,0.684458,1.8502473,2.1522639,1.3331797,1.384605,3.8977132,1.1074781,2015-03-23,16,0.2,True,100,5,32,True
0.34632888,0.0,1.4333775,2.7841394,4.112864,0.0,0.0,0.0,1.5576844,0.68999404,1.8484191,2.1533048,1.3452386,1.382306,3.902391,1.0989064,2015-03-24,16,0.2,True,100,5,32,True
0.33677715,0.0,1.4496548,2.7781923,4.1170583,0.0,0.0,0.0,1.5520746,0.6913289,1.8449308,2.1584985,1.3562393,1.3790452,3.9050772,1.0870792,2015-03-25,16,0.2,True,100,5,32,True
0.3222449,0.0,1.4605635,2.7770534,4.124855,0.0,0.0,0.0,1.5483242,0.69128716,1.8476043,2.1665006,1.3754492,1.3756735,3.9074724,1.0773289,2015-03-26,16,0.2,True,100,5,32,True
0.3164598,0.0,1.4787037,2.769114,4.1276584,0.0,0.0,0.0,1.5438551,0.6923993,1.8378465,2.175103,1.3838162,1.3678734,3.90563,1.0622545,2015-03-27,16,0.2,True,100,5,32,True
0.30650172,0.0,1.4910707,2.7635627,4.131971,0.0,0.0,0.0,1.5403725,0.69511974,1.837075,2.1791568,1.3996528,1.3626376,3.9083226,1.0529957,2015-03-30,16,0.2,True,100,5,32,True
0.29725707,0.0,1.5066153,2.7547565,4.1378384,0.0,0.0,0.0,1.5365491,0.69911695,1.836234,2.1840887,1.4163544,1.3569088,3.9135323,1.0427208,2015-03-31,16,0.2,True,100,5,32,True
0.28355265,0.0,1.5165844,2.746641,4.142504,0.0,0.0,0.0,1.5314499,0.7082909,1.8455422,2.1845765,1.4436556,1.3517244,3.9234383,1.0374352,2015-04-01,16,0.2,True,100,5,32,True
0.26468787,0.0,1.5240926,2.7423968,4.1501007,0.0,0.0,0.0,1.526444,0.72224945,1.8648572,2.181333,1.4790503,1.3497236,3.9390965,1.0361768,2015-04-02,16,0.2,True,100,5,32,True
0.2468211,0.0,1.5354301,2.73721,4.15891,0.0,0.0,0.0,1.5213743,0.735178,1.8807907,2.1821887,1.5129558,1.3481578,3.9545605,1.0324547,2015-04-03,16,0.2,True,100,5,32,True
0.23205486,0.0,1.5550213,2.7240767,4.1614046,0.0,0.0,0.0,1.5123953,0.7498059,1.8870422,2.1813865,1.5397673,1.3435274,3.9678965,1.023685,2015-04-06,16,0.2,True,100,5,32,True
0.20993584,0.0,1.5678784,2.7192771,4.166018,0.0,0.0,0.0,1.5048649,0.76341295,1.902029,2.1820395,1.5769683,1.337639,3.9790902,1.0188562,2015-04-07,16,0.2,True,100,5,32,True
0.18522441,0.0,1.5785758,2.7150617,4.1680875,0.0,0.0,0.0,1.4960651,0.7762638,1.9182743,2.1809103,1.6157738,1.3329666,3.9895465,1.015464,2015-04-08,16,0.2,True,100,5,32,True
0.162918,0.0,1.593221,2.7148724,4.1729903,0.0,0.0,0.0,1.4888535,0.78837144,1.9321573,2.1803155,1.6489035,1.3281922,3.9964828,1.0096377,2015-04-09,16,0.2,True,100,5,32,True
0.13441387,0.0,1.6013501,2.7211206,4.1809816,0.0,0.0,0.0,1.4836514,0.80102867,1.9576739,2.1754634,1.6902152,1.3257258,4.0047483,1.0087736,2015-04-10,16,0.2,True,100,5,32,True
0.112593755,0.0,1.621723,2.724285,4.190948,0.0,0.0,0.0,1.4789109,0.8102232,1.9696696,2.1791437,1.7212262,1.3169287,4.004859,0.9968047,2015-04-13,16,0.2,True,100,5,32,True
0.083243236,0.0,1.6371808,2.7323117,4.206395,0.0,0.0,0.0,1.478011,0.8209313,1.9942589,2.1782374,1.7633853,1.3081999,4.0097504,0.99064326,2015-04-14,16,0.2,True,100,5,32,True
0.05764906,0.0,1.6590842,2.738342,4.222079,0.0,0.0,0.0,1.4775904,0.83382094,2.014278,2.1770728,1.8015597,1.2977443,4.0181975,0.98482585,2015-04-15,16,0.2,True,100,5,32,True
0.03157624,0.0,1.6827918,2.7458878,4.2401767,0.0,0.0,0.0,1.4790746,0.8470167,2.0345912,2.1802053,1.843781,1.281752,4.024313,0.97767097,2015-04-16,16,0.2,True,100,5,32,True
0.006295465,0.0,1.7137434,2.7495577,4.2645254,0.0,0.0,0.0,1.4821693,0.8582599,2.0499616,2.1904309,1.8868396,1.2622101,4.0310187,0.9665691,2015-04-17,16,0.2,True,100,5,32,True
0.0,0.0,1.7507191,2.7455757,4.2848988,0.0,0.0,0.0,1.4820862,0.87345886,2.058984,2.201162,1.9297589,1.2392683,4.03839,0.9529804,2015-04-20,16,0.2,True,100,5,32,True
0.0,0.0,1.784439,2.7378223,4.301856,0.0,0.0,0.0,1.4793063,0.8945219,2.075816,2.2036064,1.9817797,1.2191259,4.053271,0.9457262,2015-04-21,16,0.2,True,100,5,32,True
0.0,0.0,1.8224012,2.7296371,4.318483,0.0,0.0,0.0,1.4761784,0.9107914,2.0831482,2.2085223,2.0267558,1.1973758,4.061836,0.93372333,2015-04-22,16,0.2,True,100,5,32,True
0.0,0.0,1.855272,2.7200243,4.3283134,0.0,0.0,0.0,1.469901,0.9295609,2.0939672,2.2045507,2.0744014,1.1775912,4.0712805,0.9259584,2015-04-23,16,0.2,True,100,5,32,True
0.0,0.0,1.8863933,2.7129333,4.337436,0.0,0.0,0.0,1.4634156,0.94959366,2.1072464,2.2027829,2.1262748,1.1553404,4.080065,0.91982234,2015-04-24,16,0.2,True,100,5,32,True
0.0,0.0,1.9193404,2.7049785,4.343886,0.0,0.0,0.0,1.4583533,0.97014725,2.1129568,2.199493,2.1698732,1.1309923,4.0885997,0.91531247,2015-04-27,16,0.2,True,100,5,32,True
0.0,0.0,1.9470555,2.6996067,4.352251,0.0,0.0,0.0,1.456084,0.9886107,2.1220694,2.1981235,2.2186882,1.1053181,4.0973063,0.91416895,2015-04-28,16,0.2,True,100,5,32,True
0.0,0.0,1.9701685,2.6917906,4.3562994,0.0,0.0,0.0,1.4517891,1.0120081,2.136075,2.1919613,2.2707188,1.0829486,4.1122518,0.91914403,2015-04-29,16,0.2,True,100,5,32,True
0.0,0.0,1.9937445,2.6878688,4.362359,0.0,0.0,0.0,1.4501406,1.0296521,2.143024,2.1901324,2.3155982,1.0598187,4.121669,0.9221994,2015-04-30,16,0.2,True,100,5,32,True
0.0,0.0,2.014446,2.684051,4.3665123,0.0,0.0,0.0,1.4494894,1.0466937,2.1475637,2.1856258,2.3543985,1.0390952,4.1320214,0.92765844,2015-05-04,16,0.2,True,100,5,32,True
0.0,0.0,2.0428948,2.675518,4.3693495,0.0,0.0,0.0,1.4496945,1.0554994,2.1356602,2.1868854,2.3826888,1.0103544,4.137363,0.9280324,2015-05-06,16,0.2,True,100,5,32,True
0.0,0.0,2.0609872,2.6709542,4.3672495,0.0,0.0,0.0,1.4510633,1.0643779,2.129923,2.1801198,2.413859,0.9834498,4.143185,0.9353671,2015-05-07,16,0.2,True,100,5,32,True
0.0,0.0,2.0788069,2.6725206,4.370882,0.0,0.0,0.0,1.4574336,1.0631344,2.1174889,2.1753051,2.4334705,0.95736426,4.1392283,0.9368968,2015-05-08,16,0.2,True,100,5,32,True
0.0,0.0,2.0973868,2.668907,4.3696485,0.0,0.0,0.0,1.4603786,1.0649639,2.1054726,2.1620166,2.44678,0.9371989,4.136459,0.93643236,2015-05-11,16,0.2,True,100,5,32,True
0.0,0.0,2.1198447,2.6661618,4.3694544,0.0,0.0,0.0,1.4631581,1.0628215,2.088162,2.1528685,2.4541628,0.9168272,4.1260424,0.92757124,2015-05-12,16,0.2,True,100,5,32,True
0.0,0.0,2.1454797,2.6576924,4.372785,0.0,0.0,0.0,1.465992,1.0568281,2.068199,2.1503136,2.4607055,0.89525265,4.1141295,0.9123729,2015-05-13,16,0.2,True,100,5,32,True
0.0,0.0,2.1722393,2.6492162,4.377209,0.0,0.0,0.0,1.470073,1.0533377,2.0489771,2.1492887,2.466483,0.87431425,4.105036,0.8966374,2015-05-14,16,0.2,True,100,5,32,True
0.0,0.0,2.2031221,2.631613,4.3769665,0.0,0.0,0.0,1.4708854,1.0548624,2.0273361,2.1474087,2.4724884,0.85068935,4.098887,0.8777225,2015-05-15,16,0.2,True,100,5,32,True
0.0,0.0,2.230913,2.6131513,4.3784738,0.0,0.0,0.0,1.4721527,1.0582542,2.0111818,2.1469648,2.4845119,0.82795215,4.096276,0.8613159,2015-05-18,16,0.2,True,100,5,32,True
0.0,0.0,2.2572603,2.5945916,4.378103,0.0,0.0,0.0,1.4712385,1.0631143,1.9968637,2.1466436,2.500489,0.8048399,4.0921364,0.84434694,2015-05-19,16,0.2,True,100,5,32,True
0.0,0.0,2.2810063,2.5767262,4.3773365,0.0,0.0,0.0,1.4677463,1.070929,1.9891475,2.1433797,2.5202641,0.78713185,4.0916214,0.82958037,2015-05-20,16,0.2,True,100,5,32,True
0.0,0.0,2.3060567,2.5548394,4.370259,0.0,0.0,0.0,1.4594456,1.0816957,1.9798422,2.1400313,2.542706,0.7664498,4.0886254,0.81145215,2015-05-21,16,0.2,True,100,5,32,True
0.0,0.0,2.3295789,2.5325348,4.367835,0.0,0.0,0.0,1.4520099,1.0897785,1.9729658,2.138905,2.568501,0.74702173,4.0867147,0.79406416,2015-05-22,16,0.2,True,100,5,32,True
0.0,0.0,2.3512964,2.5090911,4.3610034,0.0,0.0,0.0,1.4411898,1.0977973,1.9661746,2.1324532,2.5944,0.7303191,4.08422,0.7763476,2015-05-26,16,0.2,True,100,5,32,True
0.0,0.0,2.3724096,2.4821756,4.3512893,0.0,0.0,0.0,1.4285867,1.1052703,1.9584388,2.1228168,2.6176639,0.714514,4.082482,0.7599207,2015-05-27,16,0.2,True,100,5,32,True
0.0,0.0,2.381992,2.465668,4.336521,0.0,0.0,0.0,1.4162703,1.1131879,1.9548222,2.108879,2.636915,0.70692575,4.0813375,0.75340706,2015-05-28,16,0.2,True,100,5,32,True
0.0,0.0,2.3918824,2.4477298,4.3265944,0.0,0.0,0.0,1.4060074,1.1153456,1.9482709,2.1028113,2.652744,0.69749194,4.077197,0.74384916,2015-05-29,16,0.2,True,100,5,32,True
0.0,0.0,2.398216,2.434141,4.3183036,0.0,0.0,0.0,1.3977833,1.1149578,1.9423143,2.099388,2.6663566,0.68857646,4.069011,0.73412704,2015-06-01,16,0.2,True,100,5,32,True
0.0,0.0,2.3966565,2.425395,4.3043303,0.0,0.0,0.0,1.3868617,1.1122164,1.9318982,2.0963576,2.66811,0.68733746,4.0498238,0.7206834,2015-06-02,16,0.2,True,100,5,32,True
0.0,0.0,2.383369,2.423174,4.2950516,0.0,0.0,0.0,1.3801556,1.1094843,1.9312067,2.094117,2.671404,0.69271547,4.033758,0.715508,2015-06-03,16,0.2,True,100,5,32,True
0.0,0.0,2.3626773,2.421162,4.283436,0.0,0.0,0.0,1.3719958,1.1098464,1.9369924,2.087686,2.6739974,0.7051557,4.0235553,0.7174505,2015-06-04,16,0.2,True,100,5,32,True
0.0,0.0,2.3408983,2.4168177,4.2735023,0.0,0.0,0.0,1.364408,1.103648,1.9385879,2.0874002,2.6715577,0.7172999,4.008254,0.71493536,2015-06-05,16,0.2,True,100,5,32,True
0.0,0.0,2.3079672,2.418463,4.258074,0.0,0.0,0.0,1.3536013,1.0995438,1.9507985,2.0810854,2.674511,0.7382893,3.998506,0.72283906,2015-06-08,16,0.2,True,100,5,32,True
0.0,0.0,2.2789195,2.4166374,4.2435575,0.0,0.0,0.0,1.3419758,1.0915555,1.9586883,2.0797007,2.6738255,0.75709534,3.986725,0.72636056,2015-06-09,16,0.2,True,100,5,32,True
0.0,0.0,2.2479887,2.4147625,4.218236,0.0,0.0,0.0,1.3232833,1.0838187,1.9649844,2.0739515,2.6698146,0.7803865,3.9726243,0.7313775,2015-06-10,16,0.2,True,100,5,32,True
0.0,0.0,2.2138505,2.4207482,4.2008305,0.0,0.0,0.0,1.3106704,1.0740134,1.9775283,2.0708313,2.6692445,0.8053993,3.9648643,0.74306303,2015-06-11,16,0.2,True,100,5,32,True
0.0,0.0,2.1805065,2.426693,4.180919,0.0,0.0,0.0,1.2988206,1.0631495,1.9839331,2.0673788,2.6611364,0.828036,3.9534361,0.75065255,2015-06-12,16,0.2,True,100,5,32,True
0.0,0.0,2.1487722,2.4297285,4.1641417,0.0,0.0,0.0,1.287676,1.0502772,1.9900644,2.067801,2.6527095,0.848776,3.9418287,0.7553758,2015-06-15,16,0.2,True,100,5,32,True
0.0,0.0,2.1099787,2.4435716,4.1546507,0.0,0.0,0.0,1.2831949,1.0347244,2.0030975,2.0733466,2.649628,0.8695765,3.9283354,0.76210016,2015-06-16,16,0.2,True,100,5,32,True
0.0,0.0,2.072604,2.4536107,4.1457644,0.0,0.0,0.0,1.2777697,1.0163091,2.013345,2.0811691,2.6431665,0.89108896,3.9142962,0.76755464,2015-06-17,16,0.2,True,100,5,32,True
0.0,0.0,2.0257163,2.4738472,4.140752,0.0,0.0,0.0,1.2761129,1.0006021,2.0394738,2.0886872,2.6459813,0.92114663,3.9099026,0.78367573,2015-06-18,16,0.2,True,100,5,32,True
0.0,0.0,1.9836344,2.4856062,4.128049,0.0,0.0,0.0,1.2658497,0.9862961,2.0625236,2.0903525,2.6466682,0.95367116,3.904353,0.79483765,2015-06-19,16,0.2,True,100,5,32,True
0.0,0.0,1.9345696,2.505415,4.116388,0.0,0.0,0.0,1.258637,0.9724461,2.0960116,2.0922778,2.6583269,0.98521197,3.8986053,0.8088847,2015-06-22,16,0.2,True,100,5,32,True
0.0,0.0,1.8948578,2.5187438,4.110642,0.0,0.0,0.0,1.2523537,0.95490545,2.1215851,2.101682,2.6659653,1.0114291,3.8925686,0.81526864,2015-06-23,16,0.2,True,100,5,32,True
0.0,0.0,1.8513291,2.5383093,4.1038766,0.0,0.0,0.0,1.2495571,0.94141924,2.1527874,2.1067266,2.6784022,1.0361736,3.890117,0.82808256,2015-06-24,16,0.2,True,100,5,32,True
0.0,0.0,1.8129886,2.5530453,4.097397,0.0,0.0,0.0,1.2459371,0.9296434,2.1807373,2.1145217,2.692085,1.05586,3.8891056,0.8381401,2015-06-25,16,0.2,True,100,5,32,True
0.0,0.0,1.7777959,2.5698285,4.098307,0.0,0.0,0.0,1.2446027,0.91967773,2.2144132,2.1256094,2.713777,1.0754794,3.8946607,0.8504284,2015-06-26,16,0.2,True,100,5,32,True
0.0,0.0,1.7494588,2.5834844,4.100357,0.0,0.0,0.0,1.2417613,0.9100506,2.242112,2.136888,2.7304182,1.0941353,3.8991797,0.85845256,2015-06-29,16,0.2,True,100,5,32,True
0.0,0.0,1.722875,2.5997982,4.105712,0.0,0.0,0.0,1.2424082,0.8982469,2.2644253,2.1465235,2.7394865,1.1100848,3.8986104,0.8639456,2015-06-30,16,0.2,True,100,5,32,True
0.0,0.0,1.6967375,2.6169186,4.1130495,0.0,0.0,0.0,1.2449759,0.88652563,2.2858746,2.156648,2.748011,1.1257584,3.8979685,0.87001187,2015-07-01,16,0.2,True,100,5,32,True
0.0,0.0,1.676111,2.6223695,4.1193523,0.0,0.0,0.0,1.2399275,0.87296075,2.3098307,2.16387,2.761817,1.148545,3.9014714,0.87611264,2015-07-02,16,0.2,True,100,5,32,True
0.0,0.0,1.6575917,2.6260335,4.129708,0.0,0.0,0.0,1.2365199,0.85838956,2.3338563,2.1771364,2.779272,1.1683775,3.9022768,0.87575877,2015-07-03,16,0.2,True,100,5,32,True
0.0,0.0,1.6413332,2.6274269,4.1433487,0.0,0.0,0.0,1.2342995,0.8430293,2.3581173,2.1936078,2.8022928,1.1847088,3.9026022,0.8726626,2015-07-06,16,0.2,True,100,5,32,True
0.0,0.0,1.6246839,2.6321914,4.167104,0.0,0.0,0.0,1.2383785,0.82324326,2.3777206,2.2183158,2.8228993,1.2002434,3.9020524,0.86828583,2015-07-07,16,0.2,True,100,5,32,True
0.0,0.0,1.609489,2.6335227,4.1921306,0.0,0.0,0.0,1.2455287,0.80060035,2.3875713,2.2496812,2.83991,1.2090038,3.899688,0.86457986,2015-07-08,16,0.2,True,100,5,32,True
0.0,0.0,1.5913978,2.6339095,4.216469,0.0,0.0,0.0,1.2547067,0.77812654,2.3966396,2.280007,2.858103,1.2165011,3.8993988,0.8653147,2015-07-09,16,0.2,True,100,5,32,True
0.0,0.0,1.5763937,2.629436,4.2326875,0.0,0.0,0.0,1.2604624,0.75382364,2.39326,2.3075361,2.8655958,1.2221783,3.8925998,0.8629703,2015-07-10,16,0.2,True,100,5,32,True
0.0,0.0,1.5615538,2.6236906,4.24691,0.0,0.0,0.0,1.2636491,0.7342943,2.3935924,2.3291152,2.875195,1.2316531,3.8918698,0.86538446,2015-07-13,16,0.2,True,100,5,32,True
0.0,0.0,1.555673,2.6128185,4.2534328,0.0,0.0,0.0,1.2664157,0.71479386,2.3823094,2.3461223,2.8783092,1.231927,3.8844967,0.86092716,2015-07-14,16,0.2,True,100,5,32,True
0.0,0.0,1.5560529,2.5907586,4.2541103,0.0,0.0,0.0,1.2674081,0.6962197,2.3646128,2.3661616,2.8828368,1.2251886,3.8735373,0.848097,2015-07-15,16,0.2,True,100,5,32,True
0.0,0.0,1.5593323,2.5620456,4.2549014,0.0,0.0,0.0,1.26808,0.6791478,2.34824,2.3877263,2.8932161,1.216075,3.8652036,0.8327441,2015-07-16,16,0.2,True,100,5,32,True
0.0,0.0,1.564624,2.5353723,4.253426,0.0,0.0,0.0,1.264469,0.66743886,2.3370872,2.4032223,2.9079971,1.2112126,3.862466,0.81937563,2015-07-17,16,0.2,True,100,5,32,True
0.0,0.0,1.5700746,2.5055242,4.251881,0.0,0.0,0.0,1.2605543,0.65582013,2.3284302,2.4202166,2.9291158,1.2033617,3.8598888,0.8045992,2015-07-20,16,0.2,True,100,5,32,True
0.0,0.0,1.5777198,2.479444,4.251823,0.0,0.0,0.0,1.2554785,0.64310694,2.317698,2.443426,2.9518323,1.1944025,3.8523104,0.78480417,2015-07-21,16,0.2,True,100,5,32,True
0.0,0.0,1.5876054,2.4571574,4.2595534,0.0,0.0,0.0,1.2529992,0.6275671,2.3087807,2.471785,2.9775674,1.1847947,3.842683,0.761851,2015-07-22,16,0.2,True,100,5,32,True
0.0,0.0,1.5970166,2.434595,4.267893,0.0,0.0,0.0,1.2509286,0.61038595,2.2993734,2.499995,3.0031962,1.1751571,3.8308902,0.73760474,2015-07-23,16,0.2,True,100,5,32,True
0.0,0.0,1.6068805,2.411392,4.273053,0.0,0.0,0.0,1.2447256,0.5968739,2.2951221,2.5235367,3.031772,1.1704631,3.823974,0.7184,2015-07-24,16,0.2,True,100,5,32,True
0.0,0.0,1.6143167,2.3817143,4.2691865,0.0,0.0,0.0,1.2367184,0.583045,2.2868848,2.5435514,3.0568912,1.1638383,3.814717,0.69852805,2015-07-27,16,0.2,True,100,5,32,True
0.0,0.0,1.615751,2.3578992,4.2641788,0.0,0.0,0.0,1.2284856,0.57017124,2.2830956,2.5606334,3.0818918,1.1612614,3.8087204,0.6841689,2015-07-28,16,0.2,True,100,5,32,True
0.0,0.0,1.6149728,2.3372421,4.2604303,0.0,0.0,0.0,1.2244792,0.5532105,2.273359,2.5783546,3.0989168,1.1568877,3.7982898,0.66862464,2015-07-29,16,0.2,True,100,5,32,True
0.0,0.0,1.6125346,2.3159387,4.2539864,0.0,0.0,0.0,1.2203368,0.5348547,2.2612655,2.5931969,3.1104023,1.154127,3.7882304,0.6555721,2015-07-30,16,0.2,True,100,5,32,True
0.0,0.0,1.6086507,2.2938168,4.2464013,0.0,0.0,0.0,1.2156787,0.51885253,2.2529213,2.6046,3.122528,1.1532376,3.785888,0.65019083,2015-07-31,16,0.2,True,100,5,32,True
0.0,0.0,1.6046809,2.270735,4.2319636,0.0,0.0,0.0,1.2057544,0.50840396,2.2469337,2.6113365,3.1363013,1.1545646,3.7885659,0.6490587,2015-08-03,16,0.2,True,100,5,32,True
0.0,0.0,1.5993526,2.2475028,4.217098,0.0,0.0,0.0,1.1986556,0.4968026,2.2353292,2.6218855,3.1485078,1.152466,3.7934933,0.6493857,2015-08-04,16,0.2,True,100,5,32,True
0.0,0.0,1.5949552,2.225441,4.2040973,0.0,0.0,0.0,1.193016,0.48677677,2.2241342,2.6358423,3.162012,1.1506001,3.8009677,0.6496919,2015-08-05,16,0.2,True,100,5,32,True
0.0,0.0,1.5935887,2.1983995,4.1819987,0.0,0.0,0.0,1.1818708,0.4775057,2.2063687,2.6461353,3.170894,1.1487968,3.8032753,0.64474237,2015-08-06,16,0.2,True,100,5,32,True
0.0,0.0,1.5935843,2.1692197,4.158577,0.0,0.0,0.0,1.1662804,0.47283778,2.1956744,2.654995,3.1866405,1.149634,3.809175,0.6406065,2015-08-07,16,0.2,True,100,5,32,True
0.0,0.0,1.5939546,2.141258,4.136139,0.0,0.0,0.0,1.1475425,0.4713395,2.1918023,2.6632042,3.2100468,1.153462,3.8192017,0.6382318,2015-08-10,16,0.2,True,100,5,32,True
0.0,0.0,1.5952275,2.1148264,4.1165004,0.0,0.0,0.0,1.1306815,0.46904063,2.1865337,2.6746578,3.236105,1.1517864,3.8247552,0.63075215,2015-08-11,16,0.2,True,100,5,32,True
0.0,0.0,1.5944154,2.0938354,4.09941,0.0,0.0,0.0,1.1173815,0.4663019,2.1795847,2.682864,3.255214,1.152363,3.8297555,0.62569445,2015-08-12,16,0.2,True,100,5,32,True
0.0,0.0,1.5903198,2.0771747,4.0857472,0.0,0.0,0.0,1.1118684,0.45937315,2.164525,2.6903577,3.259852,1.1520019,3.8313494,0.6208177,2015-08-13,16,0.2,True,100,5,32,True
0.0,0.0,1.583308,2.0619884,4.065325,0.0,0.0,0.0,1.1032622,0.4520129,2.1446137,2.6927567,3.2552419,1.1541065,3.8270683,0.6155801,2015-08-17,16,0.2,True,100,5,32,True
0.0,0.0,1.5775031,2.0417695,4.039557,0.0,0.0,0.0,1.0891472,0.44706926,2.1262522,2.6912425,3.2512548,1.1594542,3.8260818,0.6130416,2015-08-18,16,0.2,True,100,5,32,True
0.0,0.0,1.5674963,2.025812,4.0130816,0.0,0.0,0.0,1.0773069,0.44226548,2.1104078,2.6853626,3.246632,1.1643957,3.82694,0.6163126,2015-08-19,16,0.2,True,100,5,32,True
0.0,0.0,1.5531621,2.0118268,3.9856772,0.0,0.0,0.0,1.0702556,0.43274415,2.0862322,2.6794925,3.2302532,1.1669655,3.8228374,0.61854756,2015-08-20,16,0.2,True,100,5,32,True
0.0,0.0,1.5350333,1.9965547,3.9544482,0.0,0.0,0.0,1.064864,0.41903973,2.0532393,2.6731915,3.2022061,1.1694396,3.814354,0.62041086,2015-08-21,16,0.2,True,100,5,32,True
0.0,0.0,1.504616,1.9888002,3.9262881,0.0,0.0,0.0,1.0659999,0.4031118,2.0263119,2.6669047,3.1730585,1.1741369,3.808571,0.6326206,2015-08-24,16,0.2,True,100,5,32,True
0.0,0.0,1.4710765,1.9799218,3.8996854,0.0,0.0,0.0,1.0667434,0.38152704,1.994109,2.6648357,3.134141,1.1793311,3.7975037,0.64270234,2015-08-25,16,0.2,True,100,5,32,True
0.0,0.0,1.4301739,1.9787401,3.8730025,0.0,0.0,0.0,1.0656909,0.36303464,1.9739655,2.655261,3.0962634,1.1957039,3.7921643,0.661431,2015-08-26,16,0.2,True,100,5,32,True
0.0,0.0,1.3993366,1.974686,3.8472645,0.0,0.0,0.0,1.0597594,0.3448299,1.9511241,2.650096,3.0553591,1.2115953,3.781421,0.6698651,2015-08-27,16,0.2,True,100,5,32,True
0.0,0.0,1.3735918,1.966838,3.8231356,0.0,0.0,0.0,1.0499307,0.33112273,1.9346018,2.6458483,3.0212514,1.2284839,3.7727284,0.67336524,2015-08-28,16,0.2,True,100,5,32,True
0.0,0.0,1.3540688,1.959374,3.805982,0.0,0.0,0.0,1.0401137,0.3207571,1.9248316,2.646752,2.9969537,1.2444317,3.7678654,0.67293805,2015-08-31,16,0.2,True,100,5,32,True
0.0,0.0,1.338708,1.9491463,3.7873228,0.0,0.0,0.0,1.0277148,0.31400424,1.9148762,2.6482058,2.9748793,1.2573195,3.761181,0.6679071,2015-09-01,16,0.2,True,100,5,32,True
0.0,0.0,1.3193974,1.9471099,3.7703316,0.0,0.0,0.0,1.0200874,0.3068859,1.9057806,2.6500618,2.9516113,1.2690732,3.750896,0.6646893,2015-09-02,16,0.2,True,100,5,32,True
0.0,0.0,1.3014611,1.9471511,3.7545547,0.0,0.0,0.0,1.0117242,0.30008587,1.895534,2.651783,2.926045,1.2814571,3.7403152,0.6609403,2015-09-03,16,0.2,True,100,5,32,True
0.0,0.0,1.2848854,1.9404005,3.7328072,0.0,0.0,0.0,0.9960111,0.30112436,1.8900377,2.6466749,2.904849,1.2975667,3.738992,0.66053915,2015-09-04,16,0.2,True,100,5,32,True
0.0,0.0,1.2680982,1.9336449,3.710912,0.0,0.0,0.0,0.9795102,0.3028144,1.8844316,2.6425898,2.8819275,1.3149501,3.7421207,0.66482395,2015-09-07,16,0.2,True,100,5,32,True
0.0,0.0,1.2526875,1.9301043,3.6862211,0.0,0.0,0.0,0.9651529,0.29488435,1.8637367,2.6409593,2.8436992,1.329087,3.729192,0.66041356,2015-09-08,16,0.2,True,100,5,32,True
0.0,0.0,1.2339008,1.9229991,3.6558678,0.0,0.0,0.0,0.9481303,0.2909704,1.8448403,2.63202,2.8030455,1.346005,3.721996,0.6618697,2015-09-09,16,0.2,True,100,5,32,True
0.0,0.0,1.2163459,1.9262315,3.6346927,0.0,0.0,0.0,0.93545437,0.2901297,1.8390182,2.6240835,2.7740433,1.3647856,3.7203689,0.6675015,2015-09-10,16,0.2,True,100,5,32,True
0.0,0.0,1.2068098,1.9212952,3.6167293,0.0,0.0,0.0,0.9209615,0.29651582,1.8395811,2.6206057,2.7594068,1.3782189,3.7271466,0.67161965,2015-09-11,16,0.2,True,100,5,32,True
0.0,0.0,1.2041843,1.9112629,3.598577,0.0,0.0,0.0,0.90170425,0.30406627,1.8390006,2.6197228,2.7493174,1.3901467,3.734607,0.67320573,2015-09-14,16,0.2,True,100,5,32,True
0.0,0.0,1.2002536,1.9064696,3.5894396,0.0,0.0,0.0,0.8890527,0.3100427,1.8411738,2.624128,2.743808,1.3986175,3.7419457,0.675167,2015-09-15,16,0.2,True,100,5,32,True
0.0,0.0,1.1889318,1.9116796,3.5852172,0.0,0.0,0.0,0.8851846,0.3172234,1.8531061,2.6248882,2.7462726,1.4060009,3.751507,0.68598944,2015-09-16,16,0.2,True,100,5,32,True
0.0,0.0,1.1846073,1.9151511,3.58098,0.0,0.0,0.0,0.8783005,0.3260936,1.8626169,2.6249766,2.7482908,1.4143751,3.762785,0.69424987,2015-09-17,16,0.2,True,100,5,32,True
0.0,0.0,1.1832714,1.9236981,3.5824778,0.0,0.0,0.0,0.8756473,0.33378693,1.872313,2.6253533,2.7501075,1.421475,3.7737398,0.70103705,2015-09-18,16,0.2,True,100,5,32,True
0.0,0.0,1.1916966,1.9243704,3.5850139,0.0,0.0,0.0,0.8680311,0.3426147,1.8776884,2.6303818,2.7519884,1.4260786,3.7808962,0.6972397,2015-09-21,16,0.2,True,100,5,32,True
0.0,0.0,1.1990721,1.9245881,3.5870287,0.0,0.0,0.0,0.85898703,0.35322523,1.8867224,2.632831,2.7575352,1.432962,3.7906404,0.6970964,2015-09-22,16,0.2,True,100,5,32,True
0.0,0.0,1.2032497,1.9269962,3.5877466,0.0,0.0,0.0,0.8538056,0.3654285,1.8958975,2.6359437,2.7672677,1.4365442,3.7979794,0.69761443,2015-09-23,16,0.2,True,100,5,32,True
0.0,0.0,1.2048184,1.9332429,3.5902443,0.0,0.0,0.0,0.8517192,0.3750209,1.9039994,2.6393225,2.7780435,1.4402859,3.804031,0.6993812,2015-09-24,16,0.2,True,100,5,32,True
0.0,0.0,1.2047881,1.9381512,3.5879953,0.0,0.0,0.0,0.847275,0.3862282,1.9131938,2.6385622,2.7922351,1.4445695,3.811447,0.7047304,2015-09-25,16,0.2,True,100,5,32,True
0.0,0.0,1.206395,1.9435934,3.58355,0.0,0.0,0.0,0.8406442,0.39718863,1.9213285,2.6344779,2.8047717,1.4521046,3.8210692,0.71125734,2015-09-30,16,0.2,True,100,5,32,True
0.0,0.0,1.2145584,1.9469366,3.5785835,0.0,0.0,0.0,0.8330148,0.40483308,1.9212029,2.6313765,2.809217,1.4594004,3.8270745,0.7102467,2015-10-01,16,0.2,True,100,5,32,True
0.0,0.0,1.2281249,1.9448757,3.572438,0.0,0.0,0.0,0.82579017,0.41026872,1.9178967,2.6295881,2.816515,1.4615939,3.8294306,0.70237494,2015-10-02,16,0.2,True,100,5,32,True
0.0,0.0,1.2419043,1.9418036,3.5634484,0.015419811,0.0,0.0,0.81843746,0.4158691,1.9178663,2.6235902,2.8289459,1.4619591,3.8294487,0.69396925,2015-10-05,16,0.2,True,100,5,32,True
0.0,0.0,1.2603848,1.9365891,3.5591424,0.02965583,0.0,0.0,0.81194395,0.4219888,1.9208647,2.620825,2.8480268,1.459447,3.8309352,0.6830363,2015-10-06,16,0.2,True,100,5,32,True
0.0,0.0,1.2857982,1.923077,3.548967,0.05237924,0.0,0.0,0.80128294,0.42730513,1.9131604,2.6181962,2.8627994,1.4522421,3.827089,0.66416466,2015-10-07,16,0.2,True,100,5,32,True
0.0,0.0,1.3120526,1.9065162,3.5314715,0.0777052,0.0,0.0,0.78639865,0.4346905,1.9046361,2.6073072,2.8752484,1.4456413,3.8227952,0.6475003,2015-10-08,16,0.2,True,100,5,32,True
0.0,0.0,1.3368552,1.8927072,3.5219743,0.0938134,0.0,0.0,0.77496475,0.4422112,1.9048436,2.5988262,2.8941102,1.4397384,3.825629,0.6364514,2015-10-12,16,0.2,True,100,5,32,True
0.0,0.0,1.358864,1.8848056,3.509413,0.108377725,0.0,0.0,0.7662464,0.45225868,1.9036198,2.5855033,2.9076145,1.4329302,3.8285134,0.6285306,2015-10-13,16,0.2,True,100,5,32,True
0.0,0.0,1.3827969,1.8769451,3.4997802,0.12079796,0.0,0.0,0.7595604,0.46259654,1.8999968,2.5746896,2.918805,1.4232348,3.8313665,0.6191192,2015-10-14,16,0.2,True,100,5,32,True
0.0,0.0,1.4042447,1.871597,3.4899695,0.13351196,0.0,0.0,0.7560654,0.47179854,1.8921984,2.5644026,2.9248233,1.4130579,3.832719,0.6103876,2015-10-15,16,0.2,True,100,5,32,True
0.0,0.0,1.4286009,1.8606029,3.4758954,0.14658713,0.0,0.0,0.74913543,0.48364183,1.8825254,2.5524817,2.9309042,1.4017531,3.8349242,0.60153085,2015-10-16,16,0.2,True,100,5,32,True
0.0,0.0,1.4519846,1.8479661,3.4611075,0.15339538,0.0,0.0,0.7418602,0.49688485,1.8768512,2.539203,2.9432929,1.3882425,3.8373072,0.5949625,2015-10-19,16,0.2,True,100,5,32,True
0.0,0.0,1.4764065,1.8361359,3.4502892,0.15933038,0.0,0.0,0.7363952,0.5093213,1.8684558,2.532009,2.9570787,1.3724775,3.8377345,0.5837735,2015-10-20,16,0.2,True,100,5,32,True
0.0,0.0,1.5069059,1.819428,3.4372053,0.17753693,0.0,0.0,0.7282203,0.5191709,1.8510469,2.5232017,2.963173,1.357072,3.8353474,0.5672719,2015-10-21,16,0.2,True,100,5,32,True
0.0,0.0,1.5383203,1.7996078,3.4207578,0.19873351,0.0,0.0,0.71736324,0.5278208,1.830786,2.510134,2.9679978,1.3411404,3.8295686,0.5488501,2015-10-22,16,0.2,True,100,5,32,True
0.0,0.0,1.5574216,1.7883911,3.4024024,0.20993048,0.0,0.0,0.7101364,0.53742534,1.8216178,2.4902673,2.9780385,1.3301207,3.8283474,0.5436273,2015-10-23,16,0.2,True,100,5,32,True
0.0,0.0,1.5831262,1.77113,3.3813524,0.23336208,0.0,0.0,0.69740236,0.5449878,1.8041484,2.4714227,2.979578,1.3201047,3.8249853,0.53217,2015-10-26,16,0.2,True,100,5,32,True
0.0,0.0,1.6056188,1.7586827,3.3634102,0.25513077,0.0,0.0,0.68769544,0.5517793,1.7885427,2.4560905,2.9802198,1.3111095,3.8221493,0.5212385,2015-10-27,16,0.2,True,100,5,32,True
0.0,0.0,1.631515,1.7413604,3.3436205,0.28197977,0.0,0.0,0.6750802,0.5592486,1.7682039,2.4416459,2.974909,1.302513,3.817655,0.50632226,2015-10-28,16,0.2,True,100,5,32,True
0.0,0.0,1.6559004,1.7248871,3.3245292,0.30823004,0.0,0.0,0.66287667,0.56537795,1.7478721,2.4288604,2.9699855,1.2938597,3.8108385,0.4902876,2015-10-29,16,0.2,True,100,5,32,True
0.0,0.0,1.6778882,1.7051499,3.2989712,0.33197695,0.0,0.0,0.64551,0.5739973,1.7311174,2.4105437,2.9663994,1.288064,3.804621,0.47803676,2015-10-30,16,0.2,True,100,5,32,True
0.0,0.0,1.6947699,1.6913458,3.2765326,0.35654372,0.0,0.0,0.6328223,0.57787466,1.712883,2.3934062,2.9564812,1.2833952,3.7949522,0.46616262,2015-11-02,16,0.2,True,100,5,32,True
0.0,0.0,1.7072387,1.6857382,3.259707,0.38007858,0.0,0.0,0.62637347,0.5766236,1.6912572,2.3793445,2.9372375,1.2767459,3.7790976,0.45193565,2015-11-03,16,0.2,True,100,5,32,True
0.0,0.0,1.7204072,1.6808761,3.244303,0.40497342,0.0,0.0,0.61853725,0.5749892,1.6706727,2.3664813,2.9175038,1.2712073,3.7619927,0.43579778,2015-11-04,16,0.2,True,100,5,32,True
0.0,0.0,1.7383225,1.6662636,3.221449,0.43126053,0.0,0.0,0.60140866,0.5788378,1.6518152,2.3482256,2.8981223,1.2679293,3.7482173,0.42057684,2015-11-05,16,0.2,True,100,5,32,True
0.0,0.0,1.7577803,1.6521367,3.2050056,0.45675233,0.0,0.0,0.58688825,0.57979095,1.6321372,2.3360054,2.878546,1.2614824,3.7308345,0.40028766,2015-11-06,16,0.2,True,100,5,32,True
0.0,0.0,1.7715601,1.643892,3.1938598,0.4723042,0.0,0.0,0.57610744,0.5828216,1.6222067,2.3252726,2.8645754,1.256936,3.7165008,0.38586816,2015-11-09,16,0.2,True,100,5,32,True
0.0,0.0,1.7809546,1.6389719,3.1845934,0.48821658,0.0,0.0,0.5695184,0.581401,1.6085972,2.316179,2.8450136,1.251843,3.6976557,0.37097785,2015-11-10,16,0.2,True,100,5,32,True
0.0,0.0,1.7843134,1.63619,3.1782796,0.5029134,0.0,0.0,0.5676656,0.5741591,1.5909127,2.309989,2.817173,1.2461376,3.6751304,0.3570604,2015-11-11,16,0.2,True,100,5,32,True
0.0,0.0,1.7809124,1.6365237,3.1721249,0.51657265,0.0,0.0,0.5692957,0.56283987,1.5729582,2.3029637,2.7848449,1.2416661,3.6496704,0.34648496,2015-11-12,16,0.2,True,100,5,32,True
0.0,0.0,1.7714016,1.6408597,3.1658323,0.5266736,0.0,0.0,0.57397264,0.55051655,1.5579177,2.2944348,2.7512429,1.238192,3.6239266,0.34005994,2015-11-13,16,0.2,True,100,5,32,True
0.0,0.0,1.7537922,1.6508472,3.1649215,0.5261069,0.0,0.0,0.58438635,0.5386169,1.5495899,2.2897387,2.7197673,1.2358291,3.6005216,0.338758,2015-11-16,16,0.2,True,100,5,32,True
0.0,0.0,1.7344202,1.6538281,3.159373,0.52551854,0.0,0.0,0.5889637,0.5277941,1.5432849,2.284345,2.6906219,1.238528,3.5824578,0.34198052,2015-11-17,16,0.2,True,100,5,32,True
0.0,0.0,1.7170508,1.6550956,3.1499224,0.53418213,0.0,0.0,0.5898784,0.51619524,1.5329055,2.278163,2.657079,1.2430824,3.5614643,0.340797,2015-11-18,16,0.2,True,100,5,32,True
0.0,0.0,1.6976315,1.6567522,3.142511,0.53860486,0.0,0.0,0.590384,0.5059431,1.5305748,2.2732573,2.6320705,1.2497218,3.5453548,0.34310696,2015-11-19,16,0.2,True,100,5,32,True
0.0,0.0,1.6864855,1.6516653,3.135239,0.5496721,0.0,0.0,0.5845744,0.4965201,1.5267755,2.2727168,2.6110108,1.2569768,3.532087,0.33931038,2015-11-20,16,0.2,True,100,5,32,True
0.0,0.0,1.6788155,1.6427597,3.1245239,0.5625033,0.0,0.0,0.57296467,0.4908469,1.524654,2.2714908,2.59452,1.2655237,3.5219934,0.33468312,2015-11-23,16,0.2,True,100,5,32,True
0.0,0.0,1.669403,1.6416066,3.1216602,0.56951445,0.0,0.0,0.567057,0.48530823,1.5292776,2.2743964,2.5867624,1.2727213,3.5129848,0.33018166,2015-11-24,16,0.2,True,100,5,32,True
0.0,0.0,1.6624789,1.6359304,3.1160562,0.56890774,0.0,0.0,0.55718863,0.48658052,1.5384351,2.2753985,2.586562,1.2780782,3.50988,0.32893345,2015-11-25,16,0.2,True,100,5,32,True
0.0,0.0,1.6543406,1.6357219,3.113287,0.5674922,0.0,0.0,0.55076826,0.48695904,1.5496644,2.2748911,2.5881424,1.2833861,3.5067673,0.32950598,2015-11-26,16,0.2,True,100,5,32,True
0.0,0.0,1.6518098,1.6371888,3.1169987,0.56989,0.0,0.0,0.54565984,0.48635823,1.5586078,2.2803357,2.5894012,1.2871803,3.501871,0.32320115,2015-11-27,16,0.2,True,100,5,32,True
0.0,0.0,1.652241,1.6367702,3.1233425,0.5688157,0.0,0.0,0.54044837,0.4875844,1.5700004,2.287587,2.5959272,1.289389,3.4995801,0.3169691,2015-11-30,16,0.2,True,100,5,32,True
0.0,0.0,1.6481988,1.6424237,3.1319745,0.5649028,0.0,0.0,0.54048675,0.4874415,1.581788,2.2940297,2.6012187,1.2917556,3.4952817,0.31310073,2015-12-01,16,0.2,True,100,5,32,True
0.0,0.0,1.6402526,1.6545061,3.1491396,0.56345254,0.0,0.0,0.54518145,0.48074827,1.595816,2.3052976,2.6071463,1.2982574,3.48679,0.30768204,2015-12-02,16,0.2,True,100,5,32,True
0.0,0.0,1.6312536,1.6622732,3.162884,0.56015337,0.0,0.0,0.5406511,0.47978562,1.6201321,2.3135393,2.622786,1.3128046,3.4886627,0.30998653,2015-12-03,16,0.2,True,100,5,32,True
0.0,0.0,1.6202041,1.6733179,3.180797,0.5623691,0.0,0.0,0.54035455,0.47120368,1.6376036,2.3270857,2.6325788,1.3260938,3.48367,0.30662268,2015-12-04,16,0.2,True,100,5,32,True
0.0,0.0,1.6014897,1.6880578,3.2003732,0.5562811,0.0,0.0,0.543961,0.4625025,1.6585212,2.3418248,2.6432133,1.34061,3.481282,0.30964053,2015-12-07,16,0.2,True,100,5,32,True
0.0,0.0,1.5737832,1.7047689,3.2150006,0.5460321,0.0,0.0,0.5483616,0.45421705,1.6803905,2.3533242,2.6507287,1.3583114,3.477995,0.31800956,2015-12-08,16,0.2,True,100,5,32,True
0.0,0.0,1.5446607,1.7198218,3.2294152,0.53564066,0.0,0.0,0.55342156,0.4439495,1.6985438,2.3671348,2.6544404,1.3750341,3.4749653,0.32755524,2015-12-09,16,0.2,True,100,5,32,True
0.0,0.0,1.5139607,1.7361276,3.246117,0.5255916,0.0,0.0,0.5614166,0.43022224,1.713781,2.384938,2.6562536,1.3904539,3.4697063,0.33546582,2015-12-10,16,0.2,True,100,5,32,True
0.0,0.0,1.4893098,1.7492855,3.2599735,0.5307132,0.0,0.0,0.5660549,0.4125304,1.7201692,2.401513,2.6473224,1.4072967,3.4600503,0.33675173,2015-12-11,16,0.2,True,100,5,32,True
0.0,0.0,1.4595312,1.765485,3.2750092,0.52595747,0.0,0.0,0.5735871,0.39704815,1.736526,2.4155087,2.6462278,1.4249691,3.4554005,0.345715,2015-12-14,16,0.2,True,100,5,32,True
0.0,0.0,1.4262155,1.7761878,3.2813408,0.5238416,0.0,0.0,0.5773868,0.3816305,1.7494383,2.4269497,2.6432676,1.4438869,3.450312,0.35538226,2015-12-15,16,0.2,True,100,5,32,True
0.0,0.0,1.3960543,1.7867042,3.2891755,0.526816,0.0,0.0,0.5808718,0.36567286,1.7612209,2.4386165,2.6370943,1.4635985,3.4482734,0.3647119,2015-12-16,16,0.2,True,100,5,32,True
0.0,0.0,1.3762653,1.7958348,3.2999086,0.54249233,0.0,0.0,0.58453256,0.34645432,1.7627054,2.4548542,2.6223657,1.4799697,3.440706,0.3619323,2015-12-17,16,0.2,True,100,5,32,True
0.0,0.0,1.3572787,1.8034105,3.3117816,0.54828787,0.0,0.0,0.5874877,0.33315197,1.7750777,2.4697247,2.6209872,1.4952415,3.4398267,0.36389804,2015-12-18,16,0.2,True,100,5,32,True
0.0,0.0,1.3448925,1.8073947,3.3270311,0.5538131,0.0,0.0,0.5891022,0.3215838,1.7865454,2.489358,2.6240487,1.5064495,3.4379096,0.3595716,2015-12-21,16,0.2,True,100,5,32,True
0.0,0.0,1.3329058,1.8159895,3.344851,0.5571815,0.0,0.0,0.59324193,0.3107609,1.8026136,2.507689,2.6338742,1.5169456,3.4351988,0.3552704,2015-12-22,16,0.2,True,100,5,32,True
0.0,0.0,1.3224221,1.8175161,3.3533626,0.56336886,0.0,0.0,0.590205,0.30383682,1.8187276,2.5201356,2.647388,1.5290648,3.4347103,0.35236984,2015-12-23,16,0.2,True,100,5,32,True
0.0,0.0,1.3134092,1.8208331,3.3664153,0.563506,0.0,0.0,0.5894237,0.29886466,1.8404113,2.533721,2.6689122,1.5390776,3.440112,0.35311276,2015-12-24,16,0.2,True,100,5,32,True
0.0,0.0,1.3065578,1.8229492,3.3804038,0.5606917,0.0,0.0,0.5881087,0.29656288,1.8637582,2.5478547,2.6951907,1.5477781,3.4510262,0.3565413,2015-12-28,16,0.2,True,100,5,32,True
0.0,0.0,1.302424,1.8234884,3.3932323,0.556668,0.0,0.0,0.5850779,0.2971312,1.8855001,2.5614552,2.7220144,1.5545975,3.464428,0.36053073,2015-12-29,16,0.2,True,100,5,32,True
0.0,0.0,1.301209,1.8250874,3.405897,0.56460273,0.0,0.0,0.5803328,0.29364315,1.9027824,2.5734656,2.7425013,1.5639517,3.4726644,0.3591162,2015-12-30,16,0.2,True,100,5,32,True
0.0,0.0,1.2902403,1.8356729,3.4218097,0.5661788,0.0,0.0,0.5830374,0.28727046,1.9236076,2.5868921,2.7640285,1.5743711,3.4755976,0.35818028,2016-01-04,16,0.2,True,100,5,32,True
0.0,0.0,1.2770355,1.8404399,3.4377995,0.57383835,0.0,0.0,0.5859948,0.27340788,1.9334748,2.6079092,2.7781982,1.5828053,3.4698927,0.3493908,2016-01-05,16,0.2,True,100,5,32,True
0.0,0.0,1.2616518,1.8448292,3.45415,0.5861722,0.0,0.0,0.58858514,0.2569248,1.9423666,2.630616,2.791632,1.594604,3.463155,0.34025645,2016-01-06,16,0.2,True,100,5,32,True
0.0,0.0,1.2488269,1.8430212,3.470319,0.59979695,0.0,0.0,0.58568317,0.24262843,1.9550401,2.6555037,2.8121846,1.6089741,3.4623985,0.3323333,2016-01-07,16,0.2,True,100,5,32,True
0.0,0.0,1.2316781,1.8423096,3.4851933,0.6106836,0.0,0.0,0.58218044,0.2284294,1.9698566,2.680722,2.8362424,1.625038,3.4625201,0.3268262,2016-01-08,16,0.2,True,100,5,32,True
0.0,0.0,1.2204806,1.8361245,3.495791,0.63281554,0.0,0.0,0.5720167,0.21503818,1.9782193,2.705853,2.8547482,1.6436187,3.462757,0.3171769,2016-01-11,16,0.2,True,100,5,32,True
0.0,0.0,1.2019769,1.835108,3.5082695,0.6457813,0.0,0.0,0.56694984,0.19932446,1.9913759,2.7311764,2.8781037,1.6613357,3.4627097,0.31219563,2016-01-12,16,0.2,True,100,5,32,True
0.0,0.0,1.1828357,1.8345563,3.518233,0.6579151,0.0,0.0,0.56219655,0.18443334,2.0021384,2.7552252,2.8983552,1.6789509,3.4630134,0.3086146,2016-01-13,16,0.2,True,100,5,32,True
0.0,0.0,1.1705908,1.8271745,3.5231776,0.67617214,0.0,0.0,0.54968446,0.1736548,2.0129151,2.776194,2.9210477,1.6992289,3.4705002,0.30678383,2016-01-14,16,0.2,True,100,5,32,True
0.0,0.0,1.1567814,1.8213837,3.5277705,0.68935966,0.0,0.0,0.53911287,0.16350433,2.0252001,2.7962072,2.9466395,1.7171896,3.4803503,0.30784366,2016-01-15,16,0.2,True,100,5,32,True
0.0,0.0,1.1395402,1.8163581,3.5353205,0.6936753,0.0,0.0,0.5369097,0.14853674,2.0293841,2.821655,2.966284,1.726406,3.4814987,0.30417433,2016-01-18,16,0.2,True,100,5,32,True
0.0,0.0,1.1322598,1.8033103,3.534993,0.71757996,0.0,0.0,0.523305,0.13426465,2.0242724,2.8424938,2.9750996,1.7409223,3.4837997,0.29699618,2016-01-19,16,0.2,True,100,5,32,True
0.0,0.0,1.1165895,1.8008862,3.537192,0.7333092,0.0,0.0,0.51728874,0.117577486,2.0259151,2.8616996,2.9872525,1.755265,3.48207,0.29247174,2016-01-20,16,0.2,True,100,5,32,True
0.0,0.0,1.1033226,1.7919002,3.5396965,0.7546449,0.0,0.0,0.51052356,0.09663603,2.0171707,2.8851814,2.9894514,1.767389,3.4741225,0.2816214,2016-01-21,16,0.2,True,100,5,32,True
0.0,0.0,1.0878035,1.7864046,3.5451105,0.7774,0.0,0.0,0.50732243,0.07235181,2.0080693,2.908057,2.9857764,1.7806443,3.4628215,0.27082145,2016-01-22,16,0.2,True,100,5,32,True
0.0,0.0,1.0729846,1.7823927,3.5427275,0.80997956,0.0,0.0,0.5005848,0.04753486,1.9966073,2.9243214,2.974973,1.7978888,3.4471848,0.257411,2016-01-25,16,0.2,True,100,5,32,True
0.0,0.0,1.0571043,1.7784864,3.5412815,0.835521,0.0,0.0,0.4937739,0.025771655,1.9929371,2.939049,2.9698834,1.8144883,3.4348538,0.24715757,2016-01-26,16,0.2,True,100,5,32,True
0.0,0.0,1.0398698,1.7785258,3.5438879,0.8599387,0.0,0.0,0.490912,0.0023005493,1.9913744,2.955321,2.9656947,1.8313947,3.4246018,0.23883435,2016-01-27,16,0.2,True,100,5,32,True
0.0,0.0,1.0286419,1.7724377,3.5429475,0.8894362,0.0,0.0,0.48497367,0.0,1.9835383,2.971222,2.9567387,1.8460007,3.4157135,0.22807401,2016-01-28,16,0.2,True,100,5,32,True
0.0,0.0,1.0188507,1.7667193,3.545753,0.91348326,0.0,0.0,0.4842401,0.0,1.9763153,2.9871616,2.9495978,1.8545114,3.4072528,0.21843547,2016-01-29,16,0.2,True,100,5,32,True
0.0,0.0,1.0099549,1.7593969,3.5473914,0.93177265,0.0,0.0,0.4823185,0.0,1.9741489,3.0018256,2.9512782,1.8613429,3.4064639,0.21369433,2016-02-01,16,0.2,True,100,5,32,True
0.0,0.0,1.0013208,1.7501246,3.5497322,0.94429964,0.0,0.0,0.4802455,0.0,1.979501,3.0171545,2.9668822,1.8672563,3.4158216,0.21425802,2016-02-02,16,0.2,True,100,5,32,True
0.0,0.0,1.0002217,1.7311578,3.5461156,0.96822935,0.0,0.0,0.47233278,0.0,1.9742258,3.033588,2.977916,1.8730803,3.427557,0.2101579,2016-02-03,16,0.2,True,100,5,32,True
0.0,0.0,0.99725926,1.7115772,3.5378797,0.99304134,0.0,0.0,0.46277374,0.0,1.9684331,3.0472963,2.9896464,1.8805038,3.4404037,0.20786858,2016-02-04,16,0.2,True,100,5,32,True
0.0,0.0,0.9938948,1.6961362,3.533022,1.0182261,0.0,0.0,0.4561464,0.0,1.96373,3.061973,3.002631,1.8891659,3.4546614,0.20623353,2016-02-05,16,0.2,True,100,5,32,True
0.0,0.0,0.99550927,1.6787158,3.5277958,1.0423685,0.0,0.0,0.44497883,0.0,1.9613993,3.0715845,3.015048,1.8993907,3.47775,0.20935717,2016-02-11,16,0.2,True,100,5,32,True
0.0,0.0,0.9957112,1.6649431,3.5214238,1.0672777,0.0,0.0,0.43855113,0.0,1.9507262,3.0813687,3.017892,1.9084448,3.4950852,0.21138147,2016-02-12,16,0.2,True,100,5,32,True
0.0,0.0,0.99162877,1.6529598,3.5094478,1.0955462,0.0,0.0,0.43513685,0.0,1.930252,3.0870793,3.005539,1.9207734,3.5069535,0.21456373,2016-02-15,16,0.2,True,100,5,32,True
0.0,0.0,0.9892125,1.6385996,3.4895847,1.1253834,0.0,0.0,0.42598224,0.0,1.9089704,3.0838516,2.9878738,1.9363083,3.522002,0.2217921,2016-02-16,16,0.2,True,100,5,32,True
0.0,0.0,0.98372805,1.6317643,3.4713004,1.1528934,0.0,0.0,0.42248768,0.0,1.8883574,3.0805912,2.9688222,1.9517026,3.5313914,0.22722834,2016-02-17,16,0.2,True,100,5,32,True
0.0,0.0,0.9790134,1.6305414,3.4493682,1.1862354,0.0,0.0,0.42139858,0.0,1.861832,3.0734012,2.9405107,1.9664791,3.5341163,0.22897074,2016-02-18,16,0.2,True,100,5,32,True
0.0,0.0,0.9787355,1.6229085,3.4247468,1.2117918,0.0,0.0,0.4200471,0.0,1.8323183,3.0648806,2.912903,1.9711672,3.5326798,0.22793573,2016-02-19,16,0.2,True,100,5,32,True
0.0,0.0,0.9822208,1.6120222,3.4042842,1.2331635,0.0,0.0,0.41466376,0.0,1.8114444,3.0582175,2.8951838,1.9777874,3.5382462,0.22828054,2016-02-22,16,0.2,True,100,5,32,True
0.0,0.0,0.994172,1.5942225,3.3815281,1.2605355,0.0,0.0,0.40114716,0.0,1.7870035,3.0509577,2.8765514,1.9832377,3.5452673,0.22371152,2016-02-23,16,0.2,True,100,5,32,True
0.0,0.0,1.0062665,1.5735829,3.3577998,1.2817626,0.0,0.0,0.38412184,0.0,1.7677103,3.042166,2.8647165,1.9872751,3.5559237,0.22166076,2016-02-24,16,0.2,True,100,5,32,True
0.0,0.0,1.0161889,1.5540761,3.3403864,1.2925888,0.0,0.0,0.3683556,0.0,1.7563833,3.03838,2.8633304,1.9897436,3.5710392,0.2225056,2016-02-25,16,0.2,True,100,5,32,True
0.0,0.0,1.0280871,1.5330821,3.321544,1.3084557,0.0,0.0,0.35385847,0.0,1.7374035,3.0367875,2.858505,1.988861,3.5808556,0.21837926,2016-02-26,16,0.2,True,100,5,32,True
0.0,0.0,1.0448481,1.5082062,3.3030522,1.32488,0.0,0.0,0.33394316,0.0,1.7233536,3.0341256,2.861333,1.9887446,3.5989962,0.21752617,2016-02-29,16,0.2,True,100,5,32,True
0.0,0.0,1.0621306,1.4838166,3.2865856,1.3399084,0.0,0.0,0.31286576,0.0,1.7116083,3.0316284,2.8663313,1.990469,3.6224258,0.21885648,2016-03-02,16,0.2,True,100,5,32,True
0.0,0.0,1.0768524,1.4662114,3.2736611,1.3455691,0.0,0.0,0.29047862,0.0,1.7083466,3.0305698,2.8780303,1.992008,3.643061,0.21960759,2016-03-03,16,0.2,True,100,5,32,True
0.0,0.0,1.0899658,1.4525137,3.2585094,1.3456326,0.0,0.0,0.2678559,0.0,1.70754,3.0263083,2.8904066,1.9923007,3.660397,0.22115952,2016-03-04,16,0.2,True,100,5,32,True
0.0,0.0,1.10244,1.4487125,3.2535896,1.3422738,0.0,0.0,0.25210175,0.0,1.7071021,3.026217,2.900095,1.993066,3.6724923,0.21988332,2016-03-07,16,0.2,True,100,5,32,True
0.0,0.0,1.1087811,1.4517471,3.2492616,1.3291715,0.0,0.0,0.24080838,0.0,1.7115294,3.0230339,2.9099977,1.9936908,3.6815214,0.2223889,2016-03-08,16,0.2,True,100,5,32,True
0.0,0.0,1.1167814,1.4542975,3.2389176,1.3194842,0.0,0.0,0.23142959,0.0,1.7035677,3.0165143,2.906572,1.9893175,3.679266,0.21970731,2016-03-09,16,0.2,True,100,5,32,True
0.0,0.0,1.12186,1.4574764,3.2315915,1.3040494,0.0,0.0,0.22064489,0.012516005,1.7061791,3.0095296,2.911978,1.987367,3.681843,0.22233728,2016-03-10,16,0.2,True,100,5,32,True
0.0,0.0,1.1276461,1.4649328,3.2329032,1.2886809,0.0,0.0,0.2113237,0.02544647,1.7172333,3.0063083,2.9239135,1.9893066,3.6887836,0.2256774,2016-03-11,16,0.2,True,100,5,32,True
0.0,0.0,1.1378888,1.471376,3.2307768,1.2874159,0.0,0.0,0.20419869,0.03323046,1.7112461,3.0039659,2.919137,1.9889331,3.6842976,0.21880215,2016-03-14,16,0.2,True,100,5,32,True
0.0,0.0,1.1421661,1.4770981,3.2281628,1.2765635,0.0,0.0,0.19568588,0.043719746,1.719446,2.9976702,2.9259365,1.9905388,3.6868963,0.22105855,2016-03-15,16,0.2,True,100,5,32,True
0.0,0.0,1.1473111,1.481426,3.2283874,1.2619406,0.0,0.0,0.18815778,0.055782415,1.7298411,2.9937003,2.9360218,1.9901736,3.6920917,0.22415304,2016-03-16,16,0.2,True,100,5,32,True
0.0,0.0,1.1485817,1.4885098,3.2310126,1.2428914,0.0,0.0,0.18540795,0.067282654,1.7427402,2.9922101,2.9496973,1.9885296,3.697476,0.22936243,2016-03-17,16,0.2,True,100,5,32,True
0.0,0.0,1.1570605,1.4931477,3.2368755,1.2287474,0.0,0.0,0.18052013,0.08076553,1.7543938,2.9922597,2.963426,1.9872293,3.7077622,0.23301023,2016-03-18,16,0.2,True,100,5,32,True
0.0,0.0,1.1634988,1.5040243,3.245014,1.2173485,0.0,0.0,0.18019123,0.09235869,1.7671357,2.9913583,2.9747934,1.9879607,3.7152019,0.23635748,2016-03-21,16,0.2,True,100,5,32,True
0.0,0.0,1.1686753,1.5170866,3.256631,1.204165,0.0,0.0,0.18420722,0.102352165,1.7819833,2.9921997,2.9884963,1.9879204,3.7225606,0.24039721,2016-03-22,16,0.2,True,100,5,32,True
0.0,0.0,1.1748815,1.5284874,3.2692277,1.188422,0.0,0.0,0.18921475,0.111834906,1.7954612,2.9942148,3.0018198,1.985139,3.72823,0.24297681,2016-03-23,16,0.2,True,100,5,32,True
0.0,0.0,1.1757258,1.5425264,3.2839136,1.1659274,0.0,0.0,0.19535372,0.12147934,1.8166888,2.9960294,3.0215013,1.9843771,3.736798,0.251025,2016-03-24,16,0.2,True,100,5,32,True
0.0,0.0,1.184683,1.5524021,3.2979228,1.157452,0.0,0.0,0.19643171,0.12979499,1.829142,2.998863,3.033143,1.9869769,3.7466474,0.2538828,2016-03-25,16,0.2,True,100,5,32,True
0.0,0.0,1.1838639,1.5617925,3.3049736,1.1391578,0.0,0.0,0.20004982,0.13663736,1.8442093,2.9977133,3.0488358,1.9857799,3.7518394,0.26135877,2016-03-28,16,0.2,True,100,5,32,True
0.0,0.0,1.1790555,1.5735127,3.3125403,1.1207621,0.0,0.0,0.20846614,0.13811845,1.8564757,2.9976177,3.062569,1.983147,3.7518203,0.2679633,2016-03-29,16,0.2,True,100,5,32,True
0.0,0.0,1.177022,1.5841272,3.3247082,1.1031215,0.0,0.0,0.21539372,0.14024016,1.8713439,3.0008895,3.0794966,1.9824457,3.7569296,0.2746094,2016-03-30,16,0.2,True,100,5,32,True
0.0,0.0,1.1658064,1.597778,3.3311493,1.0771974,0.0,0.0,0.22167107,0.14570832,1.8978728,2.99648,3.1046758,1.9848081,3.7675223,0.29210174,2016-03-31,16,0.2,True,100,5,32,True
0.0,0.0,1.1508662,1.6176105,3.3377988,1.0549569,0.0,0.0,0.2358507,0.14458033,1.9174253,2.9942644,3.1238184,1.9850378,3.7683036,0.3047504,2016-04-01,16,0.2,True,100,5,32,True
0.0,0.0,1.1474556,1.626986,3.3307223,1.051797,0.0,0.0,0.2449326,0.14515251,1.9176607,2.9823947,3.124161,1.9826664,3.770266,0.31379154,2016-04-04,16,0.2,True,100,5,32,True
0.0,0.0,1.1510288,1.6300461,3.3192313,1.0555602,0.0,0.0,0.2513999,0.14780205,1.9121193,2.966674,3.1200333,1.9781276,3.7756958,0.321249,2016-04-05,16,0.2,True,100,5,32,True
0.0,0.0,1.1546074,1.6320882,3.3058422,1.0570807,0.0,0.0,0.26065806,0.1499986,1.9032081,2.9506202,3.1149406,1.969427,3.77846,0.32726005,2016-04-06,16,0.2,True,100,5,32,True
0.0,0.0,1.1655315,1.6294432,3.2905824,1.0647988,0.0,0.0,0.26752198,0.1531901,1.8871812,2.9345546,3.1052682,1.958111,3.779602,0.32775834,2016-04-07,16,0.2,True,100,5,32,True
0.0,0.0,1.1812497,1.6188202,3.272231,1.0704845,0.0,0.0,0.27033854,0.1607216,1.870225,2.9177248,3.0982332,1.9422305,3.781935,0.3265421,2016-04-08,16,0.2,True,100,5,32,True
0.0,0.0,1.1861279,1.6151508,3.2545695,1.0678288,0.0,0.0,0.2768944,0.16728401,1.8646505,2.8979225,3.100797,1.9285722,3.7844467,0.33290812,2016-04-11,16,0.2,True,100,5,32,True
0.0,0.0,1.199439,1.6039178,3.2354488,1.0773823,0.0,0.0,0.27636462,0.17389798,1.851471,2.878421,3.0959377,1.9175217,3.7898505,0.3347482,2016-04-12,16,0.2,True,100,5,32,True
0.0,0.0,1.2157391,1.5950258,3.216746,1.0942479,0.0,0.0,0.27733704,0.17962065,1.8327148,2.859886,3.0853794,1.9079722,3.7933352,0.33337665,2016-04-14,16,0.2,True,100,5,32,True
0.0,0.0,1.2443657,1.5716541,3.189096,1.1165608,0.0,0.0,0.26993075,0.18917203,1.799039,2.8402324,3.0672746,1.8910297,3.7974505,0.32546738,2016-04-15,16,0.2,True,100,5,32,True
0.0,0.0,1.2729346,1.5507257,3.1609318,1.141093,0.0,0.0,0.26440734,0.19611588,1.7619792,2.8201883,3.0460074,1.872984,3.79598,0.31448123,2016-04-18,16,0.2,True,100,5,32,True
0.0,0.0,1.3001205,1.527868,3.1330194,1.1572556,0.0,0.0,0.2565293,0.20697528,1.7317418,2.80077,3.0335839,1.854129,3.7976007,0.30614582,2016-04-19,16,0.2,True,100,5,32,True
0.0,0.0,1.3304632,1.5020014,3.105197,1.1760485,0.0,0.0,0.24708322,0.21734044,1.697153,2.7827616,3.0186846,1.8334278,3.79709,0.29433194,2016-04-20,16,0.2,True,100,5,32,True
0.0,0.0,1.3561122,1.477645,3.0763996,1.1867979,0.0,0.0,0.23672011,0.23121229,1.6715522,2.761278,3.011282,1.8143997,3.800738,0.2886305,2016-04-21,16,0.2,True,100,5,32,True
0.0,0.0,1.3894793,1.448966,3.050195,1.2029127,0.0,0.0,0.22248307,0.24570939,1.6424125,2.7413316,2.9999573,1.7941577,3.8032665,0.27647802,2016-04-22,16,0.2,True,100,5,32,True
0.0,0.0,1.4176197,1.4258181,3.027884,1.2119329,0.0,0.0,0.21509083,0.25802928,1.6143774,2.724258,2.9895043,1.7711498,3.799567,0.26348558,2016-04-25,16,0.2,True,100,5,32,True
0.0,0.0,1.4347167,1.4105207,3.0090046,1.2065377,0.0,0.0,0.21516544,0.26918733,1.5954041,2.7079294,2.9877644,1.7468158,3.7931862,0.25702292,2016-04-26,16,0.2,True,100,5,32,True
0.0,0.0,1.4666164,1.3846725,2.990607,1.222631,0.0,0.0,0.20586683,0.2785807,1.5626302,2.6955845,2.973314,1.7255214,3.788153,0.23995268,2016-04-27,16,0.2,True,100,5,32,True
0.0,0.0,1.4982086,1.3558732,2.969016,1.2346607,0.0,0.0,0.19452465,0.2902474,1.5302608,2.681166,2.9594293,1.7025962,3.7821474,0.22380155,2016-04-28,16,0.2,True,100,5,32,True
0.0,0.0,1.5244645,1.3310789,2.9478693,1.2446542,0.0,0.0,0.18642963,0.29978898,1.4987366,2.6667054,2.9448438,1.6817453,3.7752082,0.21085227,2016-04-29,16,0.2,True,100,5,32,True
0.0,0.0,1.5502635,1.303096,2.9263031,1.2539618,0.0,0.0,0.17441584,0.31059614,1.4706643,2.6513944,2.9322252,1.6639369,3.774159,0.20188314,2016-05-02,16,0.2,True,100,5,32,True
0.0,0.0,1.5636348,1.2839451,2.9065447,1.2545105,0.0,0.0,0.17042094,0.3156172,1.4416684,2.64055,2.9163,1.6476943,3.764344,0.19397897,2016-05-03,16,0.2,True,100,5,32,True
0.0,0.0,1.5765009,1.2607416,2.8846316,1.2549815,0.0,0.0,0.15921687,0.32263088,1.4144386,2.630519,2.9006941,1.6362154,3.758962,0.18823397,2016-05-04,16,0.2,True,100,5,32,True
0.0,0.0,1.5890316,1.2381065,2.8631446,1.2613685,0.0,0.0,0.14971527,0.3248227,1.3778747,2.6248243,2.8746803,1.6250002,3.7458723,0.17618111,2016-05-09,16,0.2,True,100,5,32,True
0.0,0.0,1.6006732,1.2136029,2.8431532,1.2736558,0.0,0.0,0.13910809,0.32150844,1.3372293,2.6229334,2.8439379,1.615647,3.7285023,0.16024315,2016-05-10,16,0.2,True,100,5,32,True
0.0,0.0,1.606569,1.1942202,2.8266556,1.2841371,0.0,0.0,0.13056557,0.3148125,1.303372,2.6222165,2.8165674,1.6096956,3.710066,0.1464382,2016-05-11,16,0.2,True,100,5,32,True
0.0,0.0,1.6125481,1.1705644,2.8089635,1.2936409,0.0,0.0,0.117773555,0.30956718,1.2724448,2.6215777,2.7919044,1.6043602,3.6954772,0.13389787,2016-05-12,16,0.2,True,100,5,32,True
0.0,0.0,1.6146613,1.1498929,2.7944767,1.2975084,0.0,0.0,0.103075415,0.3069122,1.2541479,2.621728,2.7789044,1.6033914,3.6889927,0.12743306,2016-05-13,16,0.2,True,100,5,32,True
0.0,0.0,1.6202993,1.1270765,2.7807975,1.3080789,0.0,0.0,0.08356549,0.3044946,1.2357643,2.6231177,2.7648294,1.6057105,3.6862402,0.11886952,2016-05-16,16,0.2,True,100,5,32,True
0.0,0.0,1.6235609,1.1066501,2.7736433,1.3116878,0.0,0.0,0.065964416,0.30185688,1.2254311,2.6286619,2.759469,1.6076735,3.6872642,0.11232565,2016-05-17,16,0.2,True,100,5,32,True
0.0,0.0,1.614002,1.0976665,2.765573,1.3080513,0.0,0.0,0.059487585,0.29535195,1.2167727,2.6343694,2.756126,1.6072984,3.6773403,0.10669418,2016-05-18,16,0.2,True,100,5,32,True
0.0,0.0,1.5962045,1.1039667,2.7718482,1.2988504,0.0,0.0,0.063182585,0.2867725,1.2230071,2.6460445,2.7628884,1.614925,3.6754797,0.11047186,2016-05-19,16,0.2,True,100,5,32,True
0.0,0.0,1.5818896,1.1068364,2.7764323,1.2953353,0.0,0.0,0.062047444,0.27931917,1.2287478,2.6553721,2.7669005,1.6254292,3.6792746,0.11587222,2016-05-20,16,0.2,True,100,5,32,True
0.0,0.0,1.5651217,1.1095074,2.7759845,1.290139,0.0,0.0,0.05908889,0.27402523,1.2347318,2.6605124,2.7686908,1.636897,3.683231,0.12374326,2016-05-23,16,0.2,True,100,5,32,True
0.0,0.0,1.5478623,1.1148379,2.776491,1.2866435,0.0,0.0,0.056877468,0.26756948,1.2411395,2.6660779,2.768498,1.6496096,3.6854067,0.1305005,2016-05-24,16,0.2,True,100,5,32,True
0.0,0.0,1.5342367,1.1168133,2.7754467,1.2861574,0.0,0.0,0.05283196,0.26178607,1.2428285,2.6720266,2.7623737,1.661599,3.6881542,0.135532,2016-05-25,16,0.2,True,100,5,32,True
0.0,0.0,1.518247,1.1210285,2.7756054,1.2811353,0.0,0.0,0.049663357,0.2575049,1.2519801,2.6772141,2.763972,1.6741605,3.694372,0.14446434,2016-05-26,16,0.2,True,100,5,32,True
0.0,0.0,1.5028208,1.1214514,2.7736635,1.2759818,0.0,0.0,0.042966723,0.2551157,1.2637018,2.6807873,2.7688985,1.6873608,3.7054274,0.15582004,2016-05-27,16,0.2,True,100,5,32,True
0.0,0.0,1.4811194,1.1258674,2.772356,1.2590224,0.0,0.0,0.041261777,0.2555257,1.2820592,2.6848829,2.781982,1.6982294,3.7174888,0.17208606,2016-05-30,16,0.2,True,100,5,32,True
0.0,0.0,1.4663099,1.1290841,2.7712963,1.2529044,0.0,0.0,0.036029022,0.25701368,1.2964603,2.6904163,2.7916863,1.7120167,3.7326097,0.18500367,2016-05-31,16,0.2,True,100,5,32,True
0.0,0.0,1.4482234,1.135096,2.7687395,1.2419188,0.0,0.0,0.03122693,0.26046386,1.3167499,2.692764,2.8081267,1.7266468,3.7510486,0.20284665,2016-06-01,16,0.2,True,100,5,32,True
0.0,0.0,1.4381864,1.1412212,2.7682347,1.2392327,0.0,0.0,0.022441795,0.26436383,1.3297172,2.6997542,2.8169994,1.7418554,3.7629964,0.20887199,2016-06-02,16,0.2,True,100,5,32,True
0.0,0.0,1.4234176,1.1553084,2.7712417,1.2307887,0.0,0.0,0.015358378,0.2694774,1.3519683,2.7052834,2.83164,1.760707,3.7754729,0.2190271,2016-06-03,16,0.2,True,100,5,32,True
0.0,0.0,1.4111102,1.1700155,2.7766676,1.2257823,0.0,0.0,0.007224029,0.27439347,1.3732032,2.7121217,2.8443203,1.7815622,3.788786,0.22800612,2016-06-07,16,0.2,True,100,5,32,True
0.0,0.0,1.3990597,1.1898127,2.7832315,1.2216716,0.0,0.0,0.0035355398,0.27762094,1.3906982,2.719571,2.8528469,1.8006982,3.7954407,0.23323253,2016-06-08,16,0.2,True,100,5,32,True
0.0,0.0,1.3867469,1.2099942,2.7885017,1.2138631,0.0,0.0,0.0012935838,0.28264385,1.4089624,2.7255726,2.8631663,1.8174186,3.8006492,0.23903382,2016-06-09,16,0.2,True,100,5,32,True
0.0,0.0,1.377455,1.2281656,2.796077,1.2031491,0.0,0.0,8.188095e-05,0.2890748,1.428241,2.7316704,2.8754592,1.8312783,3.8085606,0.24645883,2016-06-10,16,0.2,True,100,5,32,True
0.0,0.0,1.3648081,1.2517391,2.8115377,1.1880828,0.0,0.0,0.0056468183,0.2919646,1.4521753,2.7413313,2.8927133,1.8443599,3.814618,0.25489432,2016-06-13,16,0.2,True,100,5,32,True
0.0,0.0,1.3557943,1.2705277,2.822892,1.1819543,0.0,0.0,0.005830406,0.29465833,1.4699444,2.7472808,2.9009938,1.8602289,3.8213403,0.262439,2016-06-14,16,0.2,True,100,5,32,True
0.0,0.0,1.3394823,1.291286,2.8335297,1.169562,0.0,0.0,0.007516235,0.2974097,1.4949222,2.7497582,2.9134243,1.87907,3.8331907,0.2795745,2016-06-15,16,0.2,True,100,5,32,True
0.0,0.0,1.3246427,1.3106061,2.8437562,1.1603531,0.0,0.0,0.0074305953,0.30030173,1.5163182,2.7527645,2.9198399,1.8988934,3.8447514,0.29472333,2016-06-16,16,0.2,True,100,5,32,True
0.0,0.0,1.3029205,1.3315631,2.845314,1.1474582,0.0,0.0,0.009457062,0.30173942,1.5337534,2.7493436,2.9206474,1.9147359,3.8473296,0.31126553,2016-06-17,16,0.2,True,100,5,32,True
0.0,0.0,1.2877444,1.3464444,2.8464727,1.1429051,0.0,0.0,0.0028895242,0.30490085,1.5516632,2.7446144,2.9190962,1.9353068,3.8575552,0.32794178,2016-06-20,16,0.2,True,100,5,32,True
0.0,0.0,1.2627497,1.3707014,2.8440194,1.1306096,0.0,0.0,0.0046017626,0.3072678,1.5724671,2.7370234,2.9192297,1.9529124,3.8594363,0.34650275,2016-06-21,16,0.2,True,100,5,32,True
0.0,0.0,1.2393165,1.3954496,2.8425648,1.1200497,0.0,0.0,0.0067510456,0.3087081,1.5931942,2.7300713,2.9187138,1.969655,3.8593192,0.36252174,2016-06-22,16,0.2,True,100,5,32,True
0.0,0.0,1.2192142,1.4192601,2.8411572,1.1152424,0.0,0.0,0.007017957,0.3095377,1.6127471,2.7232099,2.9167216,1.9877074,3.8587399,0.37514052,2016-06-23,16,0.2,True,100,5,32,True
0.0,0.0,1.2066107,1.438427,2.8404999,1.1153455,0.0,0.0,0.004170738,0.3127819,1.6305196,2.716209,2.9126318,2.005375,3.8622787,0.38615173,2016-06-24,16,0.2,True,100,5,32,True
0.0,0.0,1.1900206,1.45816,2.8437657,1.1056844,0.0,0.0,0.005172224,0.31672755,1.6498402,2.7131922,2.9101894,2.0200243,3.8669896,0.39990395,2016-06-27,16,0.2,True,100,5,32,True
0.0,0.0,1.1689712,1.4801267,2.8483188,1.0952561,0.0,0.0,0.009976047,0.31757838,1.6676923,2.7132006,2.9070396,2.034312,3.8684118,0.41351682,2016-06-28,16,0.2,True,100,5,32,True
0.0,0.0,1.1510129,1.4981275,2.8479314,1.0949279,0.0,0.0,0.012045119,0.317183,1.6776891,2.7116747,2.8960762,2.0494056,3.8667514,0.42315,2016-06-29,16,0.2,True,100,5,32,True
0.0,0.0,1.1219978,1.5207615,2.8447313,1.0828642,0.0,0.0,0.0196603,0.31741986,1.695997,2.707564,2.8941078,2.0635624,3.8647065,0.44027248,2016-06-30,16,0.2,True,100,5,32,True
0.0,0.0,1.1028819,1.533203,2.8410084,1.0783423,0.0,0.0,0.017611196,0.3201739,1.7143395,2.7031794,2.8948767,2.0798526,3.8704062,0.45509097,2016-07-01,16,0.2,True,100,5,32,True
0.0,0.0,1.0964543,1.5331346,2.833618,1.0894202,0.0,0.0,0.010146236,0.3216261,1.7245908,2.6972196,2.8943567,2.094693,3.8805852,0.4637796,2016-07-04,16,0.2,True,100,5,32,True
0.0,0.0,1.098221,1.5291015,2.822568,1.111096,0.0,0.0,0.0013632588,0.32276708,1.7282224,2.6894646,2.8916671,2.1069055,3.889423,0.46570495,2016-07-05,16,0.2,True,100,5,32,True
0.0,0.0,1.1007105,1.523022,2.8117008,1.128006,0.0,0.0,0.0,0.32369563,1.7307212,2.6842718,2.8949606,2.1124651,3.8966398,0.4655613,2016-07-06,16,0.2,True,100,5,32,True
0.0,0.0,1.1060033,1.5120033,2.7984524,1.1473777,0.0,0.0,0.0,0.3245588,1.7272416,2.6793308,2.8969903,2.1144166,3.9033084,0.46368575,2016-07-07,16,0.2,True,100,5,32,True
0.0,0.0,1.1118494,1.5013717,2.7872584,1.1675199,0.0,0.0,0.0,0.3265655,1.7279482,2.6737208,2.9030383,2.1187646,3.915535,0.46504763,2016-07-08,16,0.2,True,100,5,32,True
0.0,0.0,1.1196133,1.4897124,2.7728841,1.1951268,0.0,0.0,0.0,0.32725534,1.7209748,2.6662822,2.9024012,2.1230319,3.9264898,0.46457368,2016-07-11,16,0.2,True,100,5,32,True
0.0,0.0,1.128564,1.480367,2.755292,1.2236964,0.0,0.0,0.0,0.32850918,1.7071643,2.657987,2.8963814,2.1229615,3.9306695,0.46004072,2016-07-12,16,0.2,True,100,5,32,True
0.0,0.0,1.1347811,1.470124,2.737787,1.2454344,0.0,0.0,0.0,0.33088636,1.6998433,2.6473398,2.897525,2.1226711,3.9386654,0.46104524,2016-07-13,16,0.2,True,100,5,32,True
0.0,0.0,1.1452612,1.459891,2.7234426,1.2661678,0.0,0.0,0.0,0.33458635,1.692138,2.6385682,2.8994324,2.1199872,3.9457788,0.4591255,2016-07-14,16,0.2,True,100,5,32,True
0.0,0.0,1.1598659,1.4466127,2.7020957,1.2925218,0.0,0.0,0.0,0.33698705,1.6715175,2.6267936,2.8915331,2.1125708,3.9449277,0.4508784,2016-07-15,16,0.2,True,100,5,32,True
0.0,0.0,1.1809589,1.4276823,2.681118,1.3202509,0.0,0.0,0.0,0.34346232,1.6540835,2.6134887,2.887585,2.1067147,3.952887,0.4447395,2016-07-18,16,0.2,True,100,5,32,True
0.0,0.0,1.2000483,1.4114786,2.6621754,1.3408138,0.0,0.0,0.0,0.35075995,1.6379466,2.6019664,2.8867693,2.0971215,3.9584754,0.43848717,2016-07-19,16,0.2,True,100,5,32,True
0.0,0.0,1.2133118,1.399928,2.643213,1.3538821,0.0,0.0,0.0,0.35830805,1.6243443,2.5897455,2.887882,2.0865035,3.9612482,0.43474528,2016-07-20,16,0.2,True,100,5,32,True
0.0,0.0,1.2308441,1.387752,2.6231952,1.3767105,0.0,0.0,0.0,0.36405203,1.6031207,2.576782,2.8796754,2.0773754,3.95954,0.425516,2016-07-21,16,0.2,True,100,5,32,True
0.0,0.0,1.251317,1.3702779,2.6010451,1.3987514,0.0,0.0,0.0,0.3712026,1.5781536,2.563899,2.8706331,2.0648215,3.9577816,0.41508278,2016-07-22,16,0.2,True,100,5,32,True
0.0,0.0,1.2694509,1.3517487,2.5790038,1.4096711,0.0,0.0,0.0,0.38194248,1.5577296,2.5499954,2.8677115,2.0493565,3.9601989,0.4101683,2016-07-25,16,0.2,True,100,5,32,True
0.0,0.0,1.2930572,1.3271732,2.5586123,1.4157903,0.0,0.0,0.0,0.39587587,1.5372832,2.5380442,2.8683999,2.0308797,3.9672024,0.40493724,2016-07-26,16,0.2,True,100,5,32,True
0.0,0.0,1.3213547,1.3018894,2.5399232,1.4259505,0.0,0.0,0.0,0.4092974,1.5141313,2.527738,2.867896,2.0123923,3.9741862,0.39647105,2016-07-27,16,0.2,True,100,5,32,True
0.0,0.0,1.3505322,1.2787657,2.5199225,1.440067,0.0,0.0,0.0,0.4203649,1.4829171,2.5175533,2.8594153,1.9933968,3.976368,0.38465166,2016-07-28,16,0.2,True,100,5,32,True
0.0,0.0,1.3786579,1.2571962,2.499083,1.4549571,0.0,0.0,0.0,0.4296957,1.4512793,2.5059936,2.8492024,1.9757742,3.9759848,0.37276638,2016-07-29,16,0.2,True,100,5,32,True
0.0,0.0,1.4136146,1.232899,2.4813082,1.4794071,0.0,0.0,0.0,0.43581846,1.4122773,2.4971669,2.8304768,1.9594485,3.9735084,0.3547397,2016-08-01,16,0.2,True,100,5,32,True
0.0,0.0,1.4395921,1.2137536,2.4590745,1.4914163,0.0,0.0,0.0,0.44540736,1.3831258,2.4802442,2.8175735,1.9433031,3.9726906,0.34625334,2016-08-02,16,0.2,True,100,5,32,True
0.0,0.0,1.4693663,1.1902958,2.4363904,1.5067779,0.0,0.0,0.0,0.45514485,1.3519304,2.4639902,2.803741,1.9269607,3.9733727,0.3357365,2016-08-03,16,0.2,True,100,5,32,True
0.0,0.0,1.4965942,1.1687386,2.4149444,1.5237828,0.0,0.0,0.0,0.46163172,1.319015,2.4486897,2.7863955,1.912148,3.9715884,0.32484323,2016-08-04,16,0.2,True,100,5,32,True
0.0,0.0,1.5272845,1.14459,2.3893948,1.547838,0.0,0.0,0.0,0.46926853,1.2820843,2.4306805,2.7628944,1.9001181,3.9698071,0.31197166,2016-08-05,16,0.2,True,100,5,32,True
0.0,0.0,1.566486,1.1122853,2.3550017,1.5795006,0.0,0.0,0.0,0.47765726,1.2311077,2.4088542,2.7263737,1.8821461,3.9598463,0.29026875,2016-08-08,16,0.2,True,100,5,32,True
0.0,0.0,1.5980587,1.0881954,2.3242805,1.603862,0.0,0.0,0.0,0.4832241,1.1874105,2.3877447,2.6948538,1.8636559,3.9465315,0.27176967,2016-08-09,16,0.2,True,100,5,32,True
0.0,0.0,1.6266944,1.0662411,2.29805,1.6219995,0.0,0.0,0.0,0.48951718,1.1525627,2.3682704,2.6710107,1.8460844,3.9359872,0.25646198,2016-08-10,16,0.2,True,100,5,32,True
0.0,0.0,1.6582896,1.0442733,2.2783282,1.6396803,0.0,0.0,0.0,0.49579865,1.1174504,2.3556194,2.6492922,1.8258423,3.9235728,0.23633888,2016-08-11,16,0.2,True,100,5,32,True
0.0,0.0,1.6956989,1.0175601,2.2609432,1.6627817,0.0,0.0,0.0,0.5023062,1.0826709,2.343882,2.6273446,1.807405,3.914788,0.21398592,2016-08-12,16,0.2,True,100,5,32,True
0.0,0.0,1.7138083,1.0087221,2.2540162,1.6627158,0.0,0.0,0.0,0.50911486,1.0700744,2.3345418,2.6225674,1.7923435,3.9090724,0.20527688,2016-08-16,16,0.2,True,100,5,32,True
0.0,0.0,1.729582,1.000593,2.248358,1.657823,0.0,0.0,0.0,0.5172291,1.0625688,2.324852,2.622256,1.7780391,3.9066842,0.20046976,2016-08-17,16,0.2,True,100,5,32,True
0.0,0.0,1.7480485,0.98941314,2.238331,1.6572194,0.0,0.0,0.0,0.5259447,1.0480648,2.3121693,2.612925,1.7630643,3.9019656,0.19355375,2016-08-18,16,0.2,True,100,5,32,True
0.0,0.0,1.7650951,0.9811323,2.2256541,1.6629051,0.0,0.0,0.0,0.53082955,1.0288067,2.2955573,2.5942385,1.750475,3.8923461,0.18575233,2016-08-19,16,0.2,True,100,5,32,True
0.0,0.0,1.7799768,0.97527844,2.2147658,1.6719837,0.0,0.0,0.0,0.5310099,1.0072756,2.2804215,2.5693297,1.7401959,3.8786905,0.17602143,2016-08-22,16,0.2,True,100,5,32,True
0.0,0.0,1.7866513,0.97378135,2.2016702,1.6794509,0.0,0.0,0.0,0.5276484,0.9879998,2.2623756,2.5417287,1.7325568,3.8606439,0.16985375,2016-08-23,16,0.2,True,100,5,32,True
0.0,0.0,1.7905524,0.97276396,2.1855261,1.6851604,0.0,0.0,0.0,0.52649856,0.9727581,2.2413545,2.514148,1.72705,3.8440695,0.16725576,2016-08-24,16,0.2,True,100,5,32,True
0.0,0.0,1.7991147,0.9647263,2.1711495,1.691474,0.0,0.0,0.0,0.5284688,0.9627865,2.2217758,2.4908762,1.723599,3.8355238,0.16550925,2016-08-25,16,0.2,True,100,5,32,True
0.0,0.0,1.8034214,0.9564729,2.1547546,1.6907878,0.0,0.0,0.0,0.5329548,0.9542091,2.203128,2.4702377,1.7189661,3.8291292,0.16724938,2016-08-26,16,0.2,True,100,5,32,True
0.0,0.0,1.8008416,0.9508882,2.1377358,1.6850508,0.0,0.0,0.0,0.53708947,0.95131403,2.1841161,2.455905,1.7155185,3.8246248,0.17452711,2016-08-29,16,0.2,True,100,5,32,True
0.0,0.0,1.8053195,0.94471645,2.126295,1.691037,0.0,0.0,0.0,0.5378298,0.9419633,2.1708198,2.4348786,1.7133135,3.8202972,0.17480397,2016-08-30,16,0.2,True,100,5,32,True
0.0,0.0,1.8060092,0.94309455,2.1108832,1.6958386,0.0,0.0,0.0,0.53936183,0.93111706,2.1537638,2.4096549,1.7103137,3.8122704,0.17631385,2016-08-31,16,0.2,True,100,5,32,True
0.0,0.0,1.8048481,0.94155216,2.0960665,1.6975193,0.0,0.0,0.0,0.5413102,0.9231717,2.1372092,2.386522,1.7071117,3.8042448,0.17874864,2016-09-01,16,0.2,True,100,5,32,True
0.0,0.0,1.7967308,0.9471386,2.0836194,1.6837704,0.0,0.0,0.0,0.5460065,0.9218445,2.1210065,2.3697598,1.7002249,3.7975588,0.18760386,2016-09-02,16,0.2,True,100,5,32,True
0.0,0.0,1.792628,0.9539764,2.0703018,1.676442,0.0,0.0,0.0,0.5523775,0.9182301,2.1028883,2.3470953,1.6961936,3.7908404,0.19424507,2016-09-05,16,0.2,True,100,5,32,True
0.0,0.0,1.7933044,0.9611998,2.060162,1.6705786,0.0,0.0,0.0,0.5600858,0.9137153,2.0875645,2.3238711,1.6917782,3.7847419,0.19779587,2016-09-06,16,0.2,True,100,5,32,True
0.0,0.0,1.7970966,0.9673169,2.049737,1.6686903,0.0,0.0,0.0,0.5692673,0.91017735,2.07095,2.3002024,1.690207,3.7815683,0.20120546,2016-09-07,16,0.2,True,100,5,32,True
0.0,0.0,1.7945465,0.9768155,2.0407026,1.6589016,0.0,0.0,0.0,0.57768875,0.9110192,2.0546322,2.2815807,1.6876167,3.7786374,0.20928544,2016-09-08,16,0.2,True,100,5,32,True
0.0,0.0,1.7890921,0.98721236,2.0328312,1.642774,0.0,0.0,0.0,0.5877451,0.9180065,2.0380256,2.2700226,1.6849129,3.7783656,0.22171119,2016-09-09,16,0.2,True,100,5,32,True
0.0,0.0,1.7834988,0.99444014,2.0258188,1.6252462,0.0,0.0,0.0,0.5962798,0.92071617,2.0248485,2.2582285,1.6791775,3.7773907,0.23288715,2016-09-12,16,0.2,True,100,5,32,True
0.0,0.0,1.7730438,1.0001631,2.0195408,1.6006182,0.0,0.0,0.0,0.6063495,0.9288253,2.0121987,2.253416,1.6746647,3.7825294,0.25116992,2016-09-13,16,0.2,True,100,5,32,True
0.0,0.0,1.7607136,1.0119534,2.019869,1.5810996,0.0,0.0,0.0,0.6124164,0.9336269,2.0066292,2.2446194,1.6737953,3.785269,0.26588476,2016-09-19,16,0.2,True,100,5,32,True
0.0,0.0,1.7476975,1.0235101,2.017144,1.5665674,0.0,0.0,0.0,0.6165455,0.9371266,1.9981767,2.2328045,1.6746136,3.7831774,0.2782936,2016-09-20,16,0.2,True,100,5,32,True
0.0,0.0,1.7349396,1.0364827,2.0167248,1.5523655,0.0,0.0,0.0,0.6191454,0.9427692,1.9915011,2.2244563,1.675225,3.7784946,0.28824604,2016-09-21,16,0.2,True,100,5,32,True
0.0,0.0,1.728373,1.0473974,2.0174296,1.5464363,0.0,0.0,0.0,0.6223074,0.95108384,1.9845705,2.2189596,1.6801254,3.777661,0.2952916,2016-09-22,16,0.2,True,100,5,32,True
0.0,0.0,1.7224756,1.0551593,2.014695,1.5371445,0.0,0.0,0.0,0.6299433,0.96490693,1.9747642,2.2207308,1.6855005,3.781,0.30435073,2016-09-23,16,0.2,True,100,5,32,True
0.0,0.0,1.7133583,1.0629826,2.0141418,1.5193031,0.0,0.0,0.0,0.63811266,0.98001707,1.9695517,2.229567,1.6868124,3.7841213,0.31355098,2016-09-26,16,0.2,True,100,5,32,True
0.0,0.0,1.7092257,1.0689219,2.0158408,1.5055845,0.0,0.0,0.0,0.6465467,0.99261296,1.9665074,2.2376144,1.6882144,3.789048,0.3198088,2016-09-27,16,0.2,True,100,5,32,True
0.0,0.0,1.7039942,1.0793774,2.0143948,1.4953009,0.0,0.0,0.0,0.65393686,1.0006467,1.9604113,2.2402234,1.6892412,3.7881062,0.32397708,2016-09-28,16,0.2,True,100,5,32,True
0.0,0.0,1.7019827,1.0882115,2.017063,1.4866927,0.0,0.0,0.0,0.6592393,1.0074085,1.9582217,2.2443311,1.6895207,3.7881892,0.32563823,2016-09-29,16,0.2,True,100,5,32,True
0.0,0.0,1.702979,1.0993278,2.0181642,1.4844953,0.0,0.0,0.0,0.66428953,1.0095214,1.9538951,2.2420268,1.6912178,3.7861097,0.32476428,2016-09-30,16,0.2,True,100,5,32,True
0.0,0.0,1.7017909,1.1107224,2.0183823,1.4795566,0.0,0.0,0.0,0.667697,1.0081402,1.9489672,2.2353604,1.6905695,3.7802112,0.32386237,2016-10-04,16,0.2,True,100,5,32,True
0.0,0.0,1.7010455,1.118516,2.015663,1.4745806,0.0,0.0,0.0,0.6702842,1.0062563,1.9414135,2.229914,1.6875745,3.7755058,0.32487503,2016-10-05,16,0.2,True,100,5,32,True
0.0,0.0,1.6951303,1.127622,2.0134213,1.4652414,0.0,0.0,0.0,0.6708796,1.0073284,1.9343336,2.2286894,1.6844982,3.771394,0.32945642,2016-10-06,16,0.2,True,100,5,32,True
0.0,0.0,1.692127,1.1324679,2.0090566,1.4542725,0.0,0.0,0.0,0.6735282,1.0092602,1.9242839,2.2271185,1.6791127,3.7690277,0.33496866,2016-10-07,16,0.2,True,100,5,32,True
0.0,0.0,1.6885645,1.140209,2.002533,1.4522723,0.0,0.0,0.0,0.6714373,1.005084,1.9113942,2.2162304,1.6748604,3.7603104,0.3371753,2016-10-10,16,0.2,True,100,5,32,True
0.0,0.0,1.6882575,1.1452954,1.9958632,1.4516951,0.0,0.0,0.0,0.67059237,1.0002102,1.8980846,2.2028136,1.6702367,3.7525988,0.33835033,2016-10-11,16,0.2,True,100,5,32,True
0.0,0.0,1.6928761,1.1456214,1.9905752,1.4530414,0.0,0.0,0.0,0.67015624,0.99055433,1.888001,2.186267,1.663067,3.7462916,0.337106,2016-10-12,16,0.2,True,100,5,32,True
0.0,0.0,1.6948751,1.1497899,1.9846264,1.4544584,0.0,0.0,0.0,0.6680264,0.9780423,1.87747,2.1658301,1.6539327,3.733908,0.3346924,2016-10-13,16,0.2,True,100,5,32,True
0.0,0.0,1.69184,1.155185,1.9792973,1.4548336,0.0,0.0,0.0,0.66191083,0.9643737,1.8674403,2.1425676,1.6445488,3.7186875,0.33436877,2016-10-14,16,0.2,True,100,5,32,True
0.0,0.0,1.6890253,1.159003,1.9694332,1.461262,0.0,0.0,0.0,0.6544347,0.9469686,1.8547062,2.114633,1.6366645,3.7021506,0.33358485,2016-10-17,16,0.2,True,100,5,32,True
0.0,0.0,1.6875545,1.1592436,1.9565535,1.4705175,0.0,0.0,0.0,0.6474665,0.92819786,1.840681,2.085234,1.62922,3.6874483,0.33322892,2016-10-18,16,0.2,True,100,5,32,True
0.0,0.0,1.6915933,1.1549019,1.9416953,1.4856354,0.0,0.0,0.0,0.6415086,0.9051362,1.8267479,2.0529406,1.6210433,3.6746788,0.33011466,2016-10-19,16,0.2,True,100,5,32,True
0.0,0.0,1.6984136,1.1502435,1.927778,1.5019032,0.0,0.0,0.0,0.6378794,0.8826813,1.8138728,2.0214615,1.6134907,3.665675,0.3269151,2016-10-20,16,0.2,True,100,5,32,True
0.0,0.0,1.7051878,1.145438,1.9133016,1.5195096,0.0,0.0,0.0,0.63387215,0.8626839,1.7987161,1.9913052,1.607323,3.6587465,0.32532892,2016-10-21,16,0.2,True,100,5,32,True
0.0,0.0,1.7118568,1.1398313,1.8976967,1.5352483,0.0,0.0,0.0,0.631884,0.8429847,1.7831182,1.9610943,1.6002052,3.6517441,0.32347745,2016-10-24,16,0.2,True,100,5,32,True
0.0,0.0,1.71877,1.1342163,1.8843863,1.5484158,0.0,0.0,0.0,0.63000804,0.8226411,1.769711,1.9313161,1.5904448,3.645162,0.32139447,2016-10-25,16,0.2,True,100,5,32,True
0.0,0.0,1.7267824,1.1298767,1.8700556,1.5601147,0.0,0.0,0.0,0.62779135,0.79642874,1.7574077,1.8964353,1.5775218,3.6353526,0.3185854,2016-10-26,16,0.2,True,100,5,32,True
0.0,0.0,1.7355367,1.125196,1.8584085,1.5711244,0.0,0.0,0.0,0.62238854,0.7658039,1.7501078,1.8576343,1.5633967,3.6216133,0.3138759,2016-10-27,16,0.2,True,100,5,32,True
0.0,0.0,1.7434282,1.1199965,1.8442882,1.5842346,0.0,0.0,0.0,0.61852086,0.7354981,1.7391685,1.81736,1.5502635,3.6067114,0.3087976,2016-10-28,16,0.2,True,100,5,32,True
0.0,0.0,1.7558968,1.1071465,1.8265798,1.6079589,0.0,0.0,0.0,0.61632025,0.70566845,1.7230139,1.7739239,1.540929,3.5941296,0.299953,2016-10-31,16,0.2,True,100,5,32,True
0.0,0.0,1.7583941,1.0975474,1.8062661,1.6182519,0.0,0.0,0.0,0.6157667,0.68358654,1.7034159,1.7364128,1.5309185,3.5811307,0.2983336,2016-11-01,16,0.2,True,100,5,32,True
0.0,0.0,1.7487975,1.0989416,1.7932094,1.6164544,0.0,0.0,0.0,0.6103054,0.6677143,1.6882874,1.6992922,1.5245211,3.5611975,0.30072895,2016-11-02,16,0.2,True,100,5,32,True
0.0,0.0,1.728107,1.1077538,1.7830907,1.6056557,0.0,0.0,0.0,0.59915334,0.6504006,1.6776373,1.655979,1.5196457,3.532677,0.30617195,2016-11-03,16,0.2,True,100,5,32,True
0.0,0.0,1.7006645,1.1172119,1.7778094,1.5915811,0.0,0.0,0.0,0.58959854,0.6423604,1.6685361,1.6174505,1.5204297,3.508015,0.31405798,2016-11-04,16,0.2,True,100,5,32,True
0.0,0.0,1.66859,1.1265316,1.7763398,1.5676187,0.0,0.0,0.0,0.5849867,0.646019,1.6594763,1.5860183,1.5224383,3.4867203,0.32468,2016-11-07,16,0.2,True,100,5,32,True
0.0,0.0,1.6306863,1.1351539,1.771459,1.5425578,0.0,0.0,0.0,0.59079385,0.6679854,1.6397903,1.5656117,1.5323,3.4780781,0.34303904,2016-11-08,16,0.2,True,100,5,32,True
0.0,0.0,1.5942758,1.1494288,1.770281,1.5183578,0.0,0.0,0.0,0.5945121,0.6921325,1.6242557,1.5472647,1.5447153,3.4666767,0.35852534,2016-11-09,16,0.2,True,100,5,32,True
0.0,0.0,1.5504925,1.1731316,1.7751225,1.4820442,0.0,0.0,0.0,0.59310734,0.7183309,1.616279,1.5322355,1.5552998,3.4497905,0.37740862,2016-11-10,16,0.2,True,100,5,32,True
0.0,0.0,1.51522,1.1984147,1.7830195,1.454821,0.0,0.0,0.0,0.58847296,0.7378099,1.6125152,1.5125891,1.56547,3.4304247,0.3897226,2016-11-11,16,0.2,True,100,5,32,True
0.0,0.0,1.4799788,1.2296822,1.7932847,1.4269555,0.0,0.0,0.0,0.58182544,0.75587577,1.6089802,1.4908794,1.5746504,3.4101849,0.40307522,2016-11-14,16,0.2,True,100,5,32,True
0.0,0.0,1.4498162,1.2591484,1.8022432,1.4077615,0.0,0.0,0.0,0.5740397,0.7688212,1.6051666,1.4652286,1.5847361,3.3910897,0.41384906,2016-11-15,16,0.2,True,100,5,32,True
0.0,0.0,1.4222406,1.2900975,1.8184108,1.386548,0.0,0.0,0.0,0.563048,0.7795378,1.6105555,1.4429549,1.5919363,3.3725896,0.42333248,2016-11-16,16,0.2,True,100,5,32,True
0.0,0.0,1.3973334,1.3165365,1.8341793,1.3724072,0.0,0.0,0.0,0.55430096,0.79452705,1.6130989,1.4253117,1.602178,3.3587017,0.43099937,2016-11-17,16,0.2,True,100,5,32,True
0.0,0.0,1.3783679,1.3395374,1.8518115,1.3637339,0.0,0.0,0.0,0.5454793,0.8079653,1.6185869,1.4092631,1.6117849,3.3458276,0.43357375,2016-11-18,16,0.2,True,100,5,32,True
0.0,0.0,1.3484149,1.358504,1.8686944,1.3370705,0.0,0.0,0.0,0.54743785,0.84483343,1.6165247,1.4166934,1.621632,3.3484602,0.44955575,2016-11-21,16,0.2,True,100,5,32,True
0.0,0.0,1.3244299,1.3774909,1.8822833,1.323206,0.0,0.0,0.0,0.54746455,0.87243134,1.615243,1.415586,1.6349763,3.351776,0.46285206,2016-11-22,16,0.2,True,100,5,32,True
0.0,0.0,1.3035102,1.4018091,1.8942099,1.3175855,0.0,0.0,0.0,0.54026514,0.8882433,1.6164224,1.4030377,1.6485466,3.3450649,0.4700653,2016-11-23,16,0.2,True,100,5,32,True
0.0,0.0,1.2801276,1.4265398,1.9059746,1.3020775,0.0,0.0,0.003082688,0.5334544,0.904447,1.6172897,1.391783,1.6571527,3.3383663,0.48025388,2016-11-24,16,0.2,True,100,5,32,True
0.0,0.0,1.2574017,1.4499012,1.918019,1.2853966,0.0,0.0,0.018677842,0.5235185,0.9153099,1.619831,1.3766382,1.662323,3.3287272,0.4891896,2016-11-25,16,0.2,True,100,5,32,True
0.0,0.0,1.2366633,1.4756037,1.933669,1.2705913,0.0,0.0,0.03715775,0.51046747,0.9234648,1.6254216,1.3587487,1.6669734,3.316212,0.49492168,2016-11-28,16,0.2,True,100,5,32,True
0.0,0.0,1.2201675,1.5005319,1.9500288,1.2647301,0.0,0.0,0.05524855,0.4952585,0.9256353,1.6325759,1.3347213,1.6726638,3.3016667,0.49597692,2016-11-29,16,0.2,True,100,5,32,True
0.0,0.0,1.2042723,1.5222741,1.9647235,1.2615677,0.0,0.0,0.06959765,0.48619756,0.93678993,1.6342462,1.3183435,1.6826787,3.2946954,0.4994164,2016-11-30,16,0.2,True,100,5,32,True
0.0,0.0,1.1895969,1.540266,1.976737,1.2595047,0.0,0.0,0.07963404,0.4817926,0.9524206,1.6328471,1.3075023,1.6946276,3.293256,0.5046187,2016-12-01,16,0.2,True,100,5,32,True
0.0,0.0,1.1686504,1.5703745,1.9972342,1.2463362,0.0,0.0,0.09656316,0.4734462,0.9699078,1.636399,1.2929361,1.7049488,3.2852366,0.51151145,2016-12-02,16,0.2,True,100,5,32,True
0.0,0.0,1.1423068,1.6038923,2.0156336,1.2280349,0.0,0.0,0.1149078,0.46517393,0.98428506,1.6399415,1.2699853,1.7160007,3.2728262,0.520593,2016-12-05,16,0.2,True,100,5,32,True
0.0,0.0,1.1093572,1.6387702,2.0303922,1.2075903,0.0,0.0,0.1313195,0.45916444,1.0041686,1.6403314,1.2469015,1.7331737,3.2627707,0.53627944,2016-12-06,16,0.2,True,100,5,32,True
0.0,0.0,1.0768268,1.6745602,2.051408,1.1798024,0.0,0.0,0.15051214,0.45440343,1.0287359,1.6437893,1.229202,1.7471699,3.2558157,0.55375004,2016-12-07,16,0.2,True,100,5,32,True
0.0,0.0,1.0450547,1.7089691,2.074148,1.1491741,0.0,0.0,0.1696484,0.45254233,1.0574243,1.645516,1.2150035,1.759478,3.252415,0.5731199,2016-12-08,16,0.2,True,100,5,32,True
0.0,0.0,1.0201519,1.7446086,2.1030302,1.1234617,0.0,0.0,0.18718344,0.45495233,1.093194,1.6474622,1.2088934,1.7733998,3.2573333,0.5910943,2016-12-09,16,0.2,True,100,5,32,True
0.0,0.0,1.0000572,1.7749288,2.1348228,1.0983156,0.0,0.0,0.20276777,0.4601201,1.1332979,1.6508261,1.2121525,1.7863805,3.2691877,0.608524,2016-12-12,16,0.2,True,100,5,32,True
0.0,0.0,0.98869324,1.8048329,2.168157,1.0791308,0.0,0.0,0.21845296,0.4623836,1.163154,1.6593703,1.2112988,1.7943175,3.2751665,0.6181254,2016-12-13,16,0.2,True,100,5,32,True
0.0,0.0,0.98146397,1.8246446,2.1868098,1.0695963,0.0,0.0,0.22663482,0.46334964,1.1792886,1.6622262,1.2033705,1.79987,3.2712307,0.6195851,2016-12-14,16,0.2,True,100,5,32,True
0.0,0.0,0.9773225,1.8410666,2.2071118,1.0566797,0.0,0.0,0.23689187,0.46310678,1.1924363,1.6669432,1.1986281,1.799175,3.2664382,0.6190063,2016-12-15,16,0.2,True,100,5,32,True
0.0,0.0,0.9802958,1.8570755,2.2328627,1.0499649,0.0,0.0,0.24745688,0.4617083,1.202342,1.6765605,1.1956002,1.7985157,3.2641935,0.6144498,2016-12-16,16,0.2,True,100,5,32,True
0.0,0.0,0.9832456,1.8632835,2.2522635,1.0410975,0.0,0.0,0.25217688,0.47041076,1.2202139,1.6776266,1.2033155,1.7990681,3.2735884,0.61523235,2016-12-19,16,0.2,True,100,5,32,True
0.0,0.0,0.9887785,1.8737284,2.2743788,1.0365299,0.0,0.0,0.2577401,0.47412056,1.2324579,1.6838639,1.2094526,1.7994578,3.2791314,0.61311865,2016-12-20,16,0.2,True,100,5,32,True
0.0,0.0,0.9884864,1.8857824,2.28955,1.0279096,0.0,0.0,0.26236156,0.4802189,1.2466371,1.6854522,1.216296,1.8021481,3.2840006,0.61472857,2016-12-21,16,0.2,True,100,5,32,True
0.0,0.0,0.98929375,1.8976943,2.3024983,1.0183868,0.0,0.0,0.26875573,0.482268,1.2528526,1.6885362,1.2164686,1.7998167,3.2805731,0.6137038,2016-12-22,16,0.2,True,100,5,32,True
0.0,0.0,0.9857482,1.9110467,2.319461,1.001884,0.0,0.0,0.27839664,0.4855484,1.2672889,1.6919379,1.2235118,1.7991852,3.2833922,0.61832076,2016-12-23,16,0.2,True,100,5,32,True
0.0,0.0,0.9823529,1.9230343,2.3371217,0.98469895,0.0,0.0,0.28792414,0.48907772,1.2834365,1.6960309,1.2338104,1.7990394,3.2882442,0.6237516,2016-12-26,16,0.2,True,100,5,32,True
0.0,0.0,0.98163235,1.9366236,2.3547714,0.9725216,0.0,0.0,0.299113,0.48554537,1.2888899,1.7047822,1.2361435,1.7965492,3.28487,0.6241764,2016-12-27,16,0.2,True,100,5,32,True
0.0,0.0,0.98011756,1.9463953,2.364338,0.9644137,0.0,0.0,0.30670846,0.48504493,1.2931329,1.707693,1.2359964,1.7961589,3.2807171,0.6238463,2016-12-28,16,0.2,True,100,5,32,True
0.0,0.0,0.97953576,1.955111,2.3754668,0.96067125,0.0,0.0,0.3128341,0.48253965,1.2987587,1.7106233,1.2359492,1.7982568,3.2780282,0.6230554,2016-12-29,16,0.2,True,100,5,32,True
0.0,0.0,0.9762067,1.9633127,2.3863113,0.9553156,0.0,0.0,0.3158564,0.48596704,1.3166319,1.7077503,1.2437261,1.8056322,3.283747,0.62719786,2017-01-02,16,0.2,True,100,5,32,True
0.0,0.0,0.9820609,1.9643545,2.3875318,0.9676588,0.0,0.0,0.3118613,0.48331407,1.3143057,1.7086556,1.2361195,1.8120234,3.2801666,0.6215741,2017-01-03,16,0.2,True,100,5,32,True
0.0,0.0,0.9818751,1.9681009,2.3875365,0.97427106,0.0,0.0,0.31126386,0.47676548,1.31368,1.7091917,1.2309916,1.8162563,3.2727182,0.61777854,2017-01-04,16,0.2,True,100,5,32,True
0.0,0.0,0.9792263,1.9697713,2.3829985,0.980493,0.0,0.0,0.30801892,0.47568464,1.3224998,1.7006711,1.2329597,1.8231423,3.2735,0.6192646,2017-01-05,16,0.2,True,100,5,32,True
0.0,0.0,0.9820396,1.9676356,2.3755774,0.99365467,0.0,0.0,0.3017141,0.47539702,1.3248063,1.694202,1.2318197,1.8288277,3.2736738,0.6164619,2017-01-06,16,0.2,True,100,5,32,True
0.0,0.0,0.98686546,1.9657099,2.3666184,1.0094184,0.0,0.0,0.29707313,0.46999833,1.3169484,1.692022,1.2247168,1.8297987,3.265537,0.6083509,2017-01-09,16,0.2,True,100,5,32,True
0.0,0.0,0.9901622,1.9644724,2.3543077,1.0271208,0.0,0.0,0.2926227,0.46212387,1.3045481,1.6891037,1.2129532,1.8298002,3.2520797,0.5984663,2017-01-10,16,0.2,True,100,5,32,True
0.0,0.0,0.9946079,1.9645189,2.3413925,1.0493451,0.0,0.0,0.28860432,0.45022216,1.2862648,1.6866418,1.1934404,1.8287013,3.2321854,0.5848233,2017-01-11,16,0.2,True,100,5,32,True
0.0,0.0,1.005316,1.9603336,2.3343046,1.071807,0.0,0.0,0.28552228,0.44000247,1.2675077,1.6871094,1.174463,1.8237846,3.215593,0.5686174,2017-01-12,16,0.2,True,100,5,32,True
0.0,0.0,1.0156085,1.949188,2.3232656,1.0947336,0.0,0.0,0.27815756,0.43665844,1.2558515,1.6805869,1.1625472,1.820913,3.2067025,0.555628,2017-01-13,16,0.2,True,100,5,32,True
0.0,0.0,1.0228825,1.9272857,2.3022175,1.1119554,0.0,0.0,0.26645783,0.436641,1.2431437,1.6691257,1.1558311,1.8123043,3.1960206,0.5435064,2017-01-16,16,0.2,True,100,5,32,True
0.0,0.0,1.032333,1.9082693,2.284396,1.1321764,0.0,0.0,0.25540808,0.43593,1.2307422,1.6582597,1.1494315,1.8044802,3.1863742,0.531465,2017-01-17,16,0.2,True,100,5,32,True
0.0,0.0,1.043083,1.8889248,2.2684283,1.149959,0.0,0.0,0.24558027,0.4347388,1.216512,1.6495852,1.1434002,1.793626,3.176495,0.5193017,2017-01-18,16,0.2,True,100,5,32,True
0.0,0.0,1.0550789,1.8704191,2.2535162,1.1641599,0.0,0.0,0.23771228,0.43384987,1.1992087,1.6421824,1.1358144,1.7785746,3.1646123,0.50697064,2017-01-19,16,0.2,True,100,5,32,True
0.0,0.0,1.0619775,1.8512572,2.2347648,1.1774045,0.0,0.0,0.22610709,0.43795472,1.1910404,1.6270714,1.1325114,1.7688552,3.1576233,0.49908307,2017-01-20,16,0.2,True,100,5,32,True
0.0,0.0,1.0683736,1.8372082,2.2233324,1.184944,0.0,0.0,0.21984406,0.43965757,1.1817933,1.6198469,1.1298727,1.7587657,3.1500247,0.49358875,2017-01-23,16,0.2,True,100,5,32,True
0.0,0.0,1.0738417,1.8243197,2.209649,1.1960258,0.0,0.0,0.21125685,0.4407092,1.1728694,1.609459,1.1231139,1.7511638,3.1402385,0.48605564,2017-01-24,16,0.2,True,100,5,32,True
0.0,0.0,1.0742853,1.8148509,2.1936147,1.2050312,0.0,0.0,0.20316295,0.44119272,1.1661526,1.5970485,1.115769,1.7461191,3.129612,0.4809143,2017-01-25,16,0.2,True,100,5,32,True
0.0,0.0,1.0748948,1.8107717,2.1880267,1.2070423,0.0,0.0,0.20131831,0.44132516,1.1646557,1.5895431,1.111072,1.7409706,3.124255,0.48007438,2017-01-26,16,0.2,True,100,5,32,True
0.0,0.0,1.0739065,1.8040831,2.17318,1.2126036,0.0,0.0,0.1935924,0.44601524,1.1647936,1.573722,1.1047035,1.7383264,3.1200268,0.47933084,2017-01-31,16,0.2,True,100,5,32,True
0.0,0.0,1.0739971,1.8024386,2.1638417,1.2117164,0.0,0.0,0.19150363,0.44947705,1.1609875,1.5642877,1.097262,1.7331547,3.1145434,0.48155794,2017-02-01,16,0.2,True,100,5,32,True
0.0,0.0,1.0842346,1.8053442,2.1557577,1.2202111,0.0,0.0,0.18708985,0.4546783,1.150848,1.5547832,1.0800604,1.7274678,3.1059482,0.47704992,2017-02-02,16,0.2,True,100,5,32,True
0.0,0.0,1.0885073,1.8134941,2.1577575,1.2016923,0.0,0.0,0.19335574,0.46462604,1.1524007,1.5478039,1.0746968,1.7154638,3.1007671,0.48187542,2017-02-03,16,0.2,True,100,5,32,True
0.0,0.0,1.088179,1.8228743,2.160382,1.1758087,0.0,0.0,0.19781028,0.48458806,1.1716185,1.5313057,1.0783256,1.7089701,3.108356,0.49416614,2017-02-06,16,0.2,True,100,5,32,True
0.0,0.0,1.0907665,1.8369809,2.1673281,1.1446267,0.0,0.0,0.20733435,0.5020186,1.1848472,1.5195606,1.0799661,1.6972015,3.1108935,0.5069397,2017-02-07,16,0.2,True,100,5,32,True
0.0,0.0,1.0952307,1.8510978,2.1741724,1.1147667,0.0,0.0,0.21625258,0.52024627,1.1963321,1.5075693,1.0791633,1.6866157,3.1149561,0.51935846,2017-02-08,16,0.2,True,100,5,32,True
0.0,0.0,1.099609,1.8679063,2.179452,1.0879704,0.0,0.0,0.22486815,0.536566,1.2051508,1.4943438,1.0739001,1.6786072,3.1178086,0.53187954,2017-02-09,16,0.2,True,100,5,32,True
0.0,0.0,1.1009887,1.8883923,2.1859686,1.0562867,0.0,0.0,0.23717487,0.5500382,1.2130495,1.4817883,1.0668148,1.6696268,3.1185894,0.54592776,2017-02-10,16,0.2,True,100,5,32,True
0.0,0.0,1.1072549,1.9084593,2.1967568,1.0297484,0.0,0.0,0.24975057,0.56394917,1.2202104,1.4720203,1.059296,1.6623601,3.123235,0.558073,2017-02-13,16,0.2,True,100,5,32,True
0.0,0.0,1.1173745,1.9224052,2.2051215,1.0076165,0.0,0.0,0.26009127,0.57603085,1.2220278,1.4625691,1.0524687,1.6520718,3.1271143,0.5665489,2017-02-14,16,0.2,True,100,5,32,True
0.0,0.0,1.1296982,1.9316912,2.2119892,0.9899806,0.0,0.0,0.2677088,0.5883345,1.2218921,1.4528437,1.046336,1.6421661,3.1320314,0.57285404,2017-02-15,16,0.2,True,100,5,32,True
0.0,0.0,1.1411486,1.9515774,2.230534,0.9682027,0.0,0.0,0.28374314,0.5947446,1.2216774,1.4527915,1.040417,1.6314148,3.132376,0.5756457,2017-02-16,16,0.2,True,100,5,32,True
0.0,0.0,1.1498643,1.9682683,2.2494411,0.9465057,0.0,0.0,0.29860336,0.601875,1.2262616,1.4517034,1.037553,1.6232691,3.133955,0.5786159,2017-02-17,16,0.2,True,100,5,32,True
0.0023442432,0.0,1.1569289,1.9814507,2.268311,0.9247856,0.0,0.0,0.3116994,0.60971344,1.2341337,1.4507233,1.038279,1.6165687,3.1364949,0.5817489,2017-02-20,16,0.2,True,100,5,32,True
0.0058712214,0.0,1.1659867,1.9949921,2.2884388,0.908065,0.0,0.0,0.32585466,0.61408156,1.238853,1.4516441,1.0372798,1.6100212,3.1377053,0.5830528,2017-02-21,16,0.2,True,100,5,32,True
0.0047937185,0.0,1.1719179,2.0067523,2.3049595,0.89207405,0.0,0.0,0.3383429,0.62050116,1.2482125,1.448577,1.0402572,1.60598,3.141883,0.5864954,2017-02-22,16,0.2,True,100,5,32,True
0.0017218962,0.0,1.1793612,2.015688,2.316393,0.8842513,0.0,0.0,0.34761998,0.62442434,1.2511079,1.4458822,1.0397547,1.6030775,3.1447418,0.5880578,2017-02-23,16,0.2,True,100,5,32,True
0.0,0.0,1.1828173,2.0211504,2.3286932,0.86447525,0.0,0.0,0.35908392,0.6307747,1.2596226,1.4445616,1.0478344,1.5958033,3.1515658,0.5933361,2017-02-24,16,0.2,True,100,5,32,True
0.0,0.0,1.1869328,2.0228293,2.3397775,0.8472952,0.0,0.0,0.36904547,0.63760597,1.2659589,1.4456828,1.0572871,1.5890048,3.1603212,0.59827924,2017-02-27,16,0.2,True,100,5,32,True
0.0,0.0,1.1935112,2.02338,2.358144,0.8319321,0.0,0.0,0.38007143,0.6425383,1.2747387,1.4519892,1.0722219,1.5831805,3.173758,0.60275024,2017-02-28,16,0.2,True,100,5,32,True
0.0,0.0,1.1977587,2.024373,2.3739882,0.8164265,0.0,0.0,0.3899493,0.64937276,1.2846955,1.456462,1.0877666,1.5791372,3.1878755,0.6089019,2017-03-02,16,0.2,True,100,5,32,True
0.0,0.0,1.2038188,2.0225315,2.3794706,0.7987819,0.0,0.0,0.39820507,0.65801716,1.288917,1.4556844,1.1007447,1.5700669,3.2032712,0.6178871,2017-03-03,16,0.2,True,100,5,32,True
0.0,0.0,1.2118272,2.019616,2.377678,0.78119844,0.0,0.0,0.40657154,0.6669428,1.2834194,1.4536849,1.106174,1.5574002,3.2190351,0.62934947,2017-03-06,16,0.2,True,100,5,32,True
0.0,0.0,1.2200825,2.0139818,2.363236,0.7731645,0.0,0.0,0.40868297,0.67773414,1.2735007,1.4423555,1.1055402,1.54882,3.2355187,0.64222515,2017-03-07,16,0.2,True,100,5,32,True
0.0,0.0,1.2336985,2.0081642,2.3510551,0.76836646,0.0,0.0,0.4100726,0.68817544,1.2613884,1.4324175,1.1035216,1.5385337,3.2525759,0.6517677,2017-03-08,16,0.2,True,100,5,32,True
0.0,0.0,1.2461829,2.002952,2.3346164,0.7597976,0.0,0.0,0.4115466,0.70163333,1.2490615,1.4185605,1.1013981,1.5263371,3.2707293,0.6638521,2017-03-09,16,0.2,True,100,5,32,True
0.0,0.0,1.2585869,1.9958556,2.3137872,0.752479,0.0,0.0,0.41045025,0.71510553,1.2345402,1.4024999,1.0986152,1.5136807,3.2871583,0.6747342,2017-03-10,16,0.2,True,100,5,32,True
0.0,0.0,1.2720896,1.9890373,2.291487,0.7466045,0.0,0.0,0.40910152,0.7281922,1.2162739,1.3868574,1.0927907,1.5000991,3.3009362,0.68375534,2017-03-13,16,0.2,True,100,5,32,True
0.0,0.0,1.287951,1.9772984,2.2640111,0.74313843,0.0,0.0,0.4042614,0.7426103,1.1943848,1.368753,1.0862327,1.4837202,3.3112998,0.6888243,2017-03-14,16,0.2,True,100,5,32,True
0.0,0.0,1.3090187,1.9678434,2.2405553,0.74520344,0.0,0.0,0.39918742,0.7556088,1.1713486,1.3525014,1.0789965,1.4678265,3.3208604,0.68958485,2017-03-15,16,0.2,True,100,5,32,True
0.0,0.0,1.3281827,1.9545691,2.2116354,0.7426729,0.0,0.0,0.392782,0.77402973,1.150597,1.3315668,1.0757409,1.4509532,3.334989,0.69457066,2017-03-16,16,0.2,True,100,5,32,True
0.0,0.0,1.3525958,1.9417201,2.1839,0.748575,0.0,0.0,0.38424292,0.78974026,1.1253865,1.3134726,1.0708203,1.4350765,3.347812,0.6948364,2017-03-17,16,0.2,True,100,5,32,True
0.0,0.0,1.3838627,1.9240001,2.1522133,0.76271546,0.0,0.0,0.37050015,0.80925494,1.0976182,1.2908655,1.0629071,1.4190296,3.3585477,0.6894379,2017-03-20,16,0.2,True,100,5,32,True
0.0,0.0,1.416937,1.9028832,2.12606,0.77515966,0.0,0.0,0.35818213,0.825473,1.0679427,1.2750171,1.056783,1.3997704,3.366805,0.680306,2017-03-21,16,0.2,True,100,5,32,True
0.0,0.0,1.4472835,1.8847704,2.0992906,0.7867547,0.0,0.0,0.34653616,0.84010005,1.0386862,1.2589751,1.0505308,1.3818623,3.3691933,0.6694781,2017-03-22,16,0.2,True,100,5,32,True
0.0,0.0,1.4747554,1.8642318,2.0766027,0.7936093,0.0,0.0,0.33709309,0.85421973,1.0118667,1.2469997,1.04806,1.364311,3.3733823,0.66043466,2017-03-23,16,0.2,True,100,5,32,True
0.0,0.0,1.4970737,1.8380938,2.0515792,0.7951727,0.0,0.0,0.3274664,0.87072,0.99039316,1.2323588,1.0538895,1.3474153,3.3836362,0.65749586,2017-03-24,16,0.2,True,100,5,32,True
0.0,0.0,1.5191509,1.8130884,2.025595,0.7997538,0.0,0.0,0.3167633,0.88529265,0.96644086,1.2181059,1.0580728,1.3314013,3.390099,0.65270275,2017-03-27,16,0.2,True,100,5,32,True
0.0,0.0,1.5390655,1.7886431,2.0060809,0.7961844,0.0,0.0,0.30912298,0.8969568,0.9436545,1.2121214,1.065439,1.31195,3.3927312,0.6472482,2017-03-28,16,0.2,True,100,5,32,True
0.0,0.0,1.5573906,1.7663256,1.9868935,0.7963622,0.0,0.0,0.30153874,0.90483725,0.91819656,1.2070489,1.0695055,1.2942166,3.3891823,0.6386433,2017-03-29,16,0.2,True,100,5,32,True
0.0,0.0,1.5760621,1.7457807,1.9709707,0.7991565,0.0,0.0,0.2945391,0.90891474,0.8908209,1.2047744,1.0701218,1.2762841,3.378813,0.62510186,2017-03-30,16,0.2,True,100,5,32,True
0.0,0.0,1.5905403,1.7263726,1.9525352,0.80065477,0.0,0.0,0.28648585,0.91511893,0.870252,1.196915,1.0732583,1.261082,3.3687768,0.6140197,2017-03-31,16,0.2,True,100,5,32,True
0.0,0.0,1.605793,1.7020348,1.9324722,0.8063686,0.0,0.0,0.27480927,0.9197227,0.848903,1.1887025,1.0740246,1.246353,3.3546445,0.59964633,2017-04-03,16,0.2,True,100,5,32,True
0.0,0.0,1.6199905,1.6777205,1.908575,0.8130088,0.0,0.0,0.25959498,0.93001944,0.83614576,1.1742723,1.0790393,1.2351055,3.346419,0.5893972,2017-04-04,16,0.2,True,100,5,32,True
0.0,0.0,1.6301218,1.6622952,1.8918352,0.805948,0.0,0.0,0.2533956,0.9345336,0.82034254,1.1670063,1.0791413,1.2168242,3.3299003,0.5790949,2017-04-05,16,0.2,True,100,5,32,True
0.0,0.0,1.6407744,1.6484965,1.8785537,0.8006539,0.0,0.0,0.24814945,0.9387104,0.80646914,1.160049,1.0779707,1.2008517,3.3162062,0.56998956,2017-04-06,16,0.2,True,100,5,32,True
0.0,0.0,1.6472758,1.6380692,1.8686892,0.7886479,0.0,0.0,0.24653745,0.9422082,0.7961409,1.1540828,1.0779344,1.1850995,3.3047469,0.56515807,2017-04-07,16,0.2,True,100,5,32,True
0.0,0.0,1.6551627,1.6254987,1.8555098,0.7815458,0.0,0.0,0.24230766,0.94539946,0.7818694,1.1463559,1.0715518,1.1706246,3.2917876,0.5591781,2017-04-10,16,0.2,True,100,5,32,True
0.0,0.0,1.6578484,1.6159787,1.8445376,0.77185583,0.0,0.0,0.2400408,0.94680846,0.7721214,1.1378063,1.0649776,1.1598697,3.2803516,0.5570366,2017-04-11,16,0.2,True,100,5,32,True
0.0,0.0,1.6587256,1.6071126,1.8313503,0.7681795,0.0,0.0,0.23787202,0.9424041,0.75580937,1.1288583,1.0487376,1.1507479,3.261966,0.55217355,2017-04-12,16,0.2,True,100,5,32,True
0.0,0.0,1.6586951,1.6015731,1.8231175,0.7662925,0.0,0.0,0.23656526,0.93538815,0.74162614,1.1237302,1.0323541,1.1444814,3.2437146,0.5462042,2017-04-13,16,0.2,True,100,5,32,True
0.0,0.0,1.6558785,1.6025163,1.8224092,0.76028913,0.0,0.0,0.23669375,0.9356019,0.74562603,1.118893,1.0293665,1.146074,3.2407205,0.5479862,2017-04-14,16,0.2,True,100,5,32,True
0.0,0.0,1.6496072,1.6035404,1.8227905,0.7467325,0.0,0.0,0.23719239,0.9384431,0.7572151,1.1136619,1.0335901,1.1466304,3.2411668,0.55386275,2017-04-17,16,0.2,True,100,5,32,True
0.0,0.0,1.6421529,1.6051952,1.8234286,0.7317048,0.0,0.0,0.2361099,0.94574505,0.7770039,1.1060475,1.0460203,1.1495689,3.248095,0.56304103,2017-04-18,16,0.2,True,100,5,32,True
0.0,0.0,1.6379248,1.6095148,1.8221844,0.72046334,0.0,0.0,0.23351826,0.95323455,0.7913093,1.0995215,1.0551841,1.152039,3.2535927,0.5699905,2017-04-19,16,0.2,True,100,5,32,True
0.0,0.0,1.6339622,1.6158901,1.8200182,0.70996964,0.0,0.0,0.23051597,0.96134526,0.80447376,1.092797,1.0643557,1.1548556,3.2590988,0.57690144,2017-04-20,16,0.2,True,100,5,32,True
0.0,0.0,1.6336656,1.6241838,1.8213419,0.70112985,0.0,0.0,0.22859834,0.96737134,0.8148799,1.0897453,1.0729121,1.1556884,3.2608967,0.5791389,2017-04-21,16,0.2,True,100,5,32,True
0.0,0.0,1.6344875,1.6329119,1.8223248,0.6934416,0.0,0.0,0.22572672,0.9768573,0.8294115,1.0837865,1.0848498,1.1581556,3.2657769,0.58221304,2017-04-24,16,0.2,True,100,5,32,True
0.0,0.0,1.6410939,1.643685,1.8250612,0.69034487,0.0,0.0,0.22342895,0.98525596,0.8377414,1.0803943,1.0927233,1.1586442,3.269045,0.5813293,2017-04-25,16,0.2,True,100,5,32,True
0.0,0.0,1.6477909,1.6528364,1.8240647,0.6871619,0.0,0.0,0.21821071,0.9997732,0.8541855,1.0697473,1.1070106,1.1611148,3.2774816,0.5830759,2017-04-26,16,0.2,True,100,5,32,True
0.0,0.0,1.6615855,1.6632713,1.827028,0.68882215,0.0,0.0,0.21331865,1.0133455,0.86721295,1.0618283,1.1182318,1.1615758,3.28332,0.57976717,2017-04-27,16,0.2,True,100,5,32,True
0.0,0.0,1.6741469,1.6760113,1.8340987,0.6838086,0.0,0.0,0.21195163,1.0260302,0.8808825,1.0573243,1.1324081,1.158439,3.2865438,0.576106,2017-04-28,16,0.2,True,100,5,32,True
0.0,0.0,1.6882458,1.6868867,1.8395635,0.68471706,0.0,0.0,0.20920922,1.0384054,0.8917453,1.0510391,1.1427401,1.1577941,3.2906148,0.572645,2017-05-02,16,0.2,True,100,5,32,True
0.0,0.0,1.7149248,1.6897696,1.8372109,0.6978151,0.0,0.0,0.20395455,1.0508112,0.8889515,1.0402759,1.1443957,1.1493759,3.2926018,0.5646271,2017-05-04,16,0.2,True,100,5,32,True
0.0,0.0,1.7498364,1.6909444,1.8347245,0.71540123,0.0,0.0,0.19907196,1.0652571,0.8838142,1.0274748,1.1457711,1.1361066,3.2947233,0.5532159,2017-05-08,16,0.2,True,100,5,32,True
0.0,0.0,1.7986887,1.6874672,1.833003,0.7438106,0.0,0.0,0.19180554,1.0815923,0.87108713,1.0154526,1.1439917,1.1164097,3.2933004,0.53237516,2017-05-10,16,0.2,True,100,5,32,True
0.0,0.0,1.8501037,1.6819199,1.83555,0.7693935,0.0,0.0,0.18616706,1.1012589,0.86363715,1.003383,1.1481363,1.0942674,3.2960794,0.5124169,2017-05-11,16,0.2,True,100,5,32,True
0.0,0.0,1.9045242,1.6783694,1.842129,0.7913466,0.0,0.0,0.18216428,1.1248785,0.86103517,0.9909704,1.1587389,1.0693982,3.3000212,0.4921134,2017-05-12,16,0.2,True,100,5,32,True
0.0,0.0,1.9614171,1.6723621,1.8465971,0.81502014,0.0,0.0,0.17784877,1.1502854,0.8539486,0.97621995,1.1658742,1.042239,3.3017573,0.47163942,2017-05-15,16,0.2,True,100,5,32,True
0.0,0.0,2.0171897,1.668062,1.8523891,0.83834136,0.0,0.0,0.17492287,1.1760845,0.84888095,0.95984715,1.1753339,1.0161886,3.3048348,0.4534361,2017-05-16,16,0.2,True,100,5,32,True
0.0,0.0,2.0715225,1.661006,1.853766,0.860695,0.0,0.0,0.17079942,1.2063422,0.846264,0.9387165,1.1868382,0.9917591,3.3134105,0.44056875,2017-05-17,16,0.2,True,100,5,32,True
0.0,0.0,2.1267285,1.6552396,1.8602093,0.88222873,0.0,0.0,0.16879514,1.2301836,0.83584833,0.92636144,1.194615,0.9646139,3.3159833,0.42430872,2017-05-18,16,0.2,True,100,5,32,True
0.0,0.0,2.1765304,1.648246,1.866469,0.8965841,0.0,0.0,0.16787389,1.2546973,0.82754934,0.9149582,1.2047145,0.9378697,3.3194864,0.41182742,2017-05-19,16,0.2,True,100,5,32,True
0.0,0.0,2.2222114,1.6386584,1.872893,0.9076147,0.0,0.0,0.1672131,1.2785492,0.821071,0.90489346,1.2173169,0.91216975,3.3235767,0.40168655,2017-05-22,16,0.2,True,100,5,32,True
0.0,0.0,2.2635264,1.629537,1.8714373,0.9176154,0.0,0.0,0.16359925,1.3064574,0.81742555,0.8863728,1.2310866,0.88966084,3.3268828,0.39514008,2017-05-23,16,0.2,True,100,5,32,True
0.0,0.0,2.3067064,1.6219562,1.8759551,0.9299153,0.0,0.0,0.16127242,1.3299253,0.8115157,0.8721357,1.2439263,0.8670484,3.3279383,0.38545355,2017-05-24,16,0.2,True,100,5,32,True
0.0,0.0,2.348597,1.6142348,1.8812083,0.9406941,0.0,0.0,0.15901104,1.3527074,0.80600256,0.85789484,1.2581338,0.84473246,3.328113,0.37541533,2017-05-25,16,0.2,True,100,5,32,True
0.0,0.0,2.390379,1.6072545,1.8878529,0.9529718,0.0,0.0,0.15648296,1.3754336,0.80211544,0.84363925,1.2741978,0.82438076,3.3306425,0.36532137,2017-05-26,16,0.2,True,100,5,32,True
0.0,0.0,2.4307802,1.5982349,1.8931915,0.96180815,0.0,0.0,0.15367027,1.3992931,0.8003337,0.8261773,1.2933211,0.8015416,3.331869,0.35466397,2017-05-29,16,0.2,True,100,5,32,True
0.0,0.0,2.46886,1.5942768,1.9029168,0.9660014,0.0,0.0,0.15377988,1.420706,0.79937434,0.81235147,1.3122063,0.7784541,3.3304756,0.34339994,2017-05-30,16,0.2,True,100,5,32,True
0.0,0.0,2.5065997,1.5888375,1.9103854,0.9739854,0.0,0.0,0.15203385,1.4400694,0.794349,0.79900914,1.3276428,0.7562903,3.3259046,0.33026773,2017-05-31,16,0.2,True,100,5,32,True
0.0,0.0,2.5450993,1.5823753,1.9206679,0.98500955,0.0,0.0,0.15089005,1.455786,0.78472716,0.79040945,1.339625,0.7342401,3.320008,0.3144542,2017-06-01,16,0.2,True,100,5,32,True
0.0,0.0,2.5751214,1.5738741,1.9263308,0.9884807,0.0,0.0,0.14659767,1.4774561,0.7885771,0.7751103,1.3599923,0.71772385,3.3182194,0.30378327,2017-06-02,16,0.2,True,100,5,32,True
0.0,0.0,2.6041858,1.5717961,1.9354578,0.9909728,0.0,0.0,0.14328755,1.4989117,0.79387784,0.76297385,1.3794869,0.70430315,3.318169,0.29442683,2017-06-05,16,0.2,True,100,5,32,True
0.0,0.0,2.6290855,1.5769596,1.9480871,0.98502374,0.0,0.0,0.14360316,1.5192149,0.8017324,0.75317,1.3984659,0.69064426,3.3154736,0.28641725,2017-06-07,16,0.2,True,100,5,32,True
0.0,0.0,2.650041,1.5837033,1.9618857,0.97380185,0.0,0.0,0.14535931,1.5399182,0.81392825,0.7427878,1.4187558,0.67829114,3.31506,0.2819017,2017-06-08,16,0.2,True,100,5,32,True
0.0,0.0,2.6663554,1.5892156,1.9712752,0.9601259,0.0,0.0,0.14460362,1.5628457,0.8318732,0.7279452,1.4425142,0.6696489,3.3189995,0.2819188,2017-06-09,16,0.2,True,100,5,32,True
0.0,0.0,2.6826072,1.59414,1.980536,0.94457096,0.0,0.0,0.14108516,1.5888926,0.85635084,0.71076804,1.4707565,0.6619286,3.3273518,0.2824713,2017-06-12,16,0.2,True,100,5,32,True
0.0,0.0,2.6958916,1.6057669,1.9915915,0.9193742,0.0,0.0,0.13941976,1.6151887,0.8851983,0.6944326,1.502654,0.6546838,3.3370426,0.28721118,2017-06-13,16,0.2,True,100,5,32,True
0.0,0.0,2.7117507,1.6174604,2.0036013,0.90053385,0.0,0.0,0.1368609,1.6377404,0.90593183,0.68204373,1.5277836,0.64733344,3.3432608,0.28744528,2017-06-14,16,0.2,True,100,5,32,True
0.0,0.0,2.7261167,1.6345127,2.0128615,0.8832287,0.0,0.0,0.13480389,1.6611722,0.9257305,0.66782135,1.5491388,0.64238405,3.3479137,0.28886706,2017-06-15,16,0.2,True,100,5,32,True
0.0,0.0,2.7377622,1.65039,2.0176332,0.86477536,0.0,0.0,0.13119881,1.6843636,0.94654536,0.6509096,1.5685737,0.64006126,3.3531923,0.29371873,2017-06-16,16,0.2,True,100,5,32,True
0.0,0.0,2.7456234,1.6661065,2.0237968,0.84071666,0.0,0.0,0.13037673,1.7052703,0.9693099,0.63475764,1.5897237,0.6363443,3.3570373,0.2998906,2017-06-19,16,0.2,True,100,5,32,True
0.0,0.0,2.7472236,1.6910543,2.0314436,0.81638396,0.0,0.0,0.1343578,1.7254429,0.99269676,0.6213556,1.6082698,0.6378086,3.3628838,0.3102723,2017-06-20,16,0.2,True,100,5,32,True
0.0,0.0,2.7444117,1.7157613,2.0346243,0.7920978,0.0,0.0,0.13859193,1.7441748,1.0121821,0.60600585,1.6190416,0.64060444,3.3656547,0.32185557,2017-06-21,16,0.2,True,100,5,32,True
0.0,0.0,2.736844,1.7418805,2.038526,0.76117617,0.0,0.0,0.1444403,1.7628661,1.0361261,0.59166425,1.6326226,0.6454201,3.371085,0.3375459,2017-06-22,16,0.2,True,100,5,32,True
0.0,0.0,2.7315924,1.7621409,2.0371256,0.7367823,0.0,0.0,0.14558513,1.78041,1.0556468,0.5755649,1.6413777,0.65116405,3.376417,0.35202557,2017-06-23,16,0.2,True,100,5,32,True
0.0,0.0,2.7295356,1.7835454,2.033094,0.71880543,0.0,0.0,0.14465407,1.7995453,1.0725842,0.55879134,1.6474684,0.65704834,3.380264,0.36316806,2017-06-26,16,0.2,True,100,5,32,True
0.0,0.0,2.7295427,1.8048034,2.0255306,0.70362306,0.0,0.0,0.14166458,1.820894,1.0902675,0.5389341,1.6525131,0.6634934,3.384266,0.3745343,2017-06-27,16,0.2,True,100,5,32,True
0.0,0.0,2.729563,1.8263593,2.0176864,0.69052875,0.0,0.0,0.14024031,1.8411642,1.1041342,0.51971334,1.6545337,0.66791743,3.385543,0.38350722,2017-06-28,16,0.2,True,100,5,32,True
0.0,0.0,2.729034,1.8455261,2.0121424,0.6706361,0.0,0.0,0.13935198,1.8620703,1.1235962,0.5001195,1.6618416,0.6707122,3.3916485,0.3961296,2017-06-29,16,0.2,True,100,5,32,True
0.0,0.0,2.7288043,1.8697426,2.0034058,0.65137863,0.0,0.0,0.13885887,1.8873265,1.1422788,0.47555968,1.6673119,0.67285824,3.397878,0.40989944,2017-06-30,16,0.2,True,100,5,32,True
0.0,0.0,2.732047,1.8895432,1.9949771,0.6350755,0.0,0.0,0.13660277,1.9121354,1.1591406,0.45058852,1.670968,0.6746606,3.406214,0.42337972,2017-07-03,16,0.2,True,100,5,32,True
0.0,0.0,2.7341347,1.9093717,1.9887942,0.6214429,0.0,0.0,0.1360043,1.9339693,1.1729994,0.4280998,1.6732715,0.67733425,3.4154177,0.43817922,2017-07-04,16,0.2,True,100,5,32,True
0.0,0.0,2.73507,1.9276004,1.9803503,0.61359257,0.0,0.0,0.13544057,1.9524165,1.1810715,0.40621683,1.6708325,0.68037975,3.42189,0.452463,2017-07-05,16,0.2,True,100,5,32,True
0.0,0.0,2.732808,1.9452543,1.9692684,0.6017716,0.0,0.0,0.13383836,1.9719801,1.1926535,0.38258752,1.6714042,0.6842612,3.429219,0.469144,2017-07-06,16,0.2,True,100,5,32,True
0.0,0.0,2.7309682,1.9620817,1.958995,0.58940524,0.0,0.0,0.13161579,1.9913865,1.205492,0.36011797,1.6722708,0.6873337,3.4352353,0.48412564,2017-07-07,16,0.2,True,100,5,32,True
0.0,0.0,2.7273326,1.9788306,1.9488456,0.5788049,0.0,0.0,0.12978762,2.0087132,1.2158755,0.33963934,1.6721327,0.6906853,3.4394276,0.49802336,2017-07-10,16,0.2,True,100,5,32,True
0.0,0.0,2.7226596,1.994599,1.9399704,0.56510794,0.0,0.0,0.12866391,2.0258079,1.2280911,0.3194205,1.6719656,0.69386405,3.4455376,0.5136834,2017-07-11,16,0.2,True,100,5,32,True
0.0,0.0,2.7173142,2.0124764,1.9289844,0.5503538,0.0,0.0,0.12796672,2.0452385,1.2401122,0.2963851,1.6709865,0.6955472,3.449989,0.52914375,2017-07-12,16,0.2,True,100,5,32,True
0.0,0.0,2.7113569,2.030041,1.9177188,0.5367127,0.0,0.0,0.1284141,2.0637345,1.2504907,0.27304634,1.6671063,0.6971937,3.4528706,0.5446199,2017-07-13,16,0.2,True,100,5,32,True
0.0,0.0,2.7079866,2.0472176,1.9053106,0.5266734,0.0,0.0,0.12627147,2.0836494,1.2621605,0.24936852,1.663048,0.7013421,3.4582286,0.5603454,2017-07-14,16,0.2,True,100,5,32,True
0.0,0.0,2.7097476,2.0537796,1.8902689,0.5207546,0.0,0.0,0.11987955,2.1011317,1.2669252,0.22442368,1.6548996,0.7008434,3.4607558,0.5705459,2017-07-17,16,0.2,True,100,5,32,True
0.0,0.0,2.7081475,2.06567,1.8767526,0.5044418,0.0,0.0,0.11399368,2.1234107,1.284374,0.19846332,1.6595602,0.70214266,3.4684262,0.5849079,2017-07-18,16,0.2,True,100,5,32,True
0.0,0.0,2.7089968,2.0788195,1.8621366,0.4923139,0.0,0.0,0.106830284,2.1466572,1.2980547,0.17193775,1.6611831,0.7027022,3.4732685,0.59541523,2017-07-19,16,0.2,True,100,5,32,True
0.0,0.0,2.7117202,2.0880961,1.8487679,0.48154235,0.0,0.0,0.09874297,2.1683707,1.3104404,0.14694881,1.6641998,0.7023013,3.4786582,0.60425,2017-07-20,16,0.2,True,100,5,32,True
0.0,0.0,2.717225,2.095171,1.8371885,0.47337428,0.0,0.0,0.09059168,2.1890275,1.3202482,0.123891786,1.6689465,0.69980145,3.4839036,0.6101545,2017-07-21,16,0.2,True,100,5,32,True
0.0,0.0,2.725373,2.099281,1.8263739,0.4637153,0.0,0.0,0.08076851,2.2121503,1.3338768,0.100417726,1.6805841,0.69809514,3.4971206,0.61884403,2017-07-24,16,0.2,True,100,5,32,True
0.0,0.0,2.735604,2.1037893,1.8145107,0.45375597,0.0,0.0,0.07038607,2.238026,1.3467844,0.07472013,1.6955185,0.6945903,3.5121086,0.6270384,2017-07-25,16,0.2,True,100,5,32,True
0.0,0.0,2.7447689,2.1157885,1.8092986,0.44133946,0.0,0.0,0.06591542,2.2641056,1.3606282,0.052969523,1.7138764,0.6906884,3.528079,0.63569695,2017-07-26,16,0.2,True,100,5,32,True
0.0,0.0,2.7537396,2.127098,1.8048675,0.43212122,0.0,0.0,0.06255576,2.2871678,1.3693105,0.0339744,1.7300849,0.6857553,3.540946,0.64168966,2017-07-27,16,0.2,True,100,5,32,True
0.0,0.0,2.7674596,2.1337175,1.7998519,0.43050295,0.0,0.0,0.058086373,2.3076549,1.3698775,0.016398134,1.7409651,0.6780685,3.5500414,0.64284235,2017-07-28,16,0.2,True,100,5,32,True
0.0,0.0,2.7783701,2.1364717,1.7938131,0.42659453,0.0,0.0,0.05313327,2.326133,1.3718077,0.0,1.7535335,0.6728994,3.5618458,0.64781046,2017-07-31,16,0.2,True,100,5,32,True
0.0,0.0,2.7868655,2.1426113,1.7873329,0.42393106,0.0,0.0,0.050318297,2.3433318,1.3720893,0.0,1.7651045,0.66925406,3.572614,0.6540272,2017-08-01,16,0.2,True,100,5,32,True
0.0,0.0,2.79591,2.1506855,1.7824928,0.42198926,0.0,0.0,0.047424324,2.3598502,1.3707123,0.0,1.7730407,0.66649276,3.5813777,0.65865576,2017-08-02,16,0.2,True,100,5,32,True
0.0,0.0,2.8033729,2.157664,1.7778808,0.41567874,0.0,0.0,0.04451401,2.3752604,1.3693993,0.0,1.778627,0.66200495,3.5870502,0.6621434,2017-08-03,16,0.2,True,100,5,32,True
0.0,0.0,2.8025591,2.1674733,1.7771193,0.40012094,0.0,0.0,0.046594676,2.387414,1.3728126,0.0,1.7857711,0.65989715,3.592511,0.6706147,2017-08-04,16,0.2,True,100,5,32,True
0.0,0.0,2.7974522,2.1786218,1.77431,0.38375607,0.0,0.0,0.048548713,2.3991275,1.378754,0.0,1.7914104,0.66308516,3.5994732,0.6833,2017-08-07,16,0.2,True,100,5,32,True
0.0,0.0,2.791205,2.1886756,1.7719274,0.36629298,0.0,0.0,0.050609615,2.4086943,1.384683,0.0,1.795533,0.6652571,3.6043673,0.6949477,2017-08-08,16,0.2,True,100,5,32,True
0.0,0.0,2.7838244,2.2022018,1.7709029,0.3484422,0.0,0.0,0.053169552,2.4185987,1.392986,0.0,1.7994497,0.66949457,3.609097,0.7064482,2017-08-09,16,0.2,True,100,5,32,True
0.0,0.0,2.7771542,2.208165,1.7688383,0.3369718,0.0,0.0,0.05377448,2.4218955,1.392698,0.0,1.7957963,0.67111117,3.6079566,0.7117995,2017-08-10,16,0.2,True,100,5,32,True
0.0,0.0,2.7674642,2.2184129,1.7678841,0.32377028,0.0,0.0,0.054991324,2.4252641,1.399131,0.0,1.7971066,0.6777391,3.609605,0.7207529,2017-08-11,16,0.2,True,100,5,32,True
0.0,0.0,2.756114,2.2253165,1.767948,0.31251,0.0,0.0,0.05684751,2.4241252,1.4027904,0.0,1.7944337,0.6850207,3.608744,0.7286201,2017-08-14,16,0.2,True,100,5,32,True
0.0,0.0,2.740082,2.233564,1.7661821,0.2960948,0.0,0.0,0.059095453,2.4229712,1.4090717,0.0,1.7926474,0.69329983,3.6065376,0.73854506,2017-08-16,16,0.2,True,100,5,32,True
0.0,0.0,2.7226014,2.2410338,1.761744,0.27495924,0.0,0.0,0.059676003,2.424461,1.4223009,0.0,1.7950962,0.7037016,3.6072712,0.7525265,2017-08-17,16,0.2,True,100,5,32,True
0.0,0.0,2.7081041,2.244881,1.7582392,0.25422692,0.0,0.0,0.05648374,2.426321,1.4384296,0.0,1.7996118,0.71352416,3.609992,0.76371855,2017-08-18,16,0.2,True,100,5,32,True
0.0,0.0,2.6946325,2.2516947,1.7566774,0.23373905,0.0,0.0,0.05269213,2.4290035,1.4566435,0.0,1.8073632,0.7226741,3.6115763,0.7713131,2017-08-21,16,0.2,True,100,5,32,True
0.0,0.0,2.6799996,2.2622356,1.7558943,0.21277714,0.0,0.0,0.049525425,2.432652,1.4774028,0.0,1.8167199,0.7331555,3.6128135,0.7792752,2017-08-22,16,0.2,True,100,5,32,True
0.0,0.0,2.6676679,2.26839,1.7520863,0.19760439,0.0,0.0,0.042931624,2.4350011,1.4945309,0.0,1.822266,0.7434849,3.6133153,0.7850682,2017-08-23,16,0.2,True,100,5,32,True
0.0,0.0,2.653404,2.2801642,1.7500498,0.18052113,0.0,0.0,0.03859596,2.4380434,1.5145233,0.0,1.8305242,0.75421184,3.6136577,0.79123926,2017-08-24,16,0.2,True,100,5,32,True
0.0,0.0,2.6402998,2.292201,1.7484803,0.1667137,0.0,0.0,0.035007868,2.4393997,1.5312555,0.0,1.8369879,0.7627541,3.6095686,0.7938587,2017-08-25,16,0.2,True,100,5,32,True
0.0,0.0,2.6269088,2.301531,1.7477629,0.14937854,0.0,0.0,0.031793613,2.4402363,1.5506979,0.0,1.8467014,0.769827,3.6075315,0.7984455,2017-08-28,16,0.2,True,100,5,32,True
0.0,0.0,2.6155121,2.308768,1.7485743,0.13618182,0.0,0.0,0.028548896,2.4393797,1.5674523,0.0,1.8556703,0.7760019,3.606041,0.8012358,2017-08-29,16,0.2,True,100,5,32,True
0.0,0.0,2.6037285,2.3145142,1.750663,0.1245918,0.0,0.0,0.025874369,2.435795,1.5804484,0.0,1.8624986,0.7805073,3.602276,0.80112845,2017-08-30,16,0.2,True,100,5,32,True
0.0,0.0,2.58988,2.3245702,1.7510664,0.11264971,0.0,0.0,0.023715615,2.434293,1.5961953,0.0,1.8711232,0.78811187,3.5988343,0.80423105,2017-08-31,16,0.2,True,100,5,32,True
0.0,0.0,2.5775757,2.3304029,1.746728,0.10718642,0.0,0.0,0.01742215,2.4317431,1.6091489,0.0,1.8758123,0.7970143,3.5940752,0.8065358,2017-09-01,16,0.2,True,100,5,32,True
0.0,0.0,2.560109,2.3425798,1.7439224,0.09695034,0.0,0.0,0.0147068715,2.4285169,1.623788,0.0,1.879116,0.80730987,3.5863144,0.8098452,2017-09-04,16,0.2,True,100,5,32,True
0.0,0.0,2.5374968,2.3514779,1.7406713,0.08329973,0.0,0.0,0.012983376,2.4211156,1.6384069,0.0,1.8790549,0.81862277,3.5766828,0.815844,2017-09-05,16,0.2,True,100,5,32,True
0.0,0.0,2.5102754,2.3654346,1.7383462,0.06991853,0.0,0.0,0.014285964,2.4114757,1.6515597,0.0,1.8748418,0.8329474,3.5638244,0.82286954,2017-09-06,16,0.2,True,100,5,32,True
0.0,0.0,2.4804688,2.3828652,1.7326231,0.059142128,0.0,0.0,0.0155271,2.4015806,1.6628691,0.0,1.8646057,0.85060906,3.5474188,0.83060974,2017-09-07,16,0.2,True,100,5,32,True
0.0,0.0,2.4499831,2.398992,1.7251804,0.044987965,0.0,0.0,0.016162949,2.3931503,1.6779237,0.0,1.8564284,0.8688078,3.5329347,0.8409836,2017-09-08,16,0.2,True,100,5,32,True
0.0,0.0,2.4164612,2.4139056,1.7152797,0.025179254,0.0,0.0,0.015249428,2.3871047,1.7006265,0.0,1.8522028,0.8911989,3.5250602,0.8582074,2017-09-11,16,0.2,True,100,5,32,True
0.0,0.0,2.3872006,2.4275894,1.7054498,0.012688633,0.0,0.0,0.014980979,2.3791144,1.713552,0.0,1.8387265,0.90699744,3.5090427,0.86669517,2017-09-12,16,0.2,True,100,5,32,True
0.0,0.0,2.3561592,2.4476905,1.6976954,0.0,0.0,0.0,0.01801405,2.3736598,1.7329849,0.0,1.8302114,0.92262423,3.4944441,0.8773564,2017-09-13,16,0.2,True,100,5,32,True
0.0,0.0,2.3267605,2.4655123,1.6935761,0.0,0.0,0.0,0.021316476,2.36808,1.756938,0.0,1.8254434,0.9382358,3.4859567,0.8890177,2017-09-14,16,0.2,True,100,5,32,True
0.0,0.0,2.3013256,2.4800575,1.6869916,0.0,0.0,0.0,0.019963795,2.3651707,1.7835587,0.0,1.8218576,0.9553162,3.481121,0.90024924,2017-09-15,16,0.2,True,100,5,32,True
0.0,0.0,2.278681,2.4980848,1.6813502,0.0,0.0,0.0,0.020518735,2.3639581,1.8047334,0.0,1.8148695,0.96725917,3.4714851,0.9071197,2017-09-18,16,0.2,True,100,5,32,True
0.0,0.0,2.2597241,2.5174086,1.6744117,0.0,0.0,0.0,0.020663705,2.3668315,1.8276266,0.0,1.8082078,0.97785395,3.4629197,0.9143044,2017-09-19,16,0.2,True,100,5,32,True
0.0,0.0,2.2455332,2.537173,1.6679963,0.0,0.0,0.0,0.020611875,2.3702514,1.8454328,0.0,1.7965338,0.9859241,3.451592,0.91827273,2017-09-20,16,0.2,True,100,5,32,True
0.0,0.0,2.2338269,2.5584807,1.6665907,0.0,0.0,0.0,0.023306806,2.3731723,1.8615344,0.0,1.7827362,0.9914729,3.4401915,0.92130184,2017-09-21,16,0.2,True,100,5,32,True
0.0,0.0,2.2223396,2.5794241,1.6655797,0.0,0.0,0.0,0.027516175,2.3751965,1.8724756,0.0,1.762831,0.99502814,3.4262278,0.9245522,2017-09-22,16,0.2,True,100,5,32,True
0.0,0.0,2.2099547,2.5969095,1.6634977,0.0,0.0,0.0,0.032793965,2.3771067,1.8819666,0.0,1.7400378,0.99789363,3.4138863,0.93168825,2017-09-25,16,0.2,True,100,5,32,True
0.0,0.0,2.1953795,2.612486,1.6592224,0.0,0.0,0.0,0.038358144,2.3786707,1.8906476,0.0,1.7137002,1.0026958,3.4024932,0.9421166,2017-09-26,16,0.2,True,100,5,32,True
0.0,0.0,2.1790402,2.6243274,1.656809,0.0,0.0,0.0,0.044864684,2.3764668,1.8988698,0.0,1.688967,1.0074397,3.3928819,0.9530122,2017-09-27,16,0.2,True,100,5,32,True
0.0,0.0,2.1591449,2.632653,1.6547723,0.0,0.0,0.0,0.052788023,2.3706086,1.9057016,0.0,1.6643943,1.0120441,3.3827672,0.9642802,2017-09-28,16,0.2,True,100,5,32,True
0.0,0.0,2.1412427,2.6393259,1.6506596,0.0,0.0,0.0,0.060049366,2.3634686,1.904949,0.0,1.6346596,1.014784,3.3699203,0.97080874,2017-09-29,16,0.2,True,100,5,32,True
0.0,0.0,2.123755,2.6479063,1.6472833,0.0,0.0,0.0,0.06588531,2.3609314,1.9119582,0.0,1.6142217,1.0208492,3.3628905,0.9803914,2017-10-10,16,0.2,True,100,5,32,True
0.0,0.0,2.1149461,2.6545372,1.6462582,0.0,0.0,0.0,0.07276413,2.3591743,1.9137731,0.0,1.594134,1.0183762,3.3568103,0.98404807,2017-10-11,16,0.2,True,100,5,32,True
0.0,0.0,2.1149707,2.6587772,1.641891,0.0,0.0,0.0,0.076781854,2.3571014,1.9071289,0.0,1.5694015,1.0123054,3.3480484,0.98273546,2017-10-12,16,0.2,True,100,5,32,True
0.0,0.0,2.1226542,2.6610968,1.63587,0.0,0.0,0.0,0.0786384,2.3603752,1.9002649,0.0,1.5467123,1.0042496,3.3424938,0.9792488,2017-10-13,16,0.2,True,100,5,32,True
0.0,0.0,2.1343596,2.663237,1.6349632,0.0,0.0,0.0,0.08172345,2.365852,1.8960363,0.0,1.5314014,0.9953072,3.342815,0.9761995,2017-10-16,16,0.2,True,100,5,32,True
0.0,0.0,2.1465592,2.656497,1.6310935,0.0,0.0,0.0,0.08332286,2.3746715,1.8947918,0.0,1.5228869,0.9843654,3.3461182,0.9743955,2017-10-17,16,0.2,True,100,5,32,True
0.0,0.0,2.1641254,2.6539705,1.6352445,0.0,0.0,0.0,0.086026855,2.3831804,1.8930578,0.0,1.5181453,0.9729104,3.351515,0.9709194,2017-10-18,16,0.2,True,100,5,32,True
0.0,0.0,2.1848474,2.6514902,1.6408733,0.0,0.0,0.0,0.088076666,2.3933225,1.8922416,0.0,1.5160677,0.9645099,3.3605583,0.9684661,2017-10-19,16,0.2,True,100,5,32,True
0.0,0.0,2.2084816,2.6509006,1.654971,0.0,0.0,0.0,0.093053654,2.4022713,1.892602,0.0,1.5204355,0.9540496,3.3718915,0.9644996,2017-10-20,16,0.2,True,100,5,32,True
0.0,0.0,2.234221,2.6496017,1.669248,0.0,0.0,0.0,0.098363675,2.4101713,1.8874253,0.0,1.5237899,0.94145507,3.3794417,0.95712763,2017-10-23,16,0.2,True,100,5,32,True
0.0,0.0,2.262105,2.647241,1.6809349,0.0,0.0,0.0,0.1013658,2.4185019,1.8788041,0.0,1.5258346,0.92875874,3.3838637,0.9469158,2017-10-24,16,0.2,True,100,5,32,True
0.0,0.0,2.2915423,2.640882,1.6889064,0.0,0.0,0.0,0.10354536,2.4257576,1.8631061,0.0,1.5242206,0.9112473,3.3804905,0.9321419,2017-10-25,16,0.2,True,100,5,32,True
0.0,0.0,2.3217738,2.6375465,1.6952745,0.0,0.0,0.0,0.10457803,2.434864,1.8461558,0.0,1.5221876,0.896454,3.3790734,0.9189924,2017-10-26,16,0.2,True,100,5,32,True
0.0,0.0,2.3503318,2.6333287,1.705892,0.0,0.0,0.0,0.108204864,2.4421263,1.8329312,0.0,1.5239038,0.88112587,3.3796716,0.9076802,2017-10-27,16,0.2,True,100,5,32,True
0.0,0.0,2.3769255,2.6248238,1.71473,0.0,0.0,0.0,0.11140354,2.448553,1.820264,0.0,1.5252756,0.86478263,3.3773882,0.89522916,2017-10-30,16,0.2,True,100,5,32,True
0.0,0.0,2.40382,2.6131854,1.7222444,0.008468818,0.0,0.0,0.11429534,2.4532275,1.8054063,0.0,1.5236788,0.8454973,3.3696938,0.8805374,2017-10-31,16,0.2,True,100,5,32,True
0.0,0.0,2.4308765,2.6102471,1.737246,0.019510016,0.0,0.0,0.11748512,2.4583285,1.7981051,0.0,1.5270406,0.8323557,3.3665135,0.86669123,2017-11-01,16,0.2,True,100,5,32,True
0.0,0.0,2.4603577,2.6136355,1.7565567,0.026614971,0.0,0.0,0.12464582,2.461581,1.785904,0.0,1.5181087,0.81297386,3.3549972,0.8481886,2017-11-02,16,0.2,True,100,5,32,True
0.0,0.0,2.4835484,2.6127753,1.7695122,0.02657,0.0,0.0,0.13308372,2.4701273,1.7807312,0.0,1.5071399,0.7928367,3.3430555,0.8356482,2017-11-03,16,0.2,True,100,5,32,True
0.0,0.0,2.505516,2.616099,1.7878306,0.018275954,0.0,0.0,0.14478314,2.4822288,1.7845297,0.0,1.5002233,0.7731715,3.3351998,0.8273175,2017-11-06,16,0.2,True,100,5,32,True
0.0,0.0,2.5282376,2.6301148,1.8174508,0.0062166043,0.0,0.0,0.1592834,2.4913142,1.790742,0.0,1.4940544,0.7579516,3.3291938,0.8190008,2017-11-07,16,0.2,True,100,5,32,True
0.0,0.0,2.5504522,2.642904,1.8470142,0.0,0.0,0.0,0.17391,2.4982078,1.7945362,0.0,1.4851706,0.74220586,3.3199718,0.8098812,2017-11-08,16,0.2,True,100,5,32,True
0.0,0.0,2.5730882,2.6575654,1.8778672,0.0,0.0,0.0,0.18856661,2.5016685,1.7937983,0.0,1.4729966,0.72706157,3.305595,0.797573,2017-11-09,16,0.2,True,100,5,32,True
0.0,0.0,2.592801,2.667504,1.9005142,0.0,0.0,0.0,0.20025608,2.5083477,1.7951876,0.0,1.4606249,0.71654266,3.292576,0.78877836,2017-11-10,16,0.2,True,100,5,32,True
0.0,0.0,2.6114085,2.6776526,1.9227309,0.0,0.0,0.0,0.21181573,2.5165267,1.801094,0.0,1.452833,0.70727366,3.2823064,0.78243715,2017-11-13,16,0.2,True,100,5,32,True
0.0,0.0,2.6332657,2.6867654,1.945369,0.0,0.0,0.0,0.22315966,2.517335,1.7932662,0.0,1.4361544,0.6927341,3.2620342,0.76816493,2017-11-14,16,0.2,True,100,5,32,True
0.0,0.0,2.654498,2.6944435,1.964796,0.0,0.0,0.0,0.23417066,2.5167315,1.7813271,0.0,1.414826,0.6778623,3.236843,0.7522161,2017-11-15,16,0.2,True,100,5,32,True
0.0,0.0,2.663334,2.6944463,1.9750669,0.0,0.0,0.0,0.2427337,2.5289898,1.7944742,0.0,1.4175831,0.66715455,3.229915,0.7524724,2017-11-16,16,0.2,True,100,5,32,True
0.0,0.0,2.673808,2.697578,1.9846385,0.0,0.0,0.0,0.25038707,2.5404878,1.8037624,0.0,1.4173926,0.6549473,3.2194483,0.7504681,2017-11-17,16,0.2,True,100,5,32,True
0.0,0.0,2.6794868,2.7052097,1.9921703,0.0,0.0,0.0,0.25653398,2.5553768,1.8206681,0.0,1.4236015,0.6485492,3.2149246,0.7543454,2017-11-20,16,0.2,True,100,5,32,True
0.0,0.0,2.6862333,2.7101812,1.9999856,0.0,0.0,0.0,0.26172924,2.56611,1.8330272,0.0,1.427278,0.6398694,3.208071,0.7544472,2017-11-21,16,0.2,True,100,5,32,True
0.0,0.0,2.6902866,2.7225022,2.0073624,0.0,0.0,0.0,0.2652151,2.5750813,1.8461809,0.0,1.4314865,0.63770145,3.2020066,0.75549126,2017-11-22,16,0.2,True,100,5,32,True
0.0,0.0,2.693905,2.7355578,2.0157118,0.0,0.0,0.0,0.26972592,2.5857465,1.8632569,0.0,1.4398096,0.6357916,3.2010574,0.7592158,2017-11-23,16,0.2,True,100,5,32,True
0.0,0.0,2.6963737,2.7452307,2.0192447,0.0,0.0,0.0,0.27267432,2.597452,1.8793849,0.0,1.4474301,0.63571614,3.2035298,0.7652567,2017-11-24,16,0.2,True,100,5,32,True
0.0,0.0,2.701006,2.7537274,2.0196652,0.0,0.0,0.0,0.27406117,2.6087327,1.8895879,0.0,1.4507456,0.6344617,3.2043989,0.76989865,2017-11-27,16,0.2,True,100,5,32,True
0.0,0.0,2.7029264,2.7584376,2.018931,0.0,0.0,0.0,0.27643958,2.6172523,1.8977588,0.0,1.4542543,0.63075614,3.2052298,0.77543825,2017-11-28,16,0.2,True,100,5,32,True
0.0,0.0,2.7039871,2.767274,2.0207732,0.0,0.0,0.0,0.28005505,2.6262517,1.9091892,0.0,1.4624654,0.62797385,3.2093945,0.7819401,2017-11-29,16,0.2,True,100,5,32,True
0.0,0.0,2.705963,2.772925,2.0223606,0.0,0.0,0.0,0.283281,2.6329105,1.916157,0.0,1.4683138,0.6242098,3.2124648,0.78763956,2017-11-30,16,0.2,True,100,5,32,True
0.0,0.0,2.7026253,2.7801044,2.0260575,0.0,0.0,0.0,0.28891927,2.6388931,1.9268379,0.0,1.4785023,0.62171644,3.2214143,0.7979483,2017-12-01,16,0.2,True,100,5,32,True
0.0,0.0,2.696669,2.78612,2.0248122,0.0,0.0,0.0,0.29251793,2.644857,1.9323862,0.0,1.4863673,0.6241492,3.2298813,0.8101598,2017-12-04,16,0.2,True,100,5,32,True
0.0,0.0,2.6900113,2.7894382,2.0218735,0.0,0.0,0.0,0.29542935,2.652525,1.9428595,0.0,1.5000236,0.6261679,3.2427363,0.82370275,2017-12-05,16,0.2,True,100,5,32,True
0.0,0.0,2.6891873,2.7927277,2.0223758,0.0,0.0,0.0,0.2980119,2.6590915,1.9481735,0.0,1.5131501,0.6269295,3.256293,0.8341659,2017-12-06,16,0.2,True,100,5,32,True
0.0,0.0,2.6899045,2.7963295,2.0245488,0.0,0.0,0.0,0.30079553,2.6632442,1.949002,0.0,1.5240691,0.62718874,3.2687528,0.84379745,2017-12-07,16,0.2,True,100,5,32,True
0.0,0.0,2.6894822,2.7934089,2.0216208,0.0,0.0,0.0,0.30133498,2.6646314,1.9436216,0.0,1.5310748,0.6252376,3.2773342,0.85091656,2017-12-08,16,0.2,True,100,5,32,True
0.0,0.0,2.6864111,2.7888827,2.0116851,0.0,0.0,0.0,0.29871407,2.6664245,1.935263,0.0,1.5321195,0.6267549,3.2829638,0.8590345,2017-12-11,16,0.2,True,100,5,32,True
0.0,0.0,2.686227,2.7863038,2.0041444,0.0,0.0,0.0,0.29719213,2.6654897,1.922863,0.0,1.529598,0.6249787,3.2848911,0.8628503,2017-12-12,16,0.2,True,100,5,32,True
0.0,0.0,2.6826494,2.782851,1.9960684,0.0,0.0,0.0,0.29581124,2.6647954,1.913991,0.0,1.5281959,0.6250851,3.2883844,0.8684489,2017-12-13,16,0.2,True,100,5,32,True
0.0,0.0,2.6767712,2.7789304,1.9877126,0.0,0.0,0.0,0.29336846,2.662886,1.9069312,0.0,1.5321063,0.62307805,3.2895522,0.87059635,2017-12-14,16,0.2,True,100,5,32,True
0.0,0.0,2.6708407,2.7672698,1.9744227,0.0,0.0,0.0,0.28978685,2.6639187,1.8998817,0.0,1.5346777,0.62001294,3.2909408,0.873663,2017-12-15,16,0.2,True,100,5,32,True
0.0,0.0,2.668477,2.7573206,1.9572011,0.0,0.0,0.0,0.28245032,2.6674473,1.890216,0.0,1.5347143,0.6187042,3.2905047,0.87337697,2017-12-18,16,0.2,True,100,5,32,True
0.0,0.0,2.6691983,2.7491958,1.9352976,0.0,0.0,0.0,0.27149498,2.6703768,1.8749217,0.0,1.5304371,0.6201402,3.286974,0.86976534,2017-12-19,16,0.2,True,100,5,32,True
0.0,0.0,2.6695132,2.7392504,1.9112412,0.0,0.0,0.0,0.26048362,2.6719987,1.8570989,0.0,1.5224553,0.6215664,3.2826285,0.8673184,2017-12-20,16,0.2,True,100,5,32,True
0.0,0.0,2.6701815,2.7312376,1.8901994,0.0,0.0,0.0,0.25033662,2.6751533,1.8445343,0.0,1.5186522,0.62392914,3.2835898,0.8673195,2017-12-21,16,0.2,True,100,5,32,True
0.0,0.0,2.6680422,2.7210443,1.8737385,0.0,0.0,0.0,0.24552274,2.6729093,1.8272371,0.0,1.5108775,0.6220705,3.2823172,0.8684994,2017-12-22,16,0.2,True,100,5,32,True
0.0,0.0,2.664259,2.7110047,1.8598137,0.0,0.0,0.0,0.24198622,2.6699843,1.8123078,0.0,1.5039055,0.6193517,3.2810595,0.8692629,2017-12-26,16,0.2,True,100,5,32,True
0.0,0.0,2.6629508,2.7056596,1.8508104,0.0,0.0,0.0,0.23837738,2.6667933,1.7983024,0.0,1.4979383,0.6197389,3.2845829,0.87141865,2017-12-27,16,0.2,True,100,5,32,True
0.0,0.0,2.663047,2.6995947,1.8400748,0.0,0.0,0.0,0.2330522,2.6627986,1.7805026,0.0,1.486128,0.62288415,3.2850537,0.8707083,2017-12-28,16,0.2,True,100,5,32,True
0.0,0.0,2.6602085,2.6768594,1.8184918,0.0,0.0,0.0,0.22734584,2.6547713,1.7543845,0.0,1.4654261,0.6148968,3.2719295,0.8625063,2018-01-02,16,0.2,True,100,5,32,True
0.0,0.0,2.6575644,2.6721675,1.8066856,0.0,0.0,0.0,0.22116937,2.6531785,1.7438931,0.0,1.453592,0.6169351,3.2666736,0.8590415,2018-01-03,16,0.2,True,100,5,32,True
0.0,0.0,2.6565285,2.668005,1.7975892,0.0,0.0,0.0,0.216091,2.6482637,1.7296165,0.0,1.4363207,0.6130839,3.252116,0.8489983,2018-01-04,16,0.2,True,100,5,32,True
0.0,0.0,2.6529648,2.6636426,1.7875309,0.0,0.0,0.0,0.21036057,2.643315,1.7179617,0.0,1.4177942,0.6121534,3.2381165,0.84156704,2018-01-05,16,0.2,True,100,5,32,True
0.0,0.0,2.6467457,2.6650066,1.7841903,0.0,0.0,0.0,0.208354,2.641616,1.7176578,0.0,1.4063282,0.6113557,3.2285433,0.83816916,2018-01-08,16,0.2,True,100,5,32,True
0.0,0.0,2.640261,2.6644878,1.7814779,0.0,0.0,0.0,0.2076417,2.639991,1.7190789,0.0,1.3940796,0.6080117,3.2170951,0.83393717,2018-01-09,16,0.2,True,100,5,32,True
0.0,0.0,2.6389236,2.6658292,1.7831016,0.0,0.0,0.0,0.20953555,2.6384351,1.7172568,0.0,1.3788887,0.6025295,3.2066305,0.8287887,2018-01-10,16,0.2,True,100,5,32,True
0.0,0.0,2.6358943,2.6708596,1.7887216,0.0,0.0,0.0,0.21299715,2.640394,1.7239978,0.0,1.3725839,0.5996504,3.2033691,0.8284443,2018-01-11,16,0.2,True,100,5,32,True
0.0,0.0,2.6319137,2.6726613,1.7917506,0.0,0.0,0.0,0.21616973,2.6441674,1.7331216,0.0,1.3694482,0.59433544,3.1995947,0.8286293,2018-01-12,16,0.2,True,100,5,32,True
0.0,0.0,2.6298592,2.6762505,1.794312,0.0,0.0,0.0,0.21851929,2.6496615,1.7424462,0.0,1.3675044,0.58992535,3.198757,0.83038336,2018-01-15,16,0.2,True,100,5,32,True
0.0,0.0,2.6318264,2.683305,1.7995756,0.0,0.0,0.0,0.22181988,2.656005,1.7504969,0.0,1.3657978,0.58469135,3.1983368,0.8309799,2018-01-16,16,0.2,True,100,5,32,True
0.0012304708,0.0,2.6373909,2.6857862,1.7995962,0.0,0.0,0.0,0.22158557,2.6612363,1.7523936,0.0,1.3596301,0.5769999,3.1923065,0.82646704,2018-01-17,16,0.2,True,100,5,32,True
0.003412947,0.0,2.64455,2.698247,1.8091089,0.0,0.0,0.0,0.22580403,2.6718822,1.7656372,0.0,1.362488,0.57322514,3.1965916,0.8275802,2018-01-18,16,0.2,True,100,5,32,True
0.0064924657,0.0,2.6509204,2.7050378,1.8140001,0.0,0.0,0.0,0.22810335,2.6802065,1.7746195,0.0,1.3638229,0.5664653,3.1975286,0.82543945,2018-01-19,16,0.2,True,100,5,32,True
0.0059583634,0.0,2.6558084,2.718612,1.822977,0.0,0.0,0.0,0.23403896,2.6932518,1.7925117,0.0,1.3735552,0.5628826,3.207107,0.8297518,2018-01-22,16,0.2,True,100,5,32,True
0.006672807,0.0,2.6648974,2.7335026,1.8355119,0.0,0.0,0.0,0.23979191,2.70338,1.8039324,0.0,1.3794762,0.5585862,3.2134554,0.8312247,2018-01-23,16,0.2,True,100,5,32,True
0.002330035,0.0,2.6743898,2.7446613,1.8432125,0.0,0.0,0.0,0.24356951,2.718404,1.8203605,0.0,1.3911679,0.5555336,3.2252924,0.8353438,2018-01-24,16,0.2,True,100,5,32,True
0.0,0.0,2.6870618,2.7583854,1.8547933,0.0,0.0,0.0,0.24848835,2.7330685,1.8358768,0.0,1.4053451,0.54984653,3.2361732,0.83743083,2018-01-25,16,0.2,True,100,5,32,True
0.0,0.0,2.7015853,2.772436,1.8640528,0.0,0.0,0.0,0.25008458,2.7491326,1.8530619,0.0,1.4219452,0.547503,3.248349,0.8384062,2018-01-26,16,0.2,True,100,5,32,True
0.0,0.0,2.7174246,2.7861547,1.8777864,0.0,0.0,0.0,0.25428233,2.7636616,1.8702716,0.0,1.4407259,0.53992605,3.2576954,0.83545524,2018-01-29,16,0.2,True,100,5,32,True
0.0,0.0,2.73667,2.798643,1.887325,0.0,0.0,0.0,0.25401208,2.7820299,1.8881924,0.0,1.4609414,0.53634894,3.2700434,0.8331282,2018-01-30,16,0.2,True,100,5,32,True
0.0,0.0,2.7588613,2.8108232,1.9008485,0.0,0.0,0.0,0.25610837,2.7963552,1.8989477,0.0,1.4764651,0.52848864,3.2772632,0.82867813,2018-01-31,16,0.2,True,100,5,32,True
0.0,0.0,2.781505,2.826813,1.9156392,0.0,0.0,0.0,0.2593832,2.8119757,1.9109436,0.0,1.4923917,0.52306944,3.2869391,0.82713485,2018-02-01,16,0.2,True,100,5,32,True
0.0,0.0,2.8041472,2.8414946,1.9315923,0.0,0.0,0.0,0.26424217,2.8252304,1.9203448,0.0,1.5096191,0.51564777,3.2964807,0.8267155,2018-02-02,16,0.2,True,100,5,32,True
0.0,0.0,2.8261755,2.8524852,1.9538138,0.0,0.0,0.0,0.27342275,2.82827,1.9186661,0.0,1.5212709,0.50064,3.2981176,0.8222154,2018-02-05,16,0.2,True,100,5,32,True
0.0,0.0,2.8410711,2.855396,1.9661684,0.0,0.0,0.0,0.28109428,2.8289497,1.9094387,0.0,1.5236037,0.4886469,3.2969682,0.8233454,2018-02-06,16,0.2,True,100,5,32,True
0.0,0.0,2.849646,2.8556798,1.9756739,0.0,0.0,0.0,0.28995502,2.8256688,1.8961995,0.0,1.5199827,0.4793928,3.2935214,0.82825524,2018-02-07,16,0.2,True,100,5,32,True
0.0,0.0,2.8483331,2.8515148,1.9794915,0.0,0.0,0.0,0.29808995,2.8172703,1.8794479,0.0,1.5093244,0.47419825,3.2872326,0.837565,2018-02-08,16,0.2,True,100,5,32,True
0.0,0.0,2.834985,2.8450975,1.9737601,0.0,0.0,0.0,0.3046942,2.8126454,1.8746724,0.0,1.504283,0.4780215,3.2872992,0.8558859,2018-02-09,16,0.2,True,100,5,32,True
0.0,0.0,2.820313,2.8434412,1.9763986,0.0,0.0,0.0,0.31419805,2.8015935,1.8674544,0.0,1.4949166,0.47983432,3.2845547,0.87271315,2018-02-12,16,0.2,True,100,5,32,True
0.0,0.0,2.8004608,2.835436,1.9695227,0.0,0.0,0.0,0.3196081,2.7888203,1.8570645,0.0,1.4791034,0.4825745,3.2772374,0.88787866,2018-02-13,16,0.2,True,100,5,32,True
0.0,0.0,2.780643,2.8316348,1.9635496,0.0,0.0,0.0,0.32379177,2.7755723,1.8459405,0.0,1.4594613,0.48663276,3.268067,0.9000319,2018-02-14,16,0.2,True,100,5,32,True
0.0,0.0,2.757776,2.828009,1.952444,0.0,0.0,0.0,0.32474974,2.7633545,1.8366184,0.0,1.4371294,0.49379358,3.2568445,0.91046834,2018-02-19,16,0.2,True,100,5,32,True
0.0,0.0,2.738433,2.8214126,1.9370065,0.0,0.0,0.0,0.3232107,2.75267,1.8247005,0.0,1.4127822,0.49875212,3.2434921,0.91708624,2018-02-20,16,0.2,True,100,5,32,True
0.0,0.0,2.7212033,2.8110023,1.9192197,0.0,0.0,0.0,0.31946832,2.7379482,1.8061839,0.0,1.3844217,0.5003796,3.224977,0.9161422,2018-02-21,16,0.2,True,100,5,32,True
0.011144221,0.0,2.7075064,2.8015103,1.905652,0.0,0.0,0.0,0.31640372,2.7221463,1.7878493,0.0,1.3583174,0.4997118,3.2069736,0.9117437,2018-02-22,16,0.2,True,100,5,32,True
0.022119869,0.0,2.6951258,2.794795,1.8946481,0.0,0.0,0.0,0.31346056,2.7074347,1.7724632,0.0,1.3352813,0.5016743,3.1934974,0.9091647,2018-02-23,16,0.2,True,100,5,32,True
0.02807578,0.0,2.6824827,2.7790904,1.874598,0.0,0.0,0.0,0.3061678,2.697322,1.7600927,0.0,1.3176484,0.5037907,3.1813548,0.9050664,2018-02-26,16,0.2,True,100,5,32,True
0.032384656,0.0,2.6729276,2.762979,1.852709,0.0,0.0,0.0,0.29649395,2.687377,1.7451015,0.0,1.3004503,0.5045644,3.16584,0.89592046,2018-02-27,16,0.2,True,100,5,32,True
0.03319665,0.0,2.6631846,2.7473266,1.8310177,0.0,0.0,0.0,0.2856475,2.6780634,1.7335542,0.0,1.2882323,0.5058899,3.1513708,0.8867583,2018-02-28,16,0.2,True,100,5,32,True
0.02786392,0.0,2.6446798,2.7303278,1.805245,0.0,0.0,0.0,0.27392858,2.6749408,1.7369403,0.0,1.2879851,0.51461047,3.146213,0.8876882,2018-03-02,16,0.2,True,100,5,32,True
0.03348552,0.0,2.6246264,2.7246056,1.7880414,0.0,0.0,0.0,0.26746786,2.6674035,1.7369101,0.0,1.2806808,0.5195022,3.132354,0.88424623,2018-03-05,16,0.2,True,100,5,32,True
0.040360883,0.0,2.5954192,2.7173355,1.7643949,0.0,0.0,0.0,0.25955948,2.6594925,1.7395016,0.0,1.2717654,0.5299922,3.1181629,0.8845191,2018-03-06,16,0.2,True,100,5,32,True
0.049046524,0.0,2.566161,2.7156615,1.7416153,0.0,0.0,0.0,0.25112477,2.6516528,1.742823,0.0,1.2594444,0.5433286,3.1025724,0.88375735,2018-03-07,16,0.2,True,100,5,32,True
0.054816097,0.0,2.5314631,2.7108421,1.7117623,0.0,0.0,0.0,0.24081086,2.6447291,1.7511576,0.0,1.2481327,0.5616342,3.089313,0.8870774,2018-03-08,16,0.2,True,100,5,32,True
0.0631805,0.0,2.5048935,2.7162797,1.6923267,0.0,0.0,0.0,0.23223889,2.6355414,1.7563852,0.0,1.2333504,0.57653815,3.0712657,0.8835332,2018-03-09,16,0.2,True,100,5,32,True
0.06940625,0.0,2.476376,2.7170417,1.6722559,0.0,0.0,0.0,0.22510825,2.628281,1.7693195,0.0,1.225792,0.58786124,3.056781,0.88009286,2018-03-12,16,0.2,True,100,5,32,True
0.07208867,0.0,2.4568474,2.7217615,1.6561018,0.0,0.0,0.0,0.21734025,2.6256096,1.7832475,0.0,1.2224722,0.5973292,3.0466437,0.87469745,2018-03-13,16,0.2,True,100,5,32,True
0.07391756,0.0,2.4430273,2.727082,1.6414385,0.0,0.0,0.0,0.20872411,2.6227694,1.7929237,0.0,1.216653,0.60494,3.032531,0.86503357,2018-03-14,16,0.2,True,100,5,32,True
0.07865889,0.0,2.4324121,2.7321079,1.6285344,0.0,0.0,0.0,0.20045257,2.6187124,1.7996541,0.0,1.2077919,0.6111346,3.0162716,0.8530257,2018-03-15,16,0.2,True,100,5,32,True
0.08118201,0.0,2.4232981,2.7391973,1.6190326,0.0,0.0,0.0,0.19390927,2.6159866,1.8086581,0.0,1.2025375,0.61705905,3.0014262,0.8421832,2018-03-16,16,0.2,True,100,5,32,True
0.0827402,0.0,2.415651,2.7483244,1.611196,0.0,0.0,0.0,0.18927133,2.6178234,1.8226975,0.0,1.2038677,0.6206214,2.9913218,0.83430606,2018-03-19,16,0.2,True,100,5,32,True
0.08223973,0.0,2.402781,2.7563329,1.6010637,0.0,0.0,0.0,0.18632358,2.622072,1.8427879,0.0,1.2103516,0.6268144,2.986697,0.832975,2018-03-20,16,0.2,True,100,5,32,True
0.08280225,0.0,2.395758,2.7695723,1.5962504,0.0,0.0,0.0,0.18341644,2.627443,1.8606865,0.0,1.2142333,0.6349133,2.984968,0.8321763,2018-03-21,16,0.2,True,100,5,32,True
0.08190552,0.0,2.3895576,2.7862058,1.5940149,0.0,0.0,0.0,0.18082194,2.6349409,1.8823134,0.0,1.2209979,0.6466277,2.9888165,0.8349676,2018-03-22,16,0.2,True,100,5,32,True
0.07875929,0.0,2.3849869,2.803432,1.5948193,0.0,0.0,0.0,0.18095875,2.645424,1.90868,0.0,1.2316368,0.65744776,2.9969332,0.8410133,2018-03-23,16,0.2,True,100,5,32,True
0.07884886,0.0,2.3776622,2.8201542,1.5962543,0.0,0.0,0.0,0.18292928,2.6500392,1.9271449,0.0,1.2349532,0.66971165,3.0024085,0.8497318,2018-03-26,16,0.2,True,100,5,32,True
0.08298398,0.0,2.3733778,2.8375854,1.6023926,0.0,0.0,0.0,0.18663113,2.6489413,1.9367918,0.0,1.2304914,0.67882806,3.0008981,0.8539492,2018-03-27,16,0.2,True,100,5,32,True
0.08806771,0.0,2.3678286,2.8504338,1.6086001,0.0,0.0,0.0,0.19127797,2.644843,1.9425691,0.0,1.2229829,0.68579,2.9961498,0.8565168,2018-03-28,16,0.2,True,100,5,32,True
0.09053448,0.0,2.3620043,2.8612564,1.6118144,0.0,0.0,0.0,0.19240111,2.6399882,1.946055,0.0,1.2169936,0.69588536,2.991644,0.85842127,2018-03-29,16,0.2,True,100,5,32,True
0.09124006,0.0,2.3539894,2.8674955,1.6118286,0.0,0.0,0.0,0.19369493,2.6367648,1.9507049,0.0,1.2137508,0.70492375,2.989484,0.8627237,2018-03-30,16,0.2,True,100,5,32,True
0.08763768,0.0,2.345216,2.8707042,1.6074766,0.0,0.0,0.0,0.19241226,2.6376455,1.960756,0.0,1.2189689,0.71439797,2.9936135,0.8694482,2018-04-02,16,0.2,True,100,5,32,True
0.082467236,0.0,2.3394349,2.8711696,1.6066939,0.0,0.0,0.0,0.1895274,2.6331968,1.9634417,0.0,1.2241542,0.7205862,2.9923203,0.86953473,2018-04-03,16,0.2,True,100,5,32,True
0.073125534,0.0,2.334147,2.8676085,1.6075577,0.0,0.0,0.0,0.1852733,2.6259227,1.9640442,0.0,1.2330709,0.727291,2.9908423,0.8675985,2018-04-04,16,0.2,True,100,5,32,True
0.06066172,0.0,2.3268478,2.8590484,1.6046901,0.0,0.0,0.0,0.17812555,2.6156378,1.9605604,0.0,1.2410452,0.73770154,2.989264,0.86700815,2018-04-05,16,0.2,True,100,5,32,True
0.04792129,0.0,2.3202026,2.8472447,1.6000974,0.0,0.0,0.0,0.1690336,2.6023533,1.9524027,0.0,1.245939,0.7480588,2.984285,0.8635444,2018-04-06,16,0.2,True,100,5,32,True
0.036241647,0.0,2.3124301,2.833919,1.5959295,0.0,0.0,0.0,0.16115232,2.5876095,1.9436747,0.0,1.2512542,0.75570565,2.9789083,0.8603035,2018-04-09,16,0.2,True,100,5,32,True
0.029381357,0.0,2.3017633,2.8219934,1.5974466,0.0,0.0,0.0,0.15917273,2.5722768,1.9382639,0.0,1.258511,0.7581563,2.9756339,0.85884714,2018-04-10,16,0.2,True,100,5,32,True
0.019037358,0.0,2.290596,2.8130891,1.59769,0.0,0.0,0.0,0.1559021,2.5622892,1.9401793,0.0,1.2705406,0.76584136,2.9798157,0.86216754,2018-04-11,16,0.2,True,100,5,32,True
0.010737844,0.0,2.2792838,2.8048577,1.5976915,0.0,0.0,0.0,0.15331136,2.551858,1.9399467,0.0,1.2807145,0.7718514,2.9826312,0.86458033,2018-04-12,16,0.2,True,100,5,32,True
0.006111525,0.0,2.2659676,2.7911582,1.5957665,0.0,0.0,0.0,0.15331043,2.5378637,1.9343643,0.0,1.2849748,0.77232057,2.9797418,0.8656942,2018-04-13,16,0.2,True,100,5,32,True
0.0,0.0,2.2536545,2.7816758,1.5898391,0.0,0.0,0.0,0.14926185,2.5304475,1.9374468,0.0,1.2942703,0.7801143,2.9837825,0.87032,2018-04-16,16,0.2,True,100,5,32,True
0.0,0.0,2.2419508,2.7730818,1.5870605,0.0,0.0,0.0,0.14870165,2.5198436,1.9365863,0.0,1.2996793,0.7804361,2.9813054,0.8710501,2018-04-17,16,0.2,True,100,5,32,True
0.0,0.0,2.2342336,2.7682016,1.5870763,0.0,0.0,0.0,0.14678219,2.5071008,1.9297565,0.0,1.3007333,0.7800507,2.9735954,0.8661796,2018-04-18,16,0.2,True,100,5,32,True
0.0,0.0,2.2272365,2.7568843,1.5812892,0.0,0.0,0.0,0.1427575,2.4953775,1.9225488,0.0,1.3013203,0.77852637,2.9637232,0.8595182,2018-04-19,16,0.2,True,100,5,32,True
0.0,0.0,2.2246244,2.7511978,1.5795957,0.0,0.0,0.0,0.13825089,2.4858575,1.9161478,0.0,1.302934,0.77793145,2.9573445,0.8522459,2018-04-20,16,0.2,True,100,5,32,True
0.0,0.0,2.217069,2.739506,1.5762179,0.0,0.0,0.0,0.13733542,2.4756968,1.9105704,0.0,1.3063674,0.7722689,2.9514124,0.8470373,2018-04-23,16,0.2,True,100,5,32,True
0.0,0.0,2.2079225,2.7293735,1.5716996,0.0,0.0,0.0,0.13601956,2.4733696,1.9170257,0.0,1.3209217,0.7724011,2.9596276,0.85153586,2018-04-24,16,0.2,True,100,5,32,True
0.0,0.0,2.2060378,2.722742,1.5741159,0.0,0.0,0.0,0.1364167,2.4693227,1.9161439,0.0,1.3336238,0.76721984,2.9650385,0.8509766,2018-04-25,16,0.2,True,100,5,32,True
0.0,0.0,2.2071266,2.7164302,1.5776259,0.0,0.0,0.0,0.13679318,2.4632463,1.9076308,0.0,1.3408036,0.76082253,2.9665966,0.84793514,2018-04-26,16,0.2,True,100,5,32,True
0.0,0.0,2.210664,2.7091272,1.5786086,0.0,0.0,0.0,0.1361392,2.4582388,1.8945509,0.0,1.3408892,0.75559485,2.966032,0.84489363,2018-04-27,16,0.2,True,100,5,32,True
0.0,0.0,2.217267,2.7015824,1.5802095,0.0,0.0,0.0,0.13506952,2.4541094,1.8818896,0.0,1.3395829,0.7491781,2.9641132,0.8391461,2018-04-30,16,0.2,True,100,5,32,True
0.0,0.0,2.2282388,2.6913118,1.5830997,0.0,0.0,0.0,0.13416596,2.4514565,1.8689661,0.0,1.3398483,0.73974353,2.9624026,0.83133984,2018-05-02,16,0.2,True,100,5,32,True
0.0,0.0,2.2375462,2.6975658,1.5991994,0.0,0.0,0.0,0.14068206,2.4518042,1.8679494,0.0,1.3440009,0.7322917,2.9632044,0.8247898,2018-05-03,16,0.2,True,100,5,32,True
0.0,0.0,2.2387826,2.7071571,1.6159437,0.0,0.0,0.0,0.15155716,2.4560652,1.8808306,0.0,1.3528825,0.72884035,2.9697955,0.8263773,2018-05-04,16,0.2,True,100,5,32,True
0.0,0.0,2.2359662,2.7225516,1.638333,0.0,0.0,0.0,0.16671845,2.4600763,1.8992146,0.0,1.3626325,0.7264579,2.9784608,0.8316325,2018-05-08,16,0.2,True,100,5,32,True
0.0,0.0,2.2339294,2.745449,1.6678711,0.0,0.0,0.0,0.18503055,2.4610631,1.9134746,0.0,1.3655978,0.724039,2.9830606,0.8363061,2018-05-09,16,0.2,True,100,5,32,True
0.0,0.0,2.2278533,2.7724805,1.6989765,0.0,0.0,0.0,0.20339672,2.462443,1.9328852,0.0,1.3697869,0.7263422,2.9894326,0.8433035,2018-05-10,16,0.2,True,100,5,32,True
0.010564424,0.0,2.2218177,2.7978332,1.7263404,0.0,0.0,0.0,0.22035523,2.4660795,1.9534127,0.0,1.3721956,0.73075676,2.9968092,0.8520554,2018-05-11,16,0.2,True,100,5,32,True
0.022424802,0.0,2.2211778,2.82742,1.7565846,0.0,0.0,0.0,0.23659602,2.4731379,1.9767128,0.0,1.37659,0.73352575,3.004463,0.8571618,2018-05-14,16,0.2,True,100,5,32,True
0.027951624,0.0,2.2188265,2.8545144,1.7853898,0.0,0.0,0.0,0.25242123,2.4846678,2.0089927,0.0,1.3903401,0.7380754,3.0198426,0.8664128,2018-05-15,16,0.2,True,100,5,32,True
0.03468026,0.0,2.218791,2.8822093,1.8178198,0.0,0.0,0.0,0.2684394,2.4928744,2.035502,0.0,1.401762,0.7406423,3.0325677,0.8725944,2018-05-16,16,0.2,True,100,5,32,True
0.038887393,0.0,2.2201886,2.9142835,1.8489133,0.0,0.0,0.0,0.28283027,2.5060632,2.0658514,0.0,1.4154269,0.7492165,3.0525398,0.88431716,2018-05-17,16,0.2,True,100,5,32,True
0.038210444,0.0,2.2203019,2.9447873,1.8767368,0.0,0.0,0.0,0.2948011,2.5207222,2.1015584,0.0,1.4337165,0.7610844,3.0777066,0.9018503,2018-05-18,16,0.2,True,100,5,32,True
0.037018847,0.0,2.2221832,2.9736156,1.901993,0.0,0.0,0.0,0.3059137,2.5337834,2.1310098,0.0,1.4487478,0.7712794,3.0994205,0.9170613,2018-05-21,16,0.2,True,100,5,32,True
0.031399116,0.0,2.2247314,3.0007615,1.9211947,0.0,0.0,0.0,0.3127373,2.5490959,2.161636,0.0,1.4655675,0.786046,3.125895,0.9364903,2018-05-23,16,0.2,True,100,5,32,True
0.03088912,0.0,2.2291596,3.0295112,1.9403623,0.0,0.0,0.0,0.31918854,2.5632405,2.1879427,0.0,1.4788576,0.7955473,3.1447496,0.9469828,2018-05-24,16,0.2,True,100,5,32,True
0.034222275,0.0,2.2331996,3.0574088,1.9554769,0.0,0.0,0.0,0.32417828,2.5765464,2.2079723,0.0,1.4863847,0.8034789,3.157172,0.9528548,2018-05-25,16,0.2,True,100,5,32,True
0.034718037,0.0,2.233994,3.08446,1.9676521,0.0,0.0,0.0,0.32832107,2.591592,2.2355647,0.0,1.4968948,0.8142653,3.172483,0.96511716,2018-05-28,16,0.2,True,100,5,32,True
0.037247345,0.0,2.2379618,3.1135077,1.9851103,0.0,0.0,0.0,0.33365086,2.6045532,2.2581775,0.0,1.5059547,0.8221604,3.1864998,0.97243196,2018-05-29,16,0.2,True,100,5,32,True
0.04120144,0.0,2.240415,3.1410556,2.0035186,0.0,0.0,0.0,0.3400735,2.6146183,2.27832,0.0,1.513073,0.8286666,3.1972806,0.97849387,2018-05-30,16,0.2,True,100,5,32,True
0.046451278,0.0,2.2378733,3.1637363,2.019991,0.0,0.0,0.0,0.34756187,2.6196637,2.2939124,0.0,1.5152947,0.8360491,3.205696,0.98775756,2018-05-31,16,0.2,True,100,5,32,True
0.051442973,0.0,2.233105,3.1876001,2.0377965,0.0,0.0,0.0,0.35455513,2.6234822,2.312681,0.0,1.520062,0.84658265,3.2154691,0.9978295,2018-06-01,16,0.2,True,100,5,32,True
0.047795318,0.0,2.2279923,3.2027178,2.04571,0.0,0.0,0.0,0.3560853,2.6270647,2.3260841,0.0,1.5269045,0.86113834,3.2287486,1.0117612,2018-06-04,16,0.2,True,100,5,32,True
0.04268987,0.0,2.2264268,3.2108164,2.0508687,0.0,0.0,0.0,0.35648897,2.6257613,2.3304853,0.0,1.5316838,0.86797434,3.234396,1.0183735,2018-06-05,16,0.2,True,100,5,32,True
0.034613855,0.0,2.226584,3.2158995,2.0522418,0.0,0.0,0.0,0.35346463,2.6253905,2.3335764,0.0,1.5397556,0.87456924,3.2409692,1.0227157,2018-06-07,16,0.2,True,100,5,32,True
0.021733,0.0,2.228783,3.213458,2.0470862,0.0,0.0,0.0,0.34773514,2.627957,2.336283,0.0,1.5524256,0.8775495,3.2480583,1.0249584,2018-06-08,16,0.2,True,100,5,32,True
0.0076722577,0.0,2.2326152,3.2066405,2.0400124,0.0,0.0,0.0,0.3418544,2.6295183,2.334945,0.0,1.564938,0.87689126,3.2525864,1.0249254,2018-06-11,16,0.2,True,100,5,32,True
0.0,0.0,2.2423828,3.2030132,2.0357754,0.0,0.0,0.0,0.33292335,2.632109,2.3296146,0.0,1.5795729,0.8781015,3.2609708,1.0232767,2018-06-12,16,0.2,True,100,5,32,True
0.0,0.0,2.2509048,3.1936023,2.0215101,0.0,0.0,0.0,0.31934312,2.640394,2.3287487,0.0,1.6008055,0.88350934,3.2755299,1.0268086,2018-06-14,16,0.2,True,100,5,32,True
0.0,0.0,2.256624,3.18469,2.0079932,0.0,0.0,0.0,0.30747083,2.6453922,2.3252487,0.0,1.6211224,0.88708574,3.2872562,1.0294279,2018-06-15,16,0.2,True,100,5,32,True
0.0,0.0,2.2583632,3.1728907,1.9919853,0.0,0.0,0.0,0.29560578,2.6476853,2.3199813,0.0,1.6405472,0.88959384,3.29672,1.0312577,2018-06-18,16,0.2,True,100,5,32,True
0.0,0.0,2.2568333,3.1607897,1.9769585,0.0,0.0,0.0,0.28555477,2.6468115,2.3096368,0.0,1.6538963,0.8917812,3.3037827,1.0325975,2018-06-19,16,0.2,True,100,5,32,True
0.0,0.0,2.2505224,3.139756,1.9481721,0.0,0.0,0.0,0.2714837,2.642223,2.2892442,0.0,1.6574519,0.8918328,3.299918,1.0314947,2018-06-20,16,0.2,True,100,5,32,True
0.0,0.0,2.2420137,3.1134996,1.9150524,0.0,0.0,0.0,0.25756088,2.6338418,2.2621164,0.0,1.6538582,0.88761544,3.2870786,1.0262532,2018-06-21,16,0.2,True,100,5,32,True
0.0,0.0,2.2270148,3.0903347,1.883139,0.0,0.0,0.0,0.24374412,2.6271293,2.2464345,0.0,1.6568446,0.89046055,3.2816288,1.0271207,2018-06-22,16,0.2,True,100,5,32,True
0.0,0.0,2.2124999,3.0730078,1.857842,0.0,0.0,0.0,0.2312113,2.6196668,2.2319741,0.0,1.6601081,0.89694184,3.278236,1.0269271,2018-06-25,16,0.2,True,100,5,32,True
0.0,0.0,2.1980321,3.0496404,1.828823,0.0,0.0,0.0,0.21782602,2.6086068,2.2102501,0.0,1.6580632,0.90021783,3.2689705,1.02336,2018-06-26,16,0.2,True,100,5,32,True
0.0,0.0,2.182311,3.0265415,1.8026686,0.0,0.0,0.0,0.20622829,2.595248,2.1889153,0.0,1.6543616,0.9042725,3.260437,1.0210108,2018-06-27,16,0.2,True,100,5,32,True
0.0,0.0,2.1649685,3.0049515,1.7752072,0.0,0.0,0.0,0.1941516,2.5802782,2.166316,0.0,1.6451752,0.9101451,3.2499473,1.018568,2018-06-28,16,0.2,True,100,5,32,True
0.0,0.0,2.1451337,2.9764926,1.7414215,0.0,0.0,0.0,0.18160512,2.560642,2.1348882,0.0,1.6266342,0.9123912,3.2291105,1.0123144,2018-06-29,16,0.2,True,100,5,32,True
0.0,0.0,2.126366,2.9543488,1.7088535,0.0,0.0,0.0,0.16809723,2.5455272,2.1099875,0.0,1.6102853,0.92076284,3.2157211,1.0105189,2018-07-02,16,0.2,True,100,5,32,True
0.0,0.0,2.1004217,2.9276285,1.6759756,0.0,0.0,0.0,0.15608127,2.5198255,2.0759187,0.0,1.5866393,0.9279824,3.1927252,1.0064565,2018-07-03,16,0.2,True,100,5,32,True
0.0,0.0,2.0654426,2.8906322,1.6344002,0.0,0.0,0.0,0.14296438,2.4882252,2.0377755,0.0,1.5575967,0.9344948,3.163069,1.002985,2018-07-04,16,0.2,True,100,5,32,True
0.0,0.0,2.0254266,2.8630648,1.6029902,0.0,0.0,0.0,0.13302745,2.4561644,2.0107515,0.0,1.5345694,0.94755596,3.1419137,1.0048416,2018-07-05,16,0.2,True,100,5,32,True
0.0,0.0,1.9798206,2.8290176,1.5625771,0.0,0.0,0.0,0.121417865,2.4209156,1.977899,0.0,1.5036997,0.95962316,3.113794,1.0067275,2018-07-06,16,0.2,True,100,5,32,True
0.0,0.0,1.9370804,2.800952,1.5270065,0.0,0.0,0.0,0.109233126,2.3873763,1.9491282,0.0,1.4750215,0.97400564,3.0909655,1.0077728,2018-07-09,16,0.2,True,100,5,32,True
0.0,0.0,1.8950065,2.7759871,1.4945669,0.0,0.0,0.0,0.09754437,2.3558898,1.9262804,0.0,1.449913,0.9886683,3.0714288,1.0087421,2018-07-10,16,0.2,True,100,5,32,True
0.0,0.0,1.8521842,2.7393303,1.4520739,0.0,0.0,0.0,0.08311351,2.319696,1.8932229,0.0,1.4179733,0.99414027,3.038221,1.0010234,2018-07-11,16,0.2,True,100,5,32,True
0.0,0.0,1.8134034,2.714682,1.4199474,0.0,0.0,0.0,0.07048073,2.2885723,1.8690242,0.0,1.3915007,1.0054977,3.015926,0.99710965,2018-07-12,16,0.2,True,100,5,32,True
0.0,0.0,1.7710252,2.6887152,1.3898834,0.0,0.0,0.0,0.059321646,2.2595396,1.8566269,0.0,1.3761694,1.015721,2.9977598,0.99439013,2018-07-13,16,0.2,True,100,5,32,True
0.0,0.0,1.7339637,2.6636362,1.3600285,0.0,0.0,0.0,0.048051022,2.232157,1.8407887,0.0,1.3584739,1.0227337,2.976752,0.9883915,2018-07-16,16,0.2,True,100,5,32,True
0.0,0.0,1.6971852,2.6366339,1.3276405,0.0,0.0,0.0,0.035773132,2.2044983,1.8240371,0.0,1.3399923,1.0287,2.954018,0.981328,2018-07-17,16,0.2,True,100,5,32,True
0.0,0.0,1.664151,2.617497,1.3069221,0.0,0.0,0.0,0.028040254,2.1804473,1.8140166,0.0,1.3258002,1.0366907,2.940536,0.97939765,2018-07-18,16,0.2,True,100,5,32,True
0.0,0.0,1.634339,2.6009815,1.2886287,0.0,0.0,0.0,0.020344984,2.152832,1.7947497,0.0,1.3033867,1.0433536,2.9215338,0.9743119,2018-07-19,16,0.2,True,100,5,32,True
0.0,0.0,1.5966467,2.580326,1.2642205,0.0,0.0,0.0,0.013011823,2.127455,1.7849243,0.0,1.2851868,1.0540748,2.9079876,0.977423,2018-07-20,16,0.2,True,100,5,32,True
0.0,0.0,1.5612311,2.559208,1.2395505,0.0,0.0,0.0,0.006121612,2.1015975,1.7719407,0.0,1.262723,1.0628909,2.8919268,0.9790896,2018-07-23,16,0.2,True,100,5,32,True
0.0,0.0,1.5299286,2.5437844,1.2286263,0.0,0.0,0.0,0.0039247973,2.0735795,1.7585512,0.0,1.2419424,1.0674634,2.8752575,0.9767149,2018-07-24,16,0.2,True,100,5,32,True
0.0,0.0,1.5026059,2.5292304,1.2180912,0.0,0.0,0.0,0.0010578334,2.0505216,1.7455151,0.0,1.2235444,1.0760273,2.8664143,0.9788489,2018-07-25,16,0.2,True,100,5,32,True
0.0,0.0,1.4769661,2.508251,1.2065922,0.0,0.0,0.0,0.0,2.0242925,1.7267033,0.0,1.2026712,1.076811,2.850806,0.9758141,2018-07-26,16,0.2,True,100,5,32,True
0.0009119883,0.0,1.4555368,2.490633,1.1974732,0.0,0.0,0.0,0.0,2.0057268,1.7181302,0.0,1.1925125,1.0805187,2.8447769,0.97639173,2018-07-27,16,0.2,True,100,5,32,True
0.0049589947,0.0,1.4389557,2.4749613,1.1905942,0.0,0.0,0.0,0.0,1.9884979,1.7075049,0.0,1.1824138,1.0808089,2.83644,0.97246736,2018-07-30,16,0.2,True,100,5,32,True
0.009725258,0.0,1.426773,2.464964,1.1880897,0.0,0.0,0.0,0.0,1.9738795,1.6958017,0.0,1.1721426,1.08154,2.829696,0.96737486,2018-07-31,16,0.2,True,100,5,32,True
0.012462296,0.0,1.4155886,2.451231,1.1815063,0.0,0.0,0.0,0.0,1.9602298,1.6817778,0.0,1.1617802,1.0815147,2.8230603,0.96267146,2018-08-01,16,0.2,True,100,5,32,True
0.011394374,0.0,1.3958217,2.4442046,1.1789086,0.0,0.0,0.0,0.0,1.9496223,1.6837944,0.0,1.1615434,1.0894309,2.819731,0.96576303,2018-08-02,16,0.2,True,100,5,32,True
0.012550056,0.0,1.3668438,2.4352777,1.1761199,0.0,0.0,0.0,0.0,1.930528,1.6835927,0.0,1.1579713,1.0965841,2.806953,0.96703106,2018-08-03,16,0.2,True,100,5,32,True
0.011374041,0.0,1.3388811,2.4367447,1.1801366,0.0,0.0,0.0,0.0,1.9169757,1.6950119,0.0,1.1613985,1.1124914,2.8066018,0.9748291,2018-08-06,16,0.2,True,100,5,32,True
0.0130760595,0.0,1.3110167,2.4451373,1.1950932,0.0,0.0,0.0,0.005501194,1.9010497,1.7097255,0.0,1.1668319,1.1268133,2.806962,0.9816242,2018-08-07,16,0.2,True,100,5,32,True
0.014158577,0.0,1.2830393,2.4542599,1.205448,0.0,0.0,0.0,0.009487665,1.8855532,1.7242614,0.0,1.1684577,1.1433147,2.8062747,0.98950666,2018-08-08,16,0.2,True,100,5,32,True
0.01696898,0.0,1.2563607,2.4682028,1.2197465,0.0,0.0,0.0,0.014585927,1.870383,1.7420654,0.0,1.1701556,1.15926,2.8055046,0.9965138,2018-08-09,16,0.2,True,100,5,32,True
0.018379383,0.0,1.2325417,2.4851882,1.2396219,0.0,0.0,0.0,0.020460226,1.8580095,1.7679946,0.0,1.1772918,1.1762341,2.8113172,1.0062026,2018-08-10,16,0.2,True,100,5,32,True
0.020503178,0.0,1.2083397,2.5031593,1.2661006,0.0,0.0,0.0,0.029039418,1.844247,1.7967867,0.0,1.1877373,1.1920846,2.819334,1.0159086,2018-08-13,16,0.2,True,100,5,32,True
0.027406711,0.0,1.1852701,2.5227697,1.2929568,0.0,0.0,0.0,0.04025261,1.827636,1.812546,0.0,1.1882727,1.207416,2.8232484,1.0253549,2018-08-14,16,0.2,True,100,5,32,True
0.03711921,0.0,1.1603457,2.5370755,1.3170099,0.0,0.0,0.0,0.05187302,1.8058634,1.8210478,0.0,1.1826248,1.2188033,2.8193464,1.0323876,2018-08-16,16,0.2,True,100,5,32,True
0.04881972,0.0,1.1345152,2.5472662,1.334277,0.0,0.0,0.0,0.0613685,1.7832774,1.8221409,0.0,1.1709907,1.2295365,2.8104424,1.0395979,2018-08-17,16,0.2,True,100,5,32,True
0.060025718,0.0,1.1073978,2.5558114,1.3510032,0.0,0.0,0.0,0.07092442,1.7635002,1.8282278,0.0,1.1624691,1.241519,2.8059237,1.0494167,2018-08-20,16,0.2,True,100,5,32,True
0.07006314,0.0,1.0819955,2.562651,1.3636807,0.0,0.0,0.0,0.078211114,1.7465324,1.8330095,0.0,1.154378,1.2543621,2.8034618,1.059103,2018-08-21,16,0.2,True,100,5,32,True
0.07797023,0.0,1.060228,2.567399,1.3719971,0.0,0.0,0.0,0.083197765,1.7320246,1.8368615,0.0,1.1466247,1.2650648,2.8009827,1.0672357,2018-08-22,16,0.2,True,100,5,32,True
0.08593088,0.0,1.0405588,2.57662,1.3852667,0.0,0.0,0.0,0.089274175,1.7207355,1.8482414,0.0,1.1427809,1.2764001,2.8026245,1.0749872,2018-08-23,16,0.2,True,100,5,32,True
0.09235344,0.0,1.0239636,2.5856266,1.3958551,0.0,0.0,0.0,0.093681194,1.7101042,1.8569816,0.0,1.1372797,1.2874204,2.801365,1.0800698,2018-08-24,16,0.2,True,100,5,32,True
0.0982566,0.0,1.0086944,2.5882633,1.3987033,0.0,0.0,0.0,0.09587719,1.6998007,1.8597791,0.0,1.1283214,1.2945246,2.7949705,1.0823474,2018-08-27,16,0.2,True,100,5,32,True
0.10029496,0.0,1.0011756,2.5976753,1.4052976,0.0,0.0,0.0,0.097180285,1.6953589,1.8687065,0.0,1.1238304,1.3046371,2.7957573,1.0857383,2018-08-28,16,0.2,True,100,5,32,True
0.10491213,0.0,0.99875623,2.6067326,1.4128381,0.0,0.0,0.0,0.09993508,1.6898888,1.8694547,0.0,1.1155636,1.3078943,2.7913728,1.0838423,2018-08-29,16,0.2,True,100,5,32,True
0.10924788,0.0,0.99779654,2.614375,1.4210545,0.0,0.0,0.0,0.102891006,1.6881769,1.8743485,0.0,1.1108723,1.3099103,2.789684,1.0824665,2018-08-30,16,0.2,True,100,5,32,True
0.11336198,0.0,0.9986898,2.6241543,1.4316316,0.0,0.0,0.0,0.106031545,1.68915,1.8815504,0.0038464405,1.108468,1.3126298,2.7900407,1.0819204,2018-08-31,16,0.2,True,100,5,32,True
0.11725603,0.0,0.99706227,2.6269999,1.4360172,0.0,0.0,0.0,0.10792741,1.6878483,1.884831,0.0052465275,1.1035657,1.3110203,2.7826447,1.0789479,2018-09-03,16,0.2,True,100,5,32,True
0.115949444,0.0,0.9989958,2.6307597,1.434172,0.0,0.0,0.0,0.105909236,1.6961188,1.8943635,0.0,1.1043696,1.3160466,2.787741,1.0820946,2018-09-04,16,0.2,True,100,5,32,True
0.11376803,0.0,1.0051028,2.6327686,1.4246647,0.0,0.0,0.0,0.10129119,1.7059457,1.8963039,0.0,1.1017361,1.319942,2.792734,1.0838208,2018-09-05,16,0.2,True,100,5,32,True
0.11201872,0.0,1.0088998,2.63446,1.4169985,0.0,0.0,0.0,0.09802407,1.7156974,1.8999796,0.0,1.1025546,1.3235042,2.8014083,1.0886219,2018-09-06,16,0.2,True,100,5,32,True
0.11023788,0.0,1.0123382,2.6351798,1.4073094,0.0,0.0,0.0,0.09406849,1.7234628,1.8992115,0.0,1.1017225,1.3276819,2.8087988,1.0925618,2018-09-07,16,0.2,True,100,5,32,True
0.10813534,0.0,1.013066,2.6290643,1.3928632,0.0,0.0,0.0,0.08931255,1.7304674,1.8952346,0.0,1.1013317,1.330146,2.8164544,1.0976857,2018-09-10,16,0.2,True,100,5,32,True
0.10415568,0.0,1.0175852,2.6258984,1.38055,0.0,0.0,0.0,0.084637634,1.7390724,1.8905883,0.0,1.102368,1.3346558,2.8291287,1.1034075,2018-09-11,16,0.2,True,100,5,32,True
0.104001164,0.0,1.0273185,2.6275003,1.3751968,0.0,0.0,0.0,0.08327705,1.7459533,1.8803092,0.0,1.0998486,1.3367816,2.8394446,1.1040771,2018-09-12,16,0.2,True,100,5,32,True
0.102341816,0.0,1.0355558,2.626621,1.37165,0.0,0.0,0.0,0.0826929,1.7558274,1.8759896,0.0,1.1030245,1.3407831,2.8560374,1.1081538,2018-09-13,16,0.2,True,100,5,32,True
0.09767044,0.0,1.0418401,2.613251,1.356655,0.0,0.0,0.0,0.07802411,1.7649059,1.8668349,0.0,1.106686,1.3393807,2.865432,1.1090723,2018-09-14,16,0.2,True,100,5,32,True
0.091827616,0.0,1.0512228,2.6037827,1.3426179,0.0,0.0,0.0,0.07235154,1.7759736,1.8585683,0.0,1.1114262,1.3381512,2.8745744,1.107925,2018-09-17,16,0.2,True,100,5,32,True
0.085572384,0.0,1.0591501,2.5946753,1.3293542,0.0,0.0,0.0,0.06661439,1.7866166,1.8526263,0.0,1.1176276,1.3368751,2.8837478,1.1074824,2018-09-18,16,0.2,True,100,5,32,True
0.07845731,0.0,1.0661637,2.586393,1.3128005,0.0,0.0,0.0,0.05886236,1.7971659,1.846022,0.0,1.1224662,1.3376667,2.8919296,1.1079804,2018-09-19,16,0.2,True,100,5,32,True
0.07450286,0.0,1.069794,2.5841947,1.3077691,0.0,0.0,0.0,0.054603253,1.8071176,1.8492862,0.0,1.1329508,1.3373433,2.9004676,1.1090149,2018-09-20,16,0.2,True,100,5,32,True
0.07020012,0.0,1.0751759,2.5815966,1.2933615,0.0,0.0,0.0,0.04709238,1.816477,1.8448914,0.0,1.1345606,1.3384848,2.9040644,1.1096101,2018-09-21,16,0.2,True,100,5,32,True
0.06455178,0.0,1.0819558,2.5760589,1.2747,0.0,0.0,0.0,0.037754234,1.8275484,1.8413566,0.0,1.1354203,1.3390614,2.9076834,1.1107372,2018-09-27,16,0.2,True,100,5,32,True
0.06321136,0.0,1.0962172,2.5759602,1.2658428,0.0,0.0,0.0,0.03248701,1.8366697,1.8332384,0.0,1.1338501,1.3319141,2.9071822,1.103221,2018-09-28,16,0.2,True,100,5,32,True
0.05940877,0.0,1.11291,2.579595,1.2605628,0.0,0.0,0.0,0.027920425,1.853328,1.8340986,0.0,1.1393367,1.3295097,2.9187822,1.1017649,2018-10-01,16,0.2,True,100,5,32,True
0.052138314,0.0,1.1323295,2.5735757,1.2436529,0.0,0.0,0.0,0.020030417,1.8671832,1.8217978,0.0,1.1395725,1.3233293,2.926725,1.0978632,2018-10-02,16,0.2,True,100,5,32,True
0.043220226,0.0,1.1492802,2.56307,1.2238493,0.0,0.0,0.0,0.011893846,1.8797728,1.8085284,0.0,1.1410522,1.318559,2.939281,1.0980126,2018-10-04,16,0.2,True,100,5,32,True
0.03835541,0.0,1.1631954,2.5482118,1.1982892,0.0,0.0,0.0,0.003768784,1.8860368,1.7834897,0.0,1.1327783,1.3115201,2.9461985,1.0980662,2018-10-05,16,0.2,True,100,5,32,True
0.033316188,0.0,1.1726931,2.5322871,1.1666319,0.0,0.0,0.0,0.0,1.893664,1.7600411,0.0,1.1229451,1.3092958,2.957751,1.104153,2018-10-08,16,0.2,True,100,5,32,True
0.03030701,0.0,1.1801788,2.5153058,1.1328789,0.0,0.0,0.0,0.0,1.8978952,1.7341121,0.0,1.1090109,1.3075366,2.9676392,1.1099517,2018-10-10,16,0.2,True,100,5,32,True
0.03218734,0.0,1.1834847,2.4951975,1.0954212,0.0,0.0,0.0,0.0,1.8968809,1.7019401,0.0,1.085918,1.3050885,2.9710567,1.1150994,2018-10-11,16,0.2,True,100,5,32,True
0.043968655,0.0,1.1826546,2.4777315,1.0633783,0.0,0.0,0.0,0.0,1.8804102,1.6557368,0.0,1.0461949,1.30295,2.964591,1.1182936,2018-10-12,16,0.2,True,100,5,32,True
0.058379337,0.0,1.1761742,2.4566665,1.0268661,0.0,0.0,0.0,0.0,1.8603693,1.6075268,0.0,0.9989103,1.3054918,2.956692,1.1232772,2018-10-15,16,0.2,True,100,5,32,True
0.07308756,0.0,1.1603029,2.432364,0.98968047,0.0,0.0,0.0,0.0,1.8407824,1.5693294,0.0,0.9554966,1.3120081,2.9526296,1.1323841,2018-10-16,16,0.2,True,100,5,32,True
0.088685066,0.0,1.1402166,2.4119627,0.956682,0.0,0.0,0.0,0.0,1.8228289,1.5390097,0.0,0.9154235,1.3220245,2.9514046,1.142732,2018-10-17,16,0.2,True,100,5,32,True
0.106406175,0.0,1.1211624,2.3905563,0.9274649,0.0,0.0,0.0,0.0,1.8023577,1.5064429,0.0,0.87443835,1.3262625,2.943429,1.1449571,2018-10-18,16,0.2,True,100,5,32,True
0.12847403,0.0029084515,1.1064298,2.3706477,0.9079109,0.0,0.0,0.0,0.0,1.7766902,1.4669033,0.0,0.8303916,1.3250899,2.9302492,1.1385702,2018-10-19,16,0.2,True,100,5,32,True
0.14558221,0.02671064,1.0878289,2.344319,0.8815776,0.0,0.0,0.0,0.0,1.7536132,1.4307656,0.0,0.7897361,1.328353,2.9224174,1.1373956,2018-10-22,16,0.2,True,100,5,32,True
0.16078597,0.047523577,1.0700624,2.3181217,0.8563082,0.0,0.0,0.0,0.0,1.733834,1.3987697,0.0,0.7538381,1.3314288,2.9175246,1.1359727,2018-10-23,16,0.2,True,100,5,32,True
0.17827627,0.067247346,1.0471655,2.2969944,0.8399774,0.0,0.0,0.0,0.0,1.7143584,1.375647,0.0,0.72400516,1.3359945,2.915692,1.1378819,2018-10-24,16,0.2,True,100,5,32,True
0.19494942,0.084863365,1.0206068,2.2734597,0.82487804,0.0,0.0,0.0,0.0,1.6940457,1.3550347,0.0,0.6983448,1.3395904,2.9135487,1.1401953,2018-10-25,16,0.2,True,100,5,32,True
0.2069889,0.101358674,0.9883209,2.2488487,0.80821353,0.0,0.0,0.0,0.0,1.6752031,1.3396707,0.0,0.67969346,1.3480048,2.9178693,1.1493427,2018-10-26,16,0.2,True,100,5,32,True
0.21916977,0.11969893,0.9489144,2.2270412,0.7975871,0.0,0.0,0.0,0.0,1.6550744,1.3322514,0.0,0.6666226,1.3555576,2.9240465,1.1638628,2018-10-29,16,0.2,True,100,5,32,True
0.23295715,0.1430588,0.9043964,2.2072551,0.7839633,0.0,0.0,0.0,0.0,1.6302649,1.3201087,0.0,0.64767987,1.367424,2.9294662,1.1824738,2018-10-30,16,0.2,True,100,5,32,True
0.2453334,0.16832066,0.8613737,2.1900887,0.7660959,0.0,0.0,0.0,0.0,1.6033258,1.3060676,0.0,0.6245018,1.3825678,2.9330742,1.2000428,2018-10-31,16,0.2,True,100,5,32,True
0.25684714,0.1946997,0.8156396,2.1706405,0.7451738,0.0,0.0,0.0,0.0,1.5743068,1.2921684,0.0,0.60029274,1.3952514,2.9301522,1.2142586,2018-11-01,16,0.2,True,100,5,32,True
0.2571711,0.22649333,0.7738197,2.1428258,0.71392554,0.0,0.0,0.0,0.0,1.5382296,1.2699028,0.0,0.57400846,1.4115047,2.9245455,1.2223655,2018-11-02,16,0.2,True,100,5,32,True
0.25199565,0.2557767,0.74654704,2.1157658,0.684603,0.0,0.0,0.0,0.0,1.5019985,1.2436336,0.0,0.5476449,1.423225,2.9145403,1.2179831,2018-11-05,16,0.2,True,100,5,32,True
0.24601802,0.28941697,0.7321598,2.0812593,0.65630376,0.0,0.0,0.013242155,0.0,1.4630917,1.2009096,0.0,0.5189389,1.4229628,2.894152,1.1933769,2018-11-06,16,0.2,True,100,5,32,True
0.24278218,0.3223113,0.72597605,2.0464358,0.63372743,0.0055846684,0.0,0.032154597,0.0,1.4252859,1.1547624,0.0,0.4900254,1.4149942,2.8686633,1.1596333,2018-11-07,16,0.2,True,100,5,32,True
0.24177048,0.3495463,0.7188757,2.0080237,0.60634524,0.059581354,0.0,0.051458452,0.0,1.3886167,1.1094354,0.0,0.4608547,1.4049933,2.8421912,1.1282285,2018-11-08,16,0.2,True,100,5,32,True
0.24106234,0.3705531,0.71614534,1.9765519,0.58557725,0.10961826,0.0,0.06714037,0.0,1.3585006,1.0732771,0.0,0.43694395,1.3970966,2.8242202,1.1031079,2018-11-09,16,0.2,True,100,5,32,True
0.24296492,0.3870584,0.71578,1.9463693,0.5683588,0.15739691,0.0,0.081258,0.0,1.3309253,1.0415435,0.0,0.41359425,1.3884834,2.8108327,1.0834341,2018-11-12,16,0.2,True,100,5,32,True
0.24696007,0.40282366,0.72118545,1.9237452,0.55949026,0.20231849,0.0,0.09510536,0.0,1.3082765,1.0117316,0.0,0.39149556,1.3809867,2.8021579,1.0641443,2018-11-13,16,0.2,True,100,5,32,True
0.25409085,0.42187816,0.72769713,1.9027598,0.5560191,0.24653968,0.0,0.10898976,0.0,1.2844304,0.9814066,0.0,0.3668394,1.3724335,2.7922454,1.044619,2018-11-14,16,0.2,True,100,5,32,True
0.26249886,0.43356183,0.72588164,1.8951733,0.5639778,0.2708583,0.0,0.11108093,0.0,1.2697504,0.9748834,0.0,0.3531445,1.3730989,2.7980695,1.0451291,2018-11-15,16,0.2,True,100,5,32,True
0.26999855,0.4419443,0.72346807,1.887708,0.57187986,0.2945227,0.0,0.11348505,0.0,1.2573708,0.96881545,0.0010588877,0.3408934,1.3743953,2.8028512,1.0454717,2018-11-16,16,0.2,True,100,5,32,True
0.27668154,0.44553223,0.72292924,1.8828899,0.5823732,0.31276864,0.0,0.115455195,0.0,1.2481761,0.96291846,0.013856228,0.33178166,1.3743485,2.8086128,1.0459168,2018-11-19,16,0.2,True,100,5,32,True
0.2828583,0.44687632,0.7235749,1.8778932,0.5937724,0.32864293,0.0,0.116667986,0.0,1.2397207,0.9572603,0.02572617,0.3237708,1.3721622,2.8117561,1.0450511,2018-11-20,16,0.2,True,100,5,32,True
0.28772148,0.44206896,0.721645,1.8740873,0.6020782,0.337955,0.0,0.11611228,0.0,1.2353282,0.9562022,0.033366926,0.32033244,1.3724029,2.8211248,1.052011,2018-11-21,16,0.2,True,100,5,32,True
0.29050186,0.4353042,0.7237928,1.8668954,0.6081161,0.34969217,0.0,0.11921157,0.0,1.2303128,0.9481233,0.044598702,0.31828704,1.3696246,2.8280687,1.0529838,2018-11-22,16,0.2,True,100,5,32,True
0.29087496,0.42098644,0.7208653,1.859566,0.6098892,0.3502411,0.0,0.11840886,0.0,1.2284955,0.94743603,0.04899739,0.32363573,1.367809,2.8371923,1.0610312,2018-11-23,16,0.2,True,100,5,32,True
0.2903653,0.40789288,0.71312916,1.8530936,0.6092157,0.3480485,0.0,0.115401134,0.0,1.2271491,0.95211464,0.04851917,0.33027092,1.368982,2.8475938,1.0744559,2018-11-26,16,0.2,True,100,5,32,True
0.28884217,0.39302662,0.7084688,1.8436217,0.6101224,0.34652036,0.0,0.11398257,0.0,1.2237768,0.95140475,0.05312884,0.33739153,1.3652829,2.8519683,1.0804936,2018-11-27,16,0.2,True,100,5,32,True
0.2848304,0.37804642,0.7073151,1.8358889,0.6093693,0.34922153,0.0,0.112977296,0.0,1.2219613,0.9483101,0.056753226,0.3441451,1.363961,2.856015,1.0839338,2018-11-28,16,0.2,True,100,5,32,True
0.27838793,0.35436508,0.7047745,1.8316356,0.611293,0.34290883,0.0,0.10640192,0.0,1.2244369,0.95459616,0.057955194,0.3586301,1.3652896,2.8685355,1.0954046,2018-11-29,16,0.2,True,100,5,32,True
0.27098966,0.3317803,0.7091989,1.8281695,0.6152651,0.33927533,0.0,0.10251695,0.0,1.227245,0.95356846,0.06381432,0.3712834,1.3636094,2.877484,1.099287,2018-11-30,16,0.2,True,100,5,32,True
0.2645313,0.31045753,0.7142652,1.8208771,0.6199888,0.3358732,0.0,0.10027671,0.0,1.2260976,0.9468234,0.07356912,0.38129148,1.3579621,2.8820221,1.0999212,2018-12-03,16,0.2,True,100,5,32,True
0.2532308,0.28920755,0.71871024,1.8143502,0.6215804,0.33613217,0.0,0.09665894,0.0,1.2302173,0.94694746,0.077876575,0.39483592,1.3589249,2.8889186,1.0997016,2018-12-04,16,0.2,True,100,5,32,True
0.23773944,0.26425982,0.722348,1.8035439,0.62056905,0.33788192,0.0,0.09348825,0.0,1.234033,0.94888514,0.07956135,0.41374588,1.3602549,2.8974204,1.1002238,2018-12-05,16,0.2,True,100,5,32,True
0.22058281,0.23949122,0.7248379,1.7935439,0.62064564,0.33954737,0.0,0.08951159,0.0,1.2367284,0.95237,0.081948355,0.43514585,1.3626829,2.90833,1.1029432,2018-12-06,16,0.2,True,100,5,32,True
0.20847334,0.21820527,0.72867924,1.7847989,0.6221701,0.34465322,0.0,0.08792491,0.0,1.2316843,0.94390404,0.0922034,0.44735634,1.3621422,2.9128036,1.1014787,2018-12-07,16,0.2,True,100,5,32,True
0.19659069,0.19865,0.7284641,1.7706971,0.61882144,0.34729165,0.0,0.08713232,0.0,1.2250376,0.93638986,0.09944299,0.45974496,1.3606275,2.9145133,1.1007942,2018-12-10,16,0.2,True,100,5,32,True
0.1830807,0.18230763,0.7214972,1.7548428,0.6092822,0.34831733,0.0,0.08679363,0.0,1.2188419,0.9311326,0.10522181,0.47433117,1.3638582,2.9183106,1.1027505,2018-12-11,16,0.2,True,100,5,32,True
0.17280507,0.16550508,0.7145778,1.7385604,0.6003937,0.3507401,0.0,0.089358225,0.0,1.2075642,0.9170093,0.11855893,0.48450094,1.3655324,2.9206202,1.1027642,2018-12-12,16,0.2,True,100,5,32,True
0.1609925,0.14796627,0.70734483,1.723546,0.5958344,0.35137153,0.0,0.089678764,0.0,1.1986,0.910454,0.13069084,0.50011945,1.3681648,2.9276652,1.1045989,2018-12-13,16,0.2,True,100,5,32,True
0.14475621,0.12987939,0.69955885,1.7105514,0.5952113,0.35000774,0.0,0.08601481,0.0,1.1905719,0.911127,0.14036925,0.5215314,1.370653,2.9358969,1.1070889,2018-12-14,16,0.2,True,100,5,32,True
0.13214426,0.11475389,0.69891495,1.702809,0.5990807,0.35749152,0.0,0.08302145,0.0,1.1777511,0.9014332,0.15532711,0.5333858,1.3718662,2.9402273,1.1040941,2018-12-17,16,0.2,True,100,5,32,True
0.121933885,0.10272732,0.6972279,1.6935755,0.5996146,0.36666495,0.0,0.081670165,0.0,1.1640328,0.8882948,0.17029057,0.5404414,1.3740503,2.9413695,1.0993197,2018-12-18,16,0.2,True,100,5,32,True
0.118588135,0.09604878,0.69908565,1.6884912,0.60773975,0.38062453,0.0,0.08079877,0.0,1.1429732,0.8657744,0.19290566,0.53719956,1.3732235,2.9356258,1.0891443,2018-12-19,16,0.2,True,100,5,32,True
0.11596845,0.08957592,0.7004918,1.6792107,0.6161196,0.39154622,0.0,0.07994706,0.0,1.1260717,0.8513601,0.21073413,0.5367324,1.3716143,2.9337254,1.0822666,2018-12-20,16,0.2,True,100,5,32,True
0.117462456,0.08426885,0.70277137,1.6712793,0.6285624,0.40006667,0.0,0.07912837,0.0,1.1084795,0.8357314,0.2317113,0.53346175,1.367375,2.9302688,1.0747515,2018-12-21,16,0.2,True,100,5,32,True
0.12009276,0.08277449,0.7038308,1.6629899,0.6380481,0.41088155,0.0,0.07933198,0.0,1.091355,0.8204277,0.24912053,0.5277157,1.3642946,2.9259365,1.067678,2018-12-24,16,0.2,True,100,5,32,True
0.12397869,0.0858758,0.69859594,1.6540469,0.63722736,0.42094257,0.0,0.08147594,0.0,1.0776343,0.806913,0.2604741,0.5194426,1.3656882,2.9191027,1.0620925,2018-12-26,16,0.2,True,100,5,32,True
0.12923448,0.09310253,0.68599266,1.6456558,0.634753,0.4264794,0.0,0.083500504,0.0,1.0639741,0.7993848,0.26989043,0.51242286,1.3705523,2.9152057,1.0627449,2018-12-27,16,0.2,True,100,5,32,True
0.13699093,0.10599759,0.67900527,1.6382622,0.6324845,0.44470555,0.0,0.086695716,0.0,1.0429213,0.78340894,0.28033802,0.49492872,1.374574,2.902624,1.0555445,2018-12-28,16,0.2,True,100,5,32,True
0.14889461,0.11429629,0.6699309,1.6336174,0.6407793,0.44827628,0.0,0.087782145,0.0,1.024205,0.77342975,0.29872203,0.48196822,1.3737425,2.8912077,1.0496612,2019-01-02,16,0.2,True,100,5,32,True
0.16386728,0.12613314,0.64987975,1.6331077,0.6491827,0.44458207,0.0,0.08745192,0.0,1.0069966,0.7720412,0.31672412,0.46982583,1.3796971,2.8781817,1.047656,2019-01-03,16,0.2,True,100,5,32,True
0.18013293,0.13746008,0.62360704,1.6330425,0.6591952,0.4359592,0.0,0.08648187,0.0,0.9881406,0.77192163,0.33856186,0.45873177,1.3872913,2.8637178,1.0467752,2019-01-04,16,0.2,True,100,5,32,True
0.19074278,0.14824891,0.594508,1.6313006,0.66555446,0.43272957,0.0,0.084674045,0.0,0.97056246,0.77719134,0.3540999,0.4516719,1.400158,2.8531306,1.0488322,2019-01-07,16,0.2,True,100,5,32,True
0.19504681,0.15478471,0.5635461,1.6325411,0.67278403,0.42564413,0.0,0.07933852,0.0,0.95850116,0.79281366,0.36606163,0.4543101,1.4157996,2.8473272,1.0535508,2019-01-08,16,0.2,True,100,5,32,True
0.19761169,0.15517253,0.53100246,1.6339499,0.68311024,0.41015443,0.0,0.07226284,0.0,0.9495102,0.8133049,0.38050762,0.4651062,1.4286127,2.8435793,1.059973,2019-01-09,16,0.2,True,100,5,32,True
0.19509572,0.1551872,0.50072795,1.6386954,0.6932295,0.39907682,0.0,0.062399425,0.0,0.94005036,0.83507025,0.39112929,0.47766486,1.4420514,2.837398,1.0643374,2019-01-10,16,0.2,True,100,5,32,True
0.18722191,0.1535089,0.4712367,1.6461241,0.7028268,0.38597634,0.0,0.050054245,0.0,0.93637776,0.86627305,0.39583513,0.49771637,1.4589015,2.8384557,1.073465,2019-01-11,16,0.2,True,100,5,32,True
0.17628768,0.14964545,0.44496483,1.6572789,0.71734494,0.37073925,0.0,0.034458432,0.0,0.93404555,0.90212834,0.4000399,0.5225129,1.4739363,2.8397853,1.082196,2019-01-14,16,0.2,True,100,5,32,True
0.16338977,0.14426365,0.422711,1.6694642,0.7331135,0.35928166,0.0,0.018005617,0.0,0.93021214,0.9339481,0.4073396,0.54703736,1.4880892,2.8395712,1.0873555,2019-01-15,16,0.2,True,100,5,32,True
0.15070832,0.1373632,0.40932447,1.6841928,0.74887234,0.35295197,0.0,0.002751615,0.0,0.92623085,0.95718247,0.4165042,0.5660739,1.4990547,2.8366568,1.0870367,2019-01-16,16,0.2,True,100,5,32,True
0.14101994,0.12934859,0.40007985,1.6994115,0.767494,0.34105164,0.0,0.0,0.0,0.92360514,0.9774642,0.426212,0.5837929,1.5030402,2.8317256,1.0853114,2019-01-17,16,0.2,True,100,5,32,True
0.1324976,0.12480291,0.39709508,1.7153103,0.7842613,0.33552518,0.0,0.0,0.0,0.9225904,0.99380356,0.43209073,0.59548277,1.507012,2.8262248,1.0819323,2019-01-18,16,0.2,True,100,5,32,True
0.122880936,0.11822491,0.39710024,1.7291431,0.8006003,0.32916933,0.0,0.0,0.0,0.923655,1.0107362,0.4357496,0.608801,1.5086496,2.8212233,1.0778712,2019-01-21,16,0.2,True,100,5,32,True
0.11230947,0.11394044,0.39569762,1.7440445,0.8147254,0.32186735,0.0,0.0,0.0,0.92734045,1.0329792,0.43444937,0.6237979,1.5125791,2.8160026,1.0750387,2019-01-22,16,0.2,True,100,5,32,True
0.10461867,0.108476125,0.39426374,1.7604568,0.83150077,0.30814892,0.0,0.0,0.0,0.93121016,1.0550642,0.43530086,0.63891315,1.513664,2.8103604,1.073266,2019-01-23,16,0.2,True,100,5,32,True
0.09580522,0.101348825,0.39200976,1.7740932,0.84568506,0.29376817,0.0,0.0,0.0,0.93700856,1.0779878,0.4343476,0.65631056,1.5152936,2.8077784,1.0738941,2019-01-24,16,0.2,True,100,5,32,True
0.090091005,0.09611114,0.3957514,1.7899319,0.8592393,0.28317058,0.0,0.0,0.0,0.9425813,1.0936955,0.43307722,0.6660183,1.5142149,2.8029761,1.0723796,2019-01-25,16,0.2,True,100,5,32,True
0.08287742,0.09250653,0.40239367,1.8072116,0.8703784,0.2736584,0.0,0.0,0.0,0.9532652,1.1136628,0.42520645,0.67668504,1.5142988,2.8013003,1.0719392,2019-01-28,16,0.2,True,100,5,32,True
0.07215043,0.085289836,0.40414312,1.821429,0.8794067,0.25291026,0.0,0.0,0.0,0.97266316,1.1488888,0.411013,0.7005596,1.5159941,2.8109329,1.0800376,2019-01-29,16,0.2,True,100,5,32,True
0.05830301,0.07780434,0.40613654,1.8384281,0.8887032,0.23244882,0.0,0.0,0.0,0.9941116,1.1892344,0.3950734,0.7283749,1.5202502,2.8216708,1.088613,2019-01-30,16,0.2,True,100,5,32,True
0.045643993,0.07159306,0.4157354,1.8602397,0.90212333,0.22169915,0.0,0.0,0.0,1.0075812,1.2160562,0.38646755,0.7463627,1.5209806,2.820631,1.0861313,2019-01-31,16,0.2,True,100,5,32,True
0.034448322,0.064189985,0.4290216,1.88159,0.9178606,0.21158847,0.0,0.0,0.0,1.0207834,1.2401867,0.37972644,0.76420945,1.5185404,2.8166816,1.0792972,2019-02-01,16,0.2,True,100,5,32,True
0.019197129,0.054574527,0.46064693,1.8868194,0.9305974,0.22174686,0.0,0.0,0.0,1.0228208,1.2364417,0.37833294,0.7720209,1.503357,2.8079724,1.0602244,2019-02-07,16,0.2,True,100,5,32,True
0.0,0.043508165,0.49673498,1.8808863,0.9385593,0.23759767,0.0,0.0,0.0,1.0317292,1.2398497,0.36735287,0.789493,1.4882977,2.8122616,1.0448678,2019-02-08,16,0.2,True,100,5,32,True
0.0,0.03261194,0.5330798,1.8673791,0.93569756,0.26003543,0.0,0.0,0.0,1.039948,1.2332776,0.3539701,0.8031559,1.4724615,2.8157313,1.0297054,2019-02-11,16,0.2,True,100,5,32,True
0.0,0.021122828,0.569407,1.8497483,0.9305561,0.28407103,0.0,0.0,0.0,1.044147,1.2173176,0.34516948,0.8124084,1.4530193,2.8150926,1.012169,2019-02-12,16,0.2,True,100,5,32,True
0.0,0.012250137,0.6065061,1.8324385,0.9245725,0.3117373,0.0,0.0,0.0,1.0444238,1.1910677,0.3400379,0.8119584,1.4312761,2.807217,0.99071807,2019-02-13,16,0.2,True,100,5,32,True
0.0,0.004503565,0.64091283,1.8108582,0.9099715,0.34023884,0.0,0.0,0.0,1.0466865,1.163308,0.32843816,0.8097618,1.4089717,2.7942057,0.9680162,2019-02-14,16,0.2,True,100,5,32,True
0.0,0.0,0.6784367,1.7914336,0.9001745,0.36383557,0.0,0.0,0.0,1.055598,1.1463666,0.31461623,0.81728363,1.386519,2.789568,0.9471626,2019-02-15,16,0.2,True,100,5,32,True
0.0,0.0,0.71671736,1.774058,0.8824369,0.39683682,0.0,0.0,0.0,1.06658,1.1253314,0.2955294,0.8164186,1.3702031,2.7809327,0.9251492,2019-02-18,16,0.2,True,100,5,32,True
0.0,0.0,0.75343275,1.7527817,0.8588819,0.4307208,0.0,0.0,0.0,1.0745943,1.0967416,0.27572122,0.80914706,1.3511884,2.765151,0.90152115,2019-02-19,16,0.2,True,100,5,32,True
0.0,0.0,0.7810374,1.7295725,0.8319671,0.45430478,0.0,0.0,0.0,1.0872228,1.0796926,0.25044897,0.8090121,1.3360183,2.7562916,0.8875012,2019-02-20,16,0.2,True,100,5,32,True
0.0,0.0,0.8078041,1.7066426,0.80289775,0.48120204,0.0,0.0,0.0,1.099265,1.0620961,0.22513938,0.80807877,1.3234961,2.747151,0.8733608,2019-02-21,16,0.2,True,100,5,32,True
0.0,0.0,0.8409186,1.6890666,0.7822389,0.5144795,0.0,0.0,0.0,1.1030151,1.0323813,0.20961003,0.79619706,1.3068032,2.730527,0.852182,2019-02-22,16,0.2,True,100,5,32,True
0.0,0.0,0.8637286,1.6667583,0.7590565,0.5319671,0.0,0.0,0.0,1.1136668,1.0155884,0.190376,0.79515195,1.2921671,2.7227917,0.8406713,2019-02-25,16,0.2,True,100,5,32,True
0.0,0.0,0.8852749,1.645616,0.7369865,0.5496115,0.0,0.0,0.0,1.1210908,0.99742645,0.17299141,0.79135644,1.2779715,2.7118087,0.8284168,2019-02-26,16,0.2,True,100,5,32,True
0.0,0.0,0.9075969,1.6213323,0.71408486,0.5750052,0.0,0.0,0.0,1.1210449,0.9683364,0.16004634,0.7791032,1.2629117,2.693886,0.81166303,2019-02-27,16,0.2,True,100,5,32,True
0.0,0.0,0.92539227,1.5963776,0.6961429,0.59141225,0.0,0.0,0.0,1.1193453,0.9425217,0.151974,0.77069503,1.2460307,2.677193,0.7967769,2019-02-28,16,0.2,True,100,5,32,True
0.0,0.0,0.9370082,1.5726811,0.6861339,0.6016393,0.0,0.0,0.0,1.1123136,0.9207498,0.14866045,0.7643131,1.2292837,2.6630092,0.7868819,2019-03-04,16,0.2,True,100,5,32,True
0.0,0.0,0.9415102,1.5580795,0.6751966,0.5973627,0.0,0.0,0.0,1.1133657,0.90708077,0.14553498,0.7579745,1.2175672,2.6553187,0.78591174,2019-03-05,16,0.2,True,100,5,32,True
0.0,0.0,0.9395606,1.5434988,0.65700847,0.589593,0.0,0.0,0.0,1.1153247,0.88989043,0.14040373,0.7464545,1.2085723,2.648205,0.7897249,2019-03-06,16,0.2,True,100,5,32,True
0.0,0.0,0.9318975,1.531037,0.6363686,0.5790899,0.0,0.0,0.0,1.1188272,0.8789559,0.13182579,0.73670477,1.2048203,2.6452327,0.798478,2019-03-07,16,0.2,True,100,5,32,True
0.0,0.0,0.9215235,1.5233624,0.6220116,0.5639272,0.0,0.0054641217,0.0,1.1158619,0.8632167,0.13017288,0.7203331,1.1983346,2.6360133,0.8052595,2019-03-08,16,0.2,True,100,5,32,True
0.0,0.0,0.90121907,1.5131123,0.60262513,0.5465053,0.0,0.015021665,0.0,1.1116287,0.8528242,0.123806626,0.70412564,1.1970903,2.627255,0.8175246,2019-03-11,16,0.2,True,100,5,32,True
0.0,0.0,0.8786555,1.5049196,0.5800568,0.5350246,0.0,0.02346811,0.0,1.107529,0.8454207,0.11517735,0.68856573,1.201738,2.6194146,0.8284167,2019-03-12,16,0.2,True,100,5,32,True
0.0,0.0,0.85611546,1.4969512,0.5595575,0.5225412,0.0,0.030109651,0.0,1.1035802,0.84208727,0.10795623,0.67758,1.2053252,2.6120675,0.83667046,2019-03-13,16,0.2,True,100,5,32,True
0.0,0.0,0.8336745,1.4932646,0.54403484,0.5093242,0.0,0.033718407,0.0,1.1019161,0.8463706,0.102772206,0.6748447,1.2123259,2.6114388,0.8459679,2019-03-14,16,0.2,True,100,5,32,True
0.0,0.0,0.80953246,1.4880635,0.5296862,0.48933923,0.0,0.035689037,0.0,1.1060517,0.8621361,0.094705224,0.6853826,1.2197778,2.6199336,0.8586037,2019-03-15,16,0.2,True,100,5,32,True
0.0,0.0,0.7853867,1.4822147,0.5140884,0.4612122,0.0,0.035038587,0.0,1.1183614,0.8904513,0.08116476,0.7090862,1.2259984,2.637056,0.8772621,2019-03-18,16,0.2,True,100,5,32,True
0.0,0.0,0.7718048,1.485803,0.50602853,0.4381076,0.0,0.032469448,0.0,1.1292924,0.90959615,0.07383154,0.7288228,1.2284263,2.6489537,0.8893875,2019-03-19,16,0.2,True,100,5,32,True
0.0,0.0,0.7650705,1.4981637,0.5065791,0.41567641,0.0,0.028052147,0.0,1.137594,0.92116046,0.072583854,0.743912,1.2276478,2.6546602,0.89570314,2019-03-20,16,0.2,True,100,5,32,True
0.0,0.0,0.7594337,1.5120553,0.5075092,0.3960279,0.0,0.0227716,0.0,1.1459856,0.93381685,0.06813615,0.7555878,1.2289382,2.659357,0.9017333,2019-03-21,16,0.2,True,100,5,32,True
0.0,0.0,0.75168735,1.5332744,0.514668,0.37067944,0.0,0.013324454,0.0,1.1580913,0.9587926,0.06355651,0.7724015,1.2359369,2.6700742,0.9126878,2019-03-22,16,0.2,True,100,5,32,True
0.0,0.0,0.74761164,1.5569998,0.52735156,0.34696105,0.0,0.004322484,0.0,1.1654079,0.97612447,0.06389699,0.7796026,1.2381586,2.671796,0.9180757,2019-03-25,16,0.2,True,100,5,32,True
0.0,0.0,0.73402977,1.5762497,0.5318528,0.32169044,0.0,0.0,0.0,1.1761613,1.003566,0.055695787,0.79236346,1.2496749,2.6836011,0.9343484,2019-03-26,16,0.2,True,100,5,32,True
0.0,0.0,0.71441334,1.5950449,0.5346161,0.2924606,0.0,0.0,0.0,1.1876527,1.0373927,0.04648921,0.8108693,1.2642484,2.6976197,0.95411915,2019-03-27,16,0.2,True,100,5,32,True
0.0,0.0,0.7020352,1.617802,0.5351799,0.283661,0.0,0.0,0.0,1.1907806,1.0518197,0.04070025,0.8128488,1.2797352,2.7001402,0.9637407,2019-03-28,16,0.2,True,100,5,32,True
0.0,0.0,0.69010717,1.6360297,0.53227973,0.28140152,0.0,0.0,0.0,1.1929014,1.0661571,0.033326417,0.8117025,1.2984815,2.7058156,0.9752285,2019-03-29,16,0.2,True,100,5,32,True
0.0,0.0,0.6837176,1.6548723,0.53191894,0.28463048,0.0,0.0,0.0,1.1927997,1.0757445,0.02870918,0.8041099,1.3143452,2.7075815,0.98151416,2019-04-01,16,0.2,True,100,5,32,True
0.0,0.0,0.6814931,1.6687461,0.52995837,0.28753835,0.0,0.0,0.0,1.1967261,1.084638,0.024026778,0.8006324,1.3259465,2.7138336,0.9866612,2019-04-02,16,0.2,True,100,5,32,True
0.0,0.0,0.6860489,1.6827736,0.5287267,0.29216415,0.0,0.0,0.0,1.2031152,1.0898116,0.018832596,0.7937128,1.3326702,2.7182014,0.98797345,2019-04-03,16,0.2,True,100,5,32,True
0.0,0.0,0.69929343,1.6980697,0.5406034,0.29510394,0.0,0.0,0.0,1.203886,1.0871851,0.023907816,0.7822563,1.3273971,2.7121491,0.9774874,2019-04-04,16,0.2,True,100,5,32,True
0.0,0.0,0.7184591,1.7113684,0.5509313,0.30984938,0.0,0.0,0.0,1.2053667,1.0822473,0.025359903,0.76715547,1.3247246,2.704485,0.9627694,2019-04-05,16,0.2,True,100,5,32,True
0.0,0.0,0.7351458,1.7208667,0.55429345,0.32616547,0.0,0.0,0.0,1.2150528,1.0902492,0.014972828,0.7599383,1.3297532,2.7075903,0.95592004,2019-04-08,16,0.2,True,100,5,32,True
0.0,0.0,0.7503129,1.7318985,0.5645856,0.33122826,0.0,0.0,0.0,1.2271287,1.1033388,0.008789886,0.7578743,1.3301289,2.713417,0.9520007,2019-04-09,16,0.2,True,100,5,32,True
0.0,0.0,0.76547027,1.7441456,0.57557994,0.33796462,0.0,0.0,0.0,1.2363763,1.1134752,0.004417438,0.7553622,1.3300587,2.7149944,0.9458539,2019-04-10,16,0.2,True,100,5,32,True
0.0,0.0,0.7812899,1.7566017,0.58654934,0.34448496,0.0,0.0,0.0,1.2471341,1.1253879,0.0,0.75456643,1.3299797,2.717563,0.93910086,2019-04-11,16,0.2,True,100,5,32,True
0.0,0.0,0.7992845,1.7674797,0.59466875,0.35804522,0.0,0.0,0.0,1.2572792,1.1344366,0.0,0.75096846,1.3313696,2.7191029,0.92896354,2019-04-12,16,0.2,True,100,5,32,True
0.0,0.0,0.81384593,1.7748666,0.5984308,0.36892357,0.0,0.0,0.0,1.2680243,1.1455561,0.0,0.7499486,1.3320181,2.72014,0.91999656,2019-04-15,16,0.2,True,100,5,32,True
0.0,0.0,0.8313116,1.7843101,0.60320264,0.38001773,0.0,0.0,0.0,1.2788903,1.1525885,0.0,0.74637735,1.3302752,2.7184289,0.9098657,2019-04-16,16,0.2,True,100,5,32,True
0.0,0.0,0.8517357,1.793815,0.6092966,0.39495933,0.0,0.0,0.0,1.2865269,1.1533251,0.0,0.7382486,1.3277256,2.71442,0.8969889,2019-04-17,16,0.2,True,100,5,32,True
0.0,0.0,0.87484384,1.8013837,0.61533487,0.4132298,0.0,0.0,0.0,1.2899897,1.1460477,0.0,0.7234288,1.3217914,2.703788,0.87944156,2019-04-18,16,0.2,True,100,5,32,True
0.0,0.0,0.8959175,1.8062276,0.6189308,0.43543008,0.0,0.0,0.0,1.2890086,1.1321472,0.0,0.7021446,1.3176135,2.690158,0.8615704,2019-04-19,16,0.2,True,100,5,32,True
0.0,0.0,0.9020946,1.806277,0.61921185,0.4373711,0.0,0.0,0.0,1.2950174,1.138612,0.0,0.69662935,1.3137435,2.6843412,0.8553566,2019-04-22,16,0.2,True,100,5,32,True
0.0,0.0,0.90893996,1.8061489,0.6184161,0.44495857,0.0,0.0,0.0,1.2983096,1.1390129,0.0,0.6882458,1.312074,2.6776607,0.84848034,2019-04-23,16,0.2,True,100,5,32,True
0.0,0.0,0.9160734,1.805902,0.61707264,0.45399448,0.0,0.0,0.0,1.3002224,1.1365992,0.0,0.6781876,1.3101622,2.6699047,0.8412042,2019-04-24,16,0.2,True,100,5,32,True
0.0,0.0,0.9201971,1.8030887,0.61247987,0.4650241,0.0,0.0,0.0,1.2995541,1.1311357,0.0,0.66624993,1.3096583,2.6615257,0.834956,2019-04-25,16,0.2,True,100,5,32,True
0.0,0.0,0.9249643,1.801024,0.6091974,0.47561613,0.0,0.0,0.0,1.2952944,1.1165551,0.0,0.64821994,1.3061634,2.649176,0.8286131,2019-04-26,16,0.2,True,100,5,32,True
0.0,0.0,0.92542493,1.7978528,0.6030743,0.48774707,0.0,0.0,0.0,1.2906262,1.1029501,0.0,0.628942,1.306528,2.6396155,0.82500476,2019-04-29,16,0.2,True,100,5,32,True
0.0,0.004322104,0.92951167,1.7980939,0.59979683,0.4995981,0.0,0.0,0.0,1.2904435,1.0962332,0.0,0.615524,1.309099,2.6360781,0.820529,2019-04-30,16,0.2,True,100,5,32,True
0.0,0.007285312,0.9324343,1.7993362,0.59599483,0.506606,0.0,0.0,0.0,1.2953572,1.0973557,0.0,0.60827494,1.3130093,2.637669,0.81896514,2019-05-02,16,0.2,True,100,5,32,True
0.0,0.010138169,0.9286883,1.798132,0.5880297,0.5088188,0.0,0.0,0.0,1.2960563,1.0920811,0.0,0.5993185,1.316186,2.6327531,0.81929296,2019-05-03,16,0.2,True,100,5,32,True
0.0,0.01260449,0.91458684,1.7931697,0.5718581,0.5039306,0.0,0.0,0.0,1.2991945,1.0942111,0.0,0.59661365,1.3232989,2.6320064,0.8273951,2019-05-07,16,0.2,True,100,5,32,True
0.0,0.013810057,0.89648867,1.7891943,0.55577457,0.4940415,0.0,0.0,0.0,1.3013256,1.0943637,0.0,0.5966013,1.3329159,2.636644,0.84278834,2019-05-08,16,0.2,True,100,5,32,True
0.0,0.012983054,0.8676699,1.7787088,0.5365235,0.47031438,0.0,0.0,0.0,1.3036382,1.1013345,0.0,0.6075378,1.339236,2.6453526,0.86720437,2019-05-09,16,0.2,True,100,5,32,True
0.0,0.016459314,0.83620626,1.7692144,0.51725084,0.4456552,0.0,0.0,0.0,1.2983034,1.0935869,0.0,0.6091989,1.3450611,2.6498578,0.8957752,2019-05-10,16,0.2,True,100,5,32,True
0.0060508475,0.01893462,0.8002846,1.7600065,0.49935395,0.41173694,0.0,0.0002990812,0.0,1.2922103,1.0853183,0.0,0.61512095,1.350652,2.6565542,0.9294292,2019-05-13,16,0.2,True,100,5,32,True
0.017033152,0.02738126,0.7635189,1.7480408,0.47854954,0.3863797,0.0,0.014535304,0.0,1.2765726,1.0646999,0.0,0.609221,1.3539717,2.6537306,0.95454806,2019-05-14,16,0.2,True,100,5,32,True
0.027153287,0.039939612,0.7316339,1.7366569,0.45639315,0.37447783,0.0,0.02789107,0.0,1.2575357,1.0401987,0.0,0.5966061,1.3602257,2.6501358,0.9709101,2019-05-15,16,0.2,True,100,5,32,True
0.037776615,0.054640573,0.70199215,1.7285591,0.4374925,0.3662286,0.0,0.038956124,0.0,1.2402458,1.0205516,0.0,0.5826263,1.367864,2.647415,0.98285896,2019-05-16,16,0.2,True,100,5,32,True
0.04738698,0.07105883,0.6714225,1.7214013,0.4230814,0.35751265,0.0,0.046360902,0.0,1.2225295,1.0069466,0.0,0.5702903,1.3775324,2.6471217,0.99439526,2019-05-17,16,0.2,True,100,5,32,True
0.055858508,0.08822335,0.6384748,1.7137389,0.40877596,0.34750527,0.0,0.052015577,0.0,1.2059782,0.99858403,0.0,0.559637,1.3898612,2.6506226,1.0083587,2019-05-20,16,0.2,True,100,5,32,True
0.06534889,0.108906046,0.6084328,1.7085341,0.39856133,0.34268782,0.0,0.056374025,0.0,1.1864487,0.9884338,0.0,0.54494464,1.4008847,2.6520405,1.0186789,2019-05-21,16,0.2,True,100,5,32,True
0.07659998,0.13363373,0.5810123,1.7032986,0.387693,0.34218174,0.0,0.060294926,0.0,1.1664917,0.9779783,0.0,0.5255765,1.4089992,2.6467102,1.0237592,2019-05-22,16,0.2,True,100,5,32,True
0.08687693,0.15559784,0.5533047,1.7024738,0.38583338,0.3343065,0.0,0.06046944,0.0,1.15089,0.9786908,0.0,0.5145413,1.4175347,2.6482484,1.0319697,2019-05-23,16,0.2,True,100,5,32,True
0.09449684,0.17844975,0.5243446,1.70417,0.38413075,0.3277776,0.0,0.05826713,0.0,1.1370257,0.9850322,0.0,0.5054123,1.4286824,2.6486464,1.0409957,2019-05-24,16,0.2,True,100,5,32,True
0.10127912,0.20234308,0.49789917,1.7073381,0.3796489,0.3280088,0.0,0.057012413,0.0,1.1242893,0.9894334,0.0,0.4938062,1.4421115,2.6503909,1.0501015,2019-05-27,16,0.2,True,100,5,32,True
0.10858351,0.22612184,0.47902834,1.7113724,0.3767305,0.33562303,0.0,0.056852587,0.0,1.1094297,0.9877493,0.00026650354,0.47778544,1.4533393,2.6508129,1.0545512,2019-05-28,16,0.2,True,100,5,32,True
0.11646795,0.24845842,0.46312767,1.7155689,0.37483287,0.34427193,0.0,0.05710811,0.0,1.0964643,0.98646384,0.0065456815,0.46184164,1.4631293,2.6512754,1.0574331,2019-05-29,16,0.2,True,100,5,32,True
0.1263039,0.26902136,0.44702604,1.722032,0.37922388,0.34765133,0.0,0.056370586,0.0,1.0840604,0.9877596,0.017194415,0.44776437,1.472225,2.6532762,1.0616027,2019-05-30,16,0.2,True,100,5,32,True
0.13497363,0.29340965,0.43860787,1.7252829,0.38572496,0.3575169,0.0,0.059642978,0.0,1.070681,0.98121846,0.033012427,0.43172818,1.4765469,2.6503336,1.0554919,2019-05-31,16,0.2,True,100,5,32,True
0.1430518,0.31736165,0.43377736,1.7275462,0.39327356,0.3722358,0.0,0.06376842,0.0,1.0571601,0.9723849,0.0496135,0.41509974,1.4808832,2.6478162,1.0461372,2019-06-03,16,0.2,True,100,5,32,True
0.1401249,0.33349115,0.43051934,1.7217387,0.3972248,0.39929843,0.0,0.062247496,0.0,1.0429697,0.96836406,0.060059447,0.4034472,1.4886856,2.649748,1.0329542,2019-06-04,16,0.2,True,100,5,32,True
0.1331034,0.34420627,0.42972973,1.7116573,0.39547732,0.4356057,0.0,0.059530012,0.0,1.0310094,0.9654593,0.06480482,0.3926215,1.4980862,2.655035,1.0196434,2019-06-05,16,0.2,True,100,5,32,True
0.12232643,0.35106066,0.43013003,1.7033012,0.3913567,0.47228268,0.0,0.055932477,0.0,1.0222147,0.9642469,0.06888101,0.3862459,1.509253,2.6637874,1.0079745,2019-06-07,16,0.2,True,100,5,32,True
0.108316585,0.354892,0.4336027,1.6972783,0.38311318,0.5147859,0.0,0.050130554,0.0,1.0182762,0.9688176,0.066495255,0.38186967,1.5254842,2.6773882,0.99804616,2019-06-10,16,0.2,True,100,5,32,True
0.093382716,0.356328,0.44201875,1.6941355,0.3778194,0.5565205,0.0,0.043530792,0.0,1.0173105,0.97465456,0.0648081,0.38018137,1.5386498,2.6894848,0.9852291,2019-06-11,16,0.2,True,100,5,32,True
0.07999458,0.35091498,0.45420808,1.6939114,0.37771308,0.59110427,0.0,0.036632836,0.0,1.0192432,0.98105174,0.065255284,0.3827602,1.5478199,2.7018793,0.9744997,2019-06-12,16,0.2,True,100,5,32,True
0.07002691,0.3456856,0.47314122,1.6915009,0.38001817,0.6255093,0.0,0.035508968,0.0,1.0201385,0.97555596,0.07202557,0.38264072,1.5499119,2.7084403,0.9587635,2019-06-13,16,0.2,True,100,5,32,True
0.05787959,0.33144018,0.48518535,1.6919361,0.37820277,0.65113395,0.0,0.028381653,0.0,1.0280802,0.9859751,0.06563491,0.39090568,1.5592544,2.7254941,0.957199,2019-06-14,16,0.2,True,100,5,32,True
0.047326356,0.31494966,0.494154,1.6923018,0.37908825,0.6640995,0.0,0.02393959,0.0,1.0403202,0.99900335,0.06229854,0.40601766,1.5659242,2.744818,0.96096325,2019-06-17,16,0.2,True,100,5,32,True
0.040907174,0.30020097,0.5061219,1.693701,0.38119757,0.6764036,0.0,0.023266423,0.0,1.04841,1.000254,0.06427347,0.41498628,1.5690255,2.7571378,0.96202856,2019-06-18,16,0.2,True,100,5,32,True
0.038269754,0.28655443,0.52033186,1.6934311,0.38521463,0.6865785,0.0,0.02500111,0.0,1.0541425,0.9953022,0.06909644,0.42048034,1.5675495,2.76484,0.96104175,2019-06-19,16,0.2,True,100,5,32,True
0.035468243,0.27295336,0.536859,1.694181,0.38822803,0.6974562,0.0,0.027621228,0.0,1.0619096,0.9896193,0.07103803,0.42519426,1.5663239,2.772185,0.95875055,2019-06-20,16,0.2,True,100,5,32,True
0.0316607,0.2614974,0.5602784,1.6934798,0.38740104,0.7195625,0.0,0.031183321,0.0,1.0683126,0.9778028,0.07019052,0.42401803,1.5646958,2.773034,0.94700557,2019-06-21,16,0.2,True,100,5,32,True
0.024326365,0.24814045,0.577088,1.6913273,0.38265237,0.7333131,0.0,0.033351652,0.0,1.0795661,0.976083,0.06384513,0.4312215,1.5662762,2.7791684,0.9406432,2019-06-24,16,0.2,True,100,5,32,True
0.02003692,0.23643684,0.5998253,1.6902587,0.38034508,0.75211835,0.0,0.036669742,0.0,1.0868733,0.9659777,0.061094537,0.43124178,1.5647752,2.779965,0.9291116,2019-06-25,16,0.2,True,100,5,32,True
0.015795298,0.22579747,0.61718506,1.6878284,0.37717447,0.76426715,0.0,0.03842117,0.0,1.0933478,0.95974237,0.05640435,0.4327575,1.5626009,2.7785306,0.9194631,2019-06-26,16,0.2,True,100,5,32,True
0.012085497,0.21640855,0.6318542,1.6850586,0.3758775,0.77353305,0.0,0.039211795,0.0,1.0981956,0.95549977,0.052385353,0.4346342,1.5598072,2.7775242,0.9115404,2019-06-27,16,0.2,True,100,5,32,True
0.0085352585,0.20932403,0.6444678,1.683336,0.37321743,0.78361225,0.0,0.039299097,0.0,1.1038604,0.9537881,0.04611178,0.43509954,1.5593164,2.7769241,0.9043409,2019-06-28,16,0.2,True,100,5,32,True
0.008234359,0.20512179,0.6566407,1.6806545,0.36849022,0.7940912,0.0,0.041111127,0.0,1.1059171,0.9460931,0.040741548,0.4297322,1.5562025,2.769234,0.8948414,2019-07-01,16,0.2,True,100,5,32,True
0.007939123,0.19680819,0.66174114,1.6800635,0.3602002,0.8006723,0.0,0.04344067,0.0,1.1117085,0.9457787,0.032914124,0.42822406,1.5582722,2.7631817,0.88820493,2019-07-02,16,0.2,True,100,5,32,True
0.008538231,0.18527961,0.6622576,1.68179,0.35289532,0.7971225,0.0,0.04596945,0.0,1.119666,0.95016545,0.026521472,0.43219724,1.5611403,2.7594576,0.8868746,2019-07-03,16,0.2,True,100,5,32,True
0.007923678,0.17388389,0.6545662,1.6846769,0.34531403,0.78491557,0.0,0.046958897,0.0,1.1284841,0.96208966,0.01982321,0.44288298,1.5678126,2.758473,0.8918753,2019-07-04,16,0.2,True,100,5,32,True
0.008266933,0.16102499,0.64775735,1.6858873,0.33601546,0.77218705,0.0,0.049525023,0.0,1.1350402,0.96839005,0.01498718,0.4515677,1.571985,2.7518432,0.8947512,2019-07-05,16,0.2,True,100,5,32,True
0.0041826814,0.14702687,0.63726044,1.6864127,0.32699504,0.7565166,0.0,0.04940336,0.0,1.1420327,0.9804711,0.0094415285,0.46609372,1.5783784,2.747924,0.8995491,2019-07-08,16,0.2,True,100,5,32,True
0.005095534,0.13640803,0.62436706,1.6854931,0.3225866,0.73823506,0.0,0.051117945,0.0,1.1387588,0.9819765,0.0138114225,0.47485703,1.5815042,2.739284,0.90541095,2019-07-09,16,0.2,True,100,5,32,True
0.0029538348,0.1342579,0.6067799,1.6838353,0.31294486,0.7305978,0.0,0.050888143,0.0,1.1302935,0.98328483,0.015715897,0.47846246,1.5918959,2.7304423,0.9089119,2019-07-10,16,0.2,True,100,5,32,True
0.0,0.138198,0.5849799,1.68317,0.29968518,0.7285968,0.0,0.048137557,0.0,1.1226114,0.9923858,0.012119647,0.4807584,1.6081393,2.7253811,0.9120226,2019-07-11,16,0.2,True,100,5,32,True
0.0,0.14204797,0.564816,1.6831803,0.28675237,0.72812593,0.0,0.04444515,0.0,1.1163557,1.003898,0.007828571,0.4828621,1.6235546,2.7208111,0.91342145,2019-07-12,16,0.2,True,100,5,32,True
0.0,0.14542067,0.5467397,1.6829301,0.27182668,0.7319472,0.0,0.040058542,0.0,1.1122378,1.0175018,0.0014685579,0.48644236,1.6399486,2.7203088,0.9135845,2019-07-15,16,0.2,True,100,5,32,True
0.0,0.15039209,0.53377223,1.6856016,0.2604985,0.7369097,0.0,0.036585867,0.0,1.1069368,1.025025,0.0,0.48626956,1.6519243,2.716494,0.91188365,2019-07-16,16,0.2,True,100,5,32,True
0.0,0.15575378,0.5214393,1.6889836,0.24873564,0.7423998,0.0,0.03242913,0.0,1.1061342,1.0382429,0.0,0.48814467,1.6656104,2.7183032,0.91165364,2019-07-17,16,0.2,True,100,5,32,True
0.0,0.16159394,0.507987,1.6959482,0.24321145,0.7371339,0.0,0.029824626,0.0,1.104896,1.0480185,0.0,0.49036878,1.6737859,2.717741,0.91645837,2019-07-18,16,0.2,True,100,5,32,True
0.0,0.16712037,0.49538627,1.701312,0.23704675,0.7340172,0.0,0.028389905,0.0,1.1029948,1.0550169,0.0,0.4911087,1.6823183,2.7174222,0.92063254,2019-07-19,16,0.2,True,100,5,32,True
0.0,0.17028904,0.48605773,1.7058383,0.23262122,0.7303642,0.0,0.027444642,0.0,1.1027433,1.0606668,0.0,0.49255535,1.6880049,2.7169056,0.923606,2019-07-22,16,0.2,True,100,5,32,True
0.0,0.17399982,0.4875186,1.7110497,0.22865006,0.7396825,0.0,0.026806477,0.0,1.1010127,1.0581051,0.0,0.48914853,1.6926277,2.7127872,0.9172123,2019-07-23,16,0.2,True,100,5,32,True
0.0,0.1767495,0.49246573,1.7129706,0.22089171,0.7579703,0.0,0.026480604,0.0,1.1024203,1.0581127,0.0,0.48620707,1.7007719,2.714029,0.90788555,2019-07-24,16,0.2,True,100,5,32,True
0.0,0.17968652,0.5007645,1.716628,0.21666822,0.7770014,0.0,0.025282055,0.0,1.1026965,1.0564927,0.0,0.48245335,1.7070029,2.7134888,0.89679927,2019-07-25,16,0.2,True,100,5,32,True
0.0,0.18434453,0.5077469,1.7194316,0.21367365,0.79947233,0.0,0.023135733,0.0,1.1017312,1.0569923,0.0,0.4760782,1.7154056,2.712896,0.88485867,2019-07-26,16,0.2,True,100,5,32,True
0.0,0.19068927,0.50641507,1.7206739,0.20781532,0.81881773,0.0,0.018528204,0.0,1.1012774,1.0666733,0.0,0.47177386,1.7284969,2.7153587,0.87665683,2019-07-29,16,0.2,True,100,5,32,True
0.0,0.19983625,0.4979831,1.7223709,0.202808,0.83225006,0.0,0.014267817,0.0,1.0959176,1.0741619,0.0,0.4665302,1.7418923,2.7168036,0.87411064,2019-07-30,16,0.2,True,100,5,32,True
0.0,0.21135539,0.4881626,1.7260903,0.20109132,0.84350574,0.0,0.011060268,0.0,1.0865374,1.0759233,0.0,0.45703638,1.7534081,2.7144513,0.8727202,2019-07-31,16,0.2,True,100,5,32,True
0.0,0.22443342,0.47585326,1.728097,0.19861716,0.8568893,0.0,0.007968007,0.0,1.0756354,1.0778285,0.0,0.44640616,1.767075,2.7145236,0.87258106,2019-08-01,16,0.2,True,100,5,32,True
0.0,0.23940238,0.4560452,1.7278992,0.19752797,0.87979585,0.0,0.0,0.0,1.0565075,1.0837431,0.0036125109,0.43749908,1.7893026,2.7135649,0.8679966,2019-08-02,16,0.2,True,100,5,32,True
0.0,0.2536979,0.4308057,1.7241961,0.19447497,0.9052572,0.0,0.0,0.0,1.0346701,1.0909944,0.017914258,0.429146,1.8153913,2.7127025,0.86375296,2019-08-05,16,0.2,True,100,5,32,True
0.0,0.26683486,0.39478743,1.7196037,0.19711673,0.9114026,0.0,0.0,0.0,1.0097659,1.0967585,0.043345284,0.42566893,1.8366618,2.7130783,0.8711159,2019-08-06,16,0.2,True,100,5,32,True
0.0,0.28684732,0.35699993,1.713807,0.19447047,0.93117005,0.0,0.0,0.0,0.98383033,1.1035964,0.065544575,0.4201662,1.8647757,2.7177424,0.87827915,2019-08-07,16,0.2,True,100,5,32,True
0.0,0.30988085,0.31742388,1.70988,0.18965682,0.95249563,0.0,0.0,0.0,0.9604044,1.1140873,0.08679192,0.4161802,1.8953315,2.7230933,0.8852994,2019-08-08,16,0.2,True,100,5,32,True
0.0,0.33332694,0.2802577,1.7088802,0.18513131,0.9795762,0.0,0.0,0.0,0.93844026,1.1280177,0.10629633,0.4126593,1.9277539,2.7274413,0.8876286,2019-08-09,16,0.2,True,100,5,32,True
0.0,0.35656926,0.24393497,1.7139432,0.18581334,1.0021533,0.0,0.0,0.0,0.9179778,1.1462016,0.12611032,0.40901446,1.9586648,2.7294939,0.88893527,2019-08-12,16,0.2,True,100,5,32,True
0.0,0.38117918,0.2216515,1.7203822,0.19081992,1.036571,0.0,0.0,0.0,0.8921665,1.1515429,0.15085982,0.39607564,1.9836771,2.7217534,0.87546855,2019-08-13,16,0.2,True,100,5,32,True
0.0,0.40403327,0.19541866,1.731657,0.19568202,1.0687379,0.0,0.0,0.0,0.8723689,1.1677397,0.16771416,0.38561678,2.01209,2.7195635,0.86772865,2019-08-14,16,0.2,True,100,5,32,True
0.0,0.4215858,0.16047643,1.7467136,0.21430814,1.0719517,0.0,0.0,0.0,0.854791,1.1875165,0.19209889,0.381611,2.028731,2.7127204,0.87019366,2019-08-16,16,0.2,True,100,5,32,True
0.0,0.44377682,0.1260903,1.7652615,0.2253258,1.0900146,0.0,0.0,0.0,0.84054625,1.2147862,0.20605834,0.37754613,2.0572727,2.710082,0.86849403,2019-08-19,16,0.2,True,100,5,32,True
0.0,0.4664682,0.10069599,1.7813458,0.23710626,1.113839,0.0,0.0,0.0,0.82611835,1.2357639,0.22192764,0.3712354,2.0826135,2.706231,0.8601366,2019-08-20,16,0.2,True,100,5,32,True
0.0,0.48815367,0.080566086,1.7955059,0.24384364,1.1464,0.0,0.0,0.0,0.81375307,1.2576882,0.23167376,0.3655523,2.1097753,2.7040987,0.84684944,2019-08-21,16,0.2,True,100,5,32,True
0.0,0.5033076,0.056687318,1.8097193,0.24714005,1.1744522,0.0,0.0,0.0,0.805085,1.2878897,0.23256825,0.36469528,2.137492,2.7071457,0.84244436,2019-08-22,16,0.2,True,100,5,32,True
0.0,0.5173943,0.038461387,1.8222405,0.24756652,1.2044808,0.0,0.0,0.0,0.79954153,1.3146734,0.23254819,0.36561108,2.1635628,2.7119591,0.8370776,2019-08-23,16,0.2,True,100,5,32,True
0.0,0.53122574,0.020705208,1.8378074,0.24876618,1.2318283,0.0,0.0,0.0,0.7985371,1.3467735,0.22984461,0.36902168,2.1908512,2.723255,0.83583266,2019-08-26,16,0.2,True,100,5,32,True
0.0,0.5462937,0.0,1.8579599,0.25810277,1.2391001,0.0,0.0,0.0,0.79539275,1.3749186,0.23504603,0.37202895,2.2102714,2.7298343,0.8435452,2019-08-27,16,0.2,True,100,5,32,True
0.0,0.56198555,0.0,1.8756078,0.2633218,1.2548048,0.0,0.0,0.0,0.7913195,1.3963906,0.23976657,0.37201515,2.2318401,2.737347,0.8455917,2019-08-28,16,0.2,True,100,5,32,True
0.0,0.57776046,0.0,1.8916123,0.26849696,1.2705817,0.0,0.0,0.0,0.7879247,1.4155765,0.24449308,0.37053445,2.251392,2.7444632,0.8458812,2019-08-29,16,0.2,True,100,5,32,True
0.0,0.59124136,0.0,1.9065586,0.27184245,1.2876253,0.0,0.0,0.0,0.7865156,1.43394,0.24706787,0.3692095,2.2715461,2.754958,0.84737307,2019-08-30,16,0.2,True,100,5,32,True
0.0,0.6044578,0.0,1.9194074,0.2764663,1.3099382,0.0,0.0,0.0,0.78449726,1.4459262,0.25121188,0.3671155,2.289376,2.7646782,0.84172654,2019-09-02,16,0.2,True,100,5,32,True
0.0,0.61635906,0.0,1.9334629,0.2825225,1.3305606,0.0,0.0,0.0,0.7856082,1.4557524,0.25189292,0.36252624,2.3029616,2.7748978,0.8352143,2019-09-03,16,0.2,True,100,5,32,True
0.0,0.6233868,0.0,1.9495637,0.29392847,1.3388239,0.0,0.0,0.0,0.78784466,1.4658426,0.25354886,0.36004978,2.3116424,2.7853017,0.83365,2019-09-04,16,0.2,True,100,5,32,True
0.0,0.627938,0.0,1.964584,0.30606642,1.3466291,0.0,0.0,0.0,0.79219836,1.4735192,0.25450993,0.35688162,2.3178334,2.7941585,0.82965094,2019-09-05,16,0.2,True,100,5,32,True
0.0,0.6308198,0.0,1.9810725,0.3143624,1.3575919,0.0,0.0,0.0,0.80092365,1.486977,0.24720553,0.35494736,2.328045,2.8042486,0.8246967,2019-09-06,16,0.2,True,100,5,32,True
0.0,0.631235,0.0,1.998094,0.32146588,1.3661016,0.0,0.0,0.0,0.8119667,1.505291,0.23400709,0.35335803,2.3381255,2.814376,0.82253164,2019-09-09,16,0.2,True,100,5,32,True
0.0,0.63182646,0.0,2.0136132,0.32658356,1.3761393,0.0,0.0,0.0,0.8241344,1.5244881,0.21798116,0.3504491,2.3476467,2.8230634,0.8188076,2019-09-10,16,0.2,True,100,5,32,True
0.0,0.63071257,0.014978248,2.0268369,0.33080035,1.3855888,0.0,0.0,0.0,0.83751345,1.539692,0.20292488,0.3480198,2.354088,2.8324463,0.8148825,2019-09-11,16,0.2,True,100,5,32,True
0.0,0.6269324,0.032117154,2.0392568,0.33377737,1.3964432,0.0,0.0,0.0,0.8528967,1.5558965,0.18513887,0.34652734,2.3606906,2.8445022,0.8119675,2019-09-16,16,0.2,True,100,5,32,True
0.0,0.62105036,0.057227984,2.0488186,0.34498823,1.401887,0.0,0.0,0.0,0.8670453,1.560364,0.17834724,0.34521013,2.3560967,2.853346,0.805788,2019-09-17,16,0.2,True,100,5,32,True
0.0,0.61338514,0.087835014,2.0522618,0.35949722,1.4013314,0.0,0.0,0.0,0.8785006,1.5521662,0.1788196,0.34298107,2.3395925,2.8540466,0.795377,2019-09-18,16,0.2,True,100,5,32,True
0.0,0.604564,0.11933968,2.05567,0.37413517,1.4021909,0.0,0.0,0.0,0.8899069,1.5431385,0.17785475,0.33913174,2.3226664,2.8526042,0.78327644,2019-09-19,16,0.2,True,100,5,32,True
0.0,0.59414345,0.14653918,2.0577981,0.3807798,1.4051,0.0,0.0,0.0,0.902769,1.5387368,0.16669449,0.33317408,2.309721,2.849433,0.7731615,2019-09-20,16,0.2,True,100,5,32,True
0.0,0.5792965,0.16220264,2.0603118,0.38319686,1.3994545,0.0,0.0,0.0,0.9155507,1.5453708,0.14740716,0.33321387,2.3011577,2.8490703,0.7735406,2019-09-23,16,0.2,True,100,5,32,True
0.0,0.5658731,0.17417361,2.063602,0.38444978,1.3893787,0.0,0.0,0.0,0.9320992,1.5574347,0.12785265,0.33796993,2.2947953,2.8511498,0.77676094,2019-09-24,16,0.2,True,100,5,32,True
0.0,0.5525317,0.18695833,2.0655792,0.38441968,1.3828715,0.0,0.0,0.0,0.9468266,1.566029,0.11199315,0.34321812,2.2894585,2.8529923,0.7774374,2019-09-25,16,0.2,True,100,5,32,True
0.0,0.5385601,0.19616829,2.0654695,0.38439342,1.3676444,0.0,0.0,0.0,0.9606915,1.5717764,0.10083786,0.35111174,2.281546,2.8544843,0.7832467,2019-09-26,16,0.2,True,100,5,32,True
0.0,0.5284367,0.20145763,2.067363,0.38221863,1.3541898,0.0,0.0,0.0,0.9721606,1.5780241,0.090055004,0.35871786,2.2787852,2.8573914,0.78925025,2019-09-27,16,0.2,True,100,5,32,True
0.0,0.52092296,0.20442657,2.0654418,0.3749743,1.3439136,0.0,0.0,0.0,0.9810676,1.581391,0.077784225,0.3622973,2.2763822,2.857109,0.7942393,2019-09-30,16,0.2,True,100,5,32,True
0.0,0.51418275,0.21707933,2.0604908,0.36688906,1.3413734,0.0,0.0,0.0,0.9845573,1.5689179,0.07081326,0.35600424,2.2667515,2.8476264,0.79055214,2019-10-01,16,0.2,True,100,5,32,True
0.0,0.5065971,0.22803573,2.057793,0.36318135,1.3309935,0.0,0.0,0.0,0.9865228,1.556675,0.06780912,0.3529698,2.2534053,2.835358,0.78663504,2019-10-02,16,0.2,True,100,5,32,True
0.0,0.5029986,0.23719618,2.0592694,0.35883713,1.3224434,0.0,0.0,0.0,0.98866206,1.5457692,0.06319288,0.34755215,2.2439601,2.8235743,0.7832164,2019-10-04,16,0.2,True,100,5,32,True
0.0,0.50372654,0.23929003,2.0610907,0.352818,1.3108307,0.0,0.0,0.0,0.9899728,1.5380136,0.056878798,0.34129748,2.2375093,2.8124025,0.78327245,2019-10-07,16,0.2,True,100,5,32,True
0.0,0.50983846,0.24185804,2.061871,0.3458689,1.30475,0.0,0.0,0.0,0.99117017,1.5302769,0.05075575,0.3319365,2.232696,2.8003454,0.77950215,2019-10-08,16,0.2,True,100,5,32,True
0.0,0.5130359,0.24008277,2.0654802,0.34523037,1.2894211,0.0,0.0,0.0,0.9922179,1.5266359,0.04847193,0.3262593,2.2272127,2.790231,0.78084284,2019-10-10,16,0.2,True,100,5,32,True
0.0,0.51667136,0.2348878,2.0660949,0.34048903,1.2765096,0.0,0.0,0.0,0.9923768,1.525767,0.042463146,0.31975943,2.224375,2.778678,0.78193897,2019-10-11,16,0.2,True,100,5,32,True
0.0,0.5163457,0.22499329,2.0661292,0.3363716,1.2523366,0.0,0.0,0.0,0.99657863,1.5320883,0.033338953,0.31891808,2.219622,2.7693915,0.7913961,2019-10-14,16,0.2,True,100,5,32,True
0.0,0.51596004,0.21865529,2.0669723,0.3347489,1.2317994,0.0,0.0,0.0,0.99923646,1.5356164,0.027558733,0.3199726,2.2137203,2.7608259,0.7973865,2019-10-15,16,0.2,True,100,5,32,True
0.0,0.5161465,0.21961844,2.0668514,0.33462435,1.2167959,0.0,0.0,0.0,1.002174,1.5325315,0.025628876,0.31938303,2.2045753,2.7507954,0.7978513,2019-10-16,16,0.2,True,100,5,32,True
0.0,0.5189173,0.22575998,2.0654578,0.34057626,1.2030497,0.0,0.0,0.0,1.0028105,1.5210823,0.032983687,0.31832966,2.189512,2.7372305,0.79140604,2019-10-17,16,0.2,True,100,5,32,True
0.0,0.519511,0.23004219,2.0641327,0.3397236,1.1985669,0.0,0.0,0.0,1.0044028,1.5173413,0.029190224,0.31704476,2.1833231,2.7314248,0.7879933,2019-10-18,16,0.2,True,100,5,32,True
0.0,0.52032673,0.23507449,2.0632966,0.33932328,1.1961038,0.0,0.0,0.0,1.0055374,1.512921,0.026864272,0.3149002,2.178656,2.7288964,0.78561276,2019-10-21,16,0.2,True,100,5,32,True
0.0,0.5206362,0.23810558,2.0631948,0.3370546,1.1933478,0.0,0.0,0.0,1.0079099,1.5115349,0.020742495,0.31243122,2.1755464,2.7273848,0.78587455,2019-10-22,16,0.2,True,100,5,32,True
0.0,0.5194532,0.23962659,2.064961,0.33210906,1.1947299,0.0,0.0,0.0,1.0129753,1.5177115,0.008930009,0.312738,2.177968,2.7313623,0.78825086,2019-10-23,16,0.2,True,100,5,32,True
0.0,0.5208693,0.24423483,2.0651565,0.3289664,1.1962765,0.0,0.0,0.0,1.0164073,1.5179249,0.0035561323,0.31233788,2.176159,2.7316525,0.7866355,2019-10-24,16,0.2,True,100,5,32,True
0.0,0.5224823,0.2513566,2.065173,0.32737607,1.1971161,0.0,0.0,0.0,1.0194707,1.5151122,0.00068984926,0.31035483,2.1714704,2.7297223,0.7832646,2019-10-25,16,0.2,True,100,5,32,True
0.0,0.5268926,0.26115415,2.06413,0.32450482,1.2042601,0.0,0.0,0.0,1.0215808,1.5101508,0.0,0.30658314,2.167318,2.7248187,0.773238,2019-10-28,16,0.2,True,100,5,32,True
0.0,0.5289161,0.26455307,2.0679142,0.3217177,1.2089834,0.0,0.0,0.0,1.024826,1.5167643,0.0,0.30320868,2.169559,2.7237165,0.7700107,2019-10-29,16,0.2,True,100,5,32,True
0.0,0.52995735,0.26339132,2.0731165,0.318553,1.211629,0.0,0.0,0.0,1.0294284,1.5315732,0.0,0.3027243,2.1752508,2.7260666,0.77122617,2019-10-30,16,0.2,True,100,5,32,True
0.0,0.5304427,0.2585956,2.0820332,0.3185446,1.2097391,0.0,0.0,0.0,1.0357112,1.5515296,0.0,0.30691004,2.184104,2.7322397,0.77620494,2019-10-31,16,0.2,True,100,5,32,True
0.0,0.5310095,0.25564954,2.0901322,0.31749037,1.2124397,0.0,0.0,0.0,1.0407865,1.5679857,0.0,0.3096774,2.194042,2.73682,0.77741987,2019-11-01,16,0.2,True,100,5,32,True
0.0,0.53690267,0.2615841,2.0965388,0.32222706,1.2186795,0.0,0.0,0.0,1.0430753,1.5733528,0.0,0.30855966,2.1955616,2.7331674,0.76788974,2019-11-04,16,0.2,True,100,5,32,True
0.0,0.5420541,0.2690056,2.1037705,0.3298376,1.2242266,0.0,0.0,0.0,1.0462762,1.5819552,0.0,0.30685526,2.1935546,2.7276788,0.75781024,2019-11-05,16,0.2,True,100,5,32,True
0.0,0.5460607,0.27903003,2.1114254,0.3364338,1.2334422,0.0,0.0,0.0,1.0518658,1.5920645,0.0,0.30304703,2.1910386,2.722847,0.74742556,2019-11-06,16,0.2,True,100,5,32,True
0.0,0.5465077,0.29169658,2.1182528,0.34679925,1.236416,0.0,0.0,0.0,1.0579517,1.5983919,0.0,0.3005482,2.1831462,2.7169483,0.7390307,2019-11-07,16,0.2,True,100,5,32,True
0.0,0.5491214,0.3116685,2.121806,0.35885715,1.2434013,0.0,0.0,0.0,1.0626525,1.5930457,0.0,0.2963859,2.1704807,2.7093096,0.72382534,2019-11-08,16,0.2,True,100,5,32,True
0.0,0.54834193,0.3281907,2.123131,0.3647314,1.2508856,0.0,0.0,0.0,1.068364,1.5910995,0.0,0.29101765,2.1610434,2.7058115,0.7156337,2019-11-11,16,0.2,True,100,5,32,True
0.0,0.54777557,0.34208578,2.1231027,0.3707073,1.2529039,0.0,0.0,0.0,1.0725858,1.5853375,0.0,0.2860336,2.1496918,2.7026837,0.7116218,2019-11-12,16,0.2,True,100,5,32,True
0.0,0.539507,0.35165265,2.1217897,0.3772504,1.2453439,0.0,0.0,0.0,1.0779572,1.5867826,0.0,0.2868591,2.1376884,2.7038083,0.7166723,2019-11-13,16,0.2,True,100,5,32,True
0.0,0.5324423,0.3570509,2.1229508,0.38666177,1.2309606,0.0,0.0,0.0,1.0832776,1.5889163,0.0,0.29158115,2.1268244,2.7058687,0.7245761,2019-11-14,16,0.2,True,100,5,32,True
0.0,0.53059477,0.3694017,2.1225898,0.39914918,1.2231055,0.0,0.0,0.0,1.0862967,1.5793638,0.0,0.29101595,2.1124697,2.7012942,0.7215933,2019-11-15,16,0.2,True,100,5,32,True
0.0,0.5298544,0.39054683,2.1158621,0.40804395,1.2248404,0.0,0.0,0.0,1.0867617,1.5586635,0.0,0.2859561,2.0936222,2.688878,0.705687,2019-11-18,16,0.2,True,100,5,32,True
0.0,0.52627236,0.4085203,2.1080334,0.41512015,1.2228514,0.0,0.0,0.0,1.0860225,1.539328,0.0,0.27855688,2.074179,2.6743102,0.6931841,2019-11-19,16,0.2,True,100,5,32,True
0.0,0.524082,0.42607298,2.0991776,0.42118675,1.2238146,0.0,0.0,0.0,1.0843009,1.5196652,0.0,0.2701943,2.0566351,2.6616979,0.6804962,2019-11-20,16,0.2,True,100,5,32,True
0.0,0.52541596,0.44463536,2.088927,0.42472705,1.2298641,0.0,0.0,0.0,1.0819526,1.4969995,0.0,0.2579526,2.0407932,2.6511881,0.66780037,2019-11-21,16,0.2,True,100,5,32,True
0.0,0.5288257,0.45168626,2.07883,0.4254774,1.2300692,0.0,0.0,0.0,1.0767348,1.4816061,0.0,0.24662252,2.0290234,2.6422372,0.6636932,2019-11-22,16,0.2,True,100,5,32,True
0.0,0.53181726,0.45320708,2.0688467,0.4223869,1.2279149,0.0,0.0,0.0,1.0723729,1.4687786,0.0,0.2342804,2.020113,2.6359088,0.66586185,2019-11-25,16,0.2,True,100,5,32,True
0.0,0.5353782,0.4529585,2.0623322,0.4223731,1.2246778,0.0,0.0,0.0,1.068729,1.4607141,0.0,0.22545485,2.0135393,2.6325169,0.6682168,2019-11-26,16,0.2,True,100,5,32,True
0.0,0.5403551,0.45224446,2.056646,0.41882592,1.2269081,0.0,0.0,0.0,1.0667654,1.45742,0.0,0.21687819,2.0114987,2.6322944,0.6697098,2019-11-27,16,0.2,True,100,5,32,True
0.0,0.5444996,0.45089597,2.0530622,0.41862315,1.2249281,0.0,0.0,0.0,1.0654869,1.4569398,0.0,0.21102762,2.0081375,2.6332479,0.673127,2019-11-28,16,0.2,True,100,5,32,True
0.0,0.5549244,0.45474,2.0468907,0.420602,1.2293278,0.0,0.0,0.0,1.061443,1.4483677,0.0,0.2024492,2.000052,2.6288402,0.66683275,2019-11-29,16,0.2,True,100,5,32,True
0.0003440529,0.5671522,0.45531127,2.042217,0.41919738,1.2357597,0.0,0.0,0.0,1.0572343,1.4421908,0.0,0.19277379,1.9967138,2.626246,0.6626809,2019-12-02,16,0.2,True,100,5,32,True
0.0011968613,0.5791233,0.4621015,2.0279279,0.41065863,1.2527999,0.0,0.0,0.0,1.0507015,1.4257624,0.0,0.18074362,1.9922376,2.6247253,0.6523445,2019-12-03,16,0.2,True,100,5,32,True
0.001911372,0.5897805,0.46539435,2.0086832,0.39326337,1.2709242,0.0,0.0,0.0,1.0434191,1.406401,0.0,0.16869256,1.9897255,2.623311,0.6435116,2019-12-04,16,0.2,True,100,5,32,True
8.779019e-05,0.5954636,0.46595275,1.9891983,0.3726687,1.2894055,0.0,0.0,0.0,1.0366286,1.3912623,0.0,0.16027232,1.9908631,2.6277466,0.6408378,2019-12-05,16,0.2,True,100,5,32,True
0.00023905188,0.5988813,0.46427956,1.9711926,0.35151088,1.3042837,0.0,0.0,0.0,1.0314441,1.3767321,0.0,0.15416318,1.9927925,2.6358273,0.6447433,2019-12-06,16,0.2,True,100,5,32,True
0.0,0.6010101,0.46452236,1.9552878,0.33279362,1.3188328,0.0,0.0,0.0,1.0278122,1.3631313,0.0,0.15018491,1.994471,2.6446073,0.64830595,2019-12-09,16,0.2,True,100,5,32,True
0.0019326657,0.6041754,0.46776214,1.9406027,0.31817853,1.3317411,0.0,0.0,0.0,1.0246902,1.3471233,0.0,0.14501831,1.9920826,2.6499712,0.6491674,2019-12-10,16,0.2,True,100,5,32,True
0.0039355606,0.6076475,0.47658858,1.922105,0.3015286,1.348578,0.0,0.0,0.0,1.0211464,1.3234789,0.0,0.13785928,1.9868935,2.6497998,0.64231914,2019-12-11,16,0.2,True,100,5,32,True
0.0049269646,0.60898495,0.4861522,1.9063969,0.28688088,1.3675289,0.0,0.0,0.0,1.0182418,1.3033665,0.0,0.13063404,1.9833093,2.6507156,0.6353911,2019-12-12,16,0.2,True,100,5,32,True
0.0059578493,0.6094678,0.49752355,1.895562,0.27783588,1.3842382,0.0,0.0,0.0,1.0166763,1.2872139,0.0,0.12373011,1.9782132,2.6505563,0.62701243,2019-12-13,16,0.2,True,100,5,32,True
0.004924953,0.60505867,0.5102439,1.8907796,0.27142206,1.3998747,0.0,0.0,0.0,1.0200448,1.2806768,0.0,0.119275525,1.976441,2.655245,0.6217959,2019-12-16,16,0.2,True,100,5,32,True
0.0010931566,0.5920866,0.5156724,1.8871943,0.26072752,1.4082197,0.0,0.0,0.0,1.0285408,1.2897328,0.0,0.12164457,1.980457,2.6658196,0.62746656,2019-12-17,16,0.2,True,100,5,32,True
0.0,0.58278334,0.5234801,1.8859049,0.25165167,1.4163183,0.0,0.0,0.0,1.0388112,1.2934899,0.0,0.123770654,1.9825895,2.67092,0.6269604,2019-12-18,16,0.2,True,100,5,32,True
0.0,0.5748701,0.5351584,1.8880388,0.2443051,1.4281659,0.0,0.0,0.0,1.0508361,1.298729,0.0,0.12550132,1.9857165,2.6779263,0.6248486,2019-12-19,16,0.2,True,100,5,32,True
0.0,0.5669503,0.5473657,1.8930854,0.24045733,1.4366914,0.0,0.0,0.0,1.0627059,1.3042158,0.0,0.12813202,1.9879602,2.6860852,0.6240893,2019-12-20,16,0.2,True,100,5,32,True
0.0,0.5563546,0.5590869,1.8977633,0.2378689,1.4406021,0.0,0.0,0.0,1.0748963,1.3119941,0.0,0.13134135,1.9874558,2.692878,0.62572837,2019-12-23,16,0.2,True,100,5,32,True
0.0,0.5456779,0.5728772,1.9028227,0.23799637,1.4423605,0.0,0.0,0.0,1.0868363,1.3151925,0.0,0.13479273,1.9847863,2.698612,0.6260549,2019-12-24,16,0.2,True,100,5,32,True
0.0,0.5339373,0.58180165,1.9064902,0.22805041,1.4460443,0.0,0.0,0.0,1.1012762,1.3239992,0.0,0.13829653,1.989208,2.7056687,0.6305837,2019-12-26,16,0.2,True,100,5,32,True
0.0,0.5232321,0.59535897,1.9076847,0.22129694,1.4489983,0.0,0.0,0.0,1.112976,1.3217652,0.0,0.14081529,1.9871925,2.708811,0.6299051,2019-12-27,16,0.2,True,100,5,32,True
0.0,0.5158399,0.60744303,1.9118588,0.21640971,1.4549894,0.0,0.0,0.0,1.1227477,1.3247436,0.0,0.14372885,1.9886179,2.7100997,0.6244483,2019-12-30,16,0.2,True,100,5,32,True
0.0,0.51363164,0.6219428,1.9175647,0.21675536,1.4642497,0.0,0.0,0.0,1.1290201,1.321647,0.0,0.1438699,1.9889507,2.7071314,0.6115057,2020-01-02,16,0.2,True,100,5,32,True
0.0,0.5163777,0.6370845,1.9250296,0.21815273,1.4723535,0.0,0.0,0.0,1.133654,1.316102,0.0,0.13661057,1.9867477,2.6942897,0.59240365,2020-01-03,16,0.2,True,100,5,32,True
0.0,0.51811385,0.6432095,1.9351239,0.22210315,1.4691107,0.0,0.0,0.0,1.1365169,1.3171495,0.0,0.12901558,1.9845084,2.6792805,0.5806704,2020-01-06,16,0.2,True,100,5,32,True
0.0,0.52171695,0.64054894,1.9452369,0.22187942,1.4628427,0.0,0.0,0.0,1.1389006,1.3260792,0.0,0.12024893,1.988216,2.664188,0.57388264,2020-01-07,16,0.2,True,100,5,32,True
0.0,0.52639633,0.6377623,1.9515475,0.21826637,1.460849,0.0,0.0,0.0,1.1410295,1.3354223,0.0,0.1107268,1.9926136,2.6467383,0.56450856,2020-01-08,16,0.2,True,100,5,32,True
0.0,0.5334139,0.6251192,1.9616232,0.21234867,1.4538535,0.0,0.0,0.0,1.1443108,1.3562745,0.0,0.10341935,2.0030613,2.632767,0.5635697,2020-01-09,16,0.2,True,100,5,32,True
0.0,0.54511315,0.61759263,1.9718696,0.20917577,1.454447,0.0,0.0,0.0,1.1466684,1.3742284,0.0,0.09424794,2.0129423,2.6172369,0.5541888,2020-01-10,16,0.2,True,100,5,32,True
0.0,0.5580708,0.6053141,1.9845543,0.20778981,1.4564849,0.0,0.0,0.0,1.1474999,1.4011337,0.0,0.08631116,2.0256126,2.6030686,0.54680574,2020-01-13,16,0.2,True,100,5,32,True
0.0,0.5719426,0.5965268,1.9976723,0.20570537,1.465808,0.0,0.0,0.0,1.1496348,1.4286278,0.0,0.077378765,2.039495,2.5883138,0.5344623,2020-01-14,16,0.2,True,100,5,32,True
0.0,0.5821272,0.58827764,2.0127354,0.2064923,1.4726295,0.0,0.0,0.0,1.1533502,1.4589572,0.0,0.072193965,2.0523746,2.576936,0.52433175,2020-01-15,16,0.2,True,100,5,32,True
0.0,0.593606,0.5862357,2.0243227,0.21261352,1.4800253,0.0,0.0,0.0,1.1546035,1.4768586,0.0,0.06596505,2.0562954,2.5606225,0.50761414,2020-01-16,16,0.2,True,100,5,32,True
0.0,0.60358983,0.58242774,2.0405178,0.22283188,1.4841835,0.0,0.0,0.0,1.15682,1.501293,0.0,0.061811082,2.0621064,2.5487878,0.49479988,2020-01-17,16,0.2,True,100,5,32,True
0.0,0.6118029,0.5787692,2.057839,0.23032689,1.4928248,0.0,0.0,0.0,1.1619027,1.5312239,0.0,0.05834344,2.072406,2.5420797,0.4849616,2020-01-20,16,0.2,True,100,5,32,True
0.0,0.6210342,0.578802,2.0733154,0.23941028,1.5031114,0.0,0.0,0.0,1.1661066,1.5555367,0.0,0.05421397,2.0782595,2.5340087,0.4726059,2020-01-21,16,0.2,True,100,5,32,True
0.0,0.6345584,0.5823077,2.0862343,0.24994698,1.5119028,0.0,0.0,0.0,1.1681842,1.5688312,0.0,0.04671199,2.0786176,2.5224786,0.4572586,2020-01-22,16,0.2,True,100,5,32,True
0.0,0.65241694,0.5903348,2.0972767,0.26552975,1.5209062,0.0,0.0,0.0,1.1670916,1.5721889,0.0,0.035827134,2.0734098,2.5057702,0.4352298,2020-01-23,16,0.2,True,100,5,32,True
0.0,0.6578227,0.5835721,2.1104696,0.27636445,1.5154294,0.0,0.0,0.0,1.1679041,1.5981205,0.0,0.031451885,2.0764167,2.4996436,0.43595022,2020-01-28,16,0.2,True,100,5,32,True
0.0,0.6743931,0.57220435,2.1225784,0.28702128,1.5094787,0.0,0.0,0.0,1.1645275,1.6150453,0.0,0.022632334,2.0802767,2.4913633,0.43526676,2020-01-29,16,0.2,True,100,5,32,True
0.0,0.6951896,0.5558652,2.134137,0.29762274,1.502009,0.0,0.0,0.0,1.1582309,1.6310589,0.0,0.011393465,2.0842295,2.4806328,0.43608624,2020-01-30,16,0.2,True,100,5,32,True
0.0,0.7192959,0.5339784,2.1455402,0.30484542,1.4939038,0.0,0.0,0.0,1.1510538,1.6478747,0.0,0.0,2.092468,2.4719725,0.44050744,2020-01-31,16,0.2,True,100,5,32,True
0.0,0.7500972,0.5112111,2.1558895,0.30839777,1.492092,0.0,0.0,0.0,1.1435966,1.6612083,0.0,0.0,2.104423,2.465874,0.44363233,2020-02-03,16,0.2,True,100,5,32,True
0.0,0.78644013,0.4943991,2.158972,0.3122253,1.5000188,0.0,0.0,0.0,1.1305584,1.6600497,0.0,0.0,2.113872,2.4562342,0.43562713,2020-02-04,16,0.2,True,100,5,32,True
0.0,0.82240266,0.47809285,2.1625628,0.31386778,1.5169798,0.0,0.0,0.0,1.1162498,1.6614496,0.0,0.0,2.129903,2.449226,0.42295337,2020-02-05,16,0.2,True,100,5,32,True
0.0,0.858783,0.46814638,2.1642532,0.3193815,1.5405525,0.0,0.0,0.0,1.0995054,1.657551,0.0,0.0,2.1417072,2.4401033,0.40320307,2020-02-06,16,0.2,True,100,5,32,True
0.0,0.88769615,0.46079856,2.1692998,0.32348526,1.5696236,0.0,0.0,0.0,1.0880246,1.6650175,0.0,0.0,2.158048,2.4365573,0.38577637,2020-02-07,16,0.2,True,100,5,32,True
0.0,0.9115321,0.45166656,2.1770444,0.32572478,1.5974452,0.0,0.0,0.0,1.0806361,1.6799532,0.0,0.0,2.1765778,2.4367173,0.3742642,2020-02-10,16,0.2,True,100,5,32,True
0.0,0.93339306,0.44409662,2.185844,0.33023858,1.621793,0.0,0.0,0.0,1.0742704,1.6950299,0.0,0.0,2.192462,2.4353776,0.36289325,2020-02-11,16,0.2,True,100,5,32,True
0.0,0.9526241,0.43575117,2.195719,0.3374518,1.6416645,0.0,0.0,0.0,1.068993,1.7149242,0.0,0.0,2.2059128,2.43162,0.35401592,2020-02-12,16,0.2,True,100,5,32,True
0.0,0.9640372,0.4247279,2.2097046,0.34373757,1.6623434,0.0,0.0,0.0,1.0673289,1.7455828,0.0,0.0,2.2257452,2.4357774,0.35020423,2020-02-13,16,0.2,True,100,5,32,True
0.0,0.972855,0.41621986,2.2201533,0.3465832,1.6847785,0.0,0.0,0.0,1.0663677,1.771904,0.0,0.0,2.243857,2.437894,0.34394294,2020-02-14,16,0.2,True,100,5,32,True
0.0,0.9815449,0.40942907,2.23294,0.3510144,1.703841,0.0,0.0,0.0,1.0667719,1.7982253,0.0,0.0,2.2609549,2.4381478,0.33722243,2020-02-17,16,0.2,True,100,5,32,True
0.0,0.99176884,0.41048688,2.2438889,0.35554492,1.7269889,0.0,0.0,0.0,1.068069,1.8167557,0.0,0.0,2.27479,2.4333751,0.32230514,2020-02-18,16,0.2,True,100,5,32,True
0.0,1.0018134,0.4110799,2.2525752,0.356888,1.750711,0.0,0.0,0.0,1.0680445,1.8306911,0.0,0.0,2.2882693,2.427623,0.3081946,2020-02-19,16,0.2,True,100,5,32,True
0.0,1.0118254,0.40848535,2.2616959,0.3593467,1.7719275,0.0,0.0,0.0,1.0658509,1.8454146,0.0,0.0,2.3002262,2.4208171,0.2962529,2020-02-20,16,0.2,True,100,5,32,True
0.0,1.024464,0.40822634,2.271077,0.36551505,1.7908621,0.0,0.0,0.0,1.0625027,1.8559076,0.0,0.0,2.308613,2.4113624,0.28170177,2020-02-21,16,0.2,True,100,5,32,True
0.0,1.0392963,0.4055301,2.2763145,0.36398074,1.8188604,0.0,0.0,0.0,1.0570064,1.8647715,0.0,0.0,2.3215947,2.4042377,0.26498047,2020-02-24,16,0.2,True,100,5,32,True
0.0,1.0591521,0.39744332,2.280338,0.36263117,1.8428248,0.0,0.0,0.0,1.0463933,1.866372,0.0,0.0,2.335004,2.4001665,0.25104338,2020-02-25,16,0.2,True,100,5,32,True
0.0,1.074865,0.37820414,2.2823305,0.36010194,1.8542209,0.0,0.0,0.0,1.0326984,1.8723981,0.0,0.0,2.3462474,2.3963664,0.24979225,2020-02-26,16,0.2,True,100,5,32,True
0.0,1.0901076,0.34676644,2.2898269,0.35822228,1.8579918,0.0,0.0,0.0,1.0203332,1.8916259,0.0,0.0,2.3645437,2.4027648,0.2620212,2020-02-27,16,0.2,True,100,5,32,True
0.0,1.1116911,0.3197806,2.2982273,0.36339474,1.8620763,0.0,0.0,0.0,1.0082239,1.9036307,0.0,0.0,2.3782187,2.4106414,0.27110174,2020-02-28,16,0.2,True,100,5,32,True
0.0,1.1412781,0.29173487,2.3061233,0.3673763,1.8673699,0.0,0.0,0.0,0.9945257,1.9082355,0.0,0.0,2.3928957,2.4215417,0.2783285,2020-03-02,16,0.2,True,100,5,32,True
0.0,1.1758732,0.2620323,2.3098552,0.37190276,1.899703,0.0,0.0,0.0,0.96900123,1.9125268,0.0,0.0,2.4188983,2.423739,0.26034987,2020-03-03,16,0.2,True,100,5,32,True
0.0,1.2126123,0.22769155,2.3139117,0.3788437,1.9376898,0.0,0.0,0.0,0.9362894,1.9216144,0.0,0.0,2.447892,2.4158971,0.23394853,2020-03-04,16,0.2,True,100,5,32,True
0.0,1.2430161,0.19351718,2.3195856,0.3818879,1.9864848,0.0,0.0,0.0,0.90332943,1.9386276,0.0,0.0,2.4847429,2.404978,0.2036384,2020-03-05,16,0.2,True,100,5,32,True
0.0,1.2689807,0.16288999,2.329782,0.38584754,2.042594,0.0,0.0,0.0,0.8732466,1.9618454,0.0,0.0,2.525917,2.3925478,0.17102268,2020-03-06,16,0.2,True,100,5,32,True
0.0,1.2922499,0.13133757,2.3419154,0.3867703,2.100289,0.0,0.0,0.0,0.84468204,1.9872876,0.0,0.0,2.570553,2.3808916,0.14062335,2020-03-09,16,0.2,True,100,5,32,True
0.0,1.3147005,0.093697555,2.3529541,0.38485065,2.152221,0.0,0.0,0.0,0.81574893,2.0113175,0.0,0.0,2.6148193,2.371335,0.122332945,2020-03-10,16,0.2,True,100,5,32,True
0.0,1.3362352,0.05407191,2.360265,0.381118,2.2000878,0.0,0.0,0.0,0.7835582,2.0282502,0.0,0.0,2.6570077,2.3605115,0.104846165,2020-03-11,16,0.2,True,100,5,32,True
0.0,1.3592801,0.009320378,2.3676023,0.37503967,2.2491245,0.0,0.0,0.0,0.7490869,2.0467343,0.0,0.0,2.7011602,2.3560212,0.0940415,2020-03-12,16,0.2,True,100,5,32,True
0.0,1.3870108,0.0,2.3762593,0.37581304,2.2862995,0.0,0.0,0.0,0.7107364,2.0632489,0.0,0.0,2.7385962,2.352871,0.092587486,2020-03-13,16,0.2,True,100,5,32,True
0.0,1.4260724,0.0,2.383669,0.37642908,2.3353167,0.0,0.0,0.0,0.66843873,2.0784059,0.0,0.0,2.7791667,2.356499,0.08509727,2020-03-16,16,0.2,True,100,5,32,True
0.0,1.4705688,0.0,2.3931396,0.38405445,2.3766515,0.0,0.0,0.0,0.624403,2.08956,0.0,0.0,2.8154998,2.3602479,0.07992873,2020-03-17,16,0.2,True,100,5,32,True
0.0,1.5224034,0.0,2.404774,0.3949135,2.4306915,0.0,0.0,0.0,0.5791898,2.0991397,0.0,0.0,2.8575494,2.3664205,0.065783806,2020-03-18,16,0.2,True,100,5,32,True
0.0,1.5745456,0.0,2.4242184,0.4105852,2.4843638,0.0,0.0,0.0,0.53720826,2.11903,0.0,0.0,2.9047005,2.3799858,0.057186402,2020-03-19,16,0.2,True,100,5,32,True
0.0,1.6376798,0.0,2.4520519,0.43142697,2.5552347,0.0,0.0,0.0,0.49872458,2.1421123,0.0,0.0,2.962787,2.404648,0.041497365,2020-03-20,16,0.2,True,100,5,32,True
0.0,1.702239,0.0,2.478801,0.4513798,2.6327162,0.0,0.0,0.0,0.46159482,2.1610403,0.015833247,0.0,3.022459,2.4255242,0.017960604,2020-03-23,16,0.2,True,100,5,32,True
0.0,1.7702292,0.0,2.508319,0.47633004,2.7070324,0.0,0.0,0.0,0.42523265,2.1765985,0.039165344,0.0,3.0804715,2.443845,0.0,2020-03-24,16,0.2,True,100,5,32,True
0.0,1.8352131,0.0,2.5401647,0.49702987,2.7968817,0.0,0.0,0.0,0.393871,2.200471,0.053415373,0.0,3.1467304,2.4623759,0.0,2020-03-25,16,0.2,True,100,5,32,True
0.0,1.8910906,0.0,2.576832,0.514337,2.8905106,0.0,0.0,0.0,0.3699417,2.2415783,0.054918703,0.0,3.2169766,2.4815595,0.0,2020-03-26,16,0.2,True,100,5,32,True
0.0,1.9434247,0.0,2.617152,0.5315385,2.980166,0.0,0.0,0.0,0.3528464,2.2883182,0.05258453,0.0,3.2871716,2.501461,0.0,2020-03-27,16,0.2,True,100,5,32,True
0.0,1.9886618,0.0,2.6579235,0.5475549,3.0626276,0.0,0.0,0.0,0.3419751,2.3367276,0.048102636,0.0,3.353779,2.5213337,0.0,2020-03-30,16,0.2,True,100,5,32,True
0.0,2.0294561,0.0,2.6980832,0.56670904,3.1378028,0.0,0.0,0.0,0.33364472,2.385173,0.045356598,0.0,3.4169545,2.5418003,0.0,2020-03-31,16,0.2,True,100,5,32,True
0.0,2.064406,0.0,2.735608,0.5851653,3.2116547,0.0,0.0,0.0,0.32858717,2.432314,0.04156607,0.0,3.4766004,2.5608568,0.0,2020-04-01,16,0.2,True,100,5,32,True
0.0,2.096215,0.0,2.7564282,0.6012955,3.31815,0.0,0.0,0.0,0.30835247,2.4553592,0.045538314,0.0,3.547687,2.5770133,0.0,2020-04-02,16,0.2,True,100,5,32,True
0.0,2.124305,0.0,2.7667165,0.6154306,3.4492378,0.0,0.0,0.0,0.2782482,2.4599328,0.055797473,0.0,3.6228347,2.58879,0.0,2020-04-03,16,0.2,True,100,5,32,True
0.0,2.1457956,0.0,2.7758627,0.62637204,3.5924397,0.0,0.0,0.0,0.24257481,2.4645724,0.05999645,0.0,3.703135,2.6015272,0.0,2020-04-06,16,0.2,True,100,5,32,True
0.0,2.1564937,0.0,2.78192,0.6339091,3.73632,0.0,0.0,0.0,0.2086347,2.4665046,0.0603675,0.0,3.7787716,2.612298,0.0,2020-04-07,16,0.2,True,100,5,32,True
0.0,2.1646297,0.0,2.783278,0.63876957,3.8906755,0.0,0.0,0.0,0.17851463,2.4544022,0.063945234,0.0,3.8499894,2.6194203,0.0,2020-04-08,16,0.2,True,100,5,32,True
0.0,2.1695795,0.0,2.7813435,0.643526,4.045411,0.0,0.0,0.0,0.14724743,2.4320283,0.0713079,0.0,3.9157495,2.6221223,0.0,2020-04-09,16,0.2,True,100,5,32,True
0.0,2.1706433,0.0,2.7770998,0.6488405,4.1926956,0.0,0.0,0.0,0.114409946,2.4047925,0.08225188,0.0,3.9753962,2.6208422,0.0,2020-04-10,16,0.2,True,100,5,32,True
0.0,2.1642056,0.0,2.7750745,0.6509024,4.33334,0.0,0.0,0.0,0.08202492,2.3849108,0.084321916,0.0,4.034189,2.622699,0.0,2020-04-13,16,0.2,True,100,5,32,True
0.0,2.1556907,0.0,2.768329,0.65202576,4.4549036,0.0,0.0,0.0,0.049524393,2.357378,0.08789171,0.0,4.081425,2.6221893,0.0,2020-04-14,16,0.2,True,100,5,32,True
0.0,2.1406522,0.0,2.7590404,0.64973617,4.576063,0.0,0.0,0.0,0.021455266,2.3251827,0.08980468,0.0,4.126212,2.6226332,0.0,2020-04-16,16,0.2,True,100,5,32,True
0.0,2.1296687,0.0,2.7545054,0.6484488,4.708805,0.0,0.0,0.0,0.0,2.294423,0.09491539,0.0,4.17422,2.6239038,0.0,2020-04-17,16,0.2,True,100,5,32,True
0.0,2.1125507,0.0,2.7540221,0.64246124,4.843578,0.0,0.0,0.0,0.0,2.2740457,0.09012856,0.0,4.2271585,2.6307125,0.0,2020-04-20,16,0.2,True,100,5,32,True
0.0,2.0855567,0.0,2.7530465,0.63176006,4.9662404,0.0,0.0,0.0,0.0,2.258508,0.076565705,0.0,4.2787676,2.6404777,0.0,2020-04-21,16,0.2,True,100,5,32,True
0.0,2.0482962,0.0,2.7446249,0.6152431,5.0777836,0.0,0.0,0.0,0.0,2.2309577,0.06447184,0.0,4.319178,2.645733,0.0,2020-04-22,16,0.2,True,100,5,32,True
0.0,2.011226,0.0,2.7346203,0.6017523,5.178716,0.0,0.0,0.0,0.0,2.1961703,0.063664846,0.0,4.352149,2.6465743,0.0,2020-04-23,16,0.2,True,100,5,32,True
0.0,1.9652312,0.0,2.7191308,0.58391035,5.281737,0.0,0.0,0.0,0.0,2.1539207,0.06426644,0.0,4.3820906,2.6467493,0.0,2020-04-24,16,0.2,True,100,5,32,True
0.0,1.9054692,0.0,2.6954713,0.5551582,5.3784113,0.0,0.0,0.0,0.0,2.1066082,0.056915835,0.0,4.4065638,2.6474142,0.0,2020-04-27,16,0.2,True,100,5,32,True
0.0,1.8443502,0.031467866,2.6727,0.53159875,5.4655595,0.0,0.0,0.0,0.0,2.0629106,0.055457972,0.0,4.4312134,2.6494048,0.0,2020-04-28,16,0.2,True,100,5,32,True
0.0,1.7745908,0.07063836,2.643638,0.5009589,5.5520597,0.0,0.0,0.0,0.0,2.0119817,0.0504492,0.0,4.4499173,2.6521606,0.0,2020-04-29,16,0.2,True,100,5,32,True
0.0,1.7015864,0.10406846,2.6135933,0.47246227,5.6243773,0.0,0.0,0.0,0.0,1.9660974,0.04579433,0.0,4.4660583,2.6563919,0.0,2020-05-04,16,0.2,True,100,5,32,True
0.0,1.61527,0.1357722,2.5772796,0.43756193,5.6920795,0.0,0.0,0.0,0.0,1.9254888,0.032965437,0.0,4.4772086,2.6591806,0.0,2020-05-06,16,0.2,True,100,5,32,True
0.0,1.5231267,0.16700989,2.5333278,0.40314364,5.7497535,0.0,0.0,0.0,0.0,1.8868117,0.026117207,0.0,4.4789577,2.655161,0.0,2020-05-07,16,0.2,True,100,5,32,True
0.0,1.4378889,0.19369696,2.4948106,0.3725405,5.804637,0.0,0.0,0.0,0.0,1.8647326,0.018382804,0.0,4.48688,2.6567912,0.0,2020-05-08,16,0.2,True,100,5,32,True
0.0,1.3429066,0.22011809,2.4475145,0.3360133,5.8450775,0.0,0.0,0.0,0.0,1.841375,0.007556297,0.022070825,4.480914,2.6581213,0.0,2020-05-11,16,0.2,True,100,5,32,True
0.0,1.2618632,0.24154072,2.4058487,0.31004387,5.874884,0.0,0.0,0.0,0.0,1.8265096,0.0060193352,0.05122767,4.4756494,2.6554677,0.0,2020-05-12,16,0.2,True,100,5,32,True
0.0,1.186703,0.26330632,2.3657887,0.28586957,5.9074,0.0,0.0,0.0,0.0,1.8123671,0.006623104,0.07786232,4.4718924,2.652253,0.0,2020-05-13,16,0.2,True,100,5,32,True
0.0,1.1148793,0.27992412,2.3250523,0.26232842,5.921417,0.0,0.0,0.0,0.0,1.8010055,0.008324444,0.10425167,4.4605517,2.6435208,0.0,2020-05-14,16,0.2,True,100,5,32,True
0.0,1.0491266,0.29730433,2.2813458,0.2406188,5.920546,0.0,0.0,0.0,0.0,1.7841526,0.015391914,0.12873927,4.439405,2.6273186,0.0,2020-05-15,16,0.2,True,100,5,32,True
0.0,0.9894138,0.30906406,2.2394085,0.21993157,5.901929,0.0,0.0,0.0,0.0,1.7710674,0.020861037,0.15220504,4.409758,2.6068196,0.0,2020-05-18,16,0.2,True,100,5,32,True
0.0,0.9402677,0.32313493,2.2003155,0.20262668,5.8840485,0.0,0.0,0.0,0.0,1.7539027,0.033053506,0.17277169,4.380897,2.58147,0.0,2020-05-19,16,0.2,True,100,5,32,True
0.0,0.905864,0.32640338,2.1717196,0.18960509,5.842741,0.0,0.0,0.0,0.0,1.7479489,0.044123124,0.19121006,4.349419,2.553264,0.0,2020-05-20,16,0.2,True,100,5,32,True
0.0,0.8727,0.32214564,2.150936,0.17710897,5.802848,0.0,0.0,0.0,0.0,1.752948,0.048882894,0.20980139,4.325337,2.5303223,0.0,2020-05-21,16,0.2,True,100,5,32,True
0.0,0.8381694,0.3212029,2.1280844,0.16656768,5.7679954,0.0,0.0,0.0,0.0,1.7544186,0.054818958,0.22823067,4.2999554,2.5047488,0.0,2020-05-22,16,0.2,True,100,5,32,True
0.0,0.80384505,0.31431392,2.1110947,0.15524039,5.735927,0.0,0.0,0.0,0.0,1.7643718,0.054283626,0.24645689,4.2802916,2.4847205,0.0,2020-05-25,16,0.2,True,100,5,32,True
0.0,0.7727833,0.3047401,2.097014,0.14410642,5.7018814,0.0,0.0,0.0,0.0,1.778352,0.054379996,0.26564378,4.263022,2.4635246,0.0,2020-05-26,16,0.2,True,100,5,32,True
0.0,0.74072427,0.2953341,2.0838904,0.13140666,5.6727495,0.0,0.0,0.0,0.0,1.7937466,0.05154195,0.28384712,4.248212,2.4453483,0.0,2020-05-27,16,0.2,True,100,5,32,True
0.0,0.71140456,0.2889559,2.070651,0.11951597,5.6452928,0.0,0.0,0.0,0.0,1.8046829,0.05126656,0.300592,4.2324224,2.4258375,0.0,2020-05-28,16,0.2,True,100,5,32,True
0.0,0.6844213,0.2852757,2.0563467,0.111659706,5.6197515,0.0,0.0,0.0,0.0,1.8092198,0.05394333,0.31512287,4.213794,2.4040499,0.0,2020-05-29,16,0.2,True,100,5,32,True
0.0,0.6581668,0.2748204,2.0444236,0.10279946,5.5823693,0.0,0.0,0.0,0.0,1.8176467,0.05252587,0.3291561,4.191996,2.384106,0.0,2020-06-01,16,0.2,True,100,5,32,True
0.0,0.6331292,0.26157063,2.041393,0.092264146,5.5352907,0.0,0.0,0.0,0.0,1.8446465,0.044240233,0.3394361,4.1684337,2.3587441,0.0,2020-06-02,16,0.2,True,100,5,32,True
0.0,0.60797006,0.24350892,2.0423343,0.08290054,5.4686055,0.0,0.0,0.0,0.0,1.8824661,0.034700047,0.35065994,4.1398835,2.3289757,0.0,2020-06-03,16,0.2,True,100,5,32,True
0.0,0.5834202,0.22644535,2.0479705,0.07716187,5.3958316,0.0,0.0,0.0,0.0,1.9282233,0.021719718,0.35937324,4.109939,2.3014832,0.0,2020-06-04,16,0.2,True,100,5,32,True
0.0,0.5605734,0.2119069,2.0564096,0.07165752,5.3278465,0.0,0.0,0.0,0.011924099,1.9799439,0.0046653263,0.36676008,4.08322,2.278127,0.0,2020-06-05,16,0.2,True,100,5,32,True
0.0,0.54051566,0.19750012,2.0670478,0.0659208,5.249498,0.0,0.0,0.0,0.040463045,2.0350833,0.0,0.37301075,4.05288,2.2511952,0.0,2020-06-08,16,0.2,True,100,5,32,True
0.0,0.524902,0.18314455,2.08002,0.06014241,5.168153,0.0,0.0,0.0,0.07188149,2.0913289,0.0,0.3783011,4.0229354,2.2239287,0.0,2020-06-09,16,0.2,True,100,5,32,True
0.0,0.5156713,0.17348053,2.0947094,0.058230866,5.0950084,0.0,0.0,0.0,0.1009976,2.1427407,0.0,0.38203406,3.9970326,2.1939497,0.0,2020-06-10,16,0.2,True,100,5,32,True
0.0,0.5034583,0.16417064,2.109715,0.05746632,5.024023,0.0,0.0,0.0,0.12872882,2.1966176,0.0,0.38460132,3.9704425,2.1638823,0.0,2020-06-11,16,0.2,True,100,5,32,True
0.0,0.49810463,0.1534969,2.1273866,0.06024544,4.957155,0.0,0.0,0.0,0.153669,2.2502415,0.0,0.38833705,3.9479005,2.1317015,0.0,2020-06-12,16,0.2,True,100,5,32,True
0.0,0.49518546,0.13715774,2.1466422,0.062546596,4.89543,0.0,0.0,0.0,0.17552608,2.3070817,0.0,0.39217508,3.9284859,2.1031103,0.0,2020-06-15,16,0.2,True,100,5,32,True
0.0,0.5021874,0.11648149,2.1646283,0.06427698,4.839947,0.0,0.0,0.0,0.19165856,2.3531392,0.0,0.3948092,3.9105434,2.0798926,0.0,2020-06-16,16,0.2,True,100,5,32,True
0.0,0.50574195,0.09705326,2.179356,0.062833145,4.788496,0.0,0.0,0.0,0.2088311,2.39766,0.0,0.3954258,3.8921568,2.0579848,0.0,2020-06-17,16,0.2,True,100,5,32,True
0.0,0.5136074,0.075775094,2.1953425,0.06646724,4.729701,0.0,0.0,0.0,0.22375217,2.4425151,0.0,0.39808992,3.8714406,2.0293496,0.0,2020-06-18,16,0.2,True,100,5,32,True
0.0,0.52445054,0.056461208,2.2110841,0.073297605,4.674938,0.0,0.0,0.0,0.23622432,2.4833694,0.0,0.401242,3.8526876,1.9979798,0.0,2020-06-19,16,0.2,True,100,5,32,True
0.0,0.5335079,0.037693724,2.2256055,0.07979836,4.624983,0.0,0.0,0.0,0.24691075,2.522626,0.0,0.40347096,3.8352752,1.9673673,0.0,2020-06-22,16,0.2,True,100,5,32,True
0.0,0.5419529,0.018186543,2.238821,0.085437834,4.576241,0.0,0.0,0.0,0.2566904,2.5600739,0.0,0.40581787,3.818832,1.9362246,0.0,2020-06-23,16,0.2,True,100,5,32,True
0.0,0.5477472,0.0,2.251667,0.0902494,4.5315237,0.0,0.0,0.0,0.26420882,2.6019702,0.0,0.40939197,3.805348,1.9058949,0.0,2020-06-24,16,0.2,True,100,5,32,True
0.0,0.5555215,0.0,2.2625089,0.09433912,4.496999,0.0,0.0,0.0,0.2720354,2.639,0.0,0.41173986,3.794018,1.8704023,0.0,2020-06-25,16,0.2,True,100,5,32,True
0.0,0.56652254,0.0,2.2738068,0.09977919,4.4644866,0.0,0.0,0.0,0.2764845,2.673524,0.0,0.41482222,3.78295,1.8356255,0.0,2020-06-26,16,0.2,True,100,5,32,True
0.0,0.57609105,0.0,2.2857294,0.10551406,4.43518,0.0,0.0,0.0,0.27845547,2.7073207,0.0,0.41759694,3.7736506,1.8038074,0.0,2020-06-29,16,0.2,True,100,5,32,True
0.0,0.5894863,0.0,2.297417,0.110282086,4.4015317,0.0,0.0,0.0,0.27822712,2.7386208,0.0,0.4215696,3.7636101,1.7743493,0.0,2020-06-30,16,0.2,True,100,5,32,True
0.0,0.60198987,0.0,2.309189,0.11495175,4.375142,0.0,0.0,0.0,0.27696058,2.7673206,0.0,0.42573082,3.758318,1.7490911,0.0,2020-07-01,16,0.2,True,100,5,32,True
0.0,0.6129129,0.0,2.3233385,0.11887591,4.3450613,0.0,0.0,0.0,0.27838764,2.7962883,0.0,0.4279941,3.752389,1.7239064,0.0,2020-07-02,16,0.2,True,100,5,32,True
0.0,0.61844885,0.0,2.340242,0.12177206,4.3160734,0.0,0.0,0.0,0.2840993,2.8327382,0.0,0.43049675,3.7510948,1.7041992,0.0,2020-07-03,16,0.2,True,100,5,32,True
0.0,0.6188574,0.0,2.35413,0.1254474,4.2836,0.0,0.0,0.0,0.29133692,2.8679752,0.0,0.4338571,3.7460473,1.6803226,0.0,2020-07-06,16,0.2,True,100,5,32,True
0.0,0.615721,0.0,2.3715258,0.12969048,4.251999,0.0,0.0,0.0,0.30325887,2.9130464,0.0,0.4388577,3.7450464,1.6571684,0.0,2020-07-07,16,0.2,True,100,5,32,True
0.0,0.61236435,0.0,2.3876262,0.13510093,4.228923,0.0,0.0,0.0,0.31527027,2.9561896,0.0,0.44526845,3.7465208,1.6334707,0.0,2020-07-08,16,0.2,True,100,5,32,True
0.0,0.6061405,0.0,2.4055035,0.13992296,4.2076297,0.0,0.0,0.0,0.3282758,3.0046642,0.0,0.45260954,3.7499065,1.6139531,0.0,2020-07-09,16,0.2,True,100,5,32,True
0.0,0.594415,0.0,2.4223456,0.1440374,4.191003,0.0,0.0,0.0,0.34287122,3.0541022,0.0,0.46097186,3.755242,1.5963912,0.0,2020-07-10,16,0.2,True,100,5,32,True
0.0,0.5806478,0.0,2.4389598,0.14862864,4.1757774,0.0,0.0,0.0,0.35731414,3.1036284,0.0,0.47008976,3.7611923,1.5786483,0.0,2020-07-13,16,0.2,True,100,5,32,True
0.0,0.562577,0.0,2.4513052,0.15130983,4.16698,0.0,0.0,0.0,0.3737591,3.144946,0.0,0.47845042,3.7678616,1.5624392,0.0,2020-07-14,16,0.2,True,100,5,32,True
0.0,0.5488354,0.0,2.4637003,0.15434495,4.1615934,0.0,0.0,0.0,0.39125204,3.179817,0.0,0.48496392,3.774833,1.5447721,0.0,2020-07-15,16,0.2,True,100,5,32,True
0.0,0.53065103,0.0,2.4775987,0.15648031,4.150033,0.0,0.0,0.0,0.40969962,3.220025,0.0,0.49160296,3.7798684,1.5317719,0.0,2020-07-16,16,0.2,True,100,5,32,True
0.0,0.5181105,0.0,2.4906135,0.15911356,4.133178,0.0,0.0,0.0,0.42688835,3.255389,0.0,0.49885175,3.7829516,1.5213246,0.0,2020-07-17,16,0.2,True,100,5,32,True
0.0,0.5088865,0.0,2.5043325,0.16034299,4.118311,0.0,0.0,0.0,0.44557074,3.286911,0.0,0.50301695,3.786512,1.5119673,0.0,2020-07-20,16,0.2,True,100,5,32,True
0.0,0.50349563,0.0,2.516669,0.16185483,4.1020455,0.0,0.0,0.0,0.46142256,3.3093803,0.0,0.5047485,3.7876968,1.5012186,0.0,2020-07-21,16,0.2,True,100,5,32,True
0.0,0.49889922,0.0,2.5309038,0.16101956,4.087721,0.0,0.0,0.0,0.4795345,3.3396807,0.0,0.5067778,3.7920125,1.4971622,0.0,2020-07-22,16,0.2,True,100,5,32,True
0.0,0.4940194,0.0,2.5421789,0.15961969,4.0726576,0.0,0.0,0.0,0.49658272,3.3605087,0.0,0.5059825,3.79137,1.4893645,0.0,2020-07-23,16,0.2,True,100,5,32,True
0.0,0.49166325,0.0,2.5516617,0.15958461,4.053105,0.0,0.0,0.0,0.5099467,3.3766158,0.0,0.5047799,3.7862773,1.4765129,0.0,2020-07-24,16,0.2,True,100,5,32,True
0.0,0.48961437,0.0,2.5560944,0.15964192,4.0328083,0.0,0.0,0.0,0.5185334,3.3866646,0.0,0.50341946,3.7765884,1.4619827,0.0,2020-07-27,16,0.2,True,100,5,32,True
0.0,0.48394758,0.0,2.5555372,0.15819544,4.003647,0.0,0.0,0.0,0.52465075,3.3950107,0.0,0.50356245,3.759705,1.4442669,0.0,2020-07-28,16,0.2,True,100,5,32,True
0.0,0.48247594,0.0,2.56255,0.15472889,3.9910936,0.0,0.0,0.0,0.5345297,3.4143698,0.0,0.5023342,3.756304,1.4347873,0.0,2020-07-29,16,0.2,True,100,5,32,True
0.0,0.47964013,0.0,2.5683966,0.15106675,3.972238,0.0,0.0,0.0,0.54774845,3.434465,0.0,0.5020523,3.7488813,1.4252574,0.0,2020-07-30,16,0.2,True,100,5,32,True
0.0,0.47738513,0.0,2.574765,0.15198915,3.9486427,0.0,0.0,0.0,0.5578942,3.4471672,0.0,0.50026125,3.73746,1.4066763,0.0,2020-07-31,16,0.2,True,100,5,32,True
0.0,0.47362107,0.0,2.5781913,0.15192685,3.9335568,0.0,0.0,0.0,0.5663009,3.4584823,0.0,0.49857453,3.72905,1.390659,0.0,2020-08-03,16,0.2,True,100,5,32,True
0.0,0.46987438,0.0,2.5844572,0.15205988,3.9202285,0.0,0.0,0.0,0.57828236,3.4661398,0.0,0.4934547,3.7218785,1.375281,0.0,2020-08-04,16,0.2,True,100,5,32,True
0.0,0.46269,0.0,2.588409,0.14973335,3.9037642,0.0,0.0,0.0,0.5945421,3.4709475,0.0,0.48741403,3.7113295,1.3618358,0.0,2020-08-05,16,0.2,True,100,5,32,True
0.0,0.45453134,0.0,2.5953488,0.15088356,3.8839633,0.0,0.0,0.0,0.6136085,3.4775255,0.0,0.4815848,3.7008562,1.3478327,0.0,2020-08-06,16,0.2,True,100,5,32,True
0.0,0.44112465,0.0,2.5987167,0.15605849,3.8506129,0.0,0.0,0.0,0.6360248,3.4922864,0.0,0.48280087,3.6807523,1.3312236,0.0,2020-08-07,16,0.2,True,100,5,32,True
0.0,0.4242953,0.0,2.6019065,0.16366112,3.8179185,0.0,0.0,0.0,0.66035503,3.5097523,0.0,0.48600253,3.6599283,1.3144933,0.0,2020-08-10,16,0.2,True,100,5,32,True
0.0,0.40314,0.0,2.6022816,0.16995928,3.7837834,0.0,0.0,0.0,0.6881834,3.5339198,0.0,0.49313337,3.638511,1.3027136,0.0,2020-08-11,16,0.2,True,100,5,32,True
0.0,0.38099763,0.03321837,2.6056397,0.17747346,3.7545805,0.0,0.0,0.0,0.71695,3.5527196,0.0,0.49689904,3.6201422,1.2874942,0.0,2020-08-12,16,0.2,True,100,5,32,True
0.0,0.3580172,0.07580575,2.6074617,0.18284038,3.7257833,0.0,0.0,0.0,0.746308,3.562443,0.0,0.49685988,3.6000922,1.271363,0.0,2020-08-13,16,0.2,True,100,5,32,True
0.0,0.33522022,0.121577844,2.610068,0.19525525,3.6876373,0.0,0.0,0.0,0.7757351,3.5750875,0.0,0.50127465,3.5756173,1.2549809,0.0,2020-08-14,16,0.2,True,100,5,32,True
0.0,0.31357524,0.16620785,2.609629,0.20393589,3.6544015,0.0,0.0,0.0,0.80299616,3.5781605,0.0,0.50094825,3.5511408,1.2414278,0.0,2020-08-18,16,0.2,True,100,5,32,True
0.0,0.3002098,0.19940099,2.6110613,0.20706505,3.6298172,0.0,0.0,0.0,0.8259784,3.5822396,0.0,0.4956811,3.5340164,1.2332491,0.0,2020-08-19,16,0.2,True,100,5,32,True
0.0,0.2905604,0.22560452,2.6117842,0.20886105,3.6009176,0.0,0.0,0.0,0.8468995,3.5869422,0.0,0.48960862,3.5154917,1.225735,0.0,2020-08-20,16,0.2,True,100,5,32,True
0.0,0.28695333,0.24061108,2.6078753,0.2049799,3.570589,0.0,0.0,0.0,0.8616914,3.5823925,0.0,0.47943142,3.4943774,1.2200478,0.0,2020-08-21,16,0.2,True,100,5,32,True
0.0,0.2883774,0.25096178,2.6043687,0.19830844,3.54414,0.0,0.0,0.0,0.8728845,3.570174,0.0,0.4635837,3.4758055,1.2130909,0.0,2020-08-24,16,0.2,True,100,5,32,True
0.0,0.28981197,0.25968847,2.5961564,0.1875965,3.5207646,0.0,0.0,0.0,0.881325,3.54866,0.0,0.44396314,3.455323,1.2032294,0.0,2020-08-25,16,0.2,True,100,5,32,True
0.0,0.29042825,0.27057263,2.5898447,0.18206382,3.5017672,0.0,0.0,0.0,0.88859004,3.5313578,0.0,0.4275925,3.4377337,1.1959355,0.0,2020-08-26,16,0.2,True,100,5,32,True
0.0,0.29088733,0.28091973,2.5829754,0.17489296,3.4889417,0.0,0.0,0.0,0.8946049,3.5139182,0.0,0.41056773,3.423209,1.189005,0.0,2020-08-27,16,0.2,True,100,5,32,True
0.0,0.2868848,0.28825432,2.5668905,0.16680992,3.4724693,0.0,0.0,0.0,0.897167,3.4952612,0.0,0.39966998,3.400843,1.1808504,0.0,2020-08-28,16,0.2,True,100,5,32,True
0.0,0.28398508,0.29348746,2.554389,0.16196969,3.4566238,0.0,0.0,0.0,0.89931023,3.4826353,0.0,0.39096075,3.3819504,1.1734556,0.0,2020-08-31,16,0.2,True,100,5,32,True
0.0,0.2819822,0.29823512,2.5416842,0.15839225,3.4405224,0.0,0.0,0.0,0.8974241,3.461761,0.0,0.3806024,3.3625393,1.162068,0.0,2020-09-01,16,0.2,True,100,5,32,True
0.0,0.28244665,0.3020287,2.5331419,0.15117127,3.4204547,0.0,0.0,0.0,0.89515245,3.4322958,0.0,0.3639254,3.3421614,1.1448876,0.0,2020-09-02,16,0.2,True,100,5,32,True
0.0,0.28254426,0.3026923,2.5230074,0.14114058,3.3994331,0.0,0.0,0.0,0.89266235,3.4021773,0.0,0.3470733,3.3203037,1.1279927,0.0,2020-09-03,16,0.2,True,100,5,32,True
0.0,0.28243434,0.30516425,2.5170393,0.13298777,3.3733249,0.0,0.0,0.0,0.8918354,3.3743787,0.0,0.32955864,3.2967796,1.1055118,0.0,2020-09-04,16,0.2,True,100,5,32,True
0.0,0.28227603,0.30404758,2.5084784,0.12459752,3.3436828,0.0,0.0,0.0,0.88908064,3.3461864,0.0,0.3133926,3.2706387,1.0812687,0.0,2020-09-07,16,0.2,True,100,5,32,True
0.0,0.28102213,0.30154026,2.4970016,0.11380496,3.3116848,0.0,0.0,0.0,0.8844231,3.310855,0.0,0.29559729,3.2411773,1.0546392,0.0,2020-09-08,16,0.2,True,100,5,32,True
0.0,0.28126067,0.29614422,2.485742,0.101335995,3.2819493,0.0,0.0,0.0,0.8808899,3.280884,0.0,0.27862418,3.214137,1.030564,0.0,2020-09-09,16,0.2,True,100,5,32,True
0.0,0.28380024,0.2871049,2.4764493,0.090721264,3.2546453,0.0,0.0,0.0,0.8747591,3.2544894,0.0,0.2635554,3.1906738,1.008589,0.0,2020-09-10,16,0.2,True,100,5,32,True
0.0,0.28539228,0.27932775,2.4656968,0.077876404,3.2373328,0.0,0.0,0.0,0.86948895,3.2300763,0.0,0.24929243,3.171301,0.99092054,0.0,2020-09-11,16,0.2,True,100,5,32,True
0.0,0.28934824,0.2697969,2.4594207,0.06818354,3.2136874,0.0,0.0,0.0,0.87031144,3.2209108,0.0,0.24059774,3.1555154,0.9792023,0.0,2020-09-14,16,0.2,True,100,5,32,True
0.0,0.29083216,0.26083753,2.451007,0.05670371,3.1939728,0.0,0.0,0.0,0.8718865,3.2129369,0.0,0.2344042,3.1420302,0.9705904,0.0,2020-09-15,16,0.2,True,100,5,32,True
0.0,0.29323235,0.25522915,2.4511647,0.04683146,3.184607,0.0,0.0,0.0,0.8797579,3.218523,0.0,0.23086473,3.1423824,0.97080034,0.0,2020-09-16,16,0.2,True,100,5,32,True
0.0,0.29487768,0.25800917,2.454565,0.038607538,3.1856384,0.0,0.0,0.0,0.88425124,3.2155154,0.0,0.22270888,3.1433332,0.9662976,0.0,2020-09-17,16,0.2,True,100,5,32,True
0.0,0.29859874,0.25864586,2.4597437,0.033258133,3.1828046,0.0,0.0,0.0,0.88983303,3.218485,0.0,0.21706903,3.1449957,0.9658551,0.0,2020-09-18,16,0.2,True,100,5,32,True
0.0,0.29916808,0.2610819,2.459066,0.026868261,3.1828442,0.0,0.0,0.0,0.8912489,3.210345,0.0,0.21000113,3.142471,0.96207577,0.0,2020-09-21,16,0.2,True,100,5,32,True
0.0,0.30427098,0.25940284,2.4622579,0.023617517,3.1752532,0.0,0.0,0.0,0.89302975,3.2076175,0.0,0.20302236,3.1389697,0.95684403,0.0,2020-09-22,16,0.2,True,100,5,32,True
0.0,0.31483617,0.2524775,2.4672084,0.017421871,3.1771464,0.0,0.0,0.0,0.8931431,3.2046466,0.0,0.1929367,3.1431613,0.9583925,0.0,2020-09-23,16,0.2,True,100,5,32,True
0.0,0.3324969,0.24224499,2.4791496,0.0108907055,3.1810522,0.0,0.0,0.0,0.8969011,3.210767,0.0,0.18059358,3.154058,0.9657425,0.0,2020-09-24,16,0.2,True,100,5,32,True
0.0,0.35525265,0.22571327,2.4915988,0.0027322657,3.1861331,0.0,0.0,0.0,0.8983822,3.2156994,0.0,0.16669716,3.167414,0.978096,0.0,2020-09-25,16,0.2,True,100,5,32,True
0.0,0.38272294,0.21533553,2.500159,0.0,3.2012677,0.0,0.0,0.0,0.8996596,3.2097886,0.0,0.15065162,3.180261,0.99104494,0.0,2020-09-28,16,0.2,True,100,5,32,True
0.0,0.40842652,0.20764494,2.5060928,0.0,3.2115912,0.0,0.0,0.0,0.8982817,3.2023745,0.0,0.13926172,3.1864548,0.99707973,0.0,2020-09-29,16,0.2,True,100,5,32,True
0.0,0.42540306,0.19896683,2.505921,0.0,3.2156143,0.0,0.0,0.0,0.89331186,3.1916459,0.0,0.130906,3.1861036,0.99967265,0.0,2020-10-05,16,0.2,True,100,5,32,True
0.0,0.4352512,0.1843716,2.5289106,0.0,3.2022893,0.0,0.0,0.0,0.9039827,3.2320051,0.0,0.1272236,3.1921275,1.0004508,0.0,2020-10-06,16,0.2,True,100,5,32,True
0.0,0.4428046,0.16890891,2.557549,0.0028870478,3.1686988,0.0,0.0,0.0,0.92291343,3.2952921,0.0,0.12858678,3.190918,0.99567235,0.0,2020-10-07,16,0.2,True,100,5,32,True
0.0,0.45274132,0.15720664,2.5974548,0.02339676,3.120919,0.0,0.0,0.0,0.9510084,3.3787582,0.0,0.1327546,3.189873,0.9879292,0.0,2020-10-08,16,0.2,True,100,5,32,True
0.0,0.4625513,0.1520854,2.641633,0.0484168,3.0717583,0.0,0.0,0.0,0.9829132,3.4673748,0.0,0.13713674,3.1908827,0.9783224,0.0,2020-10-12,16,0.2,True,100,5,32,True
0.0,0.47420552,0.15046911,2.6918151,0.07591958,3.025414,0.0,0.0,0.0,1.0200866,3.5629354,0.0,0.14087236,3.1987987,0.9739167,0.0,2020-10-13,16,0.2,True,100,5,32,True
0.0,0.48844498,0.14766666,2.7441757,0.1098362,2.9670777,0.0,0.0,0.0,1.0572294,3.6640065,0.0,0.14930217,3.2050087,0.9697611,0.0,2020-10-14,16,0.2,True,100,5,32,True
0.0,0.50391465,0.14588818,2.7942834,0.14055958,2.91606,0.0,0.0,0.0,1.0926208,3.7567863,0.0,0.15418157,3.2143817,0.9673164,0.0,2020-10-15,16,0.2,True,100,5,32,True
0.0,0.5226758,0.14126198,2.8468974,0.17160574,2.8624077,0.0,0.0,0.0,1.1274747,3.8480506,0.0,0.15884563,3.2271013,0.9663303,0.0,2020-10-16,16,0.2,True,100,5,32,True
0.0,0.54422003,0.13404353,2.8984885,0.1986416,2.8097813,0.0,0.0,0.0,1.1622549,3.9328597,0.0,0.16107246,3.2433336,0.970894,0.0,2020-10-19,16,0.2,True,100,5,32,True
0.0,0.5677316,0.12662189,2.951811,0.2243202,2.7590585,0.0,0.0,0.0,1.1968105,4.0123777,0.0,0.16124022,3.2619884,0.9780345,0.0,2020-10-20,16,0.2,True,100,5,32,True
0.0,0.59131515,0.12034655,3.0042417,0.2514587,2.709433,0.0,0.0,0.0,1.2303109,4.090228,0.0,0.16308467,3.2813516,0.9894804,0.0,2020-10-21,16,0.2,True,100,5,32,True
0.0,0.612368,0.118397996,3.0577424,0.2784606,2.66347,0.0,0.0,0.0,1.2645411,4.15987,0.0,0.16220106,3.3006551,0.996999,0.0,2020-10-22,16,0.2,True,100,5,32,True
0.0,0.633043,0.11550878,3.1057782,0.30229747,2.6197412,0.0,0.0,0.0,1.2969683,4.223023,0.0,0.16053799,3.3198607,1.0083493,0.0,2020-10-23,16,0.2,True,100,5,32,True
0.0,0.6554591,0.112857476,3.153744,0.32693025,2.577106,0.0,0.0,0.0,1.3295653,4.2893815,0.0,0.1613838,3.3413937,1.0274998,0.0,2020-10-26,16,0.2,True,100,5,32,True
0.0,0.6787684,0.10855242,3.1996634,0.34853548,2.541797,0.0,0.0,0.0,1.3591608,4.348997,0.0,0.16038518,3.3654504,1.0494457,0.0,2020-10-27,16,0.2,True,100,5,32,True
0.0,0.7027302,0.10262874,3.2441251,0.36901754,2.5090768,0.0,0.0,0.0,1.3861969,4.4029403,0.0,0.15751831,3.3883948,1.070029,0.0,2020-10-28,16,0.2,True,100,5,32,True
0.0,0.7274358,0.09750613,3.2899542,0.39139098,2.479764,0.0,0.0,0.0,1.4117705,4.4591575,0.0,0.15554434,3.4119554,1.0898588,0.0,2020-10-29,16,0.2,True,100,5,32,True
0.0,0.75305253,0.09397464,3.3338957,0.41286254,2.4587386,0.0,0.0,0.0,1.4360319,4.516827,0.0,0.1549707,3.4374409,1.1132861,0.0,2020-10-30,16,0.2,True,100,5,32,True
0.0,0.7820309,0.085895166,3.3781466,0.43297213,2.4409668,0.0,0.0,0.0,1.4568046,4.570039,0.0,0.15227024,3.4640703,1.1341205,0.0,2020-11-02,16,0.2,True,100,5,32,True
0.0,0.8091779,0.0858752,3.414146,0.44401407,2.429171,0.0,0.0,0.0,1.4796326,4.6019516,0.0,0.14382614,3.4879808,1.1572081,0.0,2020-11-03,16,0.2,True,100,5,32,True
0.0,0.83536345,0.090709165,3.448623,0.45345312,2.4121194,0.0,0.0,0.0,1.5045059,4.628078,0.0,0.1353848,3.5079906,1.1818606,0.0,2020-11-04,16,0.2,True,100,5,32,True
0.0,0.8553983,0.100285575,3.4785538,0.46112478,2.3941627,0.0,0.0,0.0,1.5310575,4.6500244,0.0,0.13013485,3.520522,1.2042364,0.0,2020-11-05,16,0.2,True,100,5,32,True
0.0,0.8730924,0.11662334,3.5096076,0.46904448,2.3852909,0.0,0.0,0.0,1.5611919,4.6735964,0.0,0.1275415,3.5322304,1.2283511,0.0,2020-11-06,16,0.2,True,100,5,32,True
0.0,0.885717,0.13718402,3.534204,0.4708525,2.383487,0.0,0.0,0.0,1.5911463,4.6881127,0.0,0.12346873,3.5412312,1.2502166,0.0,2020-11-09,16,0.2,True,100,5,32,True
0.0,0.89573205,0.16053326,3.5572965,0.47292706,2.3828447,0.0,0.0,0.0,1.6191193,4.7010293,0.0,0.121962965,3.546568,1.267236,0.0,2020-11-10,16,0.2,True,100,5,32,True
0.0,0.90226406,0.18578912,3.5793374,0.47817335,2.3724098,0.0,0.0,0.0,1.6465285,4.7143307,0.0,0.12561728,3.5442247,1.2813995,0.0,2020-11-11,16,0.2,True,100,5,32,True
0.0,0.90335435,0.21166076,3.5948133,0.47858247,2.3635008,0.0,0.0,0.0,1.6739898,4.723316,0.0,0.13054049,3.5394232,1.2983198,0.0,2020-11-12,16,0.2,True,100,5,32,True
0.0,0.90408474,0.23981287,3.614684,0.47953737,2.3570926,0.0,0.0,0.0,1.7043078,4.73264,0.0,0.13380408,3.5401921,1.3189415,0.0,2020-11-13,16,0.2,True,100,5,32,True
0.0,0.9053343,0.27254266,3.6368544,0.47756606,2.3612466,0.0,0.0,0.0,1.7378541,4.737472,0.0,0.13078903,3.5465455,1.3408155,0.0,2020-11-16,16,0.2,True,100,5,32,True
0.0,0.9055734,0.30727407,3.6579041,0.474495,2.3700755,0.0,0.0,0.0,1.7710698,4.7402725,0.0,0.12687367,3.551159,1.3609809,0.0,2020-11-17,16,0.2,True,100,5,32,True
0.0,0.89092886,0.34196794,3.6515548,0.462029,2.366497,0.0,0.0,0.0,1.7914281,4.708245,0.0,0.1249982,3.5296738,1.3674979,0.0,2020-11-18,16,0.2,True,100,5,32,True
0.0,0.87560093,0.37680364,3.6440792,0.44818023,2.3661468,0.0,0.0,0.0,1.8114655,4.6781855,0.0,0.12258083,3.509706,1.3735405,0.0,2020-11-19,16,0.2,True,100,5,32,True
0.0,0.8595048,0.41166383,3.6354065,0.43228984,2.367183,0.0,0.0,0.0,1.8318331,4.648528,0.0,0.1189336,3.4905667,1.3794154,0.0,2020-11-20,16,0.2,True,100,5,32,True
0.0,0.8457031,0.44764328,3.6317415,0.41987678,2.368932,0.0,0.0,0.0,1.8530734,4.6238112,0.0,0.115115,3.4737566,1.3846824,0.0,2020-11-23,16,0.2,True,100,5,32,True
0.0,0.8290528,0.48508856,3.6239195,0.4051026,2.3731751,0.0,0.0,0.0,1.8738456,4.5964904,0.0,0.11079526,3.4531975,1.3855419,0.0,2020-11-24,16,0.2,True,100,5,32,True
0.0,0.8078606,0.5256089,3.6109529,0.38752005,2.377777,0.0,0.0,0.0,1.895393,4.5655217,0.0,0.10647009,3.4268568,1.381481,0.0,2020-11-25,16,0.2,True,100,5,32,True
0.0,0.7892432,0.56655556,3.5996075,0.3707355,2.3840284,0.0,0.0,0.0,1.9153378,4.534116,0.0,0.100325994,3.4019828,1.3764869,0.0,2020-11-26,16,0.2,True,100,5,32,True
0.0,0.770819,0.6087997,3.5876322,0.3528058,2.3926973,0.0,0.0,0.0,1.9353864,4.503167,0.0,0.0926529,3.3751867,1.3685203,0.0,2020-11-27,16,0.2,True,100,5,32,True
0.0,0.75162894,0.64884335,3.5757275,0.3338852,2.4000697,0.0,0.0,0.0,1.955796,4.4781322,0.0,0.085600324,3.349682,1.3591224,0.0,2020-11-30,16,0.2,True,100,5,32,True
0.0,0.7301393,0.6798677,3.5608904,0.3140452,2.3976986,0.0,0.0,0.0,1.9728976,4.4609447,0.0,0.08343981,3.3259387,1.3525671,0.0,2020-12-01,16,0.2,True,100,5,32,True
0.0,0.706685,0.7080055,3.5469897,0.29120922,2.3905494,0.0,0.0,0.0,1.989498,4.440564,0.0,0.07743657,3.2975392,1.334589,0.0,2020-12-02,16,0.2,True,100,5,32,True
0.0,0.68877697,0.731696,3.5509253,0.27802742,2.3704267,0.0,0.0,0.0,2.011926,4.4420114,0.0,0.07496467,3.2780156,1.3201016,0.0,2020-12-03,16,0.2,True,100,5,32,True
0.0,0.67067146,0.75743073,3.5539367,0.26528245,2.3496313,0.0,0.0,0.0,2.033364,4.442236,0.0,0.07042697,3.254147,1.2954627,0.0,2020-12-04,16,0.2,True,100,5,32,True
0.0,0.6521264,0.7850337,3.556575,0.25286973,2.3288944,0.0,0.0,0.0,2.0545943,4.440316,0.0,0.06368473,3.2279494,1.2663738,0.0,2020-12-07,16,0.2,True,100,5,32,True
0.0,0.63753045,0.8059226,3.564333,0.2418823,2.2953854,0.0,0.0,0.0,2.0742576,4.4528193,0.0,0.059735186,3.2070599,1.2387818,0.0,2020-12-08,16,0.2,True,100,5,32,True
0.0,0.62400675,0.82705355,3.5689304,0.23062247,2.2658317,0.0,0.0,0.0,2.091917,4.4549932,0.0,0.05261845,3.1840692,1.2093371,0.0,2020-12-09,16,0.2,True,100,5,32,True
0.0,0.6122772,0.84885925,3.5748432,0.22165379,2.2408483,0.0,0.0,0.0,2.1090648,4.4620442,0.0,0.046926104,3.1633494,1.1830456,0.0,2020-12-10,16,0.2,True,100,5,32,True
0.0,0.60146725,0.8692089,3.578719,0.21319315,2.2179508,0.0,0.0,0.0,2.1235003,4.46833,0.0,0.041753642,3.1428738,1.1573625,0.0,2020-12-11,16,0.2,True,100,5,32,True
0.0,0.59118176,0.8898352,3.5847034,0.20753568,2.1915762,0.0,0.0,0.0,2.1391149,4.475386,0.0,0.038490467,3.1219864,1.1332601,0.0,2020-12-14,16,0.2,True,100,5,32,True
0.0,0.5932327,0.90738225,3.6147373,0.2080243,2.1809855,0.0,0.0,0.0,2.1662426,4.511446,0.0,0.033051576,3.1285338,1.117364,0.0,2020-12-15,16,0.2,True,100,5,32,True
0.0,0.5936201,0.92268586,3.64062,0.20766905,2.164127,0.0,0.0,0.0,2.1895256,4.5476904,0.0,0.030577766,3.1321545,1.104105,0.0,2020-12-16,16,0.2,True,100,5,32,True
0.0,0.5925877,0.93946165,3.6627712,0.20639947,2.1493404,0.0,0.0,0.0,2.2117264,4.578757,0.0,0.028772041,3.1329243,1.0914599,0.0,2020-12-17,16,0.2,True,100,5,32,True
0.0,0.5929596,0.95391583,3.6884208,0.2071465,2.1308625,0.0,0.0,0.0,2.2340925,4.620016,0.0,0.031783972,3.1393642,1.084498,0.0,2020-12-18,16,0.2,True,100,5,32,True
0.0,0.5939303,0.96987927,3.7135262,0.20703244,2.1206303,0.0,0.0,0.0,2.2586172,4.6568155,0.0,0.0335281,3.148575,1.0784167,0.0,2020-12-21,16,0.2,True,100,5,32,True
0.0,0.59396905,0.9831857,3.7345862,0.2025339,2.1102307,0.0,0.0,0.0,2.2821543,4.6904874,0.0,0.03581211,3.159967,1.0739037,0.0,2020-12-22,16,0.2,True,100,5,32,True
0.0,0.5929067,0.99423516,3.750021,0.19553432,2.1015282,0.0,0.0,0.0,2.3022554,4.7145686,0.0,0.036025956,3.1694796,1.0700969,0.0,2020-12-23,16,0.2,True,100,5,32,True
0.0,0.5961123,1.0029727,3.7692375,0.1918805,2.0960965,0.0,0.0,0.0,2.3214223,4.7439156,0.0,0.036274645,3.1810815,1.0662833,0.0,2020-12-24,16,0.2,True,100,5,32,True
0.0,0.5999269,1.0150366,3.7910328,0.1897381,2.096345,0.0,0.0,0.0,2.3433833,4.7725344,0.0,0.036217604,3.1930933,1.0645025,0.0,2020-12-28,16,0.2,True,100,5,32,True
0.0,0.6064637,1.026842,3.8144956,0.18599516,2.1030116,0.0,0.0,0.0,2.366949,4.8005743,0.0,0.033594165,3.2085493,1.0611621,0.0,2020-12-29,16,0.2,True,100,5,32,True
0.0,0.61386317,1.0379777,3.8366127,0.17928618,2.1188805,0.0,0.0,0.0,2.388588,4.825814,0.0,0.028211711,3.2270489,1.0523125,0.0,2020-12-30,16,0.2,True,100,5,32,True
0.0,0.62126666,1.0534893,3.8602116,0.17430085,2.1458719,0.0,0.0,0.0,2.410352,4.8515415,0.0,0.022821926,3.2462916,1.0428544,0.0,2021-01-04,16,0.2,True,100,5,32,True
0.0,0.6319018,1.0753219,3.8823156,0.17228565,2.1860418,0.0,0.0,0.0,2.4304225,4.879706,0.0,0.017063364,3.2602913,1.0250864,0.0,2021-01-05,16,0.2,True,100,5,32,True
0.0,0.6410888,1.1020358,3.9041953,0.17340499,2.229744,0.0,0.0,0.0,2.44971,4.9152927,0.0,0.015448883,3.2709632,1.0048238,0.0,2021-01-06,16,0.2,True,100,5,32,True
0.0,0.65011144,1.1327239,3.928682,0.17761537,2.2705042,0.0,0.0,0.0,2.4701662,4.9509892,0.0,0.014353264,3.276264,0.9803924,0.0,2021-01-07,16,0.2,True,100,5,32,True
0.0,0.65889645,1.1688044,3.955184,0.18433374,2.311478,0.0,0.0,0.0,2.492765,4.9868484,0.0,0.0136338435,3.2773314,0.9552641,0.0,2021-01-08,16,0.2,True,100,5,32,True
0.0,0.6651048,1.2124991,3.9859319,0.19284111,2.3601341,0.0,0.0,0.0,2.5200152,5.0314956,0.0,0.014407884,3.2791696,0.9281273,0.0,2021-01-11,16,0.2,True,100,5,32,True
0.0,0.67114043,1.2624788,4.02718,0.208249,2.4066472,0.0,0.0,0.0,2.5515103,5.088003,0.0,0.016965427,3.2811525,0.8998634,0.0,2021-01-12,16,0.2,True,100,5,32,True
0.0,0.67759585,1.3131597,4.069297,0.22355554,2.4541323,0.0,0.0,0.0,2.581673,5.1416903,0.0,0.01617314,3.2827997,0.86813885,0.0,2021-01-13,16,0.2,True,100,5,32,True
0.0,0.6840829,1.3644717,4.110515,0.23641652,2.5041308,0.0,0.0,0.0,2.6120386,5.1948724,0.0,0.013131704,3.2834852,0.83374065,0.0,2021-01-14,16,0.2,True,100,5,32,True
0.0,0.68753374,1.4193267,4.1422024,0.24653941,2.5501192,0.0,0.0,0.0,2.638825,5.232969,0.0,0.0076809973,3.269382,0.78841805,0.0,2021-01-15,16,0.2,True,100,5,32,True
0.0,0.68552047,1.4633856,4.1717687,0.25041965,2.5851622,0.0,0.0,0.0,2.661237,5.2702756,0.0,0.004880313,3.260342,0.74936324,0.0,2021-01-18,16,0.2,True,100,5,32,True
0.0,0.6803693,1.4985635,4.192531,0.24732041,2.6123936,0.0,0.0,0.0,2.6763568,5.296064,0.0,0.0,3.2471788,0.706956,0.0,2021-01-19,16,0.2,True,100,5,32,True
0.0,0.6796791,1.5335557,4.217799,0.24803731,2.6395984,0.0,0.0,0.0,2.6936593,5.325934,0.0,0.0,3.2367318,0.6671795,0.0,2021-01-20,16,0.2,True,100,5,32,True
0.0,0.6795931,1.5687636,4.2461185,0.250562,2.6659756,0.0,0.0,0.0,2.7131233,5.3588033,0.0,0.0,3.226562,0.627147,0.0,2021-01-21,16,0.2,True,100,5,32,True
0.0,0.67792374,1.6099886,4.2642207,0.24951884,2.697589,0.0,0.0,0.0,2.7320988,5.3784347,0.0,0.0,3.2023423,0.5760786,0.0,2021-01-22,16,0.2,True,100,5,32,True
0.0,0.6822539,1.6509433,4.2971063,0.25415838,2.7276099,0.0,0.0,0.0,2.7586064,5.413292,0.0,0.0,3.19061,0.53127915,0.0,2021-01-25,16,0.2,True,100,5,32,True
0.0,0.68391275,1.6948562,4.324527,0.25594518,2.759118,0.0,0.0,0.0,2.7856967,5.4419894,0.0,0.0,3.16969,0.47804654,0.0,2021-01-26,16,0.2,True,100,5,32,True
0.0,0.6878423,1.7367387,4.353734,0.25544024,2.788448,0.0,0.0,0.0,2.8136456,5.4705896,0.0,0.0,3.1501672,0.42321032,0.0,2021-01-27,16,0.2,True,100,5,32,True
0.0,0.69441617,1.7743615,4.3834558,0.25417006,2.8180478,0.0,0.0,0.0,2.8401268,5.5000787,0.0,0.0,3.134547,0.37050074,0.0,2021-01-28,16,0.2,True,100,5,32,True
0.0,0.7056977,1.8071882,4.4138665,0.25133216,2.8435476,0.0,0.0,0.0,2.8656857,5.5280704,0.0,0.0,3.1209471,0.3180685,0.0,2021-01-29,16,0.2,True,100,5,32,True
0.0,0.7117724,1.8290112,4.425613,0.23944584,2.8584807,0.0,0.0,0.0,2.8786008,5.5350523,0.0,0.0,3.0952487,0.2579923,0.0,2021-02-01,16,0.2,True,100,5,32,True
0.0,0.72169447,1.8491741,4.437835,0.22939497,2.8644156,0.0,0.0,0.0,2.895059,5.537986,0.0,0.0,3.069719,0.20527132,0.0,2021-02-02,16,0.2,True,100,5,32,True
0.0,0.7281776,1.8687713,4.4409018,0.21654555,2.8660479,0.0,0.0,0.0,2.9114451,5.533133,0.0,0.0,3.03676,0.15520354,0.0,2021-02-03,16,0.2,True,100,5,32,True
0.0,0.74171007,1.8928487,4.456322,0.21074677,2.869809,0.0,0.0,0.0,2.9368112,5.5401187,0.0,0.0,3.011969,0.11345573,0.0,2021-02-04,16,0.2,True,100,5,32,True
0.0,0.7555174,1.9164671,4.468245,0.20258456,2.874098,0.0,0.0,0.0,2.9607444,5.5419445,0.0,0.0,2.9837828,0.06986057,0.0,2021-02-05,16,0.2,True,100,5,32,True
0.0,0.7630013,1.9407898,4.4783974,0.19146249,2.877622,0.0,0.0,0.0,2.9862607,5.5416956,0.0,0.0,2.9560513,0.03156067,0.0,2021-02-08,16,0.2,True,100,5,32,True
0.0,0.76800406,1.9622811,4.486519,0.1792809,2.872231,0.0,0.0,0.0,3.0099878,5.536387,0.0,0.0,2.9237807,0.0,0.0,2021-02-09,16,0.2,True,100,5,32,True
0.0,0.7704936,1.9788058,4.496964,0.16685641,2.8691013,0.0,0.0,0.0,3.0314958,5.5371237,0.0,0.0,2.9014814,0.0,0.0,2021-02-10,16,0.2,True,100,5,32,True
0.0,0.7743504,1.9939159,4.509956,0.15588507,2.865835,0.0,0.0,0.0,3.0527906,5.5407534,0.0,0.0,2.8825142,0.0,0.0,2021-02-15,16,0.2,True,100,5,32,True
0.0,0.78081983,2.0149136,4.5191174,0.1455282,2.8633196,0.0,0.0,0.0,3.077223,5.535886,0.0,0.0,2.8588185,0.0,0.0,2021-02-16,16,0.2,True,100,5,32,True
0.0,0.7841583,2.038219,4.5263505,0.13971928,2.8599784,0.0,0.0,0.0,3.100748,5.5310893,0.0,0.0,2.8320854,0.0,0.0,2021-02-17,16,0.2,True,100,5,32,True
0.0,0.78434473,2.056692,4.538463,0.13544628,2.8560472,0.0,0.0,0.0,3.122583,5.5355296,0.0,0.0,2.817039,0.0,0.0,2021-02-18,16,0.2,True,100,5,32,True
0.0,0.78286153,2.0714703,4.544008,0.12886986,2.8483555,0.0,0.0,0.0,3.1381836,5.5307927,0.0,0.0,2.7969854,0.0,0.0,2021-02-19,16,0.2,True,100,5,32,True
0.0,0.7763788,2.0820143,4.5513287,0.12108552,2.8410714,0.0,0.0,0.0,3.1520674,5.5327735,0.0,0.0,2.7870617,0.0,0.0,2021-02-22,16,0.2,True,100,5,32,True
0.0,0.7730793,2.088886,4.557655,0.117257014,2.8365314,0.0,0.0,0.0,3.1618273,5.534769,0.0,0.0,2.782164,0.0,0.0,2021-02-23,16,0.2,True,100,5,32,True
0.0,0.77286917,2.0941534,4.558035,0.116961315,2.8293457,0.0,0.0,0.0,3.166196,5.5277724,0.0,0.0,2.7706132,0.0,0.0,2021-02-24,16,0.2,True,100,5,32,True
0.0,0.76560414,2.0894332,4.5499606,0.106372826,2.8170643,0.0,0.0,0.0,3.1646113,5.5119553,0.0,0.0,2.762927,0.0,0.0,2021-02-25,16,0.2,True,100,5,32,True
0.0,0.7600737,2.0862327,4.5475,0.09727322,2.8057714,0.0,0.0,0.0,3.1680546,5.503058,0.0,0.0,2.7599957,0.0,0.0,2021-02-26,16,0.2,True,100,5,32,True
0.0,0.75554174,2.077415,4.5447774,0.08699992,2.7911658,0.0,0.0,0.0,3.1678593,5.4937315,0.0,0.0,2.7583556,0.0,0.0,2021-03-02,16,0.2,True,100,5,32,True
0.0,0.75401574,2.0699313,4.5425777,0.07886299,2.7748456,0.0,0.0,0.0,3.1695821,5.4820633,0.0,0.0,2.759509,0.0,0.0,2021-03-03,16,0.2,True,100,5,32,True
0.0,0.7631383,2.0702267,4.536398,0.069424994,2.7574582,0.0,0.0,0.0,3.1762002,5.4553328,0.0,0.0,2.7405012,0.0,0.0,2021-03-04,16,0.2,True,100,5,32,True
0.0,0.7690639,2.0702622,4.5266943,0.056558505,2.7305737,0.0,0.0,0.0,3.1836874,5.422251,0.0,0.0,2.7159858,0.0,0.0,2021-03-05,16,0.2,True,100,5,32,True
0.0,0.7719777,2.06614,4.5172033,0.04571917,2.7029514,0.0,0.0,0.0,3.1882684,5.3937173,0.0,0.0,2.6992068,0.0,0.0,2021-03-08,16,0.2,True,100,5,32,True
0.0,0.7764246,2.0635781,4.500753,0.034174163,2.6767852,0.0,0.0,0.0,3.191188,5.351734,0.0,0.0,2.676804,0.0,0.0,2021-03-09,16,0.2,True,100,5,32,True
0.0,0.77520543,2.0524576,4.4876595,0.021329103,2.6433835,0.0,0.0,0.0,3.191219,5.318683,0.0,0.0,2.6622865,0.0,0.0,2021-03-10,16,0.2,True,100,5,32,True
0.0,0.77357554,2.0412953,4.4698043,0.0072772466,2.6066701,0.0,0.0,0.0,3.1895893,5.276497,0.0,0.0,2.6443102,0.0,0.0,2021-03-11,16,0.2,True,100,5,32,True
0.0,0.77557975,2.0317,4.4545655,0.0,2.5746675,0.0,0.0,0.0,3.189056,5.2374187,0.0,0.0,2.6282372,0.0,0.0,2021-03-12,16,0.2,True,100,5,32,True
0.0,0.7776875,2.0294402,4.440958,0.0,2.5452526,0.0,0.0,0.0,3.194084,5.199797,0.0,0.0,2.6074116,0.0,0.0,2021-03-15,16,0.2,True,100,5,32,True
0.0,0.7789077,2.0313504,4.430364,0.0,2.5143607,0.0,0.0,0.0,3.2025483,5.1653895,0.0,0.0,2.5835755,0.0,0.0,2021-03-16,16,0.2,True,100,5,32,True
0.0,0.77509063,2.033989,4.424625,0.0,2.4806564,0.0,0.0,0.0,3.2132523,5.141194,0.0,0.0,2.5620131,0.0,0.0,2021-03-17,16,0.2,True,100,5,32,True
0.0,0.7702584,2.0413232,4.4149466,0.0,2.4430459,0.0,0.0,0.0,3.2258945,5.1086917,0.0,0.0,2.5297341,0.0,0.0,2021-03-18,16,0.2,True,100,5,32,True
0.0,0.7633808,2.0444791,4.4130173,0.0,2.418227,0.0,0.0,0.0,3.2336397,5.0953026,0.0,0.0,2.5210333,0.0,0.0,2021-03-19,16,0.2,True,100,5,32,True
0.0,0.75974977,2.0484705,4.409326,0.0,2.3964188,0.0,0.0,0.0,3.2405965,5.077559,0.0,0.0,2.5091238,0.0,0.0,2021-03-22,16,0.2,True,100,5,32,True
0.0,0.7551032,2.0531137,4.403492,0.0,2.376865,0.0,0.0,0.0,3.2476983,5.058043,0.0,0.0,2.5019233,0.0,0.0,2021-03-23,16,0.2,True,100,5,32,True
0.0,0.75349987,2.0540106,4.402422,0.0,2.3533974,0.0,0.0,0.0,3.2526371,5.044526,0.0,0.0,2.4933944,0.0,0.0,2021-03-24,16,0.2,True,100,5,32,True
0.0,0.75065434,2.0514026,4.400296,0.0,2.3255723,0.0,0.0,0.0,3.2544973,5.031905,0.0,0.0,2.484654,0.0,0.0,2021-03-25,16,0.2,True,100,5,32,True
0.0,0.7457139,2.0485468,4.3972178,0.0,2.2942896,0.0,0.0,0.0,3.2552023,5.01825,0.0,0.0,2.4740593,0.0,0.0,2021-03-26,16,0.2,True,100,5,32,True
0.0,0.7413168,2.0474489,4.396302,0.0,2.2583902,0.0,0.0,0.0,3.2597516,5.0062184,0.0,0.0,2.4606016,0.0,0.0,2021-03-29,16,0.2,True,100,5,32,True
0.0,0.7358419,2.0492778,4.3910656,0.0,2.2266781,0.0,0.0,0.0,3.2652853,4.9875,0.0,0.0,2.4468188,0.0,0.0,2021-03-30,16,0.2,True,100,5,32,True
0.0,0.72568214,2.0514705,4.3854327,0.0,2.201124,0.0,0.0,0.0,3.2692018,4.9740286,0.0,0.0,2.4442255,0.0,0.0,2021-03-31,16,0.2,True,100,5,32,True
0.0,0.7134136,2.0558884,4.3730006,0.0,2.1769042,0.0,0.0,0.0,3.2734878,4.9493785,0.0,0.0,2.4354098,0.0,0.0,2021-04-01,16,0.2,True,100,5,32,True
0.0,0.70796055,2.0666606,4.364747,0.0,2.1527894,0.0,0.0,0.0,3.2857015,4.9205956,0.0,0.0,2.416888,0.0,0.0,2021-04-02,16,0.2,True,100,5,32,True
0.0,0.70445615,2.083619,4.360063,0.0,2.1317086,0.0,0.0,0.0,3.305092,4.891714,0.0,0.0,2.396689,0.0,0.0,2021-04-05,16,0.2,True,100,5,32,True
0.0,0.7028234,2.1047456,4.3556314,0.0,2.1074412,0.0,0.0,0.0,3.3281324,4.8581586,0.0,0.0,2.3671174,0.0,0.0,2021-04-06,16,0.2,True,100,5,32,True
0.0,0.69533265,2.1275601,4.3566685,0.0,2.0791895,0.0,0.0,0.0,3.354481,4.8344116,0.0,0.0,2.3440905,0.0,0.0,2021-04-07,16,0.2,True,100,5,32,True
0.0,0.68380934,2.152265,4.3576484,0.0,2.0513499,0.0,0.0,0.0,3.3822162,4.810526,0.0,0.0,2.32251,0.0,0.0,2021-04-08,16,0.2,True,100,5,32,True
0.0,0.67984164,2.1816812,4.3594847,0.0,2.0222323,0.0,0.0,0.0,3.413757,4.7807527,0.0,0.0,2.284237,0.0,0.0,2021-04-09,16,0.2,True,100,5,32,True
0.0,0.6699545,2.2072957,4.3648567,0.0,1.9954991,0.0,0.0,0.0,3.4403784,4.762179,0.0,0.0,2.26085,0.0,0.0,2021-04-12,16,0.2,True,100,5,32,True
0.0,0.66362876,2.237904,4.3675117,0.0,1.9719507,0.0,0.0,0.0,3.4713876,4.733826,0.0,0.0,2.2275698,0.0,0.0,2021-04-13,16,0.2,True,100,5,32,True
0.010689519,0.6518177,2.266759,4.3727684,0.0,1.9506938,0.0,0.0,0.0,3.5018895,4.7135673,0.0,0.0,2.204318,0.0,0.0,2021-04-14,16,0.2,True,100,5,32,True
0.020756952,0.639163,2.2954562,4.38231,0.0,1.9324352,0.0,0.0,0.0,3.5321853,4.702005,0.0,0.0,2.1889825,0.0,0.0,2021-04-15,16,0.2,True,100,5,32,True
0.036757726,0.6287922,2.3292663,4.3900213,0.0,1.9168935,0.0,0.0,0.0,3.5657728,4.683052,0.0,0.0,2.1645691,0.0,0.0,2021-04-16,16,0.2,True,100,5,32,True
0.05604676,0.61842656,2.3634536,4.398869,0.0,1.8982674,0.0,0.0,0.0,3.6015432,4.664159,0.0,0.0,2.1379178,0.0,0.0,2021-04-19,16,0.2,True,100,5,32,True
0.069890544,0.6042501,2.3968532,4.4111786,0.0,1.8819306,0.0,0.0,0.0,3.6377592,4.6540213,0.0,0.0,2.121451,0.0,0.0,2021-04-20,16,0.2,True,100,5,32,True
0.096345544,0.594586,2.433197,4.4214344,0.0,1.8623729,0.0,0.0,0.0,3.675538,4.634854,0.0,0.0,2.0874867,0.0,0.0,2021-04-21,16,0.2,True,100,5,32,True
0.114530236,0.5779248,2.463499,4.4335313,0.0,1.8377146,0.0,0.0,0.0,3.709016,4.625527,0.0,0.0,2.066659,0.0,0.0,2021-04-22,16,0.2,True,100,5,32,True
0.13508186,0.56321985,2.4950836,4.4410577,0.0,1.8156152,0.0,0.0,0.0,3.7419472,4.6069603,0.0,0.0,2.042636,0.0,0.0,2021-04-23,16,0.2,True,100,5,32,True
0.15389475,0.5447993,2.5219443,4.4471626,0.0,1.7867247,0.0,0.0,0.0,3.7707858,4.590418,0.0,0.0,2.019693,0.0,0.0,2021-04-26,16,0.2,True,100,5,32,True
0.17239188,0.52643996,2.5519469,4.451452,0.0,1.7597047,0.0,0.0,0.0,3.8009908,4.5700064,0.0,0.0,1.9943036,0.0,0.0,2021-04-27,16,0.2,True,100,5,32,True
0.19810793,0.5112727,2.5853684,4.4544005,0.0,1.7327802,0.0,0.0,0.0,3.8333256,4.5422764,0.0,0.0,1.9598745,0.0,0.0,2021-04-28,16,0.2,True,100,5,32,True
0.22090647,0.494487,2.6177492,4.4599514,0.0,1.7035408,0.0,0.0,0.0,3.8655593,4.5201907,0.0,0.0,1.9311287,0.0,0.0,2021-04-29,16,0.2,True,100,5,32,True
0.24330938,0.47894746,2.6477668,4.465447,0.0,1.6720537,0.0,0.0,0.0,3.8952057,4.4989944,0.0,0.0,1.9031104,0.0,0.0,2021-04-30,16,0.2,True,100,5,32,True
0.2677063,0.46676436,2.6751454,4.4695735,0.0,1.6404037,0.0,0.0,0.0,3.923801,4.474689,0.0,0.0,1.8764046,0.0,0.0,2021-05-03,16,0.2,True,100,5,32,True
0.294065,0.45417848,2.697588,4.482075,0.0,1.5991427,0.0,0.0,0.0,3.9529889,4.461072,0.0,0.0,1.855825,0.0,0.0,2021-05-04,16,0.2,True,100,5,32,True
0.3356311,0.44940817,2.7169664,4.4991612,0.0,1.543817,0.0,0.0,0.0,3.9830806,4.4485803,0.0,0.0,1.822481,0.0,0.0,2021-05-06,16,0.2,True,100,5,32,True
0.37285346,0.44142485,2.7365618,4.518323,0.0,1.4837512,0.0,0.0,0.0,4.012736,4.444777,0.0,0.0,1.7924811,0.0,0.0,2021-05-07,16,0.2,True,100,5,32,True
0.40547127,0.43246496,2.7566206,4.537996,0.0,1.4245849,0.0,0.0,0.0,4.0420785,4.446363,0.0,0.0,1.7657044,0.0,0.0,2021-05-10,16,0.2,True,100,5,32,True
0.43267074,0.42619222,2.7796664,4.561276,0.0,1.3717775,0.0,0.0,0.0,4.074284,4.4564385,0.0,0.0,1.7418345,0.0,0.0,2021-05-11,16,0.2,True,100,5,32,True
0.45601183,0.4174175,2.8058486,4.5837264,0.0,1.3181782,0.0,0.0,0.0,4.10996,4.467362,0.0,0.0,1.718554,0.0,0.0,2021-05-12,16,0.2,True,100,5,32,True
0.4817804,0.41130996,2.8289032,4.601208,0.0,1.265733,0.0,0.0,0.0,4.142122,4.470304,0.0,0.0,1.6926138,0.0,0.0,2021-05-13,16,0.2,True,100,5,32,True
0.5063372,0.4031031,2.8463395,4.616923,0.0,1.211701,0.0,0.0,0.0,4.1687155,4.473872,0.0,0.0,1.6708442,0.0,0.0,2021-05-14,16,0.2,True,100,5,32,True
0.52687097,0.39659762,2.8563435,4.634074,0.0,1.1628842,0.0,0.0,0.0,4.1900687,4.482478,0.0,0.0,1.6575592,0.0,0.0,2021-05-17,16,0.2,True,100,5,32,True
0.54345065,0.38659307,2.863715,4.647202,0.0,1.1124232,0.0,0.0,0.0,4.2076983,4.487203,0.0,0.0,1.6460981,0.0,0.0,2021-05-18,16,0.2,True,100,5,32,True
0.5586653,0.37875122,2.8712552,4.660092,0.0,1.0674883,0.0,0.0,0.0,4.224992,4.491704,0.0,0.0,1.6348106,0.0,0.0,2021-05-20,16,0.2,True,100,5,32,True
0.5751563,0.37478638,2.87705,4.6699123,0.0,1.0265231,0.0,0.0,0.0,4.239799,4.491549,0.0,0.0,1.6212718,0.0,0.0,2021-05-21,16,0.2,True,100,5,32,True
0.5898301,0.37501347,2.8816018,4.681187,0.0,0.99167293,0.0,0.0,0.0,4.254392,4.4941545,0.0,0.0,1.610854,0.0,0.0,2021-05-24,16,0.2,True,100,5,32,True
0.60024244,0.37155727,2.885758,4.689808,0.0,0.95841753,0.0,0.0,0.0,4.2669444,4.4945583,0.0,0.0,1.6029444,0.0,0.0,2021-05-25,16,0.2,True,100,5,32,True
0.61466837,0.3758556,2.8910496,4.699204,0.0,0.9304504,0.0,0.0,0.0,4.2801495,4.4934897,0.0,0.0,1.589705,0.0,0.0,2021-05-26,16,0.2,True,100,5,32,True
0.6185996,0.37002102,2.8966985,4.707004,0.0,0.901362,0.0,0.0,0.0,4.29198,4.495534,0.0,0.0,1.5830604,0.0,0.0,2021-05-27,16,0.2,True,100,5,32,True
0.6257525,0.3664104,2.9009314,4.713133,0.0,0.87356216,0.0,0.0,0.0,4.3015165,4.495811,0.0,0.0,1.5724336,0.0,0.0,2021-05-28,16,0.2,True,100,5,32,True
0.6316127,0.36154154,2.9060533,4.718681,0.0,0.8470758,0.0,0.0,0.0,4.3109784,4.4949803,0.0,0.0,1.5613647,0.0,0.0,2021-05-31,16,0.2,True,100,5,32,True
0.6316242,0.35145476,2.913337,4.724693,0.0,0.82333213,0.0,0.0,0.0,4.320593,4.496711,0.0,0.0,1.5545938,0.0,0.0,2021-06-01,16,0.2,True,100,5,32,True
0.63080245,0.3437097,2.9259782,4.723716,0.0,0.8063715,0.0,0.0,0.0,4.331672,4.490001,0.0,0.0,1.5403413,0.0,0.0,2021-06-02,16,0.2,True,100,5,32,True
0.6282739,0.33185178,2.9418397,4.7193294,0.0,0.791622,0.0,0.0,0.0,4.343547,4.479351,0.0,0.0,1.5246171,0.014129542,0.0,2021-06-03,16,0.2,True,100,5,32,True
0.62657875,0.32125464,2.9599252,4.7134256,0.0,0.78236014,0.0,0.0,0.0,4.356419,4.4658613,0.0,0.0,1.5077631,0.02711479,0.0,2021-06-04,16,0.2,True,100,5,32,True
0.6294032,0.31530863,2.9797463,4.709684,0.0,0.7774272,0.0,0.0,0.0,4.3719764,4.452017,0.0,0.0,1.4892379,0.03105455,0.0,2021-06-07,16,0.2,True,100,5,32,True
0.6220711,0.29975942,3.0012953,4.707063,0.0,0.7728838,0.0,0.0,0.0,4.386962,4.443585,0.0,0.0,1.4789876,0.048688006,0.0,2021-06-08,16,0.2,True,100,5,32,True
0.6293379,0.2964685,3.0233777,4.7047343,0.0,0.77547187,0.0,0.0,0.0,4.404728,4.4265423,0.0,0.0,1.4589486,0.04236923,0.0,2021-06-09,16,0.2,True,100,5,32,True
0.62676007,0.28121302,3.0442064,4.69897,0.0,0.7774867,0.0,0.0,0.0,4.4170218,4.409541,0.0,0.0,1.4480419,0.05307836,0.0,2021-06-10,16,0.2,True,100,5,32,True
0.62586886,0.2648358,3.065797,4.6955347,0.0,0.7834991,0.0,0.0,0.0,4.430429,4.3942485,0.0,0.0,1.4413905,0.06361391,0.0,2021-06-11,16,0.2,True,100,5,32,True
0.6294676,0.25222394,3.0904856,4.6932073,0.0,0.79182416,0.0,0.0,0.0,4.4467764,4.376564,0.0,0.0,1.4308605,0.066257045,0.0,2021-06-14,16,0.2,True,100,5,32,True
0.6382458,0.24452242,3.1147606,4.693041,0.0,0.7982315,0.0,0.0,0.0,4.4654098,4.360542,0.0,0.0,1.4166375,0.058892936,0.0,2021-06-15,16,0.2,True,100,5,32,True
0.63782424,0.23047674,3.1375453,4.6926417,0.0,0.80387586,0.0,0.0,0.0,4.480167,4.352683,0.0,0.0,1.408754,0.06217074,0.0,2021-06-16,16,0.2,True,100,5,32,True
0.64506453,0.21561536,3.164304,4.6856394,0.0,0.8054084,0.0,0.0,0.0,4.497028,4.332798,0.0,0.0,1.3858688,0.048972458,0.0,2021-06-17,16,0.2,True,100,5,32,True
0.65669316,0.20433104,3.1901839,4.6789966,0.0,0.8066676,0.0,0.0,0.0,4.514385,4.312973,0.0,0.0,1.3590989,0.026999077,0.0,2021-06-18,16,0.2,True,100,5,32,True
0.6647214,0.19274622,3.2129583,4.6742554,0.0,0.8102841,0.0,0.0,0.0,4.5304193,4.300138,0.0,0.0,1.3387718,0.0066529065,0.0,2021-06-21,16,0.2,True,100,5,32,True
0.6714101,0.18365443,3.233532,4.6712923,0.0,0.8147001,0.0,0.0,0.0,4.5451236,4.29081,0.0,0.0,1.3224541,0.0,0.0,2021-06-22,16,0.2,True,100,5,32,True
0.674468,0.17029637,3.2523165,4.6684904,0.0,0.81242573,0.0,0.0,0.0,4.5575747,4.2872157,0.0,0.0,1.3059874,0.0,0.0,2021-06-23,16,0.2,True,100,5,32,True
0.672853,0.15599346,3.2729905,4.666675,0.0,0.8160307,0.0,0.0,0.0,4.5707016,4.284979,0.0,0.0,1.2958148,0.0,0.0,2021-06-24,16,0.2,True,100,5,32,True
0.67301965,0.14537,3.2967474,4.6675515,0.0,0.8197888,0.0,0.0,0.0,4.587668,4.2825556,0.0,0.0,1.2841921,0.0,0.0,2021-06-25,16,0.2,True,100,5,32,True
0.6787426,0.14030114,3.321086,4.6706467,0.0,0.82507277,0.0,0.0,0.0,4.607678,4.280086,0.0,0.0,1.268999,0.0,0.0,2021-06-28,16,0.2,True,100,5,32,True
0.6888788,0.14145312,3.346424,4.6755357,0.0,0.83122784,0.0,0.0,0.0,4.62943,4.274824,0.0,0.0,1.250025,0.0,0.0,2021-06-29,16,0.2,True,100,5,32,True
0.69653237,0.13803379,3.3729432,4.6774993,0.0,0.8363004,0.0,0.0,0.0,4.6498694,4.2648325,0.0,0.0,1.2315114,0.0,0.0,2021-06-30,16,0.2,True,100,5,32,True
0.70328623,0.13372111,3.3979685,4.6800103,0.0,0.8410126,0.0,0.0,0.0,4.6689086,4.2567506,0.0,0.0,1.215392,0.0,0.0,2021-07-01,16,0.2,True,100,5,32,True
0.7118244,0.13227826,3.4202383,4.681097,0.0,0.8463839,0.0,0.0,0.0,4.686499,4.244567,0.0,0.0,1.2002094,0.0,0.0,2021-07-02,16,0.2,True,100,5,32,True
0.7242007,0.13354442,3.4405024,4.679761,0.0,0.84952164,0.0,0.0,0.0,4.70378,4.2259693,0.0,0.0,1.1820455,0.0,0.0,2021-07-05,16,0.2,True,100,5,32,True
0.73694885,0.13746685,3.456536,4.67668,0.0,0.85419333,0.0,0.0,0.0,4.718422,4.2067146,0.0,0.0,1.1655674,0.0,0.0,2021-07-06,16,0.2,True,100,5,32,True
0.75151974,0.14591643,3.470718,4.6727405,0.0,0.86031896,0.0,0.0,0.0,4.73239,4.185493,0.0,0.0,1.1477349,0.0,0.0,2021-07-07,16,0.2,True,100,5,32,True
0.76579285,0.15715784,3.4812934,4.6680636,0.0,0.86976117,0.0,0.0,0.0,4.7428775,4.164144,0.0,0.0,1.1316729,0.0,0.0,2021-07-08,16,0.2,True,100,5,32,True
0.78201526,0.16904834,3.4871252,4.659912,0.0,0.8793154,0.0,0.0,0.0,4.7498155,4.1395764,0.0,0.0,1.1161048,0.0,0.0,2021-07-09,16,0.2,True,100,5,32,True
0.80317795,0.18404418,3.4864435,4.6511545,0.0,0.88628674,0.0,0.0,0.0,4.7550263,4.1138372,0.0,0.0,1.1012214,0.0,0.0,2021-07-12,16,0.2,True,100,5,32,True
0.82043433,0.19527102,3.4809961,4.6402063,0.0,0.89574826,0.0,0.0,0.0,4.7552533,4.088997,0.0,0.0,1.092619,0.0,0.0,2021-07-13,16,0.2,True,100,5,32,True
0.8290287,0.20566517,3.470624,4.6336594,0.0,0.90815145,0.0,0.0,0.0,4.754245,4.0752454,0.0,0.0,1.0941999,0.0,0.0,2021-07-14,16,0.2,True,100,5,32,True
0.8405554,0.21810856,3.460445,4.6257143,0.0,0.9250181,0.0,0.0,0.0,4.7520566,4.0590606,0.0,0.0,1.0945336,0.0,0.0,2021-07-15,16,0.2,True,100,5,32,True
0.84774685,0.22731006,3.4518452,4.617302,0.0,0.9389518,0.0,0.0,0.0,4.7489896,4.0450478,0.0,0.0,1.0933051,0.0,0.0,2021-07-16,16,0.2,True,100,5,32,True
0.85878646,0.23753533,3.4454575,4.610259,0.0,0.95326805,0.0,0.0,0.0,4.7479596,4.0304413,0.0,0.0,1.0894924,0.0,0.0,2021-07-19,16,0.2,True,100,5,32,True
0.87035626,0.24694097,3.4365613,4.602175,0.0,0.9675424,0.0,0.0,0.0,4.7446117,4.0147796,0.0,0.0,1.0871103,0.0,0.0,2021-07-20,16,0.2,True,100,5,32,True
0.87992203,0.25563756,3.4259171,4.594651,0.0,0.9783352,0.0,0.0,0.0,4.740755,4.0006022,0.0,0.0,1.08554,0.0,0.0,2021-07-21,16,0.2,True,100,5,32,True
0.8954181,0.26868764,3.4150162,4.58861,0.0,0.9911446,0.0,0.0,0.0,4.7372417,3.9841416,0.0,0.0,1.0833896,0.0,0.0,2021-07-22,16,0.2,True,100,5,32,True
0.90953666,0.2803614,3.40284,4.583542,0.0,1.0004528,0.0,0.0,0.0,4.731371,3.9720721,0.0,0.0,1.0812823,0.0,0.0,2021-07-23,16,0.2,True,100,5,32,True
0.91771907,0.28921214,3.3915746,4.578444,0.0,1.0111215,0.0,0.0,0.0,4.7242618,3.96248,0.0,0.0,1.0831324,0.0,0.0,2021-07-26,16,0.2,True,100,5,32,True
0.9314782,0.30217335,3.3809507,4.5752153,0.0,1.0189542,0.0,0.0,0.0,4.7180333,3.954315,0.0,0.0,1.0804347,0.0,0.0,2021-07-27,16,0.2,True,100,5,32,True
0.943557,0.3126246,3.370587,4.5702024,0.0,1.0289946,0.0,0.0,0.0,4.7103686,3.9450414,0.0,0.0,1.0807173,0.0,0.0,2021-07-28,16,0.2,True,100,5,32,True
0.958999,0.32619783,3.3599114,4.563372,0.0,1.0376822,0.0,0.0,0.0,4.7026033,3.9330308,0.0,0.0,1.0768994,0.0,0.0,2021-07-29,16,0.2,True,100,5,32,True
0.9738437,0.3403525,3.3497992,4.5564404,0.0,1.0491233,0.0,0.0,0.0,4.6949425,3.9205692,0.0,0.0,1.0747436,0.0,0.0,2021-07-30,16,0.2,True,100,5,32,True
0.987758,0.3532879,3.3391492,4.54633,0.0,1.0588759,0.0,0.0,0.0,4.68522,3.9042578,0.0,0.0,1.0719275,0.0,0.0,2021-08-02,16,0.2,True,100,5,32,True
0.9993348,0.36794704,3.3274257,4.5297484,0.0,1.0719271,0.0,0.0,0.0,4.6731205,3.8828416,0.0,0.0,1.0661672,0.0,0.0,2021-08-03,16,0.2,True,100,5,32,True
1.0106359,0.38284704,3.3126633,4.505129,0.0,1.0880631,0.0,0.0,0.0,4.6548777,3.8546875,0.0,0.0,1.0583521,0.0,0.0,2021-08-04,16,0.2,True,100,5,32,True
1.0188472,0.40219927,3.29945,4.4843626,0.0,1.1024306,0.0,0.0,0.0,4.6405826,3.832831,0.0,0.0,1.0482414,0.0,0.0,2021-08-05,16,0.2,True,100,5,32,True
1.0245937,0.41886663,3.285104,4.4649324,0.0,1.1185403,0.0,0.0,0.0,4.625102,3.8147545,0.0,0.0,1.0415779,0.0,0.0,2021-08-06,16,0.2,True,100,5,32,True
1.0284207,0.43186268,3.267572,4.4469953,0.0,1.1334624,0.0,0.0,0.0,4.6066885,3.802117,0.0,0.0,1.0388525,0.0,0.0,2021-08-09,16,0.2,True,100,5,32,True
1.0290126,0.4450004,3.2498748,4.4322467,0.0,1.1478921,0.0,0.0,0.0,4.5893836,3.792898,0.0,0.0,1.0391799,0.0,0.0,2021-08-10,16,0.2,True,100,5,32,True
1.0311506,0.45752823,3.2338843,4.415667,0.0,1.1624207,0.0,0.0,0.0,4.57341,3.7786577,0.0,0.0,1.0386833,0.0,0.0,2021-08-11,16,0.2,True,100,5,32,True
1.0347394,0.4685578,3.2155979,4.4005,0.0,1.1724534,0.0,0.0,0.0,4.5555067,3.765238,0.0,0.0,1.0382801,0.0,0.0,2021-08-12,16,0.2,True,100,5,32,True
1.037343,0.47931525,3.1982608,4.3885274,0.0,1.1769238,0.0,0.0,0.0,4.5405264,3.7534559,0.0,0.0,1.0377425,0.0,0.0,2021-08-13,16,0.2,True,100,5,32,True
1.0416846,0.49040812,3.1771204,4.375316,0.0,1.1795039,0.0,0.0,0.0,4.5233893,3.7408996,0.0,0.0,1.0376966,0.0,0.0,2021-08-17,16,0.2,True,100,5,32,True
1.0440947,0.5005356,3.1517875,4.358382,0.0,1.181718,0.0,0.0,0.0,4.500989,3.7251773,0.0,0.0,1.0404302,0.0,0.0,2021-08-18,16,0.2,True,100,5,32,True
1.0436957,0.5084205,3.1231132,4.3408065,0.0,1.1783401,0.0,0.0,0.0,4.4764876,3.7132432,0.0,0.0,1.0445588,0.0,0.0,2021-08-19,16,0.2,True,100,5,32,True
1.0449013,0.5190236,3.0910437,4.321266,0.0,1.1732821,0.0,0.0,0.0,4.449673,3.699616,0.0,0.0,1.0477729,0.0,0.0,2021-08-20,16,0.2,True,100,5,32,True
1.0447363,0.5321737,3.0544827,4.3001027,0.0,1.1678776,0.0,0.0,0.0,4.4188166,3.6875243,0.0,0.0,1.0519698,0.0,0.0,2021-08-23,16,0.2,True,100,5,32,True
1.0446444,0.5473878,3.0181167,4.274926,0.0,1.1662028,0.0,0.0,0.0,4.387231,3.6702664,0.0,0.0,1.0545992,0.0,0.0,2021-08-24,16,0.2,True,100,5,32,True
1.0446796,0.5660196,2.9851685,4.249858,0.0,1.1679281,0.0,0.0,0.0,4.3574142,3.651925,0.0,0.0,1.0533277,0.0,0.0,2021-08-25,16,0.2,True,100,5,32,True
1.0396746,0.5831413,2.9542353,4.2258754,0.0,1.1708605,0.0,0.0,0.0,4.3273726,3.6366882,0.0,0.0,1.0526685,0.0,0.0,2021-08-26,16,0.2,True,100,5,32,True
1.0368733,0.59920967,2.9256139,4.200147,0.0,1.1728586,0.0,0.0,0.0,4.2979326,3.616739,0.0,0.0,1.048814,0.0,0.0,2021-08-27,16,0.2,True,100,5,32,True
1.0307789,0.6107755,2.8953276,4.175888,0.0,1.1715485,0.0,0.0,0.0,4.265334,3.6018174,0.0,0.0,1.0475844,0.0,0.0,2021-08-30,16,0.2,True,100,5,32,True
1.0193927,0.6168851,2.8660727,4.1545563,0.0,1.1700239,0.0,0.0,0.0,4.2330437,3.5932033,0.0,0.0,1.0516394,0.0,0.0,2021-08-31,16,0.2,True,100,5,32,True
1.007674,0.62421787,2.8424563,4.1386094,0.0,1.1693764,0.0,0.0,0.0,4.2062826,3.5904548,0.0,0.0,1.054095,0.0,0.0,2021-09-01,16,0.2,True,100,5,32,True
1.0023998,0.6309054,2.822251,4.1290264,0.0,1.1576451,0.0,0.0,0.0,4.1859207,3.5918784,0.0,0.0,1.0522493,0.0,0.0,2021-09-02,16,0.2,True,100,5,32,True
1.0029777,0.6384562,2.8034394,4.1242414,0.0,1.139179,0.0,0.0,0.0,4.169732,3.596222,0.0,0.0,1.0478348,0.0,0.0,2021-09-03,16,0.2,True,100,5,32,True
1.0084562,0.6468392,2.784521,4.120287,0.0,1.1160876,0.0,0.0,0.0,4.153333,3.6021788,0.0,0.0,1.0385162,0.0,0.0,2021-09-06,16,0.2,True,100,5,32,True
1.009894,0.65320486,2.7663124,4.120328,0.0,1.0926427,0.0,0.0,0.0,4.138766,3.6136124,0.0,0.0,1.0345459,0.0,0.0,2021-09-07,16,0.2,True,100,5,32,True
1.0116401,0.65830237,2.7494175,4.1177773,0.0,1.074695,0.0,0.0,0.0,4.1225085,3.620267,0.0,0.0,1.032432,0.0,0.0,2021-09-08,16,0.2,True,100,5,32,True
1.0139439,0.66506517,2.7304103,4.11886,0.0,1.0547894,0.0,0.0,0.0,4.1064353,3.6305752,0.0,0.0,1.0318502,0.0,0.0,2021-09-09,16,0.2,True,100,5,32,True
1.0171764,0.67225116,2.7073686,4.1174293,0.0,1.0343925,0.0,0.0,0.0,4.0865664,3.636107,0.0,0.0,1.0328869,0.0,0.0,2021-09-10,16,0.2,True,100,5,32,True
1.0195725,0.68021154,2.6820319,4.1193333,0.0,1.0121422,0.0,0.0,0.0,4.0672784,3.645786,0.0,0.0,1.0372144,0.0,0.0,2021-09-13,16,0.2,True,100,5,32,True
1.021264,0.6863992,2.658377,4.119992,0.0,0.9892086,0.0,0.0,0.0,4.049247,3.6531668,0.0,0.0,1.041538,0.0,0.0,2021-09-14,16,0.2,True,100,5,32,True
1.0214076,0.6884876,2.6348312,4.124633,0.0,0.9571793,0.0,0.0,0.0,4.0341525,3.6669827,0.0,0.0,1.0473778,0.0,0.0,2021-09-15,16,0.2,True,100,5,32,True
1.0227336,0.68800235,2.6137512,4.1250634,0.0,0.92403173,0.0,0.0,0.0,4.0199747,3.6741703,0.0,0.0,1.0504448,0.0,0.0,2021-09-16,16,0.2,True,100,5,32,True
1.020311,0.68489695,2.592127,4.1223383,0.0,0.8944141,0.0,0.0,0.0,4.0045104,3.6781185,0.0,0.0,1.0574601,0.0,0.0,2021-09-17,16,0.2,True,100,5,32,True
1.0224534,0.6873205,2.5729127,4.1221833,0.0,0.8682429,0.0,0.0,0.0,3.9925601,3.682013,0.0,0.0,1.0613345,0.0,0.0,2021-09-23,16,0.2,True,100,5,32,True
1.0299028,0.6920824,2.5563858,4.119725,0.0,0.84479237,0.0,0.0,0.0,3.9836795,3.6786046,0.0,0.0,1.0612485,0.0,0.0,2021-09-24,16,0.2,True,100,5,32,True
1.0326707,0.6931906,2.540431,4.1169376,0.0,0.8181507,0.0,0.0,0.0,3.974875,3.6759617,0.0,0.0,1.0621288,0.0,0.0,2021-09-27,16,0.2,True,100,5,32,True
1.0320308,0.69214106,2.5243857,4.1136594,0.0,0.79236686,0.0,0.0,0.0,3.9660676,3.6749468,0.0,0.0,1.0655745,0.0,0.0,2021-09-28,16,0.2,True,100,5,32,True
1.0371646,0.6952008,2.5104566,4.1081843,0.0,0.7738517,0.0,0.0,0.0,3.9590373,3.6671212,0.0,0.0,1.0664121,0.0,0.0,2021-09-29,16,0.2,True,100,5,32,True
1.0431887,0.6989323,2.496372,4.1003857,0.0,0.7580134,0.0,0.0,0.0,3.9515507,3.653407,0.0,0.0,1.0679362,0.0,0.0,2021-09-30,16,0.2,True,100,5,32,True
1.0511522,0.7047246,2.4826543,4.092681,0.0,0.74352217,0.0,0.0,0.0,3.9453373,3.637797,0.0,0.0,1.0681521,0.0,0.0,2021-10-01,16,0.2,True,100,5,32,True
1.067032,0.719326,2.469994,4.077742,0.0,0.72632134,0.0,0.0,0.0,3.939097,3.6057975,0.0,0.0,1.0581273,0.0,0.0,2021-10-05,16,0.2,True,100,5,32,True
1.0874387,0.7375717,2.453293,4.053737,0.0,0.71005183,0.0,0.0,0.0,3.9266944,3.5583105,0.0,0.0,1.0451324,0.0,0.0,2021-10-06,16,0.2,True,100,5,32,True
1.1142565,0.7620155,2.4329538,4.028226,0.0,0.69121283,0.0,0.0,0.0,3.9130003,3.5041733,0.0,0.0,1.0274751,0.0,0.0,2021-10-07,16,0.2,True,100,5,32,True
1.1430812,0.787623,2.4157436,4.000412,0.0,0.6738967,0.0,0.0,0.0,3.8996167,3.44493,0.0,0.0,1.0035149,0.0,0.0,2021-10-08,16,0.2,True,100,5,32,True
1.1626037,0.80609703,2.393081,3.973133,0.0,0.6538399,0.0,0.0,0.0,3.8817716,3.3981588,0.0,0.0,0.9843,0.0,0.0,2021-10-12,16,0.2,True,100,5,32,True
1.1797701,0.8242076,2.3701952,3.941938,0.0,0.6411418,0.0,0.0,0.0,3.8578498,3.345021,0.0,0.0,0.96793795,0.0,0.0,2021-10-13,16,0.2,True,100,5,32,True
1.1938956,0.8388081,2.3490145,3.909737,0.0,0.63205194,0.0,0.0,0.0,3.8325214,3.2946432,0.0,0.0,0.95102364,0.0,0.0,2021-10-14,16,0.2,True,100,5,32,True
1.2012175,0.8482805,2.333492,3.8805587,0.0,0.6312858,0.0,0.0,0.0,3.8091464,3.250539,0.0,0.0,0.9390406,0.0,0.0,2021-10-15,16,0.2,True,100,5,32,True
1.209882,0.85878897,2.3244135,3.851355,0.0,0.6367382,0.0,0.0,0.0,3.7875342,3.205302,0.0,0.0,0.9221684,0.0,0.0,2021-10-18,16,0.2,True,100,5,32,True
1.2169639,0.8663225,2.3183336,3.821471,0.0,0.63958085,0.0,0.0,0.0,3.7654724,3.1609373,0.0,0.0,0.9014724,0.0,0.0,2021-10-19,16,0.2,True,100,5,32,True
1.2189072,0.8685216,2.3170161,3.7888265,0.0,0.64680976,0.0,0.0,0.0,3.7410793,3.114495,0.0,0.0,0.8806542,0.0,0.0,2021-10-20,16,0.2,True,100,5,32,True
1.2166035,0.86344576,2.3157294,3.7527323,0.0,0.6553211,0.0,0.0,0.0,3.7131107,3.0678558,0.0,0.0,0.86108255,0.0,0.0,2021-10-21,16,0.2,True,100,5,32,True
1.215452,0.85683966,2.3154716,3.7189746,0.0,0.66132665,0.0,0.0,0.0,3.6878083,3.024615,0.0,0.0,0.8406146,0.0,0.0,2021-10-22,16,0.2,True,100,5,32,True
1.2167155,0.8482903,2.3136647,3.6850333,0.0,0.6614978,0.0,0.0,0.0,3.6638362,2.9820075,0.0,0.0,0.8178597,0.0,0.0,2021-10-25,16,0.2,True,100,5,32,True
1.2160397,0.83915305,2.314035,3.6570275,0.0,0.659373,0.0,0.0,0.0,3.6430633,2.948112,0.0,0.0,0.79648936,0.0,0.0,2021-10-26,16,0.2,True,100,5,32,True
1.2132039,0.8286517,2.318999,3.6324391,0.0,0.65772206,0.0,0.0,0.0,3.6254513,2.9184752,0.0,0.0,0.776105,0.0,0.0,2021-10-27,16,0.2,True,100,5,32,True
1.2163901,0.8217964,2.3241246,3.6112227,0.0,0.6535796,0.0,0.0,0.0,3.612705,2.891368,0.0,0.0,0.7529707,0.0,0.0,2021-10-28,16,0.2,True,100,5,32,True
1.2177342,0.81531835,2.3281286,3.591848,0.0,0.65187585,0.0,0.0,0.0,3.5999706,2.8659656,0.0,0.0,0.7358477,0.0,0.0,2021-10-29,16,0.2,True,100,5,32,True
1.2293533,0.81940883,2.3276174,3.5748763,0.0,0.6469716,0.0,0.0,0.0,3.5889742,2.838559,0.0,0.0,0.71402574,0.0,0.0,2021-11-01,16,0.2,True,100,5,32,True
1.241368,0.8281857,2.3234975,3.5603387,0.0,0.63662195,0.0,0.0,0.0,3.5756757,2.8141766,0.0,0.0,0.6924401,0.0,0.0,2021-11-02,16,0.2,True,100,5,32,True
1.2585294,0.8445177,2.3163285,3.548094,0.0,0.623962,0.0,0.0,0.0,3.5638916,2.7934084,0.0,0.0,0.6670044,0.0,0.0,2021-11-03,16,0.2,True,100,5,32,True
1.266344,0.8530359,2.3010802,3.5357337,0.0,0.60494286,0.0,0.0,0.0,3.5471077,2.782031,0.0,0.0,0.65178126,0.0,0.0,2021-11-04,16,0.2,True,100,5,32,True
1.2770476,0.8683247,2.2845898,3.5301366,0.0,0.5857758,0.0,0.0,0.0,3.5351734,2.7793226,0.0,0.0,0.6367574,0.0,0.0,2021-11-05,16,0.2,True,100,5,32,True
1.2864782,0.8859676,2.2671254,3.5211875,0.0,0.5746046,0.0,0.0,0.0,3.5210152,2.7712064,0.0,0.0,0.62483907,0.0,0.0,2021-11-08,16,0.2,True,100,5,32,True
1.2941587,0.90480626,2.2493052,3.511857,0.0,0.56312597,0.0,0.0,0.0,3.5053573,2.7638717,0.0,0.0,0.6131232,0.0,0.0,2021-11-09,16,0.2,True,100,5,32,True
1.3049486,0.9271013,2.2310483,3.5044224,0.0,0.5531203,0.0,0.0,0.0,3.4922488,2.758086,0.0,0.0,0.6004029,0.0,0.0,2021-11-10,16,0.2,True,100,5,32,True
1.3202213,0.9561497,2.2114947,3.5009403,0.0,0.5470494,0.0,0.0,0.0,3.4816349,2.7531023,0.0,0.0,0.5891049,0.0,0.0,2021-11-11,16,0.2,True,100,5,32,True
1.3350629,0.9870881,2.192506,3.498927,0.0,0.5455186,0.0,0.0,0.0,3.47171,2.749663,0.0,0.0,0.58126795,0.0,0.0,2021-11-12,16,0.2,True,100,5,32,True
1.3460622,1.0131124,2.1738257,3.501318,0.0,0.5431543,0.0,0.0,0.0,3.464891,2.7546988,0.0,0.0,0.5769769,0.0,0.0,2021-11-15,16,0.2,True,100,5,32,True
1.3583952,1.0394565,2.1612382,3.5094452,0.0,0.54146963,0.0,0.0,0.0,3.4646382,2.765499,0.0,0.0,0.5711528,0.0,0.0,2021-11-16,16,0.2,True,100,5,32,True
1.3649926,1.0586042,2.1519256,3.5213203,0.0,0.5404111,0.0,0.0,0.0,3.467535,2.7822242,0.0,0.0,0.5730025,0.0,0.0,2021-11-17,16,0.2,True,100,5,32,True
1.372991,1.0795658,2.1440732,3.5352018,0.0,0.5433766,0.0,0.0,0.0,3.473063,2.7987914,0.0,0.0,0.57706857,0.0,0.0,2021-11-18,16,0.2,True,100,5,32,True
1.3839482,1.1027116,2.1385176,3.5475433,0.0,0.5478749,0.0,0.0,0.0,3.47965,2.8108208,0.0,0.0,0.5780913,0.0,0.0,2021-11-19,16,0.2,True,100,5,32,True
1.3924202,1.1241074,2.129653,3.5596805,0.0,0.5487162,0.0,0.0,0.0,3.483037,2.8255146,0.0,0.0,0.58053297,0.0,0.0,2021-11-22,16,0.2,True,100,5,32,True
1.399517,1.1487905,2.1232743,3.576451,0.0,0.5578803,0.0,0.0,0.0,3.4887424,2.8468637,0.0,0.0,0.5847331,0.0,0.0,2021-11-23,16,0.2,True,100,5,32,True
1.3999931,1.1668686,2.1115725,3.5941274,0.0,0.55761874,0.0,0.0,0.0,3.492132,2.875071,0.0,0.0,0.5926092,0.0,0.0,2021-11-24,16,0.2,True,100,5,32,True
1.400831,1.1846484,2.0983684,3.6115012,0.0,0.55467665,0.0,0.0,0.0,3.4955838,2.904094,0.0,0.0,0.6003149,0.0,0.0,2021-11-25,16,0.2,True,100,5,32,True
1.4025606,1.2012863,2.087387,3.6254158,0.0,0.54948574,0.0,0.0,0.0,3.4976437,2.9248166,0.0,0.0,0.6053733,0.0,0.0,2021-11-26,16,0.2,True,100,5,32,True
1.4039181,1.214349,2.0716107,3.635826,0.0,0.5386774,0.0,0.0,0.0,3.4973733,2.9419427,0.0,0.0,0.6120218,0.0,0.0,2021-11-29,16,0.2,True,100,5,32,True
1.406396,1.2268351,2.0523093,3.6424437,0.0,0.5247176,0.0,0.0,0.0,3.4941833,2.9529278,0.0,0.0,0.6191538,0.0,0.0,2021-11-30,16,0.2,True,100,5,32,True
1.408957,1.2413287,2.0235376,3.644502,0.0,0.50807536,0.0,0.0,0.0,3.4841707,2.9592817,0.0,0.0,0.62967473,0.0,0.0,2021-12-01,16,0.2,True,100,5,32,True
1.4039235,1.2548922,1.9881251,3.6402047,0.0,0.5035679,0.0,0.0,0.0,3.4691863,2.9644275,0.0,0.0,0.6506235,0.0,0.0,2021-12-02,16,0.2,True,100,5,32,True
1.3949162,1.2698812,1.9599534,3.6347637,0.0,0.5098906,0.0,0.0,0.0,3.4532926,2.9670384,0.0,0.0,0.66999674,0.0,0.0,2021-12-03,16,0.2,True,100,5,32,True
1.3831786,1.2836303,1.9381127,3.6296616,0.0,0.5239042,0.0,0.0,0.0,3.439034,2.9687002,0.0,0.0,0.6887839,0.0,0.0,2021-12-06,16,0.2,True,100,5,32,True
1.3697784,1.29518,1.9208549,3.6242073,0.0,0.53962094,0.0,0.0,0.0,3.4260185,2.9696815,0.0,0.0,0.7048711,0.0,0.0,2021-12-07,16,0.2,True,100,5,32,True
1.3562667,1.3046548,1.9125962,3.6157768,0.0,0.5599367,0.0,0.0,0.0,3.4145405,2.96359,0.0,0.0,0.7178835,0.0,0.0,2021-12-08,16,0.2,True,100,5,32,True
1.3422233,1.3108724,1.9048213,3.6075044,0.0,0.5830732,0.0,0.0,0.0,3.4056807,2.9578168,0.0,0.0,0.73541474,0.0,0.0,2021-12-09,16,0.2,True,100,5,32,True
1.3286793,1.3146739,1.8998511,3.6001854,0.0,0.6039769,0.0,0.0,0.0,3.4006293,2.9542813,0.0,0.0,0.7507417,0.0,0.0,2021-12-10,16,0.2,True,100,5,32,True
1.3136499,1.315259,1.897923,3.5949833,0.0,0.6236528,0.0,0.0,0.0,3.3948684,2.9544969,0.0,0.0,0.76332206,0.0,0.0,2021-12-13,16,0.2,True,100,5,32,True
1.2976195,1.3101616,1.8962901,3.5880032,0.0,0.64001423,0.0,0.0,0.0,3.3877003,2.9534795,0.0,0.0,0.7740853,0.0,0.0,2021-12-14,16,0.2,True,100,5,32,True
1.2858881,1.3056145,1.8972763,3.5832963,0.0,0.6554816,0.0,0.0,0.0,3.382448,2.9520056,0.0,0.0,0.7832371,0.0,0.0,2021-12-15,16,0.2,True,100,5,32,True
1.2809066,1.3036656,1.8997949,3.5830727,0.0,0.6665757,0.0,0.0,0.0,3.3820612,2.95344,0.0,0.0,0.7882068,0.0,0.0,2021-12-16,16,0.2,True,100,5,32,True
1.2768512,1.2991832,1.9046862,3.5819542,0.0,0.6771404,0.0,0.0,0.0,3.3828948,2.951132,0.0,0.0,0.7925824,0.0,0.0,2021-12-17,16,0.2,True,100,5,32,True
1.2755836,1.2916173,1.9083983,3.5767622,0.0,0.6841354,0.0,0.0,0.0,3.3868692,2.9410937,0.0,0.0,0.7984568,0.0,0.0,2021-12-20,16,0.2,True,100,5,32,True
1.2771055,1.2802527,1.9084343,3.5688283,0.0,0.6824582,0.0,0.0,0.0,3.3878527,2.92665,0.0,0.0,0.8012785,0.0,0.0,2021-12-21,16,0.2,True,100,5,32,True
1.2817742,1.2705796,1.9080657,3.5621195,0.0,0.6795976,0.0,0.0,0.0,3.389349,2.9108589,0.0,0.0,0.80315244,0.0,0.0,2021-12-22,16,0.2,True,100,5,32,True
1.288395,1.261145,1.9060899,3.555511,0.0,0.6718124,0.0,0.0,0.0,3.391375,2.8960004,0.0,0.0,0.80253935,0.0,0.0,2021-12-23,16,0.2,True,100,5,32,True
1.2956887,1.2535033,1.9065859,3.5479,0.0,0.6642521,0.0,0.0,0.0,3.3920972,2.878695,0.0,0.0,0.7987137,0.0,0.0,2021-12-24,16,0.2,True,100,5,32,True
1.3020583,1.2474635,1.9066501,3.5371335,0.0,0.66426015,0.0,0.0,0.0,3.3910751,2.8582144,0.0,0.0,0.7983642,0.0,0.0,2021-12-27,16,0.2,True,100,5,32,True
1.3027054,1.2366036,1.9044425,3.526273,0.0,0.6623705,0.0,0.0,0.0,3.3856266,2.841352,0.0,0.0,0.8002071,0.0,0.0,2021-12-28,16,0.2,True,100,5,32,True
1.3029214,1.2277924,1.904264,3.5199416,0.0,0.66026884,0.0,0.0,0.0,3.3823588,2.8310668,0.0,0.0,0.80064607,0.0,0.0,2021-12-29,16,0.2,True,100,5,32,True
1.3006117,1.2210026,1.904221,3.5163634,0.0,0.66102624,0.0,0.0,0.0,3.3778582,2.826673,0.0,0.0,0.8027793,0.0,0.0,2021-12-30,16,0.2,True,100,5,32,True
1.2982907,1.2149593,1.9018646,3.5114276,0.0,0.66098386,0.0,0.0,0.0,3.3714528,2.8224483,0.0,0.0,0.80578095,0.0,0.0,2022-01-03,16,0.2,True,100,5,32,True
1.3061246,1.2253305,1.8987408,3.5095239,0.0,0.65298116,0.0,0.0,0.0,3.364455,2.821724,0.0,0.0,0.7971718,0.0,0.0,2022-01-04,16,0.2,True,100,5,32,True
1.3211052,1.2500921,1.8929095,3.5094454,0.0,0.63920987,0.0,0.0,0.0,3.3603208,2.824422,0.0,0.0,0.781411,0.0,0.0,2022-01-05,16,0.2,True,100,5,32,True
1.3388453,1.2784327,1.8798226,3.5122707,0.0,0.62053674,0.0,0.0,0.0,3.3556304,2.83236,0.0,0.0,0.7667273,0.0,0.0,2022-01-06,16,0.2,True,100,5,32,True
1.3557793,1.3052105,1.8567693,3.5180402,0.0,0.5944162,0.0,0.0,0.0,3.3472776,2.8474672,0.0,0.0,0.7566492,0.0,0.0,2022-01-07,16,0.2,True,100,5,32,True
1.365862,1.3269833,1.832171,3.5275936,0.0,0.56696665,0.0,0.0,0.0,3.3379357,2.8704793,0.0,0.0,0.7526483,0.0,0.0,2022-01-10,16,0.2,True,100,5,32,True
1.3779148,1.3561678,1.8121896,3.5406218,0.0,0.5465458,0.0,0.0,0.0,3.3327706,2.8919785,0.0,0.0,0.74873036,0.0,0.0,2022-01-11,16,0.2,True,100,5,32,True
1.3915431,1.3888376,1.7959472,3.5514648,0.0,0.53110456,0.0,0.0,0.0,3.3308358,2.9065404,0.0,0.0,0.7449341,0.0,0.0,2022-01-12,16,0.2,True,100,5,32,True
1.4043648,1.4224296,1.7801617,3.5666988,0.0,0.51685596,0.0,0.0,0.0,3.332356,2.9275362,0.0,0.0,0.74124646,0.0,0.0,2022-01-13,16,0.2,True,100,5,32,True
1.4181968,1.4611865,1.7665718,3.5843854,0.0,0.5032689,0.0,0.0,0.0,3.3360524,2.950244,0.0,0.0,0.7338325,0.0,0.0,2022-01-14,16,0.2,True,100,5,32,True
1.4265914,1.4943817,1.749974,3.5913372,0.0,0.4878647,0.0,0.0,0.0,3.3312528,2.9625776,0.0,0.0,0.7275471,0.0,0.0,2022-01-17,16,0.2,True,100,5,32,True
1.4348596,1.5295296,1.7292053,3.6016717,0.0,0.47252613,0.0,0.0,0.0,3.3228793,2.9803963,0.0,0.0,0.7239122,0.0,0.0,2022-01-18,16,0.2,True,100,5,32,True
1.4428462,1.5620236,1.7019881,3.611079,0.0,0.45486456,0.0,0.0,0.0,3.3098552,2.9994214,0.0,0.0,0.72454077,0.0,0.0,2022-01-19,16,0.2,True,100,5,32,True
1.4448663,1.5892991,1.6707573,3.6137538,0.0,0.44052702,0.0,0.0,0.0,3.2907162,3.0107384,0.0,0.0,0.732288,0.0,0.0,2022-01-20,16,0.2,True,100,5,32,True
1.4508313,1.6258577,1.6473238,3.616739,0.0,0.43148085,0.0,0.0,0.0,3.2785945,3.0170412,0.0,0.0,0.7342552,0.0,0.0,2022-01-21,16,0.2,True,100,5,32,True
1.454495,1.6571908,1.6208524,3.6165042,0.0,0.4232203,0.0,0.0,0.0,3.2633758,3.019485,0.0,0.0,0.7398314,0.0,0.0,2022-01-24,16,0.2,True,100,5,32,True
1.4618163,1.6858445,1.591814,3.6143932,0.0,0.4071163,0.0,0.0,0.0,3.2461889,3.0194476,0.0,0.0,0.74171674,0.0,0.0,2022-01-25,16,0.2,True,100,5,32,True
1.4658897,1.7148112,1.5599327,3.6068506,0.0,0.39888948,0.0,0.0,0.0,3.2244403,3.0131474,0.0,0.0,0.74857813,0.0,0.0,2022-01-26,16,0.2,True,100,5,32,True
1.4681641,1.7384366,1.522977,3.5946472,0.0,0.38760313,0.0,0.0,0.0,3.1980884,3.003339,0.0,0.0,0.75848675,0.0,0.0,2022-01-27,16,0.2,True,100,5,32,True
1.4702456,1.7628855,1.47964,3.5740433,0.0,0.3764311,0.0,0.0,0.0,3.1652694,2.9842267,0.0,0.0,0.77034897,0.0,0.0,2022-01-28,16,0.2,True,100,5,32,True
1.4678276,1.7813528,1.4334463,3.5507402,0.0,0.36565167,0.0,0.0,0.0,3.1318288,2.966308,0.0,0.0,0.78735405,0.0,0.0,2022-02-03,16,0.2,True,100,5,32,True
1.4767518,1.799149,1.3947291,3.5410073,0.0,0.3401281,0.0,0.0,0.0,3.110482,2.956424,0.0,0.0,0.79672927,0.0,0.0,2022-02-04,16,0.2,True,100,5,32,True
1.4817356,1.8124524,1.3666188,3.5281057,0.0,0.31778225,0.0,0.0,0.0,3.093638,2.9399805,0.0,0.0,0.8022953,0.0,0.0,2022-02-07,16,0.2,True,100,5,32,True
1.4861741,1.8198825,1.3396966,3.5199838,0.0,0.2892914,0.0,0.0,0.0,3.0799603,2.9320319,0.0,0.0,0.8082823,0.0,0.0,2022-02-08,16,0.2,True,100,5,32,True
1.4875097,1.8261979,1.3164803,3.5122187,0.0,0.26327205,0.0,0.0,0.0,3.066973,2.924491,0.0,0.0,0.81533325,0.0,0.0,2022-02-09,16,0.2,True,100,5,32,True
1.4885101,1.8281201,1.297092,3.502298,0.0,0.23089999,0.0,0.0,0.0,3.0547903,2.9151187,0.0,0.0,0.8167344,0.0,0.0,2022-02-10,16,0.2,True,100,5,32,True
1.4882536,1.8353474,1.2868847,3.4963338,0.0,0.20802894,0.0,0.0,0.0,3.0477362,2.9070065,0.0,0.0,0.81826985,0.0,0.0,2022-02-11,16,0.2,True,100,5,32,True
1.4880828,1.8419511,1.2796656,3.4882257,0.0,0.1860269,0.0,0.0,0.0,3.0373414,2.89651,0.0,0.0,0.8154926,0.0,0.0,2022-02-14,16,0.2,True,100,5,32,True
1.4898989,1.8489846,1.271985,3.4752688,0.0,0.16156384,0.0,0.0,0.0,3.0241666,2.8794763,0.0,0.0,0.8094886,0.0,0.0,2022-02-15,16,0.2,True,100,5,32,True
1.4896038,1.8544872,1.2607777,3.455992,0.0,0.13853338,0.0,0.0,0.0,3.0065432,2.8567684,0.0,0.0,0.80445546,0.0,0.0,2022-02-16,16,0.2,True,100,5,32,True
1.4854935,1.8526449,1.2457488,3.4358466,0.0,0.11346134,0.0,0.0,0.0,2.986916,2.8382614,0.0,0.0,0.8040557,0.0,0.0,2022-02-17,16,0.2,True,100,5,32,True
1.4709798,1.8323482,1.2275373,3.4028163,0.0,0.085079975,0.0,0.0,0.0,2.9599524,2.8114948,0.0,0.0,0.80610865,0.0,0.0,2022-02-18,16,0.2,True,100,5,32,True
1.4574695,1.8105404,1.2097661,3.378579,0.0,0.048792325,0.0,0.0,0.0,2.932389,2.7997632,0.0,0.0,0.80631924,0.0,0.0,2022-02-21,16,0.2,True,100,5,32,True
1.4473556,1.7981018,1.1965888,3.359791,0.0,0.020825472,0.0,0.0,0.0,2.9100478,2.7889724,0.0,0.0,0.8054725,0.0,0.0,2022-02-22,16,0.2,True,100,5,32,True
1.4387007,1.7891334,1.1843128,3.338138,0.0,0.0,0.0,0.0,0.0,2.8870952,2.7718637,0.0,0.0,0.80171174,0.0,0.0,2022-02-23,16,0.2,True,100,5,32,True
1.4276845,1.7788155,1.1723192,3.313475,0.0,0.0,0.0,0.0,0.0,2.8618464,2.7515206,0.0,0.0,0.79729074,0.0,0.010489961,2022-02-24,16,0.2,True,100,5,32,True
1.4137739,1.764384,1.1558692,3.283096,0.0,0.0,0.0,0.0,0.0,2.8331077,2.7249908,0.0,0.0,0.7962189,0.0,0.028253138,2022-02-25,16,0.2,True,100,5,32,True
1.3947976,1.7542983,1.1430045,3.2550392,0.0,0.0,0.0,0.0,0.0,2.8028164,2.6999693,0.0,0.0,0.79849285,0.0,0.041411165,2022-02-28,16,0.2,True,100,5,32,True
1.3836601,1.7499872,1.1338067,3.2287724,0.0,0.0,0.0,0.0,0.0,2.7772484,2.6733623,0.0,0.0,0.7929318,0.0,0.047865216,2022-03-02,16,0.2,True,100,5,32,True
1.3762615,1.7398726,1.1230872,3.206642,0.0,0.0,0.0,0.0,0.0,2.7524083,2.6520462,0.0,0.0,0.7871688,0.0,0.057758164,2022-03-03,16,0.2,True,100,5,32,True
1.3740332,1.7240384,1.1113379,3.190669,0.0,0.0,0.0,0.0,0.0,2.7315428,2.6392257,0.0,0.0,0.7790652,0.0,0.0720561,2022-03-04,16,0.2,True,100,5,32,True
1.3894368,1.7146972,1.0998781,3.1833415,0.0,0.0,0.0,0.0,0.0,2.7199645,2.6285312,0.0,0.0,0.7613678,0.0,0.08780022,2022-03-07,16,0.2,True,100,5,32,True
1.4146925,1.7136445,1.0843904,3.1819985,0.0,0.0,0.0,0.0,0.0,2.713682,2.6214864,0.0,0.0,0.74719226,0.0,0.106465995,2022-03-08,16,0.2,True,100,5,32,True
1.4401894,1.7139319,1.0673658,3.176197,0.0,0.0,0.0,0.0,0.0,2.705569,2.606803,0.0,0.0,0.7334996,0.0,0.124759875,2022-03-10,16,0.2,True,100,5,32,True
1.449247,1.7024451,1.0491698,3.1630185,0.0,0.0,0.0,0.0,0.0,2.6901016,2.5894334,0.0,0.0,0.72976923,0.0,0.14670685,2022-03-11,16,0.2,True,100,5,32,True
1.4718744,1.7004967,1.0314339,3.1625774,0.0,0.0,0.0,0.0,0.0,2.6841176,2.582774,0.0,0.0,0.7234254,0.0,0.16983753,2022-03-14,16,0.2,True,100,5,32,True
1.4949179,1.6961985,1.0162815,3.1573532,0.0,0.0,0.0,0.0,0.0,2.6785793,2.5661237,0.0,0.0,0.71160537,0.0,0.19282028,2022-03-15,16,0.2,True,100,5,32,True
1.5247073,1.7027864,1.0081962,3.155234,0.0,0.0,0.0,0.0,0.0,2.6822977,2.5444038,0.0,0.0,0.69441074,0.0,0.2085113,2022-03-16,16,0.2,True,100,5,32,True
1.5576127,1.7149948,1.0032911,3.1571891,0.0,0.0,0.0,0.0,0.0,2.690229,2.5256495,0.0,0.0,0.67507386,0.0,0.21885392,2022-03-17,16,0.2,True,100,5,32,True
1.5857966,1.7250504,1.0019629,3.1630971,0.0,0.0,0.0,0.0,0.0,2.6998875,2.514913,0.0,0.0,0.6597053,0.0,0.2268053,2022-03-18,16,0.2,True,100,5,32,True
1.6118374,1.7376051,1.004088,3.172071,0.0,0.0,0.0,0.0,0.0,2.7094967,2.5078924,0.0,0.0,0.64283955,0.0,0.22924992,2022-03-21,16,0.2,True,100,5,32,True
1.6212118,1.7410471,0.9995333,3.1766193,0.0,0.0,0.0,0.0,0.0,2.7079546,2.5075486,0.0,0.0,0.64118147,0.0,0.23668584,2022-03-22,16,0.2,True,100,5,32,True
1.6265725,1.7465534,1.0032773,3.1806371,0.0,0.0,0.0,0.0,0.0,2.707649,2.5018218,0.0,0.0,0.6355974,0.0,0.23583004,2022-03-23,16,0.2,True,100,5,32,True
1.6415886,1.7590399,1.0102667,3.192453,0.0,0.0,0.0,0.0,0.0,2.71522,2.5030873,0.0,0.0,0.62393546,0.0,0.23219344,2022-03-24,16,0.2,True,100,5,32,True
1.6547358,1.7617794,1.0133169,3.2096174,0.0,0.0,0.0,0.0,0.0,2.72552,2.515669,0.0,0.0,0.62011796,0.0,0.2384392,2022-03-25,16,0.2,True,100,5,32,True
1.6575649,1.761449,1.0231858,3.2178807,0.0,0.0,0.0,0.0,0.0,2.7324233,2.5137615,0.0,0.0,0.6140285,0.0,0.23583964,2022-03-28,16,0.2,True,100,5,32,True
1.6609558,1.7591196,1.033462,3.2284763,0.0,0.0,0.0,0.0,0.0,2.7412224,2.5150623,0.0,0.0,0.6092427,0.0,0.23691437,2022-03-29,16,0.2,True,100,5,32,True
1.6679142,1.7526525,1.0426846,3.2376304,0.0,0.0,0.0,0.0,0.0,2.7509239,2.516429,0.0,0.0,0.6020181,0.0,0.23904544,2022-03-30,16,0.2,True,100,5,32,True
1.6722381,1.7478004,1.0526956,3.249505,0.0,0.0,0.0,0.0,0.0,2.7621756,2.5227444,0.0,0.0,0.59945595,0.0,0.23911005,2022-03-31,16,0.2,True,100,5,32,True
1.6804869,1.7478393,1.0671629,3.2642882,0.0,0.0,0.0,0.0,0.0,2.7778296,2.5287263,0.0,0.0,0.59231263,0.0,0.23547179,2022-04-01,16,0.2,True,100,5,32,True
1.6960664,1.7632695,1.0849571,3.2755697,0.0,0.0,0.0,0.0,0.0,2.7896214,2.5259275,0.0,0.0,0.5700115,0.0,0.23062003,2022-04-04,16,0.2,True,100,5,32,True
1.7108363,1.7813991,1.1064458,3.2792537,0.0,0.0,0.0,0.0,0.0,2.7981496,2.510325,0.0,0.0,0.53788006,0.0,0.22444102,2022-04-05,16,0.2,True,100,5,32,True
1.7273328,1.8014565,1.1314632,3.2769947,0.0,0.0,0.0,0.0,0.0,2.8052723,2.4867175,0.0,0.0,0.4962917,0.0,0.2138406,2022-04-06,16,0.2,True,100,5,32,True
1.7406276,1.8147588,1.1471045,3.2821064,0.021090375,0.0,0.0,0.0,0.0,2.8117757,2.4785693,0.0,0.0,0.47026753,0.0,0.21485728,2022-04-07,16,0.2,True,100,5,32,True
1.7529593,1.8309486,1.162486,3.2846162,0.042600762,0.0,0.0,0.0,0.0,2.81521,2.4650514,0.0,0.0,0.443871,0.0,0.2115587,2022-04-08,16,0.2,True,100,5,32,True
1.7663387,1.8465245,1.1735148,3.2865324,0.06282062,0.0,0.0,0.0,0.0,2.8173978,2.4516377,0.0,0.0,0.42014217,0.0,0.21072721,2022-04-11,16,0.2,True,100,5,32,True
1.7848457,1.8703477,1.1889615,3.2878523,0.08176057,0.0,0.0,0.0,0.0,2.8223631,2.4323037,0.0,0.0,0.38811988,0.0,0.20365033,2022-04-12,16,0.2,True,100,5,32,True
1.8016256,1.8897638,1.2016644,3.2812376,0.097655594,0.0,0.0,0.0,0.0,2.8225753,2.4048786,0.0,0.0,0.35490075,0.0,0.19722578,2022-04-13,16,0.2,True,100,5,32,True
1.8149647,1.9147474,1.2170478,3.2743683,0.11342061,0.0,0.0,0.0,0.0,2.8199432,2.3774776,0.0,0.0,0.3209929,0.0,0.1833728,2022-04-14,16,0.2,True,100,5,32,True
1.8268296,1.9375983,1.2280209,3.2667289,0.12514794,0.0,0.0,0.0,0.0,2.8160117,2.3540013,0.0,0.0,0.29011023,0.0,0.17242709,2022-04-15,16,0.2,True,100,5,32,True
1.8389585,1.9638534,1.2381032,3.2607918,0.14193988,0.0,0.0,0.0,0.0,2.808674,2.3341525,0.0,0.0,0.25850675,0.0,0.15847254,2022-04-18,16,0.2,True,100,5,32,True
1.8530993,1.9890027,1.242232,3.2625415,0.16316113,0.0,0.0,0.0,0.0,2.8032355,2.3283927,0.0,0.0,0.23428456,0.0,0.15161118,2022-04-19,16,0.2,True,100,5,32,True
1.8764728,2.0189025,1.251087,3.2711513,0.18467385,0.0,0.0,0.0,0.0,2.8071337,2.3260045,0.0,0.0,0.20387109,0.0,0.1414026,2022-04-20,16,0.2,True,100,5,32,True
1.8945116,2.0425887,1.2607889,3.27628,0.2061874,0.0,0.0,0.0,0.0,2.8093288,2.3219316,0.0,0.0,0.17465535,0.0,0.13095492,2022-04-21,16,0.2,True,100,5,32,True
1.911495,2.069858,1.2731578,3.2817898,0.22460184,0.0,0.0,0.0,0.0,2.811548,2.315614,0.0,0.0,0.14549954,0.0,0.11655593,2022-04-22,16,0.2,True,100,5,32,True
1.9372498,2.104694,1.2897433,3.2885523,0.2414994,0.0,0.0,0.0,0.0,2.8177118,2.3052435,0.0,0.0,0.10970396,0.0,0.098230064,2022-04-25,16,0.2,True,100,5,32,True
1.9554818,2.130314,1.2947166,3.2941885,0.26020634,0.0,0.0,0.0,0.0,2.8164873,2.3015947,0.0,0.0,0.08534035,0.0,0.09087138,2022-04-26,16,0.2,True,100,5,32,True
1.9725043,2.1596148,1.298545,3.3031917,0.28029072,0.0,0.0,0.0,0.0,2.8141022,2.3029246,0.0,0.0,0.06524062,0.0,0.081988886,2022-04-27,16,0.2,True,100,5,32,True
1.9905213,2.1939182,1.3004816,3.3099203,0.30096605,0.0,0.0,0.0,0.0,2.8072643,2.3020597,0.0,0.0,0.044810314,0.0,0.06937989,2022-04-28,16,0.2,True,100,5,32,True
2.0096617,2.2323186,1.3033354,3.3156834,0.31927034,0.0,0.0,0.0,0.0,2.800242,2.2992122,0.0,0.0,0.023014031,0.0,0.05372958,2022-04-29,16,0.2,True,100,5,32,True
2.0238323,2.2631936,1.3029653,3.3186316,0.33762646,0.0,0.0,0.0,0.0,2.7906077,2.2985213,0.0,0.0,0.005600583,0.0,0.041876033,2022-05-02,16,0.2,True,100,5,32,True
2.042499,2.3036616,1.3099581,3.312695,0.34615427,0.0,0.0,0.0,0.0,2.78329,2.2803826,0.0,0.0,0.0,0.0,0.021869676,2022-05-03,16,0.2,True,100,5,32,True
2.0488412,2.3336484,1.3155382,3.2930675,0.35145903,0.0,0.0,0.0,0.0,2.764807,2.2489336,0.0,0.0,0.0,0.0,0.0017311946,2022-05-04,16,0.2,True,100,5,32,True
2.0634046,2.3712955,1.3248777,3.2732403,0.35190493,0.0,0.0,0.0,0.0,2.7497058,2.2107337,0.0,0.0,0.0,0.0,0.0,2022-05-06,16,0.2,True,100,5,32,True
2.0840983,2.4125235,1.3304998,3.2544954,0.35218894,0.0,0.0,0.0,0.0,2.7355375,2.1734962,0.0,0.0,0.0,0.0,0.0,2022-05-09,16,0.2,True,100,5,32,True
2.0935109,2.4384828,1.3305467,3.22657,0.35120276,0.0,0.0,0.0075750165,0.0,2.7117093,2.1277945,0.0,0.0,0.0,0.0,0.0,2022-05-10,16,0.2,True,100,5,32,True
2.1097558,2.4714506,1.3280878,3.2018864,0.34583807,0.0,0.0,0.03632394,0.0,2.6904716,2.0835307,0.0,0.0,0.0,0.0,0.0,2022-05-11,16,0.2,True,100,5,32,True
2.1234818,2.5002666,1.3184139,3.1773243,0.33756986,0.0,0.0,0.062592424,0.0,2.6670558,2.0428746,0.0,0.0,0.0,0.0,0.0,2022-05-12,16,0.2,True,100,5,32,True
2.1387691,2.5269876,1.304159,3.1532252,0.327998,0.0,0.0,0.08988631,0.0,2.643168,2.0024576,0.0,0.0,0.0,0.0,0.0,2022-05-13,16,0.2,True,100,5,32,True
2.153152,2.5523295,1.2899975,3.1317663,0.31962836,0.0,0.0,0.115446836,0.0,2.620301,1.9654415,0.0,0.0,0.0,0.0,0.0,2022-05-16,16,0.2,True,100,5,32,True
2.1571705,2.564281,1.2770517,3.101417,0.30723378,0.0,0.0,0.14105022,0.0,2.592311,1.9203386,0.0,0.0,0.0,0.0,0.0,2022-05-17,16,0.2,True,100,5,32,True
2.1558013,2.5713425,1.2657114,3.068976,0.2959241,0.0,0.0,0.16452059,0.0,2.562018,1.8750943,0.0,0.0,0.0,0.0,0.0,2022-05-18,16,0.2,True,100,5,32,True
2.1557393,2.5794413,1.259138,3.0391867,0.28856993,0.0,0.0,0.18703803,0.0,2.5335364,1.8315988,0.0,0.0,0.0,0.0,0.0,2022-05-19,16,0.2,True,100,5,32,True
2.1712065,2.6083958,1.2540776,3.0250654,0.28567025,0.0,0.0,0.20795006,0.0,2.5141075,1.8021395,0.0,0.0,0.0,0.0,0.0,2022-05-20,16,0.2,True,100,5,32,True
2.1712718,2.6181467,1.2485216,3.0017567,0.27659392,0.0,0.0,0.22514899,0.0,2.4902203,1.7671767,0.0,0.0,0.0,0.0,0.0,2022-05-23,16,0.2,True,100,5,32,True
2.1711087,2.6353462,1.2417312,2.9865272,0.2688702,0.0,0.0,0.2368157,0.0,2.4682865,1.744128,0.0,0.0,0.0,0.0,0.0,2022-05-24,16,0.2,True,100,5,32,True
2.1656125,2.640594,1.2341166,2.9630437,0.26188794,0.0,0.0,0.24915177,0.0,2.4421988,1.7139609,0.0,0.0,0.0,0.0,0.0,2022-05-25,16,0.2,True,100,5,32,True
2.1632621,2.6489558,1.229303,2.942527,0.2555472,0.0,0.0,0.26191568,0.0,2.4190278,1.6849498,0.0,0.0,0.0,0.0,0.0,2022-05-26,16,0.2,True,100,5,32,True
2.1608922,2.651856,1.2277542,2.9186962,0.2494263,0.0,0.0,0.2768385,0.0,2.3963192,1.6498014,0.0,0.0,0.0,0.0,0.0,2022-05-27,16,0.2,True,100,5,32,True
2.163094,2.6612988,1.2268974,2.9025512,0.24275374,0.0,0.0,0.2905265,0.0,2.3792334,1.6218085,0.0,0.0,0.0,0.0,0.0,2022-05-30,16,0.2,True,100,5,32,True
2.1582234,2.6579835,1.2237655,2.883572,0.23318958,0.0,0.0,0.30027133,0.0,2.362905,1.5963472,0.0,0.0,0.0,0.0,0.0,2022-05-31,16,0.2,True,100,5,32,True
2.157052,2.662296,1.2278711,2.8696856,0.2241098,0.0,0.0,0.31128576,0.0,2.350182,1.5713378,0.0,0.0,0.0,0.0,0.0,2022-06-02,16,0.2,True,100,5,32,True
2.157477,2.6627295,1.2348714,2.8531241,0.22910771,0.0,0.0,0.3254044,0.0,2.3320653,1.5404252,0.0,0.0,0.0,0.0,0.0,2022-06-03,16,0.2,True,100,5,32,True
2.1587553,2.664326,1.2381833,2.8415883,0.23755118,0.0,0.0,0.33650956,0.0,2.3153417,1.5175394,0.0,0.0,0.0,0.0,0.0,2022-06-07,16,0.2,True,100,5,32,True
2.1624238,2.6685436,1.2374249,2.8327937,0.25089362,0.0,0.0,0.34544986,0.0,2.2982223,1.500458,0.0,0.0,0.0,0.0,0.0,2022-06-08,16,0.2,True,100,5,32,True
2.1681406,2.6714768,1.2382829,2.8188486,0.26097533,0.0,0.0,0.35883263,0.0,2.2822454,1.4767176,0.0,0.0,0.0,0.0,0.0,2022-06-09,16,0.2,True,100,5,32,True
2.179761,2.6866255,1.2412827,2.8122787,0.26971903,0.0,0.0,0.371888,0.0,2.2697036,1.4573383,0.0,0.0,0.0,0.0,0.0,2022-06-10,16,0.2,True,100,5,32,True
2.1890538,2.697625,1.2401727,2.802882,0.28008777,0.0,0.0,0.38259453,0.0,2.25369,1.4388541,0.0,0.0,0.0,0.0,0.0,2022-06-13,16,0.2,True,100,5,32,True
2.200258,2.7055182,1.2253243,2.7915561,0.29360443,0.0,0.0,0.3903275,0.0,2.233457,1.4261249,0.0,0.0,0.0,0.0,0.0,2022-06-14,16,0.2,True,100,5,32,True
2.2087166,2.7202334,1.2055048,2.7815983,0.30655092,0.0,0.0,0.39680862,0.0,2.2077484,1.414722,0.0,0.0,0.0,0.0,0.0,2022-06-15,16,0.2,True,100,5,32,True
2.2138083,2.7416708,1.1795185,2.768316,0.31603393,0.0,0.0,0.40516534,0.0,2.1755767,1.4000782,0.0,0.0,0.0,0.0,0.0,2022-06-16,16,0.2,True,100,5,32,True
2.2116604,2.7619438,1.1521076,2.74836,0.32481253,0.0,0.0,0.41395304,0.0,2.1379156,1.3800411,0.0,0.0,0.0,0.0,0.0,2022-06-17,16,0.2,True,100,5,32,True
2.2090762,2.7836647,1.1217482,2.727659,0.33548322,0.0,0.0,0.42208022,0.0,2.0983317,1.3603164,0.0,0.0,0.0,0.0,0.0,2022-06-20,16,0.2,True,100,5,32,True
2.2014832,2.8076956,1.0794848,2.7097194,0.34545165,0.0,0.0,0.4241322,0.0,2.0562367,1.3520094,0.0,0.0,0.0,0.0,0.0,2022-06-21,16,0.2,True,100,5,32,True
2.1890264,2.8317814,1.0377986,2.690281,0.3514265,0.0,0.0,0.4255407,0.0,2.0136197,1.3436463,0.0,0.0,0.0,0.0,0.0,2022-06-22,16,0.2,True,100,5,32,True
2.176145,2.8562448,0.9941628,2.6683738,0.3587953,0.0,0.0,0.42769414,0.0,1.9692137,1.3334081,0.0,0.0,0.0,0.0,0.0,2022-06-23,16,0.2,True,100,5,32,True
2.1676135,2.8855276,0.9518985,2.6459951,0.36833477,0.0,0.0,0.43236017,0.0,1.9245194,1.3206075,0.0,0.0,0.0,0.0,0.0,2022-06-24,16,0.2,True,100,5,32,True
2.1615295,2.9180918,0.92300075,2.6212144,0.37344,0.0,0.0,0.44373843,0.0,1.8829541,1.2957563,0.0,0.0,0.0,0.0,0.0,2022-06-27,16,0.2,True,100,5,32,True
2.1569958,2.946674,0.89597607,2.6002424,0.383935,0.0,0.0,0.45051697,0.0,1.844815,1.277405,0.0,0.0,0.0,0.0,0.0,2022-06-28,16,0.2,True,100,5,32,True
2.1536193,2.9745705,0.88019294,2.580339,0.39743072,0.0,0.0,0.4582487,0.0,1.8075889,1.2547086,0.0,0.0,0.0,0.0,0.0,2022-06-29,16,0.2,True,100,5,32,True
2.1504421,2.9993327,0.8671684,2.559128,0.4120989,0.0,0.0,0.46573016,0.0,1.7692175,1.2292792,0.0,0.0,0.0,0.0,0.0,2022-06-30,16,0.2,True,100,5,32,True
2.1440797,3.0250525,0.84783953,2.539326,0.4255447,0.0,0.0,0.46896383,0.0,1.7268642,1.2097478,0.0,0.0,0.0,0.0,0.0,2022-07-01,16,0.2,True,100,5,32,True
2.1287556,3.0485585,0.8230023,2.4966233,0.42580447,0.0,0.0,0.482409,0.0,1.6708754,1.1684092,0.0,0.0,0.0,0.0,0.0,2022-07-04,16,0.2,True,100,5,32,True
2.112541,3.0740497,0.80060405,2.4424226,0.41382176,0.035619345,0.0,0.50479156,0.0,1.6100824,1.1119274,0.0,0.0,0.0,0.0,0.0,2022-07-05,16,0.2,True,100,5,32,True
2.0970066,3.1015468,0.7813143,2.3876271,0.39780468,0.09276348,0.0,0.52971333,0.0,1.5493194,1.0518038,0.0,0.0,0.0,0.0,0.0,2022-07-06,16,0.2,True,100,5,32,True
2.0839133,3.1288066,0.75775373,2.3342607,0.38131586,0.1518398,0.0,0.55492663,0.0,1.4862313,0.99273026,0.0,0.0,0.0,0.0,0.0,2022-07-07,16,0.2,True,100,5,32,True
2.0642428,3.1479602,0.73749876,2.2766917,0.36174303,0.21974799,0.0,0.58047616,0.0,1.4182032,0.92761886,0.0,0.0,0.0,0.0,0.0,2022-07-08,16,0.2,True,100,5,32,True
2.044791,3.1686401,0.71365666,2.227729,0.3450028,0.2875838,0.0,0.600604,0.0,1.3514255,0.8739676,0.0,0.0,0.0,0.0,0.0,2022-07-11,16,0.2,True,100,5,32,True
2.0293627,3.185779,0.68927485,2.182033,0.3304577,0.34776574,0.0,0.62105054,0.0,1.288004,0.8224054,0.0,0.0,0.0,0.0,0.0,2022-07-12,16,0.2,True,100,5,32,True
2.0233743,3.2078955,0.6716121,2.141819,0.31939337,0.41161698,0.0,0.6482306,0.0,1.2280756,0.7664781,0.0,0.0,0.0,0.0,0.0,2022-07-13,16,0.2,True,100,5,32,True
2.0188186,3.228939,0.6476141,2.10808,0.31301984,0.4658596,0.0,0.669863,0.0,1.1693025,0.71903795,0.0,0.0,0.0,0.0,0.0,2022-07-14,16,0.2,True,100,5,32,True
2.0071957,3.2438858,0.6246588,2.0747952,0.30397326,0.5247099,0.0,0.69051147,0.0,1.1083882,0.66957176,0.0,0.0,0.0,0.0,0.0,2022-07-15,16,0.2,True,100,5,32,True
1.9819884,3.2398083,0.5985656,2.0334349,0.29154047,0.5843165,0.0,0.707481,0.0,1.0396528,0.61580527,0.0,0.0,0.0,0.0,0.0,2022-07-18,16,0.2,True,100,5,32,True
1.9654933,3.2475276,0.5809615,2.0043323,0.28389654,0.647934,0.0,0.72399074,0.0,0.9793113,0.568417,0.0,0.0,0.0,0.0,0.0,2022-07-19,16,0.2,True,100,5,32,True
1.9460214,3.246639,0.560743,1.9759451,0.27779353,0.7016235,0.0,0.7356861,0.0,0.92113525,0.52676344,0.0,0.0,0.0,0.0,0.0,2022-07-20,16,0.2,True,100,5,32,True
1.9237812,3.2426715,0.5462534,1.9507562,0.27243584,0.7537235,0.0,0.7459152,0.0,0.86895007,0.48988852,0.0,0.0,0.0,0.0,0.0,2022-07-21,16,0.2,True,100,5,32,True
1.9045483,3.2377229,0.53888166,1.9286542,0.27063003,0.8055014,0.0,0.75460595,0.0,0.82263315,0.45510352,0.0,0.0,0.0,0.0,0.0,2022-07-22,16,0.2,True,100,5,32,True
1.8924959,3.233946,0.5283179,1.9174564,0.2793731,0.8373223,0.0,0.755768,0.0,0.78525954,0.43710127,0.0,0.0,0.0,0.0,0.0,2022-07-25,16,0.2,True,100,5,32,True
1.8895062,3.2333965,0.535036,1.9059447,0.28952813,0.87931776,0.0,0.76394147,0.0,0.75521976,0.4103237,0.0,0.0,0.0,0.0,0.0,2022-07-26,16,0.2,True,100,5,32,True
1.8942116,3.2341127,0.54886115,1.8951195,0.3027829,0.91877395,0.0,0.7737548,0.0,0.7326205,0.38282225,0.0,0.0,0.0,0.0,0.0,2022-07-27,16,0.2,True,100,5,32,True
1.8931375,3.2341814,0.55679727,1.8866551,0.30832452,0.9602267,0.0,0.77785224,0.0,0.7118529,0.3613633,0.0,0.0,0.0,0.0,0.0,2022-07-28,16,0.2,True,100,5,32,True
1.8893869,3.233033,0.5567148,1.8820751,0.3130471,0.9915204,0.0,0.7758417,0.0,0.69392425,0.35075057,0.0,0.0,0.0,0.0,0.0,2022-07-29,16,0.2,True,100,5,32,True
1.8895504,3.2346287,0.5656255,1.8793674,0.31957847,1.0271139,0.0,0.77745676,0.0,0.6807155,0.33823782,0.0,0.0,0.0,0.0,0.0,2022-08-01,16,0.2,True,100,5,32,True
1.8909878,3.2448735,0.5929019,1.8611641,0.3174632,1.0900245,0.0,0.8011991,0.0,0.6648517,0.2964506,0.0044478774,0.0,0.0,0.0,0.0,2022-08-02,16,0.2,True,100,5,32,True
1.8844712,3.2540395,0.62246364,1.8351005,0.31338373,1.1617076,0.0,0.8316283,0.0,0.644139,0.24564812,0.01333604,0.0,0.0,0.0,0.0,2022-08-03,16,0.2,True,100,5,32,True
1.8710877,3.2565393,0.65675837,1.8022215,0.30923223,1.2413095,0.0,0.8656245,0.0,0.620237,0.18768468,0.025057098,0.0,0.0,0.0,0.0,2022-08-04,16,0.2,True,100,5,32,True
1.8514858,3.2553928,0.6836669,1.7738882,0.30352807,1.318202,0.0,0.89233243,0.0,0.59716845,0.13917331,0.03277607,0.0,0.0,0.0,0.0,2022-08-05,16,0.2,True,100,5,32,True
1.8339705,3.2548528,0.7120856,1.7500358,0.30572292,1.3889165,0.0,0.9171926,0.0,0.57528216,0.09547722,0.043792542,0.0,0.0,0.0,0.0,2022-08-08,16,0.2,True,100,5,32,True
1.8199697,3.2549317,0.74394596,1.7303671,0.31004027,1.4594644,0.0,0.9417164,0.0,0.55617243,0.05412723,0.054544874,0.0,0.0,0.0,0.0,2022-08-09,16,0.2,True,100,5,32,True
1.8070098,3.2465644,0.7815471,1.7052014,0.3186258,1.5239847,0.0,0.9690757,0.0,0.5373553,0.008658273,0.0711408,0.0,0.0,0.0,0.0,2022-08-10,16,0.2,True,100,5,32,True
1.7979896,3.2398064,0.8136707,1.6867211,0.32706964,1.5806081,0.0,0.99249434,0.0,0.52122754,0.0,0.08530027,0.0,0.0,0.0,0.0,2022-08-11,16,0.2,True,100,5,32,True
1.7951591,3.2380369,0.84907204,1.6732578,0.33783585,1.6371921,0.0,1.0158807,0.0,0.5094171,0.0,0.09938452,0.0,0.0,0.0,0.0,2022-08-12,16,0.2,True,100,5,32,True
1.7884824,3.2335188,0.8831583,1.659526,0.3481164,1.6898257,0.0,1.0352404,0.0,0.49725118,0.0,0.11239754,0.0,0.0,0.0,0.0,2022-08-16,16,0.2,True,100,5,32,True
1.7815624,3.2321417,0.9237661,1.6468334,0.36098087,1.7513977,0.0,1.0564741,0.0,0.4843093,0.0,0.12769282,0.0,0.0,0.0,0.0,2022-08-17,16,0.2,True,100,5,32,True
1.7784358,3.237923,0.9662731,1.6375059,0.3743579,1.8167833,0.0,1.0797683,0.0,0.4716232,0.0,0.14341468,0.0,0.0,0.0,0.0,2022-08-18,16,0.2,True,100,5,32,True
1.7784868,3.2436776,0.99369204,1.6328665,0.38427386,1.8662397,0.0,1.0976377,0.0,0.46020144,0.0,0.15492253,0.0,0.0,0.0,0.0,2022-08-19,16,0.2,True,100,5,32,True
1.7776345,3.247236,1.0095564,1.6317818,0.39042613,1.9039665,0.0,1.1098028,0.0,0.4488379,0.0,0.16244164,0.0,0.0,0.0,0.0,2022-08-22,16,0.2,True,100,5,32,True
1.7851568,3.256118,1.0183115,1.635496,0.39651716,1.9320118,0.0,1.1225716,0.0,0.43957376,0.0,0.16984731,0.0,0.0,0.0,0.0,2022-08-23,16,0.2,True,100,5,32,True
1.7945127,3.26369,1.0286816,1.637239,0.4045514,1.9597135,0.0,1.1393471,0.0,0.4274186,0.0,0.1818712,0.0,0.0,0.0,0.0,2022-08-24,16,0.2,True,100,5,32,True
1.8026409,3.269253,1.040555,1.6354772,0.41228122,1.9867281,0.0,1.1577718,0.0,0.41399896,0.0,0.19557463,0.0,0.0,0.0,0.0,2022-08-25,16,0.2,True,100,5,32,True
1.8092879,3.2787526,1.0366913,1.6459044,0.41445556,2.0026674,0.0,1.1629064,0.0,0.40537786,0.0,0.19759326,0.0,0.0,0.0,0.0,2022-08-26,16,0.2,True,100,5,32,True
1.812403,3.2849333,1.0287147,1.654798,0.4144543,2.0126162,0.0,1.1639541,0.0,0.3975286,0.0,0.197051,0.0,0.0,0.0,0.0,2022-08-29,16,0.2,True,100,5,32,True
1.8180183,3.2872884,1.0231175,1.6562759,0.4167739,2.0189044,0.0,1.171276,0.0,0.3870825,0.0,0.20294859,0.0,0.0,0.0,0.0,2022-08-30,16,0.2,True,100,5,32,True
1.819575,3.2927163,1.0233171,1.6590458,0.4213797,2.034271,0.0,1.1772536,0.0,0.37535244,0.0,0.20890689,0.0,0.0,0.0,0.0,2022-08-31,16,0.2,True,100,5,32,True
1.8188986,3.3027039,1.0202053,1.666146,0.42514443,2.0492685,0.0,1.1772993,0.0,0.36577263,0.0,0.2101205,0.0,0.0,0.0,0.0,2022-09-01,16,0.2,True,100,5,32,True
1.841356,3.326829,0.99414235,1.6897038,0.45550546,2.0087264,0.0,1.169968,0.0,0.35923308,0.0,0.22413214,0.0,0.0,0.0,0.0,2022-09-02,16,0.2,True,100,5,32,True
1.8684947,3.3556912,0.9558926,1.7203912,0.4928884,1.9426177,0.0,1.1556636,0.0,0.35248068,0.0,0.23911321,0.0,0.0,0.0,0.0,2022-09-05,16,0.2,True,100,5,32,True
1.8994031,3.3906631,0.91243273,1.7571753,0.5350046,1.8633709,0.0,1.1361693,0.0,0.34723103,0.0,0.25373834,0.0,0.0,0.0,0.0,2022-09-06,16,0.2,True,100,5,32,True
1.9223355,3.423378,0.8744517,1.7887932,0.57887363,1.785964,0.0,1.113155,0.0,0.33883262,0.0,0.26994133,0.0,0.0,0.0,0.0,2022-09-07,16,0.2,True,100,5,32,True
1.9473711,3.4646177,0.8403457,1.8224794,0.62568426,1.7145684,0.0,1.090497,0.0,0.33092877,0.0,0.2875312,0.0,0.0,0.0,0.0,2022-09-08,16,0.2,True,100,5,32,True
1.9752612,3.5158362,0.81576484,1.8565775,0.6724492,1.6553892,0.0,1.0707848,0.0,0.32579768,0.0,0.30518326,0.0,0.0,0.0,0.0,2022-09-13,16,0.2,True,100,5,32,True
2.000418,3.5701742,0.79853404,1.889708,0.7193545,1.6034166,0.0,1.0501177,0.0,0.32342234,0.0,0.32129818,0.0,0.0,0.0,0.0,2022-09-14,16,0.2,True,100,5,32,True
2.022065,3.6257007,0.78760767,1.9176407,0.7681995,1.5572981,0.0,1.0302886,0.0,0.31946358,0.00015351921,0.34072897,0.0,0.0,0.0,0.0,2022-09-15,16,0.2,True,100,5,32,True
2.0384333,3.6799524,0.7746961,1.9427174,0.8160197,1.5092818,0.0,1.0069642,0.0,0.31399798,0.033582903,0.35986662,0.0,0.0,0.0,0.0,2022-09-16,16,0.2,True,100,5,32,True
2.0574448,3.7386434,0.75909543,1.9718978,0.86116016,1.4613934,0.0,0.9837896,0.0,0.31146047,0.06992856,0.3755836,0.0,0.0,0.0,0.0,2022-09-19,16,0.2,True,100,5,32,True
2.0725477,3.800412,0.7490166,1.9997,0.8999731,1.4288406,0.0,0.96376896,0.0,0.3081843,0.1005648,0.38818818,0.0,0.0,0.0,0.0,2022-09-20,16,0.2,True,100,5,32,True
2.091318,3.867584,0.738461,2.0319383,0.93859434,1.3993559,0.0,0.9438667,0.0,0.30846697,0.13475707,0.3989779,0.0,0.0,0.0,0.0,2022-09-21,16,0.2,True,100,5,32,True
2.1061938,3.9284027,0.71927124,2.0632474,0.97402924,1.3630319,0.0,0.9212706,0.0,0.30823568,0.17247686,0.4084946,0.0,0.0,0.0,0.0,2022-09-22,16,0.2,True,100,5,32,True
2.1197007,3.9882584,0.6964791,2.0965898,1.0072297,1.3265123,0.0,0.89676815,0.0,0.30946916,0.21407947,0.41572186,0.0,0.0,0.0,0.0,2022-09-23,16,0.2,True,100,5,32,True
2.1320755,4.045105,0.67236865,2.128848,1.0377783,1.2903972,0.0,0.8742697,0.0,0.30961755,0.25254753,0.42313683,0.0,0.0,0.0,0.0,2022-09-26,16,0.2,True,100,5,32,True
2.1465318,4.1045,0.6482906,2.1608677,1.0666249,1.2598667,0.0,0.85481733,0.0,0.30978963,0.28793073,0.4346095,0.0,0.0,0.0,0.0,2022-09-27,16,0.2,True,100,5,32,True
2.1580482,4.1607,0.62775874,2.1871943,1.0942125,1.2353017,0.0,0.8376878,0.0,0.309233,0.31938383,0.4504666,0.0,0.0,0.0,0.0,2022-09-28,16,0.2,True,100,5,32,True
2.1670725,4.2174673,0.6048875,2.2112887,1.1196744,1.2151885,0.0,0.8224297,0.0,0.3050647,0.3478829,0.4681346,0.0,0.0,0.0,0.0,2022-09-29,16,0.2,True,100,5,32,True
2.1699414,4.267659,0.5829972,2.2273698,1.1404359,1.199388,0.0,0.8094339,0.0,0.29635966,0.36947924,0.4866932,0.0,0.0,0.0,0.0,2022-09-30,16,0.2,True,100,5,32,True
2.1727989,4.317457,0.56920713,2.240657,1.1604781,1.1956295,0.0,0.8021409,0.0,0.2858012,0.3822821,0.5068556,0.0,0.0,0.0,0.0,2022-10-04,16,0.2,True,100,5,32,True
2.1797636,4.3811655,0.56549233,2.2543359,1.1872926,1.2034,0.0,0.8058374,0.0,0.2720241,0.38485757,0.5286071,0.0,0.0,0.0,0.0,2022-10-05,16,0.2,True,100,5,32,True
2.190771,4.4496474,0.57355756,2.2636588,1.2202544,1.2181622,0.0,0.8182499,0.0,0.25649026,0.3762939,0.554738,0.0,0.0,0.0,0.0,2022-10-06,16,0.2,True,100,5,32,True
2.195406,4.5193796,0.579122,2.273881,1.253413,1.236853,0.0,0.8268455,0.0,0.23873547,0.37172392,0.5766543,0.0,0.0,0.0,0.0,2022-10-07,16,0.2,True,100,5,32,True
2.1972213,4.584754,0.583981,2.2815611,1.2884774,1.252763,0.0,0.83409166,0.0,0.22004524,0.36752433,0.6000936,0.0,0.0,0.0,0.0,2022-10-11,16,0.2,True,100,5,32,True
2.198963,4.652596,0.5872717,2.292507,1.3278025,1.2675512,0.0,0.8390739,0.0,0.20112082,0.3678122,0.6242489,0.0,0.0,0.0,0.0,2022-10-12,16,0.2,True,100,5,32,True
2.2082086,4.737231,0.59663475,2.3158264,1.3705941,1.2981756,0.0,0.84366935,0.0,0.18529177,0.3729386,0.64319295,0.0,0.0,0.0,0.0,2022-10-13,16,0.2,True,100,5,32,True
2.2147276,4.817216,0.60211366,2.3365002,1.4148039,1.3228079,0.0,0.84585077,0.0,0.1673362,0.37900117,0.6652343,0.0,0.0,0.0,0.0,2022-10-14,16,0.2,True,100,5,32,True
2.2129927,4.886845,0.6074257,2.3520622,1.4551799,1.3441849,0.0,0.84583414,0.0,0.14786246,0.3842455,0.6856344,0.0,0.0,0.0,0.0,2022-10-17,16,0.2,True,100,5,32,True
2.2121348,4.960439,0.61513406,2.3729193,1.4986697,1.36842,0.0,0.84356844,0.0,0.13071528,0.3940257,0.7038417,0.0,0.0,0.0,0.0,2022-10-18,16,0.2,True,100,5,32,True
2.2167025,5.0363774,0.63309413,2.3958807,1.5451689,1.3971833,0.0,0.84434444,0.0,0.118079886,0.4014231,0.7226116,0.0,0.0,0.0,0.0,2022-10-19,16,0.2,True,100,5,32,True
2.2098486,5.0793586,0.6503518,2.4005256,1.5759046,1.4253664,0.0,0.8523507,0.0,0.097607054,0.39039952,0.74121094,0.0,0.0,0.0,0.0,2022-10-20,16,0.2,True,100,5,32,True
2.2036774,5.122933,0.65401244,2.4111717,1.6044333,1.4419001,0.0,0.85229856,0.0,0.08075543,0.39141917,0.75612694,0.0,0.0,0.0,0.0,2022-10-21,16,0.2,True,100,5,32,True
2.2040272,5.1660576,0.66309524,2.4207788,1.6359565,1.4565738,0.0,0.856515,0.0,0.06680441,0.3894485,0.7761961,0.0,0.0,0.0,0.0,2022-10-24,16,0.2,True,100,5,32,True
2.1956723,5.207364,0.6573273,2.4340131,1.661606,1.4630203,0.0,0.85090935,0.0,0.052310668,0.40047833,0.78879654,0.0,0.0,0.0,0.0,2022-10-25,16,0.2,True,100,5,32,True
2.1905868,5.2468677,0.66337675,2.4422455,1.6880788,1.475649,0.0,0.85284173,0.0,0.038012385,0.40254945,0.8053016,0.0,0.0,0.0,0.0,2022-10-26,16,0.2,True,100,5,32,True
2.1859083,5.2889085,0.6739004,2.4504433,1.717132,1.4909776,0.0,0.8552287,0.0,0.024308532,0.40401244,0.8226056,0.0,0.0,0.0,0.0,2022-10-27,16,0.2,True,100,5,32,True
2.1792514,5.332472,0.68718624,2.460886,1.7448744,1.5119663,0.0,0.8565918,0.0,0.01150009,0.40634128,0.83689046,0.0,0.0,0.0,0.0,2022-10-28,16,0.2,True,100,5,32,True
2.1734574,5.368905,0.70502436,2.4670522,1.772664,1.5305725,0.0,0.8603124,0.0,2.9530376e-05,0.40373936,0.8537426,0.0,0.0,0.0,0.0,2022-10-31,16,0.2,True,100,5,32,True
2.1739554,5.4065447,0.7287347,2.474246,1.7973244,1.5551561,0.0,0.86608225,0.0,0.0,0.3980833,0.8672299,0.0,0.0,0.0,0.0,2022-11-01,16,0.2,True,100,5,32,True
2.1675725,5.444276,0.7483125,2.4855947,1.8125615,1.5935977,0.0,0.8586259,0.0,0.0,0.40286666,0.865514,0.0,0.0,0.0,0.0,2022-11-02,16,0.2,True,100,5,32,True
2.1596615,5.4780054,0.76456726,2.4978254,1.8258556,1.6310521,0.0,0.8442584,0.0,0.0,0.4150908,0.85931826,0.0,0.0,0.0,0.0,2022-11-03,16,0.2,True,100,5,32,True
2.1519566,5.518128,0.77793723,2.5178337,1.8405848,1.6735528,0.0,0.8239371,0.0,0.0,0.437994,0.84913796,0.0,0.0,0.0,0.0,2022-11-04,16,0.2,True,100,5,32,True
2.142492,5.5607505,0.78508556,2.5440054,1.8507379,1.7163323,0.0,0.79750276,0.0,0.0,0.47174075,0.8312182,0.0,0.0,0.0,0.0,2022-11-07,16,0.2,True,100,5,32,True
2.1394215,5.605465,0.7970394,2.5719206,1.8659222,1.755959,0.0,0.7731565,0.0,0.005944242,0.5073836,0.8156152,0.0,0.0,0.0,0.0,2022-11-08,16,0.2,True,100,5,32,True
2.1387212,5.649503,0.8150771,2.5977557,1.8832253,1.7931869,0.0,0.7503596,0.0,0.020219427,0.54236,0.8013429,0.0,0.0,0.0,0.0,2022-11-09,16,0.2,True,100,5,32,True
2.1371734,5.6897264,0.8364958,2.6206868,1.8971881,1.8291324,0.0,0.7289617,0.0,0.036757715,0.57478523,0.7857868,0.0,0.0,0.0,0.0,2022-11-10,16,0.2,True,100,5,32,True
2.1381617,5.7275705,0.8434538,2.6500657,1.9111043,1.846957,0.0,0.70131195,0.0,0.058406807,0.6188793,0.76695246,0.0,0.0,0.0,0.0,2022-11-11,16,0.2,True,100,5,32,True
2.1346443,5.7577953,0.8549447,2.6747425,1.9184316,1.8679128,0.0,0.67563105,0.0,0.07974173,0.65997785,0.74515593,0.0,0.0,0.0,0.0,2022-11-14,16,0.2,True,100,5,32,True
2.135923,5.7877812,0.86997795,2.698203,1.9325801,1.8816566,0.0,0.6528257,0.0,0.10362134,0.7005827,0.72951883,0.0,0.0,0.0,0.0,2022-11-15,16,0.2,True,100,5,32,True
2.133394,5.8135304,0.887586,2.7187746,1.944631,1.8959346,0.0,0.63043344,0.0,0.12631977,0.73854566,0.71328676,0.0,0.0,0.0,0.0,2022-11-16,16,0.2,True,100,5,32,True
2.1251175,5.8202963,0.9085193,2.7274475,1.9517752,1.9078072,0.0,0.61315435,0.0,0.14474979,0.7648634,0.7010125,0.0,0.0,0.0,0.0,2022-11-17,16,0.2,True,100,5,32,True
2.1150055,5.8195124,0.92353046,2.7336705,1.9550095,1.9136215,0.0,0.5955514,0.0,0.1621618,0.7890765,0.68800086,0.0,0.0,0.0,0.0,2022-11-18,16,0.2,True,100,5,32,True
2.109772,5.8228407,0.93555874,2.7431593,1.954841,1.9216883,0.0,0.5805043,0.0,0.17940542,0.8115921,0.67269707,0.0,0.0,0.0,0.0,2022-11-21,16,0.2,True,100,5,32,True
2.1055253,5.8203573,0.94801277,2.747364,1.9524485,1.9283947,0.0,0.5703173,0.0,0.19456357,0.8263777,0.66014653,0.0,0.0,0.0,0.0,2022-11-22,16,0.2,True,100,5,32,True
2.1043074,5.8094597,0.9529988,2.7482405,1.9433855,1.924048,0.0,0.5634002,0.0,0.20955789,0.83620954,0.6464954,0.0,0.0,0.0,0.0,2022-11-23,16,0.2,True,100,5,32,True
2.1046557,5.79557,0.9587597,2.7444918,1.9329687,1.9180384,0.0,0.560745,0.0,0.22297245,0.8393858,0.63606584,0.0,0.0,0.0,0.0,2022-11-24,16,0.2,True,100,5,32,True
2.105161,5.775071,0.9607304,2.7370677,1.9174601,1.9065549,0.0,0.5599659,0.0,0.23572111,0.83955896,0.624497,0.0,0.0,0.0,0.0,2022-11-25,16,0.2,True,100,5,32,True
2.105869,5.759868,0.9615259,2.7339272,1.90346,1.8973224,0.0,0.5578584,0.0,0.24757123,0.84166133,0.6118979,0.0,0.0,0.0,0.0,2022-11-28,16,0.2,True,100,5,32,True
2.106886,5.7411065,0.95866257,2.7293296,1.8871251,1.885323,0.0,0.557427,0.0,0.2580571,0.8414072,0.5997166,0.0,0.0,0.0,0.0,2022-11-29,16,0.2,True,100,5,32,True
2.1078174,5.7242117,0.9551311,2.7267575,1.8753505,1.8685571,0.0,0.5554542,0.0,0.2698895,0.845418,0.58925074,0.0,0.0,0.0,0.0,2022-11-30,16,0.2,True,100,5,32,True
2.108996,5.7057195,0.9538666,2.7211535,1.8612205,1.8529013,0.0,0.55652165,0.0,0.28060207,0.8451378,0.5795349,0.0,0.0,0.0,0.0,2022-12-01,16,0.2,True,100,5,32,True
2.1120708,5.6923566,0.9457538,2.7281036,1.8475077,1.8400383,0.0,0.5441194,0.0,0.296297,0.8635323,0.56134236,0.0,0.0,0.0,0.0,2022-12-02,16,0.2,True,100,5,32,True
2.1059802,5.66866,0.9262745,2.7309158,1.8257662,1.8168405,0.0,0.522926,0.0,0.31214806,0.89083475,0.5383308,0.0,0.0,0.0,0.0,2022-12-05,16,0.2,True,100,5,32,True
2.1032803,5.6517315,0.90241176,2.7366302,1.7965485,1.7997763,0.0,0.502838,0.0,0.3271688,0.91899097,0.51096445,0.0,0.0,0.0,0.0,2022-12-06,16,0.2,True,100,5,32,True
2.0872998,5.621312,0.86809206,2.7356963,1.7596859,1.7705344,0.0,0.47739115,0.0,0.33992144,0.95113325,0.48051274,0.0,0.0,0.0,0.0,2022-12-07,16,0.2,True,100,5,32,True
2.0742075,5.5897756,0.8214924,2.7383327,1.7224596,1.7266601,0.0,0.448687,0.0,0.35551226,0.993137,0.44808525,0.0,0.0,0.0,0.0,2022-12-08,16,0.2,True,100,5,32,True
2.063816,5.565677,0.7839927,2.7458773,1.6935934,1.6893787,0.0,0.4224162,0.0,0.3704618,1.0342324,0.41945145,0.0,0.0,0.0,0.0,2022-12-09,16,0.2,True,100,5,32,True
2.044895,5.539521,0.7393684,2.7530081,1.6590023,1.648347,0.0,0.3914367,0.0,0.38701665,1.0840572,0.38392437,0.0,0.0,0.0,0.0,2022-12-12,16,0.2,True,100,5,32,True
2.0267506,5.510167,0.7047759,2.7525423,1.6233466,1.6127473,0.0,0.36883196,0.0,0.4020419,1.1224811,0.35333717,0.0,0.0,0.0,0.0,2022-12-13,16,0.2,True,100,5,32,True
2.0155332,5.48542,0.6719551,2.7523623,1.5890266,1.576733,0.0,0.3508263,0.0,0.4187352,1.1572582,0.32469139,0.0,0.0,0.0,0.0,2022-12-14,16,0.2,True,100,5,32,True
2.0001128,5.4586325,0.63760394,2.7517166,1.5550114,1.5402873,0.0,0.33085865,0.0,0.43628463,1.1950268,0.2946036,0.0,0.0,0.0,0.0,2022-12-15,16,0.2,True,100,5,32,True
1.9862716,5.429288,0.60603523,2.7464728,1.5219474,1.5047103,0.0,0.3155283,0.0,0.45233297,1.225519,0.2690196,0.0,0.0,0.0,0.0,2022-12-16,16,0.2,True,100,5,32,True
1.9750211,5.4049454,0.5787772,2.7419448,1.4919418,1.4744185,0.0,0.30292347,0.0,0.46798176,1.2523088,0.24577911,0.0,0.0,0.0,0.0,2022-12-19,16,0.2,True,100,5,32,True
1.961681,5.3716774,0.555142,2.735852,1.4729042,1.436407,0.0,0.28929538,0.0,0.48194206,1.2775759,0.22951312,0.0,0.0,0.0,0.0,2022-12-20,16,0.2,True,100,5,32,True
1.9431616,5.335083,0.531721,2.7242885,1.4511164,1.4008746,0.0,0.27672824,0.0,0.49279305,1.2981201,0.21371096,0.0,0.0,0.0,0.0,2022-12-21,16,0.2,True,100,5,32,True
1.927075,5.3045306,0.5116808,2.714399,1.4335092,1.3687252,0.0,0.26512048,0.0,0.5041216,1.3179989,0.20008801,0.0,0.0,0.0,0.0,2022-12-22,16,0.2,True,100,5,32,True
1.9090618,5.279706,0.48270935,2.714003,1.4125253,1.3398745,0.0,0.2463263,0.0,0.5185152,1.3518388,0.17667735,0.0,0.0,0.0,0.0,2022-12-23,16,0.2,True,100,5,32,True
1.8858976,5.24593,0.4548552,2.708152,1.3915291,1.3091931,0.0,0.22982654,0.0,0.53018636,1.3815396,0.1570123,0.0,0.0,0.0,0.0,2022-12-26,16,0.2,True,100,5,32,True
1.8629789,5.20349,0.43680835,2.69948,1.380311,1.2763298,0.0,0.21852496,0.0,0.5401251,1.4034475,0.14636667,0.0,0.0,0.0,0.0,2022-12-27,16,0.2,True,100,5,32,True
1.8415111,5.1614,0.41806573,2.68896,1.3682336,1.2406358,0.0,0.20799272,0.0,0.55014044,1.4233676,0.13640335,0.0,0.0,0.0,0.0,2022-12-28,16,0.2,True,100,5,32,True
1.8123635,5.114931,0.39555237,2.673436,1.3538045,1.2074603,0.0,0.19510762,0.0,0.55541855,1.4418017,0.12698625,0.0,0.0,0.0,0.0,2022-12-29,16,0.2,True,100,5,32,True
1.7867293,5.0758867,0.3760293,2.6575906,1.3414377,1.1829716,0.0,0.18526165,0.0,0.55646735,1.4539081,0.12175131,0.0,0.0,0.0,0.0,2023-01-02,16,0.2,True,100,5,32,True
1.7477187,5.0372906,0.3700019,2.6293514,1.3244212,1.185437,0.0,0.18056862,0.0,0.54418373,1.445728,0.11970946,0.0,0.0,0.0,0.0,2023-01-03,16,0.2,True,100,5,32,True
1.6969029,4.9914804,0.36824542,2.5922937,1.3069166,1.1984309,0.0,0.17555946,0.0,0.5221807,1.4267914,0.1217425,0.0,0.0,0.0,0.0,2023-01-04,16,0.2,True,100,5,32,True
1.64917,4.953267,0.38061318,2.553681,1.2939234,1.2291617,0.0,0.17792882,0.0,0.49695292,1.394545,0.12965564,0.0,0.0,0.0,0.0,2023-01-05,16,0.2,True,100,5,32,True
1.5941173,4.913158,0.39940158,2.5124068,1.2816281,1.2713804,0.0,0.18122672,0.0,0.46804798,1.3563088,0.13841131,0.0,0.0,0.0,0.0,2023-01-06,16,0.2,True,100,5,32,True
1.5487587,4.880824,0.41337875,2.479678,1.2770185,1.3078651,0.0,0.1829727,0.0,0.44293192,1.3245727,0.1474559,0.0,0.0,0.0,0.0,2023-01-09,16,0.2,True,100,5,32,True
1.5038475,4.848357,0.43360782,2.4487486,1.27567,1.3491607,0.0,0.18558565,0.0,0.41973752,1.29282,0.15802155,0.0,0.0,0.0,0.0,2023-01-10,16,0.2,True,100,5,32,True
1.4641906,4.810575,0.4559439,2.4200435,1.2831823,1.3807546,0.0,0.18835229,0.0,0.39869183,1.2620741,0.17325984,0.0,0.0,0.011306401,0.0,2023-01-11,16,0.2,True,100,5,32,True
1.43047,4.778729,0.4745006,2.3974578,1.2945758,1.4075167,0.0,0.18860258,0.0,0.3808972,1.2385433,0.18735993,0.0,0.0,0.034333397,0.0,2023-01-12,16,0.2,True,100,5,32,True
1.3979992,4.7457232,0.48570034,2.377118,1.3019366,1.4297884,0.0,0.18587568,0.0,0.36501038,1.2214332,0.19693962,0.0,0.0074123815,0.05953611,0.0,2023-01-13,16,0.2,True,100,5,32,True
1.3780404,4.721571,0.4976875,2.362042,1.3087307,1.4529943,0.0,0.18673278,0.0,0.35147327,1.2036358,0.2048734,0.0,0.010727163,0.07051034,0.0,2023-01-16,16,0.2,True,100,5,32,True
1.3653319,4.714682,0.52371335,2.3524888,1.3149467,1.4898133,0.0,0.19287902,0.0,0.3425558,1.1815891,0.21069174,0.0,0.00753738,0.069110945,0.0,2023-01-17,16,0.2,True,100,5,32,True
1.3572323,4.71176,0.5536786,2.3450747,1.3240118,1.5263798,0.0,0.20122552,0.0,0.3346811,1.1568438,0.21823797,0.0,0.00063835084,0.06575727,0.0,2023-01-18,16,0.2,True,100,5,32,True
1.3530544,4.7125793,0.57488006,2.3415112,1.3304495,1.5569043,0.0,0.20681144,0.0,0.32805917,1.1376214,0.2215207,0.0,0.0,0.061588053,0.0,2023-01-19,16,0.2,True,100,5,32,True
1.3533049,4.718561,0.59553754,2.3375905,1.3308874,1.5899057,0.0,0.21724962,0.0,0.32334766,1.1159554,0.2228936,0.0,0.0,0.053754114,0.0,2023-01-20,16,0.2,True,100,5,32,True
1.3431929,4.7041254,0.60547525,2.323403,1.320147,1.6120728,0.0,0.22588666,0.0,0.3148137,1.0928202,0.22144586,0.0,0.0,0.056454744,0.0,2023-01-25,16,0.2,True,100,5,32,True
1.3484652,4.722796,0.62430346,2.3260565,1.3180755,1.6468207,0.0,0.23489186,0.0,0.31452954,1.0795795,0.21725985,0.0,0.0,0.041258566,0.0,2023-01-26,16,0.2,True,100,5,32,True
1.3475842,4.729933,0.64687395,2.3251188,1.3188384,1.6735449,0.0,0.24205671,0.0,0.3164002,1.0677371,0.214798,0.0,0.0,0.032389216,0.0,2023-01-27,16,0.2,True,100,5,32,True
1.3512956,4.745031,0.6683933,2.3330934,1.3239585,1.6982042,0.0,0.2441375,0.0,0.32286194,1.0663798,0.20892604,0.0,0.0,0.01927393,0.0,2023-01-30,16,0.2,True,100,5,32,True
1.3587056,4.7675834,0.69103175,2.3445296,1.328491,1.7262851,0.0,0.24625456,0.0,0.33183688,1.0671036,0.20150326,0.0,0.0,0.0016865358,0.0,2023-01-31,16,0.2,True,100,5,32,True
1.3641798,4.7815313,0.7160368,2.3470848,1.3289385,1.7546257,0.0,0.25201955,0.0,0.33838454,1.0598142,0.19614123,0.0,0.0,0.0,0.0,2023-02-01,16,0.2,True,100,5,32,True
1.3726144,4.8020067,0.73819476,2.3552198,1.3361018,1.781887,0.0,0.2520318,0.0,0.3461119,1.0617807,0.19085747,0.0,0.0,0.0,0.0,2023-02-02,16,0.2,True,100,5,32,True
1.3742112,4.8124723,0.74662757,2.3630426,1.3400552,1.7995511,0.0,0.24331069,0.0,0.35180473,1.0735366,0.18134822,0.0,0.0,0.0,0.0,2023-02-03,16,0.2,True,100,5,32,True
1.3832382,4.838298,0.74987876,2.3850336,1.3564025,1.8088983,0.0,0.22500907,0.0,0.36252382,1.1045227,0.17042582,0.0,0.0,0.0,0.0,2023-02-06,16,0.2,True,100,5,32,True
1.3914521,4.8699408,0.75801045,2.40626,1.3714577,1.8272302,0.0,0.2091837,0.0,0.37219295,1.1325032,0.16020593,0.0,0.0,0.0,0.0,2023-02-07,16,0.2,True,100,5,32,True
1.4054036,4.919875,0.766553,2.434355,1.3886045,1.8532816,0.0,0.19169821,0.0,0.38256374,1.1651002,0.1478781,0.0,0.0,0.0,0.0,2023-02-08,16,0.2,True,100,5,32,True
1.4115553,4.956217,0.76748955,2.4584684,1.4026513,1.8659489,0.0,0.16854349,0.0,0.39255774,1.2031026,0.13342585,0.0,0.0,0.0,0.0,2023-02-09,16,0.2,True,100,5,32,True
1.4117426,4.9811087,0.7606229,2.4801595,1.4138682,1.8686863,0.0,0.14160667,0.0,0.40226522,1.2453877,0.11757366,0.0,0.0,0.0,0.0,2023-02-10,16,0.2,True,100,5,32,True
1.4150522,5.0235186,0.75383985,2.5146286,1.4309914,1.8775415,0.0,0.11008473,0.0,0.41523597,1.2985674,0.0988154,0.0,0.0,0.0,0.0,2023-02-13,16,0.2,True,100,5,32,True
1.4212254,5.0605526,0.7452606,2.5428586,1.4427187,1.877533,0.0,0.08277725,0.0,0.42822075,1.3459241,0.08135022,0.0,0.0,0.0,0.0,2023-02-14,16,0.2,True,100,5,32,True
1.4215491,5.0864124,0.7381119,2.5625217,1.4491438,1.876726,0.0,0.058222122,0.0,0.43863854,1.3862422,0.06511906,0.0,0.0,0.0,0.0,2023-02-15,16,0.2,True,100,5,32,True
1.415755,5.1024966,0.73331934,2.5713167,1.4554965,1.8724753,0.0,0.035648726,0.0,0.44413704,1.4176778,0.054736383,0.0,0.0,0.0,0.0,2023-02-16,16,0.2,True,100,5,32,True
1.4077678,5.1205697,0.7287479,2.579067,1.4620359,1.8743439,0.0,0.011665771,0.0,0.44777632,1.4492115,0.043662596,0.0,0.0,0.0,0.0,2023-02-17,16,0.2,True,100,5,32,True
1.3949765,5.1339855,0.71727383,2.587122,1.4691182,1.8728786,0.0,0.0,0.0,0.44951022,1.4840024,0.032497678,0.0,0.0,0.0,0.0,2023-02-20,16,0.2,True,100,5,32,True
1.39015,5.1519732,0.7078298,2.600811,1.4873464,1.8669548,0.0,0.0,0.0,0.4526356,1.5210396,0.026949987,0.0,0.0,0.0,0.0,2023-02-21,16,0.2,True,100,5,32,True
1.38889,5.1750817,0.704287,2.6164832,1.5078124,1.8691651,0.0,0.0,0.0,0.45627028,1.5544494,0.022971513,0.0,0.0,0.0,0.0,2023-02-22,16,0.2,True,100,5,32,True
1.3831125,5.1964245,0.68778896,2.6360908,1.5259213,1.8637022,0.0,0.0,0.0,0.45888805,1.5955861,0.015653355,0.0,0.0,0.0,0.0,2023-02-23,16,0.2,True,100,5,32,True
1.380958,5.211085,0.6784712,2.6498783,1.5463862,1.8582294,0.0,0.0,0.0,0.4603644,1.6275004,0.015135884,0.0,0.0,0.0,0.0,2023-02-24,16,0.2,True,100,5,32,True
1.3764967,5.231266,0.6684593,2.6663578,1.5638608,1.8580462,0.0,0.0,0.0,0.46151754,1.660603,0.011295855,0.0,0.0,0.0,0.0,2023-02-27,16,0.2,True,100,5,32,True
1.3775289,5.260483,0.6636578,2.6882217,1.5883213,1.8599187,0.0,0.0,0.0,0.4647354,1.6947522,0.009572789,0.0,0.0,0.0,0.0,2023-02-28,16,0.2,True,100,5,32,True
1.3762658,5.2859263,0.6555331,2.7086263,1.6102141,1.8570913,0.0,0.0,0.0,0.46847162,1.729051,0.006957546,0.0,0.0,0.0,0.0,2023-03-02,16,0.2,True,100,5,32,True
1.3742347,5.307971,0.6426851,2.7306433,1.6341906,1.8434076,0.0,0.0,0.0,0.4746888,1.769675,0.0054677576,0.0,0.0,0.0,0.0,2023-03-03,16,0.2,True,100,5,32,True
1.3707489,5.328107,0.6191849,2.7556221,1.6549287,1.8221216,0.0,0.0,0.0,0.48152286,1.8174005,0.00027728826,0.0,0.0,0.0,0.0,2023-03-06,16,0.2,True,100,5,32,True
1.371571,5.3570113,0.5993931,2.7845318,1.6767119,1.8071117,0.0,0.0,0.0,0.490079,1.8669537,0.0,0.0,0.0,0.0,0.0,2023-03-07,16,0.2,True,100,5,32,True
1.3718977,5.388963,0.5821659,2.813546,1.6981312,1.7917868,0.0,0.0,0.0,0.5007791,1.9175215,0.0,0.0,0.0,0.0,0.0,2023-03-08,16,0.2,True,100,5,32,True
1.3765767,5.4264517,0.55995965,2.8465812,1.7193909,1.7750107,0.0,0.0,0.0,0.51142186,1.9695272,0.0,0.0,0.0,0.0,0.0,2023-03-09,16,0.2,True,100,5,32,True
1.3779622,5.4495783,0.5371966,2.8723197,1.7388524,1.74876,0.0,0.0,0.0,0.52026945,2.0156903,0.0,0.0,0.0,0.0,0.0,2023-03-10,16,0.2,True,100,5,32,True
1.3783969,5.469811,0.51293623,2.895729,1.7560287,1.7214546,0.0,0.0,0.0,0.52750295,2.058182,0.0,0.0,0.0,0.0,0.0,2023-03-13,16,0.2,True,100,5,32,True
1.3815973,5.4973454,0.49233618,2.9225378,1.7760011,1.6987479,0.0,0.0,0.0,0.53612643,2.1015825,0.0,0.0,0.0,0.0,0.0,2023-03-14,16,0.2,True,100,5,32,True
1.3841462,5.5219283,0.4698537,2.9446092,1.7925057,1.673108,0.0,0.0,0.0,0.5428529,2.1405592,0.0,0.0,0.009494461,0.0,0.0,2023-03-15,16,0.2,True,100,5,32,True
1.3872099,5.5470796,0.45433444,2.9647248,1.814365,1.6474595,0.0,0.0,0.0,0.5503016,2.1761165,0.0,0.0,0.024692949,0.0,0.0,2023-03-16,16,0.2,True,100,5,32,True
1.3807337,5.5642486,0.43008718,2.9832344,1.8247759,1.6268666,0.0,0.0,0.0,0.5537731,2.2118144,0.0,0.0,0.04881506,0.0,0.0,2023-03-17,16,0.2,True,100,5,32,True
1.3797646,5.588008,0.41744065,3.0004594,1.839079,1.6157668,0.0,0.0,0.0,0.5573729,2.2412071,0.0,0.0,0.063092545,0.0,0.0,2023-03-20,16,0.2,True,100,5,32,True
1.3762938,5.6047935,0.41091082,3.0114393,1.8516989,1.6077956,0.0,0.0,0.0,0.55974245,2.2616882,0.0,0.0,0.07745574,0.0,0.0,2023-03-21,16,0.2,True,100,5,32,True
1.3697848,5.622135,0.40663275,3.0214114,1.8640772,1.5992299,0.0,0.0,0.0,0.56431556,2.283625,0.0,0.0,0.09303518,0.0,0.0,2023-03-22,16,0.2,True,100,5,32,True
1.3639867,5.6401443,0.40744212,3.0304935,1.8772358,1.5970687,0.0,0.0,0.0,0.5691939,2.3021684,0.0,0.0,0.10673924,0.0,0.0,2023-03-23,16,0.2,True,100,5,32,True
1.3566476,5.6616626,0.40270844,3.0469542,1.8905761,1.5990145,0.0,0.0,0.0,0.5751882,2.329253,0.0,0.0,0.12518269,0.0,0.0,2023-03-24,16,0.2,True,100,5,32,True
1.3491445,5.6833277,0.4030124,3.0609992,1.9028634,1.6071981,0.0,0.0,0.0,0.58038,2.3523338,0.0,0.0,0.141443,0.0,0.0,2023-03-27,16,0.2,True,100,5,32,True
1.3433609,5.701172,0.4107266,3.0690444,1.9159241,1.6192329,0.0,0.0,0.0,0.58401835,2.365445,0.0,0.0,0.15255885,0.0,0.0,2023-03-28,16,0.2,True,100,5,32,True
1.3389606,5.7247686,0.41870892,3.0832822,1.9348758,1.6313311,0.0,0.0,0.0,0.5917147,2.385891,0.0,0.0,0.1654426,0.0,0.0,2023-03-29,16,0.2,True,100,5,32,True
1.3343289,5.7446327,0.42446804,3.096496,1.9523399,1.6404778,0.0,0.0,0.0,0.5997286,2.4066837,0.0,0.0,0.17845947,0.0,0.0,2023-03-30,16,0.2,True,100,5,32,True
1.3261608,5.7525325,0.43163922,3.1035511,1.9671546,1.6469123,0.0,0.0,0.0,0.6059959,2.4223254,0.0,0.0,0.19103989,0.0,0.0,2023-03-31,16,0.2,True,100,5,32,True
1.3211282,5.760901,0.43976194,3.1134865,1.9846387,1.653796,0.0,0.0,0.0,0.61333543,2.4394503,0.0,0.0,0.20067206,0.0,0.0,2023-04-03,16,0.2,True,100,5,32,True
1.3198556,5.768799,0.44484904,3.1282887,2.0045516,1.6573348,0.0,0.0,0.0,0.62301624,2.4624798,0.0,0.0,0.20786256,0.0,0.0,2023-04-04,16,0.2,True,100,5,32,True
1.3168949,5.763921,0.44978645,3.1393511,2.0194585,1.6557453,0.0,0.0,0.0,0.63364375,2.4827437,0.0012646541,0.0,0.2161541,0.0,0.0,2023-04-05,16,0.2,True,100,5,32,True
1.3152167,5.7624855,0.45906132,3.152322,2.0354419,1.6564158,0.0,0.0,0.0,0.645828,2.5035408,0.003127791,0.0,0.2230082,0.0,0.0,2023-04-06,16,0.2,True,100,5,32,True
1.3197091,5.765953,0.46837097,3.1641273,2.0491087,1.6594608,0.0,0.0,0.0,0.6552039,2.517959,0.0057204887,0.0,0.22274281,0.0,0.0,2023-04-07,16,0.2,True,100,5,32,True
1.3160323,5.757267,0.473518,3.173258,2.0557394,1.657149,0.0,0.0,0.0,0.66616285,2.534713,0.0036293827,0.0,0.23305564,0.0,0.0,2023-04-10,16,0.2,True,100,5,32,True
1.3140428,5.75829,0.47925633,3.1862926,2.0636132,1.6603484,0.0,0.0,0.0,0.67637926,2.5540907,0.0003577955,0.0,0.24063504,0.0,0.0,2023-04-11,16,0.2,True,100,5,32,True
1.3079057,5.7480826,0.49090675,3.1903322,2.0678947,1.6659378,0.0,0.0,0.0,0.6841277,2.5646577,0.0,0.0,0.24619602,0.0,0.0,2023-04-12,16,0.2,True,100,5,32,True
1.3044664,5.7447224,0.48851883,3.2073982,2.0737555,1.6632936,0.0,0.0,0.0,0.6959551,2.5924985,0.0,0.0,0.25572628,0.0,0.0,2023-04-13,16,0.2,True,100,5,32,True
1.3055089,5.7406673,0.49548405,3.2189105,2.0805974,1.6630769,0.0,0.0,0.0,0.7073076,2.6118543,0.0,0.0,0.25515705,0.0,0.0,2023-04-14,16,0.2,True,100,5,32,True
1.3075235,5.7406626,0.5054312,3.2302077,2.0860214,1.6671731,0.0,0.0,0.0,0.7175636,2.6282861,0.0,0.0,0.25072703,0.0,0.0,2023-04-17,16,0.2,True,100,5,32,True
1.3074155,5.738117,0.52066517,3.2381551,2.0915608,1.6717695,0.0,0.0,0.0,0.7284446,2.641247,0.0,0.0,0.2461449,0.0,0.0,2023-04-18,16,0.2,True,100,5,32,True
1.3104408,5.7432394,0.53576607,3.2498035,2.1009529,1.6757163,0.0,0.0,0.0,0.7410113,2.6572127,0.0,0.0,0.24092183,0.0,0.0,2023-04-19,16,0.2,True,100,5,32,True
1.3170543,5.744947,0.5515696,3.2579827,2.10942,1.6756938,0.0,0.0,0.0,0.7528639,2.6682181,0.0,0.0,0.22851297,0.0,0.0,2023-04-20,16,0.2,True,100,5,32,True
1.3236858,5.7448535,0.5638508,3.2679725,2.116773,1.6695106,0.0,0.0,0.0,0.76722497,2.6822348,0.0,0.0,0.21955892,0.0,0.0,2023-04-21,16,0.2,True,100,5,32,True
1.3320006,5.744327,0.57053053,3.2776208,2.1211278,1.6583395,0.0,0.0,0.0,0.7799398,2.6959105,0.0,0.0,0.20945811,0.0,0.0,2023-04-24,16,0.2,True,100,5,32,True
1.3395164,5.742089,0.57759386,3.2845676,2.124312,1.6487308,0.0,0.0,0.0,0.7904646,2.7064335,0.0,0.0,0.19986306,0.0,0.0,2023-04-25,16,0.2,True,100,5,32,True
1.3497324,5.7448707,0.58091575,3.2928588,2.129045,1.6349444,0.0,0.0,0.0,0.80049676,2.7191195,0.0,0.0,0.18877639,0.0,0.0,2023-04-26,16,0.2,True,100,5,32,True
1.357263,5.7421346,0.5813007,3.298748,2.1307397,1.618695,0.0,0.0,0.0,0.8089466,2.7300134,0.0,0.0,0.18210839,0.0,0.0,2023-04-27,16,0.2,True,100,5,32,True
1.3717059,5.7549562,0.57975936,3.3104296,2.1381297,1.6060742,0.0,0.0,0.0,0.8150581,2.7441392,0.0,0.0,0.16680965,0.0,0.0,2023-04-28,16,0.2,True,100,5,32,True
1.3813335,5.757454,0.5763532,3.3204193,2.1473334,1.5831354,0.0,0.0,0.0,0.823782,2.7621214,0.0,0.0,0.15826063,0.0,0.0,2023-05-02,16,0.2,True,100,5,32,True
1.3940187,5.7657795,0.57507426,3.3353908,2.1634774,1.5575716,0.0,0.0,0.0,0.83568543,2.7857857,0.0,0.0,0.14647757,0.0,0.0,2023-05-03,16,0.2,True,100,5,32,True
1.4078962,5.7830453,0.5726328,3.3566031,2.1836681,1.5330595,0.0,0.0,0.0,0.84866124,2.8154514,0.0,0.0,0.13524751,0.0,0.0,2023-05-04,16,0.2,True,100,5,32,True
1.4222044,5.7981806,0.56632936,3.3789766,2.2044892,1.502117,0.0,0.0,0.0,0.86242175,2.8475168,0.0,0.0,0.12610453,0.0,0.0,2023-05-08,16,0.2,True,100,5,32,True
1.4397858,5.81676,0.5623463,3.4002624,2.2230902,1.475874,0.0,0.0,0.0,0.8734059,2.874174,0.0,0.0,0.11039139,0.0,0.0,2023-05-09,16,0.2,True,100,5,32,True
1.4521034,5.830847,0.55752265,3.4202619,2.242244,1.4437848,0.0,0.0,0.0,0.8850582,2.9037793,0.0,0.0,0.09912546,0.0,0.0,2023-05-10,16,0.2,True,100,5,32,True
1.4604999,5.838812,0.5492425,3.438935,2.2581916,1.4067494,0.0,0.0,0.0,0.89724904,2.935109,0.0,0.0,0.093391374,0.0,0.0,2023-05-11,16,0.2,True,100,5,32,True
1.4719145,5.852626,0.5434203,3.456682,2.2739158,1.3762254,0.0,0.0,0.0,0.9069604,2.961031,0.0,0.0,0.08401974,0.0,0.0,2023-05-12,16,0.2,True,100,5,32,True
1.4838445,5.8721395,0.53355825,3.4770784,2.290193,1.3444417,0.0,0.0,0.0,0.9167791,2.9906437,0.0,0.0,0.07648483,0.0,0.0,2023-05-15,16,0.2,True,100,5,32,True
1.4960276,5.886109,0.5266669,3.4929745,2.307856,1.3073765,0.0,0.0,0.0,0.9266275,3.0164444,0.0,0.0,0.06703312,0.0,0.0,2023-05-16,16,0.2,True,100,5,32,True
1.5101098,5.904138,0.51745254,3.511616,2.3300238,1.2675638,0.0,0.0,0.0,0.9371493,3.0458486,0.0,0.0,0.057401966,0.0,0.0,2023-05-17,16,0.2,True,100,5,32,True
1.5230762,5.9266033,0.50866634,3.5307355,2.3503575,1.2337002,0.0,0.0,0.0,0.9468205,3.07551,0.0,0.0,0.047526106,0.0,0.0,2023-05-18,16,0.2,True,100,5,32,True
1.5319692,5.9522552,0.5035748,3.5520585,2.3726633,1.2085582,0.0,0.0,0.0,0.95699656,3.1090145,0.0,0.0,0.044742472,0.0,0.0,2023-05-19,16,0.2,True,100,5,32,True
1.5389615,5.973363,0.5075816,3.5696223,2.395425,1.1906549,0.0,0.0,0.0,0.9666937,3.1367712,0.0,0.0,0.04221348,0.0,0.0,2023-05-22,16,0.2,True,100,5,32,True
1.5431043,5.996787,0.5201664,3.585085,2.4177213,1.1841816,0.0,0.0,0.0,0.9762335,3.1602354,0.0,0.0,0.03906363,0.0,0.0,2023-05-23,16,0.2,True,100,5,32,True
1.5467117,6.0235004,0.53413135,3.6021557,2.440355,1.1852673,0.0,0.0,0.0,0.98599607,3.1818302,0.0,0.0,0.03578339,0.0,0.0,2023-05-24,16,0.2,True,100,5,32,True
1.5484952,6.0460024,0.54673666,3.6185176,2.462761,1.1841884,0.0,0.0,0.0,0.99596345,3.2028751,0.0,0.0,0.034148015,0.0,0.0,2023-05-25,16,0.2,True,100,5,32,True
1.5447515,6.066094,0.55047464,3.6389506,2.4848876,1.176585,0.0,0.0,0.0,1.0081079,3.2343569,0.0,0.0,0.04422192,0.0,0.0,2023-05-26,16,0.2,True,100,5,32,True
1.5501409,6.1069503,0.556169,3.6661365,2.5056665,1.1867138,0.0,0.0,0.0,1.0197092,3.2651854,0.0,0.0,0.045982473,0.0,0.0,2023-05-30,16,0.2,True,100,5,32,True
1.5455289,6.130439,0.57123536,3.6816204,2.5282009,1.1892797,0.0,0.0,0.0,1.0309516,3.290564,0.0,0.0,0.052268915,0.0,0.0,2023-05-31,16,0.2,True,100,5,32,True
1.5458324,6.1635275,0.587544,3.7002766,2.5536282,1.1945173,0.0,0.0,0.0,1.0431757,3.3154218,0.0,0.0,0.054351434,0.0,0.0,2023-06-01,16,0.2,True,100,5,32,True
1.5428517,6.1924515,0.59809196,3.7198792,2.5752134,1.1928008,0.0,0.0,0.0,1.0567188,3.3432448,0.0,0.0,0.061968867,0.0,0.0,2023-06-02,16,0.2,True,100,5,32,True
1.5412737,6.224781,0.61323047,3.7409244,2.598238,1.1957293,0.0,0.0,0.0,1.0713291,3.370288,0.0,0.0,0.06537424,0.0,0.0,2023-06-05,16,0.2,True,100,5,32,True
1.5383333,6.2551446,0.630948,3.761858,2.6221106,1.1980603,0.0,0.0,0.0,1.0871742,3.397604,0.0,0.0,0.06832418,0.0,0.0,2023-06-07,16,0.2,True,100,5,32,True
1.5411632,6.2938256,0.65994394,3.781217,2.652225,1.2070047,0.0,0.0,0.0,1.1032648,3.4186928,0.0,0.0,0.061054513,0.0,0.0,2023-06-08,16,0.2,True,100,5,32,True
1.5474321,6.3322763,0.68770427,3.800014,2.6845195,1.212124,0.0,0.0,0.0,1.1191043,3.4373128,0.0,0.0,0.049419537,0.0,0.0,2023-06-09,16,0.2,True,100,5,32,True
1.5476469,6.357258,0.7063414,3.816541,2.7088666,1.2093445,0.0,0.0,0.0,1.1350547,3.4590132,0.0,0.0,0.04611099,0.0,0.0,2023-06-12,16,0.2,True,100,5,32,True
1.5503354,6.379892,0.72610104,3.8309999,2.733933,1.2064935,0.0,0.0,0.0,1.1493863,3.4778757,0.0,0.0,0.038115166,0.0,0.0,2023-06-13,16,0.2,True,100,5,32,True
1.5538145,6.4047194,0.7519017,3.8428526,2.7614112,1.2072464,0.0,0.0,0.0,1.1621398,3.4925735,0.0,0.0,0.026634282,0.0,0.0,2023-06-14,16,0.2,True,100,5,32,True
1.5608588,6.4275293,0.77057284,3.8567247,2.7904088,1.1994333,0.0,0.0,0.0,1.1755403,3.5093534,0.0,0.0,0.014221789,0.0,0.0,2023-06-15,16,0.2,True,100,5,32,True
1.5647743,6.4503117,0.78383297,3.8730614,2.8169343,1.1913625,0.0,0.0,0.0,1.1893274,3.5321524,0.0,0.0,0.0076526925,0.0,0.0,2023-06-16,16,0.2,True,100,5,32,True
1.5631713,6.472076,0.79770905,3.8862774,2.8366103,1.1926717,0.0,0.0,0.0,1.1995876,3.551984,0.0,0.0,0.0044862516,0.0,0.0,2023-06-19,16,0.2,True,100,5,32,True
1.5645195,6.4958153,0.8125265,3.8991022,2.8571854,1.1958339,0.0,0.0,0.0,1.2084112,3.5693514,0.0,0.0,0.0,0.0,0.0,2023-06-20,16,0.2,True,100,5,32,True
1.5693327,6.5248384,0.83272207,3.911133,2.8792167,1.2030529,0.0,0.0,0.0,1.2180313,3.583666,0.0,0.0,0.0,0.0,0.0,2023-06-21,16,0.2,True,100,5,32,True
1.5741746,6.556295,0.8504017,3.9248586,2.9033418,1.2082878,0.0,0.0,0.0,1.227478,3.600385,0.0,0.0,0.0,0.0,0.0,2023-06-22,16,0.2,True,100,5,32,True
1.5807514,6.588604,0.8664864,3.939182,2.9278746,1.2119524,0.0,0.0,0.0,1.237102,3.6175122,0.0,0.0,0.0,0.0,0.0,2023-06-23,16,0.2,True,100,5,32,True
1.5912602,6.6274137,0.8793917,3.955384,2.9521031,1.2156547,0.0,0.0,0.0,1.2471554,3.6359553,0.0,0.0,0.0,0.0,0.0,2023-06-26,16,0.2,True,100,5,32,True
1.5989505,6.661192,0.8906348,3.9693031,2.9719195,1.2179738,0.0,0.0,0.0,1.2573986,3.65337,0.0,0.0,0.0,0.0,0.0,2023-06-27,16,0.2,True,100,5,32,True
1.6100686,6.7006173,0.9078134,3.9819815,2.9943259,1.2267498,0.0,0.0,0.0,1.2655886,3.6655567,0.0,0.0,0.0,0.0,0.0,2023-06-28,16,0.2,True,100,5,32,True
1.6171373,6.7313886,0.91442287,3.9966197,3.0128005,1.2251619,0.0,0.0,0.0,1.2755262,3.6838527,0.0,0.0,0.0,0.0,0.0,2023-06-29,16,0.2,True,100,5,32,True
1.624159,6.7610135,0.91702753,4.009527,3.0260189,1.227976,0.0,0.0,0.0,1.2815629,3.6983285,0.0,0.0,0.0,0.0,0.0,2023-06-30,16,0.2,True,100,5,32,True
1.6301349,6.7921486,0.9231424,4.021153,3.0389013,1.2357842,0.0,0.0,0.0,1.2859774,3.7100363,0.0,0.0,0.0,0.0,0.0,2023-07-03,16,0.2,True,100,5,32,True
1.6370997,6.8259673,0.9342058,4.0344367,3.0564785,1.2452235,0.0,0.0,0.0,1.2915845,3.7229218,0.0,0.0,0.0,0.0,0.0,2023-07-04,16,0.2,True,100,5,32,True
1.6373341,6.855603,0.94287664,4.0493174,3.0739467,1.2537957,0.0,0.0,0.0,1.298319,3.7414672,0.0,0.0,0.0,0.0,0.0,2023-07-05,16,0.2,True,100,5,32,True
1.6386966,6.8876767,0.95251256,4.064165,3.0959969,1.263257,0.0,0.0,0.0,1.3043094,3.7602751,0.0,0.0,0.0,0.0,0.0,2023-07-06,16,0.2,True,100,5,32,True
1.6424066,6.920807,0.95511705,4.082078,3.1193976,1.2697033,0.0,0.0,0.0,1.3098546,3.7828736,0.0,0.0,0.0,0.0,0.0,2023-07-07,16,0.2,True,100,5,32,True
1.6466432,6.956362,0.956614,4.0994987,3.1425002,1.2791917,0.0,0.0,0.0,1.3135132,3.8049254,0.0,0.0,0.0,0.0,0.0,2023-07-10,16,0.2,True,100,5,32,True
1.6533506,6.9965086,0.95636535,4.117138,3.1640427,1.2931209,0.0,0.0,0.0,1.3132291,3.8237967,0.0,0.0,0.0,0.0,0.0,2023-07-11,16,0.2,True,100,5,32,True
1.6569114,7.030136,0.95742065,4.132518,3.1845553,1.3060101,0.0,0.0,0.0,1.3121359,3.8411667,0.0,0.0,0.0,0.0,0.0,2023-07-12,16,0.2,True,100,5,32,True
1.6545993,7.050152,0.95699733,4.1452274,3.2047622,1.3089998,0.0,0.0,0.0,1.3141848,3.8612936,0.0,0.0,0.0,0.0,0.0,2023-07-13,16,0.2,True,100,5,32,True
1.654417,7.0750384,0.95777744,4.158521,3.224618,1.3168252,0.0,0.0,0.0,1.3148816,3.8793876,0.0,0.0,0.0,0.0,0.0,2023-07-14,16,0.2,True,100,5,32,True
1.655724,7.1077795,0.9606096,4.173892,3.2484741,1.3322301,0.0,0.0,0.0,1.3118505,3.8972764,0.0,0.0,0.0,0.0,0.0,2023-07-17,16,0.2,True,100,5,32,True
1.6579602,7.134117,0.9639557,4.1895814,3.2779603,1.3380097,0.0,0.0,0.0,1.3129094,3.9173179,0.0,0.0,0.0,0.0,0.0,2023-07-18,16,0.2,True,100,5,32,True
1.659603,7.1621504,0.9720575,4.204849,3.3097432,1.3469937,0.0,0.0,0.0,1.3141702,3.936281,0.0,0.0,0.0,0.0,0.0,2023-07-19,16,0.2,True,100,5,32,True
1.6540135,7.1838465,0.98365957,4.2169724,3.340327,1.3546777,0.0,0.0,0.0,1.3167851,3.9558828,0.0,0.0,0.0,0.0,0.0,2023-07-20,16,0.2,True,100,5,32,True
1.6486455,7.207787,0.99296296,4.228723,3.3664463,1.367229,0.0,0.0,0.0,1.3166832,3.9721525,0.0,0.0,0.0,0.0,0.0,2023-07-21,16,0.2,True,100,5,32,True
1.6466469,7.241405,1.0005561,4.246218,3.3944185,1.3851682,0.0,0.0,0.0,1.3147194,3.9901757,0.0,0.0,0.0,0.0,0.0,2023-07-24,16,0.2,True,100,5,32,True
1.6413529,7.264038,1.0074136,4.2629037,3.4210944,1.396702,0.0,0.0,0.0,1.3173491,4.011482,0.0,0.0,0.0,0.0,0.0,2023-07-25,16,0.2,True,100,5,32,True
1.6333354,7.284369,1.0211476,4.2781787,3.4508278,1.4075568,0.0,0.0,0.0,1.3224808,4.033894,0.0,0.0,0.0,0.0,0.0,2023-07-26,16,0.2,True,100,5,32,True
1.630376,7.306584,1.0270245,4.2941933,3.4760885,1.4175701,0.0,0.0,0.0,1.3259207,4.0530124,0.0,0.0,0.0,0.0,0.0,2023-07-27,16,0.2,True,100,5,32,True
1.6345553,7.331244,1.030045,4.312846,3.5034685,1.4189026,0.0,0.0,0.0,1.3306433,4.0728765,0.0,0.0,0.0,0.0,0.0,2023-07-28,16,0.2,True,100,5,32,True
1.6396073,7.359013,1.034691,4.334514,3.5334241,1.4162306,0.0,0.0,0.0,1.338223,4.0975337,0.0,0.0,0.0,0.0,0.0,2023-07-31,16,0.2,True,100,5,32,True
1.6430064,7.3795633,1.0388004,4.3534727,3.558563,1.4123853,0.0,0.0,0.0,1.3468195,4.1206307,0.0,0.0,0.0,0.0,0.0,2023-08-01,16,0.2,True,100,5,32,True
1.6556644,7.3991265,1.031475,4.3878016,3.6013572,1.3875402,0.0,0.0,0.0,1.366507,4.167993,0.0,0.0,0.0,0.0,0.0,2023-08-02,16,0.2,True,100,5,32,True
1.6779355,7.421255,1.0190514,4.42883,3.6512427,1.355297,0.0,0.0,0.0,1.3873407,4.221868,0.0,0.0,0.0,0.0,0.0,2023-08-03,16,0.2,True,100,5,32,True
1.7023906,7.4435883,1.008143,4.470155,3.70148,1.3210523,0.0,0.0,0.0,1.4077749,4.2766953,0.0,0.0,0.0,0.0,0.0,2023-08-04,16,0.2,True,100,5,32,True
1.7280239,7.4692817,0.9965825,4.513051,3.751073,1.2861428,0.0,0.0,0.0,1.427734,4.3329883,0.0,0.0,0.0,0.0,0.0,2023-08-07,16,0.2,True,100,5,32,True
1.7541326,7.4958596,0.9884783,4.5547686,3.7994356,1.2502958,0.0,0.0,0.0,1.4470639,4.3873982,0.0,0.0,0.0,0.0,0.0,2023-08-08,16,0.2,True,100,5,32,True
1.7789491,7.5139694,0.9730724,4.596685,3.843215,1.2056055,0.0,0.0,0.0,1.4692463,4.445887,0.0,0.0,0.0,0.0,0.0,2023-08-09,16,0.2,True,100,5,32,True
1.8098683,7.5437374,0.9666093,4.638606,3.8885853,1.1730412,0.0,0.0,0.0,1.4874775,4.4983983,0.0,0.0,0.0,0.0,0.0,2023-08-10,16,0.2,True,100,5,32,True
1.8381047,7.5665483,0.9614506,4.676553,3.9294605,1.1361917,0.0,0.0,0.0,1.504872,4.546764,0.0,0.0,0.0,0.0,0.0,2023-08-11,16,0.2,True,100,5,32,True
1.8619324,7.590906,0.9605432,4.7135463,3.9707937,1.1001881,0.0,0.0,0.0,1.5228487,4.595382,0.0,0.0,0.0,0.0,0.0,2023-08-14,16,0.2,True,100,5,32,True
1.8824403,7.6118965,0.95957243,4.747663,4.0079308,1.066084,0.0,0.0,0.0,1.5395325,4.6389637,0.0,0.0,0.0,0.0,0.0,2023-08-16,16,0.2,True,100,5,32,True
1.9042561,7.633943,0.9549465,4.7807837,4.041921,1.0316893,0.0,0.0,0.0,1.5539131,4.678218,0.0,0.0,0.0,0.0,0.0,2023-08-17,16,0.2,True,100,5,32,True
1.9247636,7.6517553,0.95152503,4.81164,4.073784,0.9947309,0.0,0.0,0.0,1.5710441,4.7166495,0.0,0.0,0.0,0.0,0.0,2023-08-18,16,0.2,True,100,5,32,True
1.948735,7.672891,0.9471679,4.8419766,4.1031523,0.96074206,0.0,0.0,0.0,1.5867814,4.751018,0.0,0.0,0.0,0.0,0.0,2023-08-21,16,0.2,True,100,5,32,True
1.9709364,7.691619,0.9437776,4.87112,4.132028,0.9243257,0.0,0.0,0.0,1.6041684,4.784935,0.0,0.0,0.0,0.0,0.0,2023-08-22,16,0.2,True,100,5,32,True
1.9889059,7.7125115,0.9422838,4.897751,4.1577363,0.8958519,0.0,0.0,0.0,1.6195701,4.816255,0.0,0.0,0.0,0.0,0.0,2023-08-23,16,0.2,True,100,5,32,True
2.0063035,7.734551,0.94036347,4.924049,4.1867104,0.86630446,0.0,0.0,0.0,1.6355103,4.848057,0.0,0.0,0.0,0.0,0.0,2023-08-24,16,0.2,True,100,5,32,True
2.0212998,7.757795,0.9351699,4.9507976,4.213778,0.8429192,0.0,0.0,0.0,1.6511142,4.8808193,0.0,0.0,0.0,0.0,0.0,2023-08-25,16,0.2,True,100,5,32,True
2.0367692,7.7816453,0.9241242,4.979986,4.239919,0.820176,0.0,0.0,0.0,1.6674161,4.9167705,0.0,0.0,0.0,0.0,0.0,2023-08-28,16,0.2,True,100,5,32,True
2.049344,7.8026204,0.91816074,5.006872,4.2664576,0.80048597,0.0,0.0,0.0,1.6831685,4.952049,0.0,0.0,0.0,0.0,0.0,2023-08-29,16,0.2,True,100,5,32,True
2.0570636,7.8142867,0.91294634,5.028359,4.2848854,0.7817996,0.0,0.0,0.0,1.6992923,4.982451,0.0,0.0,0.0,0.0,0.0,2023-08-30,16,0.2,True,100,5,32,True
2.0630534,7.8237643,0.911053,5.0486035,4.3069625,0.76046634,0.0,0.0,0.0,1.716334,5.0130315,0.0,0.0,0.013505641,0.0,0.0,2023-08-31,16,0.2,True,100,5,32,True
2.0657077,7.835817,0.91159,5.0671206,4.330239,0.74281895,0.0,0.0,0.0,1.7317083,5.0424953,0.0,0.0,0.02816617,0.0,0.0,2023-09-01,16,0.2,True,100,5,32,True
2.0669308,7.8514233,0.9097947,5.08284,4.3488784,0.7282857,0.0,0.0,0.0,1.74391,5.067594,0.0,0.0,0.042371154,0.0,0.0,2023-09-04,16,0.2,True,100,5,32,True
2.0632036,7.870899,0.9135782,5.0933166,4.3632164,0.7251055,0.0,0.0,0.0,1.7513882,5.087111,0.0,0.0,0.050982855,0.0,0.0,2023-09-05,16,0.2,True,100,5,32,True
2.054212,7.8793674,0.9170658,5.095403,4.370664,0.72214943,0.0,0.0,0.0,1.756125,5.0989065,0.0,0.0,0.06024273,0.0,0.0,2023-09-06,16,0.2,True,100,5,32,True
2.0404367,7.8807497,0.92434806,5.0914497,4.378775,0.7174586,0.0,0.0,0.0,1.7599138,5.1064544,0.0,0.0,0.070273,0.0,0.0,2023-09-07,16,0.2,True,100,5,32,True
2.0303414,7.8860655,0.9280348,5.086929,4.38343,0.71659124,0.0,0.0,0.0,1.7592244,5.106951,0.0,0.0,0.07413164,0.0,0.0,2023-09-08,16,0.2,True,100,5,32,True
2.0202172,7.8938274,0.92945254,5.086069,4.3908257,0.71573937,0.0,0.0,0.0,1.7602274,5.1131134,0.0,0.0,0.08231698,0.0,0.0,2023-09-11,16,0.2,True,100,5,32,True
2.00854,7.8988805,0.9292677,5.0845637,4.398316,0.71325725,0.0,0.0,0.0,1.7587311,5.117475,0.0,0.0,0.09268303,0.0,0.0,2023-09-12,16,0.2,True,100,5,32,True
1.9980279,7.9068437,0.9304136,5.0836296,4.4074316,0.71292967,0.0,0.0,0.0,1.7551771,5.1189647,0.00063540787,0.0,0.10125697,0.0,0.0,2023-09-13,16,0.2,True,100,5,32,True
1.9932518,7.9074807,0.93404096,5.06962,4.3975635,0.72167003,0.0,0.0,0.0,1.7425433,5.090244,0.0070131645,0.0,0.094030544,0.0,0.0,2023-09-14,16,0.2,True,100,5,32,True
1.9873255,7.9049435,0.9368813,5.055614,4.387329,0.72807163,0.0,0.0,0.0,1.7318138,5.0635705,0.0115586165,0.0,0.08786477,0.0,0.0,2023-09-15,16,0.2,True,100,5,32,True
1.9804082,7.9002542,0.93725914,5.0452833,4.382116,0.7290126,0.0,0.0,0.0,1.7236679,5.0440183,0.016365565,0.0,0.08776997,0.0,0.0,2023-09-18,16,0.2,True,100,5,32,True
1.9770738,7.900829,0.94273454,5.0353165,4.3804154,0.7325356,0.0,0.0,0.0,1.7152418,5.0232973,0.024275992,0.0,0.078474745,0.0,0.0,2023-09-19,16,0.2,True,100,5,32,True
1.971885,7.8995304,0.9505057,5.024138,4.3801985,0.73269624,0.0,0.0,0.0,1.7084247,5.0034175,0.03286939,0.0,0.07139498,0.0,0.0,2023-09-20,16,0.2,True,100,5,32,True
1.9749534,7.909319,0.9579408,5.0154147,4.379169,0.7384012,0.0,0.0,0.0,1.6991456,4.97862,0.040515836,0.0,0.052332073,0.0,0.0,2023-09-21,16,0.2,True,100,5,32,True
1.9690319,7.8995757,0.9589041,5.0028343,4.3710666,0.73360074,0.0,0.0,0.0,1.694028,4.95697,0.044253074,0.0,0.05438341,0.0,0.0,2023-09-22,16,0.2,True,100,5,32,True
1.9690804,7.8971453,0.96151716,4.992832,4.3648295,0.7307166,0.0,0.0,0.0,1.6877257,4.933391,0.049566787,0.0,0.049155246,0.0,0.0,2023-09-25,16,0.2,True,100,5,32,True
1.9693484,7.8896694,0.9650894,4.9804263,4.3584914,0.7226299,0.0,0.0,0.0,1.682697,4.909182,0.056385916,0.0,0.045476567,0.0,0.0,2023-09-26,16,0.2,True,100,5,32,True
1.9714576,7.8843174,0.9689395,4.966524,4.3490024,0.7147353,0.0,0.0,0.0,1.6782256,4.88145,0.061448436,0.0,0.03956058,0.0,0.0,2023-09-27,16,0.2,True,100,5,32,True
1.978796,7.8827953,0.96979105,4.9552436,4.3385935,0.70575523,0.0,0.0,0.0,1.6736968,4.8535137,0.06366428,0.0,0.0294224,0.0,0.0,2023-10-04,16,0.2,True,100,5,32,True
1.9958277,7.876419,0.96512616,4.9472647,4.334619,0.6836227,0.0,0.0,0.0,1.6710038,4.8263235,0.07294458,0.0,0.019416615,0.0,0.0,2023-10-05,16,0.2,True,100,5,32,True
2.0178297,7.877058,0.9570953,4.9427514,4.3321447,0.66286886,0.0,0.0,0.0,1.6667174,4.799047,0.08222821,0.0,0.0076631196,0.0,0.0,2023-10-06,16,0.2,True,100,5,32,True
2.042718,7.879211,0.94715,4.9422417,4.334329,0.63941085,0.0,0.0,0.0,1.6628693,4.774776,0.09203108,0.0,0.0,0.0,0.0,2023-10-10,16,0.2,True,100,5,32,True
2.068932,7.879706,0.9302863,4.944252,4.337448,0.6119529,0.0,0.0,0.0,1.6578743,4.754834,0.09946568,0.0,0.0,0.0,0.0,2023-10-11,16,0.2,True,100,5,32,True
2.0952506,7.878278,0.9172608,4.945786,4.341259,0.5877319,0.0,0.0,0.0,1.6534683,4.7370124,0.10529949,0.0,0.0,0.0,0.0,2023-10-12,16,0.2,True,100,5,32,True
2.1225407,7.8871093,0.91135263,4.9493256,4.349079,0.5725122,0.0,0.0,0.0,1.6468146,4.720501,0.11411655,0.0,0.0,0.0,0.0,2023-10-13,16,0.2,True,100,5,32,True
2.1518686,7.905388,0.90777534,4.956734,4.3599253,0.56366336,0.0,0.0,0.0,1.640099,4.7070317,0.12264183,0.0,0.0,0.0,0.0,2023-10-16,16,0.2,True,100,5,32,True
2.1707573,7.9131317,0.90047485,4.963737,4.3675303,0.55037904,0.0,0.0,0.014404384,1.6351329,4.6977477,0.1279105,0.0,0.0,0.0,0.0,2023-10-17,16,0.2,True,100,5,32,True
2.1911187,7.924047,0.89317507,4.9737544,4.376962,0.5387949,0.0,0.0,0.030071724,1.6317575,4.6912646,0.13241419,0.0,0.0,0.0,0.0,2023-10-18,16,0.2,True,100,5,32,True
2.2123568,7.931081,0.88433576,4.9861937,4.3883424,0.5203264,0.0,0.0,0.047092743,1.6327132,4.6891885,0.13601452,0.0,0.0,0.0,0.0,2023-10-19,16,0.2,True,100,5,32,True
2.2336197,7.9400477,0.87466824,4.998544,4.39906,0.50183016,0.0,0.0,0.06027043,1.6334825,4.688318,0.13934772,0.0,0.0,0.0,0.0,2023-10-20,16,0.2,True,100,5,32,True
2.2601967,7.964483,0.86939037,5.015567,4.4184093,0.4868879,0.0,0.0,0.073158726,1.6352743,4.691453,0.1475587,0.0,0.0,0.0,0.0,2023-10-23,16,0.2,True,100,5,32,True
2.2793062,7.9867744,0.8609972,5.0309596,4.43704,0.46889323,0.0,0.0,0.07906335,1.6367072,4.6973457,0.15480547,0.0,0.0,0.0,0.0,2023-10-24,16,0.2,True,100,5,32,True
2.2968683,8.007626,0.8538713,5.045376,4.4538107,0.4536249,0.0,0.0,0.08469254,1.6383967,4.702886,0.1607391,0.0,0.0,0.0,0.0,2023-10-25,16,0.2,True,100,5,32,True
2.30689,8.024751,0.8474999,5.0565343,4.4682326,0.4381805,0.0,0.0,0.08446529,1.6414797,4.711159,0.16503483,0.0,0.0,0.0,0.0,2023-10-26,16,0.2,True,100,5,32,True
2.3225863,8.051719,0.841566,5.0681105,4.482968,0.42892885,0.0,0.0,0.08664505,1.6417449,4.715535,0.17141145,0.0,0.0,0.0,0.0,2023-10-27,16,0.2,True,100,5,32,True
2.3368626,8.082029,0.8328967,5.078679,4.4969196,0.42342854,0.0,0.0,0.086276546,1.6399213,4.7211685,0.17811836,0.0,0.0,0.0,0.0,2023-10-30,16,0.2,True,100,5,32,True
2.3495357,8.109221,0.82292384,5.0875173,4.5117292,0.41615462,0.0,0.0,0.08490662,1.6380297,4.728601,0.186472,0.0,0.0,0.0,0.0,2023-10-31,16,0.2,True,100,5,32,True
2.3593585,8.131801,0.8115311,5.0938187,4.5239644,0.4062355,0.0,0.0,0.082237616,1.6376293,4.7368803,0.19350454,0.0,0.0,0.0,0.0,2023-11-01,16,0.2,True,100,5,32,True
2.3580496,8.151931,0.7976425,5.0975285,4.527525,0.40696976,0.0,0.0,0.07011784,1.635745,4.748561,0.19356057,0.0,0.0,0.0,0.0,2023-11-02,16,0.2,True,100,5,32,True
2.3529358,8.175851,0.78565973,5.1019754,4.531892,0.41700885,0.0,0.0,0.055575058,1.6307666,4.762101,0.19625491,0.0,0.0,0.0,0.0,2023-11-03,16,0.2,True,100,5,32,True
2.3480368,8.203628,0.7693019,5.1124225,4.539537,0.42933244,0.0,0.0,0.043289706,1.6277608,4.784113,0.19554088,0.0,0.0,0.0,0.0,2023-11-06,16,0.2,True,100,5,32,True
2.3348603,8.224418,0.7613638,5.122258,4.5506535,0.44270185,0.0,0.0,0.026729338,1.6297956,4.8132586,0.19527383,0.0,0.016036458,0.0,0.0,2023-11-07,16,0.2,True,100,5,32,True
2.3211226,8.245198,0.75174266,5.1335893,4.564249,0.4531438,0.0,0.0,0.011662666,1.6340479,4.846541,0.19313933,0.0,0.035536155,0.0,0.0,2023-11-08,16,0.2,True,100,5,32,True
2.3088615,8.267823,0.74718153,5.1458573,4.577491,0.46814486,0.0,0.0,0.0,1.6377481,4.8774343,0.19115765,0.0,0.04860913,0.0,0.0,2023-11-09,16,0.2,True,100,5,32,True
2.2952285,8.289169,0.7456873,5.157496,4.5909324,0.48368096,0.0,0.0,0.0,1.6406001,4.906408,0.18975767,0.0,0.059494935,0.0,0.0,2023-11-10,16,0.2,True,100,5,32,True
2.2800572,8.305966,0.74069023,5.1682005,4.6021395,0.49546808,0.0,0.0,0.0,1.6440066,4.936363,0.18532579,0.0,0.075942986,0.0,0.0,2023-11-13,16,0.2,True,100,5,32,True
2.2632883,8.318306,0.7340536,5.1767597,4.609343,0.5055427,0.0,0.0,0.0,1.6483474,4.966196,0.17894566,0.0,0.097436115,0.0,0.0,2023-11-14,16,0.2,True,100,5,32,True
2.2468905,8.328423,0.7319883,5.182824,4.615511,0.5168098,0.0,0.0,0.0,1.6516767,4.9918623,0.17508574,0.0,0.1131884,0.0,0.0,2023-11-15,16,0.2,True,100,5,32,True
2.2349825,8.346777,0.7307851,5.194029,4.625089,0.53307,0.0,0.0,0.0,1.6551343,5.0190034,0.17043512,0.0,0.12284817,0.0,0.0,2023-11-16,16,0.2,True,100,5,32,True
2.217423,8.33384,0.7279803,5.1887355,4.6113434,0.54755557,0.0,0.0,0.0,1.6551019,5.02611,0.16291289,0.0,0.13469443,0.0,0.0,2023-11-17,16,0.2,True,100,5,32,True
2.2038167,8.320709,0.7259822,5.183519,4.6018925,0.55762327,0.0,0.0,0.0,1.6533389,5.0305758,0.16095999,0.0,0.1414444,0.0,0.0,2023-11-20,16,0.2,True,100,5,32,True
2.188762,8.312808,0.72454673,5.1794662,4.5914283,0.5734795,0.0,0.0,0.0,1.6502005,5.035142,0.1577988,0.0,0.14785631,0.0,0.0,2023-11-21,16,0.2,True,100,5,32,True
2.1764367,8.31093,0.72505873,5.177143,4.5808225,0.59684974,0.0,0.0,0.0,1.6444002,5.037666,0.15451883,0.0,0.14655983,0.0,0.0,2023-11-22,16,0.2,True,100,5,32,True
2.1614957,8.3021965,0.7234844,5.172787,4.5702343,0.61549383,0.0,0.0,0.0,1.6388803,5.040785,0.15282583,0.0,0.15163213,0.0,0.0,2023-11-23,16,0.2,True,100,5,32,True
2.1438167,8.286532,0.719673,5.1664734,4.5610595,0.62709534,0.0,0.0,0.0,1.6344564,5.047087,0.1527466,0.0,0.16325185,0.0,0.0,2023-11-24,16,0.2,True,100,5,32,True
2.1283395,8.270617,0.7181999,5.160624,4.548599,0.64136964,0.0,0.0,0.0,1.630824,5.050287,0.15020025,0.0,0.1711166,0.0,0.0,2023-11-27,16,0.2,True,100,5,32,True
2.1149712,8.255442,0.7183218,5.1556215,4.538145,0.6549833,0.0,0.0,0.0,1.6267111,5.053504,0.14906104,0.0,0.17549613,0.0,0.0,2023-11-28,16,0.2,True,100,5,32,True
2.1013064,8.239723,0.72234154,5.1491218,4.52466,0.6712553,0.0,0.0,0.0,1.624642,5.055374,0.14556897,0.0,0.17733522,0.0,0.0,2023-11-29,16,0.2,True,100,5,32,True
2.0918088,8.222528,0.7252822,5.1442733,4.5119376,0.6844721,0.0,0.0,0.0,1.6252842,5.057398,0.14030822,0.0,0.17827076,0.0,0.0,2023-11-30,16,0.2,True,100,5,32,True
2.0816884,8.201939,0.73294634,5.137218,4.5010695,0.69445896,0.0,0.0,0.0,1.6268637,5.058822,0.1366259,0.0,0.17660931,0.0,0.0,2023-12-01,16,0.2,True,100,5,32,True
2.0613394,8.167027,0.7347644,5.1242976,4.4771166,0.70346177,0.0,0.0,0.0,1.6299168,5.0609646,0.12299527,0.0,0.18860047,0.0,0.0,2023-12-04,16,0.2,True,100,5,32,True
2.044521,8.134221,0.7362874,5.1140385,4.4573216,0.7110688,0.0,0.0,0.0,1.6325113,5.0644226,0.11151336,0.0,0.19633093,0.0,0.0,2023-12-05,16,0.2,True,100,5,32,True
2.025999,8.097628,0.7344125,5.1030884,4.43011,0.72002745,0.0,0.0,0.0,1.6361008,5.067954,0.094384484,0.0,0.20950212,0.0,0.0,2023-12-06,16,0.2,True,100,5,32,True
2.0093534,8.056568,0.72806454,5.0920386,4.4012623,0.7229553,0.0,0.0,0.0,1.6415094,5.075289,0.076798454,0.0,0.22689472,0.0,0.0,2023-12-07,16,0.2,True,100,5,32,True
1.995301,8.015151,0.72654265,5.0767527,4.3695583,0.72604,0.0,0.0,0.0,1.6464278,5.075087,0.05958073,0.0,0.23678191,0.0,0.0,2023-12-08,16,0.2,True,100,5,32,True
1.984788,7.977514,0.72427785,5.063473,4.340778,0.72839123,0.0,0.0,0.0,1.6506122,5.0751066,0.043779485,0.0,0.24364519,0.0,0.0,2023-12-11,16,0.2,True,100,5,32,True
1.9757321,7.9396152,0.7211084,5.0498023,4.311472,0.7296787,0.0,0.0,0.0,1.6553677,5.0744467,0.028150747,0.0,0.25057697,0.0,0.0,2023-12-12,16,0.2,True,100,5,32,True
1.967399,7.9040728,0.7207204,5.035106,4.2821374,0.73228717,0.0,0.0,0.0,1.6582212,5.068361,0.013896447,0.0,0.25320628,0.0,0.0,2023-12-13,16,0.2,True,100,5,32,True
1.9629976,7.8845143,0.72213227,5.0257406,4.2612443,0.7342696,0.0,0.0,0.0,1.6610054,5.0649014,0.0033286102,0.0,0.25226465,0.0,0.0,2023-12-14,16,0.2,True,100,5,32,True
1.9558655,7.8572516,0.72060364,5.0136375,4.2371936,0.7343321,0.0,0.0,0.0,1.6625257,5.05899,0.0,0.0,0.2561098,0.0,0.0,2023-12-15,16,0.2,True,100,5,32,True
1.954829,7.8402357,0.7206382,5.004703,4.214757,0.74308485,0.0,0.0,0.0,1.662212,5.0503054,0.0,0.0,0.24999057,0.0,0.0,2023-12-18,16,0.2,True,100,5,32,True
1.9430996,7.8102403,0.7175182,4.99217,4.1895537,0.7474558,0.0,0.0,0.0,1.661607,5.0433707,0.0,0.0,0.25992545,0.0,0.0,2023-12-19,16,0.2,True,100,5,32,True
1.9372879,7.789505,0.7176238,4.9815392,4.166575,0.7571576,0.0,0.0,0.0,1.6612318,5.0339146,0.0,0.0,0.25916418,0.0,0.0,2023-12-20,16,0.2,True,100,5,32,True
1.9285594,7.7639437,0.7138262,4.9721074,4.142805,0.76424694,0.0,0.0,0.0,1.6629335,5.0312834,0.0,0.0,0.26597688,0.0,0.0,2023-12-21,16,0.2,True,100,5,32,True
1.9201702,7.7373347,0.70974445,4.9638553,4.12169,0.77005297,0.0,0.0,0.0,1.664191,5.030032,0.0,0.0,0.27302468,0.0,0.0,2023-12-22,16,0.2,True,100,5,32,True
1.9190563,7.718235,0.7051016,4.9604187,4.1053295,0.7777871,0.0,0.0,0.0,1.6652157,5.030041,0.0,0.0,0.27290756,0.0,0.0,2023-12-26,16,0.2,True,100,5,32,True
1.914486,7.6990166,0.7011118,4.956318,4.0872993,0.7872674,0.0,0.0,0.0,1.6657397,5.0309005,0.0,0.0,0.27575645,0.0,0.0,2023-12-27,16,0.2,True,100,5,32,True
1.9033613,7.676521,0.6993034,4.9494724,4.070681,0.7959951,0.0,0.0,0.0,1.6664561,5.032438,0.0,0.0,0.28415343,0.0,0.0,2023-12-28,16,0.2,True,100,5,32,True
1.8907098,7.658891,0.701066,4.942499,4.052626,0.81478006,0.0,0.0,0.0,1.6650935,5.0314674,0.0,0.0,0.2882263,0.0,0.0,2024-01-02,16,0.2,True,100,5,32,True
1.8762329,7.6365967,0.69986254,4.9384155,4.0395503,0.8285755,0.0,0.0,0.0,1.6671995,5.039844,0.0,0.0,0.29866338,0.0,0.0,2024-01-03,16,0.2,True,100,5,32,True
1.8639163,7.611032,0.694976,4.935541,4.027077,0.8371007,0.0,0.0,0.0,1.6710961,5.0500484,0.0,0.0,0.31284118,0.0,0.0,2024-01-04,16,0.2,True,100,5,32,True
1.8540605,7.584163,0.68788505,4.9341846,4.017389,0.84236646,0.0,0.0,0.0,1.6738706,5.061779,0.0,0.0,0.32787123,0.0,0.0,2024-01-05,16,0.2,True,100,5,32,True
1.8463653,7.5613766,0.68157554,4.934306,4.0106544,0.84567785,0.0,0.0,0.0,1.6779824,5.075284,0.0,0.0,0.34256986,0.0,0.0,2024-01-08,16,0.2,True,100,5,32,True
1.8386507,7.531084,0.670572,4.934855,3.9990852,0.8456955,0.0,0.0,0.0,1.6837854,5.091689,0.0,0.0,0.36384732,0.0,0.0,2024-01-09,16,0.2,True,100,5,32,True
1.8315201,7.501268,0.65898603,4.9356604,3.9859598,0.8445962,0.0,0.0,0.0,1.6896496,5.107899,0.0,0.0,0.3863066,0.0,0.0,2024-01-10,16,0.2,True,100,5,32,True
1.828379,7.4695897,0.6454678,4.9372635,3.9749503,0.8378008,0.0,0.0,0.0,1.69568,5.124413,0.0,0.0,0.40845746,0.0,0.0,2024-01-11,16,0.2,True,100,5,32,True
1.8256572,7.4386854,0.63273007,4.9382544,3.96408,0.82821095,0.0,0.0,0.0,1.7027084,5.140047,0.0,0.0,0.43115926,0.0,0.0,2024-01-12,16,0.2,True,100,5,32,True
1.8203456,7.402242,0.6189888,4.935278,3.948144,0.817068,0.0,0.0,0.0,1.707895,5.151729,0.0,0.0,0.45731208,0.0,0.0,2024-01-15,16,0.2,True,100,5,32,True
1.8164134,7.370926,0.6085724,4.92901,3.9281433,0.8118867,0.0,0.0,0.0,1.710436,5.1561894,0.0,0.0,0.47538722,0.0,0.0,2024-01-16,16,0.2,True,100,5,32,True
1.8122219,7.3376675,0.59856445,4.922798,3.9134076,0.79744524,0.0,0.0,0.0,1.7140205,5.160989,0.0,0.0,0.49604633,0.0,0.0,2024-01-17,16,0.2,True,100,5,32,True
1.8186682,7.338299,0.5935231,4.9245443,3.911136,0.7904684,0.0,0.0,0.0,1.716126,5.167494,0.0,0.0,0.5002418,0.0,0.0,2024-01-18,16,0.2,True,100,5,32,True
1.8255202,7.3366776,0.58629227,4.924244,3.9049506,0.78381425,0.0,0.0,0.0,1.7176442,5.1702886,0.0,0.0,0.5058097,0.0,0.0,2024-01-19,16,0.2,True,100,5,32,True
1.834859,7.3478317,0.5805239,4.928007,3.9040515,0.7821004,0.0,0.0,0.0,1.7187923,5.176039,0.0,0.0,0.50660545,0.0,0.0,2024-01-22,16,0.2,True,100,5,32,True
1.8475652,7.3706493,0.57689244,4.936417,3.9087343,0.7831184,0.0,0.0,0.0,1.7227107,5.1861806,0.0,0.0,0.50379187,0.0,0.0,2024-01-23,16,0.2,True,100,5,32,True
1.8537195,7.3732333,0.56832606,4.939569,3.905702,0.7783998,0.0,0.0,0.0,1.7266842,5.194115,0.0,0.0,0.5125625,0.0,0.0,2024-01-24,16,0.2,True,100,5,32,True
1.8618754,7.381059,0.5609959,4.9415555,3.9023952,0.7787691,0.0,0.0,0.0,1.7273333,5.196571,0.0,0.0,0.51503086,0.0,0.0,2024-01-25,16,0.2,True,100,5,32,True
1.8709362,7.383896,0.5513484,4.944609,3.8987136,0.7763119,0.0,0.0,0.0,1.7300338,5.2010007,0.0,0.0,0.5206765,0.0,0.0,2024-01-26,16,0.2,True,100,5,32,True
1.8779286,7.3785543,0.5391336,4.946935,3.894969,0.76879257,0.0,0.0,0.0,1.733898,5.206825,0.0,0.0,0.5316694,0.0,0.0,2024-01-29,16,0.2,True,100,5,32,True
1.8881127,7.3840585,0.53102785,4.951511,3.8989902,0.76064986,0.0,0.0,0.0,1.7383109,5.21287,0.0,0.0,0.5353557,0.0,0.0,2024-01-30,16,0.2,True,100,5,32,True
1.896063,7.3824816,0.5223735,4.950818,3.8967977,0.7545472,0.0,0.0,0.0,1.7398045,5.211578,0.0,0.0,0.53911495,0.0,0.0,2024-01-31,16,0.2,True,100,5,32,True
1.9022276,7.3795757,0.5150603,4.946279,3.8923914,0.749849,0.0,0.0,0.0,1.7386682,5.204104,0.0,0.0,0.54134303,0.0,0.0,2024-02-01,16,0.2,True,100,5,32,True
1.9033816,7.3671412,0.51062846,4.9363523,3.8869016,0.73714125,0.0,0.0,0.0,1.737692,5.191428,0.0,0.0,0.547083,0.0,0.0,2024-02-02,16,0.2,True,100,5,32,True
1.9034572,7.3594356,0.5132569,4.926233,3.8834152,0.7290712,0.0,0.0,0.0,1.7362791,5.1758265,0.0,0.0,0.5460438,0.0,0.0,2024-02-05,16,0.2,True,100,5,32,True
1.9051269,7.36969,0.52253574,4.919651,3.8867762,0.72881037,0.0,0.0,0.0,1.7344618,5.1613636,0.0,0.0,0.536198,0.0,0.0,2024-02-06,16,0.2,True,100,5,32,True
1.9011146,7.3662477,0.5299792,4.9059424,3.8814373,0.72680134,0.0,0.0,0.0,1.7316823,5.140769,0.0,0.0,0.5326361,0.009157345,0.0,2024-02-07,16,0.2,True,100,5,32,True
1.9012756,7.3642855,0.5361431,4.893276,3.8760421,0.72392005,0.0,0.0,0.0,1.7285337,5.1174045,0.0,0.0,0.5243721,0.02041353,0.0,2024-02-08,16,0.2,True,100,5,32,True
1.8947242,7.3576674,0.54000515,4.8823524,3.8700447,0.7211408,0.0,0.0,0.0,1.7257638,5.1006823,0.0,0.0,0.5267923,0.03888806,0.0,2024-02-13,16,0.2,True,100,5,32,True
1.8824184,7.3350377,0.54361147,4.8644366,3.8589933,0.7099493,0.0,0.0,0.0,1.7237809,5.078267,0.0,0.0,0.53656673,0.07122604,0.0,2024-02-14,16,0.2,True,100,5,32,True
1.8728216,7.322075,0.54949576,4.8501635,3.8569715,0.6997704,0.0,0.0,0.0,1.7185049,5.0554123,0.0,0.0,0.54030335,0.09773205,0.0,2024-02-15,16,0.2,True,100,5,32,True
1.8666534,7.3176794,0.5577964,4.834868,3.8510177,0.693669,0.0,0.0,0.0,1.7130433,5.027081,0.0,0.0,0.5361784,0.1182731,0.0,2024-02-16,16,0.2,True,100,5,32,True
1.8617212,7.3190885,0.57171124,4.8199015,3.8451037,0.69191396,0.0,0.0,0.0,1.7080324,4.9976153,0.0,0.0,0.52430147,0.1301448,0.0,2024-02-19,16,0.2,True,100,5,32,True
1.8570465,7.316875,0.58630615,4.8043203,3.8382275,0.6875837,0.0,0.0,0.0,1.7036531,4.9675922,0.0,0.0,0.5114781,0.1446784,0.0,2024-02-20,16,0.2,True,100,5,32,True
1.8535786,7.31121,0.6024703,4.7871656,3.830912,0.67929846,0.0,0.0,0.0,1.7006142,4.936182,0.0,0.0,0.49641752,0.15883043,0.0,2024-02-21,16,0.2,True,100,5,32,True
1.8583324,7.320406,0.6242932,4.774683,3.8310661,0.67578363,0.0,0.0,0.0,1.6963304,4.9035296,0.0,0.0,0.46544582,0.15582445,0.0,2024-02-22,16,0.2,True,100,5,32,True
1.8591005,7.3271675,0.6455263,4.7625637,3.8293853,0.6714018,0.0,0.0,0.0,1.6940713,4.87443,0.0,0.0,0.44105485,0.1574189,0.0,2024-02-23,16,0.2,True,100,5,32,True
1.8611735,7.3328786,0.6660491,4.750394,3.8223088,0.6675281,0.0,0.0,0.0,1.6944988,4.845339,0.0,0.0,0.41572908,0.15800741,0.0,2024-02-26,16,0.2,True,100,5,32,True
1.8610083,7.329223,0.68502647,4.7354116,3.8112898,0.6598364,0.0,0.0,0.0,1.6951691,4.814859,0.0,0.0,0.39509276,0.16204819,0.0,2024-02-27,16,0.2,True,100,5,32,True
1.8612845,7.330323,0.70256686,4.7238564,3.8009598,0.65303695,0.0,0.0,0.0,1.6970954,4.7890472,0.0,0.0,0.3762356,0.16295277,0.0,2024-02-28,16,0.2,True,100,5,32,True
1.8642504,7.328567,0.7187197,4.715469,3.794718,0.64189327,0.0,0.0,0.0,1.6996553,4.765124,0.0,0.0,0.3572784,0.16316003,0.0,2024-02-29,16,0.2,True,100,5,32,True
1.8681931,7.3172803,0.73329216,4.702739,3.7814417,0.6265089,0.0,0.0,0.0,1.7038225,4.737212,0.0,0.0,0.33910647,0.16480002,0.0,2024-03-04,16,0.2,True,100,5,32,True
1.8753111,7.3119054,0.74736506,4.693045,3.7677789,0.6113502,0.0,0.0,0.0,1.7073587,4.710623,0.0,0.0,0.3164843,0.1569338,0.0,2024-03-05,16,0.2,True,100,5,32,True
1.8871609,7.3046865,0.75698763,4.6842394,3.749947,0.59477013,0.0,0.0,0.0,1.7102289,4.6823797,0.0,0.0,0.29317847,0.14792702,0.0,2024-03-06,16,0.2,True,100,5,32,True
1.9000955,7.294007,0.76483995,4.6740756,3.7290614,0.57781386,0.0,0.0,0.0,1.710905,4.6513352,0.0,0.0,0.27156165,0.14021918,0.0,2024-03-07,16,0.2,True,100,5,32,True
1.9144173,7.281646,0.7677398,4.6654735,3.7032976,0.561484,0.0,0.0,0.0,1.7128562,4.623034,0.0,0.0,0.25407493,0.13494407,0.0,2024-03-08,16,0.2,True,100,5,32,True
1.9281212,7.2734957,0.7742782,4.6573415,3.6774995,0.55327725,0.0,0.0,0.0,1.7126207,4.595661,0.0,0.0,0.2325184,0.12281895,0.0,2024-03-11,16,0.2,True,100,5,32,True
1.939844,7.2615027,0.78067404,4.648375,3.6532817,0.5431543,0.0,0.0,0.0,1.7135912,4.570319,0.0,0.0,0.21334882,0.114266366,0.0,2024-03-12,16,0.2,True,100,5,32,True
1.9513699,7.2569947,0.79039747,4.639354,3.6278,0.54293597,0.0,0.0,0.0,1.7135441,4.5447617,0.0,0.0,0.1885851,0.096747205,0.0,2024-03-13,16,0.2,True,100,5,32,True
1.9621714,7.250303,0.7993641,4.629972,3.6038098,0.5422043,0.0,0.0,0.0,1.713598,4.5194745,0.0,0.0,0.16558398,0.0819173,0.0,2024-03-14,16,0.2,True,100,5,32,True
1.9712133,7.2342935,0.80075175,4.621435,3.5799012,0.5349693,0.0,0.0,0.0,1.7166748,4.500423,0.0,0.0,0.1543629,0.082121365,0.0,2024-03-15,16,0.2,True,100,5,32,True
1.9783598,7.2160044,0.80379254,4.610162,3.554626,0.53021693,0.0,0.0,0.0,1.7178314,4.4792747,0.0,0.0,0.14271559,0.081026465,0.0,2024-03-18,16,0.2,True,100,5,32,True
1.981515,7.1916623,0.8057165,4.5963445,3.5286455,0.52473336,0.0,0.0,0.0,1.7192053,4.4593415,0.0,0.0,0.13518664,0.084168226,0.0,2024-03-19,16,0.2,True,100,5,32,True
1.9844669,7.1717854,0.8076001,4.583791,3.5096598,0.51958096,0.0,0.0,0.0,1.7196995,4.442055,0.0,0.0,0.1287048,0.08497665,0.0,2024-03-20,16,0.2,True,100,5,32,True
1.9866235,7.158857,0.8083971,4.574221,3.4955702,0.5166147,0.0,0.0,0.0,1.7185113,4.427131,0.0,0.0,0.12413807,0.08587811,0.0,2024-03-21,16,0.2,True,100,5,32,True
1.9845324,7.149481,0.8099942,4.5672054,3.4819276,0.5162126,0.0,0.0,0.0,1.7190179,4.41675,0.0,0.0,0.124026954,0.090156235,0.0,2024-03-22,16,0.2,True,100,5,32,True
1.983617,7.1431336,0.81495214,4.5614505,3.4721076,0.51600575,0.0,0.0,0.0,1.7208529,4.407726,0.0,0.0,0.11949952,0.090776175,0.0,2024-03-25,16,0.2,True,100,5,32,True
1.9869727,7.1443987,0.82166624,4.5570517,3.4655397,0.5189949,0.0,0.0,0.0,1.7219204,4.396913,0.0,0.0,0.10695124,0.08245583,0.0,2024-03-26,16,0.2,True,100,5,32,True
1.9881054,7.1461334,0.82358676,4.556171,3.4627662,0.52064025,0.0,0.0,0.0,1.7231932,4.393764,0.0,0.0,0.10046461,0.07615939,0.0,2024-03-27,16,0.2,True,100,5,32,True
1.9859442,7.142482,0.8235104,4.555379,3.460668,0.52023333,0.0,0.0,0.0,1.7266988,4.39475,0.0,0.0,0.1010983,0.07886228,0.0,2024-03-28,16,0.2,True,100,5,32,True
1.9777422,7.1293454,0.8259572,4.548075,3.4507363,0.52070946,0.0,0.0,0.0,1.7296861,4.3902097,0.0,0.0,0.10463785,0.08342384,0.0,2024-03-29,16,0.2,True,100,5,32,True
1.972274,7.129804,0.8280637,4.549062,3.4485245,0.52385086,0.0,0.0,0.0,1.7348409,4.3947625,0.0,0.0,0.10834685,0.084720194,0.0,2024-04-01,16,0.2,True,100,5,32,True
1.9659057,7.1333327,0.8365212,4.5483694,3.4532661,0.52509457,0.0,0.0,0.0,1.7395194,4.399229,0.0,0.0,0.10897817,0.08432684,0.0,2024-04-02,16,0.2,True,100,5,32,True
1.9616125,7.151724,0.8481099,4.55208,3.4646857,0.531787,0.0,0.0,0.0,1.7434701,4.40612,0.0,0.0,0.105437145,0.07618479,0.0,2024-04-03,16,0.2,True,100,5,32,True
1.9566007,7.161971,0.8530453,4.5578256,3.4750338,0.53030676,0.0,0.0,0.0,1.7514633,4.4174,0.0,0.0,0.11252689,0.08037213,0.0,2024-04-04,16,0.2,True,100,5,32,True
1.9469986,7.1584296,0.8611005,4.556327,3.477734,0.52768296,0.0,0.0,0.0,1.7582369,4.4215007,0.0,0.0,0.12124957,0.08838739,0.0,2024-04-05,16,0.2,True,100,5,32,True
1.9423763,7.165243,0.8659258,4.5624523,3.486709,0.5239293,0.0,0.0,0.0,1.7669297,4.4328456,0.0,0.0,0.12975647,0.09359306,0.0,2024-04-08,16,0.2,True,100,5,32,True
1.9378313,7.1782026,0.8769308,4.567566,3.494974,0.5285053,0.0,0.0,0.0,1.7725196,4.440202,0.0,0.0,0.13067049,0.090042785,0.0,2024-04-09,16,0.2,True,100,5,32,True
1.9317145,7.1886654,0.88802,4.571091,3.5035763,0.5302459,0.0,0.0,0.0,1.7783308,4.446479,0.0,0.0,0.1325852,0.08934495,0.0,2024-04-11,16,0.2,True,100,5,32,True
1.9308434,7.1994653,0.89429677,4.5772552,3.516258,0.5278634,0.0,0.0,0.0,1.784039,4.4543743,0.0,0.0,0.13295765,0.08552226,0.0,2024-04-12,16,0.2,True,100,5,32,True
1.9255359,7.2035875,0.90218,4.577509,3.5208066,0.5304147,0.0,0.0,0.0,1.78655,4.45506,0.0,0.0,0.13397634,0.080896124,0.0,2024-04-15,16,0.2,True,100,5,32,True
1.9224044,7.2201247,0.91090876,4.583033,3.5312414,0.53653234,0.0,0.0,0.0,1.7898946,4.461646,0.0,0.0,0.13255493,0.07125595,0.0,2024-04-16,16,0.2,True,100,5,32,True
1.9239385,7.244156,0.9158296,4.5904174,3.5470164,0.54365945,0.0,0.0,0.0,1.7893888,4.469348,0.0,0.0,0.12624703,0.052671008,0.0,2024-04-17,16,0.2,True,100,5,32,True
1.926415,7.2751412,0.920754,4.5992002,3.560925,0.5576024,0.0,0.0,0.0,1.7875459,4.476723,0.0,0.0,0.117659524,0.028449481,0.0,2024-04-18,16,0.2,True,100,5,32,True
1.9263769,7.3086267,0.92844135,4.6097283,3.5775208,0.57299364,0.0,0.0,0.0,1.7869408,4.487709,0.0,0.0,0.10983403,0.005059302,0.0,2024-04-19,16,0.2,True,100,5,32,True
1.930266,7.344271,0.93211854,4.621983,3.5951664,0.5892583,0.0,0.0,0.0,1.785459,4.499464,0.0,0.0,0.098451346,0.0,0.0,2024-04-22,16,0.2,True,100,5,32,True
1.928156,7.368018,0.9375648,4.6289673,3.609634,0.60093105,0.0,0.0,0.0,1.7840085,4.508538,0.0,0.0,0.092968315,0.0,0.0,2024-04-23,16,0.2,True,100,5,32,True
1.9260408,7.386178,0.94429034,4.631139,3.620227,0.612478,0.0,0.0,0.0,1.7802364,4.510287,0.0,0.0,0.08371193,0.0,0.0,2024-04-24,16,0.2,True,100,5,32,True
1.9217912,7.400228,0.945118,4.636619,3.630079,0.62184674,0.0,0.0,0.0,1.7778058,4.5169077,0.0,0.0,0.08221598,0.0,0.0,2024-04-25,16,0.2,True,100,5,32,True
1.921524,7.4171157,0.94737685,4.642218,3.6436806,0.6326904,0.0,0.0,0.0,1.7731845,4.5229607,0.0,0.0,0.073968634,0.0,0.0,2024-04-26,16,0.2,True,100,5,32,True
1.928772,7.450121,0.95209956,4.65335,3.6623611,0.6499674,0.0,0.0,0.0,1.7683545,4.5314636,0.0,0.0,0.055640392,0.0,0.0,2024-04-29,16,0.2,True,100,5,32,True
1.9310143,7.472086,0.95586026,4.6617265,3.679349,0.659064,0.0,0.0,0.0,1.7661996,4.541396,0.0,0.0,0.045554012,0.0,0.0,2024-04-30,16,0.2,True,100,5,32,True
1.9351964,7.4900417,0.95843065,4.6677995,3.695593,0.66638625,0.0,0.0,0.0,1.7619458,4.5474105,0.0,0.0,0.032895688,0.0,0.0,2024-05-02,16,0.2,True,100,5,32,True
1.9404813,7.4950037,0.9540191,4.676617,3.7123249,0.66391385,0.0,0.0,0.0,1.7620012,4.5579276,0.0,0.0,0.02947454,0.0,0.0,2024-05-03,16,0.2,True,100,5,32,True
1.9512397,7.504909,0.9420762,4.6922016,3.7334664,0.6607461,0.0,0.0,0.0,1.7602254,4.5740275,0.0,0.0,0.02760747,0.0,0.0,2024-05-07,16,0.2,True,100,5,32,True
1.966419,7.521021,0.9302113,4.7118564,3.7624893,0.6591235,0.0,0.0,0.0,1.7570873,4.597145,0.0,0.0,0.020600282,0.0,0.0,2024-05-08,16,0.2,True,100,5,32,True
1.981833,7.529851,0.9171829,4.73223,3.791555,0.6502444,0.0,0.0,0.0,1.7567972,4.622115,0.0,0.0,0.01883328,0.0,0.0,2024-05-09,16,0.2,True,100,5,32,True
1.9979215,7.538284,0.9058742,4.751757,3.8178494,0.6404705,0.0,0.0,0.0,1.7569076,4.6449385,0.0,0.0,0.016584022,0.0,0.0,2024-05-10,16,0.2,True,100,5,32,True
2.0178568,7.55761,0.89471984,4.775407,3.84631,0.63538164,0.0,0.0,0.0,1.7552118,4.6702642,0.0,0.0,0.010454014,0.0,0.0,2024-05-13,16,0.2,True,100,5,32,True
2.0378852,7.5721335,0.8873097,4.799848,3.8751612,0.62480414,0.0,0.0,0.0,1.758203,4.697052,0.0,0.0,0.00626307,0.0,0.0,2024-05-14,16,0.2,True,100,5,32,True
2.0570798,7.585961,0.8795061,4.8256645,3.9058938,0.6090756,0.0,0.0,0.0,1.7628834,4.7270784,0.0,0.0,0.00641717,0.0,0.0,2024-05-16,16,0.2,True,100,5,32,True
2.0763943,7.600815,0.8777423,4.8481865,3.9318314,0.60038495,0.0,0.0,0.0,1.765952,4.7495527,0.0,0.0,0.0,0.0,0.0,2024-05-17,16,0.2,True,100,5,32,True
2.0874507,7.6051145,0.8743129,4.8683505,3.9532092,0.584054,0.0,0.0,0.0,1.774544,4.7765636,0.0,0.0,0.0078607425,0.0,0.0,2024-05-20,16,0.2,True,100,5,32,True
2.0991447,7.6095934,0.8725292,4.8877363,3.9724967,0.5706542,0.0,0.0,0.0,1.7814327,4.800199,0.0,0.0,0.012713842,0.0,0.0,2024-05-21,16,0.2,True,100,5,32,True
2.1156979,7.6245146,0.8743657,4.9077077,3.9912949,0.56561136,0.0,0.0,0.0,1.7864194,4.819752,0.0,0.0,0.0060774237,0.0,0.0,2024-05-22,16,0.2,True,100,5,32,True
2.1258695,7.63374,0.87803006,4.926514,4.012636,0.5547122,0.0,0.0,0.0,1.7943863,4.843774,0.0,0.0,0.0076223575,0.0,0.0,2024-05-23,16,0.2,True,100,5,32,True
2.1389017,7.6502542,0.88069725,4.946756,4.0317664,0.54936856,0.0,0.0,0.0,1.8021171,4.8664217,0.0,0.0,0.004620798,0.0,0.0,2024-05-24,16,0.2,True,100,5,32,True
2.1450894,7.655083,0.8826269,4.9656725,4.04985,0.5346717,0.0,0.0,0.0,1.815372,4.894673,0.0,0.0,0.015111219,0.0,0.0,2024-05-27,16,0.2,True,100,5,32,True
2.1512196,7.661539,0.88766545,4.984639,4.066925,0.5237524,0.0,0.0,0.0,1.8293104,4.92191,0.0,0.0,0.022051346,0.0,0.0,2024-05-28,16,0.2,True,100,5,32,True
2.1562588,7.6675377,0.8934909,5.0023026,4.078694,0.51720387,0.0,0.0,0.0,1.8425568,4.9449577,0.0,0.0,0.028010055,0.0,0.0,2024-05-29,16,0.2,True,100,5,32,True
2.1577668,7.6622963,0.8964374,5.017619,4.0889072,0.5003328,0.0,0.0,0.0,1.8585304,4.970102,0.0,0.0,0.04344139,0.0,0.0,2024-05-30,16,0.2,True,100,5,32,True
2.163173,7.6645207,0.896786,5.0357223,4.1001563,0.48379916,0.0,0.0,0.0,1.8759974,4.9983945,0.0,0.0,0.058784034,0.0,0.0,2024-05-31,16,0.2,True,100,5,32,True
2.169229,7.662124,0.8995495,5.049496,4.106194,0.46619925,0.0,0.0,0.0,1.8943062,5.021939,0.0,0.0,0.07163225,0.0,0.0,2024-06-03,16,0.2,True,100,5,32,True
2.173713,7.654214,0.9011288,5.0603843,4.110304,0.4470111,0.0,0.0,0.0,1.9115936,5.044404,0.0,0.0,0.08452514,0.0,0.0,2024-06-04,16,0.2,True,100,5,32,True
2.1749394,7.643783,0.90156555,5.069903,4.113311,0.4285323,0.0,0.0,0.0,1.9285169,5.0680714,0.0,0.0,0.101310045,0.0,0.0,2024-06-05,16,0.2,True,100,5,32,True
2.1768553,7.6347885,0.90434146,5.076896,4.1117673,0.41606107,0.0,0.0,0.0,1.9439689,5.0861673,0.0,0.0,0.111775905,0.0,0.0,2024-06-07,16,0.2,True,100,5,32,True
2.174421,7.6231694,0.9055444,5.085118,4.114236,0.40005115,0.0,0.0,0.0,1.9615778,5.1125717,0.0,0.0,0.12988111,0.0,0.0,2024-06-10,16,0.2,True,100,5,32,True
2.1704524,7.611229,0.9063104,5.0939784,4.1151214,0.3862558,0.0,0.0,0.0,1.9792998,5.1396575,0.0,0.0,0.1496912,0.0,0.0,2024-06-11,16,0.2,True,100,5,32,True
2.169947,7.6065955,0.9050404,5.1044083,4.1155725,0.37975988,0.0,0.0,0.0,1.992782,5.1639857,0.0,0.0,0.16334443,0.0,0.0,2024-06-12,16,0.2,True,100,5,32,True
2.1654356,7.5892696,0.90387154,5.1128397,4.113925,0.36768827,0.0,0.0,0.0,2.0101266,5.1927524,0.0,0.0,0.18396935,0.0,0.0,2024-06-13,16,0.2,True,100,5,32,True
2.1594443,7.5744076,0.9030485,5.120845,4.1135583,0.36073387,0.0,0.0,0.0,2.0231113,5.219834,0.0,0.0,0.20205098,0.0,0.0,2024-06-14,16,0.2,True,100,5,32,True
2.1495254,7.564079,0.9046414,5.1285863,4.1142926,0.35981625,0.0,0.0,0.0,2.0337565,5.246763,0.0,0.0,0.2189023,0.0,0.0,2024-06-17,16,0.2,True,100,5,32,True
2.1374161,7.550252,0.90538067,5.1347404,4.11292,0.36039856,0.0,0.0,0.0,2.0427117,5.2713532,0.0,0.0,0.23667091,0.0,0.0,2024-06-18,16,0.2,True,100,5,32,True
2.1268787,7.5293727,0.90848523,5.1328306,4.1019607,0.36424762,0.0,0.0,0.0,2.045947,5.278573,0.0,0.0,0.24342869,0.0,0.0,2024-06-19,16,0.2,True,100,5,32,True
2.1184232,7.516696,0.9123452,5.132491,4.0944276,0.37479818,0.0,0.0,0.0,2.0454128,5.2847733,0.0,0.0,0.24293746,0.0,0.0,2024-06-20,16,0.2,True,100,5,32,True
2.1073277,7.4985046,0.9142176,5.1323733,4.087022,0.38255906,0.0,0.0,0.0,2.0456452,5.293687,0.0,0.0,0.24866359,0.0,0.0,2024-06-21,16,0.2,True,100,5,32,True
2.096683,7.477026,0.91502255,5.130726,4.0762525,0.39049688,0.0,0.0,0.0,2.0455956,5.3001137,0.0,0.0,0.25456005,0.0,0.0,2024-06-24,16,0.2,True,100,5,32,True
2.0870786,7.4527183,0.9168018,5.1270905,4.064883,0.39551535,0.0,0.0,0.0,2.044656,5.3025455,0.0,0.0,0.25872627,0.0,0.0,2024-06-25,16,0.2,True,100,5,32,True
2.0810847,7.433636,0.9146788,5.124877,4.054138,0.4025945,0.0,0.0,0.0,2.0413163,5.3042855,0.0,0.0,0.2606079,0.0,0.0,2024-06-26,16,0.2,True,100,5,32,True
2.0715292,7.404405,0.9124771,5.118925,4.0375824,0.40844926,0.0,0.0,0.0,2.0381715,5.3028564,0.0,0.0,0.26756895,0.0,0.0,2024-06-27,16,0.2,True,100,5,32,True
2.066485,7.382422,0.9095555,5.1163197,4.0274887,0.41331697,0.0,0.0,0.0,2.0349133,5.303263,0.0,0.0,0.27120432,0.0,0.0,2024-06-28,16,0.2,True,100,5,32,True
2.0577698,7.345472,0.9007926,5.115085,4.0135126,0.41135547,0.0,0.0,0.0,2.0337677,5.310987,0.0,0.0,0.2888098,0.0,0.0,2024-07-01,16,0.2,True,100,5,32,True
2.0490248,7.3204193,0.89629227,5.113668,3.9978795,0.41890952,0.0,0.0,0.0,2.0306447,5.3158937,0.0,0.0,0.29920125,0.0,0.0,2024-07-02,16,0.2,True,100,5,32,True
2.0374117,7.2965155,0.8947857,5.1091223,3.9802506,0.42802557,0.0,0.0,0.0,2.0262966,5.316169,0.0,0.0,0.30917782,0.0,0.0,2024-07-03,16,0.2,True,100,5,32,True
2.022101,7.265516,0.89322126,5.1013246,3.9582043,0.43539464,0.0,0.0,0.0,2.0228252,5.3141055,0.0,0.0,0.323811,0.0,0.0,2024-07-04,16,0.2,True,100,5,32,True
2.0048823,7.2353487,0.8954042,5.092164,3.9371061,0.44011882,0.0,0.0,0.0,2.0219378,5.3109508,0.0,0.0,0.3389324,0.0,0.0,2024-07-05,16,0.2,True,100,5,32,True
1.9902096,7.212908,0.9017148,5.082405,3.9163265,0.45208165,0.0,0.0,0.0,2.0188498,5.3021207,0.0,0.0,0.34350616,0.0,0.0,2024-07-08,16,0.2,True,100,5,32,True
1.9723212,7.1837935,0.9097318,5.0697775,3.893318,0.46287632,0.0,0.0,0.0,2.0170145,5.29138,0.0,0.0,0.3497907,0.0,0.0,2024-07-09,16,0.2,True,100,5,32,True
1.9528979,7.154913,0.9205133,5.056159,3.8719256,0.4738981,0.0,0.0,0.0,2.0162497,5.27934,0.0,0.0,0.3553519,0.0,0.0,2024-07-10,16,0.2,True,100,5,32,True
1.9392822,7.130353,0.92938495,5.047847,3.8565197,0.48333782,0.0,0.0,0.0,2.0169277,5.271579,0.0,0.0,0.35707438,0.0,0.0,2024-07-11,16,0.2,True,100,5,32,True
1.9309063,7.10902,0.9398289,5.041322,3.844356,0.4900748,0.0,0.0,0.0,2.020505,5.2651777,0.0,0.0,0.35292745,0.0,0.0,2024-07-12,16,0.2,True,100,5,32,True
1.9284002,7.0901413,0.9484189,5.0346637,3.8334203,0.49460867,0.0,0.0,0.0,2.0239582,5.2572117,0.0,0.0,0.34404597,0.0,0.0,2024-07-15,16,0.2,True,100,5,32,True
1.9239069,7.0676966,0.9557294,5.0268464,3.8237927,0.49379796,0.0,0.0,0.0,2.027804,5.250254,0.0,0.0,0.33985835,0.0,0.0,2024-07-16,16,0.2,True,100,5,32,True
1.925737,7.0656323,0.96403164,5.0247283,3.8240266,0.49589035,0.0,0.0,0.0,2.0315895,5.246953,0.0,0.0,0.32827902,0.0,0.0,2024-07-17,16,0.2,True,100,5,32,True
1.9302992,7.055302,0.96865445,5.0207963,3.8203554,0.49148875,0.0,0.0,0.0,2.0359392,5.240961,0.0,0.0,0.3185593,0.0,0.0,2024-07-18,16,0.2,True,100,5,32,True
1.937038,7.045868,0.97095424,5.017245,3.8169525,0.48339364,0.0,0.0,0.0,2.039746,5.2348623,0.0,0.0,0.3103584,0.0,0.0,2024-07-19,16,0.2,True,100,5,32,True
1.9466527,7.039057,0.97092515,5.013225,3.812433,0.47494665,0.0,0.0,0.0,2.0422585,5.2261515,0.0,0.0,0.30142608,0.0,0.0,2024-07-22,16,0.2,True,100,5,32,True
1.9626961,7.038996,0.97050077,5.009164,3.8112922,0.46196342,0.0,0.0,0.0,2.044121,5.2144413,0.0,0.0,0.28737727,0.0,0.0,2024-07-23,16,0.2,True,100,5,32,True
1.9806644,7.0491753,0.97374487,5.0041804,3.81375,0.45066944,0.0,0.0,0.0,2.0454087,5.199512,0.0,0.0,0.2667205,0.0,0.0,2024-07-24,16,0.2,True,100,5,32,True
1.9974525,7.0563345,0.97446126,4.9986205,3.8127842,0.43846223,0.0,0.0,0.0,2.04775,5.184572,0.0,0.0,0.25166214,0.0,0.0,2024-07-25,16,0.2,True,100,5,32,True
2.0124016,7.0595484,0.97418493,4.990974,3.8124726,0.41996267,0.0,0.0,0.0,2.0494902,5.1682262,0.0,0.0,0.24067898,0.0,0.0,2024-07-26,16,0.2,True,100,5,32,True
2.0241697,7.066638,0.9755531,4.9812403,3.8111,0.40247953,0.0,0.0,0.0,2.0498314,5.149445,0.0,0.0,0.23054725,0.0,0.0,2024-07-29,16,0.2,True,100,5,32,True
2.0366657,7.0807266,0.9792914,4.9715247,3.8105383,0.38884628,0.0,0.0,0.0,2.0501776,5.1290917,0.0,0.0,0.21579203,0.0,0.0,2024-07-30,16,0.2,True,100,5,32,True
2.0484476,7.093194,0.9829167,4.962166,3.8115988,0.37198654,0.0,0.0,0.0,2.0515456,5.109863,0.0,0.0,0.20274062,0.0,0.0,2024-07-31,16,0.2,True,100,5,32,True
2.0565863,7.0977197,0.98582107,4.9493527,3.8070028,0.35604388,0.0,0.0,0.0,2.051053,5.086726,0.0,0.0,0.19233252,0.0,0.0,2024-08-01,16,0.2,True,100,5,32,True
2.0601792,7.1037226,0.98904455,4.937006,3.7977858,0.34899798,0.0,0.0,0.0,2.0505095,5.0660815,0.0,0.0,0.18447487,0.0,0.0,2024-08-02,16,0.2,True,100,5,32,True
2.0651662,7.1064115,0.9888887,4.9242687,3.7856622,0.34040537,0.0,0.0,0.0,2.0500493,5.0450516,0.0,0.0,0.17918323,0.0,0.0,2024-08-05,16,0.2,True,100,5,32,True
2.076626,7.0980935,0.9758048,4.9079185,3.7673576,0.31986457,0.0,0.0,0.0,2.0476813,5.0195565,0.0,0.0,0.18123247,0.0,0.0,2024-08-06,16,0.2,True,100,5,32,True
2.0886621,7.0980773,0.9598798,4.889669,3.743506,0.3086154,0.0,0.0,0.0,2.0402598,4.988575,0.0,0.0,0.18138936,0.0,0.0,2024-08-07,16,0.2,True,100,5,32,True
2.0987933,7.084934,0.9417498,4.8684115,3.715301,0.29264504,0.0,0.0,0.0,2.0329874,4.9544144,0.0,0.0,0.18589453,0.0,0.0,2024-08-08,16,0.2,True,100,5,32,True
2.1093206,7.0655932,0.9251562,4.841707,3.6802242,0.27691132,0.0,0.0,0.0,2.0234604,4.909438,0.0,0.0,0.18601063,0.0,0.0,2024-08-09,16,0.2,True,100,5,32,True
2.1253247,7.067298,0.9056866,4.8231606,3.65138,0.2752636,0.0,0.0,0.0,2.0101473,4.8711934,0.0,0.0,0.17862518,0.0,0.0,2024-08-12,16,0.2,True,100,5,32,True
2.1322815,7.057737,0.88764,4.805726,3.6245825,0.26809034,0.0,0.0,0.0,2.0019372,4.8421454,0.0,0.0,0.18315566,0.0,0.0,2024-08-13,16,0.2,True,100,5,32,True
2.1310234,7.0358477,0.8725554,4.7803245,3.5933635,0.26063368,0.0,0.0,0.0,1.9912689,4.806882,0.0,0.0,0.18904632,0.0,0.0,2024-08-14,16,0.2,True,100,5,32,True
2.1286974,7.0138526,0.8558218,4.7549295,3.5629542,0.25798598,0.0,0.0,0.0,1.9776651,4.7716947,0.0,0.0,0.19288798,0.0,0.0,2024-08-16,16,0.2,True,100,5,32,True
2.1240788,6.9884424,0.83948696,4.7321787,3.5400562,0.25185493,0.0,0.0,0.0,1.965351,4.7408395,0.0,0.0,0.19975878,0.0,0.0,2024-08-19,16,0.2,True,100,5,32,True
2.1216223,6.962365,0.8212471,4.711197,3.522182,0.24174556,0.0,0.0,0.0,1.9526151,4.7109637,0.0,0.0,0.20608579,0.0,0.0,2024-08-20,16,0.2,True,100,5,32,True
2.1170366,6.93767,0.80531716,4.6904635,3.5058613,0.23192433,0.0,0.0,0.0,1.9398296,4.681334,0.0,0.0,0.21301842,0.026826212,0.0,2024-08-21,16,0.2,True,100,5,32,True
2.1063092,6.9054337,0.7919622,4.66414,3.4859304,0.2216757,0.0,0.0,0.0,1.924589,4.646166,0.0,0.0,0.22159892,0.066149585,0.0,2024-08-22,16,0.2,True,100,5,32,True
2.0998688,6.884446,0.7819432,4.6398067,3.4676673,0.22025499,0.0,0.0,0.0,1.9069982,4.6092057,0.0,0.0,0.22018526,0.09351024,0.0,2024-08-23,16,0.2,True,100,5,32,True
2.0920591,6.862805,0.77133715,4.6173263,3.4513526,0.21775821,0.0,0.0,0.0,1.8906378,4.576856,0.0,0.0,0.22210439,0.12402062,0.0,2024-08-26,16,0.2,True,100,5,32,True
2.0858114,6.8390636,0.75925046,4.5947037,3.4333272,0.21527278,0.0,0.0,0.0,1.8740921,4.54367,0.0,0.0,0.22238077,0.15221992,0.0,2024-08-27,16,0.2,True,100,5,32,True
2.0763953,6.8041897,0.7446461,4.5694933,3.4135509,0.20829278,0.0,0.0,0.0,1.8576307,4.510261,0.0,0.0,0.2272553,0.18726672,0.0,2024-08-28,16,0.2,True,100,5,32,True
2.0655346,6.770107,0.731244,4.543656,3.3923426,0.20420524,0.0,0.0,0.0,1.8402315,4.475702,0.0,0.0,0.2320288,0.21906619,0.0,2024-08-29,16,0.2,True,100,5,32,True
2.0561347,6.7466354,0.71993774,4.518959,3.3702588,0.2077896,0.0,0.0,0.0,1.8208485,4.4408526,0.0,0.0,0.23212713,0.24204406,0.0,2024-08-30,16,0.2,True,100,5,32,True
2.0437796,6.729754,0.7105231,4.498329,3.351699,0.21430841,0.0,0.0,0.0,1.8027275,4.4125824,0.0,0.0,0.23631436,0.26397032,0.0,2024-09-02,16,0.2,True,100,5,32,True
2.029285,6.7077518,0.69982606,4.477493,3.330636,0.22113562,0.0,0.0,0.0,1.7853601,4.3841605,0.0,0.0,0.24404669,0.28713143,0.0,2024-09-03,16,0.2,True,100,5,32,True
2.0169961,6.6838408,0.691644,4.4575567,3.3119407,0.22295079,0.0,0.0,0.0,1.7724094,4.356935,0.0,0.0,0.25012776,0.31052846,0.0,2024-09-04,16,0.2,True,100,5,32,True
2.0052986,6.6461473,0.6754823,4.43771,3.2931144,0.21034193,0.0,0.0,0.0,1.762479,4.33136,0.0,0.0,0.26744923,0.34859598,0.0,2024-09-05,16,0.2,True,100,5,32,True
2.0023806,6.6183457,0.66107285,4.4213614,3.2763135,0.20012826,0.0,0.0,0.0,1.753648,4.3057356,0.0,0.0,0.27668068,0.37774044,0.0,2024-09-06,16,0.2,True,100,5,32,True
1.999254,6.576654,0.64387345,4.4026127,3.255537,0.1807231,0.0,0.0,0.0,1.7484905,4.277988,0.0,0.0,0.29295996,0.41549653,0.0,2024-09-09,16,0.2,True,100,5,32,True
1.9948565,6.534596,0.6299779,4.381566,3.2357767,0.16238645,0.0,0.0,0.0,1.7414379,4.2474966,0.0,0.0,0.30763122,0.44895542,0.0,2024-09-10,16,0.2,True,100,5,32,True
1.9921533,6.4935393,0.6126459,4.361516,3.2142467,0.14469686,0.0,0.0,0.0,1.7339084,4.2170005,0.0,0.0,0.3240245,0.48510367,0.0,2024-09-11,16,0.2,True,100,5,32,True
1.9904917,6.4493957,0.59478533,4.3426514,3.1923196,0.124611266,0.0,0.0,0.0,1.7287867,4.187743,0.0,0.0,0.34064493,0.52355,0.0,2024-09-12,16,0.2,True,100,5,32,True
1.9866371,6.4084606,0.5801633,4.3270736,3.173322,0.10802907,0.0,0.0,0.0,1.7244958,4.1631384,0.0,0.0,0.35876092,0.5627684,0.0,2024-09-13,16,0.2,True,100,5,32,True
1.9866791,6.384107,0.57098323,4.318998,3.1646073,0.09565804,0.0,0.0,0.0,1.7237769,4.1488624,0.0,0.0,0.3698085,0.59384996,0.0,2024-09-19,16,0.2,True,100,5,32,True
1.9873788,6.3695188,0.57021224,4.3128104,3.1582658,0.089553356,0.0,0.0,0.0,1.7266746,4.1381607,0.0,0.0,0.37263334,0.61607105,0.0,2024-09-20,16,0.2,True,100,5,32,True
1.9895309,6.361811,0.5732882,4.302628,3.1426206,0.09201432,0.0,0.0,0.0,1.728272,4.1225576,0.0,0.0,0.3612794,0.61707884,0.0,2024-09-23,16,0.2,True,100,5,32,True
1.9879133,6.355325,0.57742363,4.294601,3.1350944,0.093735635,0.0,0.0,0.0,1.7279065,4.1096506,0.0,0.0,0.35365993,0.6213093,0.0,2024-09-24,16,0.2,True,100,5,32,True
1.9860272,6.35046,0.58184505,4.2881665,3.132197,0.0966517,0.0,0.0,0.0,1.7267673,4.098208,0.0,0.0,0.34542924,0.6253188,0.0,2024-09-25,16,0.2,True,100,5,32,True
1.9811242,6.348153,0.5812976,4.285515,3.1313784,0.09969481,0.0,0.0,0.0,1.7251979,4.093589,0.0,0.0,0.345664,0.6332817,0.0,2024-09-26,16,0.2,True,100,5,32,True
1.9819686,6.361244,0.58204985,4.2892013,3.137123,0.109305695,0.0,0.0,0.0,1.7221239,4.094373,0.0,0.0,0.3376967,0.6289943,0.0,2024-09-27,16,0.2,True,100,5,32,True
1.9758623,6.361449,0.58327705,4.2903657,3.1428485,0.11512622,0.0,0.0,0.0,1.7194345,4.0950527,0.0,0.0,0.34003663,0.6374867,0.0,2024-09-30,16,0.2,True,100,5,32,True
1.9661515,6.3517466,0.5802939,4.289766,3.148119,0.114852,0.0,0.0,0.0,1.7161677,4.095312,0.0,0.0,0.3512632,0.6546282,0.0,2024-10-02,16,0.2,True,100,5,32,True
1.9648795,6.349473,0.57238126,4.291598,3.1528144,0.11396724,0.0,0.0,0.0,1.7115786,4.0944896,0.0,0.0,0.35778102,0.66382325,0.0,2024-10-04,16,0.2,True,100,5,32,True
1.9579823,6.3305597,0.570006,4.283784,3.1518397,0.110936806,0.0,0.0,0.0,1.7040267,4.082091,0.0,0.0,0.365614,0.6782655,0.0,2024-10-07,16,0.2,True,100,5,32,True
1.9529921,6.3179646,0.5671648,4.2792754,3.1515698,0.1098064,0.0,0.0,0.0,1.6971793,4.0738635,0.0,0.0,0.37288675,0.690152,0.0,2024-10-08,16,0.2,True,100,5,32,True
1.9474025,6.3029256,0.56521755,4.2746696,3.1548593,0.106186144,0.0,0.0,0.0,1.6898098,4.066062,0.0,0.0,0.38082215,0.7026045,0.0,2024-10-10,16,0.2,True,100,5,32,True
1.9411668,6.283858,0.561122,4.271744,3.160799,0.096887484,0.0,0.0,0.0,1.6852866,4.062168,0.0,0.0,0.39342102,0.72082865,0.0,2024-10-11,16,0.2,True,100,5,32,True
1.9346116,6.2661276,0.55964375,4.2677183,3.163644,0.0914585,0.0,0.0,0.0,1.6800541,4.056446,0.0,0.0,0.40383914,0.73576796,0.0,2024-10-14,16,0.2,True,100,5,32,True
1.9328462,6.250193,0.5593616,4.265382,3.1698306,0.08255026,0.0,0.0,0.0,1.6764188,4.0513706,0.0,0.0,0.4087984,0.74746335,0.0,2024-10-15,16,0.2,True,100,5,32,True
1.934935,6.2435126,0.56297445,4.266872,3.1808076,0.07485297,0.0,0.0,0.0,1.6746899,4.04896,0.0,0.0,0.4080911,0.7537328,0.0,2024-10-16,16,0.2,True,100,5,32,True
1.9373128,6.236681,0.5682144,4.268192,3.1900988,0.06664816,0.0,0.0,0.0,1.6740652,4.0456095,0.0,0.0,0.4065634,0.76117504,0.0,2024-10-17,16,0.2,True,100,5,32,True
1.9371562,6.2179008,0.5692967,4.2682343,3.196088,0.05324834,0.0,0.0,0.0,1.6741142,4.0415206,0.0,0.0,0.41289675,0.77843475,0.0,2024-10-18,16,0.2,True,100,5,32,True
1.9367944,6.2021074,0.57400995,4.2665086,3.2006655,0.043055527,0.0,0.0,0.0,1.6729954,4.0339904,0.0,0.0,0.41530395,0.79059136,0.0,2024-10-21,16,0.2,True,100,5,32,True
1.935595,6.184971,0.58008224,4.2617717,3.2032356,0.033616327,0.0,0.0,0.0,1.6695615,4.0211325,0.0,0.0,0.41471308,0.7999144,0.0,2024-10-22,16,0.2,True,100,5,32,True
1.9343427,6.1697006,0.585901,4.254441,3.2000272,0.027099714,0.0,0.0,0.0,1.6652534,4.0045896,0.0,0.0,0.41179815,0.80644697,0.0,2024-10-23,16,0.2,True,100,5,32,True
1.935641,6.1586156,0.59023625,4.2510953,3.200555,0.019176066,0.0,0.0,0.0,1.6647152,3.995365,0.0,0.0,0.41005278,0.81488234,0.0,2024-10-24,16,0.2,True,100,5,32,True
1.9439152,6.165881,0.5975352,4.2508216,3.202278,0.01769353,0.0,0.0,0.0,1.6664886,3.9893577,0.0,0.0,0.39495182,0.8062984,0.0,2024-10-25,16,0.2,True,100,5,32,True
1.9512739,6.172145,0.60625446,4.2497354,3.2047207,0.014549073,0.0,0.0,0.0,1.668913,3.9828596,0.0,0.0,0.38042825,0.80012,0.0,2024-10-28,16,0.2,True,100,5,32,True
1.9586973,6.18088,0.61467934,4.249296,3.205956,0.014161181,0.0,0.0,0.0,1.671555,3.9775612,0.0,0.0,0.36393562,0.79075724,0.0,2024-10-29,16,0.2,True,100,5,32,True
1.9627346,6.1779957,0.6246272,4.246974,3.211438,0.007270124,0.0,0.0,0.0,1.6748405,3.9695945,0.0,0.0,0.35135064,0.79063654,0.0,2024-10-30,16,0.2,True,100,5,32,True
1.9719211,6.1944184,0.63381904,4.248107,3.214924,0.009535927,0.0,0.0,0.0,1.6764374,3.9639359,0.0,0.0,0.33091167,0.775495,0.0,2024-10-31,16,0.2,True,100,5,32,True
1.9797381,6.2044992,0.6359939,4.248592,3.212316,0.009345692,0.0,0.0,0.0,1.6790535,3.9587626,0.0,0.0,0.3180019,0.7677504,0.0,2024-11-01,16,0.2,True,100,5,32,True
1.9896413,6.2091136,0.6316974,4.250628,3.2129118,0.0037702061,0.0,0.0,0.0,1.6813611,3.9553866,0.0,0.0,0.31089592,0.76489043,0.0,2024-11-04,16,0.2,True,100,5,32,True
1.9963055,6.206966,0.62789154,4.2504888,3.212148,0.0,0.0,0.0,0.0029367497,1.6826442,3.9500277,0.0,0.0,0.3073808,0.7660032,0.0,2024-11-05,16,0.2,True,100,5,32,True
1.9976087,6.195747,0.6216721,4.2476807,3.2082138,0.0,0.0,0.0,0.0074425964,1.6830155,3.9435532,0.0,0.0,0.31123555,0.77453756,0.0,2024-11-06,16,0.2,True,100,5,32,True
1.9998031,6.1833086,0.6139667,4.2443366,3.20301,0.0,0.0,0.0,0.012667166,1.6814923,3.9353278,0.0,0.0,0.31493384,0.7833951,0.0,2024-11-07,16,0.2,True,100,5,32,True
1.9971708,6.1554947,0.6072931,4.235203,3.195958,0.0,0.0,0.0,0.019312618,1.6775162,3.9196658,0.0,0.0,0.3231849,0.80077213,0.0,2024-11-08,16,0.2,True,100,5,32,True
1.9936483,6.1280785,0.5990166,4.227494,3.1877959,0.0,0.0,0.0,0.025890334,1.6723809,3.9042025,0.0,0.0,0.33499867,0.8203783,0.0,2024-11-11,16,0.2,True,100,5,32,True
1.995861,6.1177764,0.59378976,4.2224755,3.1819847,0.0,0.0,0.0,0.031183627,1.6668026,3.8900144,0.0,0.0,0.3364592,0.8244144,0.0,2024-11-12,16,0.2,True,100,5,32,True
1.9961808,6.1001463,0.584239,4.2153196,3.1747017,0.0,0.0,0.0,0.037678156,1.6587888,3.8720999,0.0,0.0,0.3448268,0.8366377,0.0,2024-11-13,16,0.2,True,100,5,32,True
1.9951077,6.0803075,0.57102245,4.207455,3.16514,0.0,0.0,0.0,0.04247622,1.6512197,3.8551319,0.0039380044,0.0,0.36030135,0.85583645,0.0,2024-11-14,16,0.2,True,100,5,32,True
1.9953805,6.0654445,0.556682,4.199315,3.1528623,0.0,0.0,0.0,0.045332894,1.6436791,3.8394868,0.00960559,0.0,0.37344548,0.8698672,0.0,2024-11-15,16,0.2,True,100,5,32,True
1.9963139,6.054406,0.54126143,4.190207,3.1359193,0.0,0.0,0.0,0.045805875,1.6352586,3.8235388,0.01284169,0.0,0.38394126,0.87802863,0.0,2024-11-18,16,0.2,True,100,5,32,True
1.9879172,6.0239453,0.5277429,4.1766305,3.1230457,0.0,0.0,0.0,0.04688217,1.6266865,3.805624,0.022731358,0.0,0.40475705,0.9030298,0.0,2024-11-19,16,0.2,True,100,5,32,True
1.9838676,6.011281,0.51448643,4.166318,3.110329,0.0,0.0,0.0,0.046089686,1.6159608,3.7898226,0.031431314,0.0,0.41541904,0.9117748,0.0,2024-11-20,16,0.2,True,100,5,32,True
1.9763163,5.9842854,0.5001517,4.1531057,3.0978076,0.0,0.0,0.0,0.04720268,1.6064574,3.7727091,0.04192009,0.0,0.43078768,0.93071264,0.0,2024-11-21,16,0.2,True,100,5,32,True
1.9710804,5.962918,0.4849353,4.141249,3.0835888,0.0,0.0,0.0,0.04725026,1.5968893,3.758162,0.049516868,0.0,0.44313535,0.94582,0.0,2024-11-22,16,0.2,True,100,5,32,True
1.9632704,5.9334784,0.4639473,4.130154,3.068883,0.0,0.0,0.0,0.04659903,1.5883281,3.7489123,0.053969502,0.0,0.4638736,0.9716711,0.0,2024-11-25,16,0.2,True,100,5,32,True
1.9571252,5.906456,0.4474262,4.119115,3.0559797,0.0,0.0,0.0,0.046437077,1.5799267,3.7396655,0.06125337,0.0,0.47921354,0.9929392,0.0,2024-11-26,16,0.2,True,100,5,32,True
1.9483043,5.8734417,0.43291247,4.10544,3.0426729,0.0,0.0,0.0,0.045920536,1.5721143,3.7279398,0.07028213,0.0,0.49558574,1.017956,0.0,2024-11-27,16,0.2,True,100,5,32,True
1.9431471,5.8448057,0.41965038,4.0927477,3.0313246,0.0,0.0,0.0,0.0463302,1.5663441,3.7179031,0.07999401,0.0,0.5079275,1.0416955,0.0,2024-11-28,16,0.2,True,100,5,32,True
1.9432946,5.8194604,0.40747154,4.0791755,3.0185926,0.0,0.0,0.0,0.048693206,1.5613382,3.7050133,0.090600684,0.0,0.5115492,1.0586352,0.0,2024-11-29,16,0.2,True,100,5,32,True
