latent_0,latent_1,latent_2,latent_3,latent_4,latent_5,latent_6,latent_7,latent_8,latent_9,latent_10,latent_11,latent_12,latent_13,latent_14,latent_15,date,latent_dim,dropout_rate,batchnorm,epochs,early_stopping_patience,batch_size,kernel_regularizer
6.0767803,0.516591,0.0,0.0,0.0,0.0,0.0,0.04318768,6.505009,0.0,0.0,6.6818724,0.0,0.4725872,0.0,0.0,2014-02-17,16,0.2,True,100,5,32,True
6.08769,0.49852842,0.0,0.0,0.0,0.0,0.0,0.04479587,6.5008726,0.0,0.0,6.6851172,0.0,0.47561428,0.0,0.0,2014-02-18,16,0.2,True,100,5,32,True
6.0840917,0.5014701,0.0,0.0,0.0,0.0,0.0,0.04399879,6.502941,0.0,0.0,6.6957583,0.0,0.465493,0.0,0.0,2014-02-19,16,0.2,True,100,5,32,True
6.086835,0.49551895,0.0,0.0,0.0,0.0,0.0,0.046066117,6.50295,0.0,0.0,6.7016044,0.0,0.45883092,0.0,0.0,2014-02-20,16,0.2,True,100,5,32,True
6.0888467,0.48283872,0.0,0.0,0.0,0.0,0.0,0.048434712,6.4949107,0.0,0.0,6.700027,0.0,0.4564219,0.0,0.0,2014-02-21,16,0.2,True,100,5,32,True
6.0945835,0.46061867,0.0,0.0,0.0,0.0,0.0,0.05649107,6.486155,0.0,0.0,6.693547,0.0,0.458932,0.0,0.0,2014-02-24,16,0.2,True,100,5,32,True
6.110244,0.4358403,0.0,0.0,0.0,0.0,0.0,0.06374126,6.4859304,0.0,0.0,6.696083,0.0,0.45909876,0.0,0.0,2014-02-25,16,0.2,True,100,5,32,True
6.115718,0.42996216,0.0,0.0,0.0,0.0,0.0,0.0644497,6.4928384,0.0,0.0,6.7085676,0.0,0.4505789,0.0,0.0,2014-02-26,16,0.2,True,100,5,32,True
6.133452,0.3987791,0.0,0.0,0.0,0.0,0.0,0.07269032,6.489899,0.0,0.0,6.7011456,0.0,0.45908543,0.0,0.0,2014-02-27,16,0.2,True,100,5,32,True
6.1405168,0.38762262,0.0,0.0,0.0,0.0,0.0,0.07822725,6.4939675,0.0,0.0,6.7024493,0.0,0.4561879,0.0,0.0,2014-02-28,16,0.2,True,100,5,32,True
6.1475286,0.36769265,0.0,0.0,0.0,0.0,0.0,0.088536456,6.493872,0.0,0.0,6.6966286,0.0,0.4578497,0.0,0.0,2014-03-03,16,0.2,True,100,5,32,True
6.1474357,0.3630496,0.0,0.0,0.0,0.0,0.0,0.09319997,6.500303,0.0,0.0,6.7027574,0.0,0.44795135,0.0,0.0,2014-03-04,16,0.2,True,100,5,32,True
6.145309,0.35600594,0.0,0.0,0.0,0.0,0.0,0.10043426,6.5004163,0.0,0.0,6.6983085,0.0,0.44351047,0.0,0.0,2014-03-05,16,0.2,True,100,5,32,True
6.149191,0.33775967,0.0,0.0,0.0,0.0,0.0,0.108721495,6.494963,0.0,0.0,6.680846,0.0,0.45226413,0.0,0.0,2014-03-06,16,0.2,True,100,5,32,True
6.150603,0.3281422,0.0,0.0,0.0,0.0,0.0,0.11637008,6.4965324,0.0,0.0,6.671651,0.0,0.4555488,0.0,0.0,2014-03-07,16,0.2,True,100,5,32,True
6.142042,0.33227065,0.0,0.0,0.0,0.0,0.0,0.11878145,6.4973297,0.0,0.0,6.6633997,0.0,0.45531452,0.0,0.0,2014-03-10,16,0.2,True,100,5,32,True
6.144684,0.32434937,0.0,0.0,0.0,0.0,0.0,0.122727275,6.4969,0.0,0.0,6.6508574,0.0,0.46350598,0.0,0.0,2014-03-11,16,0.2,True,100,5,32,True
6.1345763,0.34053594,0.0,0.0,0.0,0.0,0.0,0.1221893,6.5054502,0.0,0.0,6.650049,0.0,0.45863658,0.0,0.0,2014-03-12,16,0.2,True,100,5,32,True
6.1349087,0.33911243,0.0,0.0,0.0,0.0,0.0,0.12579924,6.5030713,0.0,0.0,6.63229,0.0,0.46812144,0.0,0.0,2014-03-13,16,0.2,True,100,5,32,True
6.141036,0.32695928,0.0,0.0,0.0,0.0,0.0,0.1339525,6.498822,0.0,0.0,6.6079545,0.0,0.48666307,0.0,0.0,2014-03-14,16,0.2,True,100,5,32,True
6.136446,0.34086314,0.0,0.0,0.0,0.0,0.0,0.13301921,6.5039177,0.0,0.0,6.6066785,0.0,0.4860369,0.0,0.0,2014-03-17,16,0.2,True,100,5,32,True
6.1373687,0.3457519,0.0,0.0,0.0,0.0,0.0,0.1357262,6.505953,0.0,0.0,6.5944943,0.0,0.4933825,0.0,0.0,2014-03-18,16,0.2,True,100,5,32,True
6.134126,0.35877883,0.0,0.0,0.0,0.0,0.0,0.13698888,6.5140524,0.0,0.0,6.5875964,0.0,0.49545348,0.0,0.0,2014-03-19,16,0.2,True,100,5,32,True
6.127738,0.37282363,0.0,0.0,0.0,0.0,0.0,0.13493082,6.5166965,0.0,0.0,6.578497,0.0,0.4994778,0.0,0.0,2014-03-20,16,0.2,True,100,5,32,True
6.1235876,0.38129583,0.0,0.0,0.0,0.0,0.0,0.13944645,6.5181155,0.0,0.0,6.5668626,0.0,0.49978268,0.0,0.0,2014-03-21,16,0.2,True,100,5,32,True
6.1119323,0.39988706,0.0,0.0,0.0,0.0,0.0,0.13939983,6.517899,0.0,0.0,6.559346,0.0,0.49749374,0.0,0.0,2014-03-24,16,0.2,True,100,5,32,True
6.104536,0.40375626,0.0,0.0,0.0,0.0,0.0,0.14155194,6.510177,0.0,0.0,6.5393176,0.0,0.50525844,0.0,0.0,2014-03-25,16,0.2,True,100,5,32,True
6.08459,0.43343452,0.0,0.0,0.0,0.0,0.0,0.13826242,6.5124583,0.0,0.0,6.537508,0.0,0.49429998,0.0,0.0,2014-03-26,16,0.2,True,100,5,32,True
6.075511,0.43922892,0.0,0.0,0.0,0.0,0.0,0.13936913,6.5050387,0.0,0.0,6.5177574,0.0,0.5022747,0.0,0.0,2014-03-27,16,0.2,True,100,5,32,True
6.0571613,0.45682755,0.0,0.0,0.0,0.0,0.0,0.1338902,6.498839,0.0,0.0,6.5029964,0.0,0.50288695,0.0,0.0,2014-03-28,16,0.2,True,100,5,32,True
6.0293145,0.48404732,0.0,0.0,0.0,0.0,0.0,0.13257107,6.490711,0.0,0.0,6.4865227,0.0,0.49663955,0.0,0.0,2014-03-31,16,0.2,True,100,5,32,True
6.015512,0.4893922,0.0,0.0,0.0,0.0,0.0,0.13318214,6.477836,0.0,0.0,6.4643397,0.0,0.5045198,0.0,0.0,2014-04-01,16,0.2,True,100,5,32,True
5.992337,0.5178953,0.0,0.0,0.0,0.0,0.0,0.124053374,6.4801316,0.0,0.0,6.469947,0.0,0.49519297,0.0,0.0,2014-04-02,16,0.2,True,100,5,32,True
5.981313,0.53018534,0.0,0.0,0.0,0.0,0.0,0.117297605,6.4795055,0.0,0.0,6.4726844,0.0,0.4974505,0.0,0.0,2014-04-03,16,0.2,True,100,5,32,True
5.97755,0.5375241,0.0,0.0,0.0,0.0,0.0,0.10643838,6.476422,0.0,0.0,6.478123,0.0,0.5057151,0.0,0.0,2014-04-04,16,0.2,True,100,5,32,True
5.9544435,0.5595677,0.0,0.0,0.0,0.0,0.0,0.10103238,6.470256,0.0,0.0,6.4863605,0.0,0.49757573,0.0,0.0,2014-04-07,16,0.2,True,100,5,32,True
5.955122,0.5445567,0.0,0.0,0.0,0.0,0.0,0.10064584,6.452371,0.0,0.0,6.4796057,0.0,0.510293,0.0,0.0,2014-04-08,16,0.2,True,100,5,32,True
5.9680037,0.51879996,0.0,0.0,0.0,0.0,0.0,0.09955866,6.4392924,0.0,0.0,6.4790945,0.0,0.5265681,0.0,0.0,2014-04-09,16,0.2,True,100,5,32,True
5.9750757,0.5042635,0.0,0.0,0.0,0.0,0.0,0.094597414,6.4287124,0.0,0.0,6.4770865,0.0,0.5415445,0.0,0.0,2014-04-10,16,0.2,True,100,5,32,True
5.9891105,0.4832342,0.0,0.0,0.0,0.0,0.0,0.09461632,6.42134,0.0,0.0,6.470524,0.0,0.5592234,0.0,0.0,2014-04-11,16,0.2,True,100,5,32,True
5.992745,0.479048,0.0,0.0,0.0,0.0,0.0,0.09053146,6.4186997,0.0,0.0,6.472068,0.0,0.56281865,0.0,0.0,2014-04-14,16,0.2,True,100,5,32,True
6.0158863,0.45450845,0.0,0.0,0.0,0.0,0.0,0.091067456,6.4198146,0.0,0.0,6.466801,0.0,0.57978386,0.0,0.0,2014-04-15,16,0.2,True,100,5,32,True
6.0349407,0.44090697,0.0,0.0,0.0,0.0,0.0,0.08840439,6.426786,0.0,0.0,6.464266,0.0,0.5899221,0.0,0.0,2014-04-16,16,0.2,True,100,5,32,True
6.0635066,0.40574074,0.0,0.0,0.0,0.0,0.0,0.09234761,6.4225864,0.0,0.0,6.443974,0.0,0.61597085,0.0,0.0,2014-04-17,16,0.2,True,100,5,32,True
6.0875187,0.3887236,0.0,0.0,0.0,0.0,0.0,0.09071177,6.4285903,0.0,0.0,6.4344707,0.0,0.63083357,0.0,0.0,2014-04-18,16,0.2,True,100,5,32,True
6.1110234,0.37069482,0.0,0.0,0.0,0.0,0.0,0.09019029,6.4370737,0.0,0.0,6.4225984,0.0,0.64892083,0.0,0.0,2014-04-21,16,0.2,True,100,5,32,True
6.132348,0.35952467,0.0,0.0,0.0,0.0,0.0,0.08526683,6.4506884,0.0,0.0,6.4155464,0.0,0.66375273,0.0,0.0,2014-04-22,16,0.2,True,100,5,32,True
6.159828,0.34319088,0.0,0.0,0.0,0.0,0.0,0.083577394,6.4657063,0.0,0.0,6.4053054,0.0,0.68134636,0.0,0.0,2014-04-23,16,0.2,True,100,5,32,True
6.189033,0.3309474,0.0,0.0,0.0,0.0,0.0,0.07837719,6.4854393,0.0,0.0,6.3947835,0.0,0.69906,0.0,0.0,2014-04-24,16,0.2,True,100,5,32,True
6.216097,0.33013663,0.0,0.0,0.0,0.0,0.0,0.07389358,6.511999,0.0,0.0,6.3956,0.0,0.70752686,0.0,0.0,2014-04-25,16,0.2,True,100,5,32,True
6.2511153,0.30977398,0.0,0.0,0.0,0.0,0.0,0.07110781,6.529267,0.0,0.0,6.3855996,0.0,0.7309914,0.0,0.0,2014-04-28,16,0.2,True,100,5,32,True
6.288632,0.29164484,0.0,0.0,0.0,0.0,0.0,0.071376026,6.549457,0.0,0.0,6.378006,0.0,0.7530597,0.0,0.0,2014-04-29,16,0.2,True,100,5,32,True
6.324293,0.27830017,0.0,0.0,0.0,0.0,0.0,0.07378885,6.571488,0.0,0.0,6.376657,0.0,0.7694256,0.0,0.0,2014-04-30,16,0.2,True,100,5,32,True
6.360908,0.258249,0.0,0.0,0.0,0.0,0.0,0.077690996,6.592125,0.0,0.0,6.373844,0.0,0.78911173,0.0,0.0,2014-05-02,16,0.2,True,100,5,32,True
6.391806,0.24469067,0.0,0.0,0.0,0.0,0.0,0.087243244,6.610573,0.0,0.0,6.363814,0.0,0.8034331,0.0,0.0,2014-05-07,16,0.2,True,100,5,32,True
6.4161406,0.23073508,0.0,0.0,0.0,0.0,0.0,0.09598203,6.618529,0.0,0.0,6.347345,0.0,0.8179485,0.0,0.0,2014-05-08,16,0.2,True,100,5,32,True
6.447186,0.1978719,0.0,0.0,0.0,0.0,0.0,0.11562964,6.620934,0.0,0.0,6.3204336,0.0,0.8424897,0.0,0.0,2014-05-09,16,0.2,True,100,5,32,True
6.4771147,0.16522683,0.0,0.0,0.0,0.0,0.0,0.13034752,6.623906,0.0,0.0,6.3013964,0.0,0.866755,0.0,0.0,2014-05-12,16,0.2,True,100,5,32,True
6.500948,0.15059887,0.0,0.0,0.0,0.0,0.0,0.14157683,6.6314445,0.0,0.0,6.2890654,0.0,0.8801599,0.0,0.0,2014-05-13,16,0.2,True,100,5,32,True
6.517356,0.13489547,0.0,0.0,0.0,0.0,0.0,0.15496255,6.633443,0.0,0.0,6.2707534,0.0,0.89536494,0.0,0.0,2014-05-14,16,0.2,True,100,5,32,True
6.5234337,0.13845035,0.0,0.0,0.0,0.0,0.0,0.16153161,6.642194,0.0,0.0,6.2662077,0.0,0.9004353,0.0,0.0,2014-05-15,16,0.2,True,100,5,32,True
6.533458,0.13170825,0.0,0.0,0.0,0.0,0.0,0.17352335,6.648648,0.0,0.0,6.253464,0.0,0.9080143,0.0,0.0,2014-05-16,16,0.2,True,100,5,32,True
6.519521,0.13942505,0.0,0.0,0.0,0.0,0.0,0.18510565,6.641133,0.0,0.0,6.226728,0.0,0.90837777,0.0,0.0,2014-05-19,16,0.2,True,100,5,32,True
6.4960737,0.15818842,0.0,0.0,0.0,0.0,0.0,0.18793914,6.630084,0.0,0.0,6.202938,0.0,0.9056027,0.0,0.0,2014-05-20,16,0.2,True,100,5,32,True
6.47402,0.17412493,0.0,0.0,0.0,0.0,0.0,0.18726109,6.6172776,0.0,0.0,6.17869,0.0,0.9085472,0.0,0.0,2014-05-21,16,0.2,True,100,5,32,True
6.434919,0.23397727,0.0,0.0,0.0,0.0,0.0,0.17405584,6.61646,0.0,0.0,6.1771507,0.0,0.8880809,0.0,0.0,2014-05-22,16,0.2,True,100,5,32,True
6.4016056,0.26445812,0.0,0.0,0.0,0.0,0.0,0.17340723,6.607728,0.0,0.0,6.1567917,0.0,0.87550277,0.0,0.0,2014-05-23,16,0.2,True,100,5,32,True
6.3824253,0.27474403,0.0,0.0,0.0,0.0,0.0,0.17819308,6.603113,0.0,0.0,6.140002,0.0,0.868972,0.0,0.0,2014-05-26,16,0.2,True,100,5,32,True
6.371992,0.2801445,0.0,0.0,0.0,0.0,0.0,0.18115711,6.6043367,0.0,0.0,6.1323886,0.0,0.86430013,0.0,0.0,2014-05-27,16,0.2,True,100,5,32,True
6.357303,0.2946019,0.0,0.0,0.0,0.0,0.0,0.18046537,6.6037555,0.0,0.0,6.130905,0.0,0.85665685,0.0,0.0,2014-05-28,16,0.2,True,100,5,32,True
6.344256,0.3045911,0.0,0.0,0.0,0.0,0.0,0.17912662,6.601514,0.0,0.0,6.125944,0.0,0.8554579,0.0,0.0,2014-05-29,16,0.2,True,100,5,32,True
6.3297276,0.32335043,0.0,0.0,0.0,0.0,0.0,0.18124296,6.6044188,0.0,0.0,6.1234818,0.0,0.843834,0.0,0.0,2014-05-30,16,0.2,True,100,5,32,True
6.3257155,0.32468137,0.0,0.0,0.0,0.0,0.0,0.18957186,6.602567,0.0,0.0,6.1148806,0.0,0.8435627,0.0,0.0,2014-06-02,16,0.2,True,100,5,32,True
6.302775,0.3472543,0.0,0.0,0.0,0.0,0.0,0.19568186,6.5939612,0.0,0.0,6.1004763,0.0,0.83405524,0.0,0.0,2014-06-03,16,0.2,True,100,5,32,True
6.2869186,0.35162392,0.0,0.0,0.0,0.0,0.0,0.20744029,6.5812845,0.0,0.0,6.078038,0.0,0.8344561,0.0,0.0,2014-06-05,16,0.2,True,100,5,32,True
6.2606945,0.37593254,0.0,0.0,0.0,0.0,0.0,0.21779767,6.568676,0.0,0.0,6.053787,0.0,0.82537335,0.0,0.0,2014-06-09,16,0.2,True,100,5,32,True
6.225534,0.40868255,0.0,0.0,0.0,0.0,0.0,0.22271365,6.5541916,0.0,0.0,6.031651,0.0,0.8104204,0.0,0.0,2014-06-10,16,0.2,True,100,5,32,True
6.2007713,0.41911706,0.0,0.0,0.0,0.0,0.0,0.23302393,6.535978,0.0,0.0,5.9992194,0.0,0.8070116,0.0,0.0,2014-06-11,16,0.2,True,100,5,32,True
6.178326,0.42852837,0.0,0.0,0.0,0.0,0.0,0.24322943,6.5164156,0.0,0.0,5.9580283,0.0,0.8083131,0.0,0.0,2014-06-12,16,0.2,True,100,5,32,True
6.150404,0.45004275,0.0,0.0,0.0,0.0,0.0,0.25038275,6.4991217,0.0,0.0,5.9171004,0.0,0.8059569,0.0,0.0,2014-06-13,16,0.2,True,100,5,32,True
6.1174355,0.4780932,0.0,0.0,0.0,0.0,0.0,0.2503584,6.4774156,0.0,0.0,5.8734064,0.0,0.8051329,0.0,0.0,2014-06-16,16,0.2,True,100,5,32,True
6.0868306,0.506936,0.0,0.0,0.0,0.0,0.0,0.2531251,6.4587927,0.0,0.0,5.8274283,0.0,0.8028621,0.0,0.0,2014-06-17,16,0.2,True,100,5,32,True
6.05456,0.5389759,0.0,0.0,0.0,0.0,0.0,0.25096458,6.4394193,0.0,0.0,5.785676,0.0,0.8017617,0.0,0.0,2014-06-18,16,0.2,True,100,5,32,True
6.0234904,0.57208997,0.0,0.0,0.0,0.0,0.0,0.2451744,6.4253016,0.0,0.0,5.7572956,0.0,0.79678553,0.0,0.0,2014-06-19,16,0.2,True,100,5,32,True
6.003349,0.6059963,0.0,0.0,0.0,0.0,0.0,0.2425207,6.426971,0.0,0.0,5.7414494,0.0,0.7842118,0.0,0.0,2014-06-20,16,0.2,True,100,5,32,True
5.993522,0.62486845,0.0,0.0,0.0,0.0,0.0,0.24484979,6.4262395,0.0,0.0,5.7134447,0.0,0.7809312,0.0,0.0,2014-06-23,16,0.2,True,100,5,32,True
5.967859,0.6634907,0.0,0.0,0.0,0.0,0.0,0.24309884,6.42926,0.0,0.0,5.6985564,0.0,0.76070726,0.0,0.0,2014-06-24,16,0.2,True,100,5,32,True
5.95541,0.67425317,0.0,0.0,0.0,0.0,0.0,0.2475994,6.42846,0.0,0.0,5.6730785,0.0,0.75374365,0.0,0.0,2014-06-25,16,0.2,True,100,5,32,True
5.9489512,0.67208755,0.0,0.0,0.0,0.0,0.0,0.25768933,6.426388,0.0,0.0,5.644899,0.0,0.7470581,0.0,0.0,2014-06-26,16,0.2,True,100,5,32,True
5.9294143,0.6824761,0.0,0.0,0.0,0.0,0.0,0.26725528,6.4259896,0.0,0.0,5.6279154,0.0,0.7290142,0.0,0.0,2014-06-27,16,0.2,True,100,5,32,True
5.913464,0.6822011,0.0,0.0,0.0,0.0,0.0,0.28086358,6.4216695,0.0,0.0,5.6078577,0.0,0.71397126,0.0,0.0,2014-06-30,16,0.2,True,100,5,32,True
5.892828,0.6836591,0.0,0.0,0.0,0.0,0.0,0.28976157,6.4176745,0.0,0.0,5.595115,0.0,0.7016906,0.0,0.0,2014-07-01,16,0.2,True,100,5,32,True
5.855522,0.7127607,0.0,0.0,0.0,0.0,0.0,0.2996492,6.4177775,0.0,0.0,5.5866113,0.0,0.6704294,0.0,0.0,2014-07-02,16,0.2,True,100,5,32,True
5.8390565,0.7011485,0.0,0.0,0.0,0.0,0.0,0.3233388,6.4120145,0.0,0.0,5.5526323,0.0,0.65881985,0.0,0.0,2014-07-03,16,0.2,True,100,5,32,True
5.8150525,0.70174724,0.0,0.0,0.0,0.0,0.0,0.34242675,6.406674,0.0,0.0,5.522524,0.0,0.6430068,0.0,0.0,2014-07-04,16,0.2,True,100,5,32,True
5.7966256,0.6878983,0.0,0.0,0.0,0.0,0.0,0.3652936,6.3944564,0.0,0.0,5.4785414,0.0,0.63623095,0.0,0.0,2014-07-07,16,0.2,True,100,5,32,True
5.7765775,0.6806557,0.0,0.0,0.0,0.0,0.0,0.3892277,6.380884,0.0,0.0,5.427404,0.0,0.62683225,0.0,0.0,2014-07-08,16,0.2,True,100,5,32,True
5.754293,0.68563396,0.0,0.0,0.0,0.0,0.0,0.408385,6.369158,0.0,0.0,5.3767343,0.0,0.61794204,0.0,0.0,2014-07-09,16,0.2,True,100,5,32,True
5.739946,0.6773273,0.0,0.0,0.0,0.0,0.0,0.43746337,6.351631,0.0,0.0,5.3064504,0.0,0.6162556,0.0,0.0,2014-07-10,16,0.2,True,100,5,32,True
5.7158403,0.6857436,0.0,0.0,0.0,0.0,0.0,0.46034732,6.335667,0.0,0.0,5.24459,0.0,0.60908777,0.0,0.0,2014-07-11,16,0.2,True,100,5,32,True
5.6859374,0.70210433,0.0,0.0,0.0,0.0,0.0,0.48089463,6.3143554,0.0,0.0,5.1755953,0.0,0.60172266,0.0,0.0,2014-07-14,16,0.2,True,100,5,32,True
5.6506877,0.7204785,0.0,0.0,0.0,0.0,0.0,0.50135756,6.2938347,0.0,0.0,5.1042414,0.0,0.59499735,0.0,0.0,2014-07-15,16,0.2,True,100,5,32,True
5.605514,0.76002866,0.0,0.0,0.0,0.0,0.0,0.51522714,6.2818785,0.0,0.0,5.047601,0.0,0.57600623,0.0,0.0,2014-07-16,16,0.2,True,100,5,32,True
5.589576,0.7783874,0.0,0.0,0.0,0.0,0.0,0.5300867,6.2866564,0.0,0.0,5.0090785,0.0,0.56594485,0.0,0.0,2014-07-17,16,0.2,True,100,5,32,True
5.5759583,0.800152,0.0,0.0,0.0,0.0,0.0,0.5488626,6.295121,0.0,0.0,4.968608,0.0,0.5506149,0.0,0.0,2014-07-18,16,0.2,True,100,5,32,True
5.5559196,0.830059,0.0,0.0,0.0,0.0,0.0,0.56784546,6.30117,0.0,0.0,4.923662,0.0,0.53321135,0.0,0.0,2014-07-21,16,0.2,True,100,5,32,True
5.540208,0.8463315,0.0,0.0,0.0,0.0,0.0,0.5876013,6.3022556,0.0,0.0,4.8708277,0.0,0.5247852,0.0,0.0,2014-07-22,16,0.2,True,100,5,32,True
5.521928,0.85908216,0.0,0.0,0.0,0.0,0.0,0.60378623,6.3012595,0.0,0.0,4.821851,0.0,0.52032095,0.0,0.0,2014-07-23,16,0.2,True,100,5,32,True
5.503129,0.8738727,0.0,0.0,0.0,0.0,0.0,0.6180207,6.298913,0.0,0.0,4.772784,0.0,0.5177503,0.0,0.0,2014-07-24,16,0.2,True,100,5,32,True
5.491953,0.88400835,0.0,0.0,0.0,0.0,0.0,0.639079,6.2999644,0.0,0.0,4.7167645,0.0,0.5167435,0.0,0.0,2014-07-25,16,0.2,True,100,5,32,True
5.4777837,0.89901817,0.0,0.0,0.0,0.0,0.0,0.6540439,6.2939954,0.0,0.0,4.6550035,0.0,0.51916313,0.0,0.0,2014-07-28,16,0.2,True,100,5,32,True
5.4606237,0.9204018,0.0,0.0,0.0,0.0,0.0,0.6711854,6.29667,0.0,0.0,4.5986233,0.0,0.5155312,0.0,0.0,2014-07-29,16,0.2,True,100,5,32,True
5.439418,0.9451548,0.008965978,0.0,0.0,0.0,0.0,0.6847849,6.298809,0.0,0.0,4.5443764,0.0,0.51588434,0.0,0.0,2014-07-30,16,0.2,True,100,5,32,True
5.428788,0.96475834,0.031183664,0.0,0.0,0.0,0.0,0.70165074,6.302845,0.0,0.0,4.482074,0.0,0.51966536,0.0,0.0,2014-07-31,16,0.2,True,100,5,32,True
5.410273,0.9926243,0.04430838,0.0,0.0,0.0,0.0,0.7147777,6.3059545,0.0,0.0,4.425591,0.0,0.516255,0.0,0.0,2014-08-01,16,0.2,True,100,5,32,True
5.403825,1.017683,0.064871125,0.0,0.0,0.0,0.0,0.73359877,6.3150077,0.0,0.0,4.358823,0.0,0.5156647,0.014850702,0.0,2014-08-04,16,0.2,True,100,5,32,True
5.395696,1.0332332,0.08407916,0.0,0.0,0.0,0.0,0.75652766,6.319758,0.0,0.0,4.2851934,0.0,0.5214392,0.02650915,0.0,2014-08-05,16,0.2,True,100,5,32,True
5.381776,1.0506411,0.09853751,0.0,0.0,0.0,0.0,0.7752209,6.3189607,0.0,0.0,4.213336,0.0,0.5306665,0.039125554,0.0,2014-08-06,16,0.2,True,100,5,32,True
5.373461,1.0603577,0.120360166,0.0,0.0,0.0,0.0,0.7948155,6.315118,0.0,0.0,4.1339784,0.0,0.543296,0.04721973,0.0,2014-08-07,16,0.2,True,100,5,32,True
5.3660617,1.0730859,0.14036344,0.0,0.0,0.0,0.0,0.82021016,6.3150573,0.0,0.0,4.050995,0.0,0.5517602,0.055020615,0.0,2014-08-08,16,0.2,True,100,5,32,True
5.3518167,1.0866559,0.1578888,0.0,0.0,0.0,0.0,0.84034127,6.307962,0.0,0.0,3.970757,0.0,0.56251276,0.069857895,0.0,2014-08-11,16,0.2,True,100,5,32,True
5.347452,1.0899606,0.17964491,0.0,0.0,0.0,0.0,0.86421925,6.3055754,0.0,0.0,3.8895724,0.0,0.57393146,0.07385954,0.0,2014-08-12,16,0.2,True,100,5,32,True
5.3544197,1.0952785,0.20118415,0.0,0.0,0.0,0.0,0.88449836,6.315864,0.0,0.0,3.823181,0.0,0.58709663,0.077884465,0.0,2014-08-13,16,0.2,True,100,5,32,True
5.360541,1.1058558,0.21722117,0.0,0.0,0.0,0.0,0.90077376,6.3308873,0.0,0.0,3.7660148,0.0,0.60061204,0.0839297,0.0,2014-08-14,16,0.2,True,100,5,32,True
5.3685617,1.1150975,0.23712948,0.0,0.0,0.0,0.0,0.9154667,6.3460994,0.0,0.0,3.7077954,0.0,0.6180923,0.08903815,0.0,2014-08-18,16,0.2,True,100,5,32,True
5.3720074,1.1305372,0.2508154,0.0,0.0,0.0,0.0,0.92584467,6.362091,0.0,0.0,3.6583488,0.0,0.63398904,0.099822275,0.0,2014-08-19,16,0.2,True,100,5,32,True
5.3745255,1.141439,0.26904127,0.0,0.0,0.0,0.0,0.9369389,6.3739104,0.0,0.0,3.6015563,0.0,0.6523963,0.11304596,0.0,2014-08-20,16,0.2,True,100,5,32,True
5.377571,1.154863,0.2889063,0.0,0.0,0.0,0.0,0.9477402,6.383023,0.0,0.0,3.536907,0.0,0.67396927,0.12755486,0.0,2014-08-21,16,0.2,True,100,5,32,True
5.374432,1.1812828,0.30209404,0.0,0.0,0.0,0.0,0.955325,6.3918047,0.0,0.0,3.476087,0.0,0.6952194,0.15000124,0.0,2014-08-22,16,0.2,True,100,5,32,True
5.3767533,1.2039506,0.3228256,0.0,0.0,0.0,0.0,0.97281647,6.4010196,0.0,0.0,3.4014082,0.0,0.7155484,0.17173575,0.0,2014-08-25,16,0.2,True,100,5,32,True
5.382917,1.2142836,0.35280433,0.0,0.0,0.0,0.0,0.992416,6.406335,0.0,0.0,3.3219652,0.0,0.73953325,0.19503736,0.0,2014-08-26,16,0.2,True,100,5,32,True
5.3922963,1.223854,0.3798299,0.0,0.0,0.0,0.0,1.0185372,6.4197583,0.0,0.0,3.2436352,0.0,0.7583576,0.2066293,0.0,2014-08-27,16,0.2,True,100,5,32,True
5.3967834,1.2385882,0.4046369,0.0,0.0,0.0,0.0,1.0453657,6.430916,0.0,0.0,3.163982,0.0,0.77601373,0.22154972,0.0,2014-08-28,16,0.2,True,100,5,32,True
5.4033027,1.2485955,0.43619022,0.0,0.0,0.0,0.0,1.0756956,6.434976,0.0,0.0,3.0706236,0.0,0.7953948,0.23680285,0.0,2014-08-29,16,0.2,True,100,5,32,True
5.400641,1.2645223,0.4572838,0.0,0.0,0.0,0.0,1.0964795,6.4347706,0.0,0.0,2.9930983,0.0,0.8131776,0.2566849,0.0,2014-09-01,16,0.2,True,100,5,32,True
5.390415,1.2845458,0.47125873,0.0,0.0,0.0,0.0,1.1218407,6.4386744,0.0,0.0,2.9215977,0.0,0.8234165,0.27603197,0.0,2014-09-02,16,0.2,True,100,5,32,True
5.3915176,1.2894585,0.49712956,0.004298087,0.0,0.0,0.0,1.1520112,6.440985,0.0,0.0,2.8444438,0.0,0.8360655,0.28960767,0.0,2014-09-03,16,0.2,True,100,5,32,True
5.396312,1.2918605,0.5233184,0.036148388,0.0,0.0,0.0,1.1859814,6.446333,0.0,0.0,2.7667842,0.0,0.8460712,0.29757583,0.0,2014-09-04,16,0.2,True,100,5,32,True
5.394028,1.2981814,0.5417775,0.067530885,0.0,0.0,0.0,1.2118094,6.4490285,0.0,0.0,2.7044172,0.0,0.85591596,0.31288335,0.0,2014-09-05,16,0.2,True,100,5,32,True
5.393924,1.3068389,0.56224674,0.104794815,0.0,0.0,0.0,1.2455858,6.4536166,0.0,0.0,2.6299515,0.0,0.86405706,0.32499346,0.0,2014-09-11,16,0.2,True,100,5,32,True
5.3907557,1.3053014,0.5873827,0.1321582,0.0,0.0,0.0,1.2717537,6.4428563,0.0,0.0,2.5558953,0.0,0.8784951,0.34015426,0.0,2014-09-12,16,0.2,True,100,5,32,True
5.395744,1.3047987,0.60974234,0.1540315,0.0,0.0,0.0,1.2991743,6.4426856,0.0,0.0,2.4900613,0.0,0.8898312,0.3424231,0.0,2014-09-15,16,0.2,True,100,5,32,True
5.401861,1.3106341,0.6326618,0.18340613,0.0,0.0,0.0,1.332796,6.4460254,0.0,0.0,2.4146633,0.0,0.8990881,0.33916312,0.0,2014-09-16,16,0.2,True,100,5,32,True
5.4099617,1.3134335,0.6537885,0.20178984,0.0,0.0,0.0,1.3576447,6.446747,0.0,0.0,2.354947,0.0,0.9088129,0.33907557,0.0,2014-09-17,16,0.2,True,100,5,32,True
5.4103417,1.3156841,0.6690347,0.21168298,0.0,0.0,0.0,1.3695283,6.4394145,0.0,0.0,2.31299,0.0,0.9216527,0.34730664,0.0,2014-09-18,16,0.2,True,100,5,32,True
5.4016166,1.3238562,0.67732203,0.23367804,0.0,0.0,0.0,1.383958,6.4327164,0.0,0.0,2.270905,0.0,0.9297131,0.35939652,0.0,2014-09-19,16,0.2,True,100,5,32,True
5.404657,1.325306,0.69547755,0.25267133,0.0,0.0,0.0,1.4082291,6.435014,0.0,0.0,2.2183347,0.0,0.9383627,0.36250326,0.0,2014-09-22,16,0.2,True,100,5,32,True
5.40682,1.3270549,0.7125814,0.27276823,0.0,0.0,0.0,1.4298321,6.4347544,0.0,0.0,2.1679273,0.0,0.94664663,0.36980984,0.0,2014-09-23,16,0.2,True,100,5,32,True
5.3987823,1.3311453,0.7228753,0.29503337,0.0,0.0,0.0,1.4453433,6.425718,0.0,0.0,2.1217277,0.0,0.95578164,0.38185716,0.0,2014-09-24,16,0.2,True,100,5,32,True
5.3897333,1.3471212,0.7238877,0.3228457,0.0,0.0,0.0,1.4578832,6.4255095,0.0,0.0,2.0833364,0.0,0.96227247,0.39248067,0.0,2014-09-25,16,0.2,True,100,5,32,True
5.3771453,1.3704437,0.720386,0.35744736,0.0,0.0,0.0,1.469921,6.427509,0.0,0.0,2.0433395,0.0,0.96749187,0.40171498,0.0,2014-09-26,16,0.2,True,100,5,32,True
5.369371,1.3778293,0.7317628,0.38271263,0.0,0.0,0.0,1.4887083,6.422122,0.0,0.0,1.9895208,0.0,0.9768976,0.40769324,0.0,2014-09-29,16,0.2,True,100,5,32,True
5.357878,1.3893654,0.7328974,0.41322616,0.0,0.0,0.0,1.5055217,6.4198723,0.0,0.0,1.9474038,0.0,0.9796716,0.4097367,0.0,2014-09-30,16,0.2,True,100,5,32,True
5.3443923,1.395946,0.73671377,0.44293207,0.0,0.0,0.0,1.5263256,6.4153953,0.0,0.0,1.9032055,0.0,0.98053247,0.41050407,0.0,2014-10-01,16,0.2,True,100,5,32,True
5.3294563,1.3999699,0.7402128,0.4725641,0.0,0.0,0.0,1.5464035,6.4052033,0.0,0.0,1.8567413,0.0,0.9794101,0.40683305,0.0,2014-10-02,16,0.2,True,100,5,32,True
5.3082867,1.4117458,0.73487717,0.5063538,0.0,0.0,0.0,1.5629474,6.397101,0.0,0.0,1.8216876,0.0,0.9735448,0.40528747,0.0,2014-10-06,16,0.2,True,100,5,32,True
5.2807484,1.423743,0.7240043,0.5345685,0.0,0.0,0.0,1.5726923,6.3861523,0.0,0.0,1.8029385,0.0,0.9682343,0.40379024,0.0,2014-10-07,16,0.2,True,100,5,32,True
5.247787,1.4368526,0.7103974,0.56843543,0.0,0.0,0.0,1.5822983,6.3689685,0.0,0.0,1.7828616,0.0,0.95914227,0.40213004,0.0,2014-10-08,16,0.2,True,100,5,32,True
5.210321,1.4569243,0.69146204,0.6056463,0.0,0.0,0.0,1.591555,6.3553114,0.0,0.0,1.7705133,0.0,0.946387,0.40606877,0.0,2014-10-10,16,0.2,True,100,5,32,True
5.158379,1.4827461,0.66035414,0.64900017,0.0,0.0,0.0,1.5944598,6.3310122,0.0,0.0,1.7640363,0.0,0.93111855,0.4119217,0.0,2014-10-13,16,0.2,True,100,5,32,True
5.1126246,1.5051048,0.6311746,0.6929725,0.0,0.0,0.0,1.6059511,6.3167696,0.0,0.0,1.7603931,0.0,0.90983266,0.41533518,0.0,2014-10-14,16,0.2,True,100,5,32,True
5.0790043,1.5002962,0.6225611,0.7198477,0.0,0.0,0.0,1.6244739,6.2933083,0.0,0.0,1.7431417,0.0,0.8943502,0.41281164,0.0,2014-10-15,16,0.2,True,100,5,32,True
5.0425353,1.5037109,0.60125214,0.7507826,0.0,0.0,0.0,1.6393766,6.2761397,0.0,0.0,1.7424974,0.0,0.8728168,0.40926865,0.0,2014-10-16,16,0.2,True,100,5,32,True
4.9897537,1.5122272,0.5679884,0.7847231,0.0,0.0,0.0,1.6415361,6.2438664,0.0,0.0,1.7524287,0.0,0.8513618,0.40986496,0.0,2014-10-17,16,0.2,True,100,5,32,True
4.9351344,1.5162512,0.53869814,0.8149654,0.0,0.0,0.0,1.6462315,6.210545,0.0,0.0,1.7642004,0.0,0.83145106,0.411545,0.0,2014-10-20,16,0.2,True,100,5,32,True
4.892565,1.5177373,0.51384926,0.84036654,0.0,0.0,0.0,1.655995,6.1900644,0.0,0.0,1.7786237,0.0,0.8097447,0.41098216,0.0,2014-10-21,16,0.2,True,100,5,32,True
4.844145,1.518891,0.4835984,0.862989,0.0,0.0,0.0,1.658185,6.166287,0.0,0.0,1.8063956,0.0,0.78875947,0.41163015,0.0,2014-10-22,16,0.2,True,100,5,32,True
4.802894,1.5131919,0.45808038,0.8785914,0.0,0.0,0.0,1.6622494,6.145232,0.0,0.0,1.8354657,0.0,0.766538,0.41462484,0.0,2014-10-23,16,0.2,True,100,5,32,True
4.7574086,1.5125469,0.4236133,0.89645576,0.0,0.0,0.0,1.6628988,6.1266155,0.0,0.0,1.8748341,0.0,0.7420675,0.41887936,0.0,2014-10-24,16,0.2,True,100,5,32,True
4.70839,1.5085242,0.3882471,0.913626,0.0,0.0,0.0,1.6606653,6.1002345,0.0,0.0,1.9150714,0.0,0.716498,0.42876312,0.0,2014-10-27,16,0.2,True,100,5,32,True
4.6646857,1.4983954,0.35761502,0.9292747,0.0,0.0,0.0,1.6626989,6.077066,0.0,0.0,1.9500134,0.0,0.69095296,0.4348536,0.0,2014-10-28,16,0.2,True,100,5,32,True
4.623367,1.474773,0.33336693,0.9360238,0.0,0.0,0.0,1.6659805,6.0466785,0.0,0.0,1.9790958,0.0,0.66642433,0.4328627,0.0,2014-10-29,16,0.2,True,100,5,32,True
4.5694036,1.4562281,0.30090195,0.94467986,0.0,0.0,0.0,1.6616588,6.00588,0.0,0.0,2.0140488,0.0,0.6415237,0.43379626,0.0,2014-10-30,16,0.2,True,100,5,32,True
4.5139365,1.4468958,0.261019,0.9567271,0.0,0.0,0.0,1.6555,5.970299,0.0,0.0,2.056218,0.0,0.61302716,0.4363562,0.0,2014-10-31,16,0.2,True,100,5,32,True
4.463085,1.437374,0.22476682,0.96610254,0.0,0.0,0.0,1.6528077,5.9379683,0.0,0.0,2.0937958,0.0,0.58585554,0.4385274,0.0,2014-11-03,16,0.2,True,100,5,32,True
4.4160967,1.429627,0.18623096,0.9761576,0.0,0.0,0.0,1.6496367,5.90522,0.0,0.0,2.1308627,0.0,0.55668527,0.44758534,0.0,2014-11-04,16,0.2,True,100,5,32,True
4.3835297,1.4100047,0.15834638,0.9817655,0.0,0.0,0.0,1.654963,5.8767443,0.0,0.0,2.1515017,0.0,0.5282205,0.44522887,0.0,2014-11-05,16,0.2,True,100,5,32,True
4.3383737,1.4003818,0.11943515,0.9887233,0.0,0.0,0.0,1.6487982,5.8402953,0.0056805275,0.0,2.1830823,0.0,0.502261,0.4508427,0.0,2014-11-06,16,0.2,True,100,5,32,True
4.3037443,1.3794398,0.09213255,0.9875863,0.0,0.0,0.0,1.6490548,5.805218,0.020453615,0.0,2.204343,0.0,0.47849515,0.45690292,0.0,2014-11-07,16,0.2,True,100,5,32,True
4.274115,1.3496228,0.07220349,0.9782387,0.0,0.0,0.0,1.6518974,5.7625117,0.023390159,0.0,2.213754,0.01422891,0.45808345,0.4656538,0.0,2014-11-10,16,0.2,True,100,5,32,True
4.2439914,1.3185633,0.055057507,0.96587455,0.0,0.0,0.0,1.6507676,5.7140555,0.021978598,0.0,2.2178137,0.039928798,0.44394976,0.47487906,0.0,2014-11-11,16,0.2,True,100,5,32,True
4.2211623,1.2906591,0.04248818,0.9580118,0.0,0.0,0.0,1.6564039,5.680225,0.020265438,0.0,2.2161963,0.061438415,0.43154493,0.48080626,0.0,2014-11-12,16,0.2,True,100,5,32,True
4.195561,1.2558287,0.037304513,0.94193584,0.0,0.0,0.0,1.6543132,5.6322293,0.013926161,0.0,2.2100842,0.08085736,0.42615682,0.490414,0.0,2014-11-13,16,0.2,True,100,5,32,True
4.175785,1.2307034,0.032372616,0.9319731,0.0,0.0,0.0,1.6557866,5.599676,0.013655528,0.0,2.2062416,0.09586755,0.4221024,0.50163805,0.0,2014-11-14,16,0.2,True,100,5,32,True
4.1823125,1.1953619,0.043566406,0.90203905,0.0,0.0,0.0,1.6595447,5.5781236,0.0,0.0,2.2014737,0.114764616,0.42361498,0.5108694,0.0,2014-11-17,16,0.2,True,100,5,32,True
4.1910305,1.1631167,0.053496387,0.87916565,0.0,0.0,0.0,1.6665887,5.5641174,0.0,0.0,2.1987164,0.13794234,0.42321452,0.522499,0.0,2014-11-18,16,0.2,True,100,5,32,True
4.209264,1.1248523,0.074066296,0.85913944,0.0,0.0,0.0,1.6869923,5.556955,0.0,0.0,2.174261,0.1641726,0.42274302,0.52778816,0.0,2014-11-19,16,0.2,True,100,5,32,True
4.2173443,1.0887481,0.08887089,0.84003866,0.0,0.0,0.0,1.6959614,5.5359287,0.0,0.0,2.152661,0.1887748,0.42465204,0.5362518,0.0,2014-11-20,16,0.2,True,100,5,32,True
4.2271624,1.0704228,0.0941954,0.83218503,0.0,0.0,0.0,1.7055615,5.5370893,0.0,0.0,2.1475987,0.20530307,0.4238908,0.5438004,0.0,2014-11-21,16,0.2,True,100,5,32,True
4.2377524,1.0392655,0.11140332,0.8139629,0.0,0.0,0.0,1.7143843,5.5245767,0.0,0.0,2.1303241,0.2235567,0.42798194,0.5529767,0.0,2014-11-24,16,0.2,True,100,5,32,True
4.2498674,1.0231622,0.1230041,0.8045219,0.0,0.0,0.0,1.7222626,5.5248694,0.0,0.0,2.1194925,0.23543516,0.43250287,0.5627638,0.0,2014-11-25,16,0.2,True,100,5,32,True
4.2558475,1.0013635,0.13555458,0.79788184,0.0,0.0,0.0,1.7336609,5.5221076,0.0,0.0,2.1067946,0.24649462,0.43424076,0.5694516,0.0,2014-11-26,16,0.2,True,100,5,32,True
4.2546935,0.97821033,0.14841044,0.79043525,0.0,0.0,0.0,1.7411727,5.509876,0.0,0.0,2.0946343,0.25753218,0.43694726,0.58055425,0.0,2014-11-27,16,0.2,True,100,5,32,True
4.256424,0.94457805,0.16916925,0.77532846,0.0,0.0,0.0,1.7495797,5.4896154,0.0,0.0,2.076828,0.27369457,0.44023228,0.59061956,0.0,2014-11-28,16,0.2,True,100,5,32,True
4.2689104,0.91839856,0.19090909,0.77150524,0.0,0.0,0.0,1.771737,5.487446,0.0,0.0,2.0488842,0.29317045,0.43806207,0.5907365,0.0,2014-12-01,16,0.2,True,100,5,32,True
4.2659893,0.9003945,0.19960889,0.7727574,0.0,0.0,0.0,1.7854599,5.4819407,0.0,0.0,2.0411544,0.30891645,0.43326235,0.5954373,0.0,2014-12-02,16,0.2,True,100,5,32,True
4.2718205,0.8711511,0.21709788,0.766859,0.0,0.0,0.0,1.803456,5.478226,0.0,0.0,2.0298078,0.32792476,0.42726484,0.59267366,0.0,2014-12-03,16,0.2,True,100,5,32,True
4.271055,0.8549357,0.22123864,0.76858556,0.0,0.0,0.0,1.8159466,5.479553,0.0,0.0,2.034591,0.34982944,0.416645,0.59556365,0.0,2014-12-04,16,0.2,True,100,5,32,True
4.2739553,0.8330409,0.2313473,0.7686,0.0,0.0,0.0,1.8324338,5.483278,0.0,0.0,2.0321872,0.37036082,0.4064748,0.59338665,0.0,2014-12-05,16,0.2,True,100,5,32,True
4.2653217,0.8207352,0.23478258,0.7678149,0.0,0.0,0.0,1.8365546,5.478827,0.0,0.0,2.0393167,0.38274512,0.40164977,0.6013068,0.0,2014-12-08,16,0.2,True,100,5,32,True
4.2632413,0.7994784,0.24435219,0.76450765,0.0,0.0,0.0,1.8462073,5.4776177,0.0,0.0,2.0419607,0.39770964,0.39461923,0.6023346,0.0,2014-12-09,16,0.2,True,100,5,32,True
4.263398,0.76808065,0.2604535,0.7601082,0.0,0.0,0.0,1.8614424,5.470109,0.0,0.0,2.032435,0.4204064,0.3846189,0.59750473,0.0,2014-12-10,16,0.2,True,100,5,32,True
4.2555313,0.7362146,0.27039608,0.75734746,0.0,0.0,0.0,1.8734031,5.4556947,0.0,0.0,2.029596,0.44507757,0.37166214,0.59358215,0.0,2014-12-11,16,0.2,True,100,5,32,True
4.242803,0.71615696,0.27201378,0.7575823,0.0,0.0,0.0,1.879002,5.44284,0.0,0.0,2.038756,0.4652509,0.3598769,0.5923399,0.0,2014-12-12,16,0.2,True,100,5,32,True
4.234199,0.6968896,0.2750899,0.7595447,0.0,0.0,0.0,1.8898265,5.4366627,0.0,0.0,2.046691,0.48922777,0.34624276,0.59209955,0.0,2014-12-15,16,0.2,True,100,5,32,True
4.2194753,0.69032824,0.26601613,0.75447375,0.0,0.0,0.0,1.8812033,5.4240537,0.0,0.0,2.0744038,0.5003008,0.3395978,0.5957438,0.0,2014-12-16,16,0.2,True,100,5,32,True
4.206415,0.6676776,0.26821232,0.7455432,0.0,0.0,0.0,1.8799255,5.398101,0.0,0.0,2.0833056,0.5204564,0.33239374,0.5958191,0.0,2014-12-17,16,0.2,True,100,5,32,True
4.202123,0.645853,0.2694123,0.7353892,0.0,0.0,0.0,1.8842448,5.383982,0.0,0.0,2.097628,0.5430099,0.32200742,0.59424615,0.0,2014-12-18,16,0.2,True,100,5,32,True
4.194772,0.6342431,0.26377302,0.72879386,0.0,0.0,0.0,1.886398,5.3722873,0.0,0.0,2.1164181,0.5597118,0.31326795,0.5954448,0.0,2014-12-19,16,0.2,True,100,5,32,True
4.1808605,0.62846273,0.25049832,0.7235623,0.0,0.0,0.0,1.8831267,5.3587365,0.0,0.0,2.1429973,0.5706958,0.3050635,0.599576,0.0,2014-12-22,16,0.2,True,100,5,32,True
4.1623487,0.605479,0.2469354,0.7148398,0.0,0.0,0.0,1.8878459,5.329139,0.0,0.0,2.14981,0.5917771,0.29561874,0.6074563,0.0,2014-12-23,16,0.2,True,100,5,32,True
4.1494637,0.5806283,0.24276292,0.70802766,0.0,0.0,0.0,1.8972957,5.3081594,0.0,0.0,2.1578062,0.61254257,0.28363466,0.61042607,0.0,2014-12-24,16,0.2,True,100,5,32,True
4.129435,0.5558793,0.23497015,0.7006602,0.0,0.0,0.0,1.9009849,5.2801046,0.0,0.0,2.1701756,0.6270127,0.27238452,0.61211085,0.0,2014-12-26,16,0.2,True,100,5,32,True
4.1129503,0.5334368,0.22766763,0.6922488,0.0,0.0,0.0,1.9062997,5.259581,0.0,0.0,2.1880686,0.6392956,0.26095614,0.6161237,0.0,2014-12-29,16,0.2,True,100,5,32,True
4.0991116,0.52054167,0.21384993,0.68707335,0.0,0.0,0.0,1.9070681,5.242216,0.0,0.0,2.2126875,0.6536186,0.24898392,0.6205263,0.0,2014-12-30,16,0.2,True,100,5,32,True
4.0757484,0.5027126,0.19853377,0.6807002,0.0,0.0,0.0,1.9055016,5.2076206,0.0,0.0,2.2324717,0.67239296,0.23605107,0.6251297,0.0,2015-01-02,16,0.2,True,100,5,32,True
4.0584297,0.47705933,0.1845279,0.6687471,0.0,0.0,0.0,1.9064606,5.17709,0.0,0.0,2.2568593,0.69470954,0.22118409,0.63202655,0.0,2015-01-05,16,0.2,True,100,5,32,True
4.035618,0.43628863,0.17367637,0.64802045,0.0,0.0,0.0,1.9036402,5.1231976,0.0,0.0,2.2708924,0.72238845,0.20767379,0.6390163,0.0,2015-01-06,16,0.2,True,100,5,32,True
4.0224195,0.3920529,0.16810149,0.6312301,0.0,0.0,0.0,1.9139594,5.0814157,0.0,0.0,2.2756422,0.75790745,0.19005944,0.6436925,0.0,2015-01-07,16,0.2,True,100,5,32,True
4.01043,0.35115486,0.15926075,0.6110145,0.0,0.0,0.0,1.9208986,5.0438004,0.0,0.0,2.2905235,0.7888578,0.17448184,0.6505449,0.0,2015-01-08,16,0.2,True,100,5,32,True
3.9925485,0.30360052,0.15304962,0.5868972,0.0,0.0,0.0,1.9275928,4.994317,0.0,0.0,2.299758,0.8215877,0.16032252,0.66115284,0.0,2015-01-09,16,0.2,True,100,5,32,True
3.9819589,0.24571848,0.15626469,0.5575397,0.0,0.0,0.0,1.9407547,4.945941,0.0,0.0,2.297445,0.85758233,0.14736074,0.67007256,0.0,2015-01-12,16,0.2,True,100,5,32,True
3.9746172,0.19873764,0.1549614,0.5298371,0.0,0.0,0.0,1.9475932,4.9086833,0.0,0.0,2.3063135,0.88531834,0.13752855,0.6797584,0.0,2015-01-13,16,0.2,True,100,5,32,True
3.9672875,0.15829767,0.15422451,0.50207806,0.0,0.0,0.0,1.9500585,4.8722577,0.0,0.0,2.3160148,0.9078949,0.13203616,0.6926521,0.0,2015-01-14,16,0.2,True,100,5,32,True
3.9569628,0.11513178,0.15567404,0.4736828,0.0,0.0,0.0,1.951182,4.825124,0.0,0.0,2.313696,0.93511605,0.12803029,0.7068639,0.0,2015-01-15,16,0.2,True,100,5,32,True
3.9698877,0.07659308,0.1652219,0.44910207,0.0,0.0,0.0,1.9631238,4.8103213,0.0,0.0,2.3089757,0.96254206,0.1226883,0.71295834,0.0,2015-01-16,16,0.2,True,100,5,32,True
3.9721985,0.037099432,0.17302454,0.42568076,0.0,0.0,0.0,1.9727094,4.778055,0.0,0.0,2.2942755,0.9951812,0.11636823,0.7223935,0.0,2015-01-19,16,0.2,True,100,5,32,True
3.9772613,0.005917264,0.1755788,0.39575303,0.0,0.0,0.0,1.9713372,4.7546616,0.0,0.0,2.3017232,1.0137947,0.11499457,0.73330593,0.0,2015-01-20,16,0.2,True,100,5,32,True
3.9847183,0.0,0.18275008,0.37274757,0.0,0.0,0.0,1.975775,4.741267,0.0,0.0,2.3050916,1.0328437,0.110508665,0.7406013,0.0,2015-01-21,16,0.2,True,100,5,32,True
4.0037494,0.0,0.1907844,0.35631272,0.0,0.0,0.0,1.985088,4.749162,0.0,0.0,2.3138635,1.0529369,0.10394457,0.7472602,0.0,2015-01-22,16,0.2,True,100,5,32,True
4.023288,0.0,0.20378685,0.34243923,0.0,0.0,0.0,1.997,4.7547636,0.0,0.0,2.310592,1.0782546,0.097637706,0.7553971,0.0,2015-01-23,16,0.2,True,100,5,32,True
4.030821,0.0,0.21333358,0.3296839,0.0,0.0,0.0,2.000518,4.7458825,0.0,0.0,2.301461,1.0940466,0.09641474,0.76442707,0.0,2015-01-26,16,0.2,True,100,5,32,True
4.0450907,0.0,0.22619948,0.32347086,0.0,0.0,0.0,2.009673,4.7482696,0.0,0.0,2.285096,1.1106967,0.09461274,0.7713027,0.0,2015-01-27,16,0.2,True,100,5,32,True
4.068578,0.0,0.23920143,0.32159966,0.0,0.0,0.0,2.019749,4.7695684,0.0,0.0,2.2751608,1.1192191,0.09415533,0.77335393,0.0,2015-01-28,16,0.2,True,100,5,32,True
4.092047,0.0,0.24865896,0.32109407,0.0,0.0,0.0,2.0278542,4.7963343,0.0,0.0,2.2716846,1.1223752,0.09456204,0.7758374,0.0,2015-01-29,16,0.2,True,100,5,32,True
4.110341,0.0,0.2607593,0.3249407,0.0,0.0,0.0,2.0370686,4.8137593,0.0,0.0,2.2548034,1.1306762,0.09436762,0.7779002,0.0,2015-01-30,16,0.2,True,100,5,32,True
4.1268916,0.0,0.26879868,0.3327255,0.0,0.0,0.0,2.043401,4.8349433,0.0,0.0,2.242186,1.1327387,0.094812706,0.7752981,0.0,2015-02-02,16,0.2,True,100,5,32,True
4.138585,0.0,0.27288145,0.3462001,0.0,0.0,0.0,2.0495172,4.862396,0.0,0.0,2.2352624,1.1291856,0.09368983,0.77005684,0.0,2015-02-03,16,0.2,True,100,5,32,True
4.152842,0.0,0.27709937,0.3651421,0.0,0.0,0.0,2.058667,4.9000187,0.0,0.0,2.2299876,1.125896,0.09015081,0.76156473,0.0,2015-02-04,16,0.2,True,100,5,32,True
4.1702495,0.0,0.28395805,0.38904968,0.0,0.0,0.0,2.0732574,4.9421697,0.0,0.0,2.2173955,1.1295556,0.08443058,0.75262415,0.0,2015-02-05,16,0.2,True,100,5,32,True
4.193551,0.0,0.28972864,0.41094896,0.0,0.0,0.0,2.0882883,4.9938655,0.0,0.0,2.2112522,1.1329942,0.07952289,0.7449049,0.0,2015-02-06,16,0.2,True,100,5,32,True
4.2097898,0.0,0.29736233,0.43480107,0.0,0.0,0.0,2.1014073,5.040404,0.0,0.0,2.202367,1.1322663,0.077395156,0.73913836,0.0,2015-02-09,16,0.2,True,100,5,32,True
4.220174,0.0,0.30824825,0.4665057,0.0,0.0,0.0,2.1193337,5.075254,0.0,0.0,2.1741278,1.14152,0.07496318,0.73510206,0.0,2015-02-10,16,0.2,True,100,5,32,True
4.241217,0.0,0.31629935,0.49542302,0.0,0.029873632,0.0,2.1373856,5.1282177,0.0,0.0,2.1633604,1.1470445,0.07067519,0.727165,0.0,2015-02-11,16,0.2,True,100,5,32,True
4.249403,0.003709522,0.3260498,0.5136376,0.0,0.04714659,0.0,2.1442268,5.152624,0.0,0.0,2.1413639,1.1473448,0.07546818,0.72536004,0.0,2015-02-12,16,0.2,True,100,5,32,True
4.2580953,0.018978871,0.33391154,0.53281325,0.0,0.063009664,0.0,2.1499808,5.1806803,0.0,0.0,2.1224785,1.143433,0.080700584,0.7202524,0.0,2015-02-13,16,0.2,True,100,5,32,True
4.258713,0.04554421,0.33564556,0.5633508,0.0,0.08126697,0.0,2.1532865,5.20975,0.0,0.0,2.0984142,1.1267471,0.08531885,0.7080486,0.0,2015-02-16,16,0.2,True,100,5,32,True
4.2529716,0.06962594,0.33927637,0.590222,0.0,0.09390334,0.0,2.1527898,5.2264605,0.0,0.0,2.06956,1.1083282,0.09378089,0.70113933,0.0,2015-02-17,16,0.2,True,100,5,32,True
4.2628875,0.09682482,0.34562457,0.61846423,0.0,0.11228913,0.0,2.1596122,5.259777,0.0,0.0,2.038401,1.096795,0.099027194,0.6913333,0.0,2015-02-23,16,0.2,True,100,5,32,True
4.269759,0.12592556,0.3527644,0.6543556,0.0,0.1376477,0.0,2.171138,5.292725,0.0,0.0,1.9981941,1.0857552,0.10440885,0.68254876,0.0,2015-02-24,16,0.2,True,100,5,32,True
4.269258,0.15481511,0.357021,0.68873507,0.0,0.16082498,0.0,2.177934,5.3196626,0.0,0.0,1.961085,1.0687393,0.11018826,0.6740433,0.0,2015-02-25,16,0.2,True,100,5,32,True
4.2654824,0.18366253,0.35912934,0.72476333,0.0,0.1860247,0.0,2.1835582,5.3425837,0.0,0.0,1.9218992,1.0521829,0.11503924,0.6649395,0.0,2015-02-26,16,0.2,True,100,5,32,True
4.2570753,0.21390271,0.360985,0.76198214,0.0,0.20845845,0.0,2.1870265,5.361482,0.0,0.0,1.8830034,1.0301886,0.122116596,0.6567075,0.0,2015-02-27,16,0.2,True,100,5,32,True
4.247684,0.24593902,0.3643505,0.8009111,0.0,0.23252568,0.0,2.1912158,5.375479,0.0,0.0,1.8363347,1.0100573,0.12942055,0.64932394,0.0,2015-03-02,16,0.2,True,100,5,32,True
4.226867,0.27633205,0.36336726,0.83165985,0.0,0.24278283,0.0,2.1828778,5.372826,0.0,0.0,1.7970102,0.9777214,0.14195797,0.6456499,0.0,2015-03-03,16,0.2,True,100,5,32,True
4.2137017,0.30686662,0.36561415,0.8629053,0.0,0.25545105,0.0,2.179283,5.3795457,0.0,0.0,1.761626,0.9491222,0.15346737,0.64437973,0.0,2015-03-04,16,0.2,True,100,5,32,True
4.1972127,0.3411427,0.3636857,0.89024085,0.0,0.26014635,0.0,2.1671586,5.3802776,0.0,0.0,1.7320999,0.912251,0.16730347,0.64010084,0.0,2015-03-05,16,0.2,True,100,5,32,True
4.1887703,0.37230656,0.36786526,0.9215665,0.0,0.2736069,0.0,2.167558,5.3936076,0.0,0.0,1.7037417,0.886577,0.17754847,0.6407571,0.0,2015-03-06,16,0.2,True,100,5,32,True
4.1798615,0.40117815,0.37197098,0.95100355,0.0,0.28821853,0.0,2.1680868,5.400814,0.0,0.0,1.672729,0.86605567,0.18784317,0.64384615,0.0,2015-03-09,16,0.2,True,100,5,32,True
4.1634574,0.43005127,0.3702216,0.97562385,0.0,0.2960423,0.0,2.161264,5.395899,0.0,0.0,1.6453279,0.8425097,0.1981773,0.6460285,0.0,2015-03-10,16,0.2,True,100,5,32,True
4.146463,0.45476425,0.36734462,0.9944801,0.0,0.30071604,0.0,2.154518,5.3850307,0.0,0.0,1.6217186,0.82547545,0.20769705,0.65255415,0.0,2015-03-11,16,0.2,True,100,5,32,True
4.1322603,0.46927333,0.36980975,1.0110204,0.0,0.3104665,0.0,2.1534786,5.372829,0.0,0.0,1.5993798,0.820288,0.21585424,0.6625149,0.0,2015-03-12,16,0.2,True,100,5,32,True
4.115738,0.4853042,0.3661119,1.0228605,0.0,0.3117506,0.0,2.1463099,5.3569555,0.0,0.0,1.5879598,0.8104557,0.22472963,0.6693735,0.0,2015-03-13,16,0.2,True,100,5,32,True
4.1009784,0.49484125,0.36831054,1.0376052,0.0,0.3215246,0.0,2.1465077,5.339842,0.0,0.0,1.5666035,0.8102324,0.23083949,0.6750796,0.0,2015-03-16,16,0.2,True,100,5,32,True
4.0871134,0.50776714,0.36721492,1.0491191,0.0,0.3263373,0.0,2.1445365,5.3258767,0.0,0.0,1.5533142,0.8052958,0.23757981,0.68087435,0.0,2015-03-17,16,0.2,True,100,5,32,True
4.0701256,0.5211989,0.3648932,1.0568608,0.0,0.32741696,0.0,2.1358137,5.3050747,0.0,0.0,1.5400008,0.7949771,0.24710087,0.68673813,0.0,2015-03-18,16,0.2,True,100,5,32,True
4.058859,0.5329117,0.36745536,1.0657532,0.0,0.3333919,0.0,2.1307638,5.2910013,0.0,0.0,1.5233245,0.78614396,0.25540984,0.69071364,0.0,2015-03-19,16,0.2,True,100,5,32,True
4.0666404,0.5452103,0.37599036,1.0768925,0.0,0.3458352,0.0,2.135958,5.303063,0.0,0.0,1.5086749,0.7818998,0.26013762,0.69203794,0.0,2015-03-20,16,0.2,True,100,5,32,True
4.0759745,0.55506057,0.387578,1.0841007,0.0,0.35912296,0.0,2.1421938,5.312524,0.0,0.0,1.4884398,0.7816933,0.26544327,0.70037246,0.0,2015-03-23,16,0.2,True,100,5,32,True
4.071566,0.56753826,0.38966396,1.0880169,0.0,0.3633684,0.0,2.1362698,5.3042817,0.0,0.0,1.4700706,0.7709432,0.2741034,0.70820034,0.0,2015-03-24,16,0.2,True,100,5,32,True
4.075441,0.5866018,0.38945913,1.0967666,0.0,0.36988926,0.0,2.1330726,5.3181305,0.0,0.0,1.4630802,0.75545096,0.28169036,0.7139745,0.0,2015-03-25,16,0.2,True,100,5,32,True
4.0885324,0.6037497,0.39687613,1.1145165,0.0,0.39021122,0.0,2.14085,5.3450284,0.0,0.0,1.4457206,0.7477784,0.2859349,0.71475816,0.0,2015-03-26,16,0.2,True,100,5,32,True
4.0856075,0.62365055,0.39488566,1.1248326,0.0,0.39459482,0.0,2.1319587,5.346091,0.0,0.0,1.4315344,0.73124665,0.2940151,0.7173934,0.0,2015-03-27,16,0.2,True,100,5,32,True
4.093179,0.64254194,0.40097657,1.1408654,0.0,0.40899,0.0,2.134219,5.363641,0.0,0.0,1.4115793,0.7218063,0.29962322,0.7203411,0.0,2015-03-30,16,0.2,True,100,5,32,True
4.0991936,0.6664081,0.40296113,1.1581202,0.0,0.42020938,0.0,2.133869,5.3854475,0.0,0.0,1.3975934,0.7091998,0.30681098,0.7262349,0.0,2015-03-31,16,0.2,True,100,5,32,True
4.106874,0.6799025,0.4145607,1.174625,0.0,0.44239488,0.0,2.1401868,5.39851,0.0,0.0,1.362806,0.7074145,0.3129023,0.73260343,0.0,2015-04-01,16,0.2,True,100,5,32,True
4.1207366,0.684019,0.43214265,1.1874539,0.0,0.46982333,0.0,2.1518283,5.4124207,0.0,0.0,1.3186815,0.71072924,0.31855318,0.7364228,0.0,2015-04-02,16,0.2,True,100,5,32,True
4.1341925,0.69735676,0.443157,1.2063452,0.0,0.49547172,0.0,2.161698,5.435402,0.0049445815,0.0,1.2802582,0.7097943,0.32477766,0.7407739,0.0,2015-04-03,16,0.2,True,100,5,32,True
4.133462,0.71825486,0.44861445,1.2220379,0.0,0.50601643,0.0,2.1571987,5.441733,0.023199752,0.0,1.2416903,0.69637257,0.34153268,0.7549863,0.0,2015-04-06,16,0.2,True,100,5,32,True
4.1406426,0.7305542,0.46359524,1.2429115,0.0,0.53227264,0.0,2.165119,5.451667,0.028382827,0.0,1.1828551,0.69103736,0.35460204,0.76105595,0.0,2015-04-07,16,0.2,True,100,5,32,True
4.14731,0.74602664,0.48031798,1.2688143,0.0,0.56171703,0.0,2.176437,5.463985,0.03646595,0.0,1.1169921,0.68409735,0.36888087,0.7679709,0.0,2015-04-08,16,0.2,True,100,5,32,True
4.15115,0.7588639,0.49926808,1.2895288,0.0,0.587222,0.0,2.1813848,5.4674053,0.042193267,0.0,1.0490731,0.67302126,0.3883433,0.77633095,0.0,2015-04-09,16,0.2,True,100,5,32,True
4.1682916,0.7660132,0.52751094,1.3103304,0.0,0.6239787,0.0,2.1978965,5.483239,0.037956618,0.0,0.97208554,0.6681957,0.40467533,0.7791668,0.0,2015-04-10,16,0.2,True,100,5,32,True
4.176926,0.78722936,0.548952,1.3339549,0.0,0.6511797,0.0,2.2003524,5.4967303,0.047327492,0.0,0.9032372,0.6467674,0.43055615,0.7856941,0.0,2015-04-13,16,0.2,True,100,5,32,True
4.214768,0.80912817,0.58046764,1.3599126,0.0,0.69055134,0.0,2.2218194,5.54967,0.04885316,0.0,0.8341503,0.6301021,0.45080364,0.78385603,0.0,2015-04-14,16,0.2,True,100,5,32,True
4.2490444,0.83750343,0.6117348,1.3870336,0.0,0.72422636,0.0,2.2380364,5.600462,0.05842728,0.0,0.7669651,0.6071632,0.47766155,0.78868127,0.0,2015-04-15,16,0.2,True,100,5,32,True
4.2848015,0.8644798,0.6495329,1.4159329,0.0,0.76398337,0.0,2.2536902,5.644257,0.0595592,0.0,0.68439186,0.5846285,0.50827944,0.79090285,0.0,2015-04-16,16,0.2,True,100,5,32,True
4.3251424,0.9046354,0.6805278,1.4545088,0.0,0.805639,0.0,2.270448,5.709303,0.07452902,0.0,0.6155361,0.5570041,0.53698903,0.7913213,0.0,2015-04-17,16,0.2,True,100,5,32,True
4.360613,0.9478295,0.71322703,1.4916354,0.0,0.84275,0.0,2.280637,5.7631526,0.08932036,0.0,0.5402465,0.524937,0.57151246,0.796051,0.0,2015-04-20,16,0.2,True,100,5,32,True
4.404296,0.99112725,0.75317925,1.5291157,0.0,0.8856862,0.0,2.2962244,5.8253694,0.103394136,0.0,0.46011078,0.49784586,0.6057948,0.8040316,0.0,2015-04-21,16,0.2,True,100,5,32,True
4.4428153,1.0426341,0.7874191,1.5705541,0.0,0.92427737,0.0,2.3067298,5.888798,0.12691504,0.0,0.38823396,0.4636875,0.6437149,0.81416786,0.0,2015-04-22,16,0.2,True,100,5,32,True
4.480322,1.0926846,0.82816845,1.6118802,0.0,0.96580297,0.0,2.319271,5.9465694,0.14852336,0.0,0.3063439,0.43210992,0.68481934,0.8285366,0.0,2015-04-23,16,0.2,True,100,5,32,True
4.518975,1.1330028,0.87443227,1.6507938,0.0,1.0140482,0.0,2.3329065,5.9970264,0.1620714,0.0,0.2161921,0.4064837,0.7246478,0.83996105,0.0,2015-04-24,16,0.2,True,100,5,32,True
4.5490804,1.1750104,0.9173869,1.6852474,0.0,1.0497993,0.0,2.3372726,6.038492,0.18206224,0.0,0.1345879,0.3724618,0.77004695,0.855634,0.0,2015-04-27,16,0.2,True,100,5,32,True
4.584467,1.2168382,0.9590137,1.7249868,0.0,1.0922066,0.0,2.349667,6.090231,0.1999976,0.0,0.05324833,0.3425847,0.80928504,0.86388147,0.0,2015-04-28,16,0.2,True,100,5,32,True
4.620037,1.2506886,1.0040174,1.757954,0.0,1.1337357,0.0,2.3620956,6.1305337,0.20898126,0.0,0.0,0.32013863,0.84750295,0.8737445,0.0,2015-04-29,16,0.2,True,100,5,32,True
4.6522365,1.2841885,1.0449775,1.7893448,0.0,1.1705347,0.0,2.3713481,6.169761,0.218674,0.0,0.0,0.29307175,0.8861099,0.87907994,0.0,2015-04-30,16,0.2,True,100,5,32,True
4.6793613,1.3173878,1.0844164,1.8191028,0.0,1.2020918,0.0,2.37737,6.2032866,0.23028165,0.0,0.0,0.2662785,0.9250371,0.8865684,0.0,2015-05-04,16,0.2,True,100,5,32,True
4.695728,1.3652308,1.1117766,1.8584601,0.0,1.225272,0.0,2.376547,6.247498,0.26344043,0.0,0.0,0.22707272,0.9639001,0.8922508,0.0,2015-05-06,16,0.2,True,100,5,32,True
4.7153583,1.3969616,1.1472038,1.8890643,0.0,1.2536103,0.0,2.3828945,6.2769594,0.27697065,0.0,0.0,0.20268679,0.99815667,0.8938086,0.0,2015-05-07,16,0.2,True,100,5,32,True
4.7318716,1.4298689,1.1754661,1.9196116,0.0,1.2777797,0.0,2.387808,6.3101516,0.2934187,0.0,0.0,0.17393373,1.0307201,0.8887223,0.0,2015-05-08,16,0.2,True,100,5,32,True
4.739308,1.4593456,1.2078518,1.942645,0.0,1.2945168,0.0,2.3843844,6.32546,0.3112488,0.0,0.0,0.1450314,1.0699213,0.89464176,0.0,2015-05-11,16,0.2,True,100,5,32,True
4.7462726,1.4912223,1.2345779,1.961596,0.0,1.303749,0.0,2.3746572,6.3395243,0.3249678,0.0,0.0,0.10980247,1.1104125,0.8971721,0.0,2015-05-12,16,0.2,True,100,5,32,True
4.751478,1.53197,1.252502,1.9903955,0.0,1.3159932,0.0,2.3653858,6.367202,0.35070223,0.0,0.0,0.07397,1.1440077,0.8968637,0.0,2015-05-13,16,0.2,True,100,5,32,True
4.754196,1.5680522,1.2672267,2.0169346,0.0,1.3277483,0.0,2.356115,6.3942823,0.37933758,0.0,0.0,0.039997566,1.1740522,0.8963146,0.0,2015-05-14,16,0.2,True,100,5,32,True
4.744909,1.6095246,1.279765,2.0473583,0.0,1.3357915,0.0,2.338803,6.412746,0.41921356,0.0,0.0,0.0032308698,1.2068954,0.90453815,0.0,2015-05-15,16,0.2,True,100,5,32,True
4.7419825,1.6469092,1.2899203,2.0803037,0.0,1.3515012,0.0,2.3278382,6.444014,0.45828778,0.0,0.0,0.0,1.2299826,0.9076253,0.0,2015-05-18,16,0.2,True,100,5,32,True
4.7349043,1.6791415,1.2999648,2.1120675,0.0,1.3684164,0.0,2.3163612,6.468837,0.49645165,0.0,0.0,0.0,1.2516826,0.91207063,0.0,2015-05-19,16,0.2,True,100,5,32,True
4.7294784,1.7063618,1.3071637,2.1400542,0.0,1.3874494,0.0,2.3085582,6.4963737,0.5336594,0.0,0.0,0.0,1.2658684,0.91519105,0.0,2015-05-20,16,0.2,True,100,5,32,True
4.7205615,1.7287898,1.31316,2.1649253,0.0,1.4057431,0.0,2.2977276,6.516476,0.56978106,0.0,0.0,0.0,1.2779565,0.9208518,0.0,2015-05-21,16,0.2,True,100,5,32,True
4.7161283,1.7543269,1.3143358,2.1938367,0.0,1.4276731,0.0,2.2908354,6.5483985,0.60663366,0.0,0.0,0.0,1.2830378,0.91910696,0.0,2015-05-22,16,0.2,True,100,5,32,True
4.7114077,1.7762536,1.3145365,2.2180884,0.0,1.4468622,0.0,2.2862356,6.5772634,0.64025956,0.0,0.0,0.0,1.286234,0.91742814,0.0,2015-05-26,16,0.2,True,100,5,32,True
4.7017975,1.802118,1.3097434,2.2456245,0.0,1.4640718,0.0,2.280517,6.6075854,0.68053836,0.0,0.0,0.0,1.2852049,0.91746545,0.0,2015-05-27,16,0.2,True,100,5,32,True
4.699473,1.8069104,1.3107065,2.2538218,0.0,1.4780447,0.0,2.280141,6.6219125,0.69459695,0.0,0.0,0.0,1.2818419,0.9133537,0.0,2015-05-28,16,0.2,True,100,5,32,True
4.690632,1.8233793,1.3000373,2.2739854,0.0,1.4925284,0.0,2.2763305,6.6452365,0.7215414,0.0,0.0,0.0,1.271089,0.9048947,0.0,2015-05-29,16,0.2,True,100,5,32,True
4.684193,1.8345398,1.2902668,2.2876678,0.0,1.5050615,0.0,2.2722018,6.6638675,0.73911256,0.0,0.0,0.0,1.2594754,0.8933742,0.0,2015-06-01,16,0.2,True,100,5,32,True
4.669991,1.8342108,1.2816218,2.2867074,0.0,1.504007,0.0,2.2600296,6.655836,0.7466576,0.0,0.0,0.0,1.2529147,0.8913747,0.0,2015-06-02,16,0.2,True,100,5,32,True
4.662118,1.8288348,1.2758588,2.2827485,0.0,1.5049725,0.0,2.2541142,6.6428456,0.73659503,0.0,0.0,0.0,1.239932,0.8848846,0.0,2015-06-03,16,0.2,True,100,5,32,True
4.6551285,1.8172548,1.2727497,2.271466,0.0,1.5023196,0.0,2.2490587,6.6190467,0.71490955,0.0,0.0,0.0,1.2237078,0.8811619,0.0,2015-06-04,16,0.2,True,100,5,32,True
4.638513,1.8188184,1.2575951,2.2734277,0.0,1.4986428,0.0,2.24133,6.599873,0.70815235,0.0,0.0,0.0,1.2037985,0.876068,0.0,2015-06-05,16,0.2,True,100,5,32,True
4.635583,1.8061765,1.2537838,2.2634785,0.0,1.49898,0.0,2.2471025,6.577403,0.67900497,0.0,0.0,0.0,1.1836243,0.8701395,0.0,2015-06-08,16,0.2,True,100,5,32,True
4.620063,1.8022611,1.2407197,2.262947,0.0,1.4961556,0.0,2.2491217,6.551959,0.66551644,0.0,0.0,0.0,1.1625168,0.86937475,0.0,2015-06-09,16,0.2,True,100,5,32,True
4.601236,1.7867135,1.2313555,2.2484627,0.0,1.4841473,0.0,2.2490265,6.506243,0.64234185,0.0,0.0,0.018803757,1.146318,0.87551904,0.0,2015-06-10,16,0.2,True,100,5,32,True
4.592183,1.7687446,1.2267759,2.2381034,0.0,1.481389,0.0,2.2608688,6.4726505,0.6143653,0.0,0.0,0.04987979,1.1290894,0.87598765,0.0,2015-06-11,16,0.2,True,100,5,32,True
4.578336,1.7504791,1.2200065,2.2261643,0.0,1.4706616,0.0,2.2679317,6.429955,0.5867941,0.0,0.0,0.07909042,1.1148086,0.8806151,0.0,2015-06-12,16,0.2,True,100,5,32,True
4.554302,1.7390348,1.207285,2.2236686,0.0,1.4581944,0.0,2.2727065,6.3802567,0.5696454,0.0,0.0,0.11313684,1.0982585,0.8948035,0.0,2015-06-15,16,0.2,True,100,5,32,True
4.5549145,1.7168077,1.209427,2.214364,0.0,1.4577156,0.0,2.2906253,6.3438025,0.5265263,0.0,0.0,0.15101609,1.0845356,0.8943734,0.0,2015-06-16,16,0.2,True,100,5,32,True
4.547768,1.7028962,1.2049311,2.214634,0.0,1.4561639,0.0,2.3069456,6.3121552,0.50006264,0.0,0.0,0.18791284,1.0690691,0.89923525,0.0,2015-06-17,16,0.2,True,100,5,32,True
4.5649467,1.6720195,1.21847,2.196647,0.0,1.4619173,0.0,2.3334017,6.284502,0.4448145,0.0,0.0,0.23086968,1.0581511,0.8972678,0.0,2015-06-18,16,0.2,True,100,5,32,True
4.5681415,1.653156,1.2207212,2.1889942,0.0,1.4623915,0.0,2.355558,6.257885,0.41395658,0.0,0.0,0.27121225,1.0458261,0.90723205,0.0,2015-06-19,16,0.2,True,100,5,32,True
4.59764,1.624051,1.2351108,2.172089,0.0,1.4769491,0.0,2.3905761,6.2475657,0.3555154,0.0,0.0,0.3145844,1.0331855,0.899104,0.0,2015-06-22,16,0.2,True,100,5,32,True
4.6057053,1.6075146,1.2294073,2.171961,0.0,1.4879416,0.0,2.4201937,6.239219,0.32791734,0.0,0.0,0.3534571,1.0124238,0.8952341,0.0,2015-06-23,16,0.2,True,100,5,32,True
4.632398,1.5776703,1.2374933,2.1510289,0.0,1.4981045,0.0,2.4527245,6.231181,0.27382603,0.0,0.0,0.3884794,0.99837077,0.8828466,0.0,2015-06-24,16,0.2,True,100,5,32,True
4.6551576,1.5498768,1.2429239,2.1293724,0.0,1.503819,0.0,2.4796607,6.2184258,0.22336178,0.0,0.0,0.42269695,0.98393106,0.87544966,0.0,2015-06-25,16,0.2,True,100,5,32,True
4.6825013,1.5214479,1.2477806,2.111068,0.0,1.5166696,0.0,2.5111742,6.2146072,0.17368183,0.0,0.0,0.45795435,0.96525663,0.86211205,0.0,2015-06-26,16,0.2,True,100,5,32,True
4.7010016,1.4959021,1.246726,2.0947635,0.0,1.5234209,0.0,2.536087,6.207832,0.13718958,0.0,0.0,0.4886609,0.9469665,0.8550885,0.0,2015-06-29,16,0.2,True,100,5,32,True
4.716367,1.4702339,1.244516,2.0756643,0.0,1.523366,0.0,2.55596,6.196371,0.10063498,0.0,0.0,0.51562124,0.9309486,0.84881496,0.0,2015-06-30,16,0.2,True,100,5,32,True
4.734069,1.4425491,1.2417737,2.054399,0.0,1.5229188,0.0,2.5770154,6.1876645,0.060572088,0.0,0.0,0.5409546,0.91351646,0.8369148,0.0,2015-07-01,16,0.2,True,100,5,32,True
4.746321,1.4241451,1.2364625,2.0454826,0.0,1.5324125,0.0,2.6024969,6.18785,0.036846746,0.0,0.0,0.57200015,0.8899903,0.82964635,0.0,2015-07-02,16,0.2,True,100,5,32,True
4.754983,1.4004567,1.2316116,2.0282652,0.0,1.5376105,0.0,2.6198754,6.172749,0.0021548457,0.0,0.0,0.6048841,0.8674052,0.82192135,0.0,2015-07-03,16,0.2,True,100,5,32,True
4.76132,1.3780396,1.2285259,2.0139167,0.0,1.5463463,0.0,2.6360862,6.1569347,0.0,0.0,0.0,0.63908315,0.84484005,0.8149606,0.0,2015-07-06,16,0.2,True,100,5,32,True
4.760702,1.3597665,1.2181184,2.011852,0.0,1.5616759,0.0,2.6531606,6.1473384,0.0,0.0,0.0,0.67274725,0.81633234,0.7996026,0.0,2015-07-07,16,0.2,True,100,5,32,True
4.7553473,1.3507329,1.2060568,2.0235724,0.0,1.5814623,0.0,2.669839,6.1450744,0.0,0.0,0.0,0.7017361,0.78801715,0.7828562,0.0,2015-07-08,16,0.2,True,100,5,32,True
4.74773,1.3452893,1.1975806,2.0419972,0.0,1.6078432,0.0,2.6892874,6.146293,0.0,0.0,0.0,0.7336106,0.76005477,0.7665467,0.0,2015-07-09,16,0.2,True,100,5,32,True
4.728812,1.3376164,1.1868238,2.0545988,0.0,1.6252873,0.0,2.7017622,6.1317544,0.0,0.0,0.0,0.76062226,0.73429143,0.7538042,0.0,2015-07-10,16,0.2,True,100,5,32,True
4.706326,1.3288416,1.1757346,2.072381,0.0,1.6484601,0.0,2.7185872,6.118002,0.0,0.0,0.0,0.793318,0.7046939,0.74391806,0.0,2015-07-13,16,0.2,True,100,5,32,True
4.6926184,1.3305098,1.1669964,2.0945728,0.0,1.6726879,0.0,2.733606,6.123727,0.0,0.0,0.0,0.8123282,0.6817412,0.7281947,0.0,2015-07-14,16,0.2,True,100,5,32,True
4.6765347,1.3433962,1.1568986,2.1190157,0.0,1.6954758,0.0,2.7388198,6.128071,0.0,0.0,0.0,0.8184576,0.6639952,0.7091626,0.0,2015-07-15,16,0.2,True,100,5,32,True
4.6628284,1.3674622,1.1453378,2.150338,0.0,1.7232916,0.0,2.743736,6.142889,0.0,0.0,0.0,0.81812716,0.6466918,0.68564534,0.0,2015-07-16,16,0.2,True,100,5,32,True
4.6525,1.3870575,1.1388018,2.1797414,0.0,1.7522238,0.0,2.7529807,6.160337,0.0,0.0,0.0,0.82156706,0.6310165,0.66760826,0.0,2015-07-17,16,0.2,True,100,5,32,True
4.645987,1.4173435,1.1308373,2.2160196,0.0,1.7861768,0.0,2.7634015,6.1915464,0.006948922,0.0,0.0,0.820382,0.61504316,0.64358604,0.0,2015-07-20,16,0.2,True,100,5,32,True
4.6321616,1.4426281,1.1203285,2.2519226,0.0,1.8210409,0.0,2.771075,6.2133193,0.02738491,0.0,0.0,0.82180303,0.59727985,0.61875534,0.0,2015-07-21,16,0.2,True,100,5,32,True
4.621705,1.471231,1.108503,2.2957087,0.0,1.8655654,0.0,2.7842875,6.2515316,0.055494554,0.0,0.0,0.8258673,0.5740047,0.5885271,0.0,2015-07-22,16,0.2,True,100,5,32,True
4.6109233,1.5035253,1.0969598,2.3446171,0.0,1.9156646,0.0,2.7978833,6.2952876,0.087406516,0.0,0.0,0.8308815,0.5490261,0.5554915,0.0,2015-07-23,16,0.2,True,100,5,32,True
4.599279,1.5276973,1.0889766,2.389785,0.0,1.9662344,0.0,2.8131638,6.334062,0.12001009,0.0,0.0,0.8439655,0.52348804,0.53004444,0.0,2015-07-24,16,0.2,True,100,5,32,True
4.5787864,1.5559837,1.0781559,2.433887,0.0,2.0125632,0.0,2.82053,6.3583465,0.15015294,0.0,0.0,0.8521435,0.5014923,0.5057777,0.0,2015-07-27,16,0.2,True,100,5,32,True
4.5607843,1.5726862,1.0714835,2.473723,0.0,2.0601022,0.0,2.8328583,6.377793,0.1741717,0.0,0.0,0.873587,0.47729588,0.48666653,0.0,2015-07-28,16,0.2,True,100,5,32,True
4.5397463,1.5941653,1.0597353,2.518301,0.0,2.1080973,0.0,2.8463895,6.4045954,0.20422131,0.0,0.0,0.89038825,0.44982055,0.46009266,0.0,2015-07-29,16,0.2,True,100,5,32,True
4.5149345,1.6181724,1.0434912,2.5664077,0.0,2.1566215,0.0,2.8614566,6.43607,0.24106362,0.0,0.0,0.90613484,0.41781834,0.42954603,0.0,2015-07-30,16,0.2,True,100,5,32,True
4.487021,1.6435913,1.0237147,2.620028,0.0,2.2087457,0.0,2.8806508,6.472098,0.2846651,0.0,0.0,0.9259928,0.37995127,0.39704773,0.0,2015-07-31,16,0.2,True,100,5,32,True
4.461047,1.659254,1.0062265,2.6632504,0.0,2.2514017,0.0,2.89885,6.49688,0.32105044,0.0,0.0,0.9482091,0.34553874,0.3728833,0.0,2015-08-03,16,0.2,True,100,5,32,True
4.4339185,1.6743051,0.98639274,2.7077312,0.0,2.291423,0.0,2.918059,6.520809,0.35568887,0.0,0.0,0.96770066,0.31129488,0.34430042,0.0,2015-08-04,16,0.2,True,100,5,32,True
4.4014964,1.6905193,0.96096885,2.7623205,0.0,2.3406718,0.0,2.9419456,6.55085,0.39993086,0.0,0.0,0.99258965,0.26805946,0.31009215,0.0,2015-08-05,16,0.2,True,100,5,32,True
4.3655434,1.710161,0.9336972,2.8128805,0.0,2.3812842,0.0,2.9571648,6.574185,0.44420987,0.0,0.0,1.0051831,0.23071723,0.27560407,0.0,2015-08-06,16,0.2,True,100,5,32,True
4.3382425,1.728985,0.90399206,2.8599985,0.0,2.4167995,0.0,2.971328,6.606836,0.4834031,0.0,0.0,1.0152346,0.19025575,0.23629262,0.0,2015-08-07,16,0.2,True,100,5,32,True
4.318651,1.7471457,0.8758346,2.90774,0.0,2.4560843,0.0,2.9900355,6.6494055,0.5216004,0.0,0.0,1.0294906,0.14820646,0.19787972,0.0,2015-08-10,16,0.2,True,100,5,32,True
4.303218,1.7688441,0.8516314,2.9557505,0.0,2.4950764,0.0,3.0079305,6.6923094,0.55456156,0.0,0.0,1.0384009,0.11295804,0.1592158,0.0,2015-08-11,16,0.2,True,100,5,32,True
4.2855716,1.7875564,0.8263891,3.0011172,0.0,2.530833,0.0,3.0253263,6.7311864,0.5877149,0.0,0.0,1.0493317,0.07632391,0.12232552,0.0,2015-08-12,16,0.2,True,100,5,32,True
4.262669,1.8202572,0.79188436,3.0471756,0.0,2.5562882,0.0,3.0346036,6.7657175,0.6177319,0.0,0.0,1.0491414,0.03906236,0.078899175,0.0,2015-08-13,16,0.2,True,100,5,32,True
4.244611,1.8369538,0.7740959,3.0702481,0.0,2.5635343,0.0,3.0353067,6.7720547,0.6327123,0.0,0.0,1.0462416,0.024108399,0.06008242,0.0,2015-08-17,16,0.2,True,100,5,32,True
4.224931,1.8574225,0.7550121,3.0960736,0.0,2.5729406,0.0,3.0356796,6.7824326,0.6552897,0.0,0.0,1.0443543,0.0074679973,0.04413116,0.0,2015-08-18,16,0.2,True,100,5,32,True
4.2152905,1.8653883,0.751909,3.1071832,0.0,2.5758722,0.0,3.037188,6.782286,0.66195637,0.0,0.0,1.0465809,0.0036228094,0.040872224,0.0,2015-08-19,16,0.2,True,100,5,32,True
4.1968226,1.8678695,0.74399364,3.1128628,0.0,2.571584,0.0,3.0315967,6.768027,0.66736007,0.0,0.0,1.0476031,0.00027928315,0.036794215,0.0,2015-08-20,16,0.2,True,100,5,32,True
4.1694508,1.8765081,0.7280434,3.1224651,0.0,2.5630455,0.0,3.023025,6.753294,0.6786241,0.0,0.0,1.0441698,0.0,0.028758358,0.0,2015-08-21,16,0.2,True,100,5,32,True
4.144546,1.8740898,0.7133687,3.1358778,0.0,2.5636842,0.0,3.0273962,6.7433743,0.6861195,0.0,0.0,1.0629452,0.0,0.017868966,0.0,2015-08-24,16,0.2,True,100,5,32,True
4.1044006,1.8771199,0.68035066,3.15982,0.0,2.5664945,0.0,3.0304644,6.732748,0.7041114,0.0,0.0,1.0883592,0.0,0.0,0.0,2015-08-25,16,0.2,True,100,5,32,True
4.067789,1.8616769,0.65367484,3.175396,0.0,2.5710483,0.0,3.0422106,6.722478,0.7234752,0.0,0.0,1.1279063,0.0,0.0,0.0,2015-08-26,16,0.2,True,100,5,32,True
4.0245223,1.843367,0.6215524,3.181895,0.0,2.5639477,0.0,3.0462568,6.697776,0.74011034,0.0,0.0,1.160216,0.0,0.0,0.0,2015-08-27,16,0.2,True,100,5,32,True
3.9824262,1.8268967,0.5876237,3.1886475,0.0,2.5566647,0.0,3.0499463,6.6768727,0.7588474,0.0,0.0,1.1907451,0.0,0.0,0.0,2015-08-28,16,0.2,True,100,5,32,True
3.9444103,1.8167183,0.5510452,3.2075593,0.0,2.5600407,0.0,3.0593307,6.67566,0.788702,0.0,0.0,1.2212411,0.0,0.0,0.0,2015-08-31,16,0.2,True,100,5,32,True
3.9078372,1.8075825,0.51554507,3.220585,0.0,2.55785,0.0,3.06273,6.6672506,0.8118885,0.0,0.0,1.2465371,0.0,0.0,0.0,2015-09-01,16,0.2,True,100,5,32,True
3.873565,1.7851521,0.48496678,3.2235267,0.0,2.5522518,0.0,3.0682197,6.650362,0.82726276,0.0,0.0,1.2761271,0.0,0.0,0.0,2015-09-02,16,0.2,True,100,5,32,True
3.8358262,1.7630618,0.45141432,3.2265172,0.0,2.542943,0.0,3.0733693,6.6297526,0.8443789,0.0,0.0,1.3033146,0.0,0.0,0.0,2015-09-03,16,0.2,True,100,5,32,True
3.801496,1.7436128,0.42261854,3.2276607,0.0,2.531738,0.0,3.0772135,6.606815,0.8583383,0.0,0.0,1.328049,0.0,0.0,0.0,2015-09-04,16,0.2,True,100,5,32,True
3.7628279,1.7300649,0.38693824,3.2362344,0.0,2.521424,0.0,3.0803664,6.584304,0.8766487,0.0,0.0,1.3543612,0.0,0.0,0.0,2015-09-07,16,0.2,True,100,5,32,True
3.716939,1.7177361,0.3478891,3.236408,0.0,2.4954686,0.0,3.0709193,6.5463176,0.89409477,0.0,0.0,1.3647027,0.0,0.0,0.0,2015-09-08,16,0.2,True,100,5,32,True
3.6713629,1.706392,0.31050533,3.2355957,0.0,2.4649508,0.0,3.060341,6.50534,0.91220194,0.0,0.0,1.3745512,0.0,0.0,0.0,2015-09-09,16,0.2,True,100,5,32,True
3.638158,1.680902,0.28480852,3.2322338,0.0,2.4462302,0.0,3.0623631,6.4782424,0.9310807,0.0,0.0,1.3965899,0.0,0.0,0.0,2015-09-10,16,0.2,True,100,5,32,True
3.606555,1.6611862,0.25665545,3.2352867,0.0,2.4320488,0.0,3.0651083,6.4584727,0.95361096,0.0,0.03070251,1.4177947,0.0,0.0044194013,0.0,2015-09-11,16,0.2,True,100,5,32,True
3.5679138,1.6470721,0.21837232,3.2409806,0.0,2.4138258,0.0,3.0626607,6.436109,0.9831226,0.0,0.08098611,1.4337407,0.0,0.017012667,0.0,2015-09-14,16,0.2,True,100,5,32,True
3.528358,1.6295471,0.17595184,3.2486112,0.0,2.4004188,0.0,3.062754,6.4151306,1.0137,0.0,0.13593599,1.4573724,0.0,0.025784481,0.0,2015-09-15,16,0.2,True,100,5,32,True
3.508873,1.5905249,0.16080797,3.2309108,0.0,2.3874636,0.0,3.0673182,6.3834095,1.0130203,0.0,0.17091912,1.4881287,0.0,0.04051426,0.0,2015-09-16,16,0.2,True,100,5,32,True
3.4851427,1.554026,0.13989508,3.2124887,0.0,2.36883,0.0,3.0680854,6.348598,1.0186104,0.0,0.20923202,1.5117735,0.0,0.056811858,0.0,2015-09-17,16,0.2,True,100,5,32,True
3.467929,1.5188471,0.122754745,3.196911,0.0,2.354555,0.0,3.0715666,6.3238482,1.0265979,0.0,0.24441202,1.5329735,0.0,0.071184605,0.0,2015-09-18,16,0.2,True,100,5,32,True
3.4422612,1.4912399,0.09454306,3.1807363,0.0,2.3348322,0.0,3.0660214,6.288518,1.0365423,0.0,0.28132406,1.5465558,0.0,0.08400716,0.0,2015-09-21,16,0.2,True,100,5,32,True
3.419593,1.461534,0.0704402,3.1608572,0.0,2.316729,0.0,3.0612745,6.249279,1.0409356,0.0,0.31039706,1.5626146,0.0,0.09851484,0.0,2015-09-22,16,0.2,True,100,5,32,True
3.399514,1.4192114,0.057578262,3.1264105,0.0,2.2983665,0.0,3.0542421,6.193482,1.031365,0.0,0.32690638,1.5778192,0.0,0.1167001,0.0,2015-09-23,16,0.2,True,100,5,32,True
3.3862805,1.3893484,0.048839927,3.105653,0.0,2.2910202,0.0,3.0503964,6.160206,1.0296974,0.0,0.34044552,1.5894018,0.0,0.12790957,0.0,2015-09-24,16,0.2,True,100,5,32,True
3.3796024,1.3605841,0.05082158,3.0810032,0.0,2.2841895,0.0,3.0467033,6.1271434,1.0211858,0.0,0.34276947,1.5974293,0.0,0.14173329,0.0,2015-09-25,16,0.2,True,100,5,32,True
3.375587,1.335149,0.055828366,3.0601835,0.0,2.2789018,0.0,3.0446382,6.10337,1.0187769,0.0,0.3456883,1.6017329,0.0,0.15646794,0.0,2015-09-30,16,0.2,True,100,5,32,True
3.3669655,1.3236178,0.05090381,3.0474174,0.0,2.2700224,0.0,3.0365355,6.089432,1.0302687,0.0,0.36101884,1.5937687,0.0,0.16724709,0.0,2015-10-01,16,0.2,True,100,5,32,True
3.361699,1.3215381,0.048701435,3.0411336,0.0,2.2674556,0.0,3.029013,6.087226,1.0457425,0.0,0.37632608,1.580215,0.0,0.17412156,0.0,2015-10-02,16,0.2,True,100,5,32,True
3.3646305,1.3166356,0.060168456,3.0291228,0.0,2.2688792,0.0,3.022396,6.0851974,1.0536504,0.0,0.38282248,1.5666066,0.0,0.18503593,0.0,2015-10-05,16,0.2,True,100,5,32,True
3.374074,1.3166559,0.077460505,3.0191169,0.0,2.2746654,0.0,3.0175788,6.0888834,1.0555828,0.0,0.38135982,1.55304,0.0,0.19388548,0.0,2015-10-06,16,0.2,True,100,5,32,True
3.3782356,1.3272897,0.088826396,3.0096083,0.0,2.2731304,0.0,3.00311,6.0877,1.0585085,0.0,0.37975338,1.5255395,0.0,0.19892077,0.0,2015-10-07,16,0.2,True,100,5,32,True
3.3860362,1.3370812,0.10617544,2.993661,0.0,2.2665145,0.0,2.9865518,6.0815086,1.0554191,0.0,0.37093803,1.494834,0.0,0.20937563,0.0,2015-10-08,16,0.2,True,100,5,32,True
3.3996608,1.3572333,0.11734405,3.0041883,0.0,2.279,0.0,2.9843032,6.113741,1.0730871,0.0,0.37037173,1.4757624,0.0,0.21114527,0.0,2015-10-12,16,0.2,True,100,5,32,True
3.408299,1.3646983,0.13021395,3.002656,0.0,2.283201,0.0,2.978557,6.1277614,1.0862732,0.0,0.3701597,1.455613,0.0,0.21959949,0.0,2015-10-13,16,0.2,True,100,5,32,True
3.4139113,1.3748002,0.13874847,3.003631,0.0,2.2869656,0.0,2.9702141,6.1416273,1.101793,0.0,0.37296575,1.4343141,0.0,0.22544508,0.0,2015-10-14,16,0.2,True,100,5,32,True
3.4120126,1.3815961,0.14313707,3.0034797,0.0,2.2889154,0.0,2.9584055,6.148872,1.1216614,0.0,0.38306186,1.4120402,0.0,0.2305275,0.0,2015-10-15,16,0.2,True,100,5,32,True
3.4102669,1.3912426,0.1495643,2.9999187,0.0,2.2862985,0.0,2.9429326,6.1516232,1.1389999,0.0,0.38882896,1.3839387,0.0,0.2384551,0.0,2015-10-16,16,0.2,True,100,5,32,True
3.41882,1.4012419,0.16573688,2.9986346,0.0,2.2902052,0.0,2.9325407,6.164316,1.1505297,0.0,0.38408327,1.3589556,0.0,0.24547264,0.0,2015-10-19,16,0.2,True,100,5,32,True
3.4246337,1.416981,0.1772458,3.005471,0.0,2.29899,0.0,2.9221897,6.1834846,1.1671027,0.0,0.38213465,1.3335284,0.0,0.24634993,0.0,2015-10-20,16,0.2,True,100,5,32,True
3.4235153,1.4442555,0.17842701,3.0179827,0.0,2.3019676,0.0,2.9069715,6.210421,1.199017,0.0,0.39402032,1.297606,0.0,0.24565968,0.0,2015-10-21,16,0.2,True,100,5,32,True
3.4241962,1.4730911,0.1837441,3.026206,0.0,2.299987,0.0,2.8886921,6.2330933,1.2260578,0.0,0.4007939,1.2573273,0.0,0.24824138,0.0,2015-10-22,16,0.2,True,100,5,32,True
3.437024,1.4872764,0.20632276,3.0279167,0.0,2.304877,0.0,2.8816097,6.2562356,1.2388363,0.0,0.39506376,1.2306142,0.0,0.25578293,0.0,2015-10-23,16,0.2,True,100,5,32,True
3.438749,1.5132238,0.21321526,3.039448,0.0,2.30602,0.0,2.8677518,6.288156,1.2734468,0.0,0.408614,1.1956779,0.0,0.26028293,0.0,2015-10-26,16,0.2,True,100,5,32,True
3.4350762,1.5313821,0.21555677,3.0524318,0.0,2.3105955,0.0,2.8568947,6.3178296,1.3123816,0.0,0.43110934,1.1682525,0.0,0.2638021,0.0,2015-10-27,16,0.2,True,100,5,32,True
3.4180744,1.5466937,0.20979682,3.0562322,0.0,2.3042068,0.0,2.833728,6.325182,1.3511065,0.0,0.4614003,1.1364567,0.0,0.27076355,0.0,2015-10-28,16,0.2,True,100,5,32,True
3.4046383,1.565158,0.20450625,3.0654507,0.0,2.3031638,0.0,2.8137507,6.3432784,1.3930037,0.0,0.49284738,1.1062019,0.0,0.2757177,0.0,2015-10-29,16,0.2,True,100,5,32,True
3.392963,1.5752633,0.2073757,3.0607734,0.0,2.2957265,0.0,2.7904732,6.3434334,1.4203973,0.0,0.5134013,1.0781585,0.0,0.28836316,0.0,2015-10-30,16,0.2,True,100,5,32,True
3.3792439,1.5839994,0.20605019,3.0619252,0.0,2.2917552,0.0,2.7695637,6.3516874,1.4575372,0.0,0.5442933,1.0533643,0.0,0.29892457,0.0,2015-11-02,16,0.2,True,100,5,32,True
3.3612738,1.5935903,0.19803756,3.0697083,0.0,2.289777,0.0,2.7492285,6.3654833,1.5052052,0.0,0.58702296,1.0304377,0.0,0.30775377,0.0,2015-11-03,16,0.2,True,100,5,32,True
3.3447537,1.5991071,0.19448033,3.072161,0.0,2.2870088,0.0,2.7283442,6.3743277,1.549303,0.0,0.62791467,1.0077786,0.0,0.32085657,0.0,2015-11-04,16,0.2,True,100,5,32,True
3.32619,1.600206,0.1950692,3.0566514,0.0,2.2691705,0.0,2.698047,6.3587403,1.5792968,0.0,0.6602688,0.980924,0.0,0.3447034,0.0,2015-11-05,16,0.2,True,100,5,32,True
3.3069654,1.6095673,0.19100362,3.0495062,0.0,2.2532299,0.0,2.6645782,6.353827,1.6176479,0.0,0.6979473,0.9490622,0.0,0.36431482,0.0,2015-11-06,16,0.2,True,100,5,32,True
3.294279,1.6033447,0.19698182,3.0307806,0.0,2.2410266,0.0,2.6360428,6.337991,1.63955,0.0,0.72605807,0.9296229,0.0,0.38770768,0.0,2015-11-09,16,0.2,True,100,5,32,True
3.2861338,1.6008995,0.2051166,3.0163045,0.0,2.2306647,0.0,2.6096025,6.3324823,1.6627009,0.0,0.754809,0.9099379,0.0,0.40909922,0.0,2015-11-10,16,0.2,True,100,5,32,True
3.2711906,1.603644,0.20584086,3.0078244,0.0,2.2177906,0.0,2.5813353,6.3279896,1.6923907,0.0,0.79365605,0.892671,0.0,0.42857924,0.0,2015-11-11,16,0.2,True,100,5,32,True
3.259404,1.6072066,0.20636937,3.0064073,0.0,2.2119675,0.0,2.560992,6.335172,1.7243174,0.0,0.8351012,0.8808296,0.0,0.44294155,0.0,2015-11-12,16,0.2,True,100,5,32,True
3.2489443,1.6010852,0.21060896,2.9992855,0.0,2.2097986,0.0,2.5453436,6.335919,1.7482743,0.0,0.87517804,0.87640494,0.0,0.45674866,0.0,2015-11-13,16,0.2,True,100,5,32,True
3.2373946,1.5752877,0.22119752,2.9722836,0.0,2.204756,0.0,2.528388,6.3072352,1.7496765,0.0,0.90900785,0.88328123,0.0,0.4738454,0.0,2015-11-16,16,0.2,True,100,5,32,True
3.2215986,1.5580595,0.22644082,2.9533803,0.0,2.1988583,0.0,2.511977,6.284226,1.7582773,0.0,0.94606316,0.8936338,0.0,0.4906736,0.0,2015-11-17,16,0.2,True,100,5,32,True
3.1989202,1.5373833,0.23006675,2.9248621,0.0,2.182518,0.0,2.4867666,6.2457147,1.7663503,0.0,0.9882286,0.8973342,0.0,0.5125705,0.0,2015-11-18,16,0.2,True,100,5,32,True
3.1791303,1.5066735,0.2379398,2.8929331,0.0,2.175351,0.0,2.4670556,6.204277,1.7678443,0.0,1.027101,0.9120665,0.0,0.53294253,0.0,2015-11-19,16,0.2,True,100,5,32,True
3.1565192,1.495682,0.23569945,2.8784387,0.0,2.1669142,0.0,2.4464078,6.1827455,1.787806,0.0,1.0718894,0.9182836,0.0,0.5510764,0.0,2015-11-20,16,0.2,True,100,5,32,True
3.129063,1.4849021,0.2308959,2.8605525,0.0,2.1522899,0.0,2.4203231,6.153733,1.8121301,0.0,1.1196262,0.9223516,0.0,0.5755751,0.0,2015-11-23,16,0.2,True,100,5,32,True
3.1095486,1.4644619,0.22869566,2.8485117,0.0,2.1574292,0.0,2.4076493,6.138076,1.8343656,0.0,1.1645765,0.93794835,0.0,0.5900363,0.0,2015-11-24,16,0.2,True,100,5,32,True
3.0927978,1.4399368,0.23223624,2.8251197,0.0,2.1568725,0.0,2.390816,6.1085763,1.8448516,0.0,1.199072,0.9552077,0.0,0.6103195,0.0,2015-11-25,16,0.2,True,100,5,32,True
3.0830932,1.4090004,0.24120584,2.7973707,0.0,2.1599581,0.0,2.378262,6.0787964,1.8455267,0.0,1.2251092,0.9736208,0.0,0.6271701,0.0,2015-11-26,16,0.2,True,100,5,32,True
3.0680861,1.3842283,0.24088165,2.7759461,0.0,2.1612635,0.0,2.361987,6.0523014,1.855762,0.0,1.2592772,0.98838323,0.0,0.6414821,0.0,2015-11-27,16,0.2,True,100,5,32,True
3.0550344,1.3629181,0.24003029,2.7562892,0.0,2.1626089,0.0,2.3452785,6.0276213,1.864777,0.0,1.2894098,1.003159,0.0,0.6551156,0.0,2015-11-30,16,0.2,True,100,5,32,True
3.047429,1.3273062,0.24765152,2.723339,0.0,2.1662555,0.0,2.3290577,5.9879465,1.8539916,0.0,1.3087599,1.0232964,0.0,0.66566885,0.0,2015-12-01,16,0.2,True,100,5,32,True
3.0443845,1.2957677,0.25170857,2.705421,0.0,2.1836622,0.0,2.3247535,5.9703407,1.8497496,0.0,1.327582,1.0477045,0.0,0.6660985,0.0,2015-12-02,16,0.2,True,100,5,32,True
3.0445035,1.2625339,0.260063,2.686193,0.0,2.2020187,0.0,2.3236742,5.952417,1.8435674,0.0,1.3382343,1.0812577,0.0,0.67366767,0.0,2015-12-03,16,0.2,True,100,5,32,True
3.0462997,1.2422138,0.261308,2.679575,0.0,2.2206092,0.0,2.3255022,5.9495096,1.841446,0.0,1.348638,1.1073751,0.0,0.6731391,0.0,2015-12-04,16,0.2,True,100,5,32,True
3.0475166,1.2157612,0.2619173,2.6762185,0.0,2.2481747,0.0,2.33447,5.947523,1.8369777,0.0,1.356735,1.1455362,0.0,0.6671488,0.0,2015-12-07,16,0.2,True,100,5,32,True
3.0506523,1.1789398,0.2675177,2.663061,0.0,2.2752519,0.0,2.3460827,5.9301105,1.8140724,0.0,1.3523753,1.1906328,0.0,0.6585232,0.0,2015-12-08,16,0.2,True,100,5,32,True
3.0503824,1.1472899,0.27002427,2.650098,0.0,2.2952173,0.0,2.3530555,5.9075513,1.7903502,0.0,1.3465251,1.2325362,0.0,0.65032864,0.0,2015-12-09,16,0.2,True,100,5,32,True
3.0492134,1.1154915,0.26981485,2.6395884,0.0,2.318132,0.0,2.3622768,5.885747,1.7644757,0.0,1.3405547,1.2761495,0.0,0.636549,0.0,2015-12-10,16,0.2,True,100,5,32,True
3.0433989,1.1024326,0.26010066,2.6417465,0.0,2.3317714,0.0,2.367611,5.8810096,1.7612983,0.0,1.3492227,1.3042898,0.0,0.6260414,0.0,2015-12-11,16,0.2,True,100,5,32,True
3.048291,1.0776846,0.25985998,2.6431386,0.0,2.3609822,0.0,2.3871307,5.8838434,1.7463012,0.0,1.3466338,1.3443424,0.0,0.6080537,0.0,2015-12-14,16,0.2,True,100,5,32,True
3.0487862,1.0500278,0.25815308,2.6449604,0.0,2.3921242,0.0,2.4074068,5.8801794,1.7296641,0.0,1.3410615,1.3867378,0.0,0.58803236,0.0,2015-12-15,16,0.2,True,100,5,32,True
3.0462375,1.0262746,0.25173324,2.6493692,0.0,2.419394,0.0,2.4280143,5.8790903,1.7188454,0.0,1.3414332,1.4260751,0.0,0.5688307,0.0,2015-12-16,16,0.2,True,100,5,32,True
3.0351696,1.0237049,0.23251244,2.666107,0.0,2.437401,0.0,2.439115,5.889383,1.7318348,0.0,1.3580723,1.4472458,0.0,0.55311096,0.0,2015-12-17,16,0.2,True,100,5,32,True
3.034633,1.0048149,0.22960028,2.6713238,0.0,2.4652512,0.0,2.4549599,5.8941407,1.7289461,0.0,1.3608857,1.4772946,0.0,0.5394948,0.0,2015-12-18,16,0.2,True,100,5,32,True
3.0348878,0.9986407,0.22365758,2.6818283,0.0,2.488923,0.0,2.4651506,5.905586,1.7319349,0.0,1.3651828,1.4989251,0.0,0.5280816,0.0,2015-12-21,16,0.2,True,100,5,32,True
3.0442631,0.9888222,0.22601846,2.6924214,0.0,2.521786,0.0,2.481241,5.9275064,1.7314473,0.0,1.3647662,1.5195974,0.0,0.5133287,0.0,2015-12-22,16,0.2,True,100,5,32,True
3.0574229,0.9780469,0.2350198,2.6976123,0.0,2.5522468,0.0,2.4949284,5.9474564,1.7273328,0.0,1.3592383,1.5365653,0.0,0.5028469,0.0,2015-12-23,16,0.2,True,100,5,32,True
3.0727386,0.96783924,0.24337146,2.7108657,0.0,2.5927796,0.0,2.5158556,5.9805164,1.7298539,0.0,1.3556734,1.5584506,0.0,0.48851442,0.0,2015-12-24,16,0.2,True,100,5,32,True
3.0892713,0.9572893,0.25225648,2.7254982,0.0,2.6347027,0.0,2.5381162,6.016655,1.7343804,0.0,1.3523649,1.582487,0.0,0.47539875,0.0,2015-12-28,16,0.2,True,100,5,32,True
3.102359,0.94362676,0.26188606,2.731263,0.0,2.6665776,0.0,2.5515976,6.037317,1.7333999,0.0,1.346754,1.6033,0.0,0.4670261,0.0,2015-12-29,16,0.2,True,100,5,32,True
3.1135373,0.94299924,0.26518944,2.7433114,0.0,2.6904814,0.0,2.5626497,6.0683036,1.7438341,0.0,1.3493404,1.6141766,0.0,0.46077797,0.0,2015-12-30,16,0.2,True,100,5,32,True
3.122168,0.9321468,0.2681143,2.760771,0.0,2.7300673,0.0,2.5836458,6.101339,1.7524382,0.0,1.3532549,1.6390601,0.0,0.4446053,0.0,2016-01-04,16,0.2,True,100,5,32,True
3.1224825,0.9305466,0.26213858,2.779308,0.0,2.7617955,0.0,2.5968926,6.1243763,1.7577779,0.0,1.3594857,1.6621504,0.0,0.4250064,0.0,2016-01-05,16,0.2,True,100,5,32,True
3.114502,0.9255258,0.25177473,2.801373,0.0,2.798968,0.0,2.6126614,6.147732,1.7721117,0.0,1.3762381,1.692892,0.0,0.40303573,0.0,2016-01-06,16,0.2,True,100,5,32,True
3.103474,0.92313623,0.23826623,2.8283627,0.0,2.8410826,0.0,2.6313462,6.175478,1.7920637,0.0,1.3959684,1.7300855,0.0,0.38029987,0.0,2016-01-07,16,0.2,True,100,5,32,True
3.091434,0.9116894,0.22828141,2.8500998,0.0,2.886312,0.0,2.6509125,6.1935034,1.8032675,0.0,1.4112641,1.7761548,0.0,0.35711765,0.0,2016-01-08,16,0.2,True,100,5,32,True
3.0687332,0.9079609,0.20622775,2.8747156,0.0,2.9237099,0.0,2.6634917,6.2094417,1.828886,0.0,1.4395263,1.8141452,0.0,0.33530703,0.0,2016-01-11,16,0.2,True,100,5,32,True
3.0530803,0.90079725,0.19013238,2.904388,0.0,2.9720855,0.0,2.6856778,6.2356653,1.849864,0.0,1.4609228,1.8615719,0.0,0.30874145,0.0,2016-01-12,16,0.2,True,100,5,32,True
3.0340536,0.88618296,0.17517477,2.9262993,0.0,3.0158248,0.0,2.7042165,6.246601,1.8632993,0.0,1.4792871,1.9115874,0.0,0.28527123,0.0,2016-01-13,16,0.2,True,100,5,32,True
3.0155635,0.87368566,0.16150886,2.9449756,0.0,3.0533538,0.0,2.7202642,6.256635,1.8798559,0.0,1.4961177,1.9552804,0.0,0.26803118,0.0,2016-01-14,16,0.2,True,100,5,32,True
3.0051684,0.86019206,0.1565364,2.9625914,0.0,3.09226,0.0,2.7380104,6.2698455,1.8894312,0.0,1.5023186,1.998249,0.0,0.25267327,0.0,2016-01-15,16,0.2,True,100,5,32,True
2.994366,0.85335845,0.14606962,2.986611,0.0,3.1323345,0.0,2.7555437,6.2831717,1.8928744,0.0,1.5039642,2.040813,0.0,0.22839934,0.0,2016-01-18,16,0.2,True,100,5,32,True
2.9774125,0.86576664,0.118710876,3.0200098,0.0,3.1624086,0.0,2.7714288,6.309485,1.9160992,0.0,1.5199018,2.0681727,0.0,0.2011695,0.0,2016-01-19,16,0.2,True,100,5,32,True
2.9750369,0.85946333,0.11635034,3.0401664,0.0,3.197239,0.0,2.7902448,6.3284416,1.9200774,0.0,1.5213687,2.1050758,0.0,0.18557785,0.0,2016-01-20,16,0.2,True,100,5,32,True
2.9632607,0.8625901,0.101039186,3.064801,0.0,3.2284546,0.0,2.800822,6.3431344,1.9285446,0.0,1.531016,2.136817,0.0,0.16340852,0.0,2016-01-21,16,0.2,True,100,5,32,True
2.9527283,0.8665726,0.0875575,3.0892003,0.0,3.2604,0.0,2.8116353,6.361666,1.9372113,0.0,1.545024,2.1692526,0.0,0.14096805,0.0,2016-01-22,16,0.2,True,100,5,32,True
2.9409378,0.869378,0.07621693,3.1067793,0.0,3.2835274,0.0,2.81973,6.3739467,1.9466019,0.0,1.5598227,2.1935656,0.0,0.12513477,0.0,2016-01-25,16,0.2,True,100,5,32,True
2.93486,0.86725307,0.072379954,3.1196623,0.0,3.308441,0.0,2.8303347,6.3838,1.946688,0.0,1.5669899,2.2227733,0.0,0.11310145,0.0,2016-01-26,16,0.2,True,100,5,32,True
2.929642,0.8685478,0.06603719,3.1452749,0.0,3.3429053,0.0,2.84865,6.412388,1.9598418,0.0,1.5816355,2.254581,0.0,0.09736277,0.0,2016-01-27,16,0.2,True,100,5,32,True
2.9167914,0.87476903,0.050115276,3.1703684,0.0,3.3688316,0.0,2.8601258,6.4360127,1.9801913,0.0,1.604815,2.2775793,0.0,0.08036615,0.0,2016-01-28,16,0.2,True,100,5,32,True
2.9101417,0.87864,0.041003436,3.1896248,0.0,3.3917608,0.0,2.869811,6.4598684,1.9943581,0.0,1.6247334,2.2962782,0.0,0.06522465,0.0,2016-01-29,16,0.2,True,100,5,32,True
2.9034355,0.8855156,0.029572468,3.218367,0.0,3.4207308,0.0,2.886818,6.495591,2.0180547,0.0,1.6449436,2.3165798,0.0,0.047827993,0.0,2016-02-01,16,0.2,True,100,5,32,True
2.8944998,0.87844694,0.024154665,3.2417212,0.0,3.4564166,0.0,2.907631,6.521802,2.0355904,0.0,1.6628923,2.3515527,0.0,0.034519974,0.0,2016-02-02,16,0.2,True,100,5,32,True
2.87121,0.88478196,0.0,3.2728462,0.0,3.484837,0.0,2.9215486,6.544031,2.0648408,0.0,1.690309,2.376524,0.0,0.012164816,0.0,2016-02-03,16,0.2,True,100,5,32,True
2.8441823,0.88236344,0.0,3.297446,0.0,3.5126102,0.0,2.9338658,6.554851,2.0908904,0.0,1.7177031,2.406943,0.0,0.0,0.0,2016-02-04,16,0.2,True,100,5,32,True
2.818337,0.88172686,0.0,3.3299446,0.0,3.5485861,0.0,2.9519815,6.579456,2.126068,0.0,1.749329,2.439308,0.0,0.0,0.0,2016-02-05,16,0.2,True,100,5,32,True
2.7922204,0.88452524,0.0,3.3642974,0.0,3.5823543,0.0,2.9709444,6.607908,2.1663184,0.0,1.7831944,2.4703398,0.0,0.0,0.0,2016-02-11,16,0.2,True,100,5,32,True
2.7583597,0.8869916,0.0,3.3995926,0.0,3.6126366,0.0,2.9860475,6.626459,2.2066221,0.0,1.8201575,2.500429,0.0,0.0,0.0,2016-02-12,16,0.2,True,100,5,32,True
2.7194118,0.8906665,0.0,3.4347405,0.0,3.6372533,0.0,2.997104,6.6411333,2.251055,0.0,1.8647817,2.528178,0.0,0.0,0.0,2016-02-15,16,0.2,True,100,5,32,True
2.6834834,0.88996696,0.0,3.4631853,0.0,3.652596,0.0,3.007807,6.6538544,2.2984238,0.0,1.9119786,2.552446,0.0,0.0,0.0,2016-02-16,16,0.2,True,100,5,32,True
2.6552958,0.8957726,0.0,3.4993439,0.0,3.669806,0.0,3.0241952,6.6829553,2.349486,0.0,1.9562418,2.570504,0.0,0.0,0.0,2016-02-17,16,0.2,True,100,5,32,True
2.6242638,0.8925315,0.0,3.52055,0.0,3.6753926,0.0,3.031271,6.6942964,2.3963985,0.0,2.007147,2.5821557,0.0,0.0,0.0,2016-02-18,16,0.2,True,100,5,32,True
2.595201,0.8913632,0.0,3.525491,0.0,3.663224,0.0,3.0272663,6.684411,2.423168,0.0,2.0437915,2.5784454,0.0,0.0,0.0,2016-02-19,16,0.2,True,100,5,32,True
2.568608,0.89331704,0.0,3.5391645,0.0,3.659707,0.0,3.029702,6.686836,2.4558709,0.0,2.0805428,2.580204,0.0,0.0,0.0,2016-02-22,16,0.2,True,100,5,32,True
2.5377414,0.9021698,0.0,3.5537443,0.0,3.6461148,0.0,3.0271282,6.6872034,2.4933884,0.0,2.121749,2.5720456,0.0,0.0,0.0,2016-02-23,16,0.2,True,100,5,32,True
2.5118084,0.9059031,0.0,3.5629036,0.0,3.6304166,0.0,3.024394,6.6834836,2.5243003,0.0,2.1537642,2.5642896,0.0,0.0,0.0,2016-02-24,16,0.2,True,100,5,32,True
2.4875648,0.9072756,0.0,3.5803976,0.0,3.6269362,0.0,3.0273235,6.688173,2.5586162,0.0,2.1844018,2.567969,0.0,0.0,0.0,2016-02-25,16,0.2,True,100,5,32,True
2.4605446,0.9120706,0.0,3.5947554,0.0,3.6158085,0.0,3.0238001,6.6868873,2.5910673,0.0,2.212616,2.5598507,0.0,0.0,0.0,2016-02-26,16,0.2,True,100,5,32,True
2.434461,0.9132038,0.0,3.6058013,0.0,3.6031158,0.0,3.0215306,6.6855183,2.625778,0.0,2.240526,2.5523522,0.0,0.0,0.0,2016-02-29,16,0.2,True,100,5,32,True
2.4086764,0.92132246,0.0,3.6296706,0.0,3.596461,0.0,3.0253801,6.7013006,2.6730762,0.0,2.2758136,2.5478826,0.0,0.0,0.0,2016-03-02,16,0.2,True,100,5,32,True
2.3918872,0.9207571,0.0,3.6438246,0.0,3.5865993,0.0,3.0287917,6.7103653,2.708427,0.0,2.2959573,2.5412333,0.0,0.0,0.0,2016-03-03,16,0.2,True,100,5,32,True
2.3774517,0.89922154,0.0,3.6304815,0.0,3.5619678,0.0,3.0241344,6.68644,2.7232625,0.0,2.3015225,2.530121,0.0,0.0,0.0,2016-03-04,16,0.2,True,100,5,32,True
2.3711565,0.898572,0.0,3.645045,0.0,3.5506287,0.0,3.0281138,6.7029285,2.7561555,0.0,2.311208,2.5164611,0.0,0.0,0.0,2016-03-07,16,0.2,True,100,5,32,True
2.3694816,0.88250715,0.0,3.6427395,0.0,3.535775,0.0,3.0320115,6.699969,2.771162,0.0,2.3074934,2.5080888,0.0,0.006799195,0.0,2016-03-08,16,0.2,True,100,5,32,True
2.3632052,0.8617465,0.0,3.6199794,0.0,3.5010452,0.0,3.021366,6.666757,2.7709858,0.0,2.2950141,2.483825,0.0,0.031456992,0.0,2016-03-09,16,0.2,True,100,5,32,True
2.365015,0.83861,0.0,3.6009102,0.0,3.4776688,0.0,3.018872,6.6463556,2.7719972,0.0,2.2781458,2.4688082,0.0,0.056467693,0.0,2016-03-10,16,0.2,True,100,5,32,True
2.37047,0.8182675,0.0,3.5949268,0.0,3.4674397,0.0,3.0249553,6.6450024,2.7842145,0.0,2.2671757,2.4625783,0.0,0.07818906,0.0,2016-03-11,16,0.2,True,100,5,32,True
2.3648837,0.8021881,0.0,3.5838478,0.0,3.4432385,0.0,3.0184577,6.627173,2.7999787,0.0,2.2659035,2.4417722,0.0,0.098728314,0.0,2016-03-14,16,0.2,True,100,5,32,True
2.3696332,0.77648854,0.0,3.566524,0.0,3.4288502,0.0,3.018286,6.612251,2.8075671,0.0,2.253511,2.432578,0.0,0.12503967,0.0,2016-03-15,16,0.2,True,100,5,32,True
2.3719792,0.7488122,0.0,3.5478137,0.0,3.4167337,0.0,3.0165215,6.5899887,2.8117406,0.0,2.2407897,2.4287171,0.0,0.14963046,0.0,2016-03-16,16,0.2,True,100,5,32,True
2.377309,0.71555793,0.0,3.52511,0.0,3.4111137,0.0,3.0150232,6.5644455,2.8091865,0.0,2.225138,2.4314992,0.0,0.173173,0.0,2016-03-17,16,0.2,True,100,5,32,True
2.3803532,0.68845695,0.0,3.5071876,0.0,3.4054935,0.0,3.0125916,6.5443463,2.8151426,0.0,2.2173705,2.4319122,0.0,0.1943,0.0,2016-03-18,16,0.2,True,100,5,32,True
2.3905709,0.6581266,0.0,3.4722233,0.0,3.3893614,0.0,3.0031402,6.510608,2.8032455,0.0,2.2031736,2.4258864,0.0,0.22005774,0.0,2016-03-21,16,0.2,True,100,5,32,True
2.40772,0.62869024,0.0,3.435249,0.0,3.377486,0.0,2.9931324,6.4815216,2.7854147,0.0,2.1842325,2.4202652,0.0,0.24498203,0.0,2016-03-22,16,0.2,True,100,5,32,True
2.4286473,0.6076764,0.0,3.403039,0.0,3.368537,0.0,2.9825013,6.4595485,2.7646074,0.0,2.158938,2.4121366,0.0,0.2661597,0.0,2016-03-23,16,0.2,True,100,5,32,True
2.4575212,0.5836052,0.0,3.3725493,0.0,3.369413,0.0,2.9792922,6.446336,2.7386615,0.0,2.127395,2.4145226,0.0,0.2889424,0.0,2016-03-24,16,0.2,True,100,5,32,True
2.480048,0.5737591,0.0,3.3570855,0.0,3.3705778,0.0,2.975568,6.448545,2.7325175,0.0,2.111508,2.4102902,0.0,0.3072112,0.0,2016-03-25,16,0.2,True,100,5,32,True
2.5108812,0.55401504,0.0,3.3241832,0.0,3.3691368,0.0,2.9677324,6.4346967,2.7035267,0.0,2.0745487,2.404842,0.0,0.33146983,0.0,2016-03-28,16,0.2,True,100,5,32,True
2.5459564,0.54107654,0.0,3.295092,0.0,3.3693736,0.0,2.958939,6.4300237,2.672472,0.0,2.0365498,2.394679,0.0,0.35081834,0.0,2016-03-29,16,0.2,True,100,5,32,True
2.575564,0.54161155,0.0,3.2909868,0.0,3.3814678,0.0,2.960416,6.452805,2.6657164,0.0,2.0177512,2.392274,0.0,0.36255923,0.0,2016-03-30,16,0.2,True,100,5,32,True
2.614142,0.527985,0.0,3.2715464,0.0,3.3916788,0.0,2.9646888,6.4655633,2.6425202,0.0,1.988522,2.3968053,0.0,0.38670495,0.0,2016-03-31,16,0.2,True,100,5,32,True
2.6516643,0.51923805,0.0,3.2549212,0.0,3.4001656,0.0,2.9646375,6.4786553,2.6179714,0.0,1.960501,2.3925657,0.0,0.40577024,0.0,2016-04-01,16,0.2,True,100,5,32,True
2.6717978,0.5136252,0.0,3.228887,0.0,3.3882473,0.0,2.9511893,6.467978,2.6020336,0.0,1.9517864,2.3736556,0.0,0.430323,0.0,2016-04-04,16,0.2,True,100,5,32,True
2.6841333,0.51672673,0.0,3.2069538,0.0,3.372255,0.0,2.9355962,6.460581,2.5964127,0.0,1.9567454,2.3493104,0.0,0.45158386,0.0,2016-04-05,16,0.2,True,100,5,32,True
2.6918674,0.5253744,0.017509265,3.1934469,0.0,3.3600674,0.0,2.9211173,6.4591284,2.5969787,0.0,1.9679899,2.32536,0.0,0.46657425,0.0,2016-04-06,16,0.2,True,100,5,32,True
2.6928172,0.54135704,0.031238893,3.182661,0.0,3.3429098,0.0,2.9032896,6.457197,2.6034052,0.0,1.9855934,2.2943096,0.0,0.4771729,0.0,2016-04-07,16,0.2,True,100,5,32,True
2.6900184,0.55569947,0.045627493,3.1599395,0.0,3.314269,0.0,2.876831,6.434162,2.5963738,0.0,1.9962231,2.2595806,0.0,0.4908656,0.0,2016-04-08,16,0.2,True,100,5,32,True
2.6918619,0.5611345,0.06994271,3.1362166,0.0,3.29287,0.0,2.8560276,6.4114723,2.581228,0.0,2.0015516,2.2356503,0.0,0.5086764,0.0,2016-04-11,16,0.2,True,100,5,32,True
2.684104,0.58088404,0.075952604,3.1287017,0.0,3.2722843,0.0,2.8387938,6.405689,2.5888577,0.0,2.0192697,2.2037418,0.0,0.5150672,0.0,2016-04-12,16,0.2,True,100,5,32,True
2.6727674,0.5988524,0.080212355,3.1202843,0.0,3.249231,0.0,2.8168564,6.3982306,2.6028,0.0,2.0467405,2.1690311,0.0,0.5245738,0.0,2016-04-14,16,0.2,True,100,5,32,True
2.6475554,0.6254113,0.067269206,3.1251888,0.0,3.2267396,0.0,2.7955303,6.399654,2.6419847,0.0,2.0856378,2.1265335,0.0,0.52923656,0.0,2016-04-15,16,0.2,True,100,5,32,True
2.62346,0.6539196,0.05368691,3.1344514,0.0,3.2056665,0.0,2.7738311,6.4085274,2.6870844,0.0,2.130012,2.0815842,0.0,0.5353956,0.0,2016-04-18,16,0.2,True,100,5,32,True
2.6022098,0.6774483,0.046251334,3.139632,0.0,3.1872582,0.0,2.752759,6.4115233,2.723186,0.0,2.1662164,2.0440342,0.0,0.54513955,0.0,2016-04-19,16,0.2,True,100,5,32,True
2.5749292,0.7029015,0.0333637,3.1451674,0.0,3.1654775,0.0,2.7270112,6.4099708,2.7636046,0.0,2.2070339,2.0030196,0.0,0.55469334,0.0,2016-04-20,16,0.2,True,100,5,32,True
2.5517511,0.7185709,0.030150764,3.1443484,0.0,3.146733,0.0,2.703961,6.4021654,2.7949812,0.0,2.2396228,1.9712616,0.0,0.5698173,0.0,2016-04-21,16,0.2,True,100,5,32,True
2.5229445,0.74730724,0.013212565,3.1493857,0.0,3.1201167,0.0,2.6775908,6.397822,2.8323202,0.0,2.2751997,1.9285153,0.0,0.57840526,0.0,2016-04-22,16,0.2,True,100,5,32,True
2.4930577,0.7761865,0.0,3.1589556,0.0,3.0984879,0.0,2.6521208,6.394476,2.8693275,0.0,2.3100843,1.8898098,0.0,0.5830002,0.0,2016-04-25,16,0.2,True,100,5,32,True
2.4708104,0.7893219,0.0,3.1560805,0.0,3.0824444,0.0,2.6277416,6.3753586,2.8854997,0.0,2.3295317,1.8648655,0.0,0.5932481,0.0,2016-04-26,16,0.2,True,100,5,32,True
2.4375377,0.827608,0.0,3.16864,0.0,3.0568943,0.0,2.5991614,6.373901,2.9252858,0.0,2.3657262,1.8205476,0.0,0.5932634,0.0,2016-04-27,16,0.2,True,100,5,32,True
2.4007227,0.8565968,0.0,3.165281,0.0,3.0206714,0.0,2.5611663,6.345271,2.9517436,0.0,2.3937643,1.7780236,0.0,0.6012602,0.0,2016-04-28,16,0.2,True,100,5,32,True
2.3658502,0.8806065,0.0,3.1563907,0.0,2.9814603,0.0,2.5226624,6.3080945,2.9696379,0.0,2.4157515,1.7376337,0.0,0.6109904,0.0,2016-04-29,16,0.2,True,100,5,32,True
2.331368,0.905543,0.0,3.1539881,0.0,2.9466937,0.0,2.4907358,6.279646,2.9929895,0.0,2.4381237,1.7034962,0.0,0.61892164,0.0,2016-05-02,16,0.2,True,100,5,32,True
2.301868,0.9270329,0.0,3.1569552,0.0,2.917824,0.0,2.4642048,6.255909,3.0101364,0.0,2.4536762,1.6746892,0.0,0.6207224,0.0,2016-05-03,16,0.2,True,100,5,32,True
2.2739434,0.94192076,0.0,3.147895,0.0,2.8795211,0.0,2.43398,6.216895,3.0163436,0.0,2.4588506,1.6463563,0.0,0.6287012,0.0,2016-05-04,16,0.2,True,100,5,32,True
2.2392251,0.96229935,0.0,3.1411915,0.0,2.8336933,0.0,2.3966177,6.1709647,3.0245833,0.0,2.467235,1.610306,0.0,0.63209236,0.0,2016-05-09,16,0.2,True,100,5,32,True
2.2044363,0.9907129,0.0,3.1441007,0.0,2.790357,0.0,2.3616674,6.1376395,3.0401778,0.0,2.4817798,1.5737458,0.0,0.6301507,0.0,2016-05-10,16,0.2,True,100,5,32,True
2.1796963,1.0161417,0.0,3.1526778,0.0,2.7593143,0.0,2.337699,6.12162,3.0562582,0.0,2.4937017,1.54508,0.0,0.6268878,0.0,2016-05-11,16,0.2,True,100,5,32,True
2.1566591,1.0387914,0.0,3.1555817,0.0,2.7261593,0.0,2.3124475,6.099105,3.0659654,0.0,2.499709,1.5185522,0.0,0.6264144,0.0,2016-05-12,16,0.2,True,100,5,32,True
2.144877,1.0488095,0.0,3.1542249,0.0,2.7038713,0.0,2.2971337,6.0816755,3.0667691,0.0,2.4954617,1.5043539,0.0,0.6281104,0.0,2016-05-13,16,0.2,True,100,5,32,True
2.1311307,1.0664065,0.0,3.1558855,0.0,2.6728082,0.0,2.2798042,6.0664325,3.073702,0.0,2.4957004,1.4865257,0.0,0.635393,0.0,2016-05-16,16,0.2,True,100,5,32,True
2.1239183,1.0936507,0.0,3.1777277,0.0,2.6542814,0.0,2.275847,6.082542,3.0942698,0.0,2.500229,1.4760513,0.0,0.64016724,0.0,2016-05-17,16,0.2,True,100,5,32,True
2.12969,1.0978744,0.0,3.1829078,0.0,2.6500597,0.0,2.2762825,6.08635,3.0861423,0.0,2.4850702,1.4718341,0.0,0.63637435,0.0,2016-05-18,16,0.2,True,100,5,32,True
2.1453283,1.0943922,0.0,3.192565,0.0,2.6663752,0.0,2.2919302,6.1075416,3.0744452,0.0,2.4696558,1.4824908,0.0,0.62467146,0.0,2016-05-19,16,0.2,True,100,5,32,True
2.156073,1.0942624,0.0,3.2016296,0.0,2.6755173,0.0,2.304968,6.1258063,3.0704353,0.0,2.4616373,1.4931967,0.0,0.6211395,0.0,2016-05-20,16,0.2,True,100,5,32,True
2.1656256,1.0844648,0.0,3.1984482,0.0,2.6801856,0.0,2.3135178,6.126408,3.0565698,0.0,2.4482958,1.5061576,0.0,0.62186146,0.0,2016-05-23,16,0.2,True,100,5,32,True
2.173445,1.0743582,0.0,3.1967704,0.0,2.6848283,0.0,2.3234816,6.127293,3.0443163,0.0,2.437893,1.5202814,0.0,0.62190545,0.0,2016-05-24,16,0.2,True,100,5,32,True
2.174723,1.0702376,0.0,3.1937149,0.0,2.6777759,0.0,2.3257108,6.1183763,3.0331633,0.0,2.432016,1.530787,0.0,0.6253648,0.0,2016-05-25,16,0.2,True,100,5,32,True
2.1819859,1.0637637,0.0,3.199867,0.0,2.6856377,0.0,2.3430433,6.1311035,3.0278447,0.0,2.4275336,1.5490097,0.0,0.6228535,0.0,2016-05-26,16,0.2,True,100,5,32,True
2.1897008,1.0597132,0.0,3.2072296,0.0,2.6915655,0.0,2.3623867,6.1471667,3.0246584,0.0,2.4230282,1.5673532,0.0,0.6229458,0.0,2016-05-27,16,0.2,True,100,5,32,True
2.2024472,1.0370569,0.0,3.2071822,0.0,2.7108946,0.0,2.3889828,6.1560683,3.005855,0.0,2.4077535,1.5987401,0.0,0.6156397,0.0,2016-05-30,16,0.2,True,100,5,32,True
2.2039719,1.0171137,0.0,3.2099235,0.0,2.723676,0.0,2.410328,6.1612215,3.0039318,0.0,2.409142,1.627193,0.0,0.61484396,0.0,2016-05-31,16,0.2,True,100,5,32,True
2.2122655,0.9867618,0.0,3.2082262,0.0,2.7446258,0.0,2.440463,6.1679096,2.9928296,0.0,2.4013622,1.6617975,0.0,0.611642,0.0,2016-06-01,16,0.2,True,100,5,32,True
2.2098858,0.9687256,0.0,3.2055905,0.0,2.7453072,0.0,2.4529264,6.1605887,2.991557,0.0,2.402913,1.6823392,0.0,0.620355,0.0,2016-06-02,16,0.2,True,100,5,32,True
2.2132566,0.93776,0.0,3.2000256,0.0,2.7580428,0.0,2.4743004,6.156267,2.9861712,0.0,2.4008198,1.7145047,0.0,0.62902343,0.0,2016-06-03,16,0.2,True,100,5,32,True
2.2143755,0.9133563,0.0,3.1982398,0.0,2.7658436,0.0,2.4932985,6.1551824,2.9885876,0.0,2.4042785,1.742588,0.0,0.6412724,0.0,2016-06-07,16,0.2,True,100,5,32,True
2.214239,0.8885975,0.0,3.1978648,0.0,2.7746818,0.0,2.510666,6.1543074,2.9947646,0.0,2.411475,1.7675664,0.0,0.6533437,0.0,2016-06-08,16,0.2,True,100,5,32,True
2.2152126,0.8508364,0.0,3.1810012,0.0,2.7824926,0.0,2.5226383,6.132815,2.9869423,0.0,2.4100516,1.7941273,0.0,0.6693754,0.0,2016-06-09,16,0.2,True,100,5,32,True
2.21756,0.8138148,0.0,3.1617866,0.0,2.789398,0.0,2.5320745,6.10929,2.9764664,0.0,2.4061174,1.8200473,0.0,0.6856042,0.0,2016-06-10,16,0.2,True,100,5,32,True
2.2247136,0.78307915,0.0,3.1566064,0.0,2.8110301,0.0,2.5513341,6.1074934,2.9696975,0.0,2.402034,1.849643,0.0,0.6901672,0.0,2016-06-13,16,0.2,True,100,5,32,True
2.224271,0.7569796,0.0,3.1442273,0.0,2.8164632,0.0,2.558811,6.0893703,2.9652982,0.0,2.4021885,1.8726938,0.0,0.7051799,0.0,2016-06-14,16,0.2,True,100,5,32,True
2.232436,0.7200396,0.0,3.131511,0.0,2.833965,0.0,2.5761528,6.0779023,2.9552498,0.0,2.3953683,1.9075654,0.0,0.7178204,0.0,2016-06-15,16,0.2,True,100,5,32,True
2.2354205,0.69724625,0.0,3.128325,0.0,2.841971,0.0,2.5901,6.070615,2.9550498,0.0,2.3950443,1.9362825,0.0,0.73143625,0.0,2016-06-16,16,0.2,True,100,5,32,True
2.244143,0.6607246,0.0,3.1100087,0.0,2.8487046,0.0,2.6026795,6.0446134,2.9327922,0.0,2.3782425,1.9673935,0.0,0.7437985,0.0,2016-06-17,16,0.2,True,100,5,32,True
2.2481623,0.6362878,0.0,3.0991454,0.0,2.848158,0.0,2.6166549,6.029922,2.9261127,0.0,2.3740857,1.9978726,0.0,0.7628001,0.0,2016-06-20,16,0.2,True,100,5,32,True
2.2605584,0.58740383,0.0,3.069254,0.0,2.8514795,0.0,2.6311562,5.9926295,2.893883,0.0,2.3501306,2.0312903,0.0,0.7796625,0.0,2016-06-21,16,0.2,True,100,5,32,True
2.2724898,0.5438093,0.0,3.0406091,0.0,2.852183,0.0,2.644432,5.957832,2.8622177,0.0,2.3278062,2.059784,0.0,0.7952045,0.0,2016-06-22,16,0.2,True,100,5,32,True
2.2824316,0.5046683,0.0,3.017873,0.0,2.8544347,0.0,2.658598,5.931584,2.8406634,0.0,2.312939,2.0850382,0.0,0.8108444,0.0,2016-06-23,16,0.2,True,100,5,32,True
2.2892404,0.46874627,0.0,2.9906287,0.0,2.8467398,0.0,2.664945,5.8984547,2.8224664,0.0,2.302675,2.1046038,0.0,0.83386517,0.0,2016-06-24,16,0.2,True,100,5,32,True
2.2936077,0.43660885,0.0,2.9708657,0.0,2.8443937,0.0,2.67341,5.8657494,2.8003602,0.0,2.2910378,2.1352684,0.0,0.84954524,0.0,2016-06-27,16,0.2,True,100,5,32,True
2.2984245,0.40590295,0.0,2.9540286,0.0,2.8445573,0.0,2.6833568,5.8368034,2.777786,0.0,2.2823493,2.1669278,0.0,0.86007214,0.0,2016-06-28,16,0.2,True,100,5,32,True
2.2964842,0.37483802,0.0,2.9296103,0.0,2.8323905,0.0,2.6846123,5.7939906,2.759614,0.0,2.2820127,2.191078,0.0,0.8788922,0.0,2016-06-29,16,0.2,True,100,5,32,True
2.3046389,0.32646018,0.0,2.8940837,0.0,2.8289669,0.0,2.691897,5.7417226,2.7209456,0.0,2.264623,2.2233574,0.0,0.89616597,0.0,2016-06-30,16,0.2,True,100,5,32,True
2.3114915,0.29046434,0.0,2.8658662,0.0,2.8231697,0.0,2.6979823,5.7041664,2.6958847,0.0,2.2552423,2.2504442,0.0,0.9178724,0.0,2016-07-01,16,0.2,True,100,5,32,True
2.3113904,0.2710574,0.0,2.8508503,0.0,2.8205245,0.0,2.7020092,5.6832056,2.6894305,0.0,2.2604637,2.2678142,0.0,0.93368053,0.0,2016-07-04,16,0.2,True,100,5,32,True
2.3044374,0.2573123,0.0002627466,2.8390002,0.0,2.8163621,0.0,2.7006729,5.6637096,2.696109,0.0,2.2767124,2.2763865,0.0,0.9504082,0.0,2016-07-05,16,0.2,True,100,5,32,True
2.2948132,0.24763551,0.006229406,2.8312106,0.0,2.8174868,0.0,2.6979225,5.643673,2.700037,0.0,2.2914877,2.2863872,0.0,0.960019,0.0,2016-07-06,16,0.2,True,100,5,32,True
2.2801113,0.23898436,0.011332488,2.818435,0.0,2.813461,0.0,2.6883135,5.6109266,2.6985238,0.0,2.304843,2.2938955,0.0,0.9678159,0.0,2016-07-07,16,0.2,True,100,5,32,True
2.2645311,0.23556885,0.011789396,2.818792,0.0,2.819509,0.0,2.6877701,5.5989633,2.7125716,0.0,2.32646,2.304795,0.0,0.9719634,0.0,2016-07-08,16,0.2,True,100,5,32,True
2.243004,0.23760177,0.0053520314,2.8222418,0.0,2.8209398,0.0,2.6841085,5.58917,2.736319,0.0,2.3555667,2.3071651,0.0,0.97504175,0.0,2016-07-11,16,0.2,True,100,5,32,True
2.2139826,0.23599866,0.0,2.816548,0.0,2.8108833,0.0,2.6685653,5.5569367,2.7559953,0.0,2.3852205,2.3018548,0.0,0.9818028,0.0,2016-07-12,16,0.2,True,100,5,32,True
2.1916072,0.2366848,0.0,2.8185902,0.0,2.8106909,0.0,2.6615002,5.5443616,2.7798493,0.0,2.4131985,2.300676,0.0,0.98669326,0.0,2016-07-13,16,0.2,True,100,5,32,True
2.1689262,0.24215144,0.0,2.827688,0.0,2.8129935,0.0,2.6558208,5.5424604,2.812488,0.0,2.4450452,2.2961779,0.0,0.9890963,0.0,2016-07-14,16,0.2,True,100,5,32,True
2.1430497,0.24713932,0.0,2.829906,0.0,2.8061903,0.0,2.6399238,5.52873,2.8430922,0.0,2.477087,2.2812772,0.0,0.9939407,0.0,2016-07-15,16,0.2,True,100,5,32,True
2.1192477,0.25761017,0.0,2.8407369,0.0,2.8039372,0.0,2.6312814,5.5351334,2.8875349,0.0,2.5135899,2.2660475,0.0,0.99922526,0.0,2016-07-18,16,0.2,True,100,5,32,True
2.0949743,0.26749492,0.0,2.8519115,0.0,2.8023293,0.0,2.620105,5.5368767,2.9273946,0.0,2.5458076,2.2512627,0.0,1.002936,0.0,2016-07-19,16,0.2,True,100,5,32,True
2.0667412,0.270889,0.0,2.8565464,0.0,2.7980046,0.0,2.6044507,5.51905,2.9571662,0.0,2.570202,2.239871,0.0,1.0099683,0.0,2016-07-20,16,0.2,True,100,5,32,True
2.032528,0.27811143,0.0,2.8571236,0.0,2.7826324,0.0,2.5817223,5.4925094,2.990384,0.0,2.5977616,2.218532,0.0,1.0213972,0.0,2016-07-21,16,0.2,True,100,5,32,True
1.9960039,0.29162896,0.0,2.859939,0.0,2.7640662,0.0,2.557449,5.4677825,3.0245776,0.0,2.622515,2.1932304,0.0,1.0317142,0.0,2016-07-22,16,0.2,True,100,5,32,True
1.964648,0.30454555,0.0,2.8609695,0.0,2.7465732,0.0,2.5360596,5.4437995,3.0485377,0.0,2.6358776,2.1714654,0.0,1.0416062,0.0,2016-07-25,16,0.2,True,100,5,32,True
1.942049,0.3236237,0.0,2.874021,0.0,2.7388806,0.0,2.522717,5.4491405,3.0811074,0.0,2.6513147,2.1496542,0.0,1.0415608,0.0,2016-07-26,16,0.2,True,100,5,32,True
1.9213027,0.34721765,0.0,2.8937767,0.0,2.732242,0.0,2.5104637,5.467701,3.1227274,0.0,2.6722443,2.1224597,0.0,1.0389612,0.0,2016-07-27,16,0.2,True,100,5,32,True
1.8983604,0.37316012,0.0,2.912013,0.0,2.7203012,0.0,2.4927113,5.4816203,3.1646137,0.0,2.6947985,2.0881436,0.0,1.036864,0.0,2016-07-28,16,0.2,True,100,5,32,True
1.8762872,0.3996143,0.0,2.9284186,0.0,2.7069318,0.0,2.4743495,5.4943547,3.2043107,0.0,2.7156909,2.0520928,0.0,1.0356066,0.0,2016-07-29,16,0.2,True,100,5,32,True
1.8519309,0.44225085,0.0,2.964381,0.0,2.6989212,0.0,2.4608903,5.53673,3.2672794,0.0,2.759283,2.012418,0.0,1.0265322,0.0,2016-08-01,16,0.2,True,100,5,32,True
1.83084,0.4701256,0.0,2.9825943,0.0,2.688374,0.0,2.446386,5.551783,3.3073587,0.0,2.7812889,1.9808724,0.0,1.0278742,0.0,2016-08-02,16,0.2,True,100,5,32,True
1.8087016,0.5026061,0.0,3.0052907,0.0,2.6795628,0.0,2.4328778,5.57258,3.3514814,0.0,2.8079996,1.9500093,0.0,1.0267996,0.0,2016-08-03,16,0.2,True,100,5,32,True
1.7862096,0.53720033,0.0,3.0320473,0.0,2.6733987,0.0,2.4214272,5.5979733,3.3989139,0.0,2.8397408,1.9217368,0.0,1.0249752,0.0,2016-08-04,16,0.2,True,100,5,32,True
1.7618978,0.57451934,0.0,3.0563664,0.0,2.6616714,0.0,2.4081717,5.621661,3.449881,0.0,2.8753283,1.8906459,0.0,1.0289528,0.0,2016-08-05,16,0.2,True,100,5,32,True
1.7301679,0.61578465,0.0,3.0599067,0.0,2.622219,0.0,2.370962,5.6109166,3.4866817,0.0,2.903069,1.839344,0.0,1.0401738,0.0,2016-08-08,16,0.2,True,100,5,32,True
1.706539,0.65166545,0.0,3.0657272,0.0,2.5942907,0.0,2.3415537,5.6086946,3.518722,0.0,2.925964,1.7938986,0.0,1.0484763,0.0,2016-08-09,16,0.2,True,100,5,32,True
1.6883932,0.68686306,0.0,3.078078,0.0,2.5773952,0.0,2.3217344,5.620743,3.552656,0.0,2.9489055,1.7565032,0.0,1.0542343,0.0,2016-08-10,16,0.2,True,100,5,32,True
1.6697019,0.7256564,0.0,3.0900779,0.0,2.5581644,0.0,2.2972958,5.628495,3.58245,0.0,2.9720554,1.7176235,0.0,1.0586059,0.0,2016-08-11,16,0.2,True,100,5,32,True
1.649795,0.7773961,0.0,3.117239,0.0,2.54318,0.0,2.2781174,5.661037,3.6349473,0.0,3.0118651,1.6793379,0.0,1.0667719,0.0,2016-08-12,16,0.2,True,100,5,32,True
1.6423348,0.80641377,0.0,3.1250622,0.0,2.5321767,0.0,2.2628198,5.6716685,3.6522133,0.0,3.0244086,1.6526418,0.0,1.0720664,0.0,2016-08-16,16,0.2,True,100,5,32,True
1.6378331,0.83062196,0.0,3.1314085,0.0,2.524631,0.0,2.251233,5.6810846,3.663567,0.0,3.0298674,1.6311128,0.0,1.0757875,0.0,2016-08-17,16,0.2,True,100,5,32,True
1.627728,0.8540608,0.0,3.1194954,0.0,2.495134,0.0,2.2229416,5.6580167,3.661519,0.0,3.0277014,1.6007434,0.0,1.0898309,0.0,2016-08-18,16,0.2,True,100,5,32,True
1.6176214,0.8801722,0.0,3.110627,0.0,2.4653392,0.0,2.194797,5.643013,3.6677477,0.0,3.032114,1.5664022,0.0,1.105505,0.0,2016-08-19,16,0.2,True,100,5,32,True
1.605316,0.91320837,0.0,3.1147597,0.0,2.4415092,0.0,2.1733122,5.6448574,3.687934,0.0,3.050076,1.5361701,0.0,1.11887,0.0,2016-08-22,16,0.2,True,100,5,32,True
1.5944508,0.9390408,0.0,3.1163714,0.0,2.4216747,0.0,2.1560714,5.643782,3.701761,0.0,3.0639668,1.5110419,0.0,1.1283401,0.0,2016-08-23,16,0.2,True,100,5,32,True
1.5826927,0.9534276,0.0,3.1016955,0.0,2.3929636,0.0,2.135139,5.616875,3.6980925,0.0,3.0656264,1.4887661,0.0,1.1415315,0.0,2016-08-24,16,0.2,True,100,5,32,True
1.5703849,0.9731085,0.0,3.095678,0.0,2.3657372,0.0,2.1211102,5.604588,3.7070723,0.0,3.0765648,1.4736695,0.0,1.1594038,0.0,2016-08-25,16,0.2,True,100,5,32,True
1.5570978,0.9854773,0.0,3.0835414,0.0,2.3357446,0.0,2.1054776,5.577082,3.7044082,0.0,3.0783398,1.462595,0.0,1.1751413,0.0,2016-08-26,16,0.2,True,100,5,32,True
1.5504317,0.9821193,0.0,3.0627909,0.0,2.3115516,0.0,2.0957747,5.541506,3.6850631,0.0,3.064496,1.4575486,0.0,1.1847581,0.0,2016-08-29,16,0.2,True,100,5,32,True
1.536819,0.9980383,0.0,3.0615742,0.0,2.2856088,0.0,2.0871375,5.5295844,3.6942568,0.0,3.0764017,1.4482738,0.0,1.1977472,0.0,2016-08-30,16,0.2,True,100,5,32,True
1.5237916,1.001149,0.0,3.0395536,0.0,2.2489645,0.0,2.0688705,5.48667,3.6835392,0.0,3.0737226,1.4363366,0.0,1.215264,0.0,2016-08-31,16,0.2,True,100,5,32,True
1.5133648,1.0003095,0.0,3.0157735,0.0,2.2149918,0.0,2.0530875,5.4437323,3.669601,0.0,3.0677776,1.4282116,0.0,1.2319733,0.0,2016-09-01,16,0.2,True,100,5,32,True
1.5108882,0.9918449,0.0,2.995982,0.0,2.1923733,0.0,2.048131,5.4130917,3.6510184,0.0,3.0563366,1.4268415,0.0,1.2404956,0.0,2016-09-02,16,0.2,True,100,5,32,True
1.5074193,0.982112,0.0,2.965368,0.0,2.1558778,0.0,2.0345974,5.3699994,3.6327112,0.0,3.0464127,1.4179847,0.0,1.2616788,0.0,2016-09-05,16,0.2,True,100,5,32,True
1.5032291,0.9744636,0.0,2.9334133,0.0,2.1143003,0.0,2.01559,5.324792,3.6195374,0.0,3.0412934,1.4047856,0.0,1.2896821,0.0,2016-09-06,16,0.2,True,100,5,32,True
1.5004716,0.9682524,0.0,2.9035122,0.0,2.07291,0.0,1.9978461,5.2865815,3.6139557,0.0,3.0414395,1.3906788,0.0,1.3235216,0.0,2016-09-07,16,0.2,True,100,5,32,True
1.5042948,0.9535468,0.0,2.875288,0.0,2.0440364,0.0,1.9888403,5.253961,3.5982385,0.0,3.0339239,1.3841813,0.0,1.3457814,0.0,2016-09-08,16,0.2,True,100,5,32,True
1.5127044,0.92455363,0.0,2.836459,0.0,2.018081,0.0,1.9808885,5.2088475,3.5682049,0.0,3.0138974,1.3831273,0.0,1.3667508,0.0,2016-09-09,16,0.2,True,100,5,32,True
1.5184708,0.9035081,0.0,2.8063276,0.0,1.9944329,0.0,1.9723905,5.171147,3.544404,0.0,3.0007803,1.3823086,0.0,1.3842572,0.0,2016-09-12,16,0.2,True,100,5,32,True
1.5272354,0.8744404,0.0,2.7734485,0.0,1.9759444,0.0,1.9693975,5.1297536,3.5107872,0.0,2.9792604,1.3929067,0.0,1.398741,0.0,2016-09-13,16,0.2,True,100,5,32,True
1.5318543,0.8529932,0.0,2.7485166,0.0,1.95767,0.0,1.9638449,5.093105,3.4868648,0.0,2.969981,1.4029853,0.0,1.4128832,0.0,2016-09-19,16,0.2,True,100,5,32,True
1.5365981,0.8292107,0.0,2.7167857,0.0,1.9372106,0.0,1.956239,5.0493937,3.457644,0.0,2.957288,1.4101224,0.0,1.427474,0.0,2016-09-20,16,0.2,True,100,5,32,True
1.5436779,0.8028774,0.0,2.685952,0.0,1.9224831,0.0,1.9503603,5.0084143,3.4261098,0.0,2.9430592,1.4185114,0.0,1.4375963,0.0,2016-09-21,16,0.2,True,100,5,32,True
1.551292,0.7825058,0.0,2.6648433,0.0,1.9131484,0.0,1.9507731,4.9875283,3.4127812,0.0,2.940052,1.4268396,0.0,1.4531237,0.0,2016-09-22,16,0.2,True,100,5,32,True
1.5598472,0.7489631,0.0,2.6292272,0.0,1.9016719,0.0,1.9493097,4.9462547,3.3835223,0.0,2.921738,1.4379828,0.0,1.469301,0.0,2016-09-23,16,0.2,True,100,5,32,True
1.5691161,0.71407956,0.0,2.5963652,0.0,1.8973297,0.0,1.9503045,4.904698,3.3457608,0.0,2.8967187,1.4521017,0.0,1.4741757,0.0,2016-09-26,16,0.2,True,100,5,32,True
1.5753415,0.689779,0.0,2.5672271,0.0,1.8867825,0.0,1.9472421,4.8666973,3.317031,0.0,2.87722,1.4614562,0.0,1.4861857,0.0,2016-09-27,16,0.2,True,100,5,32,True
1.5790066,0.656583,0.0,2.5182407,0.0,1.8630375,0.0,1.9326775,4.796758,3.2666368,0.0,2.841572,1.4609989,0.0,1.4977618,0.0,2016-09-28,16,0.2,True,100,5,32,True
1.5838752,0.6416263,0.0,2.49264,0.0,1.8511558,0.0,1.9254777,4.7634287,3.2402132,0.0,2.823119,1.4604632,0.0,1.5069678,0.0,2016-09-29,16,0.2,True,100,5,32,True
1.5863594,0.6289585,0.0,2.4613986,0.0,1.8309994,0.0,1.9105968,4.7215085,3.2143023,0.0,2.8045661,1.4513943,0.0,1.5222352,0.0,2016-09-30,16,0.2,True,100,5,32,True
1.5889115,0.62452376,0.0,2.4388554,0.0,1.8147638,0.0,1.8974856,4.6913595,3.1948016,0.0,2.7924526,1.4432342,0.0,1.53468,0.0,2016-10-04,16,0.2,True,100,5,32,True
1.592146,0.61947083,0.0,2.4171932,0.0,1.8030105,0.0,1.8872052,4.664171,3.1722898,0.0,2.7778828,1.4367743,0.0,1.5403048,0.0,2016-10-05,16,0.2,True,100,5,32,True
1.5963609,0.6156684,0.0,2.4071958,0.0,1.8058051,0.0,1.8871821,4.6533513,3.153651,0.0,2.7663236,1.437086,0.0,1.5334842,0.0,2016-10-06,16,0.2,True,100,5,32,True
1.5999722,0.61149013,0.0,2.3922067,0.0,1.8040571,0.0,1.8840822,4.6353374,3.130384,0.0,2.7502215,1.4378129,0.0,1.5286354,0.0,2016-10-07,16,0.2,True,100,5,32,True
1.5988301,0.6122611,0.0,2.3805902,0.0,1.7986903,0.0,1.877543,4.618011,3.1138518,0.0,2.7416227,1.4313155,0.0,1.5225312,0.0,2016-10-10,16,0.2,True,100,5,32,True
1.5962816,0.6168984,0.0,2.3707376,0.0,1.7901397,0.0,1.8705095,4.6020703,3.1018157,0.0,2.736296,1.4254454,0.0,1.5209378,0.0,2016-10-11,16,0.2,True,100,5,32,True
1.5916399,0.6337596,0.0,2.3708622,0.0,1.7792745,0.0,1.8619307,4.5982738,3.1043348,0.0,2.7432103,1.417641,0.0,1.5244031,0.0,2016-10-12,16,0.2,True,100,5,32,True
1.5838059,0.64610666,0.0,2.359934,0.0,1.759508,0.0,1.8447558,4.5713944,3.0893705,0.0,2.738126,1.4030331,0.0,1.523283,0.0,2016-10-13,16,0.2,True,100,5,32,True
1.576204,0.66185695,0.0,2.3594284,0.0,1.7471185,0.0,1.8346366,4.55829,3.0798728,0.0,2.7408228,1.3925521,0.0,1.5140657,0.0,2016-10-14,16,0.2,True,100,5,32,True
1.5643725,0.6788821,0.0,2.3576648,0.0,1.7297807,0.0,1.8217952,4.540715,3.072532,0.0,2.7450197,1.3764293,0.0,1.5056595,0.0,2016-10-17,16,0.2,True,100,5,32,True
1.5496321,0.69741386,0.0,2.3559074,0.0,1.709063,0.0,1.8078638,4.5223913,3.0690138,0.0,2.7525473,1.3581558,0.0,1.4992354,0.0,2016-10-18,16,0.2,True,100,5,32,True
1.5314164,0.7244124,0.0,2.3583896,0.0,1.6831799,0.0,1.7899662,4.5099993,3.079175,0.0,2.7709737,1.3324653,0.0,1.4996378,0.0,2016-10-19,16,0.2,True,100,5,32,True
1.5140707,0.752215,0.0,2.3664224,0.0,1.6599734,0.0,1.7749211,4.505789,3.0971506,0.0,2.794769,1.3088663,0.0,1.5035865,0.0,2016-10-20,16,0.2,True,100,5,32,True
1.4990352,0.7802232,0.0,2.3833792,0.0,1.6430583,0.0,1.7675478,4.5177746,3.1252928,0.0,2.825909,1.2864933,0.0,1.5071664,0.0,2016-10-21,16,0.2,True,100,5,32,True
1.4810469,0.80312055,0.0,2.390042,0.0,1.6162004,0.0,1.7529917,4.5096645,3.1417606,0.0,2.848201,1.26256,0.0,1.513568,0.0,2016-10-24,16,0.2,True,100,5,32,True
1.465168,0.83113575,0.0,2.4056551,0.0,1.5941144,0.0,1.741569,4.5167193,3.166853,0.0,2.8774493,1.237453,0.0,1.517909,0.0,2016-10-25,16,0.2,True,100,5,32,True
1.4456881,0.8603307,0.0,2.4143353,0.0,1.5621701,0.0,1.7200625,4.506842,3.1827703,0.0,2.9010096,1.2052097,0.0,1.5222955,0.0,2016-10-26,16,0.2,True,100,5,32,True
1.4241004,0.89634603,0.0,2.428978,0.0,1.5298779,0.0,1.6964849,4.50036,3.2028227,0.0,2.9316423,1.1737785,0.0,1.5257875,0.0,2016-10-27,16,0.2,True,100,5,32,True
1.4009376,0.92733204,0.0,2.432344,0.0,1.4904959,0.0,1.6669943,4.476755,3.2119544,0.0,2.9525437,1.1387814,0.0,1.5310284,0.0,2016-10-28,16,0.2,True,100,5,32,True
1.3795605,0.96510786,0.0,2.441393,0.0,1.4501238,0.0,1.6379648,4.467916,3.238498,0.0,2.9853997,1.1028008,0.0,1.5497398,0.0,2016-10-31,16,0.2,True,100,5,32,True
1.355561,0.9860815,0.0,2.4327056,0.0,1.405972,0.0,1.6075284,4.427157,3.235492,0.0,2.9949107,1.0737036,0.0,1.5577526,0.0,2016-11-01,16,0.2,True,100,5,32,True
1.3388077,1.0021317,0.0,2.4286773,0.0,1.3704278,0.0,1.5906185,4.4010506,3.2310386,0.0,3.003998,1.0580176,0.0,1.561542,0.0,2016-11-02,16,0.2,True,100,5,32,True
1.3165085,1.0118308,0.0,2.4129667,0.0,1.3244076,0.0,1.5686306,4.34664,3.2061732,0.0,3.0001101,1.0479853,0.0,1.5599947,0.0,2016-11-03,16,0.2,True,100,5,32,True
1.3026116,1.0218828,0.0,2.407283,0.0,1.2923628,0.0,1.5623221,4.318219,3.1915004,0.0,3.0026326,1.0504984,0.0,1.5593051,0.0,2016-11-04,16,0.2,True,100,5,32,True
1.2961107,1.0238991,0.0,2.3927052,0.0,1.259406,0.0,1.5580677,4.281813,3.1627994,0.0,2.9915428,1.0622212,0.0,1.5602827,0.0,2016-11-07,16,0.2,True,100,5,32,True
1.2909286,1.0019925,0.0,2.3499317,0.0,1.2135549,0.0,1.556348,4.2048173,3.1084719,0.0,2.9446964,1.0799695,0.0,1.5660502,0.0,2016-11-08,16,0.2,True,100,5,32,True
1.2910925,0.97934204,0.0,2.3144443,0.0,1.1810478,0.0,1.5652366,4.145159,3.0650456,0.0,2.900854,1.1040543,0.0,1.5747298,0.0,2016-11-09,16,0.2,True,100,5,32,True
1.293499,0.9453092,0.0,2.2731833,0.0,1.1554075,0.0,1.576602,4.068143,3.0009582,0.0,2.844446,1.1360785,0.0,1.5693657,0.0,2016-11-10,16,0.2,True,100,5,32,True
1.2949274,0.91887176,0.0,2.2369688,0.0,1.1279228,0.0,1.5870168,3.9997637,2.9490843,0.0,2.7953243,1.1630445,0.0,1.5718149,0.0,2016-11-11,16,0.2,True,100,5,32,True
1.3000594,0.890274,0.0,2.2020674,0.0,1.1054049,0.0,1.6011168,3.9404767,2.8991868,0.0,2.7504647,1.1895701,0.0,1.5757326,0.0,2016-11-14,16,0.2,True,100,5,32,True
1.3037838,0.8671633,0.0,2.1689007,0.0,1.0790466,0.0,1.6117759,3.8831062,2.8565383,0.0,2.7111502,1.2110264,0.0,1.5871259,0.0,2016-11-15,16,0.2,True,100,5,32,True
1.3069848,0.848516,0.0,2.1386065,0.0,1.0556836,0.0,1.6187935,3.8242373,2.806615,0.0,2.6743855,1.228751,0.0,1.5874163,0.0,2016-11-16,16,0.2,True,100,5,32,True
1.3124243,0.8295235,0.0,2.1056333,0.0,1.0369269,0.0,1.6255659,3.7699542,2.757277,0.0,2.6400352,1.2464774,0.0,1.5918734,0.0,2016-11-17,16,0.2,True,100,5,32,True
1.3206381,0.82207024,0.0,2.086313,0.0,1.0261643,0.0,1.6340449,3.7395473,2.7250583,0.0,2.621431,1.2625372,0.0,1.599048,0.0,2016-11-18,16,0.2,True,100,5,32,True
1.3374481,0.7864549,0.0,2.0437505,0.0,1.0222086,0.0,1.6460961,3.6816173,2.6532578,0.0,2.5721378,1.2912416,0.0,1.5972279,0.0,2016-11-21,16,0.2,True,100,5,32,True
1.3530831,0.76022637,0.0,2.019227,0.0,1.0163159,0.0,1.6618133,3.6483552,2.6121933,0.0,2.543169,1.3174597,0.0,1.6042595,0.0,2016-11-22,16,0.2,True,100,5,32,True
1.361073,0.7362075,0.0,1.9928664,0.0,1.0027688,0.0,1.6704255,3.6069493,2.5761435,0.0,2.5196216,1.3340148,0.0,1.6111634,0.0,2016-11-23,16,0.2,True,100,5,32,True
1.3658776,0.70273644,0.0,1.9530267,0.0,0.9858033,0.0,1.6723971,3.5406396,2.5174427,0.0,2.4823525,1.3481698,0.0,1.6084654,0.0,2016-11-24,16,0.2,True,100,5,32,True
1.3685343,0.67429996,0.0,1.9181311,0.0,0.967142,0.0,1.6705356,3.4758966,2.4615655,0.0,2.4502091,1.3576412,0.0,1.6012837,0.0,2016-11-25,16,0.2,True,100,5,32,True
1.3667015,0.648709,0.0,1.8868469,0.0,0.94934195,0.0,1.6660846,3.411394,2.4062965,0.0,2.4238772,1.3623837,0.0,1.585504,0.0,2016-11-28,16,0.2,True,100,5,32,True
1.3596389,0.6326954,0.0,1.8640481,0.0,0.9305623,0.0,1.6581043,3.3533742,2.3622544,0.0,2.40931,1.3615589,0.0,1.5681764,0.0,2016-11-29,16,0.2,True,100,5,32,True
1.3515555,0.61269873,0.0,1.8365645,0.0,0.9148945,0.0,1.650609,3.294181,2.3154578,0.0,2.3922145,1.3620789,0.0,1.550654,0.0,2016-11-30,16,0.2,True,100,5,32,True
1.3449421,0.59489197,0.0,1.8134718,0.0,0.901719,0.0,1.6450682,3.2442777,2.278871,0.0,2.3799965,1.365251,0.0,1.5381376,0.0,2016-12-01,16,0.2,True,100,5,32,True
1.3424363,0.57368773,0.0,1.7919068,0.0,0.8866871,0.0,1.64115,3.199504,2.2420888,0.0,2.3658743,1.3669046,0.0,1.5231789,0.0,2016-12-02,16,0.2,True,100,5,32,True
1.3365538,0.5551829,0.0,1.770989,0.0,0.86461836,0.0,1.6349704,3.1491868,2.2069442,0.0,2.350546,1.3674271,0.0,1.5107818,0.0,2016-12-05,16,0.2,True,100,5,32,True
1.3294038,0.5283354,0.0,1.7436044,0.0,0.83968675,0.0,1.6298755,3.0889914,2.1653407,0.0,2.32847,1.3711941,0.0,1.498859,0.0,2016-12-06,16,0.2,True,100,5,32,True
1.323441,0.49689537,0.0,1.7083113,0.0,0.81395084,0.0,1.6217374,3.0186071,2.1118755,0.0,2.296234,1.3742663,0.0,1.483299,0.0,2016-12-07,16,0.2,True,100,5,32,True
1.317459,0.46086562,0.0,1.6658335,0.0,0.78320885,0.0,1.611322,2.937313,2.0510676,0.0,2.2533863,1.3759046,0.0,1.4696887,0.0,2016-12-08,16,0.2,True,100,5,32,True
1.324688,0.42661387,0.0,1.6309786,0.0,0.7646135,0.0,1.6103724,2.8909109,2.005932,0.0,2.220394,1.3785305,0.0,1.4681706,0.0,2016-12-09,16,0.2,True,100,5,32,True
1.3417463,0.39262712,0.0,1.6014599,0.0,0.75581276,0.0,1.6149181,2.8668046,1.9681311,0.0,2.1942167,1.3844024,0.0,1.471748,0.0,2016-12-12,16,0.2,True,100,5,32,True
1.351609,0.36614007,0.0,1.5699872,0.0,0.7383127,0.0,1.6091765,2.8346713,1.9354271,0.0,2.1689415,1.3800263,0.0,1.4787862,0.0,2016-12-13,16,0.2,True,100,5,32,True
1.3573654,0.35415062,0.0,1.5464025,0.0,0.724145,0.0,1.6032525,2.819339,1.9235505,0.0,2.1567583,1.3725902,0.0,1.496447,0.0,2016-12-14,16,0.2,True,100,5,32,True
1.357977,0.3415668,0.0,1.5139878,0.0,0.70476,0.0,1.5868994,2.7837458,1.8968484,0.0,2.1334906,1.358217,0.0,1.5053399,0.0,2016-12-15,16,0.2,True,100,5,32,True
1.3616946,0.3418008,0.0,1.4962598,0.0,0.6949923,0.0,1.574962,2.7725062,1.8905294,0.0,2.1273685,1.3457277,0.0,1.5190846,0.0,2016-12-16,16,0.2,True,100,5,32,True
1.367352,0.3408803,0.0,1.4782845,0.0,0.68969136,0.0,1.5696596,2.7599685,1.8885888,0.0,2.1139538,1.3464863,0.0,1.5477855,0.0,2016-12-19,16,0.2,True,100,5,32,True
1.3843112,0.34873292,0.0,1.4803478,0.0,0.69816065,0.0,1.574402,2.7901485,1.9093572,0.0,2.1264756,1.3490961,0.0,1.5748888,0.0,2016-12-20,16,0.2,True,100,5,32,True
1.3972284,0.3494328,0.0,1.4735051,0.0,0.704083,0.0,1.5764968,2.8063545,1.9154265,0.0,2.1262326,1.3507304,0.0,1.595782,0.0,2016-12-21,16,0.2,True,100,5,32,True
1.4026235,0.348097,0.0,1.4579296,0.0,0.69783604,0.0,1.5668734,2.799082,1.908962,0.0,2.1177719,1.3435905,0.0,1.6081519,0.0,2016-12-22,16,0.2,True,100,5,32,True
1.4139897,0.33931485,0.0,1.43927,0.0,0.69662696,0.0,1.56071,2.7930067,1.890894,0.0,2.105694,1.3407907,0.0,1.6130881,0.0,2016-12-23,16,0.2,True,100,5,32,True
1.4299005,0.330886,0.0,1.4248946,0.0,0.6996268,0.0,1.5579231,2.797349,1.8762039,0.0,2.0984783,1.3409244,0.0,1.6180788,0.0,2016-12-26,16,0.2,True,100,5,32,True
1.4398879,0.32902056,0.0,1.4132458,0.0,0.6957131,0.0,1.5486192,2.7993877,1.8644295,0.0,2.0977538,1.3309305,0.0,1.6156236,0.0,2016-12-27,16,0.2,True,100,5,32,True
1.4367253,0.3270275,0.0,1.3923647,0.0,0.6831326,0.0,1.5317622,2.7758684,1.8435072,0.0,2.083093,1.3171695,0.0,1.6127291,0.0,2016-12-28,16,0.2,True,100,5,32,True
1.4419092,0.33017296,0.0,1.383517,0.0,0.67819697,0.0,1.5240542,2.775979,1.8406897,0.0,2.0871143,1.3119118,0.0,1.6190697,0.0,2016-12-29,16,0.2,True,100,5,32,True
1.451003,0.3199023,0.0,1.3646891,0.0,0.67521477,0.0,1.5200442,2.7650127,1.8243667,0.0,2.0785606,1.3160288,0.0028520357,1.628463,0.0,2017-01-02,16,0.2,True,100,5,32,True
1.4552585,0.33354166,0.0,1.3748288,0.0,0.6749014,0.0,1.5213706,2.7824283,1.8557334,0.0,2.1028636,1.3213651,0.017871182,1.6507951,0.0,2017-01-03,16,0.2,True,100,5,32,True
1.4549558,0.3374021,0.0052222563,1.3696473,0.0,0.6679305,0.0,1.5140824,2.7768896,1.8610601,0.0,2.1130915,1.3173069,0.029435877,1.6542369,0.0,2017-01-04,16,0.2,True,100,5,32,True
1.4498186,0.32730094,0.01997875,1.3489455,0.0,0.6579228,0.0,1.5063543,2.750476,1.8491005,0.0,2.1040745,1.314806,0.039129026,1.6567241,0.0,2017-01-05,16,0.2,True,100,5,32,True
1.4368744,0.32604858,0.030464133,1.3415568,0.0,0.64981365,0.0,1.5008346,2.7279146,1.8565457,0.0,2.0995572,1.3150725,0.054662086,1.6686672,0.0,2017-01-06,16,0.2,True,100,5,32,True
1.4178985,0.32994688,0.03193208,1.3374356,0.0,0.6350582,0.0,1.4879822,2.700098,1.8609698,0.0,2.0948968,1.303143,0.072638854,1.6700909,0.0,2017-01-09,16,0.2,True,100,5,32,True
1.3950206,0.33627722,0.027743809,1.3355958,0.0,0.6162129,0.0,1.4706687,2.6675775,1.8639798,0.0,2.091074,1.2849387,0.08965247,1.6657549,0.0,2017-01-10,16,0.2,True,100,5,32,True
1.3678577,0.34637433,0.016860643,1.3369704,0.0,0.59132206,0.0,1.4478893,2.6310546,1.8680493,0.0,2.0907369,1.2593381,0.10703946,1.6570792,0.0,2017-01-11,16,0.2,True,100,5,32,True
1.3494849,0.36827612,0.0053760596,1.3516734,0.0,0.57668036,0.0,1.4296722,2.6202946,1.8900946,0.0,2.1043062,1.2379234,0.122800924,1.6573706,0.0,2017-01-12,16,0.2,True,100,5,32,True
1.3352475,0.38670692,0.0,1.3632284,0.0,0.5676383,0.0,1.4164516,2.6156256,1.913155,0.0,2.1121092,1.2230175,0.13738379,1.6655073,0.0,2017-01-13,16,0.2,True,100,5,32,True
1.3221482,0.4017001,0.0,1.3744003,0.0,0.56800157,0.0,1.4062679,2.6119592,1.933184,0.0,2.1104863,1.2146342,0.14653736,1.672416,0.0,2017-01-16,16,0.2,True,100,5,32,True
1.3104416,0.41214114,0.0,1.384584,0.0,0.56534165,0.0,1.3974696,2.6105103,1.9543391,0.0,2.1089706,1.2047652,0.15741876,1.6799039,0.0,2017-01-17,16,0.2,True,100,5,32,True
1.3023385,0.42446053,0.0,1.3989751,0.0,0.5633964,0.0,1.3898225,2.6203969,1.9801787,0.0,2.114122,1.1933501,0.166829,1.6863619,0.0,2017-01-18,16,0.2,True,100,5,32,True
1.2879348,0.4363931,0.0,1.4135462,0.0,0.55749047,0.0,1.3777786,2.6182754,2.0024514,0.0,2.1125414,1.1783439,0.17744529,1.6872891,0.0,2017-01-19,16,0.2,True,100,5,32,True
1.2812473,0.439504,0.0,1.4212005,0.0,0.5542191,0.0,1.371866,2.6226418,2.0217872,0.0,2.10984,1.1705773,0.18578018,1.6941954,0.0,2017-01-20,16,0.2,True,100,5,32,True
1.2768773,0.445314,0.0,1.4315919,0.0,0.5544075,0.0,1.3669062,2.6308923,2.0385869,0.0,2.1111739,1.1634656,0.19025083,1.694626,0.0,2017-01-23,16,0.2,True,100,5,32,True
1.2722032,0.44933775,0.0,1.4406242,0.0,0.5516453,0.0,1.3619647,2.636507,2.055571,0.0,2.1115372,1.1565976,0.1974837,1.697276,0.0,2017-01-24,16,0.2,True,100,5,32,True
1.2636967,0.44606304,0.0,1.4420774,0.0,0.5454264,0.0,1.3551723,2.6266067,2.0610847,0.0,2.1021857,1.1491735,0.20406902,1.6949824,0.0,2017-01-25,16,0.2,True,100,5,32,True
1.260912,0.4402826,0.0,1.4423826,0.0,0.5422986,0.0,1.3504468,2.6177306,2.061596,0.0,2.0943851,1.1469808,0.20583636,1.6899607,0.0,2017-01-26,16,0.2,True,100,5,32,True
1.2551011,0.4300974,0.0,1.4363769,0.0,0.53610885,0.0,1.34567,2.6016483,2.0602615,0.0,2.078594,1.1447507,0.21249257,1.690554,0.0,2017-01-31,16,0.2,True,100,5,32,True
1.2475779,0.4226967,0.0,1.4307723,0.0,0.52977866,0.0,1.3394595,2.581211,2.053934,0.0,2.060931,1.1410178,0.21879171,1.6856999,0.0012054592,2017-02-01,16,0.2,True,100,5,32,True
1.2525675,0.4315614,0.0028075203,1.4380916,0.0,0.5241838,0.0,1.337342,2.6049776,2.0811415,0.0,2.074645,1.1298524,0.23781878,1.7031058,0.0001787804,2017-02-02,16,0.2,True,100,5,32,True
1.2540466,0.42969862,0.013599753,1.4268667,0.0,0.5174546,0.0,1.3303046,2.5954065,2.0711706,0.0,2.059344,1.1223549,0.2500369,1.705834,0.00331093,2017-02-03,16,0.2,True,100,5,32,True
1.2687058,0.41859946,0.03761533,1.4079874,0.0,0.5164734,0.0,1.3341099,2.595863,2.056905,0.0,2.0389264,1.1298301,0.26012355,1.7206553,0.0,2017-02-06,16,0.2,True,100,5,32,True
1.277686,0.4078383,0.06018609,1.3851347,0.0,0.5098542,0.0,1.332401,2.5815625,2.0336483,0.0,2.0071049,1.1282319,0.27564883,1.7277418,0.0,2017-02-07,16,0.2,True,100,5,32,True
1.2923403,0.40425536,0.08168923,1.3691072,0.0,0.50564104,0.0,1.3352945,2.5849347,2.0203998,0.0,1.984906,1.1284047,0.29382122,1.7421279,0.0,2017-02-08,16,0.2,True,100,5,32,True
1.3035849,0.40162277,0.100328945,1.353941,0.0,0.4960042,0.0,1.3377945,2.5837722,2.0075688,0.0,1.9624305,1.1251493,0.31582117,1.7572719,0.0,2017-02-09,16,0.2,True,100,5,32,True
1.3047289,0.3935785,0.11935678,1.3275266,0.0,0.47663465,0.0,1.3329647,2.5527396,1.9736447,0.0,1.9210044,1.1153675,0.34035397,1.7626451,0.0,2017-02-10,16,0.2,True,100,5,32,True
1.312187,0.3939552,0.13701093,1.3090878,0.0,0.46186766,0.0,1.3317889,2.5407143,1.9501437,0.0,1.8919889,1.1081144,0.36514077,1.7745501,0.0,2017-02-13,16,0.2,True,100,5,32,True
1.3211043,0.40099514,0.15177852,1.2948453,0.0,0.44768322,0.0,1.3297713,2.5386426,1.9339464,0.0,1.8698622,1.096084,0.39188972,1.7883958,0.0,2017-02-14,16,0.2,True,100,5,32,True
1.337955,0.41754866,0.16349748,1.2935835,0.0,0.4392221,0.0,1.3340224,2.562078,1.9354712,0.0,1.8642226,1.0878736,0.41781834,1.8104049,0.0,2017-02-15,16,0.2,True,100,5,32,True
1.3373073,0.43072578,0.17329058,1.2806425,0.0,0.41903347,0.0,1.3230548,2.5412376,1.9091698,0.0,1.8339192,1.0654298,0.44717148,1.8107208,0.0,2017-02-16,16,0.2,True,100,5,32,True
1.3412973,0.4442372,0.18285412,1.2698041,0.0,0.40479785,0.0,1.3153422,2.527692,1.8827274,0.0,1.8080473,1.0504586,0.46853957,1.8103387,0.0,2017-02-17,16,0.2,True,100,5,32,True
1.3573234,0.46194825,0.19201761,1.268401,0.0,0.4000995,0.0,1.3165194,2.5414357,1.869542,0.0,1.7983985,1.045409,0.48326054,1.8163171,0.0,2017-02-20,16,0.2,True,100,5,32,True
1.3654625,0.47351843,0.19912201,1.2620457,0.0,0.38576922,0.0,1.3116357,2.5387692,1.8513645,0.0,1.785333,1.0329254,0.50066704,1.8153654,0.0,2017-02-21,16,0.2,True,100,5,32,True
1.3666147,0.47669905,0.20883104,1.2440542,0.0,0.36858463,0.0,1.3027539,2.517632,1.8195338,0.0,1.7577612,1.0177573,0.5171479,1.8093839,0.0,2017-02-22,16,0.2,True,100,5,32,True
1.3655484,0.48408878,0.213712,1.2316166,0.0,0.34973505,0.0,1.2925142,2.503719,1.7990035,0.0,1.738125,0.9963002,0.5362443,1.8055222,0.0,2017-02-23,16,0.2,True,100,5,32,True
1.3652498,0.48933712,0.22051013,1.215329,0.0,0.33636838,0.0,1.2812123,2.4822984,1.7645143,0.0,1.7078866,0.9809893,0.54661447,1.7933149,0.0,2017-02-24,16,0.2,True,100,5,32,True
1.3668967,0.49804276,0.22555327,1.2077792,0.0,0.3301495,0.0,1.2754914,2.4720304,1.7394408,0.0,1.682418,0.97288114,0.5532135,1.783779,0.0,2017-02-27,16,0.2,True,100,5,32,True
1.3771715,0.50788945,0.22886023,1.2092326,0.0,0.33206797,0.0,1.2783273,2.481885,1.7251129,0.0,1.6679876,0.9730214,0.5542279,1.780036,0.0,2017-02-28,16,0.2,True,100,5,32,True
1.3893212,0.5138461,0.23430693,1.2112886,0.0,0.33670926,0.0,1.2845967,2.49256,1.7106559,0.0,1.6503799,0.9779539,0.55406916,1.7792503,0.0,2017-03-02,16,0.2,True,100,5,32,True
1.3927854,0.51857066,0.23736915,1.2072549,0.0,0.3294681,0.0,1.2852424,2.4933662,1.6954428,0.0,1.6314216,0.97024554,0.5589553,1.7702605,0.0,2017-03-03,16,0.2,True,100,5,32,True
1.391032,0.5266639,0.23396927,1.2093035,0.0,0.31364578,0.0,1.2826777,2.4884822,1.6840812,0.0,1.616582,0.9569858,0.5665032,1.7577475,0.0,2017-03-06,16,0.2,True,100,5,32,True
1.3824214,0.53249544,0.22865236,1.2092649,0.0,0.288007,0.0,1.2785162,2.475928,1.6781154,0.0,1.6025851,0.9380431,0.58103675,1.751907,0.0,2017-03-07,16,0.2,True,100,5,32,True
1.3833013,0.55068517,0.22273594,1.2197524,0.0,0.26667413,0.0,1.2798508,2.4882555,1.6893765,0.0,1.60467,0.92142606,0.5998686,1.760894,0.0,2017-03-08,16,0.2,True,100,5,32,True
1.3735245,0.5617393,0.2177405,1.2197397,0.0,0.23811236,0.0,1.2739104,2.4736762,1.6855956,0.0,1.5898188,0.899769,0.61997336,1.7628069,0.0,2017-03-09,16,0.2,True,100,5,32,True
1.3651584,0.57776976,0.21052858,1.224202,0.0,0.20885748,0.0,1.2707133,2.4660575,1.6881729,0.0,1.5782436,0.8778836,0.6423382,1.770159,0.0,2017-03-10,16,0.2,True,100,5,32,True
1.3516439,0.59755254,0.20039392,1.2296572,0.0,0.17591995,0.0,1.2644823,2.4519851,1.6897454,0.0,1.562866,0.85111374,0.6676429,1.7754985,0.0,2017-03-13,16,0.2,True,100,5,32,True
1.3386682,0.6223989,0.19210973,1.2384359,0.0,0.14231203,0.0,1.2580831,2.4422355,1.6957924,0.0,1.5471276,0.8228744,0.6969689,1.7851622,0.0,2017-03-14,16,0.2,True,100,5,32,True
1.3325639,0.6523208,0.18211946,1.2531301,0.0,0.10967394,0.0,1.2539039,2.451593,1.7137151,0.0,1.5460465,0.7921393,0.7277185,1.7998427,0.0,2017-03-15,16,0.2,True,100,5,32,True
1.3210574,0.6749287,0.1744177,1.2610941,0.0,0.07720593,0.0,1.2460858,2.4464135,1.7215863,0.0,1.5329664,0.76179975,0.75468236,1.808125,0.0,2017-03-16,16,0.2,True,100,5,32,True
1.3063642,0.70046234,0.1607252,1.2715131,0.0,0.04317196,0.0,1.2350163,2.4456058,1.7357637,0.0,1.5249627,0.7211232,0.78294265,1.8132523,0.0,2017-03-17,16,0.2,True,100,5,32,True
1.2977734,0.7325895,0.15366289,1.2882419,0.0,0.010335188,0.0,1.2252651,2.460201,1.7649637,0.0,1.5237973,0.6827424,0.8207069,1.8333957,0.0,2017-03-20,16,0.2,True,100,5,32,True
1.3080262,0.7786438,0.14519262,1.3202014,0.0,0.0,0.0,1.2243432,2.5136719,1.8102311,0.0,1.5466943,0.6533358,0.85575503,1.8612332,0.0,2017-03-21,16,0.2,True,100,5,32,True
1.3010459,0.812243,0.13322775,1.3385031,0.0,0.0,0.0,1.2126565,2.5325596,1.8348358,0.0,1.552467,0.61792326,0.8838291,1.868688,0.0,2017-03-22,16,0.2,True,100,5,32,True
1.302704,0.8470588,0.123166785,1.3625078,0.0,0.0,0.0,1.2048882,2.565375,1.8625067,0.0,1.5651782,0.5926493,0.903556,1.8763635,0.0,2017-03-23,16,0.2,True,100,5,32,True
1.3055506,0.8742709,0.1169438,1.3802321,0.0,0.0,0.0,1.2005086,2.5946543,1.8810672,0.0,1.5683082,0.5735132,0.9163425,1.8803527,0.0,2017-03-24,16,0.2,True,100,5,32,True
1.3071424,0.9011974,0.11002504,1.3991532,0.0,0.0,0.0,1.1966374,2.6253016,1.9024564,0.0,1.5711918,0.5533593,0.9305937,1.8835433,0.0,2017-03-27,16,0.2,True,100,5,32,True
1.3125235,0.9315025,0.10235124,1.423388,0.0,0.0,0.0,1.1927509,2.658935,1.9211564,0.0,1.5748149,0.5382241,0.93803275,1.8805931,0.0,2017-03-28,16,0.2,True,100,5,32,True
1.3146415,0.9634282,0.091887936,1.4479582,0.0,0.0,0.0,1.1878872,2.689941,1.9388558,0.0,1.5786036,0.51892924,0.9459999,1.8738332,0.0,2017-03-29,16,0.2,True,100,5,32,True
1.3202531,1.0022522,0.083548345,1.477596,0.0,0.0,0.0,1.1831801,2.7286665,1.9605368,0.0,1.5905358,0.498317,0.95472026,1.8709869,0.0,2017-03-30,16,0.2,True,100,5,32,True
1.3165668,1.0262483,0.07658665,1.4898025,0.0,0.0,0.0,1.1711712,2.739445,1.9639965,0.0,1.5825982,0.47624224,0.96163166,1.8568438,0.0,2017-03-31,16,0.2,True,100,5,32,True
1.3275887,1.0586483,0.0727828,1.5107863,0.0,0.0,0.0,1.1674128,2.779938,1.9851178,0.0,1.5914395,0.46048337,0.9744694,1.8597702,0.0,2017-04-03,16,0.2,True,100,5,32,True
1.3430843,1.0848559,0.075778574,1.5260366,0.0,0.0,0.0,1.1687933,2.8316405,2.0144408,0.0,1.6031338,0.44711897,0.99304336,1.8778725,0.0,2017-04-04,16,0.2,True,100,5,32,True
1.349634,1.1088918,0.07859501,1.5360664,0.0,0.0,0.0,1.1625912,2.8562324,2.020117,0.0,1.6024486,0.4264796,1.0054978,1.8803748,0.0,2017-04-05,16,0.2,True,100,5,32,True
1.3652717,1.1356972,0.0824645,1.5520226,0.0,0.0,0.0,1.162025,2.8989367,2.0392537,0.0,1.6141995,0.41065294,1.0219756,1.8944454,0.0,2017-04-06,16,0.2,True,100,5,32,True
1.3759534,1.155934,0.087504126,1.5603095,0.0,0.0,0.0,1.157813,2.9225018,2.0444083,0.0,1.6145097,0.39469412,1.0360016,1.9004055,0.0,2017-04-07,16,0.2,True,100,5,32,True
1.3927734,1.1837523,0.09478384,1.5776204,0.0,0.0,0.0,1.1576982,2.9616354,2.0646412,0.0,1.6248353,0.38173562,1.0585217,1.919935,0.0,2017-04-10,16,0.2,True,100,5,32,True
1.4091731,1.2052549,0.10191413,1.5902286,0.0,0.0,0.0,1.1584116,2.9925456,2.0799804,0.0,1.6318202,0.3732983,1.0799875,1.937551,0.0,2017-04-11,16,0.2,True,100,5,32,True
1.425209,1.2308153,0.10742211,1.6070975,0.0,0.0,0.0,1.1609896,3.0236983,2.0980284,0.0,1.642954,0.36475766,1.1054186,1.9589006,0.0,2017-04-12,16,0.2,True,100,5,32,True
1.442799,1.2585443,0.11265739,1.6270673,0.0,0.0,0.0,1.1640565,3.0582452,2.1202972,0.0,1.6608009,0.3588226,1.1297894,1.9831023,0.0,2017-04-13,16,0.2,True,100,5,32,True
1.4568349,1.2689953,0.11964929,1.6299545,0.0,0.0,0.0,1.1665848,3.0769324,2.1288676,0.0,1.6675934,0.3598303,1.1449373,1.9995111,0.0,2017-04-14,16,0.2,True,100,5,32,True
1.4716103,1.270412,0.13112682,1.625344,0.0,0.0,0.0,1.1686254,3.0881648,2.131656,0.0,1.668004,0.36656165,1.1563963,2.0131128,0.0,2017-04-17,16,0.2,True,100,5,32,True
1.4901947,1.2720411,0.14589694,1.6196615,0.0,0.0,0.0,1.1775585,3.1069865,2.135786,0.0,1.6658651,0.37711763,1.1682572,2.0321734,0.0,2017-04-18,16,0.2,True,100,5,32,True
1.5048306,1.2742146,0.15962684,1.6162484,0.0,0.0,0.0,1.1869994,3.1240795,2.1439073,0.0,1.66531,0.38575947,1.1822095,2.0529597,0.0,2017-04-19,16,0.2,True,100,5,32,True
1.516683,1.2757678,0.17342696,1.6122001,0.0,0.0,0.0,1.196664,3.1376517,2.1513598,0.0,1.6641866,0.39374375,1.1970109,2.0746539,0.0,2017-04-20,16,0.2,True,100,5,32,True
1.5255964,1.2808949,0.18788546,1.6090075,0.0,0.0,0.0,1.2047378,3.1479576,2.1544652,0.0,1.6632209,0.39817083,1.2104297,2.095317,0.0,2017-04-21,16,0.2,True,100,5,32,True
1.5334169,1.2794373,0.20412228,1.5985633,0.0,0.0,0.0,1.211322,3.1519625,2.1526048,0.0,1.6559436,0.4036537,1.2233653,2.1145914,0.0,2017-04-24,16,0.2,True,100,5,32,True
1.5386541,1.2837641,0.21793514,1.5944971,0.0,0.0,0.0,1.2173026,3.1588798,2.1562998,0.0,1.6543174,0.40283784,1.2380847,2.1348913,0.0,2017-04-25,16,0.2,True,100,5,32,True
1.5434772,1.2795776,0.233821,1.5796962,0.0,0.0,0.0,1.2219679,3.158378,2.153249,0.0,1.6418959,0.40338987,1.2542895,2.153027,0.0,2017-04-26,16,0.2,True,100,5,32,True
1.5505689,1.2800536,0.2511886,1.5717194,0.0,0.0,0.0,1.2263838,3.167563,2.1597068,0.0,1.6364657,0.4011734,1.27264,2.1761675,0.0,2017-04-27,16,0.2,True,100,5,32,True
1.5509766,1.2758149,0.26884842,1.5582399,0.0,0.0,0.0,1.2240384,3.1545093,2.148247,0.0,1.6192837,0.39575538,1.2847705,2.185612,0.0,2017-04-28,16,0.2,True,100,5,32,True
1.5568912,1.2775909,0.28297096,1.5545412,0.0,0.0,0.0,1.224329,3.1595974,2.1530643,0.0,1.6137599,0.3911011,1.3008692,2.20111,0.0,2017-05-02,16,0.2,True,100,5,32,True
1.557285,1.2831627,0.29696336,1.5549628,0.0,0.0,0.0,1.2180865,3.1559634,2.158683,0.0,1.6074557,0.37826195,1.320835,2.213361,0.0,2017-05-04,16,0.2,True,100,5,32,True
1.5541356,1.2917985,0.31010887,1.5556848,0.0,0.0,0.0,1.2053002,3.1457176,2.1601126,0.0,1.5976595,0.35782072,1.340767,2.2186334,0.0,2017-05-08,16,0.2,True,100,5,32,True
1.5572861,1.316416,0.32592374,1.5706902,0.0,0.0,0.0,1.1891664,3.1589303,2.1798482,0.0,1.6003609,0.3284336,1.3678045,2.2316031,0.0,2017-05-10,16,0.2,True,100,5,32,True
1.5689665,1.3452703,0.3392247,1.5908391,0.0,0.0,0.0,1.1740935,3.1934931,2.210153,0.0,1.6134657,0.29939058,1.3924022,2.2453787,0.0,2017-05-11,16,0.2,True,100,5,32,True
1.5771251,1.3671652,0.35636622,1.6028262,0.0,0.0,0.0,1.1534295,3.2156916,2.2296462,0.0,1.6152937,0.26663935,1.4135259,2.2505257,0.0,2017-05-12,16,0.2,True,100,5,32,True
1.5863293,1.3890874,0.37598163,1.6166422,0.0,0.0,0.0,1.130449,3.2417083,2.2533395,0.0,1.6178944,0.23228788,1.4368668,2.2569468,0.0,2017-05-15,16,0.2,True,100,5,32,True
1.5932815,1.4060299,0.39330545,1.6263866,0.0,0.0,0.0,1.1061485,3.2631812,2.2732341,0.0,1.6154909,0.19593248,1.4589679,2.2576606,0.0,2017-05-16,16,0.2,True,100,5,32,True
1.6025355,1.4209498,0.41247925,1.6335394,0.0,0.0,0.0,1.0818766,3.287719,2.2950976,0.0,1.6093544,0.15928248,1.4843626,2.2602742,0.0,2017-05-17,16,0.2,True,100,5,32,True
1.6150687,1.448885,0.42722094,1.6534868,0.0,0.0,0.0,1.0593578,3.327868,2.3245661,0.0,1.615556,0.11965072,1.5088097,2.2650237,0.0,2017-05-18,16,0.2,True,100,5,32,True
1.6318597,1.4786029,0.44238988,1.6746389,0.0,0.0,0.0,1.0376588,3.3756316,2.3554862,0.0,1.6252391,0.083410084,1.5313284,2.27089,0.0,2017-05-19,16,0.2,True,100,5,32,True
1.6538998,1.5109738,0.4539598,1.6988925,0.0,0.0,0.0,1.0221714,3.4367836,2.3911374,0.0,1.6399051,0.049738288,1.5513104,2.2779725,0.0,2017-05-22,16,0.2,True,100,5,32,True
1.6713203,1.5294356,0.4746444,1.7080414,0.0,0.0,0.0,1.0008401,3.4753516,2.4132872,0.0,1.6351999,0.015798494,1.5742302,2.2815228,0.0,2017-05-23,16,0.2,True,100,5,32,True
1.6945107,1.5580169,0.49387896,1.7265475,0.0,0.0,0.0,0.98571765,3.5317953,2.4452968,0.0,1.6396573,0.0,1.6001964,2.2928166,0.0,2017-05-24,16,0.2,True,100,5,32,True
1.7190081,1.5876094,0.51596904,1.7452047,0.0,0.0,0.0,0.97085166,3.5885994,2.475576,0.0,1.6427231,0.0,1.626347,2.3056238,0.0,2017-05-25,16,0.2,True,100,5,32,True
1.7458214,1.6186428,0.5387197,1.7653233,0.0,0.0,0.0,0.9592092,3.6508958,2.5094259,0.0,1.6459012,0.0,1.6550326,2.3219054,0.0,2017-05-26,16,0.2,True,100,5,32,True
1.776348,1.6520276,0.56377167,1.7854388,0.0,0.0,0.0,0.95026934,3.7181065,2.543399,0.0,1.647612,0.0,1.685972,2.3411858,0.0,2017-05-29,16,0.2,True,100,5,32,True
1.8039696,1.6849738,0.59023947,1.8024192,0.0,0.0072913673,0.0,0.9390546,3.773932,2.5660186,0.0,1.6421003,0.0,1.7158445,2.3552194,0.0,2017-05-30,16,0.2,True,100,5,32,True
1.8314468,1.7214812,0.6170248,1.8221269,0.0,0.011385085,0.0,0.9291673,3.830032,2.5900364,0.0,1.6363323,0.0,1.7502606,2.373083,0.0,2017-05-31,16,0.2,True,100,5,32,True
1.8622376,1.7684412,0.63776684,1.8553483,0.0,0.013671264,0.0,0.92543286,3.9054482,2.6284187,0.0,1.6464092,0.0,1.7842193,2.3981063,0.0,2017-06-01,16,0.2,True,100,5,32,True
1.8964944,1.8078961,0.66223925,1.8809677,0.0,0.017006282,0.0,0.9249808,3.9818869,2.6655002,0.0,1.6512339,0.0,1.8190243,2.4277842,0.0,2017-06-02,16,0.2,True,100,5,32,True
1.9292486,1.848936,0.684362,1.9109223,0.0,0.018965947,0.0,0.9289729,4.0626373,2.707656,0.0,1.6611437,0.0,1.8531514,2.4610128,0.0,2017-06-05,16,0.2,True,100,5,32,True
1.9572611,1.8828158,0.7124358,1.9314017,0.0,0.02174287,0.0,0.92735034,4.1207523,2.7312982,0.0,1.6588005,0.0,1.8853171,2.4884179,0.0,2017-06-07,16,0.2,True,100,5,32,True
1.9869596,1.9153514,0.74015564,1.9501467,0.0,0.025518674,0.0,0.92639863,4.180353,2.754435,0.0,1.6578958,0.0,1.9161183,2.515467,0.0,2017-06-08,16,0.2,True,100,5,32,True
2.0154324,1.9383293,0.7692149,1.9599569,0.0,0.030391019,0.0,0.92579776,4.230957,2.7733145,0.0,1.6494435,0.0,1.9470136,2.5405958,0.0,2017-06-09,16,0.2,True,100,5,32,True
2.0461226,1.9616057,0.7944543,1.9716582,0.0,0.037199307,0.0,0.93036306,4.293471,2.802896,0.0,1.6470926,0.0,1.9768134,2.568529,0.0,2017-06-12,16,0.2,True,100,5,32,True
2.0730622,1.973252,0.827476,1.9690837,0.0,0.043779034,0.0,0.9310287,4.331756,2.813361,0.0,1.6278443,0.0,2.00699,2.590968,0.0,2017-06-13,16,0.2,True,100,5,32,True
2.0985446,1.9993265,0.8499475,1.984738,0.0,0.046084277,0.0,0.9389986,4.3893046,2.8418934,0.0,1.6263481,0.0,2.035485,2.6189737,0.0,2017-06-14,16,0.2,True,100,5,32,True
2.1217911,2.0190663,0.8781576,1.9934819,0.0,0.047205467,0.0,0.9450823,4.4314256,2.8599248,0.0,1.6165856,0.0,2.0671017,2.6469097,0.0,2017-06-15,16,0.2,True,100,5,32,True
2.145867,2.0334682,0.9092495,1.995552,0.0,0.047574453,0.0,0.94961286,4.466003,2.8738816,0.0,1.6031117,0.0,2.1014748,2.6765404,0.0,2017-06-16,16,0.2,True,100,5,32,True
2.1708455,2.0486994,0.937135,1.9978634,0.0,0.04871003,0.0,0.95552415,4.502507,2.8854368,0.0,1.5912697,0.0,2.1317122,2.7022426,0.0,2017-06-19,16,0.2,True,100,5,32,True
2.1887176,2.0505922,0.97558504,1.9843916,0.0,0.047953974,0.0,0.95672554,4.502596,2.8696802,0.0,1.5590814,0.0,2.1634884,2.722189,0.0,2017-06-20,16,0.2,True,100,5,32,True
2.204206,2.0557678,1.0086628,1.9750198,0.0,0.045394182,0.0,0.9579346,4.502184,2.855267,0.0,1.5326544,0.0,2.1918178,2.7406983,0.0,2017-06-21,16,0.2,True,100,5,32,True
2.217747,2.055851,1.0419598,1.9568017,0.0,0.04259142,0.0,0.9562388,4.4861,2.8263063,0.0,1.497732,0.0,2.2166305,2.752542,0.0,2017-06-22,16,0.2,True,100,5,32,True
2.2329636,2.0605354,1.0670432,1.9492943,0.0,0.039152123,0.0,0.96061134,4.4910703,2.8190732,0.0,1.4778342,0.0,2.240908,2.7697399,0.0,2017-06-23,16,0.2,True,100,5,32,True
2.2446744,2.0632908,1.0929126,1.9412291,0.0,0.0338034,0.0,0.9664711,4.4888854,2.8099601,0.0,1.4557022,0.0,2.2669127,2.7886512,0.0,2017-06-26,16,0.2,True,100,5,32,True
2.25677,2.0623097,1.1207056,1.9294144,0.0,0.02883133,0.0,0.97140723,4.483996,2.8005824,0.0,1.4312699,0.0,2.2961562,2.8093162,0.0,2017-06-27,16,0.2,True,100,5,32,True
2.2657423,2.0671432,1.1461812,1.9228009,0.0,0.022508537,0.0,0.9751214,4.4761705,2.7879932,0.0,1.4099836,0.0,2.3228378,2.8282318,0.0,2017-06-28,16,0.2,True,100,5,32,True
2.2783155,2.071091,1.1653643,1.9169003,0.0,0.020350548,0.0,0.9793267,4.4795365,2.783729,0.0,1.3967496,0.0,2.3439744,2.845421,0.0,2017-06-29,16,0.2,True,100,5,32,True
2.2866235,2.0654707,1.1982827,1.8989372,0.0,0.015271105,0.0,0.97965646,4.4572806,2.7622147,0.0,1.3671407,0.0,2.3725762,2.8646195,0.0,2017-06-30,16,0.2,True,100,5,32,True
2.2968242,2.0643215,1.2228768,1.8881528,0.0,0.0090062395,0.0,0.9829823,4.451733,2.7569299,0.0,1.3484337,0.0,2.4000983,2.886459,0.0,2017-07-03,16,0.2,True,100,5,32,True
2.3069253,2.065079,1.2439048,1.8784331,0.0,0.0021314807,0.0,0.9854161,4.447595,2.7511444,0.0,1.3309159,0.0,2.4254432,2.9044473,0.0,2017-07-04,16,0.2,True,100,5,32,True
2.3133316,2.0666704,1.2595106,1.8719813,0.0,0.0,0.0,0.9890669,4.4414244,2.745598,0.0,1.3151276,0.0,2.449155,2.9197414,0.0,2017-07-05,16,0.2,True,100,5,32,True
2.3194263,2.0599835,1.2801913,1.8553482,0.0,0.0,0.0,0.989097,4.4228745,2.7307425,0.0,1.2917019,0.0,2.4730089,2.9336472,0.0,2017-07-06,16,0.2,True,100,5,32,True
2.325018,2.0511158,1.3011382,1.8363361,0.0,0.0,0.0,0.9882241,4.402858,2.7161694,0.0,1.2685369,0.0,2.4960496,2.9477007,0.0,2017-07-07,16,0.2,True,100,5,32,True
2.3264015,2.0430386,1.3195746,1.8179977,0.0,0.0,0.0,0.9867123,4.377265,2.6977696,0.0,1.2445159,0.0,2.5162737,2.9578319,0.0,2017-07-10,16,0.2,True,100,5,32,True
2.3292227,2.0333364,1.3356456,1.7994986,0.0,0.0,0.0,0.9864506,4.3566184,2.6843045,0.0,1.224595,0.0,2.5336425,2.9687033,0.0,2017-07-11,16,0.2,True,100,5,32,True
2.3288693,2.0194046,1.35775,1.7765454,0.0,0.0,0.0,0.98534876,4.323528,2.662535,0.0,1.1967655,0.0,2.553253,2.9796643,0.0,2017-07-12,16,0.2,True,100,5,32,True
2.3262954,2.0034056,1.376336,1.7539583,0.0,0.0,0.0,0.9850425,4.2883997,2.6395721,0.0,1.1708056,0.0,2.5692637,2.9874544,0.0,2017-07-13,16,0.2,True,100,5,32,True
2.3230202,1.9837925,1.397377,1.7271264,0.0,0.0,0.0,0.9821312,4.2500343,2.6182775,0.0,1.1422272,0.0,2.5892155,2.9975426,0.0,2017-07-14,16,0.2,True,100,5,32,True
2.325493,1.9824438,1.3998682,1.7180917,0.0,0.0,0.0,0.98569494,4.2483935,2.6219444,0.0,1.1355997,0.0,2.6029768,3.0075972,0.0,2017-07-17,16,0.2,True,100,5,32,True
2.325604,1.9618773,1.4127605,1.6897792,0.0,0.0,0.0,0.9858646,4.2213535,2.6036015,0.0,1.1096692,0.0,2.6150782,3.011385,0.0,2017-07-18,16,0.2,True,100,5,32,True
2.323782,1.9417069,1.4276092,1.6652852,0.0,0.0,0.0,0.9873684,4.1936812,2.5875096,0.0,1.0849347,0.0,2.6299424,3.0195029,0.0,2017-07-19,16,0.2,True,100,5,32,True
2.3245378,1.9261949,1.4400864,1.6447532,0.0,0.0,0.0,0.9901752,4.175459,2.5770006,0.0,1.064488,0.0,2.6442642,3.0289133,0.0,2017-07-20,16,0.2,True,100,5,32,True
2.3248038,1.9168384,1.4486908,1.6286602,0.0,0.0,0.0,0.99395466,4.1614656,2.5677562,0.0,1.0458946,0.0,2.657055,3.03655,0.0,2017-07-21,16,0.2,True,100,5,32,True
2.3281882,1.9059913,1.4557575,1.611058,0.0,0.0,0.0,1.0003914,4.1546345,2.56309,0.0,1.0271666,0.0,2.6684325,3.0442696,0.0,2017-07-24,16,0.2,True,100,5,32,True
2.3328009,1.8954259,1.4679476,1.5951755,0.0,0.0,0.0,1.0079787,4.149298,2.5586843,0.0,1.0064633,0.0,2.6825097,3.055532,0.0,2017-07-25,16,0.2,True,100,5,32,True
2.332807,1.8772755,1.4868107,1.5739877,0.0,0.0,0.0,1.012763,4.124085,2.5363967,0.0,0.97555906,0.0,2.6934087,3.0611176,0.0,2017-07-26,16,0.2,True,100,5,32,True
2.332669,1.8676295,1.503493,1.5597384,0.0,0.0,0.0,1.0173436,4.1013913,2.5136251,0.0,0.94653916,0.0,2.7048469,3.0654802,0.0,2017-07-27,16,0.2,True,100,5,32,True
2.3359494,1.8719078,1.5136006,1.5602422,0.0,0.0,0.0,1.0249889,4.099163,2.5077367,0.0,0.9320559,0.0,2.7184527,3.0755548,0.0,2017-07-28,16,0.2,True,100,5,32,True
2.3420634,1.871791,1.5221605,1.5570421,0.0,0.0,0.0,1.031729,4.0976562,2.5018163,0.0,0.91818726,0.0,2.7303252,3.0842721,0.0,2017-07-31,16,0.2,True,100,5,32,True
2.343166,1.8637198,1.5353683,1.5499502,0.0,0.0,0.0,1.0379374,4.0798607,2.4837134,0.0,0.89602786,0.0,2.743641,3.090045,0.0,2017-08-01,16,0.2,True,100,5,32,True
2.3462164,1.8619701,1.5483675,1.549151,0.0,0.0,0.0,1.0445459,4.072443,2.4748056,0.0,0.8800158,0.0,2.760812,3.1014051,0.0,2017-08-02,16,0.2,True,100,5,32,True
2.3528452,1.8671038,1.5587181,1.5516367,0.0,0.0,0.0,1.0497113,4.075238,2.472407,0.0,0.870487,0.0,2.7781777,3.114774,0.0,2017-08-03,16,0.2,True,100,5,32,True
2.3576648,1.8681569,1.5672623,1.5480082,0.0,0.0,0.0,1.0532695,4.066114,2.4558556,0.0,0.8526296,0.0,2.7887018,3.1178966,0.0,2017-08-04,16,0.2,True,100,5,32,True
2.3595524,1.8587012,1.5791363,1.5351895,0.0,0.0,0.0,1.0565352,4.0433536,2.4293487,0.0,0.82466954,0.0,2.7999392,3.117294,0.0,2017-08-07,16,0.2,True,100,5,32,True
2.3633,1.8550929,1.5859691,1.5278437,0.0,0.0,0.0,1.0621713,4.0306425,2.410332,0.0,0.8022472,0.0,2.8079727,3.1169775,0.0,2017-08-08,16,0.2,True,100,5,32,True
2.3647025,1.8420727,1.6034162,1.5126092,0.0,0.0,0.0,1.0636157,4.0032554,2.3804023,0.0,0.77233595,0.0,2.817452,3.1176097,0.0,2017-08-09,16,0.2,True,100,5,32,True
2.368234,1.8480846,1.6071179,1.5146846,0.0,0.0,0.0,1.0679516,4.001633,2.3734264,0.0,0.7640415,0.0,2.8249636,3.122506,0.0,2017-08-10,16,0.2,True,100,5,32,True
2.3675258,1.8383074,1.6162846,1.5018767,0.0,0.0,0.0,1.069399,3.977229,2.347575,0.0,0.7410533,0.0,2.8306236,3.1195073,0.0,2017-08-11,16,0.2,True,100,5,32,True
2.3677225,1.8377438,1.6180247,1.4974052,0.0,0.0,0.0,1.0722895,3.9653459,2.3327723,0.0,0.7294055,0.0,2.8336372,3.118012,0.0,2017-08-14,16,0.2,True,100,5,32,True
2.367546,1.8299098,1.6247833,1.4860003,0.0,0.0,0.0,1.0740839,3.9440763,2.3096268,0.0,0.7119599,0.0,2.834476,3.1152759,0.0,2017-08-16,16,0.2,True,100,5,32,True
2.3694317,1.8154068,1.6349908,1.4661086,0.0,0.0,0.0,1.0779657,3.9198685,2.2818604,0.0,0.6859754,0.0,2.8346777,3.1115005,0.0,2017-08-17,16,0.2,True,100,5,32,True
2.3776758,1.8052554,1.6427788,1.4505657,0.0,0.0,0.0,1.0856962,3.9147418,2.2704027,0.0,0.6677447,0.0,2.8355906,3.1150606,0.0,2017-08-18,16,0.2,True,100,5,32,True
2.3844347,1.7936531,1.6512926,1.4349128,0.0,0.0,0.0,1.0956513,3.908398,2.2587066,0.0,0.6503444,0.0,2.834856,3.119394,0.0,2017-08-21,16,0.2,True,100,5,32,True
2.388125,1.7747339,1.6638783,1.4134449,0.0,0.0,0.0,1.1051079,3.8917317,2.2391415,0.0,0.630318,0.0,2.8326156,3.1226466,0.0,2017-08-22,16,0.2,True,100,5,32,True
2.3947988,1.7645594,1.6719637,1.4000967,0.0,0.0,0.0,1.1161569,3.8928332,2.236469,0.0,0.62202185,0.0,2.8338234,3.1314256,0.0,2017-08-23,16,0.2,True,100,5,32,True
2.396907,1.7442335,1.6840676,1.3778884,0.0,0.0,0.0,1.1255733,3.8751237,2.2174125,0.0,0.6059402,0.0,2.8299816,3.134684,0.0,2017-08-24,16,0.2,True,100,5,32,True
2.3964446,1.727303,1.6936566,1.359295,0.0,0.0,0.0,1.1347349,3.8576312,2.19977,0.0,0.59547573,0.0,2.825155,3.1374013,0.0,2017-08-25,16,0.2,True,100,5,32,True
2.3990166,1.7097244,1.6995443,1.3378369,0.0,0.0,0.0,1.144509,3.842571,2.181031,0.0,0.5832252,0.0,2.815013,3.1362505,0.0,2017-08-28,16,0.2,True,100,5,32,True
2.401914,1.6954124,1.705171,1.3206111,0.0,0.0,0.0,1.1540755,3.8329659,2.1689048,0.0,0.57604486,0.0,2.8064644,3.138324,0.0,2017-08-29,16,0.2,True,100,5,32,True
2.4049706,1.6884016,1.7083745,1.3100753,0.0,0.0,0.0,1.1623187,3.8284545,2.161135,0.0,0.5754703,0.0,2.7967932,3.141565,0.0,2017-08-30,16,0.2,True,100,5,32,True
2.403178,1.6681833,1.7156242,1.2886534,0.0,0.0,0.0,1.1694452,3.8056612,2.1395555,0.0,0.56596,0.0,2.7857084,3.1391733,0.0,2017-08-31,16,0.2,True,100,5,32,True
2.401079,1.6458436,1.7176697,1.2689427,0.0,0.0,0.0,1.176768,3.791306,2.1314175,0.0,0.564609,0.0,2.7784576,3.139772,0.0,2017-09-01,16,0.2,True,100,5,32,True
2.3944256,1.6181979,1.723198,1.2455857,0.0,0.0,0.0,1.1818111,3.7639527,2.113247,0.0,0.5609534,0.0,2.7685862,3.1391013,0.0,2017-09-04,16,0.2,True,100,5,32,True
2.3922987,1.5963719,1.7241466,1.2271094,0.0,0.0,0.0,1.1855901,3.7496586,2.1059809,0.0,0.56497854,0.0,2.758582,3.141972,0.0,2017-09-05,16,0.2,True,100,5,32,True
2.3837748,1.5659577,1.7303425,1.2034205,0.0,0.0,0.0,1.1857344,3.7171633,2.0867295,0.0,0.56656206,0.0,2.747775,3.143546,0.0,2017-09-06,16,0.2,True,100,5,32,True
2.3701582,1.5258905,1.7415525,1.173754,0.0,0.0,0.0,1.1820595,3.6693912,2.0590987,0.0,0.56609493,0.004963696,2.7390764,3.14503,0.0,2017-09-07,16,0.2,True,100,5,32,True
2.3576446,1.4809662,1.7554762,1.1381649,0.0,0.0,0.0,1.1762102,3.6168487,2.0264583,0.0,0.5603853,0.02801928,2.7281537,3.1447906,0.0,2017-09-08,16,0.2,True,100,5,32,True
2.3474872,1.4277453,1.7699823,1.0933193,0.0,0.0,0.0,1.170358,3.5606093,1.9900326,0.0,0.5459949,0.05930654,2.7146077,3.1427794,0.0,2017-09-11,16,0.2,True,100,5,32,True
2.338721,1.3965448,1.7810746,1.0684531,0.0,0.0,0.0,1.1653833,3.5256279,1.9726353,0.0,0.54914063,0.07997342,2.7084243,3.149722,0.0,2017-09-12,16,0.2,True,100,5,32,True
2.3243325,1.3497155,1.7984717,1.0271922,0.0,0.0,0.0,1.1541793,3.4631495,1.9306555,0.0,0.5371877,0.1029803,2.6952677,3.1458056,0.0,2017-09-13,16,0.2,True,100,5,32,True
2.3164058,1.30883,1.814748,0.98635787,0.0,0.0,0.0,1.1424329,3.4137082,1.8952582,0.0,0.5256967,0.13035156,2.677432,3.144072,0.0,2017-09-14,16,0.2,True,100,5,32,True
2.3139918,1.2710488,1.8315221,0.9485845,0.0,0.0,0.0,1.1348039,3.3803802,1.8741642,0.0,0.5168259,0.16253841,2.6637602,3.1517982,0.0,2017-09-15,16,0.2,True,100,5,32,True
2.3084126,1.2452418,1.8483344,0.9208577,0.0,0.0,0.0,1.1271179,3.3495233,1.8536692,0.0,0.5134529,0.18684535,2.6525369,3.1631236,0.0,2017-09-18,16,0.2,True,100,5,32,True
2.3010018,1.2211936,1.8602755,0.89572185,0.0,0.0,0.0,1.1213297,3.319154,1.8337055,0.0,0.5094041,0.20775592,2.639627,3.1706522,0.0,2017-09-19,16,0.2,True,100,5,32,True
2.292973,1.200713,1.8700101,0.8774169,0.0,0.0,0.0,1.1156058,3.2939603,1.8209666,0.0,0.51310855,0.22293115,2.6300178,3.1785548,0.0,2017-09-20,16,0.2,True,100,5,32,True
2.2842374,1.182552,1.8784695,0.86135966,0.0,0.0,0.0,1.1077816,3.2676468,1.8068981,0.0,0.5199533,0.2350114,2.6196098,3.1840243,0.0,2017-09-21,16,0.2,True,100,5,32,True
2.272973,1.1648803,1.8838861,0.84715503,0.0,0.0,0.0,1.0988574,3.239849,1.7935385,0.0,0.5306502,0.24438399,2.6098511,3.186609,0.0,2017-09-22,16,0.2,True,100,5,32,True
2.2639835,1.1488869,1.8873323,0.8331963,0.0,0.0,0.0,1.0907279,3.216182,1.7817765,0.0,0.54201007,0.25581783,2.5995462,3.1890092,0.0,2017-09-25,16,0.2,True,100,5,32,True
2.2575238,1.1290461,1.890177,0.8201465,0.0,0.0,0.0,1.0834469,3.194234,1.775789,0.0,0.5550858,0.27155915,2.5905795,3.192818,0.0,2017-09-26,16,0.2,True,100,5,32,True
2.2527366,1.1087694,1.8917111,0.8082563,0.0,0.0,0.0,1.0767778,3.1740766,1.771562,0.0,0.56836385,0.28964242,2.5796077,3.1962893,0.0,2017-09-27,16,0.2,True,100,5,32,True
2.249689,1.0899744,1.8924878,0.7980378,0.0,0.0,0.0,1.0703565,3.1594453,1.7720457,0.0,0.58340377,0.30727845,2.5686095,3.1997325,0.0,2017-09-28,16,0.2,True,100,5,32,True
2.2429779,1.0758936,1.8909031,0.79418206,0.0,0.0,0.0,1.0662011,3.148502,1.7789584,0.0,0.6041188,0.31783518,2.56318,3.204312,0.0,2017-09-29,16,0.2,True,100,5,32,True
2.2361023,1.058142,1.8904673,0.78127384,0.0,0.0,0.0,1.061141,3.1292093,1.7728938,0.0,0.6144999,0.33418068,2.5511634,3.2070315,0.0,2017-10-10,16,0.2,True,100,5,32,True
2.2293596,1.042239,1.8862866,0.7740072,0.0,0.0,0.0,1.0550373,3.1091533,1.7692062,0.0,0.62700254,0.33943927,2.54228,3.200559,0.0,2017-10-11,16,0.2,True,100,5,32,True
2.2196853,1.0284977,1.8770523,0.77135974,0.0,0.0,0.0,1.0475165,3.0937285,1.7737122,0.0,0.647623,0.3342206,2.5383084,3.1903756,0.0,2017-10-12,16,0.2,True,100,5,32,True
2.2110293,1.0181053,1.8691765,0.7680792,0.0,0.0,0.0,1.0376536,3.0828953,1.7786568,0.0,0.6681359,0.32552946,2.5361142,3.1825733,0.0,2017-10-13,16,0.2,True,100,5,32,True
2.2031026,1.0092735,1.8601362,0.76399183,0.0,0.0,0.0,1.0245328,3.0688841,1.7766165,0.0,0.6830337,0.3143582,2.5281258,3.1680944,0.0,2017-10-16,16,0.2,True,100,5,32,True
2.210972,1.0088016,1.8583963,0.76372594,0.0,0.0,0.0,1.0112269,3.082304,1.7887537,0.0,0.6989001,0.3031949,2.5275695,3.1626022,0.0,2017-10-17,16,0.2,True,100,5,32,True
2.213844,1.0071663,1.8543944,0.76400495,0.0,0.0,0.0,0.9974562,3.0861075,1.7936298,0.0,0.70926535,0.28916645,2.5226636,3.1498547,0.0,2017-10-18,16,0.2,True,100,5,32,True
2.219131,1.0040972,1.8527434,0.7621797,0.0,0.0,0.0,0.9848418,3.0975842,1.8039519,0.0,0.7206952,0.2774526,2.5195699,3.1430655,0.0,2017-10-19,16,0.2,True,100,5,32,True
2.2241788,1.0028335,1.8509195,0.76029485,0.0,0.0,0.0,0.97164017,3.108336,1.8105028,0.0,0.7290034,0.26376826,2.5132003,3.1328807,0.0,2017-10-20,16,0.2,True,100,5,32,True
2.2289646,1.0089173,1.8502425,0.76346374,0.0,0.0,0.0,0.95900416,3.1260521,1.8215003,0.0,0.7404045,0.24257684,2.5129464,3.1244972,0.0,2017-10-23,16,0.2,True,100,5,32,True
2.236136,1.0181993,1.8530902,0.7706454,0.0,0.0,0.0,0.945516,3.149646,1.8379858,0.0,0.7553562,0.22182402,2.5161,3.1218803,0.0,2017-10-24,16,0.2,True,100,5,32,True
2.248814,1.0378777,1.8625491,0.7853433,0.0,0.0,0.0,0.9311823,3.1901,1.8660479,0.0,0.7769634,0.1965527,2.530122,3.129074,0.0,2017-10-25,16,0.2,True,100,5,32,True
2.2547932,1.0523752,1.8674028,0.80100006,0.0,0.0,0.0,0.9197319,3.2169878,1.887679,0.0,0.7930959,0.17236453,2.5387821,3.131271,0.0,2017-10-26,16,0.2,True,100,5,32,True
2.2645519,1.0683826,1.8727751,0.8137328,0.0,0.0,0.0,0.90598434,3.2443182,1.9052218,0.0,0.80722284,0.14810199,2.5465913,3.1312156,0.0,2017-10-27,16,0.2,True,100,5,32,True
2.2809172,1.0870738,1.8824424,0.8266272,0.0,0.0,0.0,0.8899288,3.2831736,1.9303969,0.0,0.82440275,0.12383881,2.55913,3.1368768,0.0,2017-10-30,16,0.2,True,100,5,32,True
2.30454,1.1105644,1.897098,0.84225607,0.0,0.0,0.0,0.8734225,3.3369555,1.9655632,0.0,0.8461904,0.09886372,2.5797212,3.1499412,0.0,2017-10-31,16,0.2,True,100,5,32,True
2.3186994,1.1256777,1.9053168,0.85054797,0.0,0.0,0.0,0.8580527,3.3656268,1.9810103,0.0,0.85836244,0.078466915,2.5854814,3.1517696,0.0,2017-11-01,16,0.2,True,100,5,32,True
2.3384986,1.1492416,1.9202836,0.86530775,0.0,0.0,0.0,0.8406339,3.4073083,2.0049815,0.0,0.87692225,0.05177255,2.600141,3.1612895,0.0,2017-11-02,16,0.2,True,100,5,32,True
2.37095,1.1708206,1.9427722,0.8727596,0.0,0.0,0.0,0.8222161,3.4655907,2.0374227,0.0,0.89656967,0.03076135,2.621555,3.1809115,0.0,2017-11-03,16,0.2,True,100,5,32,True
2.4050977,1.1899787,1.9658417,0.87342095,0.0,0.0,0.0,0.8051288,3.521232,2.0641928,0.0,0.90990156,0.011538427,2.6410182,3.198767,0.0,2017-11-06,16,0.2,True,100,5,32,True
2.4306734,1.2064762,1.9871941,0.8724096,0.0,0.0,0.0,0.78838,3.556206,2.0752876,0.0,0.9175697,0.0,2.6530614,3.2096655,0.0,2017-11-07,16,0.2,True,100,5,32,True
2.4563766,1.2242239,2.00797,0.8727564,0.0,0.0,0.0,0.7727098,3.592831,2.0883152,0.0,0.9266583,0.0,2.666972,3.221046,0.0,2017-11-08,16,0.2,True,100,5,32,True
2.4777877,1.2442043,2.0284264,0.8756518,0.0,0.009451069,0.0,0.7568857,3.6201446,2.0940545,0.0,0.93551993,0.0,2.6785254,3.229269,0.0,2017-11-09,16,0.2,True,100,5,32,True
2.5025105,1.2593575,2.0496957,0.87763953,0.0,0.0228078,0.0,0.7446267,3.6541626,2.1084006,0.0,0.9481488,0.0,2.691344,3.2441204,0.0,2017-11-10,16,0.2,True,100,5,32,True
2.5287275,1.273237,2.0718768,0.87702703,0.0,0.036072455,0.0,0.7334547,3.6875432,2.1214485,0.0,0.9583526,0.0,2.7055,3.260424,0.0,2017-11-13,16,0.2,True,100,5,32,True
2.553177,1.2961091,2.095906,0.8904016,0.0,0.045949034,0.0,0.7233897,3.728527,2.1438649,0.0,0.9797175,0.0,2.7258277,3.2821875,0.0,2017-11-14,16,0.2,True,100,5,32,True
2.576865,1.3223338,2.1202836,0.907041,0.0,0.05308309,0.0,0.7132968,3.7699242,2.166546,0.0,1.0025572,0.0,2.7493923,3.3045564,0.0,2017-11-15,16,0.2,True,100,5,32,True
2.608366,1.3378605,2.1427433,0.90586984,0.0,0.06918274,0.0,0.7000125,3.8124135,2.1852047,0.0,1.0174177,0.0,2.7671392,3.3242502,0.0,2017-11-16,16,0.2,True,100,5,32,True
2.6343431,1.35439,2.1671138,0.91013837,0.0,0.08041337,0.0,0.691127,3.8526409,2.2058105,0.0,1.0315938,0.0,2.786855,3.3465784,0.0,2017-11-17,16,0.2,True,100,5,32,True
2.6553545,1.3637419,2.1895936,0.90678716,0.0,0.0904713,0.0,0.6829456,3.8778157,2.214271,0.0,1.0356823,0.0,2.8016849,3.362866,0.0,2017-11-20,16,0.2,True,100,5,32,True
2.6793115,1.3783137,2.2115874,0.9103447,0.0,0.10154089,0.0,0.6767187,3.9154792,2.2341208,0.0,1.0483475,0.0,2.8182914,3.3846486,0.0,2017-11-21,16,0.2,True,100,5,32,True
2.6929915,1.3847193,2.2306654,0.9087306,0.0,0.109340645,0.0,0.670865,3.9288921,2.2367966,0.0,1.0508037,0.0,2.8282418,3.3973048,0.0,2017-11-22,16,0.2,True,100,5,32,True
2.7051563,1.3896792,2.2495928,0.90334535,0.0,0.11703179,0.0,0.66332966,3.936344,2.2322965,0.0,1.0478493,0.0,2.8359451,3.405346,0.009774284,2017-11-23,16,0.2,True,100,5,32,True
2.719602,1.394123,2.267069,0.8998116,0.0,0.12463522,0.0,0.6580057,3.9522777,2.2373815,0.0,1.0482898,0.0,2.8454173,3.4170737,0.016912539,2017-11-24,16,0.2,True,100,5,32,True
2.7328336,1.3997815,2.2858212,0.8998239,0.0,0.12892172,0.0,0.6543351,3.9682648,2.2440872,0.0,1.0497719,0.0,2.8572643,3.431798,0.023444343,2017-11-27,16,0.2,True,100,5,32,True
2.7489808,1.406553,2.3026931,0.9016578,0.0,0.13506885,0.0,0.6502131,3.9926887,2.2573788,0.0,1.0562584,0.0,2.868427,3.4474914,0.02622906,2017-11-28,16,0.2,True,100,5,32,True
2.7607446,1.4096771,2.3192964,0.8971985,0.0,0.13784935,0.0,0.646748,4.0005426,2.2551203,0.0,1.0525913,0.0,2.8763852,3.4577527,0.030169476,2017-11-29,16,0.2,True,100,5,32,True
2.771895,1.4173801,2.332168,0.8993676,0.0,0.13785556,0.0,0.646673,4.01636,2.26151,0.0,1.0526232,0.0,2.8873098,3.4685156,0.030351337,2017-11-30,16,0.2,True,100,5,32,True
2.7827487,1.4204389,2.343755,0.89604056,0.0,0.13859883,0.0,0.6459748,4.0246353,2.2604585,0.0,1.0494858,0.0,2.8941994,3.4767556,0.028219847,2017-12-01,16,0.2,True,100,5,32,True
2.786087,1.4217361,2.3544905,0.8933003,0.0,0.13438976,0.0,0.6471768,4.019819,2.2504005,0.0,1.0413966,0.0,2.8994565,3.4800112,0.029869685,2017-12-04,16,0.2,True,100,5,32,True
2.7921205,1.4216293,2.3638024,0.88588053,0.0,0.13249785,0.0,0.64939743,4.015822,2.2386768,0.0,1.0300139,0.0,2.903129,3.4819355,0.026428519,2017-12-05,16,0.2,True,100,5,32,True
2.7944958,1.4232852,2.3731747,0.88274634,0.0,0.12759763,0.0,0.6544427,4.009948,2.227138,0.0,1.0174869,0.0,2.906899,3.4831264,0.025175372,2017-12-06,16,0.2,True,100,5,32,True
2.7939243,1.4257729,2.380422,0.8808301,0.0,0.119366854,0.0,0.6599205,4.0004435,2.2124643,0.0,1.004243,0.0,2.9110715,3.4806666,0.025752218,2017-12-07,16,0.2,True,100,5,32,True
2.792432,1.4321371,2.383581,0.88708174,0.0,0.11149297,0.0,0.6668734,3.9964538,2.2057633,0.0,0.99619126,0.0,2.9155524,3.4801774,0.022220964,2017-12-08,16,0.2,True,100,5,32,True
2.7874897,1.435783,2.3826172,0.8946062,0.0,0.10113376,0.0,0.67603534,3.990954,2.202101,0.0,0.98826593,0.0,2.9209614,3.4789195,0.016544137,2017-12-11,16,0.2,True,100,5,32,True
2.779924,1.4435655,2.3815343,0.9041119,0.0,0.08680543,0.0,0.68422025,3.9804184,2.192361,0.0,0.97732395,0.0,2.9290133,3.4749825,0.013470763,2017-12-12,16,0.2,True,100,5,32,True
2.77262,1.4480747,2.3767118,0.90879035,0.0,0.0728609,0.0,0.6913827,3.965007,2.178814,0.0,0.96401584,0.0,2.9343188,3.4674551,0.006939845,2017-12-13,16,0.2,True,100,5,32,True
2.7605567,1.4531373,2.3679411,0.9127867,0.0,0.06242686,0.0,0.69663686,3.9418042,2.1567612,0.0,0.9468285,0.0,2.931999,3.4525938,0.004170185,2017-12-14,16,0.2,True,100,5,32,True
2.7534053,1.4615241,2.3586936,0.9249617,0.0,0.05633519,0.0,0.70278496,3.9411044,2.1581717,0.0,0.9365038,0.0,2.9357812,3.44633,0.0,2017-12-15,16,0.2,True,100,5,32,True
2.7410517,1.4687883,2.3472247,0.94137603,0.0,0.045934804,0.0,0.7142066,3.936031,2.161631,0.0,0.92457265,0.0,2.9397812,3.4413712,0.0,2017-12-18,16,0.2,True,100,5,32,True
2.7246397,1.4742815,2.3365657,0.956439,0.0,0.030360395,0.0,0.72702235,3.9205835,2.15694,0.0,0.91007674,0.0,2.9454346,3.4357555,0.0,2017-12-19,16,0.2,True,100,5,32,True
2.709997,1.4772165,2.322056,0.96903026,0.0,0.016017001,0.0,0.73802966,3.908641,2.155556,0.0,0.89820963,0.0,2.9511838,3.4279733,0.0,2017-12-20,16,0.2,True,100,5,32,True
2.6961577,1.4746829,2.3064253,0.9740167,0.0,0.002744209,0.0,0.746863,3.8918133,2.1490147,0.0,0.8856817,0.0,2.9539003,3.4185016,0.0,2017-12-21,16,0.2,True,100,5,32,True
2.6832843,1.4782423,2.2878249,0.98372626,0.0,0.0,0.0,0.75288296,3.8819637,2.1471474,0.0,0.87923723,0.0,2.9553857,3.4061258,0.0,2017-12-22,16,0.2,True,100,5,32,True
2.6718616,1.4818444,2.2703843,0.9901197,0.0,0.0,0.0,0.7575146,3.8704994,2.141204,0.0,0.8729666,0.0,2.9536936,3.3925366,0.0,2017-12-26,16,0.2,True,100,5,32,True
2.6504934,1.4778697,2.2506301,0.9918071,0.0,0.0,0.0,0.7649454,3.8378246,2.121215,0.0,0.8570726,0.0,2.9481785,3.3723302,0.0,2017-12-27,16,0.2,True,100,5,32,True
2.6313248,1.4810114,2.2316463,1.0013174,0.0,0.0,0.0,0.771876,3.8170185,2.1122386,0.0,0.8482553,0.0,2.9478352,3.3565102,0.0,2017-12-28,16,0.2,True,100,5,32,True
2.6298401,1.4948196,2.2164023,1.0172931,0.0,0.0,0.0,0.77619267,3.8346388,2.1322124,0.0,0.85987926,0.0,2.954666,3.355217,0.0,2018-01-02,16,0.2,True,100,5,32,True
2.6176236,1.4960079,2.1992772,1.0183902,0.0,0.0,0.0,0.7793409,3.8189788,2.12424,0.0,0.8506491,0.0,2.955276,3.342567,0.0,2018-01-03,16,0.2,True,100,5,32,True
2.6094449,1.5039605,2.1832685,1.025212,0.0,0.0,0.0,0.7806909,3.8140187,2.1235542,0.0,0.8512497,0.0,2.9563355,3.3339593,0.0,2018-01-04,16,0.2,True,100,5,32,True
2.6010184,1.5073328,2.166785,1.0268761,0.0,0.0,0.0,0.78269935,3.8041518,2.119704,0.0,0.84874076,0.0,2.9566276,3.324647,0.0,2018-01-05,16,0.2,True,100,5,32,True
2.59354,1.5059743,2.1538584,1.0171432,0.0,0.0,0.0,0.78092235,3.7842376,2.1019933,0.0,0.8366921,0.0,2.9531612,3.3093562,0.0,2018-01-08,16,0.2,True,100,5,32,True
2.5900693,1.5045547,2.1445632,1.006723,0.0,0.0,0.0,0.7801117,3.7728367,2.091206,0.0,0.8270468,0.0,2.9500287,3.297503,0.0,2018-01-09,16,0.2,True,100,5,32,True
2.5847785,1.5069199,2.136345,1.0009967,0.0,0.0,0.0,0.78160256,3.7614527,2.0805068,0.0,0.8158855,0.0,2.9485555,3.2867858,0.0,2018-01-10,16,0.2,True,100,5,32,True
2.5819905,1.5052938,2.1318862,0.9876813,0.0,0.0,0.0,0.7817758,3.7447586,2.061822,0.0,0.7973203,0.0,2.9461675,3.2749875,0.0,2018-01-11,16,0.2,True,100,5,32,True
2.5881941,1.5076352,2.1328835,0.9771883,0.0,0.0,0.0,0.7841451,3.7409625,2.0496294,0.0,0.77779377,0.0,2.9471233,3.2710958,0.0,2018-01-12,16,0.2,True,100,5,32,True
2.5917234,1.5035255,2.1330845,0.9651054,0.0,0.0,0.0,0.79099077,3.7334328,2.0386856,0.0,0.7564758,0.0,2.9482584,3.2686167,0.0,2018-01-15,16,0.2,True,100,5,32,True
2.5928285,1.5009468,2.1358228,0.95452505,0.0,0.0,0.0,0.798463,3.7222826,2.0245073,0.0,0.7331162,0.0,2.952835,3.2663825,0.0,2018-01-16,16,0.2,True,100,5,32,True
2.6000342,1.5038956,2.142328,0.9504653,0.0,0.0,0.0,0.80644727,3.7276585,2.0256875,0.0,0.7202498,0.0,2.9666867,3.2748256,0.0,2018-01-17,16,0.2,True,100,5,32,True
2.6082406,1.5032171,2.1543844,0.93913025,0.0,0.0,0.0,0.8116391,3.7221832,2.0122836,0.0,0.69856936,0.0,2.9793,3.2816038,0.0,2018-01-18,16,0.2,True,100,5,32,True
2.619774,1.5112797,2.1622117,0.9366325,0.0,0.0,0.0,0.81853056,3.7321763,2.0128853,0.0,0.686158,0.0,2.9927762,3.2913127,0.0,2018-01-19,16,0.2,True,100,5,32,True
2.6288376,1.5103947,2.174548,0.9229261,0.0,0.0,0.0,0.8230947,3.7212121,1.99152,0.0,0.6573335,0.0,3.0010262,3.2946048,0.0,2018-01-22,16,0.2,True,100,5,32,True
2.6362188,1.5147594,2.1878748,0.9159876,0.0,0.0,0.0,0.829019,3.712816,1.9737194,0.0,0.63361275,0.0,3.0134797,3.2999976,0.0,2018-01-23,16,0.2,True,100,5,32,True
2.6510117,1.5198221,2.204229,0.9084202,0.0,0.0,0.0,0.83705896,3.7156556,1.9633367,0.0,0.6085778,0.0,3.0300295,3.312418,0.0,2018-01-24,16,0.2,True,100,5,32,True
2.6651804,1.5300158,2.2196338,0.9045908,0.0,0.0,0.0,0.8447901,3.719558,1.9511092,0.0,0.582594,0.0,3.0461414,3.321989,0.0,2018-01-25,16,0.2,True,100,5,32,True
2.6767983,1.533832,2.2366078,0.89681274,0.0,0.0,0.0,0.8512916,3.7168121,1.9358323,0.0,0.5542143,0.0,3.0626297,3.331913,0.0,2018-01-26,16,0.2,True,100,5,32,True
2.6961803,1.5494657,2.2550845,0.89676917,0.0,0.0,0.0,0.8555878,3.730265,1.9281342,0.0,0.5338042,0.0,3.078153,3.3452177,0.0,2018-01-29,16,0.2,True,100,5,32,True
2.7141151,1.5596131,2.2751842,0.8933986,0.0,0.0,0.0,0.8603923,3.7427378,1.9234424,0.0,0.5116229,0.0,3.0975194,3.3609488,0.0,2018-01-30,16,0.2,True,100,5,32,True
2.730232,1.578207,2.288751,0.90099984,0.0,0.0,0.0,0.8668725,3.7658224,1.9297016,0.0,0.5001436,0.0,3.117293,3.374751,0.0,2018-01-31,16,0.2,True,100,5,32,True
2.74058,1.5871155,2.3063447,0.90084773,0.0,0.0,0.0,0.8692152,3.7701375,1.9201539,0.0,0.47992423,0.0,3.1353374,3.383583,0.0,2018-02-01,16,0.2,True,100,5,32,True
2.7493382,1.5972073,2.3242707,0.89986247,0.0,0.0,0.0,0.8673014,3.7665448,1.9003555,0.0,0.4567635,0.0,3.151028,3.385868,0.0,2018-02-02,16,0.2,True,100,5,32,True
2.7568665,1.6186422,2.3376732,0.9109461,0.0,0.0,0.0,0.8635537,3.7730446,1.8889343,0.0,0.44729355,0.0,3.1661673,3.3839614,0.0,2018-02-05,16,0.2,True,100,5,32,True
2.7640016,1.6377939,2.3458974,0.9233079,0.0,0.0,0.0,0.8630844,3.7831678,1.8861094,0.0,0.44320503,0.0,3.1833048,3.383734,0.0,2018-02-06,16,0.2,True,100,5,32,True
2.767654,1.6548647,2.3545754,0.9356983,0.0,0.0,0.0,0.86111253,3.7870848,1.8799851,0.0,0.4406045,0.0,3.2003474,3.3822515,0.0,2018-02-07,16,0.2,True,100,5,32,True
2.768727,1.6677005,2.3557565,0.94692636,0.0,0.0,0.0,0.861007,3.7875328,1.8754787,0.0,0.44109035,0.0,3.2133412,3.3792477,0.0,2018-02-08,16,0.2,True,100,5,32,True
2.7703857,1.6642478,2.3553126,0.94236445,0.0,0.0,0.0,0.8635028,3.7759633,1.8606722,0.0,0.42825687,0.0,3.2179532,3.3731892,0.0,2018-02-09,16,0.2,True,100,5,32,True
2.7688947,1.6599649,2.3537412,0.94077516,0.0,0.0,0.0,0.865222,3.7547085,1.841936,0.0,0.4160564,0.0,3.2198346,3.3621128,0.0,2018-02-12,16,0.2,True,100,5,32,True
2.7669191,1.654012,2.3476484,0.9403506,0.0,0.0,0.0,0.8703111,3.7413387,1.837545,0.0,0.4116206,0.0,3.2220633,3.356202,0.0,2018-02-13,16,0.2,True,100,5,32,True
2.758959,1.6473371,2.340187,0.94169277,0.0,0.0,0.0,0.87442553,3.7206743,1.8300266,0.0,0.41031954,0.0,3.220327,3.3473608,0.0,2018-02-14,16,0.2,True,100,5,32,True
2.747304,1.6350265,2.3321798,0.9358163,0.0,0.0,0.0,0.8790781,3.690949,1.8156093,0.0,0.40655038,0.0,3.2156582,3.3385384,0.0,2018-02-19,16,0.2,True,100,5,32,True
2.7345679,1.6270941,2.32419,0.93248767,0.0,0.0,0.0,0.88432336,3.6710577,1.8088956,0.0,0.41058567,0.0,3.2157595,3.3348036,0.0,2018-02-20,16,0.2,True,100,5,32,True
2.7212174,1.624388,2.3138337,0.9366756,0.0,0.0,0.0,0.8880068,3.656547,1.8104964,0.0,0.42448515,0.0,3.2173407,3.3340003,0.0,2018-02-21,16,0.2,True,100,5,32,True
2.7053838,1.6201761,2.299709,0.9384983,0.0,0.0,0.0,0.8901862,3.6366262,1.806226,0.0,0.43931487,0.0,3.21423,3.3268883,0.0,2018-02-22,16,0.2,True,100,5,32,True
2.6850002,1.6094062,2.2839568,0.9345627,0.0,0.0,0.0,0.8886263,3.605423,1.7946128,0.0,0.4523033,0.0,3.2077358,3.3141842,0.0,2018-02-23,16,0.2,True,100,5,32,True
2.6738029,1.6024104,2.2705605,0.93022645,0.0,0.0,0.0,0.88786715,3.597728,1.80174,0.0,0.47380054,0.0,3.2060883,3.3160603,0.0,2018-02-26,16,0.2,True,100,5,32,True
2.6612933,1.5976448,2.2565439,0.9277435,0.0,0.0,0.0,0.88649666,3.5929284,1.8121874,0.0,0.49856097,0.0,3.204626,3.3188035,0.0,2018-02-27,16,0.2,True,100,5,32,True
2.6465073,1.5871248,2.2395375,0.9205458,0.0,0.0,0.0,0.88425267,3.5786488,1.8145713,0.0,0.5177861,0.0,3.1960359,3.3137994,0.0,2018-02-28,16,0.2,True,100,5,32,True
2.6368384,1.5624148,2.224763,0.900794,0.0,0.0,0.0,0.88205576,3.5577004,1.8113912,0.0,0.52360857,0.0,3.1827464,3.3047338,0.0,2018-03-02,16,0.2,True,100,5,32,True
2.618209,1.539173,2.2104661,0.8861099,0.0,0.0,0.0,0.88009554,3.5246174,1.80171,0.0,0.52986866,0.0,3.1672063,3.2941146,0.0,2018-03-05,16,0.2,True,100,5,32,True
2.6005101,1.5153155,2.1983469,0.8705429,0.0,0.0,0.0,0.8786408,3.495324,1.7978514,0.0,0.53742033,0.0,3.1548045,3.2920556,0.0,2018-03-06,16,0.2,True,100,5,32,True
2.5769053,1.4892147,2.1875784,0.85281104,0.0,0.0,0.0,0.8761781,3.458532,1.790247,0.0,0.5453741,0.0,3.1433759,3.2920702,0.0,2018-03-07,16,0.2,True,100,5,32,True
2.5567029,1.4585495,2.1787364,0.8308391,0.0,0.0,0.0,0.8744965,3.4254782,1.7872639,0.0,0.55169034,0.0,3.1334887,3.297169,0.0,2018-03-08,16,0.2,True,100,5,32,True
2.5272517,1.4261386,2.1700978,0.8069282,0.0,0.0,0.0,0.8690784,3.3706043,1.7670109,0.0,0.55313945,0.0,3.1205604,3.2946472,0.0,2018-03-09,16,0.2,True,100,5,32,True
2.5076709,1.3999962,2.1640425,0.78273183,0.0,0.0,0.0,0.8610629,3.3323636,1.7532434,0.0,0.55507815,0.0,3.1063852,3.295802,0.0,2018-03-12,16,0.2,True,100,5,32,True
2.4830048,1.3720192,2.159667,0.7558406,0.0,0.0,0.0,0.855405,3.2857132,1.7324888,0.0,0.55012125,0.005705647,3.09176,3.2967753,0.0,2018-03-13,16,0.2,True,100,5,32,True
2.455766,1.3467159,2.1526906,0.7331436,0.0,0.0,0.0,0.8482263,3.2383475,1.7133137,0.0,0.54620475,0.015522402,3.0784903,3.2947347,0.0,2018-03-14,16,0.2,True,100,5,32,True
2.4339159,1.3252091,2.1464136,0.7163964,0.0,0.0,0.0,0.84033114,3.199552,1.7025673,0.0,0.55039966,0.023855422,3.0667539,3.2971356,0.0,2018-03-15,16,0.2,True,100,5,32,True
2.4114473,1.3040292,2.1396296,0.6985285,0.0,0.0,0.0,0.8303485,3.1577117,1.6850426,0.0,0.54953456,0.031059042,3.0507112,3.2924275,0.0,2018-03-16,16,0.2,True,100,5,32,True
2.3928351,1.2810158,2.1411295,0.6764779,0.0,0.0,0.0,0.8180662,3.115682,1.6634254,0.0,0.5428955,0.040567495,3.035789,3.2895322,0.0,2018-03-19,16,0.2,True,100,5,32,True
2.3826263,1.2599561,2.1465018,0.6548277,0.0,0.0,0.0,0.8086169,3.0836315,1.6457039,0.0,0.5313603,0.05493805,3.0229225,3.2901392,0.0,2018-03-20,16,0.2,True,100,5,32,True
2.3741398,1.2425768,2.1546617,0.6388149,0.0,0.0,0.0,0.8023141,3.0571258,1.633476,0.0,0.5221136,0.06741643,3.0176125,3.2963362,0.0,2018-03-21,16,0.2,True,100,5,32,True
2.3702114,1.2259086,2.1660936,0.62181485,0.0,0.0,0.0,0.7976944,3.0325418,1.618852,0.0,0.508147,0.08286305,3.0142891,3.304116,0.0,2018-03-22,16,0.2,True,100,5,32,True
2.3769002,1.2150776,2.1824577,0.60768753,0.0,0.0,0.0,0.79697084,3.025543,1.6119041,0.0,0.49610785,0.098921366,3.0159574,3.3173149,0.0,2018-03-23,16,0.2,True,100,5,32,True
2.3830616,1.205665,2.1968582,0.5969911,0.0,0.0,0.0,0.79793817,3.01517,1.6055421,0.0,0.48700446,0.114955276,3.0205908,3.3306918,0.0,2018-03-26,16,0.2,True,100,5,32,True
2.3896346,1.2046118,2.2100744,0.5939339,0.0,0.0,0.0,0.7986697,3.009717,1.6020067,0.0,0.48688585,0.12524098,3.0303733,3.3450596,0.0,2018-03-27,16,0.2,True,100,5,32,True
2.4001694,1.2114066,2.2220612,0.5959072,0.0,0.0,0.0,0.8002738,3.018616,1.6070043,0.0,0.49625066,0.13203813,3.0430148,3.3640962,0.0,2018-03-28,16,0.2,True,100,5,32,True
2.4050498,1.2169623,2.232851,0.594672,0.0,0.0,0.0,0.80199075,3.015609,1.6009932,0.0,0.49968418,0.14032984,3.052608,3.379647,0.0,2018-03-29,16,0.2,True,100,5,32,True
2.4116936,1.2224282,2.2420342,0.592858,0.0,0.0,0.0,0.8049201,3.0174754,1.5974797,0.0,0.50304836,0.14882539,3.060252,3.394023,0.0,2018-03-30,16,0.2,True,100,5,32,True
2.4207327,1.2257102,2.2520754,0.58541584,0.0,0.0,0.0,0.8089192,3.0184157,1.5883856,0.0,0.4997342,0.15923616,3.0648553,3.4060926,0.0,2018-04-02,16,0.2,True,100,5,32,True
2.4254704,1.2348462,2.2583516,0.58752203,0.0,0.0,0.0,0.81111753,3.018232,1.5800152,0.0,0.49969625,0.16285515,3.0680504,3.41164,0.0,2018-04-03,16,0.2,True,100,5,32,True
2.4282846,1.2449666,2.2616622,0.5891035,0.0,0.0,0.0,0.81195587,3.0152812,1.5640322,0.0,0.49723583,0.16411102,3.0641272,3.4069526,0.0,2018-04-04,16,0.2,True,100,5,32,True
2.4307263,1.2512434,2.2615762,0.5894683,0.0,0.0,0.0,0.8147384,3.0116532,1.5502656,0.0,0.49532983,0.16743681,3.0589151,3.4007607,0.0,2018-04-05,16,0.2,True,100,5,32,True
2.426269,1.2555745,2.2566082,0.59313387,0.0,0.0,0.0,0.8183059,3.0042243,1.5390325,0.0,0.4946684,0.16900948,3.0516448,3.3914928,0.0,2018-04-06,16,0.2,True,100,5,32,True
2.4218593,1.259789,2.250632,0.5976929,0.0,0.0,0.0,0.82086843,2.9965527,1.527363,0.0,0.49368462,0.17010814,3.0425353,3.37952,0.0,2018-04-09,16,0.2,True,100,5,32,True
2.4210906,1.2675344,2.2470846,0.60321784,0.0,0.0,0.0,0.8197204,2.9923356,1.515562,0.0,0.4928163,0.171499,3.0315185,3.3668125,0.0,2018-04-10,16,0.2,True,100,5,32,True
2.4214668,1.2665088,2.241923,0.5996079,0.0,0.0,0.0,0.8240512,2.9869182,1.5016218,0.0,0.48590708,0.17970544,3.0163736,3.3530548,0.0,2018-04-11,16,0.2,True,100,5,32,True
2.4221137,1.2687871,2.2392936,0.6010511,0.0,0.0,0.0,0.8291297,2.98541,1.4928654,0.0,0.48046374,0.18643126,3.0074906,3.3439567,0.0,2018-04-12,16,0.2,True,100,5,32,True
2.419051,1.2738991,2.2362115,0.6119985,0.0,0.0,0.0,0.8340666,2.9888213,1.4979482,0.0,0.4787943,0.19206107,3.0033698,3.343725,0.0,2018-04-13,16,0.2,True,100,5,32,True
2.4176016,1.2672291,2.2333434,0.60783404,0.0,0.0,0.0,0.8427566,2.984487,1.4917365,0.0,0.46640474,0.2040286,2.9927738,3.3383772,0.0,2018-04-16,16,0.2,True,100,5,32,True
2.417115,1.2645088,2.2316778,0.60840046,0.0,0.0,0.0,0.84868854,2.9834504,1.4891946,0.0,0.45798355,0.21054634,2.9859173,3.332713,0.0,2018-04-17,16,0.2,True,100,5,32,True
2.4084623,1.2638704,2.226821,0.611164,0.0,0.0,0.0,0.8533321,2.9737828,1.4784974,0.0,0.45153007,0.20942846,2.9774456,3.318063,0.0,2018-04-18,16,0.2,True,100,5,32,True
2.398492,1.2634652,2.2199852,0.6160762,0.0,0.0,0.0,0.8575992,2.9718661,1.4785281,0.0,0.44849828,0.20659232,2.9721928,3.3098125,0.0,2018-04-19,16,0.2,True,100,5,32,True
2.3881884,1.262188,2.2144449,0.61509913,0.0,0.0,0.0,0.8607399,2.9612083,1.4649774,0.0,0.44163784,0.20088324,2.9645112,3.2949293,0.0,2018-04-20,16,0.2,True,100,5,32,True
2.3807263,1.2649373,2.2099643,0.61910206,0.0,0.0,0.0,0.86051,2.958268,1.4613997,0.0,0.43618494,0.19698355,2.9559562,3.2872646,0.0,2018-04-23,16,0.2,True,100,5,32,True
2.379687,1.2587678,2.2040782,0.60886043,0.0,0.0,0.0,0.8643991,2.9518795,1.4472969,0.0,0.4192786,0.2003249,2.9411209,3.2733803,0.0,2018-04-24,16,0.2,True,100,5,32,True
2.3695216,1.2592759,2.1983657,0.6061818,0.0,0.0,0.0,0.86854684,2.938748,1.427816,0.0,0.3996994,0.19499622,2.928951,3.255176,0.0,2018-04-25,16,0.2,True,100,5,32,True
2.353875,1.264942,2.1910117,0.6119301,0.0,0.0,0.0,0.8715152,2.9233124,1.4103004,0.0,0.38316885,0.18467009,2.9210472,3.23779,0.0,2018-04-26,16,0.2,True,100,5,32,True
2.337103,1.2724695,2.1822472,0.6210423,0.0,0.0,0.0,0.8735242,2.910548,1.3995914,0.0,0.3722877,0.17068368,2.9203515,3.22398,0.0,2018-04-27,16,0.2,True,100,5,32,True
2.3229434,1.28254,2.175568,0.6338785,0.0,0.0,0.0,0.8723562,2.9021783,1.3929807,0.0,0.36440825,0.15557176,2.9218733,3.2135332,0.0,2018-04-30,16,0.2,True,100,5,32,True
2.3127813,1.2965975,2.1705756,0.6480106,0.0,0.0,0.0,0.87078553,2.9042106,1.3933285,0.0,0.35992193,0.13875768,2.9265587,3.2099512,0.0,2018-05-02,16,0.2,True,100,5,32,True
2.306471,1.311906,2.1729712,0.65094554,0.0,0.0,0.0,0.8688374,2.9027407,1.3786266,0.0,0.34505707,0.12497389,2.9280992,3.2079148,0.0,2018-05-03,16,0.2,True,100,5,32,True
2.3108935,1.3215115,2.1774724,0.64839697,0.0,0.0,0.0,0.8697121,2.908287,1.3703356,0.0,0.32366493,0.12156251,2.9296918,3.2150092,0.0,2018-05-04,16,0.2,True,100,5,32,True
2.318117,1.330177,2.1851795,0.6443872,0.0,0.0,0.0,0.87303865,2.9132907,1.3618153,0.0,0.29576272,0.12200217,2.9336205,3.226053,0.0,2018-05-08,16,0.2,True,100,5,32,True
2.322146,1.3422211,2.1966012,0.6427446,0.0,0.0,0.0,0.8758258,2.908392,1.3437244,0.0,0.26515958,0.119012326,2.9422824,3.232834,0.0,2018-05-09,16,0.2,True,100,5,32,True
2.3248174,1.352379,2.207887,0.6359014,0.0,0.0,0.0,0.87802726,2.8940365,1.3146544,0.0,0.2282922,0.11934644,2.9480634,3.2350225,0.0,2018-05-10,16,0.2,True,100,5,32,True
2.328263,1.362939,2.2207623,0.6283045,0.0,0.0,0.0,0.88219553,2.8845515,1.2903075,0.0,0.1936298,0.12015455,2.9602382,3.2428463,0.0,2018-05-11,16,0.2,True,100,5,32,True
2.3327055,1.3779898,2.2388334,0.62211496,0.0,0.0,0.0,0.88684225,2.8772469,1.2636564,0.0,0.15987588,0.119785264,2.9768384,3.253914,0.0,2018-05-14,16,0.2,True,100,5,32,True
2.3449461,1.3937174,2.2587879,0.6141057,0.0,0.0,0.0,0.89278764,2.8799784,1.2400986,0.0,0.12428738,0.12384555,2.9932992,3.2707286,0.0,2018-05-15,16,0.2,True,100,5,32,True
2.3548684,1.4143392,2.2791307,0.6117454,0.0,0.0,0.0,0.8988183,2.880283,1.2139305,0.0,0.08871506,0.12441904,3.0116816,3.2870774,0.0,2018-05-16,16,0.2,True,100,5,32,True
2.3646142,1.4308513,2.298595,0.6055922,0.0,0.0,0.0,0.908117,2.8749366,1.1814698,0.0,0.04582516,0.12924974,3.0288324,3.3022199,0.0,2018-05-17,16,0.2,True,100,5,32,True
2.3838625,1.4401182,2.313135,0.59882337,0.0,0.0,0.0,0.92179054,2.8747547,1.150949,0.0,0.0014210567,0.14390689,3.040226,3.3204079,0.0,2018-05-18,16,0.2,True,100,5,32,True
2.3983572,1.4517983,2.3297913,0.5906011,0.0,0.0,0.0,0.9369418,2.8756015,1.1236742,0.0,0.0,0.15584576,3.056552,3.338523,0.0,2018-05-21,16,0.2,True,100,5,32,True
2.4128242,1.4577876,2.3430133,0.57946175,0.0,0.0,0.0,0.95553994,2.8756886,1.0981989,0.0,0.0,0.17206582,3.0701337,3.3569176,0.0,2018-05-23,16,0.2,True,100,5,32,True
2.4255395,1.4671923,2.3601563,0.57237834,0.0,0.0,0.0,0.971508,2.8757432,1.0771505,0.0,0.0,0.18514112,3.0884137,3.3768208,0.0,2018-05-24,16,0.2,True,100,5,32,True
2.433916,1.4815744,2.3779883,0.56879985,0.0,0.0,0.0,0.9846966,2.875896,1.0637999,0.0,0.0,0.19400753,3.1122677,3.3996167,0.0,2018-05-25,16,0.2,True,100,5,32,True
2.4504158,1.4888493,2.387931,0.5636983,0.0,0.0,0.0,0.9964454,2.8738928,1.0444638,0.0,0.0,0.208096,3.126562,3.41641,0.0,2018-05-28,16,0.2,True,100,5,32,True
2.4594715,1.5038468,2.4007666,0.55945253,0.0,0.0,0.0,1.008244,2.8694136,1.0199388,0.0,0.0,0.21566576,3.1442194,3.4321253,0.0,2018-05-29,16,0.2,True,100,5,32,True
2.4684234,1.5214067,2.4130764,0.55772185,0.0,0.0,0.0,1.0170064,2.863619,0.9921134,0.0,0.0,0.22068727,3.1602893,3.4451835,0.0,2018-05-30,16,0.2,True,100,5,32,True
2.4743152,1.5387671,2.419016,0.5559803,0.0,0.0,0.0,1.0244461,2.855153,0.9674773,0.0,0.0,0.22623268,3.1746979,3.4566066,0.0,2018-05-31,16,0.2,True,100,5,32,True
2.4825127,1.5527982,2.4215236,0.5523223,0.0,0.0,0.0,1.0329642,2.8412786,0.9323073,0.0,0.0,0.23589978,3.1806831,3.4652846,0.0,2018-06-01,16,0.2,True,100,5,32,True
2.4832969,1.5625389,2.4192128,0.5461974,0.0,0.0,0.0,1.0434899,2.8204906,0.89302593,0.0,0.0,0.24489224,3.182783,3.4629643,0.0,2018-06-04,16,0.2,True,100,5,32,True
2.477761,1.5782816,2.4163868,0.5509854,0.0,0.0,0.0,1.0505468,2.8003554,0.8559336,0.0,0.0,0.24495685,3.1851852,3.452828,0.0,2018-06-05,16,0.2,True,100,5,32,True
2.4706776,1.5940717,2.4153204,0.55790937,0.0,0.0,0.0,1.0585384,2.7825608,0.82119197,0.0,0.0,0.24490851,3.186045,3.4440234,0.0,2018-06-07,16,0.2,True,100,5,32,True
2.466161,1.6105433,2.4172869,0.57060105,0.0,0.0,0.0,1.068735,2.7790396,0.8016785,0.0,0.0,0.2444019,3.1910665,3.4436276,0.0,2018-06-08,16,0.2,True,100,5,32,True
2.4586256,1.6296834,2.4178586,0.5874433,0.0,0.0,0.0,1.0773301,2.7771752,0.7873581,0.0,0.0,0.23934367,3.1971047,3.4418364,0.0,2018-06-11,16,0.2,True,100,5,32,True
2.4436457,1.6489936,2.4166253,0.60184956,0.0,0.0,0.0,1.0888245,2.7685287,0.763764,0.0,0.0,0.22885948,3.197864,3.429535,0.0,2018-06-12,16,0.2,True,100,5,32,True
2.433461,1.6623149,2.4123056,0.6126358,0.0,0.0,0.0,1.1031668,2.7667096,0.74610394,0.0,0.0,0.22259796,3.1964533,3.420181,0.0,2018-06-14,16,0.2,True,100,5,32,True
2.4182632,1.6770649,2.4051437,0.6274586,0.0,0.0,0.0,1.1116613,2.7568848,0.7287009,0.0,0.0,0.21123746,3.1970859,3.4028459,0.0,2018-06-15,16,0.2,True,100,5,32,True
2.40477,1.6886077,2.394465,0.64407593,0.0,0.0,0.0,1.1188269,2.745191,0.7156822,0.0,0.0,0.20393005,3.1958733,3.3868935,0.0,2018-06-18,16,0.2,True,100,5,32,True
2.3852477,1.702275,2.3826818,0.6615066,0.0,0.0,0.0,1.1201261,2.727756,0.7028539,0.0,0.0,0.19262215,3.1960523,3.3640964,0.0,2018-06-19,16,0.2,True,100,5,32,True
2.3570042,1.7090847,2.3638024,0.6794921,0.0,0.0,0.0,1.1179667,2.7035134,0.70292515,0.0,0.0,0.18441007,3.1946514,3.342379,0.0,2018-06-20,16,0.2,True,100,5,32,True
2.3258414,1.7187723,2.346353,0.70122963,0.0,0.0,0.0,1.1108456,2.6798997,0.7060794,0.0,0.0,0.1727334,3.1977088,3.3216398,0.0,2018-06-21,16,0.2,True,100,5,32,True
2.3057406,1.7195683,2.3219757,0.71798414,0.0,0.0,0.0,1.1084006,2.6541574,0.6995212,0.0,0.0,0.17269635,3.1886933,3.3015213,0.0,2018-06-22,16,0.2,True,100,5,32,True
2.280023,1.7237012,2.299782,0.7341034,0.0,0.0,0.0,1.1061159,2.622838,0.68269545,0.0,0.0,0.1707723,3.1780913,3.2769141,0.0,2018-06-25,16,0.2,True,100,5,32,True
2.2516744,1.7283537,2.2787297,0.7499203,0.0,0.0,0.0,1.1038772,2.596427,0.6732037,0.0,0.0,0.16732934,3.1701267,3.255847,0.0,2018-06-26,16,0.2,True,100,5,32,True
2.2202837,1.7282604,2.253856,0.76333714,0.0,0.0,0.0,1.1006532,2.5658333,0.66123617,0.0,0.0,0.16414203,3.1553364,3.227931,0.0,2018-06-27,16,0.2,True,100,5,32,True
2.186289,1.7244278,2.227892,0.7739366,0.0,0.0,0.0,1.0968337,2.533119,0.65467554,0.0,0.0,0.16251785,3.140641,3.2007954,0.0,2018-06-28,16,0.2,True,100,5,32,True
2.1522493,1.7181878,2.1990502,0.7865639,0.0,0.0,0.0,1.0900526,2.5027833,0.6573433,0.0,0.0,0.15879846,3.1268694,3.1758041,0.0,2018-06-29,16,0.2,True,100,5,32,True
2.120094,1.7085196,2.169455,0.79386985,0.0,0.0,0.0,1.0871447,2.4727662,0.6570667,0.0,0.0,0.15911594,3.1123362,3.154235,0.0,2018-07-02,16,0.2,True,100,5,32,True
2.0820305,1.6988298,2.1332994,0.8053566,0.0,0.0,0.0,1.0787705,2.4325225,0.65480846,0.0,0.0,0.1584484,3.0927875,3.1259537,0.0,2018-07-03,16,0.2,True,100,5,32,True
2.0460002,1.686015,2.0962868,0.8139137,0.0,0.0,0.0,1.0686654,2.392919,0.6555738,0.0,0.0,0.16349353,3.0719438,3.101667,0.0,2018-07-04,16,0.2,True,100,5,32,True
2.0064287,1.6709118,2.0578687,0.81829906,0.0,0.0,0.0,1.0597208,2.3411286,0.639951,0.0,0.0,0.17532623,3.040937,3.069403,0.0,2018-07-05,16,0.2,True,100,5,32,True
1.9649959,1.650289,2.0164766,0.82086194,0.0,0.0,0.0,1.0528109,2.2907999,0.6319624,0.0,0.0,0.18933623,3.0112538,3.0395982,0.0,2018-07-06,16,0.2,True,100,5,32,True
1.9230039,1.6297351,1.9745561,0.8207624,0.0,0.0,0.0,1.0530472,2.2390954,0.6194717,0.0,0.0,0.20637548,2.9788082,3.0114148,0.0,2018-07-09,16,0.2,True,100,5,32,True
1.8828225,1.6072743,1.9363492,0.81935036,0.0,0.0,0.0,1.054072,2.189663,0.6062617,0.0,0.0,0.2244646,2.9445977,2.9832373,0.0,2018-07-10,16,0.2,True,100,5,32,True
1.8443103,1.588112,1.899154,0.8216668,0.0,0.0,0.0,1.055474,2.1490564,0.6029896,0.0,0.0,0.23794019,2.9157066,2.959324,0.0,2018-07-11,16,0.2,True,100,5,32,True
1.802595,1.5651821,1.8602548,0.82025623,0.0,0.0,0.0,1.0591115,2.0999665,0.5898959,0.0,0.0,0.25330326,2.8788826,2.9301953,0.0,2018-07-12,16,0.2,True,100,5,32,True
1.7739904,1.539331,1.8254496,0.8134169,0.0,0.0,0.0,1.065475,2.0589395,0.5774827,0.0,0.0,0.27843505,2.8350909,2.9059649,0.0,2018-07-13,16,0.2,True,100,5,32,True
1.7411214,1.5152556,1.794183,0.80931574,0.0,0.0,0.0,1.0729946,2.0210998,0.5683015,0.0,0.0,0.2951325,2.7988899,2.881426,0.0,2018-07-16,16,0.2,True,100,5,32,True
1.7140903,1.4880546,1.7621192,0.8031078,0.0,0.0,0.0,1.083357,1.9905297,0.5685208,0.0,0.0,0.31353003,2.764082,2.8634367,0.0,2018-07-17,16,0.2,True,100,5,32,True
1.6830223,1.4600635,1.7304693,0.7968756,0.0,0.0,0.0,1.0918884,1.953014,0.56074965,0.0,0.0,0.32996744,2.7276273,2.839839,0.0,2018-07-18,16,0.2,True,100,5,32,True
1.6453736,1.4305094,1.6911994,0.7929498,0.0,0.0,0.0,1.0978072,1.9067373,0.5524676,0.0,0.0,0.3405766,2.6870298,2.808262,0.0,2018-07-19,16,0.2,True,100,5,32,True
1.6158342,1.3897271,1.6513951,0.77929693,0.0,0.0,0.0,1.102971,1.8630854,0.54683715,0.0,0.0,0.36069262,2.6395829,2.7791202,0.0,2018-07-20,16,0.2,True,100,5,32,True
1.5812188,1.345179,1.6094911,0.7631025,0.0,0.0,0.0,1.1069231,1.8168108,0.54325783,0.0,0.0,0.37779576,2.5913239,2.7476685,0.0,2018-07-23,16,0.2,True,100,5,32,True
1.5477798,1.3078512,1.5716984,0.7503291,0.0,0.0,0.0,1.1061497,1.7675714,0.5315223,0.0,0.0,0.39239505,2.5385458,2.7104216,0.0,2018-07-24,16,0.2,True,100,5,32,True
1.5099922,1.2689139,1.5342606,0.73712903,0.0,0.0,0.0,1.1033478,1.7196558,0.5221583,0.0,0.0,0.40213177,2.4859061,2.671046,0.0,2018-07-25,16,0.2,True,100,5,32,True
1.4769577,1.2453145,1.5064206,0.7350282,0.0,0.0,0.0,1.097132,1.6857334,0.5188195,0.0,0.0,0.4028145,2.4518123,2.6390877,0.0,2018-07-26,16,0.2,True,100,5,32,True
1.457525,1.2192543,1.4829689,0.72641796,0.0,0.0,0.0,1.0976486,1.6622794,0.51876986,0.0,0.0,0.41211393,2.417526,2.6191227,0.0,2018-07-27,16,0.2,True,100,5,32,True
1.4430313,1.1983846,1.462003,0.7194428,0.0,0.0,0.0,1.1005164,1.6456645,0.5217161,0.0,0.0,0.418065,2.3892908,2.6040475,0.0,2018-07-30,16,0.2,True,100,5,32,True
1.427007,1.183278,1.4445155,0.7150009,0.0,0.0,0.0,1.1007078,1.6289179,0.52081925,0.0,0.0,0.41735926,2.3649864,2.586921,0.0,2018-07-31,16,0.2,True,100,5,32,True
1.4125909,1.1720451,1.4286888,0.71317863,0.0,0.0,0.0,1.1012573,1.6167516,0.5217322,0.0,0.0,0.4137029,2.3478005,2.57234,0.0,2018-08-01,16,0.2,True,100,5,32,True
1.40908,1.155482,1.4211948,0.7013097,0.0,0.0,0.0,1.1044335,1.6104064,0.52083135,0.0,0.0,0.42365646,2.3278472,2.5687299,0.0,2018-08-02,16,0.2,True,100,5,32,True
1.4126233,1.1441166,1.4165461,0.6911933,0.0,0.0,0.0,1.1094891,1.6097062,0.52284247,0.0,0.0,0.4362474,2.3138666,2.5710726,0.0,2018-08-03,16,0.2,True,100,5,32,True
1.4237229,1.1235421,1.4084018,0.67207354,0.0,0.0,0.0,1.1234955,1.6107086,0.5232895,0.0,0.0,0.45866814,2.287683,2.5776246,0.0,2018-08-06,16,0.2,True,100,5,32,True
1.4358764,1.1089108,1.4049648,0.6622186,0.0,0.0,0.0,1.1331768,1.6083739,0.5114582,0.0,0.0,0.47545806,2.2629666,2.5772395,0.0,2018-08-07,16,0.2,True,100,5,32,True
1.449628,1.0929062,1.4031372,0.6471144,0.0,0.0,0.0,1.1450924,1.610083,0.5046083,0.0,0.0,0.49520645,2.2433689,2.5845895,0.0,2018-08-08,16,0.2,True,100,5,32,True
1.4668617,1.0750127,1.4015678,0.62954795,0.0,0.0,0.0,1.1575063,1.6114699,0.49383843,0.0,0.0,0.517735,2.219212,2.5924702,0.0,2018-08-09,16,0.2,True,100,5,32,True
1.4901708,1.0556233,1.4006194,0.61424077,0.0,0.0,0.0,1.1722172,1.6146711,0.4771344,0.0,0.0,0.5461009,2.188888,2.6014807,0.0,2018-08-10,16,0.2,True,100,5,32,True
1.5167623,1.040289,1.3992639,0.6017594,0.0,0.0,0.0,1.1891036,1.6191714,0.45188475,0.0,0.0,0.5765493,2.154437,2.6082857,0.0,2018-08-13,16,0.2,True,100,5,32,True
1.5319947,1.0369748,1.4011385,0.59192604,0.0,0.0,0.0,1.2038945,1.6210881,0.43420842,0.0,0.0,0.5995306,2.1355858,2.6182659,0.0,2018-08-14,16,0.2,True,100,5,32,True
1.5400053,1.0439596,1.4075699,0.5897741,0.0,0.0,0.0,1.2117065,1.6198274,0.41594338,0.0,0.0,0.61452526,2.1288202,2.6260045,0.0,2018-08-16,16,0.2,True,100,5,32,True
1.5435493,1.0514253,1.4064698,0.5862265,0.0,0.0,0.0,1.222438,1.6173018,0.40457043,0.0,0.0,0.6272407,2.122101,2.6344168,0.0,2018-08-17,16,0.2,True,100,5,32,True
1.5431585,1.0605793,1.4063082,0.58701533,0.0,0.0,0.0,1.2288593,1.608837,0.387751,0.0,0.0,0.6387733,2.1150641,2.6383638,0.0,2018-08-20,16,0.2,True,100,5,32,True
1.5406922,1.0667114,1.4032807,0.5868337,0.0,0.0,0.0,1.2378045,1.6000096,0.37432745,0.0,0.0,0.6510273,2.106659,2.643925,0.0,2018-08-21,16,0.2,True,100,5,32,True
1.537277,1.0684367,1.39759,0.5842476,0.0,0.0,0.0,1.2493957,1.593294,0.36782596,0.0,0.0,0.6615269,2.0999868,2.6515841,0.0,2018-08-22,16,0.2,True,100,5,32,True
1.536154,1.0672054,1.3924096,0.5828305,0.0,0.0,0.0,1.258434,1.5832622,0.3568262,0.0,0.0,0.6750977,2.0882628,2.6566331,0.0,2018-08-23,16,0.2,True,100,5,32,True
1.5311819,1.0680085,1.3902496,0.58283556,0.0,0.0,0.0,1.2657021,1.5745585,0.3509817,0.0,0.0,0.6855736,2.0834637,2.6645517,0.0,2018-08-24,16,0.2,True,100,5,32,True
1.5271595,1.0708065,1.3875848,0.58366907,0.0,0.0,0.0,1.2746607,1.5727421,0.35396135,0.0,0.0,0.6909859,2.0865757,2.6763084,0.0,2018-08-27,16,0.2,True,100,5,32,True
1.518354,1.066204,1.3819025,0.5803239,0.0,0.0,0.0,1.2838137,1.565304,0.35721898,0.0,0.0,0.69678867,2.0838518,2.6832156,0.0,2018-08-28,16,0.2,True,100,5,32,True
1.506409,1.070696,1.3768823,0.5841381,0.0,0.0,0.0,1.2883831,1.5571282,0.36036262,0.0,0.0,0.69086415,2.0890992,2.6841936,0.0,2018-08-29,16,0.2,True,100,5,32,True
1.5016001,1.07084,1.3688316,0.5865834,0.0,0.0,0.0,1.2952117,1.5522612,0.36219254,0.0,0.0,0.68827885,2.0866175,2.6845849,0.0,2018-08-30,16,0.2,True,100,5,32,True
1.4961423,1.0737627,1.3637154,0.59064275,0.0,0.0,0.0,1.29865,1.5456308,0.36128008,0.0,0.0,0.6855413,2.0848997,2.6846693,0.0,2018-08-31,16,0.2,True,100,5,32,True
1.4948691,1.0781434,1.3604856,0.5947534,0.0,0.0,0.0,1.2992647,1.5460199,0.3653666,0.0,0.0,0.67893577,2.091526,2.6859646,0.0,2018-09-03,16,0.2,True,100,5,32,True
1.488437,1.0748854,1.3563935,0.5930933,0.0,0.0,0.0,1.3028634,1.5441556,0.37287027,0.0,0.0,0.67933804,2.0944052,2.6916463,0.0,2018-09-04,16,0.2,True,100,5,32,True
1.4751385,1.0731087,1.3515539,0.59361005,0.0,0.0,0.0,1.3071219,1.5406835,0.38673654,0.0,0.0,0.67721415,2.1023874,2.6987364,0.0,2018-09-05,16,0.2,True,100,5,32,True
1.4619684,1.071601,1.3454884,0.59705096,0.0,0.0,0.0,1.3070568,1.5329133,0.39609748,0.0,0.0,0.6756924,2.1063423,2.7001488,0.0,2018-09-06,16,0.2,True,100,5,32,True
1.4474857,1.070959,1.3370398,0.603104,0.0,0.0,0.0,1.3054413,1.523575,0.4045746,0.0,0.0,0.6726023,2.1105692,2.700611,0.0,2018-09-07,16,0.2,True,100,5,32,True
1.435942,1.0712922,1.3275388,0.6084057,0.0,0.0,0.0,1.3050517,1.5176814,0.41233698,0.0,0.0,0.66918993,2.1139226,2.7017493,0.0,2018-09-10,16,0.2,True,100,5,32,True
1.4217812,1.0726249,1.3164171,0.61437607,0.0,0.0,0.0,1.3072993,1.5115309,0.4187578,0.0,0.0,0.6648576,2.1167557,2.7043147,0.0,2018-09-11,16,0.2,True,100,5,32,True
1.4036429,1.0842891,1.305359,0.62857264,0.0,0.0,0.0,1.3071349,1.5031534,0.4205294,0.0,0.0,0.6522266,2.1235993,2.7023003,0.0,2018-09-12,16,0.2,True,100,5,32,True
1.3922988,1.0973146,1.2970693,0.6408053,0.0,0.0,0.0,1.3085226,1.500454,0.4199157,0.0,0.0,0.64307374,2.1287692,2.701658,0.0,2018-09-13,16,0.2,True,100,5,32,True
1.3871571,1.1093979,1.2890978,0.6499474,0.0,0.0,0.0,1.3129526,1.5064466,0.4220209,0.0,0.0,0.63156366,2.1387687,2.7023954,0.0,2018-09-14,16,0.2,True,100,5,32,True
1.3840908,1.1217663,1.2840598,0.65947986,0.0,0.0,0.0,1.3203331,1.5149668,0.42345136,0.0,0.0,0.6203694,2.1513596,2.705457,0.0,2018-09-17,16,0.2,True,100,5,32,True
1.3839401,1.1321441,1.2791368,0.6670376,0.0,0.0,0.0,1.326976,1.5236989,0.4246532,0.0,0.0,0.6112956,2.1632,2.707682,0.0,2018-09-18,16,0.2,True,100,5,32,True
1.385876,1.1368309,1.2723235,0.6725638,0.0,0.0,0.0,1.3363098,1.532256,0.4292693,0.0,0.0,0.6071669,2.173462,2.7122252,0.0,2018-09-19,16,0.2,True,100,5,32,True
1.3940879,1.1418614,1.2699746,0.6764035,0.0,0.0,0.0,1.3406194,1.5373938,0.42688498,0.0,0.0,0.60656476,2.17579,2.7092228,0.0,2018-09-20,16,0.2,True,100,5,32,True
1.396675,1.1433908,1.2660891,0.6787956,0.0,0.0,0.0,1.3456883,1.5430244,0.43150195,0.0,0.0,0.6007891,2.1879256,2.7100027,0.0,2018-09-21,16,0.2,True,100,5,32,True
1.4036459,1.143364,1.2674007,0.6770761,0.0,0.0,0.0,1.3512731,1.5547227,0.4394784,0.0,0.0,0.59617364,2.2054875,2.7182088,0.0,2018-09-27,16,0.2,True,100,5,32,True
1.4064349,1.1522826,1.2720636,0.6842141,0.0,0.0,0.0,1.3546358,1.563763,0.44434762,0.0,0.0,0.58509123,2.2263505,2.723274,0.0,2018-09-28,16,0.2,True,100,5,32,True
1.4121866,1.1584511,1.2766708,0.68748516,0.0,0.0,0.0,1.3632101,1.5745752,0.4460283,0.0,0.0,0.57978183,2.2408705,2.730162,0.0,2018-10-01,16,0.2,True,100,5,32,True
1.4121037,1.1657082,1.2755951,0.6968489,0.0,0.0,0.0,1.3689381,1.5810797,0.4520557,0.0,0.0,0.567488,2.2605708,2.7296479,0.0,2018-10-02,16,0.2,True,100,5,32,True
1.4130039,1.1714885,1.270635,0.70696336,0.0,0.0,0.0,1.3730711,1.584344,0.45722723,0.0,0.0,0.5594108,2.2747753,2.7253327,0.0,2018-10-04,16,0.2,True,100,5,32,True
1.4072598,1.1815358,1.2583274,0.72216094,0.0,0.0,0.0,1.3733796,1.5817224,0.46375012,0.0,0.0,0.54664695,2.292349,2.717085,0.0,2018-10-05,16,0.2,True,100,5,32,True
1.402109,1.1854062,1.2399087,0.7340619,0.0,0.0,0.0,1.376354,1.578141,0.47136682,0.0,0.0,0.5406569,2.3048391,2.710492,0.0,2018-10-08,16,0.2,True,100,5,32,True
1.3936523,1.1868593,1.2155764,0.7465409,0.0,0.0,0.0,1.3795694,1.5699024,0.47865027,0.0,0.0,0.53546,2.3136833,2.700626,0.0,2018-10-10,16,0.2,True,100,5,32,True
1.3841923,1.1904122,1.1886144,0.76315373,0.0,0.0,0.0,1.3805312,1.5581865,0.48730546,0.0,0.0,0.53009826,2.3233738,2.6897082,0.0,2018-10-11,16,0.2,True,100,5,32,True
1.361615,1.1993196,1.1462151,0.7916388,0.0,0.0,0.0,1.3726847,1.5286845,0.4946164,0.0,0.0,0.5202155,2.3252478,2.6647782,0.0,2018-10-12,16,0.2,True,100,5,32,True
1.3352396,1.2051405,1.0977381,0.8183729,0.0,0.0,0.0,1.36408,1.4979116,0.50358033,0.0,0.0,0.51402426,2.3216722,2.6403284,0.0,2018-10-15,16,0.2,True,100,5,32,True
1.3138409,1.2025679,1.0485967,0.8374065,0.0,0.0,0.0,1.3581624,1.4678185,0.5110854,0.0,0.0,0.5194802,2.3054326,2.6171153,0.0,2018-10-16,16,0.2,True,100,5,32,True
1.2940491,1.1932299,1.0025895,0.8503812,0.0,0.0,0.0,1.35582,1.4380049,0.517786,0.0,0.0,0.5341106,2.280664,2.597998,0.0,2018-10-17,16,0.2,True,100,5,32,True
1.2708836,1.1891537,0.96234953,0.8661503,0.0,0.0,0.0,1.3535002,1.4113444,0.52494514,0.0,0.0,0.54572886,2.2584722,2.5802853,0.0,2018-10-18,16,0.2,True,100,5,32,True
1.2380761,1.1962032,0.9212726,0.89120543,0.0,0.0,0.0,1.3477807,1.3797287,0.5288003,0.0,0.0,0.5495908,2.2331195,2.5544376,0.0,2018-10-19,16,0.2,True,100,5,32,True
1.2078626,1.1973639,0.878549,0.9120321,0.0,0.0,0.0,1.3475138,1.3545165,0.5370104,0.0,0.0,0.55742216,2.2073243,2.533385,0.0,2018-10-22,16,0.2,True,100,5,32,True
1.1776892,1.1962646,0.8378941,0.930697,0.0,0.0,0.0,1.3489697,1.3320357,0.54530233,0.0,0.0,0.56436044,2.1800609,2.511412,0.0,2018-10-23,16,0.2,True,100,5,32,True
1.1503035,1.1926692,0.79713875,0.94942683,0.0,0.0,0.0,1.3504993,1.304134,0.55043614,0.0,0.0,0.57883286,2.1413867,2.4859688,0.0,2018-10-24,16,0.2,True,100,5,32,True
1.1255274,1.1905656,0.75973856,0.97039694,0.0,0.0,0.0,1.3543061,1.2787212,0.55673385,0.0,0.0,0.5969135,2.1025603,2.4623067,0.0,2018-10-25,16,0.2,True,100,5,32,True
1.1018038,1.1794525,0.7199494,0.9867087,0.0,0.0,0.0,1.3623778,1.2512718,0.56368876,0.0,0.0,0.621274,2.0581644,2.4380462,0.0,2018-10-26,16,0.2,True,100,5,32,True
1.0824529,1.1599789,0.6789112,1.0000281,0.0,0.0,0.0,1.3711494,1.2191495,0.568787,0.0,0.0,0.6545875,2.0051563,2.4095728,0.0,2018-10-29,16,0.2,True,100,5,32,True
1.0542531,1.1326581,0.6264118,1.0135207,0.0,0.0,0.0,1.3803711,1.1769748,0.5773603,0.0,0.0,0.686057,1.9483325,2.3740027,0.0,2018-10-30,16,0.2,True,100,5,32,True
1.0215715,1.0995015,0.5686989,1.021557,0.0,0.0,0.0,1.389702,1.1331425,0.58860755,0.0,0.0,0.7155301,1.893791,2.3433027,0.0,2018-10-31,16,0.2,True,100,5,32,True
0.9912323,1.065295,0.5148061,1.0255365,0.0,0.0,0.0,1.3969795,1.0932199,0.5994279,0.0,0.0,0.74479973,1.8406878,2.3164117,0.0,2018-11-01,16,0.2,True,100,5,32,True
0.95646834,1.0191046,0.45160383,1.0272909,0.0,0.0,0.0,1.4048171,1.0510503,0.6201561,0.0,0.0,0.7737011,1.7849325,2.2865398,0.0,2018-11-02,16,0.2,True,100,5,32,True
0.9173519,0.97048634,0.3938681,1.0252442,0.0,0.0,0.0,1.4130684,1.0111421,0.6423174,0.0,0.0,0.7958793,1.7298732,2.2582703,0.0,2018-11-05,16,0.2,True,100,5,32,True
0.87280756,0.9332634,0.33620384,1.0317326,0.0,0.0,0.0,1.4137496,0.97272444,0.6664619,0.0,0.0,0.80847543,1.6792871,2.2228086,0.0,2018-11-06,16,0.2,True,100,5,32,True
0.8280663,0.9030739,0.2826762,1.0397066,0.0,0.0,0.0,1.4104656,0.9368137,0.68793803,0.0,0.0,0.8161475,1.6270853,2.1844432,0.0,2018-11-07,16,0.2,True,100,5,32,True
0.7899739,0.8771531,0.23520696,1.0493723,0.0,0.0,0.0,1.4088783,0.909217,0.7128035,0.0,0.019257044,0.82464343,1.5802768,2.1520782,0.0,2018-11-08,16,0.2,True,100,5,32,True
0.7500686,0.8454133,0.18922961,1.0514667,0.0,0.0,0.0,1.4054079,0.8783277,0.73162353,0.0,0.055747513,0.82937837,1.5247227,2.1130664,0.0,2018-11-09,16,0.2,True,100,5,32,True
0.7169204,0.8185044,0.14935663,1.0554606,0.0,0.0,0.0,1.4029081,0.85374504,0.7512228,0.0,0.089659944,0.8333509,1.4755665,2.0790417,0.0,2018-11-12,16,0.2,True,100,5,32,True
0.6839456,0.78976685,0.11159083,1.0547556,0.0,0.0,0.0,1.3958156,0.82679975,0.7658105,0.0,0.11954197,0.83410835,1.4240489,2.039736,0.0,2018-11-13,16,0.2,True,100,5,32,True
0.65608406,0.7727843,0.07616356,1.0622084,0.0,0.0,0.0,1.3888825,0.8058923,0.7817191,0.0,0.14919512,0.8329606,1.3833137,2.0038366,0.0,2018-11-14,16,0.2,True,100,5,32,True
0.63892233,0.74860317,0.05359358,1.0615326,0.0,0.0,0.0,1.3855793,0.787503,0.78811514,0.0,0.16617483,0.8435117,1.3355308,1.9734917,0.0,2018-11-15,16,0.2,True,100,5,32,True
0.6252924,0.7300399,0.03767462,1.0626098,0.0,0.0,0.0,1.3861871,0.7761586,0.7966834,0.0,0.18040095,0.85258025,1.2997614,1.9508675,0.0,2018-11-16,16,0.2,True,100,5,32,True
0.6109113,0.7123951,0.024937797,1.0594696,0.0,0.0,0.0,1.384138,0.76484793,0.80051893,0.0,0.18810791,0.85632724,1.2658609,1.9246714,0.0,2018-11-19,16,0.2,True,100,5,32,True
0.6006921,0.702676,0.016824044,1.0593283,0.0,0.0,0.0,1.3851403,0.76009303,0.80447394,0.0,0.19273931,0.85853386,1.2419318,1.9050409,0.0,2018-11-20,16,0.2,True,100,5,32,True
0.5929971,0.6921343,0.012353114,1.0560441,0.0,0.0,0.0,1.3877689,0.75616336,0.80440295,0.0,0.18895791,0.86134255,1.2193226,1.8878602,0.0,2018-11-21,16,0.2,True,100,5,32,True
0.58268195,0.68692803,0.00467389,1.0552478,0.0,0.0,0.0,1.388383,0.7521337,0.8042336,0.0,0.1847113,0.85859,1.2009553,1.8682166,0.0,2018-11-22,16,0.2,True,100,5,32,True
0.5767323,0.67973983,0.0027715433,1.0496761,0.0,0.0,0.0,1.3887018,0.74766815,0.79657394,0.0,0.16955757,0.8575357,1.1815375,1.8491827,0.0,2018-11-23,16,0.2,True,100,5,32,True
0.5753172,0.6722842,0.0028274618,1.0447757,0.0,0.0,0.0,1.3938483,0.7452475,0.7897937,0.0,0.15252404,0.8603435,1.1675636,1.8386476,0.0,2018-11-26,16,0.2,True,100,5,32,True
0.57350546,0.67401135,0.0017331131,1.046921,0.0,0.0,0.0,1.3992258,0.7464349,0.7854826,0.0,0.13886271,0.8616641,1.1578099,1.827546,0.0,2018-11-27,16,0.2,True,100,5,32,True
0.5702172,0.6754017,0.0019199736,1.0474902,0.0,0.0,0.0,1.4040403,0.74819386,0.7811051,0.0,0.1256868,0.8601372,1.1507446,1.8170502,0.0,2018-11-28,16,0.2,True,100,5,32,True
0.56962645,0.671979,0.008297869,1.0408722,0.0,0.0,0.0,1.4086117,0.7496903,0.76920927,0.0,0.105362594,0.8624698,1.1356721,1.8050604,0.0,2018-11-29,16,0.2,True,100,5,32,True
0.5662329,0.67418,0.01401151,1.034634,0.0,0.0,0.0,1.4086603,0.7513986,0.7564884,0.0,0.085020274,0.85617924,1.1254063,1.7887182,0.0,2018-11-30,16,0.2,True,100,5,32,True
0.5643478,0.6864184,0.0151707465,1.0379272,0.0,0.0,0.0,1.4105304,0.75801104,0.7485903,0.0,0.06953713,0.84892005,1.1197401,1.7728844,0.0,2018-12-03,16,0.2,True,100,5,32,True
0.56521946,0.6957852,0.023797166,1.0370184,0.0,0.0,0.0,1.4170263,0.7698186,0.7387406,0.0,0.050678067,0.8469299,1.1153995,1.7667063,0.0,2018-12-04,16,0.2,True,100,5,32,True
0.5696476,0.69944084,0.03646499,1.033865,0.0,0.0,0.0,1.4264545,0.78356177,0.7308459,0.0,0.031987265,0.84887993,1.1131383,1.7674878,0.0,2018-12-05,16,0.2,True,100,5,32,True
0.57521814,0.6994553,0.04919704,1.0301925,0.0,0.0,0.0,1.4374161,0.7966133,0.72392505,0.0,0.013636608,0.85336363,1.1111022,1.7709043,0.0,2018-12-06,16,0.2,True,100,5,32,True
0.5759717,0.7071013,0.049384154,1.0362157,0.0,0.0,0.0,1.4444859,0.8070067,0.7235794,0.0,0.004691161,0.8528094,1.1124811,1.7690326,0.0,2018-12-07,16,0.2,True,100,5,32,True
0.5802424,0.71107256,0.05067239,1.0415902,0.0,0.0,0.0,1.4545345,0.81767386,0.72396606,0.0,0.0,0.8582389,1.1126393,1.7725883,0.0,2018-12-10,16,0.2,True,100,5,32,True
0.5810148,0.7090288,0.04912132,1.0425327,0.0,0.0,0.0,1.4633029,0.8229234,0.7209757,0.0,0.0,0.86586875,1.1059494,1.7739578,0.0,2018-12-11,16,0.2,True,100,5,32,True
0.57714564,0.71397835,0.038323708,1.0512133,0.0,0.0,0.0,1.4690866,0.82612056,0.72246504,0.0,0.0,0.8696186,1.0990273,1.7687364,0.0,2018-12-12,16,0.2,True,100,5,32,True
0.57769096,0.715025,0.0335073,1.0584043,0.0,0.0,0.0,1.479721,0.8331864,0.7236125,0.0,0.0,0.8806854,1.0876685,1.7679601,0.0,2018-12-13,16,0.2,True,100,5,32,True
0.58115375,0.7111055,0.037099835,1.0588915,0.0,0.0,0.0,1.4935963,0.8429388,0.72239274,0.0,0.0,0.8932554,1.0781164,1.7735677,0.0,2018-12-14,16,0.2,True,100,5,32,True
0.57734126,0.7091241,0.03184827,1.0620445,0.0,0.0,0.0,1.5024341,0.8488731,0.7256191,0.0,0.0,0.8965552,1.070775,1.771893,0.0,2018-12-17,16,0.2,True,100,5,32,True
0.5707257,0.7088269,0.023989731,1.0644512,0.0,0.0,0.0,1.5065132,0.8518462,0.72638005,0.0,0.0,0.8961099,1.061506,1.764236,0.0,2018-12-18,16,0.2,True,100,5,32,True
0.5617044,0.71654385,0.008219954,1.075153,0.0,0.0,0.0,1.5056161,0.85275984,0.7310259,0.0,0.0,0.8908713,1.0513486,1.7494221,0.0,2018-12-19,16,0.2,True,100,5,32,True
0.5594615,0.72065586,0.0,1.0822415,0.0,0.0,0.0,1.5080924,0.85837066,0.7349932,0.0,0.0,0.890688,1.040329,1.7386107,0.0,2018-12-20,16,0.2,True,100,5,32,True
0.5574378,0.7269557,0.0,1.091007,0.0,0.0,0.0,1.5085936,0.8630589,0.7392076,0.0,0.0016717538,0.8896661,1.0276875,1.7248223,0.0,2018-12-21,16,0.2,True,100,5,32,True
0.554841,0.7298591,0.0,1.0999384,0.0,0.0,0.0,1.5106255,0.8671857,0.7465901,0.0,0.012568701,0.8895206,1.0169384,1.7139004,0.0,2018-12-24,16,0.2,True,100,5,32,True
0.5495258,0.7283715,0.0,1.10543,0.0,0.0,0.0,1.5109994,0.8665403,0.7523592,0.0,0.021845467,0.8903657,1.0053726,1.7037665,0.0,2018-12-26,16,0.2,True,100,5,32,True
0.5472804,0.7213701,0.0,1.1092455,0.0,0.0,0.0,1.511767,0.8617408,0.75728726,0.0,0.031703144,0.89686143,0.9915334,1.6960665,0.0,2018-12-27,16,0.2,True,100,5,32,True
0.5407957,0.71799016,0.0,1.1193013,0.0,0.0,0.0,1.5131981,0.857274,0.77154243,0.0,0.054507155,0.90167695,0.9866616,1.6952814,0.0,2018-12-28,16,0.2,True,100,5,32,True
0.5354657,0.7185539,0.0,1.1263354,0.0,0.0,0.0,1.5084726,0.85006666,0.7767299,0.0,0.07381282,0.9073986,0.97040504,1.6840025,0.0,2019-01-02,16,0.2,True,100,5,32,True
0.5330863,0.7157697,0.0,1.1284509,0.0,0.0,0.0,1.504418,0.8413568,0.7782414,0.0,0.08870278,0.91881335,0.9500396,1.6766558,0.0,2019-01-03,16,0.2,True,100,5,32,True
0.53126204,0.7161751,0.0,1.1322088,0.0,0.0,0.0,1.501694,0.8331838,0.7785906,0.0,0.10238284,0.93266743,0.92723066,1.6691327,0.0,2019-01-04,16,0.2,True,100,5,32,True
0.53163767,0.70945376,0.0,1.1303662,0.0,0.0,0.0,1.506696,0.82911336,0.77894753,0.0,0.11199848,0.94936347,0.9084915,1.6713842,0.0,2019-01-07,16,0.2,True,100,5,32,True
0.5349212,0.6960318,0.0,1.1199709,0.0,0.0,0.0,1.514344,0.82594526,0.77321357,0.0,0.11114949,0.96773213,0.891071,1.6790315,0.0,2019-01-08,16,0.2,True,100,5,32,True
0.5415335,0.68242764,0.0,1.1123015,0.0,0.0,0.0,1.5253456,0.8267739,0.76652557,0.0,0.10748509,0.99121684,0.8721233,1.6875931,0.0,2019-01-09,16,0.2,True,100,5,32,True
0.5490763,0.66739327,0.0,1.1012454,0.0,0.0,0.0,1.5377285,0.8297156,0.7595507,0.0,0.10217009,1.0110323,0.86008084,1.7001737,0.0,2019-01-10,16,0.2,True,100,5,32,True
0.5591661,0.64130694,0.0,1.07852,0.0,0.0,0.0,1.5511582,0.83049136,0.7470886,0.0,0.09032576,1.0341735,0.84721076,1.7176552,0.0,2019-01-11,16,0.2,True,100,5,32,True
0.572442,0.61226743,0.0,1.0501616,0.0,0.0,0.0,1.564994,0.83271563,0.7319407,0.0,0.07738414,1.0589229,0.8362381,1.738571,0.0,2019-01-14,16,0.2,True,100,5,32,True
0.5846926,0.5840983,0.0,1.0257165,0.0,0.0,0.0,1.5783535,0.8352115,0.71847004,0.0,0.0666561,1.0832882,0.8263132,1.7596958,0.0,2019-01-15,16,0.2,True,100,5,32,True
0.58931136,0.5610045,0.0,0.99846995,0.0,0.0,0.0,1.5815667,0.834423,0.70543694,0.0,0.055519108,1.0937544,0.8210499,1.7723846,0.0,2019-01-16,16,0.2,True,100,5,32,True
0.59701073,0.5440214,0.010510868,0.97595626,0.0,0.0,0.0,1.5821294,0.83589697,0.6892592,0.0,0.04260102,1.1007332,0.8154874,1.7805346,0.0,2019-01-17,16,0.2,True,100,5,32,True
0.60411215,0.53312886,0.0351138,0.9567331,0.0,0.0,0.0,1.5825441,0.8409057,0.6801341,0.0,0.034465235,1.103532,0.8173399,1.7910832,0.0,2019-01-18,16,0.2,True,100,5,32,True
0.6140988,0.52406913,0.061037585,0.9389636,0.0,0.0,0.0,1.5833325,0.8478839,0.66945827,0.0,0.024754768,1.1051414,0.8208171,1.8021948,0.0,2019-01-21,16,0.2,True,100,5,32,True
0.6260867,0.5100542,0.08983321,0.91775715,0.0,0.0,0.0,1.5824908,0.85207975,0.6562714,0.0,0.012745943,1.1094775,0.82336605,1.8148148,0.0,2019-01-22,16,0.2,True,100,5,32,True
0.6369424,0.49735165,0.11731719,0.8945227,0.0,0.0,0.0,1.5742958,0.8510369,0.63600665,0.0,0.0,1.110857,0.82248825,1.8192357,0.0,2019-01-23,16,0.2,True,100,5,32,True
0.65113395,0.48669508,0.14411181,0.8765118,0.0,0.0,0.0,1.5724099,0.855985,0.6175804,0.0,0.0,1.1170179,0.82274675,1.8287675,0.0,2019-01-24,16,0.2,True,100,5,32,True
0.6600727,0.4830476,0.17034826,0.85945845,0.0,0.0,0.0,1.565866,0.8606028,0.60436964,0.0,0.0,1.1138414,0.83129776,1.8365097,0.0,2019-01-25,16,0.2,True,100,5,32,True
0.6702225,0.47447935,0.20365238,0.83540505,0.0,0.0,0.0,1.5567231,0.862497,0.58840007,0.0,0.0,1.1080327,0.8419623,1.845679,0.0,2019-01-28,16,0.2,True,100,5,32,True
0.6932114,0.45549726,0.24099961,0.8132727,0.0,0.0,0.0,1.5602741,0.8702486,0.56566924,0.0,0.0,1.1196241,0.8439938,1.8656963,0.0,2019-01-29,16,0.2,True,100,5,32,True
0.7171409,0.429315,0.28232208,0.78642696,0.0,0.0,0.0,1.565041,0.87861496,0.54301137,0.0,0.0,1.1374397,0.8446011,1.8909631,0.0,2019-01-30,16,0.2,True,100,5,32,True
0.72816294,0.41215676,0.322369,0.75587857,0.0,0.0,0.0,1.5534651,0.8778307,0.5232729,0.0,0.0,1.1384135,0.85400254,1.9042329,0.0,2019-01-31,16,0.2,True,100,5,32,True
0.7399485,0.39804637,0.3612955,0.72947955,0.0,0.0,0.0,1.5418358,0.877804,0.50463355,0.0,0.0,1.1420962,0.8609511,1.9167327,0.0,2019-02-01,16,0.2,True,100,5,32,True
0.73459166,0.4059963,0.38386363,0.7157508,0.0,0.0,0.0,1.5162051,0.8691775,0.50012547,0.0,0.0,1.1216393,0.87720466,1.9038275,0.0,2019-02-07,16,0.2,True,100,5,32,True
0.73577553,0.4057016,0.4054638,0.70704067,0.0,0.0,0.0,1.5031579,0.8680731,0.49898583,0.0,0.0,1.1116115,0.887542,1.894039,0.0,2019-02-08,16,0.2,True,100,5,32,True
0.72693497,0.41064513,0.41765285,0.70256394,0.0,0.0,0.0,1.4856619,0.8640401,0.5025835,0.0,0.0,1.0941738,0.8979874,1.8756181,0.0,2019-02-11,16,0.2,True,100,5,32,True
0.7158427,0.42310417,0.41848913,0.70660067,0.0,0.0,0.0,1.467234,0.861215,0.50670207,0.0,0.0,1.0732124,0.90404207,1.8480514,0.0,2019-02-12,16,0.2,True,100,5,32,True
0.70010287,0.44574994,0.4097667,0.71747845,0.0,0.0,0.0,1.4439058,0.85806036,0.5150945,0.0,0.0,1.0446678,0.91061145,1.8125172,0.0,2019-02-13,16,0.2,True,100,5,32,True
0.68762285,0.46697122,0.40040144,0.7288012,0.0,0.0,0.0,1.4243644,0.85961306,0.5251697,0.0,0.0,1.0173562,0.9169207,1.781013,0.0,2019-02-14,16,0.2,True,100,5,32,True
0.68211544,0.480547,0.39822102,0.7328789,0.0,0.0,0.0,1.4066831,0.8637174,0.52705884,0.0,0.0,0.9903766,0.9188319,1.7513468,0.0,2019-02-15,16,0.2,True,100,5,32,True
0.66987276,0.49324557,0.3954721,0.73534095,0.0,0.0,0.0,1.3855859,0.86531687,0.5380893,0.0,0.0,0.95938545,0.9293972,1.7275225,0.0,2019-02-18,16,0.2,True,100,5,32,True
0.6593108,0.5104147,0.3867807,0.74279416,0.0,0.0,0.0,1.3638202,0.8703761,0.5511215,0.0,0.0,0.92230654,0.94318366,1.7019472,0.0,2019-02-19,16,0.2,True,100,5,32,True
0.65554947,0.5157159,0.38557988,0.7439218,0.0,0.0,0.0,1.3472481,0.87309265,0.55574256,0.0,0.0,0.8992492,0.94799465,1.6825907,0.0,2019-02-20,16,0.2,True,100,5,32,True
0.65295833,0.5186495,0.38514915,0.7440558,0.0,0.0,0.0,1.3326169,0.8791114,0.5636021,0.0,0.0,0.87457186,0.9570466,1.66819,0.0,2019-02-21,16,0.2,True,100,5,32,True
0.6479563,0.5285666,0.37682313,0.751192,0.0,0.0,0.0,1.3112415,0.88486624,0.57788473,0.0,0.0,0.8391533,0.97236204,1.6493669,0.0,2019-02-22,16,0.2,True,100,5,32,True
0.6504763,0.53330326,0.378359,0.7532785,0.0,0.0,0.0,1.2969353,0.89246035,0.5845003,0.0,0.0,0.82020366,0.97954327,1.6371647,0.0,2019-02-25,16,0.2,True,100,5,32,True
0.6523651,0.53731656,0.3786993,0.75438744,0.0,0.0,0.0,1.2829242,0.90025246,0.5913925,0.0,0.0,0.7991451,0.98708284,1.6246017,0.0,2019-02-26,16,0.2,True,100,5,32,True
0.65167034,0.54827225,0.37190974,0.76341736,0.0,0.0,0.0,1.2681127,0.9110564,0.6053754,0.0,0.0,0.77279776,1.0009066,1.6126442,0.0,2019-02-27,16,0.2,True,100,5,32,True
0.65488636,0.5609733,0.3662965,0.7744114,0.0,0.0,0.0,1.2561746,0.9246239,0.6165505,0.0,0.0,0.7547931,1.0066681,1.5992489,0.0,2019-02-28,16,0.2,True,100,5,32,True
0.65972096,0.56648624,0.36030757,0.7830524,0.0,0.0,0.0,1.2467905,0.9338003,0.62534356,0.0,0.0,0.7455555,1.0043225,1.5840619,0.0,2019-03-04,16,0.2,True,100,5,32,True
0.6599342,0.5625177,0.3570802,0.7849212,0.0,0.0,0.0,1.2384107,0.9396625,0.6346166,0.0,0.0,0.7378224,1.0017886,1.5763845,0.0,2019-03-05,16,0.2,True,100,5,32,True
0.6566416,0.558075,0.35099918,0.78971606,0.0,0.0,0.0,1.2316031,0.94444096,0.6492557,0.0,0.0,0.72976595,1.0053197,1.5765939,0.0,2019-03-06,16,0.2,True,100,5,32,True
0.6538348,0.5465479,0.3477119,0.7907561,0.0,0.0,0.0,1.229349,0.9470884,0.66259,0.0,0.0,0.7282221,1.0087147,1.5853435,0.0,2019-03-07,16,0.2,True,100,5,32,True
0.6493131,0.54170233,0.33779758,0.7972933,0.0,0.0,0.0,1.2250065,0.9451529,0.6751264,0.0,0.0,0.7272609,1.011953,1.5902009,0.0,2019-03-08,16,0.2,True,100,5,32,True
0.6477503,0.53136003,0.3292142,0.8029757,0.0,0.0,0.0,1.2266567,0.94150406,0.68830603,0.0,0.0,0.7368954,1.0128444,1.6022829,0.0,2019-03-11,16,0.2,True,100,5,32,True
0.6433298,0.51593566,0.32198846,0.80577433,0.0,0.0,0.0,1.2307161,0.9345197,0.701621,0.0,0.010449257,0.74992514,1.0142926,1.618595,0.0,2019-03-12,16,0.2,True,100,5,32,True
0.64044595,0.5005325,0.3186447,0.80847776,0.0,0.0,0.0,1.2377949,0.9296768,0.714712,0.0,0.023542112,0.7669434,1.0157437,1.638589,0.0,2019-03-13,16,0.2,True,100,5,32,True
0.6355396,0.4789929,0.3188681,0.8057128,0.0,0.0,0.0,1.244109,0.91983426,0.7231837,0.0,0.032842733,0.78647304,1.0105836,1.6549726,0.0,2019-03-14,16,0.2,True,100,5,32,True
0.6360611,0.4547076,0.32896626,0.79929906,0.0,0.0,0.0,1.258051,0.9149833,0.7294582,0.0,0.035249967,0.81408316,1.0062809,1.6791741,0.0,2019-03-15,16,0.2,True,100,5,32,True
0.6494306,0.43076494,0.35573003,0.79141426,0.0,0.0,0.0,1.2846408,0.9250153,0.7374666,0.0,0.028370684,0.8511083,1.0120583,1.7220255,0.0,2019-03-18,16,0.2,True,100,5,32,True
0.65608823,0.4153076,0.37751254,0.7859749,0.0,0.0,0.0,1.3040295,0.9332969,0.7460815,0.0,0.021692675,0.8731636,1.023981,1.7563411,0.0,2019-03-19,16,0.2,True,100,5,32,True
0.6525773,0.4039053,0.38999018,0.7782436,0.0,0.0,0.0,1.3107936,0.92847383,0.7451158,0.0,0.012734957,0.88253766,1.0273503,1.7698722,0.0,2019-03-20,16,0.2,True,100,5,32,True
0.65361184,0.39551163,0.4035927,0.77204084,0.0,0.0,0.0,1.3194823,0.9274993,0.745411,0.0,0.0055474043,0.89338976,1.0336576,1.7882519,0.0,2019-03-21,16,0.2,True,100,5,32,True
0.64985245,0.3736413,0.42006183,0.75212336,0.0,0.0,0.0,1.3194937,0.9082394,0.7306524,0.0,0.0,0.907535,1.0241756,1.7936336,0.0,2019-03-22,16,0.2,True,100,5,32,True
0.65229183,0.37312686,0.43086135,0.7476143,0.0,0.0,0.0,1.3206564,0.90153855,0.7256773,0.0,0.0,0.9182115,1.0276544,1.8032645,0.0,2019-03-25,16,0.2,True,100,5,32,True
0.6534363,0.35186788,0.44656327,0.73170304,0.0,0.0,0.0,1.3246664,0.8843186,0.71383935,0.0,0.0,0.9412706,1.0191227,1.8155137,0.0,2019-03-26,16,0.2,True,100,5,32,True
0.6571732,0.32132202,0.4621126,0.7138546,0.0,0.0,0.0,1.3323783,0.8646516,0.69532907,0.0,0.0,0.9750918,0.9995346,1.8301114,0.0,2019-03-27,16,0.2,True,100,5,32,True
0.64358336,0.29854015,0.46996537,0.6977503,0.0,0.0,0.0,1.3293312,0.8397457,0.6894246,0.0,0.0,0.9904835,0.99303555,1.8374434,0.0,2019-03-28,16,0.2,True,100,5,32,True
0.63253486,0.2780342,0.47433707,0.68745553,0.0,0.0,0.0,1.3296325,0.81908286,0.6887274,0.0,0.0,1.0082343,0.98827034,1.8508551,0.0,2019-03-29,16,0.2,True,100,5,32,True
0.6212385,0.26290828,0.47589162,0.6798832,0.0,0.0,0.0,1.3284307,0.8006465,0.68943566,0.0,0.0,1.0190198,0.9871319,1.8641111,0.0,2019-04-01,16,0.2,True,100,5,32,True
0.6092414,0.24954946,0.4777976,0.6744128,0.0,0.0,0.0,1.3271444,0.78462994,0.68846655,0.0,0.0,1.0256623,0.98397934,1.8724055,0.0,2019-04-02,16,0.2,True,100,5,32,True
0.5979237,0.24061185,0.48091692,0.6700594,0.0,0.0,0.0,1.322819,0.77149856,0.6881672,0.0,0.0,1.0235043,0.9851597,1.878074,0.0,2019-04-03,16,0.2,True,100,5,32,True
0.5908355,0.24681062,0.48038027,0.67647773,0.0,0.0,0.0,1.316543,0.76652783,0.6905652,0.0,0.0,1.0127968,0.99394363,1.8770864,0.0,2019-04-04,16,0.2,True,100,5,32,True
0.58002484,0.2520734,0.47740588,0.6796538,0.0,0.0,0.0,1.3050467,0.7612808,0.69443524,0.0,0.0,0.99227047,1.002703,1.8710958,0.0,2019-04-05,16,0.2,True,100,5,32,True
0.5755536,0.24637198,0.48491976,0.6714024,0.0,0.0,0.0,1.2967817,0.75976557,0.6948754,0.0,0.0,0.9788249,1.0080866,1.8736962,0.0,2019-04-08,16,0.2,True,100,5,32,True
0.5819543,0.24571581,0.49781188,0.66705936,0.0,0.0,0.0,1.2935306,0.76760066,0.6969949,0.0,0.0,0.9751017,1.014631,1.882699,0.0,2019-04-09,16,0.2,True,100,5,32,True
0.5840692,0.24405019,0.50801325,0.6604738,0.0,0.0,0.0,1.2849406,0.770755,0.6974159,0.0,0.0,0.9653204,1.0204506,1.8843502,0.0,2019-04-10,16,0.2,True,100,5,32,True
0.5886729,0.24388194,0.5210955,0.65337306,0.0,0.0,0.0,1.2770383,0.77711433,0.6974117,0.0,0.0,0.9561659,1.0281817,1.8881559,0.0,2019-04-11,16,0.2,True,100,5,32,True
0.5934607,0.24533862,0.5331919,0.6484442,0.0,0.0,0.0,1.2706109,0.7866242,0.7016759,0.0,0.0,0.94600683,1.0421823,1.8962395,0.0,2019-04-12,16,0.2,True,100,5,32,True
0.60149854,0.2454032,0.54782647,0.6422733,0.0,0.0,0.0,1.2658058,0.7981328,0.7055805,0.0,0.0,0.9396328,1.0552223,1.9074244,0.0,2019-04-15,16,0.2,True,100,5,32,True
0.60801846,0.24887079,0.5611246,0.63719237,0.0,0.0,0.0,1.2583022,0.80923444,0.7092765,0.0,0.0,0.9266377,1.0727304,1.9149349,0.0,2019-04-16,16,0.2,True,100,5,32,True
0.6125886,0.25655812,0.5706963,0.63548595,0.0,0.0,0.0,1.2486935,0.82015723,0.71364385,0.0,0.0,0.9086992,1.0938364,1.919404,0.0,2019-04-17,16,0.2,True,100,5,32,True
0.6159721,0.2680618,0.5757902,0.6371713,0.0,0.0,0.0,1.2374368,0.83175045,0.7196878,0.0,0.0,0.8861523,1.1185665,1.9218935,0.0,2019-04-18,16,0.2,True,100,5,32,True
0.6171779,0.281304,0.5741197,0.6426259,0.0,0.0,0.0,1.2223647,0.84025556,0.7277145,0.0,0.0,0.8622036,1.1406027,1.9194261,0.0,2019-04-19,16,0.2,True,100,5,32,True
0.62946594,0.28420117,0.5846414,0.6399416,0.0,0.0,0.0,1.2155927,0.8509872,0.7296824,0.0,0.0,0.8628856,1.1473961,1.9282211,0.0,2019-04-22,16,0.2,True,100,5,32,True
0.6351022,0.28823686,0.58975106,0.6398156,0.0,0.0,0.0,1.2079606,0.8581013,0.7346405,0.0,0.0,0.8574775,1.1593055,1.9338647,0.0,2019-04-23,16,0.2,True,100,5,32,True
0.63975614,0.29276785,0.5940773,0.64057124,0.0,0.0,0.0,1.2013503,0.8655197,0.74040526,0.0,0.0,0.8524957,1.1717802,1.9405313,0.0,2019-04-24,16,0.2,True,100,5,32,True
0.64288336,0.29724926,0.59560186,0.6430409,0.0,0.0,0.0,1.195378,0.87177014,0.7473833,0.0,0.0,0.84780836,1.1836717,1.946491,0.0,2019-04-25,16,0.2,True,100,5,32,True
0.6428366,0.30866417,0.5900455,0.65244174,0.0,0.0,0.0,1.1868997,0.8770205,0.7570623,0.0,0.0,0.83761334,1.1989671,1.947516,0.0,2019-04-26,16,0.2,True,100,5,32,True
0.64315844,0.32019675,0.58379996,0.66309035,0.0,0.0,0.0,1.1809465,0.88266367,0.7674562,0.0,0.0,0.8313477,1.2131628,1.9509132,0.0,2019-04-29,16,0.2,True,100,5,32,True
0.64195967,0.32908627,0.5788905,0.669508,0.0,0.0,0.0,1.1760402,0.88610697,0.7729841,0.0,0.004447095,0.8256479,1.2203861,1.9518802,0.0,2019-04-30,16,0.2,True,100,5,32,True
0.6429709,0.33427578,0.57981503,0.67091364,0.0,0.0,0.0,1.1735985,0.8891219,0.7749346,0.0,0.0101438835,0.82543653,1.2256972,1.957677,0.0,2019-05-02,16,0.2,True,100,5,32,True
0.6419259,0.3396326,0.5799017,0.67479235,0.0,0.0,0.0,1.1737968,0.89220893,0.7786647,0.0,0.014763933,0.82750165,1.232457,1.9662502,0.0,2019-05-03,16,0.2,True,100,5,32,True
0.6451885,0.33534876,0.58624005,0.67485183,0.0,0.0,0.0,1.1819735,0.89668286,0.78260744,0.0,0.012455013,0.8431642,1.2340289,1.9846517,0.0,2019-05-07,16,0.2,True,100,5,32,True
0.64410913,0.32873753,0.58821,0.6774808,0.0,0.0,0.0,1.1914093,0.8943108,0.78568214,0.0,0.0074920207,0.86199737,1.2310232,1.9993918,0.0,2019-05-08,16,0.2,True,100,5,32,True
0.6491133,0.32072958,0.5941953,0.6824185,0.0,0.0,0.0,1.2088267,0.8972356,0.7896343,0.0,0.0,0.8922266,1.2247162,2.0207295,0.0,2019-05-09,16,0.2,True,100,5,32,True
0.6448412,0.31533,0.5861809,0.6946562,0.0,0.0,0.0,1.2242529,0.8896926,0.79630643,0.0,0.0,0.91686153,1.2217937,2.034538,0.0,2019-05-10,16,0.2,True,100,5,32,True
0.63444763,0.30865255,0.5735106,0.7046683,0.0,0.0,0.0,1.238532,0.8718665,0.79387206,0.0,0.0,0.943281,1.2076935,2.0390081,0.0,2019-05-13,16,0.2,True,100,5,32,True
0.6188597,0.30852097,0.5499863,0.7229976,0.0,0.0,0.0,1.2514898,0.851741,0.79618186,0.0,0.0,0.9642767,1.198294,2.0394335,0.0,2019-05-14,16,0.2,True,100,5,32,True
0.59678614,0.30918097,0.51789534,0.7431134,0.0,0.0,0.0,1.2623782,0.82702225,0.8002037,0.0,0.0,0.9810635,1.1871588,2.0354173,0.0,2019-05-15,16,0.2,True,100,5,32,True
0.5765383,0.3108724,0.48766044,0.76110995,0.0,0.0,0.0,1.2739633,0.804698,0.80267847,0.0,0.0,0.9981692,1.1738638,2.0334752,0.0,2019-05-16,16,0.2,True,100,5,32,True
0.55726916,0.30977693,0.4563282,0.77563876,0.0,0.0,0.0,1.2851183,0.78100896,0.802599,0.0,0.0,1.017251,1.1529193,2.028999,0.0,2019-05-17,16,0.2,True,100,5,32,True
0.53826874,0.30292588,0.4256727,0.7837636,0.0,0.0,0.0,1.296613,0.7545232,0.79911876,0.0,0.0,1.0389417,1.1248858,2.024709,0.0,2019-05-20,16,0.2,True,100,5,32,True
0.5174783,0.29828787,0.3915915,0.7942111,0.0,0.0,0.0,1.3069367,0.7286576,0.79882306,0.0,0.003986366,1.0555788,1.1010638,2.0190637,0.0,2019-05-21,16,0.2,True,100,5,32,True
0.49972296,0.29347667,0.36029887,0.80516845,0.0,0.0,0.0,1.3181156,0.70733833,0.80309856,0.0,0.011881735,1.0710268,1.0835242,2.0188699,0.0,2019-05-22,16,0.2,True,100,5,32,True
0.48594564,0.28517303,0.33345905,0.813899,0.0,0.0,0.0,1.329078,0.68664616,0.8053559,0.0,0.018634906,1.0931435,1.0576159,2.0183249,0.0,2019-05-23,16,0.2,True,100,5,32,True
0.47223222,0.26825646,0.31364012,0.8133694,0.0,0.0,0.0,1.3399441,0.66438574,0.80538416,0.0,0.021240475,1.1162893,1.030296,2.021048,0.0,2019-05-24,16,0.2,True,100,5,32,True
0.456482,0.24789602,0.29468387,0.8113085,0.0,0.0,0.0,1.350471,0.6421562,0.8092183,0.0,0.025735298,1.1374594,1.0069572,2.0265503,0.0,2019-05-27,16,0.2,True,100,5,32,True
0.437128,0.22976072,0.27257857,0.8104928,0.0,0.0,0.0,1.3571655,0.6188401,0.81549114,0.0,0.03425559,1.1519524,0.98842764,2.0297787,0.0,2019-05-28,16,0.2,True,100,5,32,True
0.41984245,0.21246362,0.25340572,0.8096004,0.0,0.0,0.0,1.3641876,0.5987557,0.82234937,0.0,0.043531295,1.166403,0.97144383,2.0351567,0.0,2019-05-29,16,0.2,True,100,5,32,True
0.40271452,0.19562025,0.23346275,0.80650675,0.0,0.0,0.0,1.366814,0.57550365,0.825403,0.0,0.051742755,1.1806955,0.9483237,2.034721,0.0,2019-05-30,16,0.2,True,100,5,32,True
0.383805,0.18252707,0.21202919,0.80439234,0.0,0.0,0.0,1.3663136,0.5526934,0.82929933,0.0,0.06294754,1.1887856,0.92890495,2.0315874,0.0,2019-05-31,16,0.2,True,100,5,32,True
0.36473718,0.17125233,0.19036892,0.80368006,0.0,0.0,0.0,1.3645258,0.5312732,0.8340302,0.0,0.07617721,1.1951878,0.90908015,2.026148,0.0,2019-06-03,16,0.2,True,100,5,32,True
0.34718293,0.16301872,0.17140818,0.8090045,0.0,0.0,0.0,1.3664345,0.51586294,0.83998626,0.0,0.089677975,1.2087487,0.88352406,2.0198216,0.0,2019-06-04,16,0.2,True,100,5,32,True
0.33242244,0.15735658,0.15468913,0.8197705,0.0,0.0,0.0,1.3749688,0.50881445,0.85235435,0.0,0.10601604,1.2243681,0.86294043,2.018422,0.0,2019-06-05,16,0.2,True,100,5,32,True
0.31341398,0.14995463,0.13716106,0.8267078,0.0,0.0,0.0,1.3810005,0.49875858,0.8606713,0.0,0.1169641,1.2366998,0.8373969,2.010375,0.0,2019-06-07,16,0.2,True,100,5,32,True
0.29551473,0.13809866,0.12369654,0.8312666,0.0,0.0,0.0,1.3902045,0.49137533,0.87061596,0.0,0.12582707,1.2495611,0.8154058,2.0075555,0.0,2019-06-10,16,0.2,True,100,5,32,True
0.27969912,0.12722358,0.11545922,0.8338388,0.0,0.0,0.0,1.3986869,0.48721603,0.8782811,0.0,0.1318418,1.2597034,0.79608023,2.0046365,0.0,2019-06-11,16,0.2,True,100,5,32,True
0.26696494,0.11901235,0.11255761,0.8339251,0.0,0.0,0.0,1.4048386,0.48539308,0.88194734,0.0,0.13409066,1.2669142,0.77783614,1.9988384,0.0,2019-06-12,16,0.2,True,100,5,32,True
0.2539355,0.120560944,0.10560331,0.8396232,0.0,0.0,0.0,1.4069712,0.4860579,0.8878945,0.0,0.13993405,1.2637639,0.7674625,1.9875778,0.0,2019-06-13,16,0.2,True,100,5,32,True
0.2489732,0.11414143,0.11021249,0.836238,0.0,0.0,0.0,1.4158415,0.49069774,0.8872845,0.0,0.13495721,1.2684891,0.7560387,1.9844295,0.0,2019-06-14,16,0.2,True,100,5,32,True
0.24863613,0.11012645,0.11757442,0.8307467,0.0,0.0,0.0,1.4253687,0.49597517,0.8814874,0.0,0.124113545,1.2753756,0.7446463,1.9806684,0.0,2019-06-17,16,0.2,True,100,5,32,True
0.24469541,0.1156866,0.11690019,0.83131915,0.0,0.0,0.0,1.4285383,0.4994249,0.87785816,0.0,0.11578992,1.2703056,0.7405368,1.9698644,0.0,2019-06-18,16,0.2,True,100,5,32,True
0.2415472,0.12856074,0.11106993,0.8382967,0.0,0.0,0.0,1.4305787,0.50452524,0.87565935,0.0,0.11127329,1.2612225,0.73919165,1.9553527,0.0,2019-06-19,16,0.2,True,100,5,32,True
0.23994713,0.14179249,0.10830741,0.84291464,0.0,0.0,0.0,1.4311476,0.51091516,0.87196136,0.0,0.104872435,1.2470174,0.74197197,1.9413092,0.0,2019-06-20,16,0.2,True,100,5,32,True
0.23631187,0.1592382,0.10137799,0.8534269,0.0,0.0,0.0,1.4299753,0.5196846,0.8747224,0.0,0.1062327,1.225393,0.75435203,1.9292258,0.0,2019-06-21,16,0.2,True,100,5,32,True
0.2379489,0.16706875,0.10337954,0.85334855,0.0,0.0,0.0,1.4288518,0.527108,0.86893815,0.0,0.09888375,1.2102345,0.75940406,1.918182,0.0,2019-06-24,16,0.2,True,100,5,32,True
0.23631604,0.18190096,0.09817273,0.85934407,0.0,0.0,0.0,1.4238747,0.53396636,0.8673835,0.0,0.098372355,1.1870648,0.77094775,1.9032482,0.0,2019-06-25,16,0.2,True,100,5,32,True
0.23903444,0.19192725,0.097820476,0.8592942,0.0,0.0,0.0,1.4178343,0.53945065,0.8604154,0.0,0.09352636,1.1679212,0.77754605,1.8883628,0.0,2019-06-26,16,0.2,True,100,5,32,True
0.24307407,0.1998363,0.09731317,0.8593255,0.0,0.0,0.0,1.411742,0.5439724,0.8539957,0.0,0.08965551,1.151585,0.7821622,1.8736131,0.0,2019-06-27,16,0.2,True,100,5,32,True
0.24776904,0.20415689,0.09891689,0.8584103,0.0,0.0,0.0,1.4069313,0.54872525,0.8494461,0.0,0.08697705,1.1386724,0.78674424,1.8625293,0.0,2019-06-28,16,0.2,True,100,5,32,True
0.2504862,0.20986393,0.09707892,0.8594816,0.0,0.0,0.0,1.3994318,0.5516039,0.84768045,0.0,0.088852465,1.1237154,0.7939202,1.8508521,0.0,2019-07-01,16,0.2,True,100,5,32,True
0.25440127,0.21098709,0.100917585,0.8543839,0.0,0.0,0.0,1.3961403,0.5572396,0.84445375,0.0,0.0898201,1.1175869,0.8012177,1.8522758,0.0,2019-07-02,16,0.2,True,100,5,32,True
0.2590427,0.21013652,0.10754749,0.8462738,0.0,0.0,0.0,1.3940316,0.56201273,0.8384535,0.0,0.08657242,1.1168044,0.8061487,1.8582904,0.0,2019-07-03,16,0.2,True,100,5,32,True
0.26527545,0.20368333,0.115501046,0.8365625,0.0,0.0,0.0,1.3942696,0.5641499,0.8327999,0.0,0.08245264,1.1265771,0.80468273,1.8699135,0.0,2019-07-04,16,0.2,True,100,5,32,True
0.26916236,0.20035289,0.12207154,0.83074796,0.0,0.0,0.0,1.3953367,0.56661564,0.830843,0.0,0.08181485,1.1363429,0.8068951,1.8841385,0.0,2019-07-05,16,0.2,True,100,5,32,True
0.27452675,0.19284678,0.13296741,0.8221893,0.0,0.0,0.0,1.3994933,0.56962734,0.8278388,0.0,0.078522876,1.151187,0.805584,1.9016883,0.0,2019-07-08,16,0.2,True,100,5,32,True
0.27402726,0.19238779,0.13083737,0.82189965,0.0,0.0,0.0,1.3980019,0.56566286,0.8280152,0.0,0.08233032,1.1632786,0.7999183,1.908611,0.0,2019-07-09,16,0.2,True,100,5,32,True
0.26918113,0.18448263,0.12336098,0.8228865,0.0,0.0,0.0,1.3966179,0.5565423,0.83313185,0.0,0.092246056,1.1796147,0.7903977,1.9166191,0.0,2019-07-10,16,0.2,True,100,5,32,True
0.26464343,0.16650435,0.119625285,0.8207422,0.0,0.0,0.0,1.3991288,0.54639363,0.84136134,0.0,0.10374696,1.2036041,0.7781122,1.9323988,0.0,2019-07-11,16,0.2,True,100,5,32,True
0.25979006,0.14638874,0.12089379,0.8160179,0.0,0.0,0.0,1.4024477,0.5370945,0.8496428,0.0,0.11410801,1.2278156,0.76691294,1.9507983,0.0,2019-07-12,16,0.2,True,100,5,32,True
0.25323483,0.12119331,0.12540995,0.80843407,0.0,0.0,0.0,1.4076455,0.5286023,0.8586915,0.0,0.122214735,1.2509402,0.7572461,1.9715081,0.0,2019-07-15,16,0.2,True,100,5,32,True
0.24383588,0.10183191,0.124861166,0.80648047,0.0,0.0,0.0,1.4097048,0.51928616,0.8707916,0.0,0.13502991,1.2690873,0.74943966,1.9869676,0.0,2019-07-16,16,0.2,True,100,5,32,True
0.23775664,0.07832792,0.13062316,0.8027899,0.0,0.0,0.0,1.4160022,0.5128905,0.88428575,0.0,0.14585449,1.2912652,0.74297017,2.0091581,0.0,2019-07-17,16,0.2,True,100,5,32,True
0.23100834,0.060967643,0.13234466,0.8019926,0.0,0.0,0.0,1.4177783,0.5035028,0.8954439,0.0,0.15733066,1.3121274,0.73131174,2.0219843,0.0,2019-07-18,16,0.2,True,100,5,32,True
0.22193739,0.04550408,0.13128762,0.8025541,0.0,0.0,0.0,1.4186591,0.4934086,0.9073713,0.0,0.17043515,1.3312162,0.71926063,2.0320354,0.0,2019-07-19,16,0.2,True,100,5,32,True
0.21365575,0.034397386,0.13204512,0.8039014,0.0,0.0,0.0,1.4205091,0.48642167,0.9177787,0.0,0.18242949,1.347503,0.70869124,2.0402143,0.0,2019-07-22,16,0.2,True,100,5,32,True
0.19991444,0.02818909,0.12659882,0.81050766,0.0,0.0,0.0,1.4177055,0.47892055,0.93382674,0.0,0.20029369,1.3528283,0.7045683,2.044217,0.0,2019-07-23,16,0.2,True,100,5,32,True
0.18741162,0.016268617,0.12434726,0.8147269,0.0,0.0,0.0,1.4180499,0.4738488,0.95078325,0.0,0.2173452,1.3587472,0.70137,2.0512254,0.0,2019-07-24,16,0.2,True,100,5,32,True
0.17428195,0.0065332046,0.11938423,0.81882775,0.0,0.0,0.0,1.4138488,0.46652144,0.96543455,0.0,0.235197,1.3617623,0.69645137,2.0525765,0.0065161157,2019-07-25,16,0.2,True,100,5,32,True
0.16358155,0.0,0.11234358,0.8269802,0.0,0.0,0.0,1.4111093,0.46035528,0.9831593,0.0,0.2585055,1.3697412,0.68922055,2.0552828,0.018766485,2019-07-26,16,0.2,True,100,5,32,True
0.1567963,0.0,0.11201069,0.82623225,0.0,0.0,0.0,1.411249,0.45192376,0.9967509,0.0,0.27789524,1.3898692,0.6738248,2.0635064,0.03199411,2019-07-29,16,0.2,True,100,5,32,True
0.14699295,0.0,0.106521554,0.8233469,0.0,0.0,0.0,1.4075253,0.43621314,1.0082076,0.0,0.2969988,1.41333,0.6502315,2.0663552,0.048245452,2019-07-30,16,0.2,True,100,5,32,True
0.13619603,0.0,0.09610207,0.8244147,0.0,0.0,0.0,1.4028046,0.42009497,1.0210826,0.0,0.3206589,1.4360218,0.62391996,2.063226,0.06604261,2019-07-31,16,0.2,True,100,5,32,True
0.12466633,0.0,0.08420028,0.8257104,0.0,0.0,0.0,1.401898,0.40483293,1.0349399,0.0,0.3448644,1.4605008,0.5950648,2.0601916,0.08330426,2019-08-01,16,0.2,True,100,5,32,True
0.111003295,0.0,0.06938041,0.8293361,0.0,0.0,0.0,1.4061788,0.39021498,1.0480077,0.0,0.37026903,1.4975332,0.5549038,2.0558395,0.10030127,2019-08-02,16,0.2,True,100,5,32,True
0.09570326,0.0,0.0527726,0.83547485,0.0,0.023670219,0.0,1.4169385,0.37889442,1.0642443,0.0,0.40049967,1.545376,0.5092992,2.0564804,0.1170205,2019-08-05,16,0.2,True,100,5,32,True
0.08162142,0.0,0.03415992,0.8399472,0.0,0.06950755,0.0,1.4281417,0.36823648,1.0739467,0.0,0.430519,1.600725,0.45046467,2.0507987,0.13538647,2019-08-06,16,0.2,True,100,5,32,True
0.06381492,0.0,0.013941266,0.84747213,0.0,0.108552784,0.0,1.4467995,0.35791835,1.0944989,0.0,0.46558705,1.659609,0.39673734,2.0576324,0.15544915,2019-08-07,16,0.2,True,100,5,32,True
0.044265762,0.0,0.0,0.8536232,0.0,0.15015525,0.0,1.4687924,0.34629422,1.1168752,0.0,0.50068027,1.722278,0.34334862,2.0698261,0.17618118,2019-08-08,16,0.2,True,100,5,32,True
0.022364922,0.0,0.0,0.8590322,0.0,0.19212842,0.0,1.4922274,0.3341609,1.1405462,0.0,0.5339189,1.7824601,0.29499906,2.085582,0.19670624,2019-08-09,16,0.2,True,100,5,32,True
0.0021961275,0.0,0.0,0.8622526,0.0,0.23689568,0.0,1.5144292,0.32189554,1.1606392,0.0,0.5617644,1.8404413,0.24834879,2.1003315,0.21658738,2019-08-12,16,0.2,True,100,5,32,True
0.0,0.0,0.0,0.87796533,0.00040350668,0.26868957,0.0,1.5280738,0.30927175,1.1886457,0.0,0.59859985,1.8786668,0.21436545,2.1069932,0.23729187,2019-08-13,16,0.2,True,100,5,32,True
0.0,0.0,0.0,0.8888474,0.029574871,0.30286017,0.0,1.5455925,0.29673544,1.2115494,0.0,0.6293441,1.9224687,0.17962325,2.1161225,0.2560367,2019-08-14,16,0.2,True,100,5,32,True
0.0,0.0,0.0,0.8984771,0.069668666,0.35250327,0.0,1.5632772,0.28546113,1.2217119,0.0,0.65260696,1.9757744,0.13555078,2.1150696,0.27351293,2019-08-16,16,0.2,True,100,5,32,True
0.0,0.0,0.0,0.9044073,0.1016066,0.39448112,0.0,1.5825919,0.27211875,1.237481,0.0,0.67134285,2.0251925,0.10048094,2.1228907,0.2914199,2019-08-19,16,0.2,True,100,5,32,True
0.0,0.0,0.0,0.91660696,0.12948874,0.42843145,0.0044138525,1.5998511,0.26131922,1.2574202,0.0,0.69092834,2.065555,0.075694464,2.1314821,0.30894876,2019-08-20,16,0.2,True,100,5,32,True
0.0,0.0,0.0,0.9266979,0.14946848,0.45637944,0.013045139,1.6167116,0.25180277,1.2781864,0.0,0.7043871,2.1006377,0.058728836,2.1442897,0.32488814,2019-08-21,16,0.2,True,100,5,32,True
0.0,0.0,0.0,0.9327975,0.16383407,0.48254228,0.013540206,1.6383855,0.244772,1.2957383,0.0,0.7097028,2.1382542,0.044721592,2.1629453,0.33719364,2019-08-22,16,0.2,True,100,5,32,True
0.0,0.0,0.0,0.940353,0.1734781,0.5019801,0.013762238,1.6588662,0.23908685,1.3154974,0.0,0.71412575,2.1699212,0.036601402,2.183755,0.34785205,2019-08-23,16,0.2,True,100,5,32,True
0.0,0.0,0.0,0.9432544,0.1807749,0.521296,0.01046687,1.6792291,0.23334518,1.3327014,0.0,0.71419424,2.20335,0.02794642,2.2066808,0.35747284,2019-08-26,16,0.2,True,100,5,32,True
0.0,0.0,0.011168876,0.94625133,0.19594496,0.5484677,0.010758583,1.6946548,0.22688763,1.343759,0.0,0.7150644,2.2411363,0.011117591,2.2213583,0.36779252,2019-08-27,16,0.2,True,100,5,32,True
0.0,0.0,0.018865945,0.95321304,0.20777765,0.56771576,0.015278389,1.7062227,0.22037649,1.3611155,0.0,0.71962374,2.269736,0.0018780418,2.237045,0.3791258,2019-08-28,16,0.2,True,100,5,32,True
0.0,0.0,0.024871577,0.96249217,0.21880397,0.58479625,0.020690823,1.7191883,0.21553627,1.3782305,0.0,0.72576135,2.2974124,0.0,2.2526884,0.39033464,2019-08-29,16,0.2,True,100,5,32,True
0.0,0.0,0.03203308,0.97143906,0.22781202,0.6002193,0.024617821,1.7327756,0.21193032,1.3957796,0.0,0.7308088,2.32445,0.0,2.270327,0.4003626,2019-08-30,16,0.2,True,100,5,32,True
0.0,0.0,0.03764638,0.98334146,0.233194,0.60955733,0.03070553,1.7439499,0.20961341,1.414853,0.0,0.7356869,2.3414872,0.0,2.2856894,0.41010183,2019-09-02,16,0.2,True,100,5,32,True
0.0,0.0,0.043503553,0.995084,0.2333355,0.61231756,0.036485486,1.7534119,0.20848988,1.4332573,0.0,0.7385749,2.3491719,0.0,2.2999477,0.41916046,2019-09-03,16,0.2,True,100,5,32,True
0.0,0.0,0.050804466,1.0042427,0.23371351,0.61747396,0.041820005,1.7581187,0.20770687,1.4446639,0.0,0.7383048,2.3540668,0.0041069817,2.3077772,0.42779338,2019-09-04,16,0.2,True,100,5,32,True
0.0,0.0,0.05483646,1.0161377,0.23319298,0.62010646,0.04921936,1.7612118,0.20838103,1.4548935,0.0,0.73968244,2.353833,0.01407061,2.3117743,0.4358565,2019-09-05,16,0.2,True,100,5,32,True
0.0,0.0,0.06344363,1.0238123,0.22804871,0.6201221,0.053043853,1.7639058,0.2086626,1.4633998,0.0,0.73704153,2.3519394,0.027218716,2.3176131,0.44325262,2019-09-06,16,0.2,True,100,5,32,True
0.0,0.0,0.075745314,1.0249898,0.21933475,0.6189021,0.052204613,1.7660006,0.20866536,1.4672761,0.0,0.73036486,2.3504066,0.039773107,2.32461,0.44933504,2019-09-09,16,0.2,True,100,5,32,True
0.0,0.0,0.088142246,1.0225064,0.20743927,0.6142849,0.049489718,1.7666849,0.20957914,1.4682293,0.0,0.7225602,2.3456104,0.052695647,2.331482,0.4543682,2019-09-10,16,0.2,True,100,5,32,True
0.0,0.0,0.10184607,1.0185262,0.19286004,0.6078264,0.04601679,1.7639452,0.21139385,1.4685794,0.0,0.71256095,2.3365648,0.06773786,2.3382432,0.45832965,2019-09-11,16,0.2,True,100,5,32,True
0.0,0.0,0.119214445,1.0115182,0.17472768,0.6002908,0.038862918,1.7613839,0.21501336,1.4673468,0.0,0.6992388,2.3262856,0.084485106,2.3478715,0.4605871,2019-09-16,16,0.2,True,100,5,32,True
0.0,0.0,0.13042554,1.0097117,0.15866154,0.5916997,0.037259366,1.7522899,0.21994504,1.4646782,0.0,0.6882406,2.3066514,0.10370009,2.348406,0.4616973,2019-09-17,16,0.2,True,100,5,32,True
0.0,0.0,0.13478705,1.0086383,0.14332625,0.579374,0.038126808,1.7369986,0.22637789,1.4578512,0.0,0.6798494,2.2775295,0.123528175,2.3395135,0.45898587,2019-09-18,16,0.2,True,100,5,32,True
0.0,0.0,0.13785744,1.0077368,0.12793091,0.56707317,0.037782304,1.7207737,0.23391558,1.4480237,0.0,0.6724353,2.2465656,0.14219166,2.3269048,0.45559028,2019-09-19,16,0.2,True,100,5,32,True
0.0,0.0,0.1436033,0.99880856,0.110615976,0.55383945,0.032491256,1.705768,0.2414258,1.4338404,0.0,0.6617818,2.2183492,0.15839161,2.3153276,0.44953376,2019-09-20,16,0.2,True,100,5,32,True
0.0,0.0,0.15932682,0.9820151,0.09338424,0.5470726,0.01971146,1.695652,0.24775636,1.414039,0.0,0.6434773,2.1995885,0.17074756,2.3082798,0.4440563,2019-09-23,16,0.2,True,100,5,32,True
0.0,0.0,0.17977047,0.9588406,0.07610249,0.5453938,0.0012026399,1.6870737,0.2546017,1.3906183,0.0,0.6219646,2.1871915,0.17762496,2.304523,0.43739706,2019-09-24,16,0.2,True,100,5,32,True
0.0,0.0,0.199433,0.93717045,0.05925986,0.54393804,0.0,1.6774364,0.26089606,1.3712196,0.0,0.602332,2.174009,0.18607488,2.3022246,0.4319067,2019-09-25,16,0.2,True,100,5,32,True
0.0,0.0,0.21480018,0.9166788,0.049646363,0.5483937,0.0,1.6655642,0.26552856,1.3512635,0.0,0.58546114,2.1657512,0.18758944,2.2949216,0.4256492,2019-09-26,16,0.2,True,100,5,32,True
0.0,0.0,0.23227903,0.8969035,0.039537866,0.55327374,0.0,1.6527357,0.26882938,1.3367206,0.0,0.56801337,2.1596816,0.19023293,2.2922826,0.4204376,2019-09-27,16,0.2,True,100,5,32,True
0.0,0.0,0.24126458,0.8785495,0.030893594,0.5519163,0.0,1.6401799,0.27040282,1.3243976,0.0,0.55555415,2.151391,0.1912026,2.2879095,0.412759,2019-09-30,16,0.2,True,100,5,32,True
0.0,0.0,0.24011591,0.8656967,0.022516772,0.5392936,0.0,1.6226085,0.2697145,1.3158823,0.0,0.5510861,2.1293008,0.19829953,2.2777016,0.4042526,2019-10-01,16,0.2,True,100,5,32,True
0.0,0.0,0.2404359,0.8552308,0.01251328,0.5285714,0.0,1.604219,0.2698219,1.3075877,0.0,0.5488273,2.1059704,0.20876125,2.2689414,0.39997005,2019-10-02,16,0.2,True,100,5,32,True
0.0,0.0,0.23858097,0.846181,0.0017325785,0.51694715,0.0,1.5855491,0.26840115,1.3020768,0.0,0.5503619,2.0853522,0.21959032,2.2645433,0.3979264,2019-10-04,16,0.2,True,100,5,32,True
0.0,0.0,0.2346763,0.83795303,0.0,0.5067953,0.0,1.5692693,0.2652987,1.2964903,0.0,0.55417776,2.0713522,0.22554916,2.2613673,0.3978766,2019-10-07,16,0.2,True,100,5,32,True
0.0,0.0,0.22720572,0.8321732,0.0,0.4945025,0.0,1.5549053,0.26148748,1.2926465,0.0,0.56145954,2.0583386,0.23027503,2.2587779,0.3989931,2019-10-08,16,0.2,True,100,5,32,True
0.0,0.0,0.22265044,0.82978034,0.0,0.49148226,0.0,1.5427507,0.25810415,1.2849841,0.0,0.56882536,2.0513039,0.22888197,2.2533834,0.40260357,2019-10-10,16,0.2,True,100,5,32,True
0.0,0.0,0.21732798,0.8256621,0.0,0.48806676,0.0,1.533078,0.25462028,1.2779438,0.0,0.57621884,2.046412,0.22612491,2.248598,0.40531823,2019-10-11,16,0.2,True,100,5,32,True
0.0,0.0,0.21802336,0.8151472,0.0,0.49221012,0.0,1.5274898,0.2535097,1.2659336,0.0,0.5768116,2.0497992,0.2173818,2.2446153,0.40391114,2019-10-14,16,0.2,True,100,5,32,True
0.0,0.0,0.22277936,0.8107084,0.0,0.4937511,0.0,1.5231045,0.2519654,1.2602342,0.0,0.5760178,2.047455,0.2176663,2.2450955,0.405934,2019-10-15,16,0.2,True,100,5,32,True
0.0,0.0,0.22363144,0.8115055,0.0,0.48998812,0.0,1.5178396,0.25042027,1.2568474,0.0,0.5779612,2.0382614,0.22183332,2.2442398,0.4082442,2019-10-16,16,0.2,True,100,5,32,True
0.0,0.0,0.21905741,0.8212514,0.0,0.48583567,0.0,1.5092361,0.2486448,1.2537352,0.0,0.5850811,2.0237007,0.22588488,2.2366312,0.4138114,2019-10-17,16,0.2,True,100,5,32,True
0.0,0.0,0.21761641,0.82810014,0.0,0.48067042,0.0,1.5065145,0.24902323,1.254637,0.0,0.5888408,2.0149736,0.23286834,2.236312,0.41820446,2019-10-18,16,0.2,True,100,5,32,True
0.0,0.0,0.21349952,0.8359275,0.0,0.47576836,0.0,1.502937,0.24883878,1.2555988,0.0,0.5937072,2.0067236,0.23851342,2.234847,0.42281893,2019-10-21,16,0.2,True,100,5,32,True
0.0,0.0,0.20981732,0.839724,0.0,0.47120434,0.0,1.501827,0.24993494,1.2549502,0.0,0.59634215,2.0021622,0.24220547,2.234798,0.4242189,2019-10-22,16,0.2,True,100,5,32,True
0.0,0.0,0.21149471,0.83894736,0.0,0.46753815,0.0,1.5053061,0.25282335,1.2552257,0.0,0.59362346,2.0021052,0.24776646,2.240721,0.4236881,2019-10-23,16,0.2,True,100,5,32,True
0.0,0.0,0.20896244,0.8398142,0.0,0.46137783,0.0,1.5042734,0.2536695,1.2556041,0.0,0.59351647,1.9964933,0.2531293,2.2414472,0.42393592,2019-10-24,16,0.2,True,100,5,32,True
0.0,0.0,0.20549572,0.8407628,0.0,0.4539271,0.0,1.5009968,0.25415385,1.2544324,0.0,0.59450334,1.9873698,0.25826818,2.2393365,0.42412716,2019-10-25,16,0.2,True,100,5,32,True
0.0,0.0,0.20155829,0.84323424,0.0,0.44512016,0.0,1.4969456,0.25406393,1.2555135,0.0,0.59729284,1.9776877,0.26496714,2.2385554,0.42616034,2019-10-28,16,0.2,True,100,5,32,True
0.0,0.0,0.20429769,0.839589,0.0,0.4433499,0.0,1.496669,0.25500464,1.2538917,0.0,0.59594357,1.9780582,0.26815602,2.2415953,0.42778748,2019-10-29,16,0.2,True,100,5,32,True
0.0,0.0,0.2092846,0.8324028,0.0,0.44598994,0.0,1.4988838,0.2570394,1.2525119,0.0,0.5918645,1.9859747,0.26772016,2.2472672,0.42762393,2019-10-30,16,0.2,True,100,5,32,True
0.0,0.0,0.21818712,0.8259894,0.0,0.45795047,0.0,1.5032995,0.25872937,1.2511027,0.0,0.5871931,2.0040894,0.26146084,2.255814,0.42923298,2019-10-31,16,0.2,True,100,5,32,True
0.0,0.0,0.22690079,0.8218963,0.0,0.4685537,0.0,1.5066543,0.25950605,1.2530351,0.0,0.584622,2.0190167,0.25874197,2.2653453,0.43225574,2019-11-01,16,0.2,True,100,5,32,True
0.0,0.0,0.23392513,0.8220065,0.0,0.47535923,0.0,1.50461,0.25818887,1.2530575,0.0,0.5868697,2.0210383,0.26212332,2.2677205,0.43835017,2019-11-04,16,0.2,True,100,5,32,True
0.0,0.0,0.24515954,0.8176411,0.0,0.48308608,0.0,1.5029434,0.2600605,1.2477549,0.0,0.58377725,2.0211625,0.26552713,2.2675776,0.44174987,2019-11-05,16,0.2,True,100,5,32,True
0.0070811305,0.0,0.25843808,0.8109483,0.0,0.48779708,0.0,1.5016562,0.26422346,1.2421731,0.0,0.57694316,2.0176039,0.27244645,2.2681868,0.44252792,2019-11-06,16,0.2,True,100,5,32,True
0.015372036,0.0,0.2712985,0.80635685,0.0,0.49474552,0.0,1.4978861,0.26788688,1.2333214,0.0,0.5713914,2.012295,0.27846265,2.2640824,0.44436044,2019-11-07,16,0.2,True,100,5,32,True
0.01740418,0.0,0.28079584,0.8097561,0.0,0.4953015,0.0,1.490134,0.26986867,1.227805,0.0,0.5702859,1.996722,0.29076517,2.257735,0.450044,2019-11-08,16,0.2,True,100,5,32,True
0.022172999,0.0,0.28921536,0.80987483,0.0,0.49438408,0.0,1.4847479,0.27411988,1.2218727,0.0,0.5665664,1.98474,0.30125654,2.252928,0.45182997,2019-11-11,16,0.2,True,100,5,32,True
0.026057594,0.0,0.2942939,0.81178015,0.0,0.49296355,0.0,1.477062,0.27703846,1.2155731,0.0,0.5636963,1.9715878,0.3098277,2.2444575,0.45443156,2019-11-12,16,0.2,True,100,5,32,True
0.034088798,0.0,0.30164558,0.80957246,0.0,0.49702594,0.0,1.4724585,0.2818581,1.2050844,0.0,0.5571151,1.9656991,0.31299606,2.2360172,0.45424825,2019-11-13,16,0.2,True,100,5,32,True
0.04134118,0.0,0.30984604,0.8076673,0.0,0.5060172,0.0,1.4662535,0.28424212,1.194467,0.0,0.55026084,1.9639025,0.313081,2.2263677,0.45607322,2019-11-14,16,0.2,True,100,5,32,True
0.042292118,0.0,0.31112725,0.81474066,0.0,0.51086205,0.0,1.4555345,0.2843166,1.1868634,0.0,0.55174154,1.9531568,0.31471333,2.2113812,0.462427,2019-11-15,16,0.2,True,100,5,32,True
0.03871726,0.0,0.3089387,0.8265728,0.0,0.5059011,0.0,1.4412916,0.28436106,1.182442,0.0,0.5573295,1.9288794,0.32399645,2.1957273,0.47058952,2019-11-18,16,0.2,True,100,5,32,True
0.038778577,0.0,0.30615947,0.83646196,0.0,0.5032278,0.0,1.4280263,0.2861486,1.1736696,0.0,0.562777,1.9070027,0.3295591,2.178042,0.47736612,2019-11-19,16,0.2,True,100,5,32,True
0.03883688,0.0,0.3001601,0.84823585,0.0,0.49869403,0.001882164,1.4144338,0.28884616,1.1677868,0.0,0.57025266,1.884552,0.3347038,2.159696,0.4846356,2019-11-20,16,0.2,True,100,5,32,True
0.037463155,0.0,0.2878277,0.8617372,0.0,0.4894532,0.008922254,1.401158,0.2908753,1.165197,0.0,0.5808511,1.8619295,0.33952603,2.1416028,0.49053347,2019-11-21,16,0.2,True,100,5,32,True
0.03910189,0.0,0.2750096,0.8660132,0.0,0.48066065,0.015444073,1.3920069,0.28987443,1.1584836,0.0,0.58537936,1.8504312,0.3387094,2.1246924,0.49164212,2019-11-22,16,0.2,True,100,5,32,True
0.041912347,0.0,0.26143664,0.86691165,0.0,0.47128296,0.021176836,1.3868833,0.28841987,1.1523547,0.0,0.5879142,1.8434759,0.33525556,2.109582,0.4895672,2019-11-25,16,0.2,True,100,5,32,True
0.04350621,0.0,0.2538968,0.868349,0.0,0.46599427,0.02429577,1.3835034,0.28736198,1.1481184,0.0,0.58790576,1.8382499,0.33291018,2.0986216,0.48981073,2019-11-26,16,0.2,True,100,5,32,True
0.044937093,0.0,0.24866998,0.8667012,0.0,0.45846242,0.024769176,1.3825618,0.28692994,1.1465011,0.0,0.58525085,1.8334297,0.33333164,2.0927837,0.4879872,2019-11-27,16,0.2,True,100,5,32,True
0.048085444,0.0,0.2464203,0.8634017,0.0,0.45522445,0.024630232,1.382205,0.28683394,1.1433281,0.0,0.58134013,1.8321003,0.3317129,2.087778,0.48630166,2019-11-28,16,0.2,True,100,5,32,True
0.04707793,0.0,0.23822823,0.86456704,0.0,0.44419548,0.029611975,1.3777138,0.2853341,1.1439457,0.0,0.58215666,1.8207018,0.33390498,2.0791242,0.48602745,2019-11-29,16,0.2,True,100,5,32,True
0.046718482,0.0,0.22905776,0.86375785,0.0,0.43299663,0.034777217,1.3748103,0.28329632,1.1467985,0.0,0.58355194,1.8144621,0.33460513,2.0733607,0.48461184,2019-12-02,16,0.2,True,100,5,32,True
0.037867583,0.0,0.20789844,0.8722624,0.0,0.41454944,0.047249936,1.3703232,0.2793658,1.1567343,0.0,0.59195733,1.8028755,0.33473885,2.0630946,0.48337603,2019-12-03,16,0.2,True,100,5,32,True
0.024982706,0.0,0.1815708,0.88564175,0.0,0.39780927,0.059545208,1.3695226,0.27589116,1.168004,0.0,0.6028059,1.7960849,0.3288549,2.0519326,0.48095778,2019-12-04,16,0.2,True,100,5,32,True
0.013518117,0.0,0.15694389,0.8957637,0.0,0.38411292,0.06823639,1.3740616,0.27385285,1.1799504,0.0,0.6119672,1.7972411,0.31905732,2.0442295,0.47621158,2019-12-05,16,0.2,True,100,5,32,True
0.0021846946,0.0,0.13171545,0.90520656,0.0,0.37165642,0.07685018,1.3802726,0.27115428,1.1928995,0.0,0.621785,1.8012136,0.3070293,2.0366416,0.4705528,2019-12-06,16,0.2,True,100,5,32,True
0.0,0.0,0.10826124,0.91408384,0.0,0.35926098,0.0844391,1.3873076,0.26897892,1.2056886,0.0,0.6318416,1.804265,0.29608667,2.0304263,0.46477658,2019-12-09,16,0.2,True,100,5,32,True
0.0,0.0,0.08269864,0.9243189,0.0,0.34422565,0.09367228,1.39452,0.26807705,1.218158,0.0,0.6450599,1.8042068,0.28595006,2.022441,0.45755738,2019-12-10,16,0.2,True,100,5,32,True
0.0,0.0,0.05597815,0.9418183,0.0,0.32579994,0.10348539,1.4011829,0.26920515,1.2327937,0.0,0.6638142,1.797343,0.28130573,2.0174215,0.45262966,2019-12-11,16,0.2,True,100,5,32,True
0.0,0.0,0.032956675,0.95703334,0.0,0.30883077,0.10980853,1.4095235,0.2735061,1.2473923,0.0,0.68183583,1.7920535,0.27813494,2.0149915,0.4473989,2019-12-12,16,0.2,True,100,5,32,True
0.0,0.0,0.016865037,0.9688127,0.0,0.295532,0.11267041,1.4151279,0.27809253,1.2593212,0.0,0.69556296,1.7839216,0.2768465,2.0120354,0.44449267,2019-12-13,16,0.2,True,100,5,32,True
0.0,0.0,0.01069918,0.9739933,0.0,0.28555736,0.10930443,1.4209628,0.28449565,1.268716,0.0,0.7011157,1.7758155,0.2783546,2.0116382,0.44130757,2019-12-16,16,0.2,True,100,5,32,True
0.0,0.0,0.01095828,0.97089964,0.0,0.28073832,0.1000148,1.432547,0.29154176,1.2718441,0.0,0.6986944,1.7766994,0.27840343,2.0155184,0.43297648,2019-12-17,16,0.2,True,100,5,32,True
0.0,0.0,0.011593992,0.972158,0.0,0.27927837,0.09407234,1.4376098,0.29827905,1.2758332,0.0,0.6986184,1.7717141,0.2804495,2.0152712,0.42967647,2019-12-18,16,0.2,True,100,5,32,True
0.0,0.0,0.016829103,0.96924746,0.0,0.27643305,0.08527675,1.4409931,0.30638617,1.2807034,0.0,0.69735605,1.7650394,0.28511703,2.0180516,0.42747915,2019-12-19,16,0.2,True,100,5,32,True
0.0,0.0,0.027213665,0.9635766,0.0,0.27691948,0.07722763,1.4397638,0.31285706,1.2831964,0.0,0.69303304,1.7576993,0.2903772,2.020124,0.42877164,2019-12-20,16,0.2,True,100,5,32,True
0.0,0.0,0.040199257,0.95585334,0.0,0.27845138,0.0691461,1.4394301,0.3212838,1.2837356,0.0,0.689128,1.7526172,0.2962593,2.0246413,0.42959112,2019-12-23,16,0.2,True,100,5,32,True
0.0,0.0,0.051401585,0.95005935,0.0,0.28050488,0.06444658,1.4343265,0.3291107,1.2844546,0.0,0.6862879,1.7435989,0.30319408,2.025109,0.4307371,2019-12-24,16,0.2,True,100,5,32,True
0.0,0.0,0.06601914,0.9400018,0.0,0.28071138,0.055132996,1.4348361,0.337005,1.2851098,0.0,0.68016785,1.7412512,0.31164372,2.0354764,0.4283218,2019-12-26,16,0.2,True,100,5,32,True
0.0,0.0,0.07499005,0.9339327,0.0,0.27801323,0.05071573,1.4288545,0.34383565,1.2869298,0.0,0.67687166,1.730553,0.32164833,2.0388548,0.42601457,2019-12-27,16,0.2,True,100,5,32,True
0.0,0.0,0.088057466,0.9221274,0.0,0.2789377,0.04440692,1.4214727,0.34735504,1.2839698,0.0,0.6700104,1.7234167,0.32837498,2.0420904,0.42524326,2019-12-30,16,0.2,True,100,5,32,True
0.00041671097,0.0,0.094656765,0.9180367,0.0,0.28112924,0.04612174,1.4087183,0.34944707,1.2841802,0.0,0.67034954,1.713538,0.3345738,2.038109,0.4295027,2020-01-02,16,0.2,True,100,5,32,True
0.0018439051,0.0,0.09798153,0.9186996,0.0,0.27963883,0.0513595,1.3935071,0.35085884,1.2866452,0.0,0.6779463,1.7022822,0.34179643,2.0343087,0.43714422,2020-01-03,16,0.2,True,100,5,32,True
0.0078120586,0.0,0.10776396,0.9126897,0.0,0.28257287,0.056327745,1.3789799,0.3487034,1.2822533,0.0,0.679891,1.69778,0.34577197,2.0301058,0.4457547,2020-01-06,16,0.2,True,100,5,32,True
0.0149514675,0.0,0.120595396,0.90127945,0.0,0.2870527,0.06238092,1.367232,0.34172463,1.2754711,0.0,0.6772417,1.7017604,0.34804,2.0292299,0.4539957,2020-01-07,16,0.2,True,100,5,32,True
0.021984372,0.0,0.13316849,0.89310944,0.0,0.28832984,0.06990188,1.3585962,0.33688632,1.273664,0.0,0.67755276,1.7060375,0.35325286,2.0334537,0.46300304,2020-01-08,16,0.2,True,100,5,32,True
0.030863062,0.0,0.15003243,0.8772032,0.0,0.29375917,0.07781962,1.3551313,0.32656258,1.2683771,0.0,0.6706262,1.7232248,0.35476142,2.0426667,0.47022283,2020-01-09,16,0.2,True,100,5,32,True
0.036884956,0.0,0.16649255,0.866526,0.0,0.29883522,0.088907816,1.3495579,0.31613424,1.2673514,0.0,0.6670068,1.7352631,0.35885075,2.052127,0.4820278,2020-01-10,16,0.2,True,100,5,32,True
0.048074655,0.0,0.1902613,0.8516457,0.0,0.3100057,0.098329574,1.3482066,0.30845198,1.2654319,0.0,0.6601764,1.7555995,0.3599398,2.0673563,0.49590823,2020-01-13,16,0.2,True,100,5,32,True
0.059320204,0.0,0.21702918,0.8391724,0.0,0.32385954,0.10676209,1.347459,0.3060329,1.2680513,0.0,0.6545985,1.7747848,0.36282524,2.0872996,0.5112933,2020-01-14,16,0.2,True,100,5,32,True
0.07020904,0.0,0.24914816,0.82630163,0.0,0.34447044,0.11308748,1.3457037,0.3060721,1.2690661,0.0,0.6445423,1.7932012,0.36545593,2.1065652,0.5269478,2020-01-15,16,0.2,True,100,5,32,True
0.07735835,0.0,0.27723178,0.82459354,0.0,0.3641652,0.119732484,1.3408197,0.3087949,1.2730153,0.0,0.6430076,1.8025659,0.3715036,2.1199205,0.5465623,2020-01-16,16,0.2,True,100,5,32,True
0.08617337,0.0,0.30947575,0.81994617,0.0,0.39075834,0.123411074,1.335602,0.312216,1.2724539,0.0,0.6370104,1.8156575,0.3747078,2.132405,0.56621873,2020-01-17,16,0.2,True,100,5,32,True
0.096499026,0.0,0.3434765,0.81495297,0.0,0.41780326,0.1258795,1.333166,0.31971616,1.2762116,0.0,0.6310106,1.8322656,0.38113728,2.1514468,0.58502287,2020-01-20,16,0.2,True,100,5,32,True
0.10670155,0.0,0.3744533,0.8140074,0.0,0.44065687,0.13032755,1.3291893,0.32833683,1.2838724,0.0,0.6288303,1.8445249,0.39078572,2.1691577,0.605638,2020-01-21,16,0.2,True,100,5,32,True
0.112253994,0.0,0.39909244,0.81891257,0.0,0.45746693,0.13655111,1.3210486,0.332848,1.2921197,0.0,0.6316461,1.8492035,0.40273413,2.1817172,0.62801874,2020-01-22,16,0.2,True,100,5,32,True
0.1142032,0.0,0.417449,0.8342324,0.0,0.47215647,0.14329058,1.309653,0.33684665,1.3007647,0.0,0.6435581,1.8462827,0.4140866,2.1858716,0.6560264,2020-01-23,16,0.2,True,100,5,32,True
0.1246849,0.0,0.4423797,0.83249265,0.0,0.49906662,0.14550424,1.3064512,0.34156194,1.2984765,0.0,0.64156944,1.8656964,0.41416755,2.1960332,0.67403895,2020-01-28,16,0.2,True,100,5,32,True
0.12816112,0.0,0.45828637,0.83351564,0.0,0.52089727,0.15301141,1.3004171,0.3344025,1.2966259,0.0,0.64182395,1.8859679,0.41282868,2.2015343,0.6937229,2020-01-29,16,0.2,True,100,5,32,True
0.1322715,0.0,0.47104573,0.83465254,0.0,0.54143,0.16252716,1.2984183,0.32498103,1.2948403,0.0,0.6424195,1.9125448,0.4088006,2.2081392,0.7120723,2020-01-30,16,0.2,True,100,5,32,True
0.13326554,0.0,0.48114663,0.8357554,0.0,0.56044686,0.1735183,1.3003954,0.31063306,1.2933655,0.0,0.64088666,1.9448575,0.402659,2.2166498,0.7277063,2020-01-31,16,0.2,True,100,5,32,True
0.12988953,0.0,0.48552614,0.83984935,0.0,0.57208157,0.18692474,1.3063797,0.29253352,1.297527,0.0,0.6400561,1.9787529,0.39781883,2.228572,0.7412707,2020-02-03,16,0.2,True,100,5,32,True
0.117310524,0.0,0.4785746,0.85799634,0.0,0.5761132,0.20821041,1.3117326,0.2698706,1.3098253,0.0,0.6507385,2.0079165,0.39314327,2.2367435,0.7592212,2020-02-04,16,0.2,True,100,5,32,True
0.10319239,0.0,0.4722374,0.8771706,0.0,0.58283114,0.22801684,1.3204235,0.2494661,1.3245773,0.0,0.66177577,2.0402195,0.38363197,2.2475202,0.77844626,2020-02-05,16,0.2,True,100,5,32,True
0.08839768,0.0,0.46221772,0.9030164,0.0,0.58808106,0.25068966,1.3281097,0.23339939,1.3444043,0.0,0.6796789,2.0659976,0.37348166,2.255055,0.8012224,2020-02-06,16,0.2,True,100,5,32,True
0.07820944,0.0,0.4618295,0.92746645,0.0,0.5992394,0.26410365,1.3421901,0.227122,1.3655752,0.0,0.6951737,2.0928686,0.36421397,2.2685313,0.8245336,2020-02-07,16,0.2,True,100,5,32,True
0.07125993,0.0,0.46565008,0.94797355,0.0,0.6155383,0.2725644,1.3589858,0.22540024,1.3857849,0.0,0.7082589,2.1232257,0.35405606,2.2847612,0.845902,2020-02-10,16,0.2,True,100,5,32,True
0.063681684,0.0,0.46996668,0.96780884,0.0,0.6358465,0.2806355,1.3721246,0.22360536,1.4040169,0.0,0.7212929,2.1516657,0.34266222,2.2983453,0.86778533,2020-02-11,16,0.2,True,100,5,32,True
0.05984216,0.0,0.47804847,0.98719347,0.0,0.66232675,0.2868798,1.3857208,0.22593321,1.4200156,0.0,0.7346177,2.1818683,0.32997087,2.3103597,0.8912403,2020-02-12,16,0.2,True,100,5,32,True
0.059975963,0.0,0.49664092,0.99716467,0.0,0.69424844,0.2836975,1.4037021,0.23173487,1.4345075,0.0,0.739757,2.2174637,0.3176504,2.328201,0.9121774,2020-02-13,16,0.2,True,100,5,32,True
0.058692496,0.0,0.512379,1.0063715,0.0,0.722755,0.2800157,1.4188277,0.23862983,1.4511598,0.0,0.7456547,2.2470086,0.3081124,2.3445137,0.9311048,2020-02-14,16,0.2,True,100,5,32,True
0.056365687,0.0,0.52974707,1.0165097,0.0,0.75535196,0.2774964,1.4297997,0.24431166,1.4665124,0.0,0.75173867,2.2761054,0.29816237,2.3592315,0.95212114,2020-02-17,16,0.2,True,100,5,32,True
0.051598817,0.0,0.54163665,1.0317373,0.0,0.7840032,0.27875674,1.434344,0.24999197,1.4838353,0.0,0.76351315,2.2955184,0.28983644,2.3677268,0.97507447,2020-02-18,16,0.2,True,100,5,32,True
0.04641825,0.0,0.54757786,1.0483428,0.0,0.8084702,0.28283146,1.4371849,0.25522324,1.5023911,0.0,0.77923346,2.3130045,0.2813275,2.373584,0.99669427,2020-02-19,16,0.2,True,100,5,32,True
0.04419236,0.0,0.5548335,1.0612452,0.0,0.83224887,0.2866445,1.4401175,0.26007065,1.5181129,0.0,0.7928977,2.331632,0.272248,2.3781345,1.0174137,2020-02-20,16,0.2,True,100,5,32,True
0.040194504,0.0,0.5591331,1.0777119,0.0,0.855259,0.29506773,1.4390937,0.2620389,1.5345305,0.0,0.80946887,2.3477943,0.26333097,2.3793793,1.0408221,2020-02-21,16,0.2,True,100,5,32,True
0.034990046,0.0,0.5573054,1.0919586,0.0,0.86710864,0.30513528,1.4399513,0.26256704,1.5551795,0.0,0.82657593,2.3621871,0.2573268,2.3826768,1.05942,2020-02-24,16,0.2,True,100,5,32,True
0.0235889,0.0,0.54557514,1.1099902,0.0,0.87646574,0.32430524,1.4366134,0.25366732,1.5762719,0.0,0.8464717,2.3809104,0.24703872,2.3829653,1.0782832,2020-02-25,16,0.2,True,100,5,32,True
0.016145026,0.0,0.5331554,1.1207736,0.0,0.8846184,0.34284413,1.4381847,0.24219811,1.5880072,0.0,0.8607118,2.4050512,0.23162338,2.3806913,1.0901957,2020-02-26,16,0.2,True,100,5,32,True
0.010868641,0.0,0.52996415,1.1233786,0.0,0.897943,0.3567869,1.448278,0.22785889,1.5949919,0.0,0.86467105,2.4419992,0.21483736,2.38634,1.0979598,2020-02-27,16,0.2,True,100,5,32,True
0.0034041274,0.0,0.5232943,1.1307801,0.026349112,0.9054642,0.37629166,1.4591954,0.21192472,1.6062262,0.0,0.8713563,2.475034,0.20081586,2.3926387,1.1039917,2020-02-28,16,0.2,True,100,5,32,True
0.0,0.0,0.51327896,1.1407721,0.05892007,0.90735286,0.40161136,1.4705703,0.19024658,1.6209078,0.0,0.87859523,2.5092666,0.1898125,2.402453,1.1078911,2020-03-02,16,0.2,True,100,5,32,True
0.0,0.0,0.48936415,1.1570225,0.10439299,0.9110298,0.4364115,1.4859755,0.16568123,1.6353748,0.0,0.8969935,2.5526142,0.17151992,2.4092598,1.1061621,2020-03-03,16,0.2,True,100,5,32,True
0.0,0.0,0.46350268,1.180323,0.16159436,0.92857784,0.4742168,1.5072548,0.14113785,1.6460191,0.0,0.92291343,2.607595,0.14446643,2.4112694,1.1077894,2020-03-04,16,0.2,True,100,5,32,True
0.0,0.0,0.44457823,1.207915,0.21711802,0.95720476,0.5026193,1.5374001,0.12189229,1.656524,0.0,0.9480353,2.667525,0.11578298,2.4167154,1.1140641,2020-03-05,16,0.2,True,100,5,32,True
0.0,0.0,0.4334676,1.2404051,0.26895866,0.99597627,0.5238473,1.5713718,0.10892206,1.6690105,0.0,0.973203,2.727834,0.08737986,2.4246163,1.126394,2020-03-06,16,0.2,True,100,5,32,True
0.0,0.0,0.4251745,1.2746565,0.32041308,1.0412445,0.5409359,1.6065701,0.09797815,1.6831982,0.0,0.99873084,2.7906666,0.057928003,2.4342864,1.1411045,2020-03-09,16,0.2,True,100,5,32,True
0.0,0.004761021,0.40438762,1.3101462,0.38356307,1.087862,0.56433064,1.6446035,0.0846163,1.695326,0.0,1.0313351,2.8600724,0.020351708,2.4342988,1.1523993,2020-03-10,16,0.2,True,100,5,32,True
0.0,0.053034075,0.38542435,1.3490869,0.44861367,1.1377453,0.587637,1.6803434,0.0699014,1.7099855,0.0,1.0634496,2.9280932,0.0,2.4323661,1.1662904,2020-03-11,16,0.2,True,100,5,32,True
0.0,0.097143225,0.36400235,1.390485,0.51390696,1.1879377,0.6089622,1.7208045,0.05551657,1.7297657,0.0,1.0970179,3.0012147,0.0,2.4324267,1.1813338,2020-03-12,16,0.2,True,100,5,32,True
0.0,0.14705348,0.33968082,1.4340549,0.5883389,1.2454352,0.63551897,1.7597471,0.039058983,1.75053,0.0,1.1376723,3.0828247,0.0,2.4272556,1.1995742,2020-03-13,16,0.2,True,100,5,32,True
0.0,0.18949255,0.31386274,1.4800259,0.66251224,1.2994977,0.6636667,1.8026332,0.019342262,1.7811183,0.0,1.1807905,3.168893,0.0,2.4284837,1.2219399,2020-03-16,16,0.2,True,100,5,32,True
0.0,0.23468757,0.29058024,1.5266709,0.74152285,1.3585386,0.69450015,1.8469743,0.0,1.8120409,0.0,1.2268084,3.2601182,0.0,2.4309955,1.2468842,2020-03-17,16,0.2,True,100,5,32,True
0.0,0.2826262,0.26363024,1.5808054,0.8223206,1.4175698,0.7297213,1.8977346,0.0,1.8511918,0.0,1.2784092,3.354288,0.0,2.436911,1.2766454,2020-03-18,16,0.2,True,100,5,32,True
0.0,0.32393935,0.245339,1.6318823,0.9060609,1.4860926,0.76263416,1.955363,0.0,1.8906184,0.0,1.3278086,3.462435,0.0,2.4482708,1.3096352,2020-03-19,16,0.2,True,100,5,32,True
0.0,0.36092892,0.2271522,1.6900121,0.99157643,1.5572652,0.8002092,2.0225418,0.0,1.9406235,0.0,1.3813568,3.581781,0.0,2.4666378,1.3480736,2020-03-20,16,0.2,True,100,5,32,True
0.0,0.4047959,0.20797473,1.7567738,1.076114,1.6267098,0.8433556,2.0907497,0.0,1.999825,0.0,1.4381083,3.6978147,0.0,2.4882886,1.3884752,2020-03-23,16,0.2,True,100,5,32,True
0.0,0.45994183,0.1880795,1.8288624,1.1639483,1.701343,0.8926057,2.1573894,0.0,2.0613043,0.0,1.5005674,3.817509,0.0,2.5073369,1.4302357,2020-03-24,16,0.2,True,100,5,32,True
0.0,0.51596755,0.17068285,1.9053706,1.2463989,1.7719911,0.9398038,2.2279491,0.0,2.1292286,0.0,1.5610863,3.9340618,0.0,2.5318005,1.473086,2020-03-25,16,0.2,True,100,5,32,True
0.0,0.56559134,0.163495,1.9799787,1.3221498,1.8411214,0.9772328,2.3050168,0.0,2.1970766,0.0,1.6113545,4.050443,0.0,2.5619166,1.5160553,2020-03-26,16,0.2,True,100,5,32,True
0.0,0.6155999,0.16433245,2.051622,1.3927512,1.912317,1.0101354,2.3794956,0.0,2.2649148,0.0,1.655335,4.164137,0.0,2.5963206,1.557258,2020-03-27,16,0.2,True,100,5,32,True
0.0,0.6646694,0.16817278,2.1183853,1.4594955,1.9827805,1.0378785,2.4519126,0.0,2.3294134,0.0,1.6941447,4.273017,0.0,2.6315176,1.5929475,2020-03-30,16,0.2,True,100,5,32,True
0.0,0.7180704,0.17339334,2.1827974,1.5230515,2.0547013,1.0629532,2.5194387,0.0,2.3907137,0.0,1.7304208,4.3770814,0.0,2.6653194,1.6260446,2020-03-31,16,0.2,True,100,5,32,True
0.0,0.77778363,0.17737183,2.2465045,1.5828949,2.1266024,1.085084,2.5835235,0.0,2.44888,0.0,1.7663896,4.4748106,0.0,2.6965322,1.657405,2020-04-01,16,0.2,True,100,5,32,True
0.0,0.87441605,0.15255478,2.323991,1.6693602,2.2158687,1.1301377,2.6406505,0.0,2.5012162,0.0,1.821317,4.581061,0.0,2.6974854,1.6818913,2020-04-02,16,0.2,True,100,5,32,True
0.0,0.9932379,0.11618379,2.4122698,1.7638447,2.3117669,1.1839119,2.6933482,0.0,2.5530238,0.0,1.8838356,4.6840777,0.0,2.6858435,1.7037158,2020-04-03,16,0.2,True,100,5,32,True
0.0,1.1214525,0.07545981,2.5087345,1.8610432,2.411293,1.2343081,2.7512956,0.0,2.6035614,0.0,1.9487673,4.7872295,0.0,2.6676397,1.7272195,2020-04-06,16,0.2,True,100,5,32,True
0.0,1.2397037,0.043642364,2.6003122,1.9473159,2.5026145,1.2754859,2.8102174,0.0,2.649526,0.0,2.0078585,4.8805394,0.0,2.649387,1.7426825,2020-04-07,16,0.2,True,100,5,32,True
0.0,1.3767294,0.003505947,2.7087,2.0322912,2.5928938,1.3207939,2.872202,0.0,2.7048998,0.0,2.076738,4.971199,0.0,2.6279712,1.7612056,2020-04-08,16,0.2,True,100,5,32,True
0.0,1.5281378,0.0,2.830182,2.1145167,2.68249,1.3669741,2.9334843,0.0,2.7634947,0.0,2.1548166,5.06112,0.0,2.6007118,1.781347,2020-04-09,16,0.2,True,100,5,32,True
0.0,1.675785,0.0,2.9501963,2.1919522,2.7715442,1.4082304,2.9881308,0.0,2.8214302,0.0,2.2289035,5.143111,0.0,2.5716224,1.793733,2020-04-10,16,0.2,True,100,5,32,True
0.0,1.8084364,0.0,3.0609848,2.2665026,2.8546457,1.441396,3.0439434,0.0,2.8758006,0.0,2.2946458,5.2165422,0.0,2.5417373,1.802232,2020-04-13,16,0.2,True,100,5,32,True
0.0,1.9212567,0.0,3.1592793,2.3304513,2.9223447,1.4732244,3.0875382,0.0,2.9234242,0.0,2.3519714,5.27345,0.0,2.51055,1.8035398,2020-04-14,16,0.2,True,100,5,32,True
0.0,2.0308692,0.0,3.2569256,2.3896124,2.9856427,1.5025116,3.1281624,0.0,2.9713457,0.0,2.408483,5.3244667,0.0,2.479618,1.8021866,2020-04-16,16,0.2,True,100,5,32,True
0.0,2.1501367,0.0,3.3646572,2.4517488,3.052793,1.5343355,3.1710598,0.0,3.0276375,0.0,2.4692693,5.377166,0.0,2.44865,1.8052096,2020-04-17,16,0.2,True,100,5,32,True
0.0,2.2561104,0.0,3.4628522,2.508776,3.1172206,1.5567286,3.2161767,0.033859614,3.0807614,0.0,2.523135,5.426383,0.0,2.423799,1.8084219,2020-04-20,16,0.2,True,100,5,32,True
0.0,2.3459852,0.0,3.5490603,2.5589318,3.1772966,1.5710086,3.2577615,0.07493592,3.12571,0.0,2.5700612,5.4704385,0.0,2.398764,1.8096387,2020-04-21,16,0.2,True,100,5,32,True
0.0,2.4263277,0.0,3.6260295,2.598912,3.2265704,1.5847497,3.2860386,0.11556662,3.1620069,0.0,2.6131291,5.5019803,0.0,2.3701074,1.806573,2020-04-22,16,0.2,True,100,5,32,True
0.0,2.5093026,0.0,3.705109,2.6379118,3.2789721,1.5999944,3.3097587,0.15982394,3.1990588,0.0,2.6574168,5.5342245,0.0,2.3378966,1.799547,2020-04-23,16,0.2,True,100,5,32,True
0.0,2.596845,0.0,3.7871983,2.676824,3.3279693,1.6172143,3.3332872,0.20918982,3.2370603,0.0,2.701383,5.5597305,0.0,2.30011,1.7919887,2020-04-24,16,0.2,True,100,5,32,True
0.0,2.664071,0.0,3.8497882,2.70194,3.3650217,1.6228735,3.3473215,0.2569033,3.26127,0.0,2.7346845,5.569369,0.0,2.2635524,1.7805301,2020-04-27,16,0.2,True,100,5,32,True
0.0,2.7260149,0.0,3.9090798,2.7229793,3.4013035,1.6228582,3.3592606,0.30868834,3.2818882,0.0,2.761603,5.5706105,0.0,2.2203774,1.7678205,2020-04-28,16,0.2,True,100,5,32,True
0.0,2.771989,0.0,3.9552007,2.7344863,3.4281015,1.6176993,3.3645585,0.35809097,3.2957218,0.0,2.7799325,5.5607867,0.0,2.1802785,1.753709,2020-04-29,16,0.2,True,100,5,32,True
0.0,2.806644,0.0,3.9935856,2.740261,3.4540715,1.6044037,3.3686216,0.40993816,3.3024783,0.0,2.7923653,5.547447,0.0,2.1370447,1.7367862,2020-05-04,16,0.2,True,100,5,32,True
0.0,2.835351,0.0,4.0316052,2.7375834,3.4800515,1.577457,3.369877,0.46500373,3.2947078,0.0,2.801224,5.531266,0.0,2.086004,1.7184178,2020-05-06,16,0.2,True,100,5,32,True
0.0,2.8492546,0.0,4.0576158,2.7209492,3.5048497,1.5346859,3.3616297,0.52264255,3.2727036,0.0,2.7986267,5.502628,0.0,2.0313003,1.6962636,2020-05-07,16,0.2,True,100,5,32,True
0.0,2.848603,0.0,4.069027,2.698025,3.536402,1.4805192,3.3528795,0.5795439,3.2504559,0.0,2.7904766,5.4783688,0.0,1.9915491,1.6769255,2020-05-08,16,0.2,True,100,5,32,True
0.0,2.820668,0.0,4.057536,2.6570597,3.5567431,1.4075456,3.3360202,0.6327371,3.2106037,0.0,2.7670014,5.441943,0.0,1.9551772,1.6536651,2020-05-11,16,0.2,True,100,5,32,True
0.0,2.8038423,0.0,4.055709,2.6221838,3.5926983,1.33951,3.3207743,0.69021016,3.1779249,0.0,2.7510924,5.42134,0.0,1.9163512,1.6332854,2020-05-12,16,0.2,True,100,5,32,True
0.0,2.8043563,0.0,4.0694456,2.5952969,3.638485,1.2807834,3.311847,0.7541613,3.1596808,0.0,2.7463248,5.416005,0.0,1.8795861,1.6161155,2020-05-13,16,0.2,True,100,5,32,True
0.0,2.7924302,0.0,4.0720305,2.5621374,3.683996,1.2163725,3.2997766,0.8147107,3.1345878,0.0,2.7342772,5.411686,0.0,1.8471609,1.596918,2020-05-14,16,0.2,True,100,5,32,True
0.0,2.7868154,0.0,4.077846,2.5296016,3.7325017,1.1576537,3.2855942,0.87679625,3.1145263,0.0,2.7258449,5.4109893,0.0,1.8138344,1.5772867,2020-05-15,16,0.2,True,100,5,32,True
0.0,2.7731013,0.0,4.0754066,2.4968529,3.7805781,1.0964204,3.2731318,0.93578076,3.0914247,0.0,2.7120914,5.412165,0.0,1.7860098,1.5550982,2020-05-18,16,0.2,True,100,5,32,True
0.0,2.7706718,0.0,4.0771027,2.4698632,3.8314686,1.0488834,3.2587888,0.9939283,3.0806086,0.0,2.7045019,5.4148417,0.0,1.7611058,1.5372471,2020-05-19,16,0.2,True,100,5,32,True
0.0,2.7509198,0.0,4.0446353,2.4300792,3.846289,1.0051615,3.2307708,1.0213286,3.0506709,0.0,2.6808887,5.391833,0.0,1.7539147,1.5225374,2020-05-20,16,0.2,True,100,5,32,True
0.0,2.7263012,0.0,4.0093703,2.392343,3.8635767,0.9579892,3.2080507,1.0455126,3.0199091,0.0,2.6535997,5.371485,0.0,1.752286,1.5100951,2020-05-21,16,0.2,True,100,5,32,True
0.0,2.7123086,0.0,3.9883432,2.3588028,3.885239,0.91677547,3.1896195,1.076767,2.99848,0.0,2.6328163,5.3536463,0.0,1.7461276,1.4999284,2020-05-22,16,0.2,True,100,5,32,True
0.0,2.6948495,0.0,3.9685137,2.32801,3.9108195,0.8716516,3.177463,1.1049778,2.9749563,0.0,2.612636,5.3448234,0.0,1.7447389,1.4906738,2020-05-25,16,0.2,True,100,5,32,True
0.0,2.6683216,0.0,3.9348824,2.2916942,3.9344144,0.82118183,3.1587648,1.1238647,2.944052,0.0,2.5854647,5.330619,0.0,1.7490796,1.4840914,2020-05-26,16,0.2,True,100,5,32,True
0.0,2.634849,0.0,3.8945534,2.2498233,3.954276,0.76670045,3.1381142,1.1417994,2.9123974,0.0,2.5556676,5.3104243,0.0,1.7564622,1.4792844,2020-05-27,16,0.2,True,100,5,32,True
0.0,2.6005342,0.0,3.8510768,2.2051332,3.9703557,0.7132832,3.1130571,1.1565149,2.880565,0.0,2.5258026,5.2858725,0.0,1.7649326,1.4759918,2020-05-28,16,0.2,True,100,5,32,True
0.0,2.580674,0.0,3.8290074,2.1675103,3.9942255,0.66809976,3.0941336,1.1830217,2.8611517,0.0,2.5085087,5.2708783,0.0,1.7647873,1.4729369,2020-05-29,16,0.2,True,100,5,32,True
0.0,2.545287,0.0,3.79182,2.1231432,4.0116596,0.61436486,3.0699642,1.2017492,2.8298645,0.0,2.483088,5.2507224,0.0,1.7665374,1.4685657,2020-06-01,16,0.2,True,100,5,32,True
0.0,2.496733,0.0,3.7490528,2.0683234,4.025086,0.54605806,3.0499153,1.2213637,2.795817,0.0,2.4516761,5.2266707,0.0,1.7811776,1.4671632,2020-06-02,16,0.2,True,100,5,32,True
0.0,2.4361446,0.0,3.6941981,2.0036297,4.037073,0.46610123,3.0252016,1.2397128,2.7538939,0.0,2.4125526,5.196467,0.0,1.8017476,1.4667652,2020-06-03,16,0.2,True,100,5,32,True
0.0,2.376965,0.0,3.650637,1.9373376,4.0538583,0.3831986,3.0097272,1.2697392,2.716988,0.0,2.3776636,5.1740685,0.0,1.8230762,1.4657454,2020-06-04,16,0.2,True,100,5,32,True
0.0,2.3135319,0.0,3.6012669,1.8648665,4.066066,0.30049866,2.9919207,1.2990268,2.6823523,0.0,2.3439088,5.1470613,0.0,1.848701,1.4695493,2020-06-05,16,0.2,True,100,5,32,True
0.0,2.2362738,0.0,3.5325155,1.7822434,4.0706553,0.21245512,2.964499,1.317044,2.635749,0.0,2.3012323,5.110914,0.0,1.8799862,1.4759215,2020-06-08,16,0.2,True,100,5,32,True
0.0,2.1511357,0.0,3.4494255,1.6935036,4.068637,0.12377621,2.9295878,1.3252503,2.5830047,0.0,2.2535203,5.067474,0.0,1.9168764,1.4859607,2020-06-09,16,0.2,True,100,5,32,True
0.0,2.079455,0.0,3.3761108,1.6090779,4.071982,0.046188485,2.892358,1.3366952,2.5413249,0.0,2.2165434,5.0272098,0.0,1.9502542,1.5009496,2020-06-10,16,0.2,True,100,5,32,True
0.0,2.007526,0.0,3.3065612,1.5247422,4.0745807,0.0,2.8575187,1.3490903,2.4963663,0.0,2.1797802,4.990215,0.0,1.9799385,1.5153153,2020-06-11,16,0.2,True,100,5,32,True
0.0,1.9439795,0.0,3.2417014,1.445525,4.084493,0.0,2.820437,1.3587071,2.4546583,0.0,2.1480682,4.959921,0.0,2.0080452,1.5343908,2020-06-12,16,0.2,True,100,5,32,True
0.0,1.8792626,0.0,3.1751902,1.3698978,4.0943675,0.0,2.7836888,1.3636072,2.4110649,0.0,2.116339,4.9346294,0.0,2.0359147,1.554655,2020-06-15,16,0.2,True,100,5,32,True
0.0,1.8259248,0.0,3.1159205,1.3077208,4.1013656,0.0,2.7440405,1.359057,2.3734303,0.0,2.0939527,4.9164886,0.0,2.0573905,1.5771823,2020-06-16,16,0.2,True,100,5,32,True
0.0,1.7679455,0.0,3.0521653,1.2465374,4.098974,0.0,2.707838,1.3512615,2.3346152,0.0,2.0639544,4.8926344,0.0,2.0811436,1.5971773,2020-06-17,16,0.2,True,100,5,32,True
0.0,1.7133421,0.0,2.9896896,1.1905217,4.1012187,0.0,2.6722095,1.3373588,2.2890968,0.0,2.028549,4.873695,0.0,2.1046221,1.6170338,2020-06-18,16,0.2,True,100,5,32,True
0.0,1.6735595,0.008305386,2.9389002,1.1429619,4.108086,0.0,2.63746,1.325306,2.2505126,0.0,1.9986699,4.8583136,0.0,2.1229699,1.6387079,2020-06-19,16,0.2,True,100,5,32,True
0.0,1.640609,0.04316063,2.8959742,1.1016421,4.11602,0.0,2.6083744,1.3162144,2.2174487,0.0,1.9711804,4.847383,0.0,2.1394022,1.6586134,2020-06-22,16,0.2,True,100,5,32,True
0.0,1.6040218,0.08647785,2.8394117,1.0625805,4.11663,0.0,2.5735369,1.2961812,2.175148,0.0,1.9362298,4.8290596,0.0,2.1620884,1.6753786,2020-06-23,16,0.2,True,100,5,32,True
0.0,1.569889,0.13102195,2.7866473,1.0280876,4.120087,0.0,2.5422318,1.2777605,2.1308277,0.0,1.9016635,4.8151917,0.0,2.1853242,1.6908921,2020-06-24,16,0.2,True,100,5,32,True
0.0,1.541913,0.17259008,2.7369106,0.99858963,4.122058,0.0,2.512399,1.2585287,2.0903196,0.0,1.8698136,4.800176,0.0,2.2097251,1.7051517,2020-06-25,16,0.2,True,100,5,32,True
0.0,1.5141491,0.21831205,2.6809201,0.97463024,4.1199083,0.0,2.478054,1.2311317,2.0452724,0.0,1.8372709,4.78369,0.0,2.2344408,1.7181026,2020-06-26,16,0.2,True,100,5,32,True
0.0,1.4931278,0.25829923,2.6366906,0.9567112,4.1217365,0.0,2.4512763,1.2095191,2.0077612,0.0,1.8118325,4.775169,0.0,2.2560477,1.7294233,2020-06-29,16,0.2,True,100,5,32,True
0.0,1.4710704,0.30431598,2.586353,0.94430774,4.119777,0.0,2.421611,1.1797503,1.9668839,0.0,1.7844563,4.765502,0.0,2.2792382,1.7399764,2020-06-30,16,0.2,True,100,5,32,True
0.0,1.4598172,0.3457653,2.5482154,0.9379421,4.1219068,0.0,2.3978481,1.1549675,1.9362638,0.0,1.7644774,4.760701,0.0,2.299791,1.752512,2020-07-01,16,0.2,True,100,5,32,True
0.0,1.4549948,0.38104784,2.5225377,0.9323828,4.126533,0.0,2.3812861,1.1389248,1.9138744,0.0,1.7507644,4.7600327,0.0,2.3199928,1.7636771,2020-07-02,16,0.2,True,100,5,32,True
0.0,1.4486815,0.41945234,2.4957137,0.925737,4.1281357,0.0,2.369734,1.1269855,1.8891625,0.0,1.7338095,4.7574234,0.0,2.3447378,1.7711058,2020-07-03,16,0.2,True,100,5,32,True
0.0,1.4429466,0.44857764,2.4747958,0.91914654,4.1313744,0.0,2.3613973,1.1204963,1.8633257,0.0,1.7183951,4.7557616,0.0,2.3639796,1.7739955,2020-07-06,16,0.2,True,100,5,32,True
0.0,1.4357872,0.48363575,2.451869,0.9100061,4.141546,0.0,2.3560705,1.1177756,1.8356386,0.0,1.6996511,4.7556086,0.0,2.3906882,1.7777299,2020-07-07,16,0.2,True,100,5,32,True
0.0,1.4353874,0.51395035,2.4365807,0.89990914,4.159046,0.0,2.3520653,1.1216725,1.8169634,0.0,1.6876289,4.7578077,0.0,2.4158084,1.784898,2020-07-08,16,0.2,True,100,5,32,True
0.0,1.428196,0.5464849,2.4170163,0.8875308,4.1775346,0.0,2.349176,1.1266713,1.7953192,0.0,1.6734765,4.761576,0.0,2.4432592,1.7901338,2020-07-09,16,0.2,True,100,5,32,True
0.0,1.4177349,0.57700473,2.3947043,0.8733009,4.1927104,0.0,2.3456504,1.131264,1.7700946,0.0,1.6576587,4.7623873,0.0,2.4692068,1.7930195,2020-07-10,16,0.2,True,100,5,32,True
0.0,1.4076445,0.60116434,2.3762567,0.8595403,4.2108707,0.0,2.3430262,1.1387379,1.7432575,0.0,1.645017,4.767792,0.0,2.4890015,1.7936454,2020-07-13,16,0.2,True,100,5,32,True
0.0,1.40569,0.6200038,2.3720152,0.8445034,4.2462687,0.0,2.34496,1.1583908,1.7313852,0.0,1.6404132,4.7822013,0.0,2.504426,1.8003796,2020-07-14,16,0.2,True,100,5,32,True
0.0,1.4090277,0.6377613,2.3702967,0.82999235,4.282554,0.0,2.3445637,1.1782421,1.7260536,0.0,1.6401076,4.7960906,0.0,2.5205586,1.8094791,2020-07-15,16,0.2,True,100,5,32,True
0.0,1.4096072,0.6524762,2.3714616,0.81363165,4.318635,0.0,2.3474634,1.1998492,1.7186742,0.0,1.6384364,4.8142643,0.0,2.5345366,1.8172344,2020-07-16,16,0.2,True,100,5,32,True
0.0,1.4144247,0.67051506,2.3746078,0.79748344,4.360517,0.0,2.347748,1.2239861,1.7189802,0.0,1.6386524,4.8325386,0.0,2.5498877,1.8296323,2020-07-17,16,0.2,True,100,5,32,True
0.0,1.4187953,0.6890165,2.3751142,0.7810962,4.3972054,0.0,2.346271,1.2449912,1.7218577,0.0,1.6383774,4.8462644,0.0,2.5674987,1.8421941,2020-07-20,16,0.2,True,100,5,32,True
0.0,1.427452,0.7079488,2.3767958,0.76519823,4.431959,0.0,2.3410501,1.2643516,1.729242,0.0,1.6408378,4.856673,0.0,2.5842493,1.8576449,2020-07-21,16,0.2,True,100,5,32,True
0.0,1.4252155,0.73681366,2.3704062,0.74528915,4.465347,0.0,2.3379114,1.2815264,1.7309574,0.0,1.6355988,4.8671894,0.0,2.6090271,1.8733515,2020-07-22,16,0.2,True,100,5,32,True
0.0,1.4269961,0.75443417,2.3681173,0.72523665,4.4865656,0.0,2.3317814,1.2954888,1.7334515,0.0,1.6331079,4.8687415,0.0,2.6245785,1.8872243,2020-07-23,16,0.2,True,100,5,32,True
0.0,1.4261199,0.7757807,2.3596168,0.70516264,4.505082,0.0,2.3207247,1.3054497,1.7324318,0.0,1.6296309,4.8665547,0.0,2.6417356,1.9000618,2020-07-24,16,0.2,True,100,5,32,True
0.0,1.4259464,0.78975946,2.353926,0.6856177,4.51606,0.0,2.3067548,1.3138162,1.7303216,0.0,1.6286304,4.8605757,0.0,2.6487215,1.9115294,2020-07-27,16,0.2,True,100,5,32,True
0.0,1.4150386,0.81201166,2.33603,0.6627156,4.5188017,0.0,2.287445,1.3174286,1.7169083,0.0,1.6180578,4.8458714,0.0,2.6572526,1.9197674,2020-07-28,16,0.2,True,100,5,32,True
0.0,1.4105074,0.8334791,2.328565,0.64186174,4.5311785,0.0,2.27785,1.3255169,1.7168539,0.0,1.613135,4.841553,0.0,2.6706908,1.9360248,2020-07-29,16,0.2,True,100,5,32,True
0.0,1.395592,0.8574432,2.3105438,0.6194716,4.533832,0.0,2.2674193,1.3275162,1.7083932,0.0,1.6015729,4.832993,0.0,2.690043,1.9454321,2020-07-30,16,0.2,True,100,5,32,True
0.0,1.3871896,0.8824902,2.2936337,0.5974407,4.538736,0.0,2.251511,1.3300993,1.703388,0.0,1.5940473,4.820964,0.0,2.7087886,1.9570374,2020-07-31,16,0.2,True,100,5,32,True
0.0,1.3822973,0.9025669,2.281185,0.5752791,4.542586,0.0,2.2356906,1.3341278,1.7007209,0.0,1.5891548,4.8078313,0.0,2.7224476,1.9701389,2020-08-03,16,0.2,True,100,5,32,True
0.0,1.3792166,0.9274915,2.267894,0.54887074,4.54316,0.0,2.2172413,1.3378857,1.7048004,0.0,1.584681,4.7863607,0.0,2.7406886,1.9890758,2020-08-04,16,0.2,True,100,5,32,True
0.0,1.3772391,0.9481063,2.256717,0.51926106,4.536967,0.0,2.1983857,1.3421568,1.7083602,0.0,1.5791423,4.7579637,0.0,2.7553751,2.007657,2020-08-05,16,0.2,True,100,5,32,True
0.0,1.3766415,0.972396,2.2454493,0.48672983,4.5341835,0.0,2.1779683,1.3483816,1.7119573,0.0,1.5725249,4.727537,0.0,2.7735982,2.0272899,2020-08-06,16,0.2,True,100,5,32,True
0.0,1.3674006,0.99634635,2.2312372,0.44922626,4.5289993,0.0,2.15738,1.3572797,1.7021921,0.0,1.5593096,4.696335,0.0,2.7871804,2.0402615,2020-08-07,16,0.2,True,100,5,32,True
0.0,1.3588868,1.01537,2.2206028,0.4105553,4.5242352,0.0,2.1377127,1.3693407,1.6932416,0.0,1.5476702,4.6640735,0.0,2.7964056,2.052006,2020-08-10,16,0.2,True,100,5,32,True
0.0,1.3440827,1.0413305,2.2057848,0.36510053,4.523243,0.0,2.1173294,1.3876454,1.6812356,0.0,1.5295516,4.6286845,0.0,2.8083637,2.0634181,2020-08-11,16,0.2,True,100,5,32,True
0.0,1.336182,1.0642153,2.1954353,0.3186199,4.5266714,0.0,2.0942457,1.4118243,1.6789765,0.0,1.5170426,4.5889893,0.0,2.8189385,2.0784178,2020-08-12,16,0.2,True,100,5,32,True
0.0,1.3328786,1.0815849,2.1897898,0.27193984,4.5320153,0.0,2.0680554,1.4409074,1.6843143,0.0,1.5105902,4.5462966,0.0,2.8231628,2.0938308,2020-08-13,16,0.2,True,100,5,32,True
0.0,1.3337237,1.092164,2.1926708,0.22707695,4.544764,0.0,2.0453024,1.4766344,1.6903638,0.0,1.5093085,4.5121474,0.0,2.8205137,2.1054082,2020-08-14,16,0.2,True,100,5,32,True
0.0,1.3338064,1.0999253,2.1896896,0.18412185,4.5446115,0.0,2.0170023,1.5060068,1.6977901,0.0,1.50936,4.4680023,0.0,2.816334,2.1143472,2020-08-18,16,0.2,True,100,5,32,True
0.0,1.33782,1.106139,2.1902876,0.14682555,4.5495048,0.0,1.9895797,1.5342654,1.7119238,0.0,1.517695,4.433426,0.0,2.8103623,2.1266038,2020-08-19,16,0.2,True,100,5,32,True
0.0,1.3383197,1.1176382,2.187379,0.11116901,4.556454,0.0,1.9625428,1.5601438,1.7217782,0.0,1.5242815,4.4044504,0.0,2.8071718,2.1382751,2020-08-20,16,0.2,True,100,5,32,True
0.0,1.3371972,1.12089,2.1847975,0.08093384,4.551012,0.0,1.9331977,1.5772843,1.7288815,0.0,1.5335296,4.3750377,0.0,2.794643,2.1467059,2020-08-21,16,0.2,True,100,5,32,True
0.0,1.3385566,1.1228803,2.1826653,0.054844268,4.5389075,0.0,1.9033053,1.5881718,1.7387714,0.0,1.5441033,4.3431425,0.0,2.782746,2.1569548,2020-08-24,16,0.2,True,100,5,32,True
0.0,1.3387238,1.1216085,2.17737,0.028837528,4.5116677,0.0,1.8698626,1.5923822,1.7442764,0.0,1.5511825,4.2996836,0.0,2.7676866,2.1654673,2020-08-25,16,0.2,True,100,5,32,True
0.0,1.3428482,1.1239213,2.1782296,0.0019065365,4.494958,0.0,1.8427788,1.6023413,1.7534071,0.0,1.558106,4.263087,0.0,2.7585986,2.1785882,2020-08-26,16,0.2,True,100,5,32,True
0.0,1.3472507,1.1309075,2.1781917,0.0,4.479871,0.0,1.8150635,1.613327,1.7645494,0.0,1.5637283,4.2245793,0.0,2.7545197,2.195197,2020-08-27,16,0.2,True,100,5,32,True
0.0,1.350201,1.1232507,2.1813014,0.0,4.454147,0.0,1.788179,1.6239583,1.767388,0.0,1.5689678,4.1833844,0.0,2.7361972,2.2032096,2020-08-28,16,0.2,True,100,5,32,True
0.0,1.3532395,1.1289452,2.1831772,0.0,4.444603,0.0,1.7644596,1.639147,1.7730521,0.0,1.5734255,4.152856,0.0,2.7302358,2.2163045,2020-08-31,16,0.2,True,100,5,32,True
0.0,1.3605158,1.1312454,2.1867933,0.0,4.433223,0.0,1.7390577,1.6529614,1.7799459,0.0,1.5806426,4.12037,0.0,2.7227242,2.22924,2020-09-01,16,0.2,True,100,5,32,True
0.0,1.3705729,1.1403505,2.1872966,0.0,4.416469,0.0,1.7102761,1.6621622,1.7911556,0.0,1.5879529,4.081095,0.0,2.7201622,2.2475455,2020-09-02,16,0.2,True,100,5,32,True
0.0,1.3830582,1.1381285,2.1944592,0.0,4.39045,0.0,1.6859275,1.6734279,1.8016982,0.0,1.595556,4.037483,0.0,2.7065618,2.2641773,2020-09-03,16,0.2,True,100,5,32,True
0.0,1.3925787,1.1428646,2.1964025,0.0,4.3635902,0.0,1.6604873,1.6781878,1.8070394,0.0,1.5990274,3.9947412,0.0,2.7001896,2.2815754,2020-09-04,16,0.2,True,100,5,32,True
0.0,1.3990399,1.1480981,2.1932447,0.0,4.329871,0.0,1.6325636,1.6757572,1.8055016,0.0,1.5992988,3.9497566,0.0,2.6929045,2.2959783,2020-09-07,16,0.2,True,100,5,32,True
0.0,1.4075475,1.1475172,2.191507,0.0,4.28691,0.0,1.6022619,1.6705588,1.8022678,0.0,1.5996219,3.8966424,0.0,2.677274,2.308954,2020-09-08,16,0.2,True,100,5,32,True
0.0,1.4148228,1.1435778,2.192165,0.0,4.2430115,0.0,1.5767412,1.6667045,1.798644,0.0,1.5992131,3.8461592,0.0,2.657936,2.3205898,2020-09-09,16,0.2,True,100,5,32,True
0.0,1.4238518,1.1365294,2.1974247,0.0,4.205602,0.0,1.5560344,1.6661402,1.7980455,0.0,1.60342,3.8041992,0.0,2.6362426,2.331393,2020-09-10,16,0.2,True,100,5,32,True
0.0,1.4267749,1.1278192,2.197651,0.0,4.1576,0.0,1.5358946,1.6578983,1.7947246,0.0,1.6030124,3.7579021,0.0,2.615932,2.3404849,2020-09-11,16,0.2,True,100,5,32,True
0.0,1.4176737,1.1338773,2.1856496,0.0,4.1209617,0.0,1.5214213,1.6435179,1.7845067,0.0,1.5938327,3.7288105,0.0,2.6125379,2.3452303,2020-09-14,16,0.2,True,100,5,32,True
0.0,1.4078399,1.1357058,2.1771574,0.0,4.0843687,0.0,1.5109766,1.635948,1.7786787,0.0,1.5855311,3.6978333,0.0,2.6055284,2.3498712,2020-09-15,16,0.2,True,100,5,32,True
0.0,1.3987858,1.1472788,2.1705565,0.0,4.0704393,0.0,1.5077841,1.635402,1.780626,0.0,1.5797986,3.6839027,0.0,2.6113212,2.3590417,2020-09-16,16,0.2,True,100,5,32,True
0.0,1.3954142,1.148921,2.168213,0.0,4.04828,0.0,1.5011988,1.6310923,1.7884889,0.0,1.5817664,3.6631796,0.0,2.6126425,2.3704987,2020-09-17,16,0.2,True,100,5,32,True
0.0,1.3851181,1.1530653,2.1591165,0.0,4.028241,0.0,1.4966486,1.6180333,1.7891439,0.0,1.5804162,3.6540372,0.0,2.619556,2.3767173,2020-09-18,16,0.2,True,100,5,32,True
0.0,1.3768384,1.138133,2.1510446,0.0,3.9847221,0.0,1.4874008,1.596394,1.7859912,0.0,1.5802588,3.6281989,0.0,2.6108139,2.3775892,2020-09-21,16,0.2,True,100,5,32,True
0.0,1.3674669,1.128594,2.1419945,0.0,3.9558809,0.0,1.4818895,1.5741961,1.7811533,0.0,1.5816386,3.6193852,0.0,2.6083262,2.3767018,2020-09-22,16,0.2,True,100,5,32,True
0.0,1.3658193,1.1153084,2.1408412,0.0,3.929607,0.0,1.4777474,1.5513909,1.7853674,0.0,1.591299,3.6164997,0.0,2.6036212,2.382801,2020-09-23,16,0.2,True,100,5,32,True
0.0,1.3569797,1.1164441,2.1305683,0.0,3.9166749,0.0,1.4779929,1.5216619,1.7893803,0.0,1.5975834,3.6304986,0.0,2.6164064,2.38796,2020-09-24,16,0.2,True,100,5,32,True
0.0,1.3452154,1.1194731,2.1161582,0.0,3.898528,0.0,1.4772366,1.4814526,1.7916903,0.0,1.6034733,3.649425,0.0,2.630508,2.3921058,2020-09-25,16,0.2,True,100,5,32,True
0.0,1.3338741,1.1176152,2.0992842,0.0,3.8590593,0.0,1.4714059,1.4283693,1.7931627,0.0,1.6085451,3.655339,0.0,2.6415694,2.3964114,2020-09-28,16,0.2,True,100,5,32,True
0.0,1.3290211,1.1200364,2.0897782,0.0,3.8328395,0.0,1.469561,1.3866276,1.798809,0.0,1.6162199,3.6656504,0.0,2.6550717,2.4041405,2020-09-29,16,0.2,True,100,5,32,True
0.0,1.32393,1.1185462,2.0804892,0.0,3.7965477,0.0,1.46502,1.34711,1.7977808,0.0,1.6184306,3.6638954,0.0,2.6589966,2.4098876,2020-10-05,16,0.2,True,100,5,32,True
0.0,1.3003716,1.1303148,2.06327,0.0,3.7693882,0.0,1.4741182,1.3215947,1.7806998,0.0,1.6027489,3.6704426,0.0,2.6822097,2.410308,2020-10-06,16,0.2,True,100,5,32,True
0.0,1.2614436,1.158189,2.0342574,0.0,3.7472177,0.0,1.4845401,1.3050025,1.749979,0.0,1.5728805,3.6767728,0.0,2.7173932,2.4072576,2020-10-07,16,0.2,True,100,5,32,True
0.0,1.214839,1.1996635,1.9977999,0.0,3.7448468,0.0,1.5001653,1.294279,1.7155586,0.0,1.5382321,3.6986828,0.0,2.7686434,2.400454,2020-10-08,16,0.2,True,100,5,32,True
0.0,1.1680037,1.2459599,1.9569465,0.0,3.746801,0.0,1.5143992,1.2847052,1.6847175,0.0,1.5021328,3.720773,0.0,2.8253605,2.39441,2020-10-12,16,0.2,True,100,5,32,True
0.0,1.121107,1.2958902,1.91496,0.0,3.7565284,0.0,1.5296165,1.2774907,1.6563714,0.0,1.4659616,3.7485921,0.0,2.8865218,2.3899198,2020-10-13,16,0.2,True,100,5,32,True
0.0,1.0697923,1.351798,1.8705417,0.0,3.7747927,0.0,1.5446591,1.273052,1.6224875,0.0,1.4268935,3.7851932,0.0,2.9494944,2.3832774,2020-10-14,16,0.2,True,100,5,32,True
0.0,1.0130029,1.4067956,1.8165356,0.0,3.7768068,0.0,1.5515405,1.2602054,1.5865333,0.0,1.3840501,3.8096783,0.0,3.0086906,2.3747869,2020-10-15,16,0.2,True,100,5,32,True
0.004116304,0.9614267,1.4681921,1.7651397,0.0,3.7943878,0.0,1.5593029,1.2504143,1.5582101,0.0,1.3457166,3.8450654,0.0,3.0727725,2.3709362,2020-10-16,16,0.2,True,100,5,32,True
0.028093297,0.90819937,1.5385675,1.7084625,0.0,3.8171122,0.0,1.5662293,1.2368201,1.5330782,0.0,1.3061252,3.88621,0.0,3.1456718,2.3663194,2020-10-19,16,0.2,True,100,5,32,True
0.049087778,0.86377585,1.6095922,1.6582352,0.0,3.8451633,0.0,1.5712509,1.2259039,1.5140629,0.0,1.2704543,3.9289467,0.0,3.2159505,2.366496,2020-10-20,16,0.2,True,100,5,32,True
0.07212267,0.8249173,1.6677961,1.6175942,0.0,3.8699617,0.0,1.574484,1.2167344,1.4928153,0.0,1.2363746,3.971506,0.0,3.2752013,2.3623245,2020-10-21,16,0.2,True,100,5,32,True
0.08972207,0.79189837,1.7248064,1.57629,0.0,3.8890665,0.0,1.5751859,1.2046944,1.4758204,0.0,1.2018384,4.0055394,0.0,3.3374128,2.3538315,2020-10-22,16,0.2,True,100,5,32,True
0.10806571,0.76515716,1.7789465,1.5392278,0.0,3.9070237,0.0,1.5732821,1.1954948,1.4605939,0.0,1.1673573,4.035385,0.0,3.3955758,2.3450675,2020-10-23,16,0.2,True,100,5,32,True
0.12788111,0.74254483,1.8333104,1.507986,0.0,3.9279563,0.0,1.5720127,1.1886563,1.4462417,0.0,1.1324744,4.0691447,0.0,3.454295,2.3380845,2020-10-26,16,0.2,True,100,5,32,True
0.14375173,0.72351676,1.881412,1.4803222,0.0,3.9443877,0.0,1.5709693,1.1822137,1.4396347,0.0,1.1017424,4.098518,0.0,3.5068576,2.332624,2020-10-27,16,0.2,True,100,5,32,True
0.15978287,0.70406246,1.9279267,1.4498943,0.0,3.9527788,0.0,1.5666119,1.1728714,1.4319036,0.0,1.0722679,4.12347,0.0,3.5558617,2.3232305,2020-10-28,16,0.2,True,100,5,32,True
0.17532699,0.6896271,1.9710748,1.4256015,0.0,3.9659755,0.0,1.5654213,1.1662495,1.4252784,0.0,1.0477792,4.1513853,0.0,3.601522,2.3165815,2020-10-29,16,0.2,True,100,5,32,True
0.19172236,0.6735634,2.0076866,1.4042438,0.0,3.974771,0.0,1.5653553,1.1591402,1.4187957,0.0,1.0245912,4.179606,0.0,3.6426985,2.309228,2020-10-30,16,0.2,True,100,5,32,True
0.19887994,0.66289216,2.0445626,1.383641,0.0,3.9875846,0.0,1.5656856,1.1494063,1.4205444,0.0,1.0083587,4.2109947,0.0,3.6839547,2.3049793,2020-11-02,16,0.2,True,100,5,32,True
0.19298235,0.66106486,2.0789027,1.363276,0.0,3.9875429,0.0,1.56346,1.1314933,1.4417995,0.0,0.9975297,4.2261324,0.0,3.7225416,2.3062122,2020-11-03,16,0.2,True,100,5,32,True
0.1875422,0.6624033,2.1147518,1.3439953,0.0,3.9808116,0.0,1.5594573,1.1117266,1.4620255,0.0,0.984823,4.233671,0.0,3.7599833,2.306634,2020-11-04,16,0.2,True,100,5,32,True
0.1880745,0.66484374,2.1416018,1.3308609,0.0,3.9671073,0.0,1.5546758,1.0938033,1.4753494,0.0,0.97428757,4.2347054,0.0,3.7871752,2.3056626,2020-11-05,16,0.2,True,100,5,32,True
0.19017826,0.67109084,2.17036,1.3237587,0.0,3.9569633,0.0,1.553329,1.0819352,1.4920715,0.0,0.96504015,4.2335505,0.0,3.81802,2.309516,2020-11-06,16,0.2,True,100,5,32,True
0.19309708,0.67851967,2.1958926,1.3164577,0.0,3.9366388,0.0,1.5488311,1.0708256,1.511173,0.0,0.95607466,4.219234,0.0,3.8461893,2.3129456,2020-11-09,16,0.2,True,100,5,32,True
0.19893698,0.6904434,2.2199578,1.314323,0.0,3.923318,0.0,1.543795,1.0671054,1.5306209,0.0,0.9501467,4.2004633,0.0,3.8681388,2.3233411,2020-11-10,16,0.2,True,100,5,32,True
0.20942691,0.6999812,2.2371893,1.3135886,0.0,3.9136832,0.0,1.5398928,1.0669831,1.5425256,0.0,0.9446445,4.18235,0.0,3.8839362,2.3302917,2020-11-11,16,0.2,True,100,5,32,True
0.22337604,0.70796216,2.2547398,1.3093514,0.0,3.9002657,0.0,1.5338126,1.0704508,1.5560588,0.0,0.9358598,4.156568,0.0,3.9014637,2.33713,2020-11-12,16,0.2,True,100,5,32,True
0.2353354,0.7186447,2.2748387,1.3051403,0.0,3.8934574,0.0,1.5276761,1.0762868,1.5722488,0.0,0.93065906,4.1344414,0.0,3.9221165,2.3464887,2020-11-13,16,0.2,True,100,5,32,True
0.24183352,0.7277955,2.2896876,1.3027494,0.0,3.8802543,0.0,1.5222157,1.0818907,1.5957383,0.0,0.9325739,4.1114473,0.0,3.9426818,2.3544316,2020-11-16,16,0.2,True,100,5,32,True
0.24874315,0.73329264,2.3002138,1.3023499,0.0,3.86043,0.0,1.5158743,1.0898585,1.621244,0.0,0.9371505,4.0845056,0.0,3.9615827,2.3619742,2020-11-17,16,0.2,True,100,5,32,True
0.25190684,0.7353074,2.2875218,1.3034894,0.0,3.8237705,0.0,1.5008969,1.096876,1.636241,0.0,0.9443591,4.033211,0.0,3.9528468,2.3624728,2020-11-18,16,0.2,True,100,5,32,True
0.25551495,0.7380395,2.274791,1.3047377,0.0,3.788834,0.0,1.48487,1.1064879,1.6518155,0.0,0.9523143,3.9814193,0.0,3.9473953,2.3641517,2020-11-19,16,0.2,True,100,5,32,True
0.26092276,0.7393622,2.2622986,1.3031406,0.0,3.7519817,0.0,1.4670725,1.1164361,1.6664557,0.0,0.9598456,3.9292252,0.01591572,3.9469442,2.363279,2020-11-20,16,0.2,True,100,5,32,True
0.26583922,0.7459994,2.253513,1.304394,0.0,3.7277236,0.0,1.4492786,1.1298788,1.6824251,0.0,0.970744,3.8839328,0.037340835,3.9501455,2.3682902,2020-11-23,16,0.2,True,100,5,32,True
0.27417058,0.7520359,2.2433813,1.3042476,0.0,3.6969142,0.0,1.4251207,1.1459512,1.6964567,0.0,0.9799522,3.8277767,0.064043075,3.950809,2.3745315,2020-11-24,16,0.2,True,100,5,32,True
0.28906637,0.75457245,2.2292726,1.2986221,0.0,3.653524,0.0,1.3917563,1.1630579,1.7036128,0.0,0.9847429,3.7554283,0.09667297,3.944871,2.37729,2020-11-25,16,0.2,True,100,5,32,True
0.30117592,0.7608217,2.217374,1.2949041,0.0,3.6172075,0.0,1.3571684,1.1820252,1.7156545,0.0,0.99244714,3.6856802,0.12974212,3.938718,2.3849328,2020-11-26,16,0.2,True,100,5,32,True
0.3178382,0.7657124,2.2090738,1.2883368,0.0,3.5802178,0.0,1.3193305,1.2037317,1.7287287,0.0,0.99835235,3.6140084,0.16722599,3.935849,2.3940444,2020-11-27,16,0.2,True,100,5,32,True
0.3373544,0.7720958,2.2038999,1.2786361,0.0,3.5498035,0.0,1.2783091,1.227732,1.7374156,0.0,1.0028974,3.543456,0.2043709,3.9325104,2.4051967,2020-11-30,16,0.2,True,100,5,32,True
0.3595067,0.7761751,2.1999953,1.2662504,0.0,3.530058,0.0,1.2392256,1.2500194,1.7369466,0.0,1.004027,3.4867108,0.23209673,3.9303083,2.413325,2020-12-01,16,0.2,True,100,5,32,True
0.37793452,0.7765785,2.2022839,1.245285,0.0,3.497083,0.0,1.1948572,1.2714702,1.736642,0.0,1.0006425,3.4216359,0.2711975,3.9335785,2.4182167,2020-12-02,16,0.2,True,100,5,32,True
0.39807808,0.7798559,2.2179048,1.2285885,0.0,3.4931602,0.0,1.1633389,1.2953643,1.7363,0.0,0.9963652,3.3889658,0.29734448,3.9553847,2.4273317,2020-12-03,16,0.2,True,100,5,32,True
0.4220897,0.78136986,2.2360053,1.2069839,0.0,3.4823616,0.0,1.1245908,1.3214093,1.7329057,0.0,0.9871311,3.343771,0.33082888,3.970083,2.4381058,2020-12-04,16,0.2,True,100,5,32,True
0.45012048,0.78401995,2.2568884,1.1811476,0.0,3.466871,0.0,1.0797564,1.3482553,1.725543,0.0,0.9738692,3.288535,0.3717974,3.979698,2.4489837,2020-12-07,16,0.2,True,100,5,32,True
0.4860379,0.7872922,2.2796595,1.1537107,0.0,3.4658833,0.0,1.0369712,1.3739382,1.7054194,0.0,0.9549887,3.2462485,0.4023876,3.9877925,2.4559698,2020-12-08,16,0.2,True,100,5,32,True
0.5163846,0.79039407,2.3035915,1.125626,0.0,3.4550586,0.0,0.99240273,1.3962768,1.6925048,0.0,0.9374077,3.1980302,0.44337657,3.9936626,2.4627435,2020-12-09,16,0.2,True,100,5,32,True
0.5521421,0.79238313,2.3284109,1.0968091,0.0,3.4438727,0.0,0.9486173,1.4205066,1.6763804,0.0,0.9168942,3.1484127,0.48569667,3.9967792,2.4700804,2020-12-10,16,0.2,True,100,5,32,True
0.5920529,0.7958007,2.3560772,1.0655354,0.0,3.4309766,0.0,0.9008297,1.4462199,1.6556894,0.0,0.8935912,3.0923336,0.53263956,3.9941657,2.4795802,2020-12-11,16,0.2,True,100,5,32,True
0.6322312,0.8030124,2.3883874,1.0378008,0.0,3.4292579,0.0,0.8588757,1.4749625,1.6376135,0.0,0.8729477,3.0462632,0.5762795,3.9997284,2.4919252,2020-12-14,16,0.2,True,100,5,32,True
0.65953344,0.8205718,2.4300168,1.0248557,0.0,3.4598439,0.0,0.8335143,1.5017457,1.6339006,0.0,0.8644465,3.036665,0.60671633,4.027148,2.516654,2020-12-15,16,0.2,True,100,5,32,True
0.69476604,0.8329084,2.4652708,1.0091603,0.0,3.481499,0.0,0.80531466,1.525524,1.6196989,0.0,0.8504184,3.0213742,0.63525206,4.044868,2.5346174,2020-12-16,16,0.2,True,100,5,32,True
0.7312139,0.8413131,2.497317,0.9902403,0.0,3.4913805,0.0,0.7752084,1.5499986,1.6055374,0.0,0.83529013,2.9961874,0.67017573,4.059269,2.5483549,2020-12-17,16,0.2,True,100,5,32,True
0.7658283,0.85099584,2.528693,0.97669965,0.0,3.5176194,0.0,0.7546086,1.572051,1.5906496,0.0,0.8217122,2.9907305,0.6914885,4.077549,2.5627046,2020-12-18,16,0.2,True,100,5,32,True
0.79247713,0.86275065,2.5615902,0.966321,0.0,3.5459585,0.0,0.7369635,1.5949742,1.5858349,0.0,0.813288,2.9880183,0.7145184,4.099653,2.581239,2020-12-21,16,0.2,True,100,5,32,True
0.8151531,0.87522495,2.5922935,0.95626587,0.0,3.5740352,0.0,0.72111315,1.6163459,1.5809973,0.0,0.8059828,2.9876118,0.73558146,4.1231027,2.5968378,2020-12-22,16,0.2,True,100,5,32,True
0.8374842,0.8839968,2.6203144,0.94257236,0.0,3.588859,0.0,0.70127946,1.6331438,1.5755997,0.0,0.79825586,2.9794781,0.7621719,4.140252,2.6085625,2020-12-23,16,0.2,True,100,5,32,True
0.8568532,0.89628464,2.649156,0.93652993,0.0,3.6136293,0.0,0.68458647,1.6499054,1.5743251,0.0,0.79364294,2.978597,0.7821609,4.1561265,2.629468,2020-12-24,16,0.2,True,100,5,32,True
0.8741914,0.907064,2.678688,0.9316491,0.0,3.6380558,0.0,0.67262274,1.6663966,1.5781151,0.0,0.7909125,2.981673,0.80260634,4.176819,2.6503003,2020-12-28,16,0.2,True,100,5,32,True
0.8843721,0.9193517,2.7066834,0.9297431,0.0,3.6624646,0.0,0.664352,1.6806737,1.5885144,0.0,0.79165995,2.9874206,0.821955,4.19883,2.672131,2020-12-29,16,0.2,True,100,5,32,True
0.88931984,0.9336319,2.7317781,0.930728,0.0,3.6828468,0.0,0.6547892,1.6934068,1.6052662,0.0,0.79850096,2.98934,0.8436363,4.2188444,2.6975963,2020-12-30,16,0.2,True,100,5,32,True
0.89647377,0.9471552,2.755119,0.9329207,0.0,3.6988208,0.0,0.64496964,1.7080421,1.6262199,0.0,0.80943966,2.987186,0.86834687,4.238856,2.725626,2021-01-04,16,0.2,True,100,5,32,True
0.90994257,0.9664656,2.774974,0.9415623,0.0,3.7231402,0.0,0.63229835,1.7260364,1.6456382,0.0,0.8255863,2.980539,0.887839,4.251038,2.762842,2021-01-05,16,0.2,True,100,5,32,True
0.9340359,0.9885611,2.7953422,0.94833386,0.0,3.7579215,0.0,0.6173405,1.7528464,1.6577948,0.0,0.84196305,2.9714572,0.9025427,4.2654138,2.8014069,2021-01-06,16,0.2,True,100,5,32,True
0.9593552,1.0144194,2.81556,0.9557968,0.0,3.7988935,0.0,0.6009048,1.7823555,1.6686026,0.0,0.86115974,2.9619389,0.9145843,4.281715,2.840164,2021-01-07,16,0.2,True,100,5,32,True
0.9840206,1.0437231,2.8345618,0.9676537,0.0,3.8425655,0.0,0.58737534,1.8190465,1.6831815,0.0,0.8822734,2.949165,0.9260274,4.300473,2.8810601,2021-01-08,16,0.2,True,100,5,32,True
1.0165744,1.0757003,2.8574784,0.9796222,0.0,3.8944268,0.0,0.5726912,1.8693032,1.6984396,0.0,0.90517575,2.932504,0.93801355,4.325408,2.9275074,2021-01-11,16,0.2,True,100,5,32,True
1.0534891,1.1125505,2.8860772,0.9911027,0.0,3.9637926,0.0,0.5554538,1.9249054,1.7111294,0.0,0.9299583,2.9222238,0.94350594,4.3553815,2.979384,2021-01-12,16,0.2,True,100,5,32,True
1.0862014,1.1518084,2.9162054,1.0015286,0.0,4.033922,0.0,0.5323847,1.9835088,1.729585,0.0,0.95796496,2.9058201,0.95385176,4.386694,3.0337794,2021-01-13,16,0.2,True,100,5,32,True
1.120003,1.1898636,2.9487963,1.0087191,0.0,4.101242,0.0,0.50538635,2.0460868,1.7522084,0.0,0.98677135,2.8842137,0.9712526,4.420494,3.089341,2021-01-14,16,0.2,True,100,5,32,True
1.1610023,1.2301987,2.9853263,1.0104033,0.0,4.151976,0.0,0.4606953,2.1131697,1.7691623,0.0,1.0122942,2.8348253,1.007625,4.441552,3.1480496,2021-01-15,16,0.2,True,100,5,32,True
1.19426,1.2691739,3.0183,1.0119,0.0,4.219686,0.0,0.42378166,2.175948,1.7909924,0.0,1.0383983,2.8043928,1.0257264,4.4658856,3.2035391,2021-01-18,16,0.2,True,100,5,32,True
1.2282877,1.3013086,3.048117,1.0044417,0.0,4.2690067,0.0,0.37850156,2.2313633,1.8062388,0.0,1.0609317,2.7650218,1.0495176,4.4842277,3.2465122,2021-01-19,16,0.2,True,100,5,32,True
1.2569416,1.3331964,3.0774093,1.0041407,0.0,4.3257775,0.0,0.34323072,2.2830222,1.8256605,0.0,1.0838041,2.7401636,1.0649269,4.505146,3.2918787,2021-01-20,16,0.2,True,100,5,32,True
1.2861371,1.3621854,3.1078994,1.00465,0.0,4.385807,0.0,0.31103146,2.332021,1.8461483,0.0,1.105709,2.7227306,1.0760795,4.528719,3.336844,2021-01-21,16,0.2,True,100,5,32,True
1.323908,1.392361,3.1449113,1.0018754,0.0,4.4247723,0.0,0.26000738,2.3871932,1.8627285,0.0,1.122979,2.672181,1.1134992,4.540706,3.388286,2021-01-22,16,0.2,True,100,5,32,True
1.3516647,1.424795,3.1809688,1.0062927,0.0,4.491216,0.0,0.22774175,2.4354105,1.8860811,0.0,1.1451442,2.6572046,1.126546,4.5645137,3.4413042,2021-01-25,16,0.2,True,100,5,32,True
1.3839446,1.45859,3.2174041,1.0112766,0.0,4.5467925,0.0,0.18561365,2.4878492,1.9075269,0.0,1.1654254,2.6214714,1.1502987,4.5807366,3.4976344,2021-01-26,16,0.2,True,100,5,32,True
1.4142821,1.4934419,3.2557893,1.0139731,0.0,4.603338,0.0,0.14082609,2.5381744,1.9288437,0.0,1.186201,2.586949,1.1760185,4.597147,3.5545022,2021-01-27,16,0.2,True,100,5,32,True
1.4408599,1.5274324,3.2936566,1.0172651,0.0,4.6623664,0.0,0.09830416,2.5849712,1.9538167,0.0,1.2091919,2.5600052,1.1994894,4.61729,3.6110442,2021-01-28,16,0.2,True,100,5,32,True
1.4623281,1.5603579,3.3335962,1.0169573,0.0,4.72072,0.0,0.056727786,2.624412,1.9764719,0.0,1.231345,2.5415874,1.2231874,4.6388063,3.6646762,2021-01-29,16,0.2,True,100,5,32,True
1.4858087,1.596925,3.3750112,1.0105469,0.0,4.7548647,0.0,0.0,2.660964,1.9833598,0.0,1.2447711,2.4907649,1.2655905,4.6391125,3.7159536,2021-02-01,16,0.2,True,100,5,32,True
1.5009115,1.6324079,3.4136574,1.0113786,0.0,4.7928967,0.0,0.0,2.6903374,1.9932772,0.0,1.2590961,2.454831,1.2980429,4.6388865,3.7672231,2021-02-02,16,0.2,True,100,5,32,True
1.522051,1.6694602,3.4566195,1.0103371,0.0,4.8171973,0.0,0.0,2.7225053,1.9951365,0.0,1.2667758,2.3985562,1.3462635,4.629516,3.8212883,2021-02-03,16,0.2,True,100,5,32,True
1.5370923,1.7071253,3.4984887,1.0175384,0.0,4.856656,0.0,0.0,2.750148,2.001798,0.0,1.2772316,2.3655918,1.3803197,4.6275873,3.878248,2021-02-04,16,0.2,True,100,5,32,True
1.5548755,1.7472119,3.5440667,1.0233349,0.0,4.8883986,0.0,0.0,2.7820525,2.0095518,0.0,1.2874743,2.3159707,1.4281389,4.6193213,3.9428163,2021-02-05,16,0.2,True,100,5,32,True
1.5737941,1.7871687,3.5904598,1.0305392,0.0,4.9186006,0.0,0.0,2.8154974,2.0165687,0.0,1.2931877,2.2634346,1.4785141,4.610462,4.008074,2021-02-08,16,0.2,True,100,5,32,True
1.5935634,1.8293391,3.6352246,1.0360576,0.0,4.9436955,0.0,0.0,2.8482087,2.0156815,0.0,1.296575,2.2057433,1.5288961,4.597691,4.068181,2021-02-09,16,0.2,True,100,5,32,True
1.6082957,1.866142,3.6752038,1.0418249,0.0,4.9726434,0.0,0.0,2.876513,2.0179374,0.0,1.2991453,2.1651833,1.5676801,4.5929832,4.1195774,2021-02-10,16,0.2,True,100,5,32,True
1.6229112,1.9000503,3.7145655,1.0456111,0.0,5.0046167,0.0,0.0,2.9027536,2.019476,0.0,1.30083,2.1342955,1.6003426,4.5921206,4.166541,2021-02-15,16,0.2,True,100,5,32,True
1.633794,1.9318888,3.7494552,1.0539343,0.0,5.028469,0.0,0.0,2.925877,2.022492,0.0,1.3023753,2.1021812,1.633556,4.5889,4.209567,2021-02-16,16,0.2,True,100,5,32,True
1.6434476,1.9647837,3.778138,1.0668074,0.0,5.051742,0.0,0.0,2.9468508,2.0226269,0.0,1.3042885,2.0718946,1.6579566,4.5844607,4.248868,2021-02-17,16,0.2,True,100,5,32,True
1.6528649,1.9897778,3.8004146,1.0725102,0.0,5.068244,0.0,0.0,2.9626305,2.0192113,0.0,1.3050773,2.0487144,1.678284,4.5881114,4.2752643,2021-02-18,16,0.2,True,100,5,32,True
1.6585935,2.0162358,3.8201406,1.078339,0.0,5.0738897,0.0,0.0,2.979484,2.017891,0.0,1.3092083,2.0156984,1.7055466,4.5908046,4.301225,2021-02-19,16,0.2,True,100,5,32,True
1.6657536,2.0317035,3.8355038,1.0777501,0.0,5.0863824,0.0,0.0,2.9905405,2.0167613,0.0,1.3134799,2.007192,1.7181259,4.6006584,4.316713,2021-02-22,16,0.2,True,100,5,32,True
1.6614627,2.0441878,3.844712,1.0822971,0.0,5.104987,0.0,0.0,2.9923966,2.0196958,0.0,1.3210357,2.0133832,1.7135773,4.6082654,4.3319526,2021-02-23,16,0.2,True,100,5,32,True
1.6508828,2.0551336,3.8447468,1.0928607,0.0,5.106848,0.0,0.0,2.9885917,2.0203338,0.0,1.3253205,2.0096154,1.7095801,4.6072125,4.3405547,2021-02-24,16,0.2,True,100,5,32,True
1.6392869,2.0607677,3.8441608,1.0943065,0.0,5.0955067,0.0,0.0,2.9801874,2.016806,0.0,1.3242404,2.0029726,1.7144915,4.609376,4.337681,2021-02-25,16,0.2,True,100,5,32,True
1.6277553,2.0638237,3.8439271,1.0985807,0.0,5.094899,0.0,0.0,2.972056,2.0167468,0.0,1.3224463,2.009397,1.7090827,4.6109347,4.335521,2021-02-26,16,0.2,True,100,5,32,True
1.6120433,2.0652578,3.8404129,1.1025466,0.0,5.0948987,0.0,0.0,2.9605277,2.0174463,0.0,1.3208293,2.0210667,1.6963607,4.6112776,4.328477,2021-03-02,16,0.2,True,100,5,32,True
1.5936754,2.0605052,3.837944,1.1065701,0.0,5.088487,0.0,0.0,2.9446669,2.0211556,0.0,1.3173386,2.0357475,1.6874182,4.613008,4.32168,2021-03-03,16,0.2,True,100,5,32,True
1.5768324,2.0675786,3.8458562,1.1180128,0.0,5.067554,0.0,0.0,2.9398983,2.0288074,0.0,1.3125489,2.0169652,1.7079822,4.608761,4.332456,2021-03-04,16,0.2,True,100,5,32,True
1.5654806,2.0762904,3.8568707,1.1244122,0.0,5.0419087,0.0,0.0,2.935301,2.0290694,0.0,1.3034002,1.9910761,1.7349266,4.6021338,4.3405147,2021-03-05,16,0.2,True,100,5,32,True
1.550193,2.075924,3.859499,1.1300163,0.0,5.0192003,0.0,0.0,2.9227216,2.0290763,0.0,1.2919757,1.980935,1.7454022,4.59355,4.3397336,2021-03-08,16,0.2,True,100,5,32,True
1.5300592,2.0752618,3.85772,1.14173,0.0,4.9835625,0.0,0.0,2.9085076,2.0352983,0.0,1.2818966,1.9633611,1.7618265,4.580681,4.337331,2021-03-09,16,0.2,True,100,5,32,True
1.5103524,2.0676003,3.8485851,1.1459733,0.0,4.952974,0.0,0.0,2.8873599,2.033879,0.0,1.2693332,1.9592727,1.7603147,4.5653653,4.3228903,2021-03-10,16,0.2,True,100,5,32,True
1.4911892,2.056686,3.8385363,1.1492556,0.0,4.912072,0.0,0.0,2.864679,2.033689,0.0,1.2558763,1.9519484,1.7654426,4.5504208,4.3036613,2021-03-11,16,0.2,True,100,5,32,True
1.4697642,2.0453782,3.8244786,1.1570234,0.0,4.870263,0.0,0.0,2.841755,2.0343359,0.0,1.2434012,1.9460889,1.7661109,4.5339103,4.2838135,2021-03-12,16,0.2,True,100,5,32,True
1.4552523,2.0387924,3.8171754,1.1648043,0.0,4.828719,0.0,0.0,2.8263185,2.0330832,0.0,1.2274358,1.9306203,1.7782943,4.5200744,4.269334,2021-03-15,16,0.2,True,100,5,32,True
1.4456487,2.0364265,3.81215,1.170584,0.0,4.7928753,0.0,0.0,2.815258,2.0275326,0.0,1.2121909,1.9119816,1.7905593,4.5066943,4.256561,2021-03-16,16,0.2,True,100,5,32,True
1.4431058,2.0366569,3.813976,1.1711124,0.0,4.7610545,0.0,0.0,2.8083136,2.0153425,0.0,1.1928276,1.8887906,1.8100517,4.498442,4.24746,2021-03-17,16,0.2,True,100,5,32,True
1.4423152,2.0458899,3.826528,1.1760889,0.0,4.7198367,0.0,0.0,2.8096435,2.0043092,0.0,1.1692609,1.8477142,1.852946,4.4922347,4.2454886,2021-03-18,16,0.2,True,100,5,32,True
1.4445901,2.0407956,3.8261287,1.1710986,0.0,4.6935496,0.0,0.0,2.8053727,1.9933593,0.0,1.1552948,1.8339269,1.8677089,4.4886518,4.2326236,2021-03-19,16,0.2,True,100,5,32,True
1.4434171,2.0364785,3.8204308,1.1717176,0.0,4.660736,0.0,0.0,2.8042958,1.9906781,0.0,1.1462395,1.8177245,1.883125,4.48426,4.217452,2021-03-22,16,0.2,True,100,5,32,True
1.4397534,2.0211215,3.8070023,1.1643363,0.0,4.631825,0.0,0.0,2.7906768,1.9801885,0.0,1.1356033,1.8141086,1.8836223,4.4760327,4.1937933,2021-03-23,16,0.2,True,100,5,32,True
1.4357305,2.0123718,3.7983239,1.1571126,0.0,4.601856,0.0,0.0,2.7780085,1.9662796,0.0,1.121628,1.80409,1.8893819,4.465555,4.1741357,2021-03-24,16,0.2,True,100,5,32,True
1.428552,2.0055661,3.7896137,1.1532931,0.0,4.569157,0.0,0.0,2.761926,1.9487234,0.0,1.1058308,1.791407,1.8946311,4.450947,4.157273,2021-03-25,16,0.2,True,100,5,32,True
1.425184,1.9956113,3.7858043,1.1508952,0.0,4.5295744,0.0,0.0,2.74744,1.9328549,0.0,1.0905137,1.7782924,1.9112048,4.4394875,4.144524,2021-03-26,16,0.2,True,100,5,32,True
1.42237,1.9883487,3.7794735,1.1520882,0.0,4.497214,0.0,0.0,2.737707,1.9163047,0.0,1.0743446,1.7676595,1.9211314,4.4260154,4.1314516,2021-03-29,16,0.2,True,100,5,32,True
1.4244975,1.9755641,3.7628236,1.1506382,0.0,4.4675055,0.0,0.0,2.7291908,1.9040474,0.0,1.0647117,1.7631062,1.9183445,4.412048,4.105599,2021-03-30,16,0.2,True,100,5,32,True
1.430928,1.9520996,3.7421346,1.1373694,0.0,4.448911,0.0,0.0,2.7119658,1.8811314,0.0,1.0502247,1.7712812,1.8970845,4.396016,4.069424,2021-03-31,16,0.2,True,100,5,32,True
1.4286703,1.9361721,3.7266695,1.1375488,0.0,4.407586,0.0,0.0,2.697584,1.8658719,0.0,1.0318228,1.7595805,1.9027648,4.379811,4.044343,2021-04-01,16,0.2,True,100,5,32,True
1.4230363,1.9301519,3.7219336,1.1468948,0.0,4.358311,0.0,0.0,2.693604,1.86405,0.0,1.0136029,1.733475,1.9313463,4.3687086,4.0344434,2021-04-02,16,0.2,True,100,5,32,True
1.4201478,1.9277709,3.7235866,1.1561724,0.0,4.307104,0.0,0.0,2.6931355,1.865851,0.0,0.99516433,1.7044615,1.9686061,4.3640747,4.026349,2021-04-05,16,0.2,True,100,5,32,True
1.4198592,1.9386951,3.7250817,1.1730846,0.0,4.250665,0.0,0.0,2.699349,1.8675002,0.0,0.9772649,1.666431,2.0110738,4.361338,4.0171094,2021-04-06,16,0.2,True,100,5,32,True
1.4303377,1.9465227,3.7249546,1.175158,0.0,4.2160997,0.0,0.0,2.7027056,1.8553084,0.0,0.9620371,1.6399978,2.0314772,4.361284,3.9968786,2021-04-07,16,0.2,True,100,5,32,True
1.4372741,1.9638993,3.7332249,1.18638,0.0,4.1721663,0.0,0.0,2.7108247,1.8440925,0.0,0.93657804,1.6005282,2.0711083,4.363724,3.9864287,2021-04-08,16,0.2,True,100,5,32,True
1.4407564,2.0043335,3.7592876,1.2172172,0.0,4.108969,0.0,0.0,2.7332,1.8389188,0.0,0.90029114,1.534651,2.150401,4.366734,3.99785,2021-04-09,16,0.2,True,100,5,32,True
1.4469725,2.0342042,3.7751517,1.2355903,0.0,4.0663233,0.0,0.0,2.7491002,1.8286278,0.0,0.869512,1.4872017,2.1996396,4.3724856,3.9960525,2021-04-12,16,0.2,True,100,5,32,True
1.4548696,2.0761955,3.7965431,1.266263,0.0,4.0119443,0.0,0.0,2.7734861,1.8247154,0.0,0.84012103,1.4277523,2.2668877,4.3812737,3.997324,2021-04-13,16,0.2,True,100,5,32,True
1.4684279,2.107377,3.8029497,1.2838072,0.0,3.98674,0.0,0.0,2.7915297,1.8158395,0.0,0.8258532,1.3897709,2.2904885,4.3900642,3.9841514,2021-04-14,16,0.2,True,100,5,32,True
1.4859825,2.1295488,3.8076074,1.2961113,0.0,3.9709008,0.0,0.0,2.802948,1.8070801,0.0,0.8126644,1.3583556,2.3024304,4.3982987,3.9709704,2021-04-15,16,0.2,True,100,5,32,True
1.50363,2.1646929,3.821153,1.3233299,0.0,3.9334483,0.0,0.0,2.8239722,1.8055422,0.0,0.7970505,1.3095065,2.3442922,4.410089,3.9644375,2021-04-16,16,0.2,True,100,5,32,True
1.5165077,2.2062814,3.8363168,1.3548956,0.0,3.9043412,0.0,0.0,2.8438754,1.8012259,0.0,0.77731407,1.2605222,2.3827589,4.4200187,3.9639513,2021-04-19,16,0.2,True,100,5,32,True
1.5294653,2.239874,3.8532953,1.3746804,0.0,3.890931,0.0,0.0,2.856437,1.7913587,0.0,0.75918037,1.2231562,2.410411,4.430199,3.9665618,2021-04-20,16,0.2,True,100,5,32,True
1.5388939,2.3037329,3.8869896,1.4198881,0.0,3.8517168,0.0,0.0,2.8903723,1.7875087,0.0,0.729224,1.1592164,2.4836318,4.448324,3.9855714,2021-04-21,16,0.2,True,100,5,32,True
1.5541149,2.3443584,3.9085388,1.4402605,0.0,3.8338578,0.0,0.0,2.9104388,1.7779466,0.0,0.70775235,1.119389,2.522012,4.4653363,3.9877293,2021-04-22,16,0.2,True,100,5,32,True
1.562892,2.3817823,3.9242966,1.466564,0.0,3.8075712,0.0,0.0,2.9255087,1.7720845,0.0,0.68806756,1.0784954,2.5594857,4.4758368,3.9872432,2021-04-23,16,0.2,True,100,5,32,True
1.5706636,2.4210167,3.941579,1.4925727,0.0,3.7741342,0.0,0.0,2.9397767,1.7610118,0.0,0.6573216,1.0349532,2.6017747,4.4863667,3.9844089,2021-04-26,16,0.2,True,100,5,32,True
1.5777878,2.4619513,3.964433,1.5226372,0.0,3.7308345,0.0,0.0,2.957213,1.7545278,0.0,0.6243277,0.9873634,2.658106,4.50266,3.982445,2021-04-27,16,0.2,True,100,5,32,True
1.5831168,2.5207946,3.9971333,1.5675886,0.0,3.6651046,0.0,0.0,2.9846706,1.747886,0.0,0.5803167,0.920335,2.7448974,4.5218678,3.984521,2021-04-28,16,0.2,True,100,5,32,True
1.5915295,2.5692372,4.024457,1.5999373,0.0,3.6129348,0.0,0.0,3.0043101,1.7380362,0.0,0.5425122,0.8682069,2.8120947,4.5401154,3.978609,2021-04-29,16,0.2,True,100,5,32,True
1.6016021,2.616244,4.0501313,1.6302118,0.0,3.5578947,0.0,0.0,3.0226686,1.7263508,0.0,0.502611,0.81764287,2.8785372,4.557502,3.9668937,2021-04-30,16,0.2,True,100,5,32,True
1.6084374,2.6620367,4.0739346,1.6601923,0.0,3.5069437,0.0,0.0,3.0370355,1.7163397,0.0,0.4664284,0.7724807,2.939025,4.572031,3.9535284,2021-05-03,16,0.2,True,100,5,32,True
1.6135696,2.7007327,4.1058717,1.6786926,0.0,3.45972,0.0,0.0,3.0462205,1.7015235,0.0,0.42577496,0.73513263,2.9997704,4.5946226,3.9389944,2021-05-04,16,0.2,True,100,5,32,True
1.6190927,2.7641585,4.1560283,1.7136935,0.0,3.391692,0.0,0.0,3.0733612,1.6865176,0.0,0.37285987,0.67719316,3.0991483,4.626632,3.9347587,2021-05-06,16,0.2,True,100,5,32,True
1.6314062,2.8198502,4.2066383,1.7416201,0.0,3.3213568,0.0,0.0,3.0999908,1.6677731,0.0,0.31716925,0.623467,3.1987183,4.662963,3.9235504,2021-05-07,16,0.2,True,100,5,32,True
1.6450677,2.870776,4.258022,1.764904,0.0,3.254732,0.0,0.0,3.1270394,1.6488328,0.0,0.26166648,0.5737897,3.296308,4.7009864,3.9133794,2021-05-10,16,0.2,True,100,5,32,True
1.6604184,2.9108694,4.2991033,1.7872636,0.0,3.2118192,0.0,0.0,3.1543717,1.6397297,0.0,0.22037707,0.53864545,3.3660812,4.736563,3.908611,2021-05-11,16,0.2,True,100,5,32,True
1.6734914,2.9443393,4.337416,1.801826,0.0,3.1820018,0.0,0.0,3.1705537,1.6226906,0.0,0.17635079,0.510784,3.4200416,4.7663364,3.9041538,2021-05-12,16,0.2,True,100,5,32,True
1.6820183,2.983239,4.37168,1.8230745,0.0,3.1410513,0.0,0.0,3.1840959,1.6040338,0.0,0.13256235,0.47830793,3.477733,4.7908363,3.895208,2021-05-13,16,0.2,True,100,5,32,True
1.6931709,3.0143359,4.4013963,1.8337835,0.0,3.1102216,0.0,0.0,3.1920602,1.5819863,0.0,0.094691806,0.45498618,3.5201342,4.812579,3.8823953,2021-05-14,16,0.2,True,100,5,32,True
1.6990256,3.042626,4.428344,1.8433223,0.0,3.090212,0.0,0.0,3.1949298,1.5601789,0.0,0.053892232,0.4386781,3.5515306,4.830581,3.8747334,2021-05-17,16,0.2,True,100,5,32,True
1.7032995,3.0693183,4.454036,1.8513674,0.0,3.065235,0.0,0.0,3.1921546,1.5313735,0.0,0.008606773,0.42275155,3.582539,4.844231,3.8623238,2021-05-18,16,0.2,True,100,5,32,True
1.7110147,3.093607,4.4775624,1.8610088,0.0,3.0338767,0.0,0.0,3.19084,1.5036249,0.0,0.0,0.40615502,3.6159618,4.85792,3.8468556,2021-05-20,16,0.2,True,100,5,32,True
1.7186701,3.119891,4.4991093,1.8745197,0.0,2.993797,0.0,0.0,3.1937392,1.480376,0.0,0.0,0.38525745,3.6561167,4.8705673,3.829932,2021-05-21,16,0.2,True,100,5,32,True
1.7207785,3.144169,4.518252,1.8876565,0.0,2.9643507,0.0,0.0,3.1903722,1.4565306,0.0,0.0,0.37006888,3.686867,4.8781686,3.8200464,2021-05-24,16,0.2,True,100,5,32,True
1.7242163,3.1637654,4.5363317,1.8966155,0.0,2.9339964,0.0,0.0,3.183265,1.4292408,0.0,0.0,0.356811,3.7162223,4.884432,3.8071978,2021-05-25,16,0.2,True,100,5,32,True
1.7273436,3.1909878,4.5506253,1.9175326,0.0,2.8972309,0.0,0.0,3.1841526,1.409426,0.0,0.0,0.3374298,3.7509804,4.8890724,3.7980864,2021-05-26,16,0.2,True,100,5,32,True
1.7344775,3.2060962,4.568073,1.9213486,0.0,2.8761268,0.0,0.0,3.1736016,1.3755904,0.0,0.0,0.32625598,3.7742894,4.8926525,3.7891407,2021-05-27,16,0.2,True,100,5,32,True
1.7427258,3.23043,4.5821557,1.934653,0.0,2.8424275,0.0,0.0,3.1725695,1.3441895,0.0,0.0,0.3059428,3.8066635,4.8976774,3.7784126,2021-05-28,16,0.2,True,100,5,32,True
1.7499975,3.2549508,4.59266,1.9503601,0.0,2.8078616,0.0,0.0,3.1731887,1.3134127,0.0,0.0,0.28356484,3.8397992,4.900082,3.7684555,2021-05-31,16,0.2,True,100,5,32,True
1.7599763,3.272586,4.603532,1.955437,0.0,2.7831016,0.0,0.0,3.1693282,1.2777871,0.0,0.0,0.2639387,3.8694963,4.902414,3.7582946,2021-06-01,16,0.2,True,100,5,32,True
1.7718583,3.295346,4.6091437,1.9690626,0.0,2.75264,0.0,0.0,3.170046,1.2479556,0.0,0.0,0.2371496,3.903697,4.898705,3.7485533,2021-06-02,16,0.2,True,100,5,32,True
1.7845739,3.3194165,4.6161566,1.9825974,0.0,2.7221549,0.0,0.0,3.172061,1.2167156,0.0,0.0,0.20804486,3.9396355,4.8949127,3.7407794,2021-06-03,16,0.2,True,100,5,32,True
1.7956868,3.346953,4.6199245,2.0003285,0.0,2.6914637,0.0,0.0,3.1767628,1.192123,0.0,0.0,0.17702633,3.9770558,4.8902516,3.7340097,2021-06-04,16,0.2,True,100,5,32,True
1.810498,3.3773568,4.6224527,2.0209825,0.0,2.6655562,0.0,0.0,3.192008,1.1776782,0.0,0.0,0.14526314,4.014329,4.888592,3.7279794,2021-06-07,16,0.2,True,100,5,32,True
1.8205031,3.397157,4.6379385,2.0293388,0.0,2.663193,0.0,0.0,3.1889844,1.1463927,0.0,0.0,0.13145392,4.0373755,4.8895235,3.7353492,2021-06-08,16,0.2,True,100,5,32,True
1.82536,3.4304283,4.6404734,2.0563216,0.0,2.6449912,0.0,0.0,3.2041776,1.1384125,0.0,0.0,0.101598725,4.0729017,4.887654,3.7447882,2021-06-09,16,0.2,True,100,5,32,True
1.82966,3.4539752,4.643652,2.0713763,0.0,2.638631,0.0,0.0,3.2054698,1.1187329,0.0,0.0,0.082763806,4.0938582,4.882357,3.7507658,2021-06-10,16,0.2,True,100,5,32,True
1.8321677,3.4760802,4.6447825,2.0865006,0.0,2.6332374,0.0,0.0,3.2062852,1.1030307,0.0,0.0,0.066003814,4.111997,4.878272,3.7577415,2021-06-11,16,0.2,True,100,5,32,True
1.8325633,3.5030913,4.6445136,2.109608,0.0,2.6220975,0.0,0.0,3.213833,1.097577,0.0,0.0,0.04561905,4.137939,4.877301,3.7665231,2021-06-14,16,0.2,True,100,5,32,True
1.8344814,3.5321367,4.637,2.134774,0.0,2.6129646,0.0,0.0,3.2257726,1.0924455,0.0,0.0,0.022873335,4.158398,4.8731246,3.7736948,2021-06-15,16,0.2,True,100,5,32,True
1.841416,3.554036,4.635114,2.1507294,0.0,2.6129537,0.0,0.0,3.2330732,1.081661,0.0,0.0,0.007240489,4.1706614,4.872521,3.7802315,2021-06-16,16,0.2,True,100,5,32,True
1.8509831,3.5791817,4.6292915,2.1735206,0.0,2.6124568,0.0,0.0,3.2580092,1.0848112,0.0,0.0,0.0,4.1843657,4.8711867,3.789075,2021-06-17,16,0.2,True,100,5,32,True
1.8557304,3.607576,4.62658,2.2032018,0.0,2.6014452,0.0,0.0,3.2921233,1.0980234,0.0,0.0,0.0,4.2095222,4.876787,3.8020341,2021-06-18,16,0.2,True,100,5,32,True
1.8581266,3.6303024,4.6217613,2.2262578,0.0,2.606444,0.0,0.0,3.3200822,1.1114603,0.0,0.0,0.0,4.2189293,4.8806586,3.819734,2021-06-21,16,0.2,True,100,5,32,True
1.8578786,3.6505494,4.617035,2.2446682,0.0,2.6146731,0.0,0.0,3.3437963,1.123457,0.0,0.0,0.0,4.2249613,4.8837123,3.835993,2021-06-22,16,0.2,True,100,5,32,True
1.8641037,3.6652296,4.6051216,2.25499,0.0,2.6301386,0.0,0.0,3.3599064,1.1211989,0.0,0.0,0.0,4.2152896,4.8801546,3.8450122,2021-06-23,16,0.2,True,100,5,32,True
1.8715035,3.6726277,4.597886,2.2588327,0.0,2.6554637,0.0,0.0,3.3731232,1.1266466,0.0,0.0,0.0,4.202875,4.883676,3.852975,2021-06-24,16,0.2,True,100,5,32,True
1.8765699,3.6830277,4.600011,2.264458,0.0,2.6810088,0.0,0.0,3.3880405,1.1349629,0.0,0.0,0.0,4.1986947,4.8925195,3.8664155,2021-06-25,16,0.2,True,100,5,32,True
1.8839998,3.6965685,4.6073513,2.277402,0.0,2.7020662,0.0,0.0,3.4150422,1.1584327,0.0,0.0,0.0,4.2028203,4.911543,3.8839698,2021-06-28,16,0.2,True,100,5,32,True
1.8849941,3.716105,4.6113935,2.2962835,0.0,2.7204602,0.0,0.0,3.4447045,1.1864699,0.0,0.0,0.0,4.21076,4.925182,3.9054697,2021-06-29,16,0.2,True,100,5,32,True
1.889666,3.732986,4.6161175,2.3123353,0.0,2.7317464,0.0,0.0,3.4732153,1.2107688,0.0,0.0,0.0,4.2234235,4.938854,3.9176204,2021-06-30,16,0.2,True,100,5,32,True
1.8967242,3.7466617,4.614676,2.3255613,0.0,2.7453115,0.0,0.0,3.4991326,1.2319024,0.0,0.0,0.0,4.2278714,4.9478154,3.9256132,2021-07-01,16,0.2,True,100,5,32,True
1.9006875,3.7607,4.615895,2.3359976,0.0,2.7570887,0.0,0.0,3.5203156,1.2509444,0.0,0.0,0.0,4.2335987,4.9559364,3.9305317,2021-07-02,16,0.2,True,100,5,32,True
1.9013418,3.778811,4.6160254,2.3499048,0.0,2.7617261,0.0,0.0,3.540992,1.2670579,0.0,0.0,0.0,4.243239,4.9590254,3.9340682,2021-07-05,16,0.2,True,100,5,32,True
1.9026564,3.794525,4.617569,2.3617165,0.0,2.7658672,0.0,0.0,3.5584357,1.2831696,0.0,0.0,0.0,4.250659,4.962504,3.9360359,2021-07-06,16,0.2,True,100,5,32,True
1.9003825,3.8093584,4.6172476,2.3748384,0.0,2.7693772,0.0,0.0,3.5700057,1.295909,0.0,0.0,0.0,4.2548695,4.960818,3.9395432,2021-07-07,16,0.2,True,100,5,32,True
1.8974662,3.8232992,4.617414,2.3904746,0.0,2.7683206,0.0,0.0,3.5838168,1.3158599,0.0,0.0,0.0,4.261397,4.9632998,3.9424124,2021-07-08,16,0.2,True,100,5,32,True
1.8953896,3.8361182,4.6179404,2.4063692,0.0,2.7625258,0.0,0.0,3.5974634,1.3369393,0.0,0.0,0.0,4.267859,4.968156,3.9428103,2021-07-09,16,0.2,True,100,5,32,True
1.8881243,3.8547723,4.6132956,2.4210656,0.0,2.7590525,0.0,0.0,3.6044767,1.3477757,0.0,0.0,0.0,4.267665,4.962409,3.9434152,2021-07-12,16,0.2,True,100,5,32,True
1.8873259,3.8726318,4.592228,2.437718,0.0,2.7526817,0.0,0.0,3.6174765,1.3640933,0.0,0.0,0.0,4.2601476,4.947509,3.9335318,2021-07-13,16,0.2,True,100,5,32,True
1.8800603,3.8697915,4.604822,2.4352632,0.0,2.7633126,0.0,0.0,3.6004062,1.3609372,0.0,0.0,0.0,4.255306,4.94963,3.9436166,2021-07-14,16,0.2,True,100,5,32,True
1.8736037,3.87552,4.602748,2.4434903,0.0,2.7686806,0.0,0.0,3.5948515,1.3698385,0.0,0.0,0.0,4.2492204,4.9465213,3.9503121,2021-07-15,16,0.2,True,100,5,32,True
1.8715925,3.874805,4.608899,2.4434497,0.0,2.7814388,0.0,0.0,3.583337,1.368787,0.0,0.0,0.0,4.2412057,4.946246,3.9585993,2021-07-16,16,0.2,True,100,5,32,True
1.8654808,3.886027,4.60277,2.4541812,0.0,2.7886112,0.0,0.0,3.5798006,1.3721792,0.0,0.0,0.0,4.2336545,4.939748,3.9672873,2021-07-19,16,0.2,True,100,5,32,True
1.8597912,3.8971572,4.591583,2.4644923,0.0,2.7934859,0.0,0.0,3.5753877,1.373249,0.0,0.0,0.0,4.2242193,4.9299426,3.971635,2021-07-20,16,0.2,True,100,5,32,True
1.8535684,3.8988383,4.5946317,2.4632537,0.0,2.8094666,0.0,0.0,3.5591385,1.3668845,0.0,0.0,0.0,4.210791,4.9277234,3.980612,2021-07-21,16,0.2,True,100,5,32,True
1.8441963,3.909541,4.588871,2.470046,0.0,2.8193388,0.0,0.0,3.5503128,1.3686303,0.0,0.0,0.0,4.1989493,4.9210944,3.988723,2021-07-22,16,0.2,True,100,5,32,True
1.8421983,3.9169629,4.579465,2.4751415,0.0,2.8267045,0.0,0.0,3.544965,1.3680123,0.0,0.0,0.0,4.184648,4.912784,3.990863,2021-07-23,16,0.2,True,100,5,32,True
1.8360058,3.916678,4.5733705,2.473163,0.0,2.8397741,0.0,0.0,3.5309052,1.3636537,0.0,0.0,0.0,4.1673384,4.9035788,3.9949446,2021-07-26,16,0.2,True,100,5,32,True
1.8258424,3.9219651,4.5642858,2.4786394,0.0,2.8387952,0.0,0.0,3.5218482,1.3631116,0.0,0.0,0.0,4.157687,4.89894,3.9975226,2021-07-27,16,0.2,True,100,5,32,True
1.8073688,3.9282181,4.5553637,2.4887874,0.0,2.8286753,0.0,0.0,3.5101318,1.3634963,0.0,0.0,0.0,4.155891,4.896423,4.002128,2021-07-28,16,0.2,True,100,5,32,True
1.7834847,3.941029,4.5404644,2.504836,0.0,2.8167305,0.0,0.0,3.4995215,1.3654212,0.0,0.0,0.0,4.1518264,4.88763,4.0095162,2021-07-29,16,0.2,True,100,5,32,True
1.7611148,3.9554863,4.5233154,2.5232153,0.0,2.8015993,0.0,0.0,3.4925756,1.3702667,0.0,0.0,0.0,4.149683,4.877236,4.0155416,2021-07-30,16,0.2,True,100,5,32,True
1.7379233,3.9700358,4.5033174,2.5419452,0.0,2.7792811,0.0,0.0,3.4848037,1.3739551,0.0,0.0,0.0,4.1492677,4.8651533,4.0162435,2021-08-02,16,0.2,True,100,5,32,True
1.71727,3.9885585,4.4823194,2.5639384,0.0,2.753341,0.0,0.0,3.4772813,1.37267,0.0,0.0,0.0,4.1499376,4.8489175,4.0163264,2021-08-03,16,0.2,True,100,5,32,True
1.7003357,4.0030417,4.452868,2.590598,0.0,2.7099938,0.0,0.0,3.4748044,1.3751564,0.0,0.0,0.0,4.1571093,4.834359,4.004909,2021-08-04,16,0.2,True,100,5,32,True
1.6818478,4.0143237,4.427733,2.6070569,0.0,2.6927614,0.0,0.0,3.460314,1.3658277,0.0,0.0,0.0,4.1484118,4.809679,4.0037565,2021-08-05,16,0.2,True,100,5,32,True
1.6591111,4.0288477,4.3976903,2.6273837,0.0,2.6780624,0.0,0.0,3.449429,1.3607299,0.0,0.0,0.0,4.136678,4.7854085,4.006644,2021-08-06,16,0.2,True,100,5,32,True
1.6392883,4.0441,4.3600774,2.6483595,0.0,2.662886,0.0,0.0,3.4455044,1.3584298,0.0,0.0,0.0,4.121645,4.7611737,4.005636,2021-08-09,16,0.2,True,100,5,32,True
1.6199504,4.048624,4.332797,2.6557796,0.0,2.6659045,0.0,0.0,3.432995,1.3536985,0.0,0.0,0.0,4.0987053,4.7384777,4.0088873,2021-08-10,16,0.2,True,100,5,32,True
1.596837,4.054988,4.304819,2.6667383,0.0,2.6574948,0.0,0.0,3.4216352,1.3515017,0.0,0.0,0.0,4.0845413,4.716621,4.008386,2021-08-11,16,0.2,True,100,5,32,True
1.5765738,4.0647035,4.264403,2.6814969,0.0,2.6385047,0.0,0.0,3.4188118,1.3547877,0.0,0.0,0.0,4.0700526,4.69058,3.9967833,2021-08-12,16,0.2,True,100,5,32,True
1.5601826,4.066454,4.2465653,2.6841655,0.0,2.6271253,0.0,0.0,3.4082975,1.3507948,0.0,0.0,0.0,4.0622363,4.6759815,3.9906204,2021-08-13,16,0.2,True,100,5,32,True
1.5434937,4.072345,4.22145,2.68987,0.0,2.6140912,0.0,0.0,3.4002426,1.349593,0.0,0.0,0.0,4.0499706,4.6565404,3.9820578,2021-08-17,16,0.2,True,100,5,32,True
1.5271633,4.06947,4.2005897,2.6903389,0.0,2.5967793,0.0,0.0,3.3881927,1.3489828,0.0,0.0,0.0,4.040457,4.6383486,3.9675288,2021-08-18,16,0.2,True,100,5,32,True
1.5126445,4.0560393,4.187792,2.68207,0.0,2.582735,0.0,0.0,3.3658729,1.336572,0.0,0.0,0.0,4.027461,4.6215425,3.9524567,2021-08-19,16,0.2,True,100,5,32,True
1.4943719,4.0500646,4.166168,2.6787777,0.0,2.5618908,0.0,0.0,3.346525,1.3266842,0.0,0.0,0.0,4.0136533,4.600237,3.9322662,2021-08-20,16,0.2,True,100,5,32,True
1.4801224,4.034911,4.1522994,2.6689548,0.0,2.5412936,0.0,0.0,3.3238726,1.3168981,0.0,0.0,0.0,4.000661,4.58452,3.9078753,2021-08-23,16,0.2,True,100,5,32,True
1.4650354,4.0188637,4.1409783,2.661828,0.0,2.5187175,0.0,0.0,3.3010418,1.3100917,0.0,0.0,0.0,3.991957,4.570015,3.885252,2021-08-24,16,0.2,True,100,5,32,True
1.4455936,4.0085645,4.117955,2.6622677,0.0,2.4978905,0.0,0.0,3.2789147,1.3047568,0.0,0.0,0.0,3.9772468,4.5459757,3.8677835,2021-08-25,16,0.2,True,100,5,32,True
1.4280292,3.9856775,4.1027675,2.654608,0.0,2.4846182,0.0,0.0,3.2496736,1.2944101,0.0,0.0,0.0,3.959316,4.5240827,3.8542776,2021-08-26,16,0.2,True,100,5,32,True
1.4069399,3.9714358,4.08193,2.652974,0.0,2.4649801,0.0,0.0,3.2232401,1.2838566,0.0,0.0,0.0,3.944088,4.498146,3.8405612,2021-08-27,16,0.2,True,100,5,32,True
1.388259,3.9548693,4.0569053,2.6513934,0.0,2.4431431,0.0,0.0,3.2002888,1.2745594,0.0,0.0,0.0,3.9261465,4.4730954,3.823598,2021-08-30,16,0.2,True,100,5,32,True
1.3731264,3.9313138,4.040663,2.642153,0.0,2.4335501,0.0,0.0,3.1754923,1.2625723,0.0,0.0,0.0,3.9047008,4.454296,3.8106368,2021-08-31,16,0.2,True,100,5,32,True
1.3637656,3.9081628,4.031192,2.631521,0.0,2.428421,0.0,0.0,3.1554523,1.2507057,0.0,0.0,0.0,3.8870144,4.441681,3.8004043,2021-09-01,16,0.2,True,100,5,32,True
1.3568225,3.885162,4.026462,2.6184528,0.0,2.4265513,0.0,0.0,3.1384475,1.237286,0.0,0.0,0.0,3.870927,4.4334373,3.7903512,2021-09-02,16,0.2,True,100,5,32,True
1.343878,3.8749826,4.018587,2.6119583,0.0,2.422354,0.0,0.0,3.1229584,1.2222222,0.0,0.0,0.0,3.8557274,4.422478,3.7842276,2021-09-03,16,0.2,True,100,5,32,True
1.3347967,3.8737109,3.9955041,2.6164749,0.0,2.4048817,0.0,0.0,3.1181824,1.2107004,0.0,0.0,0.0,3.8419974,4.4063325,3.7709515,2021-09-06,16,0.2,True,100,5,32,True
1.3237597,3.8653247,3.979158,2.6124914,0.0,2.401191,0.0,0.0,3.1058838,1.1959522,0.0,0.0,0.0,3.8215806,4.388765,3.7633247,2021-09-07,16,0.2,True,100,5,32,True
1.3200679,3.8587296,3.9646137,2.612518,0.0,2.3883705,0.0,0.0,3.1034946,1.1899468,0.0,0.0,0.0,3.8135188,4.375493,3.7505362,2021-09-08,16,0.2,True,100,5,32,True
1.3144865,3.8507454,3.9497736,2.6080816,0.0,2.3813312,0.0,0.0,3.0954273,1.178662,0.0,0.0,0.00077139586,3.798831,4.356404,3.7395976,2021-09-09,16,0.2,True,100,5,32,True
1.3105098,3.831836,3.9461699,2.592944,0.0,2.3775008,0.0,0.0,3.0798588,1.1670632,0.0,0.0,0.00812944,3.7853408,4.3418384,3.7264826,2021-09-10,16,0.2,True,100,5,32,True
1.3062252,3.808671,3.9433079,2.574064,0.0,2.3757803,0.0,0.0,3.0601058,1.152505,0.0,0.0,0.018475357,3.767848,4.3265195,3.7136397,2021-09-13,16,0.2,True,100,5,32,True
1.3051896,3.7827165,3.9460135,2.5541065,0.0,2.3726025,0.0,0.0,3.0409908,1.1382257,0.0,0.0,0.028095964,3.7559934,4.315205,3.700201,2021-09-14,16,0.2,True,100,5,32,True
1.3069402,3.7566926,3.9533877,2.5327485,0.0,2.364122,0.0,0.0,3.0203686,1.1126585,0.0,0.0,0.036771446,3.7507598,4.3091187,3.688878,2021-09-15,16,0.2,True,100,5,32,True
1.3044358,3.735875,3.9607532,2.5158427,0.0,2.3476024,0.0,0.0,2.9991093,1.085939,0.0,0.0,0.039971083,3.7530816,4.303805,3.6767917,2021-09-16,16,0.2,True,100,5,32,True
1.2971507,3.7064347,3.9690344,2.4918213,0.0,2.334372,0.0,0.0,2.9680762,1.0553377,0.0,0.0,0.045816734,3.7508953,4.294552,3.6645136,2021-09-17,16,0.2,True,100,5,32,True
1.2846029,3.7003994,3.9617388,2.4864883,0.0,2.308929,0.0,0.0,2.9486277,1.033354,0.0,0.0,0.04518027,3.7523837,4.2802043,3.6535916,2021-09-23,16,0.2,True,100,5,32,True
1.2763827,3.7057822,3.9425063,2.4913738,0.0,2.2738917,0.0,0.0,2.9406192,1.0203074,0.0,0.0,0.036311816,3.7592301,4.2607245,3.6353636,2021-09-24,16,0.2,True,100,5,32,True
1.2698144,3.694735,3.9411228,2.479937,0.0,2.252565,0.0,0.0,2.9174616,0.9945103,0.0,0.0,0.034189258,3.7615678,4.2452035,3.6212935,2021-09-27,16,0.2,True,100,5,32,True
1.2643185,3.6772735,3.9480412,2.4622164,0.0,2.239891,0.0,0.0,2.889433,0.96501493,0.0,0.0,0.03630466,3.7618575,4.2333117,3.6105058,2021-09-28,16,0.2,True,100,5,32,True
1.2541643,3.681349,3.9372754,2.4654388,0.0,2.212931,0.0,0.0,2.8739774,0.9512434,0.0,0.0,0.032142043,3.7675986,4.216588,3.5980175,2021-09-29,16,0.2,True,100,5,32,True
1.2435812,3.6760962,3.9381044,2.4599586,0.0,2.1932886,0.0,0.0,2.8479993,0.93435264,0.0,0.0,0.033893295,3.7709332,4.202955,3.5874543,2021-09-30,16,0.2,True,100,5,32,True
1.2337037,3.6755886,3.9341815,2.4613633,0.0,2.1715703,0.0,0.0,2.8284419,0.92272365,0.0,0.0,0.0365541,3.7749798,4.1916714,3.5777667,2021-10-01,16,0.2,True,100,5,32,True
1.2180961,3.6834803,3.925592,2.4684274,0.0,2.1413627,0.0,0.0,2.8029969,0.90953934,0.0,0.0,0.036507603,3.7800503,4.171633,3.5670564,2021-10-05,16,0.2,True,100,5,32,True
1.1999168,3.6932652,3.907661,2.4832377,0.0,2.0962431,0.0,0.0,2.7783186,0.9053215,0.0,0.0,0.03413458,3.7885537,4.148916,3.5497656,2021-10-06,16,0.2,True,100,5,32,True
1.1794509,3.7108545,3.8883202,2.503754,0.0,2.0441954,0.0,0.0,2.74956,0.8944612,0.0,0.0,0.029902384,3.800119,4.1212726,3.5338633,2021-10-07,16,0.2,True,100,5,32,True
1.1612772,3.734462,3.8624718,2.5329294,0.0,1.9812486,0.0,0.0,2.7256577,0.8793515,0.0,0.0,0.017691463,3.8192525,4.090002,3.5159476,2021-10-08,16,0.2,True,100,5,32,True
1.1471183,3.7332878,3.847528,2.539968,0.0,1.9390793,0.012043859,0.0,2.6876683,0.8487128,0.0,0.0,0.016867757,3.8223941,4.060059,3.500577,2021-10-12,16,0.2,True,100,5,32,True
1.1219118,3.732035,3.821702,2.55045,0.0,1.8931781,0.03455713,0.0,2.6455271,0.8253379,0.0,0.0,0.017159041,3.8205492,4.023191,3.4852886,2021-10-13,16,0.2,True,100,5,32,True
1.1006838,3.7327547,3.7850547,2.5648744,0.0,1.8472059,0.053444877,0.0,2.6113348,0.8044045,0.0,0.0,0.015414633,3.8144937,3.9834168,3.467869,2021-10-14,16,0.2,True,100,5,32,True
1.0793802,3.7278085,3.7592304,2.575235,0.0,1.8075984,0.071660735,0.0,2.5776057,0.784263,0.0,0.0,0.014752675,3.8122725,3.9519653,3.4575574,2021-10-15,16,0.2,True,100,5,32,True
1.0544075,3.7453015,3.7187684,2.6075444,0.0,1.7528707,0.10405249,0.0,2.5617073,0.77766126,0.0,0.0,0.003362365,3.8201225,3.9199622,3.4507477,2021-10-18,16,0.2,True,100,5,32,True
1.0314236,3.759725,3.6802232,2.6367261,0.0,1.7044417,0.13564406,0.0,2.546658,0.7693923,0.0,0.0,0.0,3.823496,3.888827,3.4456024,2021-10-19,16,0.2,True,100,5,32,True
1.006437,3.7742414,3.6394618,2.666893,0.0,1.6561373,0.16785817,0.0,2.532956,0.76271,0.0,0.0,0.0,3.8266578,3.8560884,3.4406636,2021-10-20,16,0.2,True,100,5,32,True
0.98950833,3.7787807,3.598262,2.6879659,0.0,1.6226455,0.18377118,0.0,2.525257,0.7636017,0.0,0.0,0.0,3.8183737,3.8259964,3.4307787,2021-10-21,16,0.2,True,100,5,32,True
0.97339505,3.7842407,3.5620205,2.7074633,0.0,1.5920337,0.20039062,0.0,2.5186865,0.7637,0.0,0.0,0.0,3.8106625,3.7996974,3.4227574,2021-10-22,16,0.2,True,100,5,32,True
0.9576898,3.7916625,3.5218894,2.7287996,0.0,1.5531458,0.21965207,0.0,2.5161,0.7630721,0.0,0.0,0.0,3.8067372,3.7733269,3.4085672,2021-10-25,16,0.2,True,100,5,32,True
0.94519675,3.797234,3.4762793,2.7451224,0.0,1.522432,0.23202248,0.0,2.5144923,0.7580405,0.0,0.0,0.0,3.79256,3.7407553,3.3921554,2021-10-26,16,0.2,True,100,5,32,True
0.93370247,3.7975535,3.4397528,2.7557235,0.0,1.4965192,0.24221356,0.0,2.510743,0.7510732,0.0,0.0,0.0,3.7799115,3.713082,3.378054,2021-10-27,16,0.2,True,100,5,32,True
0.9232987,3.813563,3.3967361,2.775965,0.0,1.4699903,0.25383046,0.0,2.5171952,0.750901,0.0,0.0,0.0,3.7686794,3.6865146,3.3647583,2021-10-28,16,0.2,True,100,5,32,True
0.910829,3.823045,3.3680983,2.7883344,0.0,1.4490342,0.26517203,0.0,2.518738,0.7529763,0.0,0.0,0.0,3.7605367,3.6676087,3.355132,2021-10-29,16,0.2,True,100,5,32,True
0.8936552,3.8477259,3.3259811,2.813632,0.0,1.4187933,0.28780553,0.0,2.5251737,0.76268107,0.0,0.0,0.0,3.7509437,3.6427164,3.3450391,2021-11-01,16,0.2,True,100,5,32,True
0.8746324,3.8695333,3.2890487,2.8387156,0.0,1.3854425,0.31604454,0.0,2.524204,0.7650912,0.0,0.0,0.0,3.743741,3.61684,3.3374803,2021-11-02,16,0.2,True,100,5,32,True
0.8590207,3.9020255,3.2417386,2.8754058,0.0,1.3431008,0.34866655,0.0,2.5355382,0.77589566,0.0,0.0,0.0,3.7430081,3.5898771,3.3261056,2021-11-03,16,0.2,True,100,5,32,True
0.849873,3.903078,3.2159736,2.8814983,0.0,1.3180865,0.36459523,0.0,2.5321991,0.7734246,0.0,0.0,0.0,3.7338183,3.5693078,3.3107402,2021-11-04,16,0.2,True,100,5,32,True
0.83867,3.9129715,3.1862774,2.8911052,0.0,1.2961235,0.38345394,0.0,2.5297692,0.7713565,0.0,0.0,0.0,3.7208717,3.5456388,3.299738,2021-11-05,16,0.2,True,100,5,32,True
0.8259997,3.9227164,3.1568584,2.9005625,0.0,1.2725762,0.40081507,0.0,2.5301738,0.77867997,0.0,0.0,0.0,3.71328,3.5238485,3.2861872,2021-11-08,16,0.2,True,100,5,32,True
0.8166039,3.9204824,3.141629,2.9002566,0.0,1.2552056,0.41446638,0.0,2.5208123,0.7764615,0.0,0.0,0.0,3.7042305,3.5063741,3.2754283,2021-11-09,16,0.2,True,100,5,32,True
0.8051871,3.9274976,3.119272,2.9102988,0.0,1.2360079,0.43328834,0.0,2.5164049,0.7798996,0.0,0.0,0.0,3.6947198,3.4887888,3.2683768,2021-11-10,16,0.2,True,100,5,32,True
0.79150736,3.9351437,3.0964918,2.919566,0.0,1.216784,0.4522161,0.0,2.5111358,0.78685135,0.0,0.0,0.0,3.6853778,3.4714806,3.2606912,2021-11-11,16,0.2,True,100,5,32,True
0.7787207,3.9349597,3.084912,2.9215026,0.0,1.2020466,0.4675505,0.0,2.4983022,0.7864961,0.0,0.0,0.0,3.6779408,3.4575486,3.255838,2021-11-12,16,0.2,True,100,5,32,True
0.7699082,3.9294183,3.0849788,2.9195857,0.0,1.1939937,0.47963688,0.0,2.4864962,0.78322,0.0,0.0,0.0,3.6751974,3.4524982,3.2564306,2021-11-15,16,0.2,True,100,5,32,True
0.7639726,3.9338748,3.0759764,2.9269576,0.0,1.1882597,0.48900187,0.0,2.484868,0.78695256,0.0,0.0,0.0,3.6735132,3.4476018,3.2589252,2021-11-16,16,0.2,True,100,5,32,True
0.76374763,3.9196022,3.0979295,2.917002,0.0,1.1998307,0.48536372,0.0,2.4795253,0.7899978,0.0,0.0,0.0,3.6800048,3.4635618,3.2680259,2021-11-17,16,0.2,True,100,5,32,True
0.76068264,3.912088,3.1227868,2.9098768,0.0,1.2107348,0.48378256,0.0,2.476636,0.7986312,0.0,0.0,0.0,3.6932547,3.483798,3.2791176,2021-11-18,16,0.2,True,100,5,32,True
0.75596875,3.9089367,3.1471646,2.9081469,0.0,1.2147532,0.4874949,0.0,2.4737477,0.80937594,0.0,0.0,0.0,3.7116244,3.5037792,3.289598,2021-11-19,16,0.2,True,100,5,32,True
0.7514341,3.9001186,3.1671915,2.9026256,0.0,1.2182744,0.491354,0.0,2.4646127,0.81309307,0.0,0.0,0.0,3.721457,3.5172818,3.297449,2021-11-22,16,0.2,True,100,5,32,True
0.74469066,3.9098504,3.1669588,2.9164908,0.0,1.2104503,0.50753444,0.0,2.47134,0.8330225,0.0,0.0,0.0,3.7345817,3.5257218,3.3046753,2021-11-23,16,0.2,True,100,5,32,True
0.744576,3.8933234,3.1884382,2.9041183,0.0,1.2171961,0.5115671,0.0,2.4624043,0.8304407,0.0,0.0,0.0,3.7406971,3.53847,3.31247,2021-11-24,16,0.2,True,100,5,32,True
0.7424455,3.8802073,3.1994536,2.896489,0.0,1.2183824,0.5216548,0.0,2.4560666,0.8320193,0.0,0.0,0.0,3.744008,3.5461524,3.31758,2021-11-25,16,0.2,True,100,5,32,True
0.7360493,3.865057,3.2056124,2.8865275,0.0,1.2167933,0.5332032,0.0,2.4424393,0.82947093,0.0,0.0,0.0,3.7428503,3.5455518,3.3203368,2021-11-26,16,0.2,True,100,5,32,True
0.7281104,3.8421626,3.2133825,2.8685172,0.0,1.21421,0.54207826,0.0,2.422967,0.82439405,0.0,0.0,0.0,3.7402446,3.5438857,3.3174653,2021-11-29,16,0.2,True,100,5,32,True
0.71624744,3.8150842,3.2248266,2.8493483,0.0,1.204771,0.5556817,0.0,2.3976219,0.8211947,0.0,0.0,0.0,3.7410157,3.5434396,3.3115134,2021-11-30,16,0.2,True,100,5,32,True
0.69665045,3.780641,3.233362,2.8225093,0.0,1.1910118,0.5717966,0.0,2.357285,0.81119746,0.0,0.0,0.0,3.7342756,3.5353954,3.3006003,2021-12-01,16,0.2,True,100,5,32,True
0.6749467,3.7492714,3.2351868,2.8053675,0.0,1.1727135,0.5915153,0.0,2.3180113,0.8065897,0.0,0.0,0.015438903,3.7276103,3.5268748,3.2911923,2021-12-02,16,0.2,True,100,5,32,True
0.65596145,3.716155,3.2365167,2.7924004,0.0,1.1559815,0.60997754,0.0,2.2800114,0.80306846,0.0,0.0,0.03733293,3.7213993,3.517659,3.2857764,2021-12-03,16,0.2,True,100,5,32,True
0.63766617,3.6889808,3.2345445,2.7855515,0.0,1.1417701,0.62861663,0.0,2.2484787,0.8043483,0.0,0.0,0.057538465,3.7155771,3.5088403,3.2848022,2021-12-06,16,0.2,True,100,5,32,True
0.620708,3.6622155,3.2288795,2.7785223,0.0,1.1281602,0.6458686,0.0,2.2186928,0.8031935,0.0,0.0,0.07551999,3.7079237,3.496766,3.2829757,2021-12-07,16,0.2,True,100,5,32,True
0.6045577,3.6335237,3.2246644,2.769216,0.0,1.1164949,0.65968645,0.0,2.1889627,0.80083567,0.0,0.0,0.089836285,3.7013783,3.482759,3.2808337,2021-12-08,16,0.2,True,100,5,32,True
0.5916123,3.6029723,3.2276025,2.7581575,0.0,1.1099662,0.67029995,0.0,2.165931,0.8042031,0.0,0.0,0.103751734,3.698712,3.4776843,3.279949,2021-12-09,16,0.2,True,100,5,32,True
0.5818519,3.5792434,3.2293904,2.7505593,0.0,1.1074784,0.67862445,0.0,2.1472905,0.8028094,0.0,0.0,0.115198635,3.694451,3.4723034,3.2824888,2021-12-10,16,0.2,True,100,5,32,True
0.5780865,3.553943,3.237591,2.7422628,0.0,1.1096504,0.6833056,0.0,2.1345222,0.80419755,0.0,0.0,0.12544194,3.6924345,3.473561,3.2864344,2021-12-13,16,0.2,True,100,5,32,True
0.57472265,3.5281415,3.2397864,2.7322283,0.0,1.1128297,0.6857636,0.0,2.1237354,0.8064327,0.0,0.0,0.13504477,3.684933,3.4718482,3.2873034,2021-12-14,16,0.2,True,100,5,32,True
0.5698668,3.5085244,3.2363691,2.7267368,0.0,1.1141622,0.6915507,0.0,2.1150153,0.8123179,0.0,0.0,0.14303741,3.6759837,3.4673204,3.2879584,2021-12-15,16,0.2,True,100,5,32,True
0.56681246,3.5000808,3.229773,2.7289057,0.0,1.1141179,0.7002385,0.0,2.1128767,0.82102716,0.0,0.0,0.14795709,3.6702359,3.4631035,3.2902846,2021-12-16,16,0.2,True,100,5,32,True
0.5626994,3.4910963,3.2241852,2.7299001,0.0,1.1121277,0.70913714,0.0,2.1098726,0.8295249,0.0,0.0,0.15080065,3.6668231,3.457238,3.2915895,2021-12-17,16,0.2,True,100,5,32,True
0.55777943,3.4804132,3.2233477,2.7258177,0.0,1.111813,0.71295667,0.0,2.1039827,0.8332055,0.0,0.0,0.15157169,3.6640599,3.451401,3.291459,2021-12-20,16,0.2,True,100,5,32,True
0.5565837,3.4649796,3.2259312,2.7195926,0.0,1.1090662,0.714605,0.0,2.0973697,0.83645767,0.0,0.0,0.15191932,3.6623912,3.4486387,3.2863834,2021-12-21,16,0.2,True,100,5,32,True
0.55450433,3.4537668,3.2238817,2.7174928,0.0,1.1038967,0.716647,0.0,2.0919554,0.8420278,0.0,0.0,0.15186656,3.6600955,3.4441218,3.2807095,2021-12-22,16,0.2,True,100,5,32,True
0.5537334,3.4471154,3.2232263,2.7176976,0.0,1.0995945,0.7190602,0.0,2.0876002,0.8451384,0.0,0.0,0.15137374,3.6577556,3.4403577,3.2774541,2021-12-23,16,0.2,True,100,5,32,True
0.55392575,3.4384608,3.2250051,2.7165413,0.0,1.0932158,0.72143507,0.0,2.0815172,0.8443406,0.0,0.0,0.14866829,3.6569912,3.4343522,3.273882,2021-12-24,16,0.2,True,100,5,32,True
0.5487781,3.4408722,3.213515,2.7248793,0.0,1.0817671,0.72913015,0.0,2.0800853,0.8520699,0.0,0.0,0.14446232,3.6548429,3.4227371,3.2699862,2021-12-27,16,0.2,True,100,5,32,True
0.55053633,3.4264688,3.2081969,2.7200499,0.0,1.0750313,0.7262976,0.0,2.0757318,0.85292625,0.0,0.0,0.140739,3.6482267,3.4130914,3.2602725,2021-12-28,16,0.2,True,100,5,32,True
0.55525696,3.4160833,3.1990902,2.7176476,0.0,1.0709262,0.7200963,0.0,2.074883,0.8524485,0.0,0.0,0.13626269,3.638588,3.403113,3.250825,2021-12-29,16,0.2,True,100,5,32,True
0.5601219,3.408067,3.1934314,2.7136226,0.0,1.0695899,0.7127734,0.0,2.0741541,0.849545,0.0,0.0,0.13247745,3.6299882,3.3963952,3.2426958,2021-12-30,16,0.2,True,100,5,32,True
0.5650237,3.393741,3.194806,2.7019842,0.0,1.0702916,0.70173424,0.0,2.0701628,0.84454626,0.0,0.0,0.1296916,3.623115,3.394279,3.2319396,2022-01-03,16,0.2,True,100,5,32,True
0.56712115,3.388689,3.1892927,2.6990461,0.0,1.0649556,0.7036133,0.0,2.0684793,0.8432576,0.0,0.0,0.1265523,3.6171036,3.387348,3.2240474,2022-01-04,16,0.2,True,100,5,32,True
0.56202555,3.3974159,3.1737912,2.704646,0.0,1.0544268,0.7167661,0.0,2.0659451,0.84090143,0.0,0.0,0.12317401,3.6094217,3.3723705,3.2194886,2022-01-05,16,0.2,True,100,5,32,True
0.5587784,3.4041746,3.1648035,2.7089562,0.0,1.0431713,0.7307917,0.0,2.066446,0.84435695,0.0,0.0,0.12172036,3.6092963,3.3655825,3.2141564,2022-01-06,16,0.2,True,100,5,32,True
0.5570001,3.401606,3.1587603,2.7045076,0.0,1.0340537,0.7403243,0.0,2.0612326,0.8428675,0.0,0.0,0.12415238,3.6047556,3.3596444,3.204581,2022-01-07,16,0.2,True,100,5,32,True
0.5613518,3.3803535,3.1669676,2.6848664,0.0,1.0314022,0.73955506,0.0,2.0511768,0.83398074,0.0,0.0,0.12911467,3.6023226,3.360611,3.1929278,2022-01-10,16,0.2,True,100,5,32,True
0.5599102,3.3709931,3.1721752,2.6762822,0.0,1.026531,0.74896026,0.0,2.0454915,0.8370527,0.0,0.0,0.13628623,3.6063404,3.3634212,3.1887655,2022-01-11,16,0.2,True,100,5,32,True
0.55441344,3.3658514,3.1822855,2.6709075,0.0,1.0189545,0.7632605,0.0,2.0376806,0.84285796,0.0,0.0,0.14418933,3.618778,3.3683853,3.1881464,2022-01-12,16,0.2,True,100,5,32,True
0.5529822,3.364243,3.1936793,2.6714737,0.0,1.0102836,0.7804713,0.0,2.0359886,0.8461661,0.0,0.0,0.15154189,3.6364923,3.3751433,3.1919196,2022-01-13,16,0.2,True,100,5,32,True
0.5508923,3.366339,3.2016382,2.6757724,0.0,0.9965757,0.8053797,0.0,2.0337539,0.84600544,0.0,0.0,0.15816975,3.6549222,3.3770204,3.1968415,2022-01-14,16,0.2,True,100,5,32,True
0.5465864,3.3547227,3.2088096,2.6685543,0.0,0.9809855,0.8254726,0.0,2.019422,0.83659863,0.0,0.0,0.1652332,3.6654308,3.370662,3.1935327,2022-01-17,16,0.2,True,100,5,32,True
0.54187125,3.3393672,3.21194,2.6593976,0.0,0.96720445,0.8462313,0.0,2.0019965,0.82666916,0.0,0.0,0.17615792,3.6682174,3.3610008,3.189992,2022-01-18,16,0.2,True,100,5,32,True
0.5341244,3.3189762,3.212917,2.647462,0.0,0.9511709,0.86967576,0.0,1.9811506,0.81731725,0.0,0.0,0.19125417,3.667859,3.3509233,3.184182,2022-01-19,16,0.2,True,100,5,32,True
0.5217293,3.2801876,3.222921,2.6206298,0.0,0.9341992,0.8908036,0.0,1.948669,0.80547875,0.0,0.0,0.2105318,3.668274,3.3421092,3.1743674,2022-01-20,16,0.2,True,100,5,32,True
0.5052574,3.255724,3.2233677,2.608544,0.0,0.91113436,0.9213665,0.0,1.9191604,0.80010664,0.0,0.0,0.22711363,3.6714811,3.3274744,3.1690667,2022-01-21,16,0.2,True,100,5,32,True
0.48877233,3.2233713,3.225398,2.5919561,0.0,0.88565093,0.9509674,0.0,1.8862686,0.79415065,0.0,0.0,0.24506766,3.6751235,3.3137848,3.1600494,2022-01-24,16,0.2,True,100,5,32,True
0.47272602,3.1926355,3.2223182,2.577385,0.0,0.85758626,0.980209,0.0,1.8490058,0.7791319,0.0,0.0,0.26234362,3.674425,3.2944236,3.1488595,2022-01-25,16,0.2,True,100,5,32,True
0.44620624,3.165317,3.2141864,2.564727,0.0,0.8226073,1.015568,0.0,1.8071347,0.7725491,0.0,0.0,0.2828674,3.675031,3.2738152,3.1360285,2022-01-26,16,0.2,True,100,5,32,True
0.4217125,3.123082,3.213588,2.5423255,0.0,0.7879938,1.04499,0.0,1.7574716,0.7606855,0.0,0.0,0.30628443,3.675242,3.2559872,3.119171,2022-01-27,16,0.2,True,100,5,32,True
0.38842422,3.0806122,3.208017,2.521243,0.0,0.7426811,1.0812505,0.0,1.7001446,0.7527046,0.0,0.0,0.33293858,3.676398,3.2354789,3.0974045,2022-01-28,16,0.2,True,100,5,32,True
0.35400575,3.0285926,3.2011049,2.49662,0.0,0.6993098,1.1134475,0.0,1.637357,0.7396003,0.0,0.0,0.36363164,3.671088,3.2139676,3.0768507,2022-02-03,16,0.2,True,100,5,32,True
0.32616815,2.9704425,3.201375,2.4672759,0.0,0.6659474,1.1396755,0.0,1.576679,0.72441876,0.0,0.0,0.39340422,3.6649094,3.1976993,3.0595462,2022-02-04,16,0.2,True,100,5,32,True
0.30052403,2.922372,3.203492,2.4459562,0.0,0.63060164,1.1650949,0.0,1.5252883,0.7146985,0.0,0.0,0.41728595,3.66989,3.1860895,3.0436885,2022-02-07,16,0.2,True,100,5,32,True
0.28106645,2.8720741,3.2035928,2.421886,0.0,0.60034823,1.1831005,0.0,1.475457,0.6948875,0.0,0.0,0.44053406,3.6668313,3.173488,3.0260222,2022-02-08,16,0.2,True,100,5,32,True
0.2638593,2.823101,3.2016847,2.399561,0.0,0.56920356,1.1999493,0.0,1.4300395,0.6773081,0.0,0.0,0.4622498,3.6641667,3.1616623,3.005905,2022-02-09,16,0.2,True,100,5,32,True
0.25114897,2.7732918,3.1984477,2.3764985,0.0,0.5401265,1.2131933,0.0,1.3840662,0.6490157,0.0,0.0,0.48039058,3.6554813,3.1435637,2.983701,2022-02-10,16,0.2,True,100,5,32,True
0.23856866,2.7301548,3.1969981,2.357021,0.0,0.5142981,1.2288383,0.0,1.3432568,0.62371117,0.0,0.0,0.49673995,3.6482258,3.1242237,2.964487,2022-02-11,16,0.2,True,100,5,32,True
0.22771715,2.7005963,3.1886814,2.3485982,0.0,0.48602727,1.2504078,0.0,1.3102221,0.6033422,0.0,0.0,0.5112171,3.6414218,3.1021132,2.944513,2022-02-14,16,0.2,True,100,5,32,True
0.21660729,2.6718044,3.1773376,2.339534,0.0,0.4551063,1.2718204,0.0,1.273095,0.5783359,0.0,0.0,0.5230542,3.631943,3.0734932,2.91843,2022-02-15,16,0.2,True,100,5,32,True
0.20351408,2.6501906,3.1623542,2.3356626,0.0,0.41780257,1.2956039,0.0,1.2371091,0.5527755,0.0,0.0,0.5331522,3.625842,3.0431066,2.8898878,2022-02-16,16,0.2,True,100,5,32,True
0.19819495,2.624091,3.1509101,2.3297412,0.0,0.3864994,1.3108573,0.0,1.2057178,0.52330846,0.0,0.0,0.5432344,3.6176746,3.0170982,2.8598921,2022-02-17,16,0.2,True,100,5,32,True
0.19462037,2.5976267,3.129895,2.3221943,0.0,0.35722035,1.3165225,0.0,1.178885,0.49538407,0.0,0.0,0.5513607,3.6020331,2.9905279,2.8226967,2022-02-18,16,0.2,True,100,5,32,True
0.20106408,2.5705392,3.1097357,2.315417,0.0,0.33834368,1.3155209,0.0,1.1582674,0.46172196,0.0,0.0,0.56158304,3.5789325,2.9677448,2.7872305,2022-02-21,16,0.2,True,100,5,32,True
0.20290408,2.5557315,3.0928595,2.314322,0.0,0.32315823,1.3185267,0.0,1.1447209,0.4385225,0.0,0.0,0.5690355,3.563469,2.9500139,2.7614384,2022-02-22,16,0.2,True,100,5,32,True
0.20110954,2.5462782,3.0761123,2.3131084,0.0,0.30497152,1.3234541,0.0,1.1322821,0.42018434,0.0,0.0,0.5728195,3.554572,2.9330974,2.7350798,2022-02-23,16,0.2,True,100,5,32,True
0.19729389,2.5382419,3.0536675,2.3105686,0.0,0.2852212,1.3254734,0.0,1.1181695,0.39800757,0.0,0.0,0.5735744,3.5425208,2.9106512,2.7047276,2022-02-24,16,0.2,True,100,5,32,True
0.18959159,2.530494,3.0318365,2.303639,0.0,0.26623705,1.3284128,0.0,1.0973283,0.37255964,0.0,0.0,0.5743493,3.529138,2.8855717,2.6737018,2022-02-25,16,0.2,True,100,5,32,True
0.18113314,2.519757,3.0102344,2.2929974,0.0,0.24439031,1.3305732,0.0,1.0755669,0.34809726,0.0,0.0,0.5727993,3.5189958,2.859759,2.6420906,2022-02-28,16,0.2,True,100,5,32,True
0.17111239,2.5188725,2.9829688,2.291782,0.0,0.2184627,1.3354431,0.0,1.0584294,0.3266728,0.0,0.0,0.56671,3.510977,2.8309705,2.6149502,2022-03-02,16,0.2,True,100,5,32,True
0.16487879,2.515688,2.9603097,2.287309,0.0,0.19603321,1.3333877,0.0,1.0436499,0.30234426,0.0,0.0,0.55925196,3.5035582,2.8063583,2.5877287,2022-03-03,16,0.2,True,100,5,32,True
0.16711417,2.5113657,2.9450347,2.2798996,0.0,0.18164855,1.3205967,0.0,1.0337431,0.27025563,0.0,0.0,0.5508592,3.49514,2.7877643,2.5599272,2022-03-04,16,0.2,True,100,5,32,True
0.16850063,2.523468,2.9359603,2.2829254,0.0,0.16769978,1.314389,0.0,1.030479,0.24158204,0.0,0.0,0.539126,3.496537,2.7737553,2.5430443,2022-03-07,16,0.2,True,100,5,32,True
0.16450003,2.539375,2.9247887,2.2870486,0.0,0.15567265,1.3140764,0.0,1.0271364,0.22177409,0.0,0.0,0.5328953,3.4966087,2.7646904,2.5294988,2022-03-08,16,0.2,True,100,5,32,True
0.1535647,2.5617118,2.9115748,2.2947001,0.0,0.14274113,1.3214914,0.0,1.0194361,0.20846061,0.0,0.0,0.5277851,3.4976552,2.752999,2.522815,2022-03-10,16,0.2,True,100,5,32,True
0.14812559,2.574741,2.8987072,2.2967625,0.0,0.13281015,1.3121206,0.0,1.0117433,0.1950441,0.0,0.0,0.52354664,3.496194,2.7482731,2.5081575,2022-03-11,16,0.2,True,100,5,32,True
0.14616613,2.593208,2.8844078,2.3072495,0.0,0.1268062,1.3028688,0.0,1.008537,0.17926466,0.0,0.0,0.52186495,3.489379,2.7442293,2.500204,2022-03-14,16,0.2,True,100,5,32,True
0.1417054,2.6191647,2.8729558,2.3208303,0.0,0.1158204,1.2939675,0.0,1.005484,0.16593489,0.0,0.0,0.51671004,3.4924393,2.7434592,2.4911304,2022-03-15,16,0.2,True,100,5,32,True
0.12664245,2.660706,2.862669,2.3414834,0.0,0.09840857,1.3002627,0.0,0.9998639,0.1560661,0.0,0.0,0.5069578,3.5061445,2.7374275,2.4924304,2022-03-16,16,0.2,True,100,5,32,True
0.11265537,2.703834,2.8515623,2.3674235,0.0,0.07851669,1.3075403,0.0,0.99572426,0.14712118,0.0,0.0,0.4973429,3.521252,2.7325363,2.4958153,2022-03-17,16,0.2,True,100,5,32,True
0.104731455,2.7416341,2.8462136,2.3909976,0.0,0.062496994,1.3109465,0.0,0.9965334,0.13499576,0.0,0.0,0.48828593,3.5373452,2.732538,2.5015569,2022-03-18,16,0.2,True,100,5,32,True
0.0971977,2.7780414,2.8368068,2.4147532,0.0,0.047555685,1.3166221,0.0,0.9982895,0.1231084,0.0,0.0,0.47822133,3.5477803,2.7280133,2.5087757,2022-03-21,16,0.2,True,100,5,32,True
0.09445335,2.7994957,2.825557,2.4287727,0.0,0.036413457,1.3109742,0.0,0.9993954,0.11352374,0.0,0.0,0.47213504,3.549217,2.7275999,2.5056293,2022-03-22,16,0.2,True,100,5,32,True
0.088015445,2.8236911,2.8148463,2.439775,0.0,0.025546044,1.3085798,0.0,0.99767864,0.10397111,0.0,0.0,0.46229947,3.5521147,2.722609,2.5046594,2022-03-23,16,0.2,True,100,5,32,True
0.084287874,2.8538866,2.803698,2.4589713,0.0,0.0108514745,1.3105879,0.0,1.0015327,0.09605415,0.0,0.0,0.4508116,3.5597446,2.718673,2.50595,2022-03-24,16,0.2,True,100,5,32,True
0.0911288,2.8757923,2.7960997,2.4714694,0.0,0.0051571056,1.2990702,0.0,1.0092055,0.07937826,0.0,0.0,0.4415347,3.55951,2.719365,2.5013661,2022-03-25,16,0.2,True,100,5,32,True
0.0902248,2.895388,2.7900727,2.4758866,0.0,0.0,1.2874552,0.0,1.0139809,0.0737302,0.0,0.0,0.42802322,3.5696647,2.7230961,2.4902518,2022-03-28,16,0.2,True,100,5,32,True
0.09188778,2.9170618,2.781729,2.4824805,0.0,0.0,1.2749909,0.0,1.0183899,0.06330411,0.0,0.0,0.41446108,3.5760078,2.7237275,2.4799507,2022-03-29,16,0.2,True,100,5,32,True
0.096995756,2.9398355,2.771723,2.4925754,0.0,0.0,1.2593215,0.0,1.0242695,0.049493726,0.0,0.0,0.40124512,3.5798805,2.7244897,2.4680374,2022-03-30,16,0.2,True,100,5,32,True
0.105013445,2.9575465,2.7713966,2.4981732,0.0,0.0,1.2413847,0.0,1.0313318,0.036630057,0.0,0.0,0.389646,3.589199,2.7327046,2.456946,2022-03-31,16,0.2,True,100,5,32,True
0.10923675,2.9820926,2.7721093,2.50806,0.0,0.0,1.2331592,0.0,1.0408055,0.026800156,0.0,0.0,0.37598208,3.6043053,2.7387953,2.4530792,2022-04-01,16,0.2,True,100,5,32,True
0.11512308,3.0099416,2.7669113,2.5229063,0.0,0.0,1.2372469,0.0,1.0466502,0.018644378,0.0,0.0,0.35898706,3.6183844,2.7319102,2.4476504,2022-04-04,16,0.2,True,100,5,32,True
0.1198816,3.0456107,2.7579443,2.5446546,0.0,0.0,1.2507383,0.0,1.050953,0.0099918265,0.0,0.0,0.33632815,3.6353853,2.7140489,2.445881,2022-04-05,16,0.2,True,100,5,32,True
0.12447645,3.0845382,2.742546,2.571156,0.0,0.0,1.2647566,0.0,1.056339,0.003076341,0.0,0.0,0.3097623,3.654096,2.6922753,2.4410834,2022-04-06,16,0.2,True,100,5,32,True
0.13981336,3.1080313,2.7343495,2.5875115,0.0,0.0,1.2660536,0.0,1.063843,0.0,0.0,0.0,0.2900556,3.6620662,2.6770484,2.4332013,2022-04-07,16,0.2,True,100,5,32,True
0.14854279,3.133767,2.7272017,2.601863,0.0,0.0,1.2742794,0.0,1.0690321,0.0,0.0,0.0,0.26994306,3.6756504,2.6616578,2.427533,2022-04-08,16,0.2,True,100,5,32,True
0.15671901,3.1575468,2.717796,2.6183178,0.0,0.0,1.2852578,0.0,1.0743904,0.0,0.0,0.0,0.2521986,3.688603,2.6456022,2.4236572,2022-04-11,16,0.2,True,100,5,32,True
0.16075839,3.1861174,2.7097495,2.6390033,0.0,0.0,1.3035117,0.0,1.0782118,0.0,0.0,0.0,0.2325069,3.707602,2.627048,2.4250007,2022-04-12,16,0.2,True,100,5,32,True
0.15858711,3.222271,2.692011,2.6655762,0.0,0.0,1.3282255,0.0,1.0800673,0.0,0.0,0.0,0.21214163,3.7235222,2.6010277,2.4287179,2022-04-13,16,0.2,True,100,5,32,True
0.15647845,3.251323,2.6773064,2.6889246,0.0,0.0,1.3525025,0.0,1.0822484,0.0,0.0,0.0,0.19185314,3.7428434,2.577647,2.4325244,2022-04-14,16,0.2,True,100,5,32,True
0.15744483,3.2742026,2.6582146,2.7110875,0.0,0.0,1.3733242,0.0,1.0871642,0.0,0.0,0.0,0.17295179,3.755404,2.5531895,2.434481,2022-04-15,16,0.2,True,100,5,32,True
0.15918541,3.2951932,2.6371756,2.732943,0.0,0.0,1.392632,0.0,1.0921011,0.0,0.0,0.0,0.15604852,3.7655404,2.5301578,2.4346929,2022-04-18,16,0.2,True,100,5,32,True
0.16983719,3.3048646,2.6236196,2.7483497,0.0,0.0,1.4020199,0.0,1.099236,0.0,0.0,0.0,0.14465481,3.768945,2.5138292,2.4333255,2022-04-19,16,0.2,True,100,5,32,True
0.17822586,3.3246324,2.6124659,2.7691367,0.0,0.0,1.419613,0.0,1.1088786,0.0,0.0,0.0,0.13118696,3.7743647,2.494735,2.4400086,2022-04-20,16,0.2,True,100,5,32,True
0.18842661,3.3417192,2.609128,2.7846098,0.0,0.0,1.4340984,0.0,1.1195296,0.0,0.0,0.0,0.11700396,3.7817569,2.4793572,2.4472718,2022-04-21,16,0.2,True,100,5,32,True
0.19266595,3.3640556,2.6042943,2.8020356,0.0,0.0,1.4568871,0.0,1.1299565,0.0,0.0,0.0,0.10231636,3.791239,2.461226,2.4588172,2022-04-22,16,0.2,True,100,5,32,True
0.19237047,3.3928947,2.5921047,2.8244867,0.0,0.0,1.4854949,0.0,1.1393722,0.0,0.0,0.0,0.08484882,3.802829,2.4385736,2.4686916,2022-04-25,16,0.2,True,100,5,32,True
0.19925104,3.4069052,2.5852187,2.835014,0.0,0.0,1.5020839,0.0,1.1448492,0.0,0.0,0.0,0.07266953,3.8037424,2.4190392,2.4725122,2022-04-26,16,0.2,True,100,5,32,True
0.20483904,3.4193451,2.5790808,2.844138,0.0,0.0,1.5196345,0.0,1.1493549,0.0,0.0,0.0,0.062548675,3.8022642,2.3993587,2.4796438,2022-04-27,16,0.2,True,100,5,32,True
0.20374726,3.4378834,2.5638006,2.8589125,0.0,0.0,1.5440973,0.0,1.1513642,0.0,0.0,0.0,0.053310864,3.7997785,2.375524,2.4877918,2022-04-28,16,0.2,True,100,5,32,True
0.19676302,3.4651875,2.5393136,2.8821363,0.0,0.0,1.5762457,0.0,1.1538353,0.0,0.0,0.0,0.044280164,3.7957823,2.3465605,2.5005403,2022-04-29,16,0.2,True,100,5,32,True
0.1940386,3.482021,2.519558,2.8985162,0.0,0.0,1.6002506,0.0,1.1562814,0.0,0.0,0.0,0.03773734,3.7886388,2.3215368,2.509578,2022-05-02,16,0.2,True,100,5,32,True
0.18057372,3.50956,2.4920244,2.9258606,0.0,0.0,1.6395849,0.0,1.1557946,0.0,0.0,0.0,0.028792027,3.787058,2.2885997,2.523919,2022-05-03,16,0.2,True,100,5,32,True
0.16663937,3.5214,2.4682658,2.9394832,0.0,0.0,1.6687875,0.0,1.1484758,0.0,0.0,0.0,0.022102457,3.7803488,2.2564385,2.5307546,2022-05-04,16,0.2,True,100,5,32,True
0.14597197,3.5424025,2.434523,2.964065,0.0,0.0,1.7077817,0.0,1.1403662,0.0,0.0,0.0,0.014638923,3.7742639,2.2186844,2.5408504,2022-05-06,16,0.2,True,100,5,32,True
0.12166943,3.5711932,2.389801,2.9978554,0.0,0.0,1.7515115,0.0,1.1311932,0.0,0.0,0.0,0.008911788,3.763616,2.1763365,2.5503125,2022-05-09,16,0.2,True,100,5,32,True
0.097009495,3.587968,2.3500545,3.0189445,0.0,0.0,1.7831756,0.0,1.1143879,0.0,0.0,0.0,0.0063007623,3.7463949,2.1359534,2.555234,2022-05-10,16,0.2,True,100,5,32,True
0.07019356,3.6068685,2.301353,3.048844,0.0,0.0,1.8149841,0.0,1.0976897,0.0,0.0,0.0,0.0049957335,3.7278242,2.095349,2.5588875,2022-05-11,16,0.2,True,100,5,32,True
0.045528915,3.6216247,2.250512,3.077579,0.0,0.0,1.8414036,0.0,1.0818704,0.0,0.0,0.0,0.0052612647,3.7055707,2.056111,2.5595155,2022-05-12,16,0.2,True,100,5,32,True
0.01909124,3.6395528,2.1949184,3.10835,0.0,0.0,1.8663054,0.0,1.0638181,0.0,0.0,0.0,0.00643377,3.680214,2.015568,2.5589693,2022-05-13,16,0.2,True,100,5,32,True
0.0,3.659096,2.1413949,3.1410077,0.0,0.0,1.8916591,0.0,1.0475719,0.0,0.0,0.0,0.010000594,3.653386,1.9764966,2.5621758,2022-05-16,16,0.2,True,100,5,32,True
0.0,3.6689086,2.0954866,3.1697338,0.0,0.0,1.9090693,0.0,1.0342213,0.010504909,0.0,0.0,0.014833692,3.6294281,1.945605,2.5631487,2022-05-17,16,0.2,True,100,5,32,True
0.0,3.670204,2.0565746,3.1907487,0.0,0.0,1.9207605,0.0,1.0218004,0.022487456,0.0,0.0,0.020327821,3.604851,1.9187363,2.5628276,2022-05-18,16,0.2,True,100,5,32,True
0.0,3.6714294,2.0185657,3.2102406,0.0,0.0,1.9322194,0.0,1.0105518,0.033724025,0.0,0.0,0.025612228,3.5787408,1.8922137,2.5621583,2022-05-19,16,0.2,True,100,5,32,True
0.0,3.6936936,1.970821,3.2457716,0.0,0.0,1.9584405,0.0,1.0030357,0.05192703,0.0,0.0,0.03314825,3.5531645,1.8627073,2.5669403,2022-05-20,16,0.2,True,100,5,32,True
0.0,3.698553,1.9352248,3.2672424,0.0,0.0,1.9730861,0.0,0.9955045,0.06618752,0.002221875,0.0,0.040303655,3.5287862,1.8393836,2.5701475,2022-05-23,16,0.2,True,100,5,32,True
0.0,3.7009137,1.9030607,3.2871933,0.0,0.0,1.9904411,0.0,0.99127215,0.08464906,0.020941444,0.0,0.0488002,3.5071867,1.8197149,2.5743809,2022-05-24,16,0.2,True,100,5,32,True
0.0,3.691549,1.8741182,3.296204,0.0,0.0,2.0005689,0.0,0.9818022,0.09844436,0.036449954,0.0,0.05588923,3.482686,1.7996442,2.5731785,2022-05-25,16,0.2,True,100,5,32,True
0.0,3.685377,1.8438975,3.3080482,0.0,0.0,2.0129652,0.0,0.97356045,0.1139261,0.053343825,0.0,0.0625849,3.4593832,1.7791843,2.5725167,2022-05-26,16,0.2,True,100,5,32,True
0.0,3.6839688,1.8107371,3.323805,0.0,0.0,2.026644,0.0,0.9650919,0.12857349,0.070706695,0.0,0.06887026,3.4354653,1.7570776,2.5722644,2022-05-27,16,0.2,True,100,5,32,True
0.0,3.689213,1.7775807,3.345802,0.0,0.0,2.0451891,0.0,0.9622885,0.14815159,0.0913492,0.0,0.07606232,3.4149194,1.7368134,2.574847,2022-05-30,16,0.2,True,100,5,32,True
0.0,3.6850746,1.7534801,3.3574326,0.0,0.0,2.055692,0.0,0.96249086,0.16511706,0.10875393,0.0,0.08134998,3.3960931,1.721044,2.574196,2022-05-31,16,0.2,True,100,5,32,True
0.0,3.6863027,1.7303643,3.375486,0.0,0.0,2.0694425,0.0,0.9691204,0.18829973,0.12875842,0.0,0.08547415,3.3827565,1.7085762,2.5767527,2022-06-02,16,0.2,True,100,5,32,True
0.0,3.6779068,1.7099979,3.3825593,0.0,0.0,2.0804296,0.0,0.9716473,0.20550008,0.14618674,0.0,0.08636999,3.3665125,1.6932664,2.5727804,2022-06-03,16,0.2,True,100,5,32,True
0.0,3.6678724,1.692515,3.3852992,0.0,0.0,2.0908961,0.0,0.974608,0.22089575,0.16391756,0.0,0.08684011,3.3506749,1.6787834,2.5678856,2022-06-07,16,0.2,True,100,5,32,True
0.0,3.6589875,1.6746995,3.385253,0.0,0.0,2.1017325,0.0,0.9742751,0.23209967,0.18055925,0.0,0.08720221,3.3342488,1.6634744,2.5622118,2022-06-08,16,0.2,True,100,5,32,True
0.0,3.6475055,1.657613,3.3829477,0.0,0.0,2.1098416,0.0,0.9717565,0.2412285,0.19407362,0.0,0.08577053,3.3183339,1.6477515,2.554153,2022-06-09,16,0.2,True,100,5,32,True
0.0,3.6445162,1.6373919,3.389928,0.0,0.0,2.1223953,0.0,0.9728352,0.25516897,0.20974961,0.0,0.08493889,3.3071525,1.6336036,2.5496082,2022-06-10,16,0.2,True,100,5,32,True
0.0,3.6417897,1.6166793,3.3946474,0.0,0.0,2.1341116,0.0,0.9707813,0.26507267,0.22391707,0.0,0.08448297,3.2943397,1.6180524,2.5444505,2022-06-13,16,0.2,True,100,5,32,True
0.0,3.6387882,1.5923396,3.3947785,0.0,0.0,2.1467352,0.0,0.96016824,0.26767617,0.23468146,0.0,0.08638234,3.277392,1.5987923,2.5345209,2022-06-14,16,0.2,True,100,5,32,True
0.0,3.6333313,1.5647091,3.397663,0.0,0.0,2.1600409,0.0,0.945387,0.27220222,0.24874818,0.0,0.09106516,3.2605014,1.5788192,2.5277784,2022-06-15,16,0.2,True,100,5,32,True
0.0,3.6298099,1.5327514,3.4070158,0.0,0.0,2.17599,0.0,0.9281879,0.28012687,0.2643156,0.0,0.09884731,3.2455006,1.5594788,2.5243053,2022-06-16,16,0.2,True,100,5,32,True
0.0,3.6178987,1.5044591,3.4128003,0.0,0.0,2.1887817,0.0,0.9074361,0.2858066,0.27784178,0.0,0.10855557,3.2310874,1.5427688,2.522442,2022-06-17,16,0.2,True,100,5,32,True
0.0,3.610035,1.4751219,3.4223952,0.0,0.0,2.2052336,0.0,0.8871956,0.2921144,0.29343185,0.0,0.120448545,3.2156067,1.5250978,2.5235755,2022-06-20,16,0.2,True,100,5,32,True
0.0,3.5947053,1.4475782,3.426351,0.0,0.0,2.2198095,0.0,0.865555,0.2984106,0.31065834,0.0,0.13536364,3.1974416,1.507863,2.5230622,2022-06-21,16,0.2,True,100,5,32,True
0.0,3.5764315,1.4224461,3.431141,0.0,0.0,2.233212,0.0,0.8471392,0.30844545,0.32864013,0.0,0.15179089,3.182983,1.4953324,2.5232792,2022-06-22,16,0.2,True,100,5,32,True
0.0,3.5596514,1.3947583,3.4370916,0.0,0.0,2.2488258,0.0,0.82591957,0.31758985,0.34752172,0.0,0.17057237,3.1640253,1.4796916,2.5223832,2022-06-23,16,0.2,True,100,5,32,True
0.0,3.5490649,1.3620269,3.4489539,0.0,0.0,2.268787,0.0,0.8038508,0.32793263,0.36862847,0.0,0.1912994,3.141104,1.4600219,2.5217404,2022-06-24,16,0.2,True,100,5,32,True
0.0,3.5466533,1.3279408,3.4710827,0.0,0.0,2.29135,0.0,0.78586596,0.34196925,0.39009112,0.0,0.21118754,3.1225808,1.4424474,2.525988,2022-06-27,16,0.2,True,100,5,32,True
0.0,3.5404625,1.2997469,3.4865363,0.0,0.0,2.3118505,0.0,0.77119505,0.3528376,0.41098392,0.0,0.23130733,3.099115,1.4246206,2.530552,2022-06-28,16,0.2,True,100,5,32,True
0.0,3.5388095,1.2718093,3.5054252,0.0,0.0,2.3335624,0.0,0.76016355,0.3650416,0.4326403,0.0,0.25018924,3.0756526,1.407927,2.5395002,2022-06-29,16,0.2,True,100,5,32,True
0.0,3.542507,1.2423327,3.5261264,0.0,0.0,2.3567407,0.0,0.74921995,0.3759085,0.45365328,0.0,0.26843184,3.0491853,1.3895713,2.5494125,2022-06-30,16,0.2,True,100,5,32,True
0.0,3.5451562,1.2111584,3.5452704,0.0,0.0,2.378266,0.0,0.7391436,0.38737157,0.47539932,0.0,0.28873873,3.019732,1.3731618,2.5582893,2022-07-01,16,0.2,True,100,5,32,True
0.0,3.549579,1.169061,3.567596,0.009342255,0.0,2.4000335,0.0,0.72645825,0.39712027,0.49536923,0.0,0.31381217,2.97285,1.3442726,2.5596414,2022-07-04,16,0.2,True,100,5,32,True
0.0,3.5600805,1.1198187,3.597771,0.030762054,0.0,2.4242659,0.0,0.71340144,0.40934563,0.5154254,0.0,0.3429172,2.9204402,1.309485,2.5624647,2022-07-05,16,0.2,True,100,5,32,True
0.0,3.5798988,1.0676036,3.6358976,0.057494245,0.0,2.45399,0.0,0.7001313,0.42293847,0.5386671,0.0,0.37500614,2.8646033,1.2704215,2.5731244,2022-07-06,16,0.2,True,100,5,32,True
0.0,3.6085942,1.0123014,3.6792388,0.089030854,0.0,2.4884474,0.0,0.68729055,0.438247,0.56301713,0.0,0.41101173,2.8054326,1.2290874,2.5871456,2022-07-07,16,0.2,True,100,5,32,True
0.0,3.6244397,0.9605889,3.715051,0.11819052,0.0,2.5169153,0.0,0.67290264,0.45428687,0.5864378,0.0,0.44547653,2.7467153,1.1897371,2.599992,2022-07-08,16,0.2,True,100,5,32,True
0.0,3.6354394,0.91072184,3.7476006,0.14935556,0.0,2.545871,0.0,0.6579593,0.47243783,0.6122807,0.0,0.4811068,2.6879456,1.1511862,2.6142926,2022-07-11,16,0.2,True,100,5,32,True
0.0,3.6450994,0.8625526,3.7761955,0.18194133,0.0,2.5738268,0.0,0.6426439,0.48903632,0.6378234,0.0,0.51625377,2.626677,1.1123809,2.6283069,2022-07-12,16,0.2,True,100,5,32,True
0.0,3.670103,0.8097597,3.8151133,0.21807161,0.0,2.607837,0.0,0.629348,0.50785,0.6650165,0.0,0.5531365,2.5649488,1.0730911,2.6476088,2022-07-13,16,0.2,True,100,5,32,True
0.0,3.6983,0.75673974,3.853393,0.2572913,0.0,2.6431417,0.0,0.6159559,0.52590126,0.6927352,0.0,0.5910098,2.5002527,1.0312024,2.6670322,2022-07-14,16,0.2,True,100,5,32,True
0.0,3.721955,0.70536876,3.8905714,0.294762,0.0,2.6756585,0.013247285,0.60190743,0.5451633,0.7208792,0.0,0.62803066,2.4384437,0.9930239,2.688015,2022-07-15,16,0.2,True,100,5,32,True
0.0,3.7280164,0.6546201,3.9160097,0.32632643,0.0,2.6977205,0.03894578,0.5853225,0.5649457,0.74741733,0.0,0.66189295,2.3752835,0.9581529,2.7012691,2022-07-18,16,0.2,True,100,5,32,True
0.0,3.7456071,0.6061082,3.9509187,0.35879785,0.0,2.72733,0.06396611,0.5722161,0.58990437,0.7765142,0.0,0.69582754,2.3201554,0.92875457,2.7216253,2022-07-19,16,0.2,True,100,5,32,True
0.0,3.754131,0.5632582,3.977017,0.38869873,0.0,2.752809,0.08757921,0.5591425,0.6139243,0.8035296,0.0,0.7272751,2.2670374,0.9020853,2.7375908,2022-07-20,16,0.2,True,100,5,32,True
0.0,3.7494438,0.52724737,3.9933934,0.41485378,0.0,2.7726402,0.11108327,0.5462268,0.63717055,0.8288748,0.0,0.7549236,2.2186418,0.87982416,2.7502413,2022-07-21,16,0.2,True,100,5,32,True
0.0,3.7579927,0.49368963,4.018084,0.44148558,0.0,2.7978165,0.13178028,0.5367806,0.6619438,0.8540015,0.0,0.7827925,2.1765766,0.86133754,2.7688305,2022-07-22,16,0.2,True,100,5,32,True
0.0,3.760166,0.46310055,4.033619,0.4690747,0.0,2.8204484,0.14926912,0.5263189,0.6838243,0.8779829,0.020980857,0.8106877,2.1301975,0.8407843,2.7818658,2022-07-25,16,0.2,True,100,5,32,True
0.0,3.761059,0.43202198,4.049121,0.4929172,0.0,2.83985,0.16592583,0.5181358,0.7064429,0.8996423,0.04973558,0.8343394,2.0867944,0.8215687,2.7924073,2022-07-26,16,0.2,True,100,5,32,True
0.0,3.7751803,0.40169418,4.0703373,0.5197326,0.0,2.8649826,0.17897788,0.51108354,0.7265952,0.9215682,0.07820449,0.85747695,2.0444415,0.8005451,2.8090484,2022-07-27,16,0.2,True,100,5,32,True
0.0,3.7801332,0.37631568,4.0861874,0.5436613,0.0,2.886569,0.1921404,0.5039851,0.746256,0.94482,0.102048025,0.8775588,2.008455,0.781965,2.8257222,2022-07-28,16,0.2,True,100,5,32,True
0.0,3.7777863,0.35493204,4.09367,0.5650354,0.0,2.9025047,0.2034955,0.49696612,0.7629434,0.96604246,0.12359922,0.89511347,1.973689,0.7636937,2.838787,2022-07-29,16,0.2,True,100,5,32,True
0.0,3.7753975,0.3340584,4.103528,0.585001,0.0,2.919468,0.21481565,0.49281833,0.7832082,0.98843193,0.14608748,0.91123486,1.9415779,0.74716806,2.853557,2022-08-01,16,0.2,True,100,5,32,True
0.0,3.7975838,0.30305645,4.1364856,0.61052275,0.0,2.9530668,0.22479996,0.49312237,0.8116415,1.0146004,0.1764172,0.93335164,1.9049342,0.72464323,2.877769,2022-08-02,16,0.2,True,100,5,32,True
0.0,3.8223038,0.26927042,4.1714926,0.6366854,0.0,2.987487,0.23396917,0.49358258,0.8401338,1.0407746,0.20870727,0.9560789,1.8647453,0.69855857,2.9030025,2022-08-03,16,0.2,True,100,5,32,True
0.0,3.8341002,0.23897275,4.197701,0.65708876,0.0,3.0134745,0.24172056,0.4957554,0.86757666,1.0640482,0.23794653,0.97232264,1.8276719,0.6721264,2.9225173,2022-08-04,16,0.2,True,100,5,32,True
0.0,3.829308,0.21378759,4.211601,0.6745067,0.0,3.0319943,0.24882552,0.4970866,0.89354235,1.0874704,0.26469392,0.9848256,1.7917228,0.6451943,2.937279,2022-08-05,16,0.2,True,100,5,32,True
0.0,3.82065,0.19432881,4.2227793,0.6911126,0.0,3.0503826,0.254251,0.49975112,0.91948074,1.1112651,0.28911135,0.9951207,1.7600067,0.620327,2.9531267,2022-08-08,16,0.2,True,100,5,32,True
0.0,3.8131802,0.17556563,4.238071,0.7051788,0.0,3.0686803,0.2599232,0.506487,0.95048976,1.1347965,0.31650043,1.0049216,1.7329351,0.5998868,2.96848,2022-08-09,16,0.2,True,100,5,32,True
0.0,3.8083203,0.1605989,4.2503576,0.71583325,0.0,3.081976,0.26391324,0.517331,0.9786862,1.1526996,0.3418825,1.0100796,1.7070271,0.58019876,2.9805214,2022-08-10,16,0.2,True,100,5,32,True
0.0,3.8025126,0.14954567,4.2570567,0.72247446,0.0,3.0886621,0.2656672,0.53007394,1.0026317,1.1663694,0.36415744,1.0112472,1.6850281,0.56264544,2.9875493,2022-08-11,16,0.2,True,100,5,32,True
0.0,3.8165462,0.13875708,4.2785177,0.7320918,0.0,3.1052537,0.26705205,0.54875195,1.0319428,1.1826556,0.3866985,1.0142814,1.6708373,0.5498493,3.0041983,2022-08-12,16,0.2,True,100,5,32,True
0.0,3.8091161,0.13790599,4.2750936,0.7269066,0.0,3.0973482,0.26280165,0.5682393,1.0489134,1.1853362,0.39728874,1.0029315,1.6650683,0.54146767,3.0034404,2022-08-16,16,0.2,True,100,5,32,True
0.0,3.8028293,0.13509426,4.2732425,0.7190676,0.0,3.087637,0.25853103,0.5893748,1.0669153,1.1872958,0.40704066,0.9889977,1.6618847,0.53506684,3.0038996,2022-08-17,16,0.2,True,100,5,32,True
0.0,3.804789,0.12710148,4.2806497,0.71436816,0.0,3.0859647,0.2548127,0.6115877,1.0900996,1.1927564,0.42364022,0.97882694,1.6569915,0.52891254,3.0094202,2022-08-18,16,0.2,True,100,5,32,True
0.0,3.8025706,0.12043602,4.2818375,0.7097556,0.0,3.0821798,0.24819995,0.6313217,1.1086742,1.1963725,0.44014782,0.96844935,1.6508485,0.5203738,3.0103588,2022-08-19,16,0.2,True,100,5,32,True
0.0,3.8023624,0.11356764,4.284371,0.7064551,0.0,3.079362,0.2422624,0.6476275,1.1246381,1.2006755,0.45581034,0.9608669,1.6445389,0.5119908,3.0135672,2022-08-22,16,0.2,True,100,5,32,True
0.0,3.8170393,0.10166972,4.300365,0.7086678,0.0,3.087871,0.23651981,0.66221267,1.1431826,1.208303,0.47784328,0.9609045,1.6363796,0.5033208,3.0240712,2022-08-23,16,0.2,True,100,5,32,True
0.0,3.818874,0.08681988,4.306462,0.7079648,0.0,3.0892644,0.23056434,0.6724141,1.1575383,1.2140859,0.5006347,0.95810086,1.6235762,0.49156335,3.0268817,2022-08-24,16,0.2,True,100,5,32,True
0.0,3.8150673,0.07264151,4.3057704,0.70450366,0.0,3.0848243,0.22447363,0.68025225,1.1670496,1.2166492,0.51921386,0.9520166,1.6114825,0.47945264,3.0251186,2022-08-25,16,0.2,True,100,5,32,True
0.0,3.8075817,0.06314476,4.304808,0.7036708,0.0,3.0847013,0.22117749,0.6874455,1.1799334,1.2246126,0.53729284,0.95025563,1.6029924,0.46936947,3.0263915,2022-08-26,16,0.2,True,100,5,32,True
0.0,3.80173,0.057175126,4.3046436,0.7035477,0.0,3.0861464,0.21873888,0.69315934,1.1908607,1.2330317,0.54963386,0.9497655,1.5987799,0.46219826,3.030973,2022-08-29,16,0.2,True,100,5,32,True
0.0,3.8054805,0.046606384,4.3113213,0.7049522,0.0,3.0920842,0.21499027,0.6970564,1.1996974,1.2397685,0.56400293,0.95205456,1.5923879,0.4547151,3.0362787,2022-08-30,16,0.2,True,100,5,32,True
0.0,3.802129,0.0359651,4.317133,0.7062119,0.0,3.0995054,0.21398878,0.7007955,1.2130826,1.250714,0.5791364,0.9547183,1.5869843,0.44870827,3.042828,2022-08-31,16,0.2,True,100,5,32,True
0.0,3.7981691,0.028376337,4.3236914,0.7085486,0.0,3.1102567,0.21333812,0.7054089,1.2287468,1.2638965,0.5939868,0.9588849,1.5850669,0.4452963,3.0516226,2022-09-01,16,0.2,True,100,5,32,True
0.0,3.7923403,0.026227085,4.3220677,0.7141529,0.0,3.1243124,0.20863056,0.70623535,1.2346547,1.2802793,0.61049855,0.9621925,1.5818164,0.43944618,3.0586932,2022-09-02,16,0.2,True,100,5,32,True
0.0,3.7744293,0.028877623,4.3113556,0.7176795,0.0,3.1353397,0.20467876,0.70374644,1.2361475,1.3000265,0.6242397,0.9624697,1.582477,0.43491736,3.0632122,2022-09-05,16,0.2,True,100,5,32,True
0.0,3.7519379,0.03372298,4.298439,0.7219357,0.0,3.1496694,0.20043471,0.7005433,1.2382681,1.3236072,0.6393021,0.9629875,1.585456,0.43105498,3.0678232,2022-09-06,16,0.2,True,100,5,32,True
0.0,3.7086368,0.043770626,4.2678413,0.7223179,0.0,3.1539328,0.19733012,0.6919074,1.2322316,1.3464855,0.6420517,0.9567047,1.5920542,0.42778865,3.065545,2022-09-07,16,0.2,True,100,5,32,True
0.0,3.6669636,0.050674617,4.2373304,0.7256062,0.0,3.163113,0.19169958,0.6816857,1.2264884,1.3702861,0.6464449,0.95195967,1.597807,0.42471623,3.0639572,2022-09-08,16,0.2,True,100,5,32,True
0.0,3.6508813,0.05505856,4.230908,0.73418045,0.0,3.189833,0.18663967,0.6760559,1.230123,1.3985941,0.6550558,0.9542001,1.6100148,0.42644122,3.0787725,2022-09-13,16,0.2,True,100,5,32,True
0.0,3.6325078,0.06332828,4.223164,0.74189895,0.0,3.2165525,0.18276243,0.6732872,1.2362981,1.426423,0.6624036,0.95518464,1.6246675,0.4290193,3.09286,2022-09-14,16,0.2,True,100,5,32,True
0.0,3.608675,0.07173326,4.2090006,0.7509171,0.0,3.2413104,0.17820925,0.66718113,1.2379698,1.4528521,0.6665281,0.9545367,1.6361929,0.42887202,3.1038146,2022-09-15,16,0.2,True,100,5,32,True
0.0,3.5691433,0.08671274,4.175411,0.75595874,0.0,3.2506692,0.17153086,0.65244764,1.2230312,1.4705757,0.6551254,0.9477326,1.6476052,0.42656413,3.1013546,2022-09-16,16,0.2,True,100,5,32,True
0.0,3.5403376,0.10028869,4.1515217,0.76493937,0.0,3.2684422,0.16434267,0.6390064,1.2121531,1.4911133,0.6480855,0.9454759,1.6593307,0.42446315,3.1054168,2022-09-19,16,0.2,True,100,5,32,True
0.0,3.5126119,0.11185857,4.133864,0.7741267,0.0,3.2890747,0.15960363,0.62428594,1.2043699,1.5143094,0.6398253,0.94528204,1.6731488,0.42416403,3.1136332,2022-09-20,16,0.2,True,100,5,32,True
0.0,3.499497,0.12280999,4.130558,0.78731346,0.0,3.3209708,0.15506025,0.6139631,1.2043983,1.5406564,0.6377273,0.950815,1.6882746,0.42507714,3.130197,2022-09-21,16,0.2,True,100,5,32,True
0.0,3.4762979,0.13527422,4.119179,0.80181116,0.0,3.3500376,0.15160923,0.59980625,1.2011518,1.5674937,0.63281673,0.95697117,1.6988991,0.42203113,3.1425304,2022-09-22,16,0.2,True,100,5,32,True
0.0,3.449492,0.14885834,4.1067085,0.81861424,0.0,3.3810625,0.1493051,0.58369815,1.1979791,1.5972358,0.62690675,0.9654554,1.7076447,0.41699022,3.1563866,2022-09-23,16,0.2,True,100,5,32,True
0.0,3.4098954,0.16300339,4.0841117,0.83526456,0.0,3.407246,0.14811608,0.56242836,1.1894691,1.6270072,0.61561155,0.9727022,1.7125256,0.40852913,3.1627312,2022-09-26,16,0.2,True,100,5,32,True
0.0,3.3880336,0.16958302,4.076889,0.85485804,0.0,3.4433281,0.14796297,0.5435395,1.1865427,1.6590295,0.612402,0.9869603,1.7143362,0.40033543,3.1745596,2022-09-27,16,0.2,True,100,5,32,True
0.0,3.3696828,0.17313385,4.0720825,0.8774314,0.0,3.4821403,0.1501338,0.52270204,1.1831297,1.6911975,0.60957164,1.0036721,1.7119184,0.3889793,3.1867788,2022-09-28,16,0.2,True,100,5,32,True
0.0,3.3626084,0.17253989,4.076763,0.90225834,0.0,3.5255196,0.15428682,0.5009317,1.1810611,1.723203,0.608922,1.0252304,1.7081443,0.37810352,3.202327,2022-09-29,16,0.2,True,100,5,32,True
0.0,3.3530009,0.171563,4.078826,0.92566305,0.0,3.5634449,0.16117385,0.47546625,1.1742475,1.7517262,0.6022006,1.0461642,1.7042376,0.3673582,3.2145922,2022-09-30,16,0.2,True,100,5,32,True
0.0,3.3447125,0.16661966,4.083388,0.9494241,0.0,3.6015265,0.16980152,0.4491368,1.1683576,1.7790009,0.59670365,1.0675317,1.6982892,0.3557053,3.225594,2022-10-04,16,0.2,True,100,5,32,True
0.0,3.3449743,0.15526205,4.0987077,0.9759098,0.0,3.6498573,0.17915216,0.42587057,1.1696568,1.8086972,0.5972032,1.0912528,1.6914281,0.3404416,3.239643,2022-10-05,16,0.2,True,100,5,32,True
0.0,3.3482313,0.13883825,4.1218915,1.0016292,0.0,3.7032135,0.19120786,0.40567055,1.1733004,1.839597,0.59978545,1.1169873,1.6824054,0.32084185,3.2540457,2022-10-06,16,0.2,True,100,5,32,True
0.0,3.3314035,0.12842336,4.1303935,1.0253563,0.0,3.7501345,0.20525308,0.38255087,1.1742884,1.8731585,0.5954068,1.1387016,1.6744436,0.29955924,3.264259,2022-10-07,16,0.2,True,100,5,32,True
0.0,3.3057969,0.12173506,4.1312003,1.0495967,0.0,3.793738,0.22005695,0.3572479,1.171942,1.9071028,0.58522815,1.1585925,1.6652839,0.27606362,3.2723844,2022-10-11,16,0.2,True,100,5,32,True
0.0,3.2804427,0.11430558,4.131812,1.0759133,0.0,3.8389251,0.23503268,0.33130324,1.1689223,1.9422387,0.57716906,1.1805705,1.6531153,0.25054514,3.2804868,2022-10-12,16,0.2,True,100,5,32,True
0.0,3.283943,0.100381866,4.1616883,1.1057467,0.0,3.8979027,0.25212327,0.31542927,1.1841562,1.9854918,0.5865924,1.2093574,1.6454136,0.23196822,3.3071373,2022-10-13,16,0.2,True,100,5,32,True
0.0,3.281946,0.08678635,4.184394,1.1366019,0.0,3.9543715,0.27006087,0.2970076,1.194732,2.0276031,0.5933659,1.2370174,1.635693,0.21093042,3.3290744,2022-10-14,16,0.2,True,100,5,32,True
0.0,3.2542691,0.083802044,4.184079,1.1639252,0.0,3.9997103,0.28910983,0.2745362,1.1999093,2.067914,0.5863573,1.2553097,1.6316643,0.19136693,3.343277,2022-10-17,16,0.2,True,100,5,32,True
0.0,3.2360752,0.07906121,4.193128,1.1904936,0.0,4.047016,0.30932075,0.25689632,1.2119746,2.1098635,0.58536804,1.2756168,1.6277751,0.17445451,3.3641634,2022-10-18,16,0.2,True,100,5,32,True
0.0,3.227151,0.07203402,4.211035,1.2163055,0.0,4.09588,0.329367,0.24550265,1.2309808,2.1507964,0.5901658,1.2957417,1.624152,0.15970051,3.3871095,2022-10-19,16,0.2,True,100,5,32,True
0.0,3.2043273,0.056810208,4.2202964,1.2366682,0.0,4.132419,0.35269156,0.23526879,1.2516624,2.190031,0.6010666,1.3123146,1.6113474,0.14054355,3.398813,2022-10-20,16,0.2,True,100,5,32,True
0.0,3.1883883,0.044592,4.230274,1.2576569,0.0,4.1707563,0.37389663,0.22737367,1.2727041,2.2297022,0.61272645,1.330788,1.6007061,0.12322296,3.4148111,2022-10-21,16,0.2,True,100,5,32,True
0.0,3.1826746,0.027607545,4.247948,1.2786143,0.0,4.2130837,0.39252958,0.22379045,1.2960463,2.2672088,0.63109493,1.351726,1.5864704,0.10358195,3.4298413,2022-10-24,16,0.2,True,100,5,32,True
0.0,3.1725194,0.01929917,4.2589445,1.2984,0.0,4.2513537,0.41207758,0.21791288,1.3172655,2.306761,0.6413749,1.3709445,1.5797194,0.088794045,3.4494936,2022-10-25,16,0.2,True,100,5,32,True
0.0,3.1628618,0.009058077,4.2694383,1.3183236,0.0,4.2919235,0.4279138,0.21429667,1.3400799,2.3438752,0.65267545,1.3870058,1.5728676,0.0732605,3.4666584,2022-10-26,16,0.2,True,100,5,32,True
0.0,3.155639,0.0,4.283654,1.3392692,0.0,4.3365297,0.44451407,0.21118224,1.3644077,2.3818018,0.6651866,1.4038436,1.5670199,0.05650148,3.4855728,2022-10-27,16,0.2,True,100,5,32,True
0.0,3.1488767,0.0,4.301432,1.3600911,0.0,4.3825426,0.46308348,0.20938572,1.3934863,2.4225698,0.67878217,1.4202987,1.5644661,0.04177528,3.5080943,2022-10-28,16,0.2,True,100,5,32,True
0.0,3.139164,0.0,4.3145533,1.3788184,0.0,4.4257727,0.47826022,0.20911826,1.4195927,2.4584181,0.68909305,1.4321538,1.5638474,0.026713744,3.5259297,2022-10-31,16,0.2,True,100,5,32,True
0.0,3.1386292,0.0,4.336583,1.3981593,0.0,4.472436,0.49152574,0.21141043,1.4491646,2.4933288,0.70064,1.4432776,1.5680132,0.015061583,3.5475643,2022-11-01,16,0.2,True,100,5,32,True
0.0,3.1294289,0.0,4.351101,1.4164507,0.0,4.5147552,0.5049002,0.21263555,1.4810799,2.5290878,0.7060667,1.45021,1.5795342,0.008877426,3.5723972,2022-11-02,16,0.2,True,100,5,32,True
0.0,3.1213417,0.0,4.3614607,1.4322991,0.0,4.5515137,0.51431894,0.21505192,1.5084457,2.5585706,0.7055721,1.4547179,1.5930964,0.005734712,3.5956006,2022-11-03,16,0.2,True,100,5,32,True
0.0,3.107696,0.0,4.3688536,1.4471511,0.0,4.5873566,0.5242042,0.21752703,1.5391504,2.5899658,0.70740587,1.4612703,1.6049726,0.003398247,3.6185515,2022-11-04,16,0.2,True,100,5,32,True
0.0,3.0872464,0.014077399,4.370322,1.4579422,0.0,4.6179132,0.53280693,0.2207053,1.571066,2.6223705,0.70516336,1.4659009,1.6216644,0.006809395,3.6436296,2022-11-07,16,0.2,True,100,5,32,True
0.0,3.0708327,0.030350216,4.373403,1.4666308,0.0,4.647673,0.5380605,0.22742751,1.6034844,2.651478,0.7039933,1.4705834,1.6367928,0.011610098,3.6675239,2022-11-08,16,0.2,True,100,5,32,True
0.0,3.0514364,0.047227975,4.3729153,1.4732631,0.0,4.6753783,0.54098845,0.23619302,1.6348914,2.6777015,0.70200783,1.472599,1.6516124,0.016380813,3.6887224,2022-11-09,16,0.2,True,100,5,32,True
0.0,3.0235112,0.068651125,4.363263,1.4721148,0.0,4.6917944,0.5399436,0.24713926,1.6607639,2.6968434,0.6948261,1.4678771,1.6702379,0.024114922,3.7042546,2022-11-10,16,0.2,True,100,5,32,True
0.0,2.9834003,0.0954862,4.3406844,1.4676579,0.0,4.70263,0.53841376,0.25719666,1.680109,2.7136905,0.6843953,1.4640163,1.6868631,0.029251935,3.71243,2022-11-11,16,0.2,True,100,5,32,True
0.0,2.9369338,0.12823376,4.3158956,1.4571513,0.0,4.706125,0.53672755,0.27039075,1.6989739,2.7299197,0.6681282,1.4564111,1.7097497,0.039260764,3.7207623,2022-11-14,16,0.2,True,100,5,32,True
0.0,2.9026377,0.15904698,4.295038,1.4490968,0.0,4.7125897,0.5311305,0.28608048,1.715346,2.7407095,0.65296465,1.4492886,1.7293204,0.047381934,3.727403,2022-11-15,16,0.2,True,100,5,32,True
0.0,2.8626792,0.1924761,4.268114,1.4368308,0.0,4.712911,0.523212,0.30252138,1.7278525,2.747959,0.6339404,1.4366012,1.7523383,0.057561394,3.730952,2022-11-16,16,0.2,True,100,5,32,True
0.0,2.8306925,0.21910304,4.2426305,1.4213226,0.0,4.7036977,0.51216215,0.3195014,1.7359016,2.746134,0.6185957,1.4217826,1.7698938,0.06842359,3.72883,2022-11-17,16,0.2,True,100,5,32,True
0.0,2.7917247,0.24712482,4.2080765,1.4035068,0.0,4.689781,0.49892926,0.3350864,1.7383735,2.7400749,0.6003463,1.4035304,1.7878448,0.078619435,3.721282,2022-11-18,16,0.2,True,100,5,32,True
0.0,2.768694,0.26823673,4.187677,1.3883085,0.0,4.6791224,0.48711798,0.35031164,1.7438582,2.7354257,0.58865565,1.3909086,1.8035587,0.089261584,3.7185886,2022-11-21,16,0.2,True,100,5,32,True
0.0,2.743259,0.28703287,4.1635284,1.3715649,0.0,4.665692,0.47294572,0.36474922,1.745575,2.7269073,0.57674515,1.375689,1.8178505,0.0986751,3.7106838,2022-11-22,16,0.2,True,100,5,32,True
0.0,2.7103763,0.3059693,4.1306157,1.352543,0.0,4.6456246,0.4572834,0.3765959,1.740632,2.7142634,0.5605221,1.3568723,1.8319783,0.10622018,3.694547,2022-11-23,16,0.2,True,100,5,32,True
0.0,2.6867242,0.32146713,4.1060395,1.3364062,0.0,4.62939,0.44272658,0.38846987,1.7366599,2.7015576,0.546448,1.3396055,1.8455603,0.11273154,3.6814086,2022-11-24,16,0.2,True,100,5,32,True
0.0,2.6544268,0.34089693,4.0726066,1.3182642,0.0,4.6077886,0.42724532,0.39910027,1.7281231,2.6861563,0.52779275,1.3191004,1.8605984,0.11826675,3.6631703,2022-11-25,16,0.2,True,100,5,32,True
0.0,2.6289675,0.35888362,4.048637,1.3029556,0.0,4.592408,0.41557285,0.4097319,1.7251675,2.6762424,0.51323044,1.3033179,1.8762746,0.12478113,3.6521802,2022-11-28,16,0.2,True,100,5,32,True
0.0,2.6019433,0.37527514,4.022346,1.287436,0.0,4.5753956,0.40382054,0.41876107,1.7193862,2.6652102,0.49806142,1.287527,1.8901691,0.13018988,3.638274,2022-11-29,16,0.2,True,100,5,32,True
0.0,2.5663047,0.39596915,3.9877563,1.2720032,0.0,4.55741,0.39264166,0.4262805,1.7108841,2.6540494,0.47984287,1.2702168,1.9046503,0.13474694,3.621793,2022-11-30,16,0.2,True,100,5,32,True
0.0,2.5344257,0.4161836,3.956564,1.256655,0.0,4.537812,0.38244483,0.4341976,1.7017196,2.6420486,0.46022984,1.2521392,1.92033,0.1401057,3.6063392,2022-12-01,16,0.2,True,100,5,32,True
0.0,2.503845,0.44207934,3.9276004,1.2393702,0.0,4.514783,0.37373498,0.44467762,1.6969606,2.6338239,0.44227728,1.235773,1.9398696,0.15181975,3.5951214,2022-12-02,16,0.2,True,100,5,32,True
0.0,2.444337,0.48031768,3.8676376,1.2157979,0.0,4.476064,0.36244524,0.45097178,1.6766917,2.6174786,0.4080619,1.2089629,1.9640032,0.16614345,3.5684366,2022-12-05,16,0.2,True,100,5,32,True
0.0,2.4165347,0.5093489,3.8363266,1.1984583,0.0,4.4495764,0.35408387,0.45951638,1.6677235,2.6063995,0.3857276,1.1941172,1.9850181,0.18377033,3.5553167,2022-12-06,16,0.2,True,100,5,32,True
0.0,2.3517003,0.5509926,3.7695303,1.1745783,0.0,4.408221,0.34535524,0.46153373,1.6414449,2.5886753,0.3420533,1.1679933,2.0115778,0.20299457,3.5248225,2022-12-07,16,0.2,True,100,5,32,True
0.0,2.2905357,0.592212,3.7002332,1.1521986,0.0,4.3672757,0.33546716,0.46033683,1.60964,2.5678957,0.29763195,1.1463106,2.0333214,0.22068886,3.4904978,2022-12-08,16,0.2,True,100,5,32,True
0.0,2.240247,0.6279713,3.6446717,1.1336538,0.0,4.334375,0.3290436,0.4585535,1.5831064,2.5525231,0.25692025,1.1298554,2.0549777,0.24002805,3.4633398,2022-12-09,16,0.2,True,100,5,32,True
0.0,2.1659026,0.67213,3.5700357,1.1106083,0.0,4.2946796,0.32550117,0.4531866,1.5507505,2.5363522,0.20289727,1.1106097,2.0809073,0.26131397,3.4281895,2022-12-12,16,0.2,True,100,5,32,True
0.0,2.0973547,0.71260977,3.4999456,1.089649,0.0,4.2568855,0.3222719,0.44764888,1.5156262,2.5183153,0.14733344,1.0912126,2.10558,0.2821017,3.3907595,2022-12-13,16,0.2,True,100,5,32,True
0.0,2.0561411,0.74559027,3.4539359,1.0766479,0.0,4.2349424,0.32047302,0.44395795,1.4868455,2.5058112,0.09953812,1.0811749,2.128543,0.3011265,3.3640893,2022-12-14,16,0.2,True,100,5,32,True
0.0,2.0025487,0.78425354,3.3985317,1.0623233,0.0,4.210878,0.32007757,0.43926483,1.4551318,2.4938588,0.045420185,1.0707415,2.1527894,0.32047653,3.3332489,2022-12-15,16,0.2,True,100,5,32,True
0.0,1.9577205,0.8186632,3.3506463,1.0515214,0.0,4.192549,0.31945714,0.43438128,1.4233854,2.4821942,0.0,1.0625445,2.175126,0.3370032,3.3045423,2022-12-16,16,0.2,True,100,5,32,True
0.0,1.9304729,0.84638333,3.3197868,1.046015,0.0,4.1847177,0.31964406,0.4309246,1.3987525,2.4742918,0.0,1.0603235,2.1949365,0.3520505,3.285536,2022-12-19,16,0.2,True,100,5,32,True
0.0,1.8887838,0.8774672,3.274056,1.040266,0.0,4.1729064,0.3188351,0.4246641,1.3654175,2.4638367,0.0,1.0532464,2.214592,0.36404544,3.2583287,2022-12-20,16,0.2,True,100,5,32,True
0.0,1.8457152,0.90678614,3.2281466,1.0345552,0.0,4.1601396,0.3192204,0.416869,1.3305875,2.4526122,0.0,1.0451192,2.2337964,0.37498292,3.2305546,2022-12-21,16,0.2,True,100,5,32,True
0.0,1.8146671,0.931917,3.1939728,1.0324122,0.0,4.153607,0.3209382,0.4098503,1.2997373,2.4433506,0.0,1.040593,2.251502,0.38358912,3.2083142,2022-12-22,16,0.2,True,100,5,32,True
0.0,1.7769307,0.960367,3.1595438,1.0266684,0.0,4.144931,0.32623276,0.4040312,1.276927,2.4392486,0.0,1.041271,2.2703066,0.39587954,3.1884098,2022-12-23,16,0.2,True,100,5,32,True
0.0,1.7440659,0.98867583,3.130723,1.0232499,0.0,4.140033,0.33317697,0.3981199,1.2544994,2.4369862,0.0,1.0427244,2.2908,0.40904766,3.1729155,2022-12-26,16,0.2,True,100,5,32,True
0.0,1.6971507,1.0176818,3.0888906,1.0155743,0.0,4.1278014,0.33774215,0.39244118,1.2270125,2.4294682,0.0,1.0364468,2.310956,0.4202021,3.1480567,2022-12-27,16,0.2,True,100,5,32,True
0.0,1.6631899,1.0431842,3.0578144,1.0061282,0.0,4.117705,0.34032494,0.39195755,1.207199,2.422825,0.0,1.0316738,2.327634,0.4303111,3.1310947,2022-12-28,16,0.2,True,100,5,32,True
0.0,1.6213248,1.0673053,3.0199428,0.9927095,0.0,4.1025677,0.3417909,0.3912428,1.1863294,2.4146457,0.0,1.02568,2.3399045,0.43882987,3.1113214,2022-12-29,16,0.2,True,100,5,32,True
0.0,1.5932571,1.0829281,2.9934547,0.9813306,0.0,4.0913043,0.34151474,0.39076322,1.1691285,2.4067962,0.0,1.0227889,2.346191,0.44467375,3.0954409,2023-01-02,16,0.2,True,100,5,32,True
0.0,1.5786138,1.0829984,2.981115,0.9761315,0.0,4.089251,0.34054568,0.3865016,1.1565703,2.3996387,0.0,1.0229837,2.3446162,0.44204915,3.0836437,2023-01-03,16,0.2,True,100,5,32,True
0.0,1.5564727,1.0775506,2.9639518,0.9702755,0.0,4.0830393,0.3397049,0.37861353,1.1425544,2.3913822,0.0,1.0208917,2.3379915,0.4345192,3.068,2023-01-04,16,0.2,True,100,5,32,True
0.0,1.5452844,1.0631913,2.9612784,0.9703631,0.0,4.084663,0.3406048,0.37006244,1.1361295,2.3868992,0.0,1.0210601,2.3280246,0.4234455,3.0591211,2023-01-05,16,0.2,True,100,5,32,True
0.0,1.5244846,1.0470625,2.9550736,0.9679249,0.0,4.0805755,0.34487566,0.36027825,1.1329756,2.382617,0.0,1.0174748,2.3187582,0.4133552,3.0491183,2023-01-06,16,0.2,True,100,5,32,True
0.0,1.5071871,1.030726,2.9522135,0.9691333,0.0,4.079463,0.34991243,0.3513245,1.1330613,2.38345,0.0,1.0177916,2.3052273,0.40146884,3.0408993,2023-01-09,16,0.2,True,100,5,32,True
0.0,1.4887065,1.0168045,2.951401,0.971745,0.0,4.0794716,0.35659605,0.34442312,1.1386727,2.3874376,0.0,1.0179764,2.2939737,0.39167306,3.03678,2023-01-10,16,0.2,True,100,5,32,True
0.0,1.4664701,1.0046564,2.944215,0.97353536,0.0,4.0756135,0.36157688,0.33923963,1.1429933,2.3908784,0.0,1.0157312,2.2806637,0.3801042,3.0287838,2023-01-11,16,0.2,True,100,5,32,True
0.0,1.4420776,0.9934641,2.9332058,0.9773375,0.0,4.072397,0.3665182,0.3345292,1.1482251,2.3965342,0.0,1.0157753,2.263501,0.3664545,3.0196145,2023-01-12,16,0.2,True,100,5,32,True
0.0,1.4163183,0.9870418,2.9157867,0.9811623,0.0,4.0641117,0.36999685,0.33207014,1.1554376,2.4008083,0.0,1.0167706,2.245544,0.35755754,3.010681,2023-01-13,16,0.2,True,100,5,32,True
0.0,1.4006007,0.9799296,2.9062622,0.98871183,0.0,4.060953,0.37369642,0.332017,1.167386,2.4080153,0.0,1.0219228,2.2265582,0.34890056,3.0055342,2023-01-16,16,0.2,True,100,5,32,True
0.0,1.3845471,0.9754434,2.9000201,0.9955013,0.0,4.06229,0.37733477,0.33558235,1.184772,2.4177418,0.0,1.0217512,2.2156672,0.3428265,3.0061445,2023-01-17,16,0.2,True,100,5,32,True
0.0,1.3727021,0.9688529,2.896332,1.0023707,0.0,4.065803,0.3792439,0.3398534,1.2024803,2.4261236,0.0,1.0189898,2.2062988,0.33637524,3.0077295,2023-01-18,16,0.2,True,100,5,32,True
0.0,1.3635496,0.9626179,2.8939877,1.0071088,0.0,4.067687,0.38070026,0.3436762,1.2185328,2.4333367,0.0,1.017231,2.1973794,0.33083022,3.0088959,2023-01-19,16,0.2,True,100,5,32,True
0.0,1.3554395,0.95548457,2.8948433,1.0112671,0.0,4.0701346,0.38234693,0.34780097,1.2361659,2.4397118,0.0,1.0155153,2.1886199,0.32571304,3.0098674,2023-01-20,16,0.2,True,100,5,32,True
0.0,1.3393987,0.9534576,2.8864982,1.0103599,0.0,4.0630503,0.3837276,0.35078314,1.2482926,2.442913,0.0,1.0106275,2.1820962,0.32338205,3.0065424,2023-01-25,16,0.2,True,100,5,32,True
0.0,1.3419302,0.9530679,2.8986077,1.0150198,0.0,4.0745454,0.38447502,0.35780933,1.2688427,2.4540093,0.0,1.0117514,2.1831744,0.32364312,3.0179558,2023-01-26,16,0.2,True,100,5,32,True
0.0,1.3293325,0.9587127,2.891952,1.0142026,0.0,4.072826,0.38077545,0.36471906,1.2811625,2.4566891,0.0,1.0043018,2.1831012,0.3239084,3.019754,2023-01-27,16,0.2,True,100,5,32,True
0.0,1.3169537,0.96767896,2.8838272,1.0121437,0.0,4.0704985,0.37587526,0.37378484,1.2938029,2.459437,0.0,0.9967363,2.1854968,0.3263214,3.0225334,2023-01-30,16,0.2,True,100,5,32,True
0.0,1.3151392,0.97271574,2.885389,1.0114863,0.0,4.0735874,0.37001508,0.3838537,1.3084167,2.4623516,0.0,0.9918459,2.1884196,0.32842562,3.029563,2023-01-31,16,0.2,True,100,5,32,True
0.0,1.3096696,0.976364,2.8792255,1.0082549,0.0,4.0697703,0.3610989,0.39275828,1.3159136,2.457846,0.0,0.9811418,2.1910098,0.3292272,3.029273,2023-02-01,16,0.2,True,100,5,32,True
0.0,1.3059843,0.98186237,2.8729923,1.0051302,0.0,4.066196,0.35113823,0.40147245,1.3219918,2.4529662,0.0,0.97088194,2.1944087,0.33016956,3.0295565,2023-02-02,16,0.2,True,100,5,32,True
0.0,1.2927806,0.9905709,2.857017,0.997406,0.0,4.0535436,0.34177577,0.40825504,1.3250848,2.4464743,0.0,0.9611719,2.1953561,0.33243403,3.024925,2023-02-03,16,0.2,True,100,5,32,True
0.0,1.2799785,1.0073669,2.84021,0.9897851,0.0,4.0460944,0.33187005,0.4156364,1.3273914,2.44362,0.0,0.95531076,2.2004793,0.33614215,3.0246015,2023-02-06,16,0.2,True,100,5,32,True
0.0,1.2667375,1.0224118,2.8250585,0.98104817,0.0,4.0393806,0.32216868,0.42242867,1.3303721,2.4399278,0.0,0.9487976,2.2072105,0.34060216,3.0249748,2023-02-07,16,0.2,True,100,5,32,True
0.0,1.2749039,1.0319173,2.8346338,0.9785186,0.0,4.050798,0.3158343,0.43132618,1.3451623,2.446202,0.0,0.95319855,2.2157898,0.34603167,3.0417767,2023-02-08,16,0.2,True,100,5,32,True
0.0,1.2672825,1.0531312,2.827279,0.971507,0.0,4.0557957,0.3095669,0.4403791,1.3527263,2.4510555,0.0,0.953982,2.2290485,0.35433367,3.0534484,2023-02-09,16,0.2,True,100,5,32,True
0.0,1.2464916,1.0781028,2.804162,0.95979434,0.0,4.0479174,0.3032745,0.44747788,1.3519484,2.4503548,0.0,0.9526502,2.2378092,0.36248025,3.0545297,2023-02-10,16,0.2,True,100,5,32,True
0.0,1.2239978,1.1068834,2.7850184,0.94784904,0.0,4.047809,0.3000515,0.45602712,1.357983,2.4569528,0.0,0.9552516,2.2519138,0.37539768,3.0634508,2023-02-13,16,0.2,True,100,5,32,True
0.0,1.2038299,1.1346831,2.7664475,0.93723285,0.0,4.0500913,0.29603618,0.4633854,1.3609463,2.462457,0.0,0.95726466,2.2680902,0.38701662,3.0699122,2023-02-14,16,0.2,True,100,5,32,True
0.0,1.1724473,1.1648849,2.73672,0.92398274,0.0,4.045874,0.29174194,0.46846426,1.359137,2.4645805,0.0,0.9543074,2.2846646,0.39820492,3.070645,2023-02-15,16,0.2,True,100,5,32,True
0.0,1.1367875,1.1909543,2.6993687,0.9099888,0.0,4.035819,0.2849969,0.46864063,1.3501943,2.460801,0.0,0.9460599,2.2994359,0.40618756,3.0642595,2023-02-16,16,0.2,True,100,5,32,True
0.0,1.1076366,1.2163198,2.6698656,0.89803934,0.0,4.0304103,0.27976406,0.4699725,1.3460532,2.46086,0.0,0.9415583,2.313761,0.41536584,3.0653715,2023-02-17,16,0.2,True,100,5,32,True
0.0,1.0679128,1.2454373,2.630265,0.88466394,0.0,4.021713,0.27566501,0.4677345,1.3386467,2.4614165,0.0,0.9376105,2.3255289,0.42369506,3.063047,2023-02-20,16,0.2,True,100,5,32,True
0.0,1.0436074,1.2717643,2.6056259,0.87703407,0.0,4.0256333,0.2721972,0.46774983,1.3367047,2.4681644,0.0,0.93919104,2.3373454,0.43087608,3.0696328,2023-02-21,16,0.2,True,100,5,32,True
0.0,1.0239975,1.2944635,2.5883193,0.8702152,0.0,4.033068,0.26986498,0.46951544,1.3397543,2.4767652,0.0,0.94151825,2.3490741,0.43794814,3.079001,2023-02-22,16,0.2,True,100,5,32,True
0.0,0.9977508,1.3170966,2.5654843,0.862955,0.0,4.0387616,0.27046645,0.46696222,1.3401355,2.486827,0.0,0.9474734,2.3580668,0.44446322,3.0849845,2023-02-23,16,0.2,True,100,5,32,True
0.0,0.9762317,1.3357338,2.5459569,0.85744524,0.0,4.0436397,0.27020216,0.46368772,1.3382286,2.4948463,0.0,0.95225555,2.363022,0.44693246,3.0881746,2023-02-24,16,0.2,True,100,5,32,True
0.0,0.952134,1.3544126,2.5271504,0.8510714,0.0,4.0494037,0.27242327,0.46020776,1.338471,2.5045242,0.0,0.9579005,2.3705668,0.45123905,3.0930083,2023-02-27,16,0.2,True,100,5,32,True
0.0,0.93483365,1.369821,2.5166364,0.8476076,0.0,4.0623937,0.27524126,0.457356,1.3421826,2.5168822,0.0,0.9655684,2.3797927,0.45561594,3.1019385,2023-02-28,16,0.2,True,100,5,32,True
0.0,0.91304725,1.3853205,2.5028045,0.84433746,0.0,4.073852,0.27988416,0.45216423,1.3436252,2.5291896,0.0,0.97355855,2.387425,0.45801777,3.1075408,2023-03-02,16,0.2,True,100,5,32,True
0.0,0.8849428,1.4095968,2.4833145,0.83994293,0.0,4.0834074,0.28689808,0.44754398,1.3422834,2.544461,0.0,0.9801893,2.4002197,0.4640296,3.1164873,2023-03-03,16,0.2,True,100,5,32,True
0.0,0.8483326,1.439761,2.4555578,0.83264244,0.0,4.089335,0.29533568,0.44298047,1.3394647,2.5607798,0.0,0.98807675,2.4144232,0.47403148,3.12497,2023-03-06,16,0.2,True,100,5,32,True
0.0,0.81680906,1.4727266,2.4359288,0.8259691,0.0,4.104083,0.30370158,0.44268164,1.3441093,2.5822034,0.0,0.998524,2.4336796,0.48788658,3.143162,2023-03-07,16,0.2,True,100,5,32,True
0.0,0.7812084,1.5096427,2.4127698,0.81902874,0.0,4.121188,0.3119072,0.44183338,1.3476337,2.6037915,0.0,1.0070634,2.4567935,0.50166655,3.16149,2023-03-08,16,0.2,True,100,5,32,True
0.0,0.75382876,1.5442015,2.39912,0.8149909,0.0,4.1492767,0.3198059,0.4419739,1.3572917,2.6294835,0.0,1.021377,2.4809828,0.5161229,3.1857007,2023-03-09,16,0.2,True,100,5,32,True
0.0,0.7222568,1.5764639,2.3783247,0.81090975,0.0,4.1711636,0.32719603,0.43782136,1.3590416,2.6501396,0.0,1.0325612,2.5014913,0.52635527,3.2005477,2023-03-10,16,0.2,True,100,5,32,True
0.0,0.691722,1.6050026,2.358219,0.8084148,0.0,4.1935334,0.33492532,0.4304864,1.3583719,2.6697264,0.0,1.0446774,2.5198896,0.5340916,3.2122376,2023-03-13,16,0.2,True,100,5,32,True
0.0,0.6675878,1.6308038,2.3462026,0.80802643,0.0,4.221383,0.34334868,0.42424333,1.3619586,2.6921391,0.0,1.0596572,2.538102,0.54149795,3.2279897,2023-03-14,16,0.2,True,100,5,32,True
0.0,0.64149314,1.6530346,2.3316681,0.81017166,0.0,4.249623,0.35197607,0.41149306,1.3590814,2.7125444,0.0,1.073785,2.5544024,0.5438988,3.2376597,2023-03-15,16,0.2,True,100,5,32,True
0.0,0.6165701,1.671955,2.318477,0.81415254,0.0,4.2749653,0.36063647,0.39899522,1.3520459,2.7314765,0.0,1.0841616,2.567988,0.54059076,3.2459846,2023-03-16,16,0.2,True,100,5,32,True
0.0,0.58375454,1.689644,2.3005452,0.81550866,0.0,4.2938027,0.37224886,0.38655847,1.346147,2.7509139,0.0,1.0949787,2.579741,0.53900075,3.2540202,2023-03-17,16,0.2,True,100,5,32,True
0.0,0.5617692,1.7030966,2.2933085,0.8197353,0.0,4.3178525,0.38186404,0.37759787,1.3441981,2.7716248,0.0,1.1049728,2.5922635,0.5366523,3.2676184,2023-03-20,16,0.2,True,100,5,32,True
0.0,0.5429225,1.7115422,2.2885036,0.8249966,0.0,4.341622,0.39047226,0.36882323,1.342535,2.7904506,0.0,1.1117543,2.603272,0.53170085,3.2801762,2023-03-21,16,0.2,True,100,5,32,True
0.0,0.52238697,1.721585,2.280672,0.83069265,0.0,4.365207,0.3999134,0.3600365,1.3386676,2.8085027,0.0,1.1147969,2.6174707,0.52614677,3.2928138,2023-03-22,16,0.2,True,100,5,32,True
0.0,0.50899327,1.7295554,2.2788162,0.83700657,0.0,4.3896213,0.40798843,0.3543004,1.3386534,2.8260868,0.0,1.1173608,2.6309364,0.521737,3.307579,2023-03-23,16,0.2,True,100,5,32,True
0.0,0.49323303,1.7392873,2.275621,0.8411281,0.0,4.4117384,0.41710514,0.3509009,1.34322,2.8451633,0.0,1.1233405,2.6423042,0.5216932,3.3231971,2023-03-24,16,0.2,True,100,5,32,True
0.0,0.47798797,1.7486355,2.2740498,0.8453177,0.0,4.4340105,0.42439383,0.34902832,1.3494531,2.8644185,0.0,1.1273153,2.6546302,0.52217585,3.3405602,2023-03-27,16,0.2,True,100,5,32,True
0.0,0.47198638,1.7519233,2.2813418,0.8507348,0.0,4.4577847,0.42911735,0.348943,1.3590792,2.8815773,0.0,1.1299654,2.664713,0.5216897,3.359206,2023-03-28,16,0.2,True,100,5,32,True
0.0,0.46375218,1.7610149,2.284893,0.85224557,0.0,4.483014,0.4322756,0.35376522,1.3721019,2.8998985,0.0,1.131821,2.677627,0.5236005,3.3817527,2023-03-29,16,0.2,True,100,5,32,True
0.0,0.45775345,1.7727319,2.28688,0.8529028,0.0,4.5064945,0.4342272,0.3612277,1.3857824,2.9166877,0.0,1.1336203,2.6911063,0.52773345,3.404813,2023-03-30,16,0.2,True,100,5,32,True
0.0,0.44982585,1.7866942,2.2850611,0.8521429,0.0,4.526884,0.4346906,0.37037313,1.3981165,2.9318645,0.0,1.1322297,2.7059088,0.53197646,3.427673,2023-03-31,16,0.2,True,100,5,32,True
0.0,0.44841102,1.7984242,2.286849,0.8505696,0.0,4.54206,0.43377692,0.38204035,1.4110209,2.944564,0.0,1.1320363,2.7157576,0.5382259,3.4482388,2023-04-03,16,0.2,True,100,5,32,True
0.0,0.4485415,1.8156034,2.2898362,0.84758174,0.0,4.5573006,0.4321434,0.3980151,1.4254912,2.9589987,0.0,1.1327507,2.728202,0.5473841,3.4731734,2023-04-04,16,0.2,True,100,5,32,True
0.0,0.44558567,1.8339903,2.286946,0.84267545,0.0,4.5686054,0.4291669,0.41452768,1.4368994,2.9716456,0.0,1.1294816,2.7415922,0.55601823,3.4966443,2023-04-05,16,0.2,True,100,5,32,True
0.0,0.44279152,1.854301,2.2843277,0.83690095,0.0,4.582583,0.42526248,0.43224943,1.4501362,2.9850197,0.0,1.1240685,2.759353,0.56577456,3.5236936,2023-04-06,16,0.2,True,100,5,32,True
0.0,0.44916093,1.868581,2.2927418,0.83111686,0.0,4.5981326,0.41926894,0.44894946,1.470196,2.993953,0.0,1.1230589,2.7737145,0.57669795,3.5488303,2023-04-07,16,0.2,True,100,5,32,True
0.0,0.44251016,1.8875741,2.284391,0.8230184,0.0,4.610877,0.4120203,0.46402535,1.4816542,3.0046859,0.0,1.1154722,2.7920825,0.5852665,3.5726593,2023-04-10,16,0.2,True,100,5,32,True
0.0,0.44040903,1.9043963,2.2830706,0.81260884,0.0,4.619368,0.4047918,0.47982424,1.4991581,3.012311,0.0,1.1120358,2.8069136,0.5991993,3.5955176,2023-04-11,16,0.2,True,100,5,32,True
0.0,0.4369153,1.921322,2.2785993,0.7999068,0.0,4.6230674,0.39521468,0.49709195,1.5149859,3.017163,0.0,1.1033403,2.8227284,0.6133925,3.6175385,2023-04-12,16,0.2,True,100,5,32,True
0.0,0.4285734,1.9457071,2.2662826,0.78436184,0.0,4.625684,0.38573787,0.51620173,1.5290868,3.0251095,0.0,1.1001568,2.8383029,0.63340354,3.6389143,2023-04-13,16,0.2,True,100,5,32,True
0.0,0.42606375,1.9645902,2.2597454,0.76718044,0.0,4.618696,0.3741892,0.5353619,1.543547,3.0249245,0.0,1.0957905,2.8469908,0.65222883,3.6543367,2023-04-14,16,0.2,True,100,5,32,True
0.0,0.4269867,1.9816926,2.2579527,0.74751526,0.0,4.608442,0.36213595,0.5561403,1.5630656,3.0213954,0.0,1.0922425,2.8551586,0.6753086,3.6687903,2023-04-17,16,0.2,True,100,5,32,True
0.0,0.42503485,1.999654,2.2516446,0.72828597,0.0,4.600982,0.3482787,0.5774603,1.5793568,3.0188844,0.0,1.083034,2.8683941,0.6953833,3.684879,2023-04-18,16,0.2,True,100,5,32,True
0.0,0.42341098,2.018321,2.2441392,0.7095878,0.0,4.5981874,0.3328516,0.598775,1.5950862,3.0173771,0.0,1.0728883,2.8843315,0.71382546,3.7019472,2023-04-19,16,0.2,True,100,5,32,True
0.0,0.42596275,2.0335612,2.2395008,0.6905281,0.0,4.592199,0.3153688,0.6198175,1.6100391,3.011715,0.0,1.0627264,2.8971164,0.7310852,3.7148683,2023-04-20,16,0.2,True,100,5,32,True
0.0,0.42486903,2.0512283,2.2295523,0.67216474,0.0,4.589775,0.2979316,0.63985413,1.6216935,3.0087252,0.0,1.0515074,2.913147,0.7461295,3.7286162,2023-04-21,16,0.2,True,100,5,32,True
0.0,0.42281294,2.0687985,2.2184722,0.6543227,0.0,4.5882425,0.28013366,0.65814394,1.6307663,3.0059562,0.0,1.041393,2.9296014,0.7597536,3.7410157,2023-04-24,16,0.2,True,100,5,32,True
0.0,0.4191195,2.083294,2.206769,0.6373241,0.0,4.5848293,0.26170507,0.67326665,1.637057,3.0011547,0.0,1.0298988,2.9446807,0.76951015,3.7509503,2023-04-25,16,0.2,True,100,5,32,True
0.0,0.41304344,2.0983057,2.1917565,0.6228697,0.0,4.5871735,0.2424155,0.6850068,1.6379766,2.998269,0.0,1.0170906,2.9632971,0.7744944,3.7614992,2023-04-26,16,0.2,True,100,5,32,True
0.007599622,0.4029264,2.1120658,2.1717865,0.6105358,0.0,4.5904684,0.22487292,0.69243133,1.6338538,2.9963818,0.0,1.003174,2.98315,0.7754539,3.7700026,2023-04-27,16,0.2,True,100,5,32,True
0.016068865,0.4035238,2.1218586,2.165342,0.5995495,0.0,4.5940576,0.20974441,0.6991766,1.6365734,2.992047,0.0,0.9984615,2.9975805,0.78085136,3.7774186,2023-04-28,16,0.2,True,100,5,32,True
0.029613273,0.39438805,2.1364374,2.1439419,0.59270155,0.0,4.6029735,0.19546978,0.7021585,1.6251646,2.9936452,0.0,0.98796993,3.01853,0.7778307,3.7842655,2023-05-02,16,0.2,True,100,5,32,True
0.044543583,0.3835408,2.1567261,2.1210155,0.5874399,0.0,4.6168013,0.18311211,0.70752144,1.6118116,3.0011961,0.0,0.9758668,3.0460105,0.77506304,3.7973878,2023-05-03,16,0.2,True,100,5,32,True
0.058124408,0.37300736,2.1777184,2.0993664,0.5833472,0.0,4.63324,0.17284279,0.71298075,1.5997708,3.0108957,0.0,0.96583885,3.0747101,0.7739179,3.8123634,2023-05-04,16,0.2,True,100,5,32,True
0.073135555,0.35913748,2.2001865,2.0717924,0.5809888,0.0,4.6513143,0.16325027,0.71664315,1.5824356,3.022428,0.0,0.955425,3.104652,0.77076805,3.8255424,2023-05-08,16,0.2,True,100,5,32,True
0.08273356,0.35350364,2.218044,2.055282,0.57688665,0.0,4.66203,0.15617666,0.7206758,1.5721709,3.0285513,0.0,0.95064956,3.1280434,0.77376306,3.8350866,2023-05-09,16,0.2,True,100,5,32,True
0.09550159,0.34144327,2.2407925,2.0296772,0.5758419,0.0,4.6792474,0.15001947,0.72384775,1.5540965,3.040645,0.0,0.94159967,3.1588387,0.7727766,3.8475935,2023-05-10,16,0.2,True,100,5,32,True
0.11127795,0.32221016,2.2659686,1.9940382,0.5772849,0.0,4.699933,0.14463939,0.7250573,1.5276432,3.0570939,0.0,0.9289849,3.1939719,0.76722014,3.859664,2023-05-11,16,0.2,True,100,5,32,True
0.122686744,0.30803373,2.2849622,1.9680957,0.57796276,0.0,4.716625,0.1407282,0.725496,1.507894,3.07006,0.0,0.9206828,3.222182,0.7635294,3.8687675,2023-05-12,16,0.2,True,100,5,32,True
0.1338057,0.2926056,2.3041077,1.9409418,0.58089525,0.0,4.7370787,0.1380571,0.7243989,1.4861705,3.0856848,0.0,0.9139172,3.2503872,0.7581173,3.8778875,2023-05-15,16,0.2,True,100,5,32,True
0.14394748,0.27881023,2.3206942,1.9136597,0.58763766,0.0,4.7577434,0.13575545,0.7212557,1.4580256,3.1009777,0.0,0.90444183,3.277736,0.7469593,3.8845794,2023-05-16,16,0.2,True,100,5,32,True
0.15460606,0.2667498,2.3358166,1.8872432,0.59547853,0.0,4.778227,0.13402908,0.7173155,1.4291568,3.115938,0.0,0.8976938,3.3007853,0.73424864,3.8891108,2023-05-17,16,0.2,True,100,5,32,True
0.16254792,0.2560196,2.3507483,1.863982,0.6039198,0.0,4.7971625,0.13497819,0.7130246,1.401716,3.1307905,0.0,0.89293766,3.3218997,0.7233614,3.8939621,2023-05-18,16,0.2,True,100,5,32,True
0.17145517,0.2392104,2.371545,1.8365381,0.6134081,0.0,4.823091,0.13863625,0.71032375,1.3747203,3.15297,0.0,0.8864084,3.351256,0.7140783,3.9062068,2023-05-19,16,0.2,True,100,5,32,True
0.1789469,0.22154635,2.3912318,1.8085159,0.6239781,0.0,4.846019,0.14303072,0.7075004,1.3455763,3.1740327,0.0,0.8762378,3.3805437,0.70391273,3.9178827,2023-05-22,16,0.2,True,100,5,32,True
0.18687372,0.201937,2.4148788,1.7795058,0.6350905,0.0,4.876919,0.14682354,0.707759,1.3190081,3.2001534,0.0,0.86189413,3.4188778,0.6951597,3.937188,2023-05-23,16,0.2,True,100,5,32,True
0.1922602,0.18722664,2.4355543,1.757118,0.64434373,0.0,4.904007,0.15031837,0.7096305,1.2993895,3.2221537,0.0,0.850105,3.452025,0.6913148,3.9554033,2023-05-24,16,0.2,True,100,5,32,True
0.19757983,0.17459261,2.4539063,1.7357543,0.65275705,0.0,4.925819,0.15275654,0.71204436,1.280031,3.2402298,0.0,0.8386423,3.480221,0.688645,3.970026,2023-05-25,16,0.2,True,100,5,32,True
0.20752487,0.15295373,2.4761646,1.7021223,0.66267604,0.0,4.949989,0.15484238,0.7133444,1.25238,3.2622628,0.0,0.824811,3.5107157,0.68277013,3.9836948,2023-05-26,16,0.2,True,100,5,32,True
0.21111687,0.14218429,2.488789,1.6901621,0.662317,0.0,4.9577146,0.1548856,0.7176968,1.2489378,3.271619,0.0,0.8236085,3.5230224,0.690264,3.9925566,2023-05-30,16,0.2,True,100,5,32,True
0.2203034,0.119488895,2.5121965,1.6608303,0.67063683,0.0,4.9870973,0.15303285,0.7213781,1.2273507,3.2962904,0.0,0.8059386,3.558938,0.6833527,4.013862,2023-05-31,16,0.2,True,100,5,32,True
0.22656079,0.10679641,2.530531,1.6434147,0.6752683,0.0,5.013883,0.1494515,0.7262942,1.2170616,3.3145463,0.0,0.7940069,3.5885391,0.6812351,4.034671,2023-06-01,16,0.2,True,100,5,32,True
0.23801725,0.08717906,2.5542905,1.6163678,0.6792224,0.0,5.045674,0.14412165,0.7328788,1.2039144,3.3368165,0.0,0.77865213,3.6257029,0.67880595,4.058987,2023-06-02,16,0.2,True,100,5,32,True
0.2513534,0.066005416,2.5784268,1.5888659,0.6807581,0.0,5.0749583,0.13742538,0.7424654,1.1940593,3.3588383,0.0,0.76159054,3.6634092,0.6785594,4.0843368,2023-06-05,16,0.2,True,100,5,32,True
0.26750454,0.04329535,2.6043854,1.5583562,0.68056655,0.0,5.1043487,0.12953444,0.7546378,1.1848948,3.3816712,0.0,0.7422145,3.7038763,0.6795232,4.111361,2023-06-07,16,0.2,True,100,5,32,True
0.28206217,0.026878417,2.6247728,1.5349455,0.6792729,0.0,5.1292825,0.119211614,0.76796955,1.1797575,3.399525,0.0,0.7207955,3.7409408,0.6799071,4.1360917,2023-06-08,16,0.2,True,100,5,32,True
0.29619431,0.016330298,2.642468,1.5162491,0.67686945,0.0,5.1537423,0.10668007,0.7824646,1.1782408,3.4140863,0.0,0.70094013,3.7749898,0.68135226,4.158994,2023-06-09,16,0.2,True,100,5,32,True
0.3149073,0.0,2.6659718,1.4878838,0.6718328,0.0,5.178598,0.09340745,0.7983134,1.1732837,3.4305842,0.0,0.6799057,3.8132453,0.6853112,4.1829515,2023-06-12,16,0.2,True,100,5,32,True
0.3335491,0.0,2.6885529,1.462666,0.66570884,0.0,5.202168,0.07760595,0.81539917,1.1707486,3.4459655,0.0,0.65923846,3.8496308,0.6887969,4.2068486,2023-06-13,16,0.2,True,100,5,32,True
0.3509294,0.0,2.709215,1.4409918,0.6597662,0.0,5.2257686,0.06068947,0.83248013,1.1695241,3.4605258,0.0,0.6366046,3.8861759,0.6900376,4.2320914,2023-06-14,16,0.2,True,100,5,32,True
0.36824515,0.0,2.7245395,1.4211022,0.65231425,0.0,5.2402887,0.040560827,0.84800357,1.1667492,3.466811,0.0,0.6172651,3.9117332,0.6903931,4.248311,2023-06-15,16,0.2,True,100,5,32,True
0.38868254,0.0,2.7439961,1.3932565,0.6442338,0.0,5.2615786,0.021593316,0.8630334,1.162461,3.479913,0.0,0.5983374,3.943747,0.6892369,4.268845,2023-06-16,16,0.2,True,100,5,32,True
0.40553096,0.0,2.7576892,1.3700904,0.6328172,0.0,5.2687836,0.0050779358,0.87574166,1.1614527,3.485243,0.0,0.5822341,3.9664855,0.6919776,4.2828884,2023-06-19,16,0.2,True,100,5,32,True
0.42100552,0.0,2.7687027,1.3495711,0.6203585,0.0,5.2730517,0.0,0.8881955,1.1618583,3.4877913,0.0,0.5671258,3.9865024,0.6947442,4.295379,2023-06-20,16,0.2,True,100,5,32,True
0.43554935,0.0,2.7780523,1.3302785,0.60873455,0.0,5.280327,0.0,0.8996749,1.1624386,3.4916496,0.0,0.55112284,4.0077477,0.694397,4.3092885,2023-06-21,16,0.2,True,100,5,32,True
0.45038053,0.0,2.7878177,1.3098687,0.59992427,0.0,5.296032,0.0,0.910175,1.162278,3.4998083,0.0,0.536259,4.0322347,0.69082904,4.3263626,2023-06-22,16,0.2,True,100,5,32,True
0.4647887,0.0,2.7955306,1.2895255,0.59097606,0.0,5.3097677,0.0,0.91932863,1.1610049,3.5064871,0.0,0.52201015,4.054785,0.6860374,4.340884,2023-06-23,16,0.2,True,100,5,32,True
0.47836342,0.0,2.802621,1.2702355,0.5826553,0.0,5.326835,0.0,0.9268771,1.1603078,3.5142994,0.0,0.5099394,4.0772386,0.6794143,4.355401,2023-06-26,16,0.2,True,100,5,32,True
0.49277428,0.0,2.811998,1.24676,0.57618797,0.0,5.349267,0.0,0.9326531,1.1562891,3.526861,0.0,0.49715158,4.1051774,0.67046976,4.372463,2023-06-27,16,0.2,True,100,5,32,True
0.50325084,0.0,2.8145392,1.2320707,0.5684238,0.0,5.362851,0.0,0.9374688,1.1561545,3.5334902,0.0,0.48497292,4.125032,0.66144407,4.38534,2023-06-28,16,0.2,True,100,5,32,True
0.5206035,0.0,2.820879,1.2022778,0.56275725,0.0,5.3830237,0.0,0.94079936,1.1469779,3.5462928,0.0,0.47152057,4.150133,0.6469717,4.398256,2023-06-29,16,0.2,True,100,5,32,True
0.53661436,0.0,2.8232114,1.1738293,0.55420107,0.0,5.394879,0.0,0.94229364,1.1406975,3.5549572,0.0,0.4607563,4.167539,0.6336943,4.406438,2023-06-30,16,0.2,True,100,5,32,True
0.5495598,0.0,2.8255677,1.1492987,0.5471644,0.0,5.4083548,0.0,0.94302744,1.1363765,3.565003,0.0,0.45074227,4.185884,0.62125134,4.4171968,2023-07-03,16,0.2,True,100,5,32,True
0.5588606,0.0,2.8289294,1.1320003,0.540691,0.0,5.4192615,0.0,0.94554377,1.1361002,3.5738845,0.0,0.44276825,4.2022038,0.61303806,4.4295287,2023-07-04,16,0.2,True,100,5,32,True
0.57373154,0.0,2.8391066,1.1024891,0.53606445,0.0,5.438358,0.0,0.9491508,1.1310282,3.5903814,0.0,0.43189946,4.227,0.60282135,4.447197,2023-07-05,16,0.2,True,100,5,32,True
0.58734846,0.0,2.8503098,1.0747544,0.53441995,0.0,5.462779,0.0,0.9527017,1.1258043,3.6094701,0.0,0.4216923,4.2527056,0.59117854,4.467224,2023-07-06,16,0.2,True,100,5,32,True
0.60211927,0.0,2.860837,1.0464071,0.5325578,0.0,5.486865,0.0,0.95566386,1.1202796,3.6276112,0.0,0.41522637,4.273477,0.5794821,4.484308,2023-07-07,16,0.2,True,100,5,32,True
0.6162414,0.0,2.8687181,1.0194595,0.5304819,0.0,5.5080256,0.0,0.95722526,1.1155734,3.6448255,0.0,0.41021943,4.28992,0.56672454,4.499233,2023-07-10,16,0.2,True,100,5,32,True
0.6254643,0.0,2.8724895,1.0009227,0.52614075,0.0,5.52488,0.0,0.95838624,1.119002,3.6587844,0.0,0.40937167,4.3007383,0.5584403,4.5120306,2023-07-11,16,0.2,True,100,5,32,True
0.6332056,0.0,2.87919,0.98264164,0.5237966,0.0,5.5442443,0.0,0.95942396,1.12067,3.6761854,0.0,0.40801835,4.315545,0.55116725,4.5274725,2023-07-12,16,0.2,True,100,5,32,True
0.64808017,0.0,2.8923514,0.94762355,0.5279464,0.0,5.5746956,0.0,0.959174,1.1075726,3.703988,0.0,0.39908153,4.341812,0.53466666,4.54611,2023-07-13,16,0.2,True,100,5,32,True
0.6621756,0.0,2.905092,0.9174264,0.5298594,0.0,5.6035514,0.0,0.96151036,1.1005957,3.7314825,0.0,0.3926402,4.3664684,0.5225911,4.565292,2023-07-14,16,0.2,True,100,5,32,True
0.6692239,0.0,2.9112308,0.9060251,0.52713215,0.0,5.6186824,0.0,0.9664299,1.108928,3.7507849,0.0,0.39446867,4.375936,0.52136576,4.5799146,2023-07-17,16,0.2,True,100,5,32,True
0.6785514,0.0,2.918485,0.8903693,0.5296176,0.0,5.639498,0.0,0.97133005,1.1103139,3.772508,0.0,0.39275712,4.387799,0.51455647,4.5948415,2023-07-18,16,0.2,True,100,5,32,True
0.6868595,0.0,2.9234457,0.87977076,0.5325795,0.0,5.6606054,0.0,0.977266,1.114978,3.79346,0.0,0.3911836,4.397671,0.50789434,4.6099973,2023-07-19,16,0.2,True,100,5,32,True
0.70241416,0.0,2.9345515,0.8539955,0.5399583,0.0,5.695203,0.0,0.9831254,1.1096972,3.824442,0.0,0.38098994,4.421981,0.4930111,4.631611,2023-07-20,16,0.2,True,100,5,32,True
0.7180317,0.0,2.9428089,0.8311971,0.5433777,0.0,5.724709,0.0,0.99019474,1.1107984,3.8517544,0.0,0.37335724,4.4415894,0.48214778,4.650717,2023-07-21,16,0.2,True,100,5,32,True
0.7269701,0.0,2.9458923,0.82328314,0.5413439,0.0,5.7420754,0.0,0.9996522,1.1261345,3.8704872,0.0,0.37366462,4.4486537,0.48257762,4.6653657,2023-07-24,16,0.2,True,100,5,32,True
0.7447602,0.0,2.9559717,0.7988768,0.542851,0.0,5.7674646,0.0,1.0102701,1.1287762,3.8950438,0.0,0.36557,4.4667587,0.4756219,4.6829658,2023-07-25,16,0.2,True,100,5,32,True
0.7669812,0.0,2.9683719,0.7661973,0.5463369,0.0,5.794293,0.0,1.0214771,1.1235719,3.9219573,0.0,0.35035393,4.4905834,0.46413082,4.7016335,2023-07-26,16,0.2,True,100,5,32,True
0.7902686,0.0,2.974168,0.7367298,0.544052,0.0,5.8142624,0.0,1.0327481,1.126273,3.9403398,0.0,0.34050655,4.5033493,0.4564078,4.712913,2023-07-27,16,0.2,True,100,5,32,True
0.8096973,0.0,2.9798784,0.71213305,0.54248875,0.0,5.834813,0.0,1.043003,1.1291565,3.9565094,0.0,0.33300373,4.5166545,0.45084882,4.723217,2023-07-28,16,0.2,True,100,5,32,True
0.8285814,0.0,2.9890218,0.6859271,0.5433344,0.0,5.860415,0.0,1.0533872,1.1288086,3.9761844,0.0,0.3238246,4.536444,0.44376126,4.737142,2023-07-31,16,0.2,True,100,5,32,True
0.85001177,0.0,3.000647,0.65607685,0.54341537,0.0,5.887056,0.0,1.0642296,1.126897,3.9958496,0.0,0.31359664,4.56035,0.43749955,4.751104,2023-08-01,16,0.2,True,100,5,32,True
0.88424826,0.0,3.0239124,0.6078568,0.544979,0.0,5.9171824,0.0,1.0817109,1.11312,4.017257,0.0031072646,0.3001448,4.5902834,0.42781875,4.7671375,2023-08-02,16,0.2,True,100,5,32,True
0.9188837,0.0,3.047276,0.55996436,0.54449683,0.0,5.943905,0.0,1.1008242,1.1007507,4.032649,0.023995819,0.2893235,4.617498,0.42084283,4.7804966,2023-08-03,16,0.2,True,100,5,32,True
0.95297,0.0,3.071499,0.50957525,0.5457669,0.0,5.9728518,0.0,1.1185702,1.0850418,4.0479703,0.042931687,0.27628085,4.6491547,0.41177675,4.7939324,2023-08-04,16,0.2,True,100,5,32,True
0.9880661,0.0,3.097585,0.45369688,0.5483689,0.0,6.006884,0.0,1.1345103,1.0652922,4.0649395,0.056584984,0.26194614,4.6868315,0.40120602,4.806633,2023-08-07,16,0.2,True,100,5,32,True
1.0186932,0.0,3.1228063,0.40121123,0.55380005,0.0,6.043134,0.0,1.1473454,1.0425824,4.0829244,0.06462084,0.24689624,4.7280946,0.38927084,4.819248,2023-08-08,16,0.2,True,100,5,32,True
1.0524415,0.0,3.1490333,0.33925194,0.56229347,0.0,6.0834427,0.0,1.1559585,1.0080364,4.103138,0.06320594,0.23011163,4.7742176,0.37256506,4.8274865,2023-08-09,16,0.2,True,100,5,32,True
1.0783422,0.0,3.1695251,0.29635924,0.5654851,0.0,6.1114736,0.0,1.1654146,0.98648244,4.1168647,0.06784241,0.21905604,4.8100295,0.3628808,4.8345394,2023-08-10,16,0.2,True,100,5,32,True
1.1037735,0.0,3.1926787,0.24801059,0.57205766,0.0,6.1426964,0.0,1.1725994,0.9544901,4.131152,0.06343669,0.20325327,4.8537383,0.34991017,4.840845,2023-08-11,16,0.2,True,100,5,32,True
1.1288829,0.0,3.2186604,0.19566797,0.58308935,0.0,6.1816335,0.0,1.1776843,0.9164232,4.1518097,0.055171855,0.18448123,4.905403,0.3325998,4.8509645,2023-08-14,16,0.2,True,100,5,32,True
1.1518066,0.0,3.2394207,0.14852421,0.59372,0.0,6.215005,0.0,1.1787913,0.8802769,4.1706986,0.046226453,0.16804677,4.95125,0.31537947,4.856947,2023-08-16,16,0.2,True,100,5,32,True
1.1679417,0.0,3.2566621,0.11043319,0.6039433,0.0,6.2437353,0.0,1.1771595,0.845132,4.1857877,0.031494506,0.15458128,4.9929967,0.29984623,4.8596487,2023-08-17,16,0.2,True,100,5,32,True
1.1889231,0.0,3.2765718,0.061231807,0.61782837,0.0,6.27571,0.0,1.1719726,0.7969637,4.2048926,0.014338765,0.13515899,5.041809,0.2761163,4.8607154,2023-08-18,16,0.2,True,100,5,32,True
1.2054815,0.0,3.292811,0.019294217,0.630348,0.0,6.3032646,0.0,1.1649691,0.7519159,4.221043,0.0,0.118876204,5.0861006,0.25502133,4.858293,2023-08-21,16,0.2,True,100,5,32,True
1.2214495,0.0,3.3127317,0.0,0.64796764,0.0,6.3372836,0.0,1.1557817,0.69899434,4.24216,0.0,0.100241885,5.136404,0.23039779,4.856956,2023-08-22,16,0.2,True,100,5,32,True
1.2359147,0.0,3.3349347,0.0,0.66814786,0.0,6.3767962,0.0,1.1465381,0.6466863,4.26785,0.0,0.081909426,5.1897473,0.20547858,4.8595424,2023-08-23,16,0.2,True,100,5,32,True
1.2473599,0.0,3.3569703,0.0,0.6914729,0.0,6.415753,0.0,1.1353408,0.5921633,4.294006,0.0,0.06437118,5.241165,0.17872447,4.8614936,2023-08-24,16,0.2,True,100,5,32,True
1.259852,0.0,3.3807983,0.0,0.71451545,0.0,6.4566474,0.0,1.1245111,0.539927,4.3226447,0.0,0.04962469,5.2920785,0.15358159,4.864517,2023-08-25,16,0.2,True,100,5,32,True
1.2709744,0.0,3.4052093,0.0,0.73865706,0.0,6.5013533,0.0,1.1132125,0.4886909,4.3546944,0.0,0.038580973,5.34322,0.13080457,4.8681297,2023-08-28,16,0.2,True,100,5,32,True
1.2812855,0.0,3.4289997,0.0,0.76433444,0.0,6.5411572,0.0,1.1030548,0.43611473,4.3848205,0.0,0.026156321,5.3907876,0.10735614,4.8719554,2023-08-29,16,0.2,True,100,5,32,True
1.2964672,0.0,3.4550166,0.0,0.7897891,0.0,6.5820065,0.0,1.0935336,0.3820492,4.415998,0.0,0.010886483,5.440942,0.081567496,4.8760176,2023-08-30,16,0.2,True,100,5,32,True
1.3078951,0.0,3.483954,0.0,0.81943,0.0,6.6220007,0.0,1.0839587,0.3229522,4.44483,0.0,0.0,5.4910946,0.05373203,4.879883,2023-08-31,16,0.2,True,100,5,32,True
1.3127444,0.0,3.5134423,0.0,0.8520312,0.0,6.661558,0.0,1.0743473,0.2637807,4.4711533,0.0,0.0,5.539138,0.028039148,4.884026,2023-09-01,16,0.2,True,100,5,32,True
1.3122693,0.0,3.5357115,0.0,0.8813458,0.0,6.70151,0.0,1.0609524,0.21546133,4.4954143,0.0,0.0,5.5837307,0.007152252,4.886952,2023-09-04,16,0.2,True,100,5,32,True
1.3062474,0.0,3.5524,0.0,0.90773875,0.0,6.734367,0.0,1.0479541,0.17815097,4.5171046,0.0,0.0,5.618743,0.0,4.8909383,2023-09-05,16,0.2,True,100,5,32,True
1.2978436,0.0,3.5679386,0.0,0.93483233,0.0,6.76227,0.0,1.0346091,0.14076509,4.5361776,0.0,0.0,5.6484394,0.0,4.8930163,2023-09-06,16,0.2,True,100,5,32,True
1.2899122,0.0,3.5812175,0.0,0.9583389,0.0,6.782924,0.0,1.0212426,0.104708225,4.5503545,0.0,0.0,5.6729007,0.0,4.8949485,2023-09-07,16,0.2,True,100,5,32,True
1.2828221,0.0,3.5877316,0.0,0.973863,0.0,6.79558,0.0,1.0107721,0.079432175,4.5583863,0.0,0.0,5.6901774,0.0,4.894772,2023-09-08,16,0.2,True,100,5,32,True
1.2820592,0.0,3.5941331,0.0,0.9838435,0.0,6.811496,0.0,1.0048075,0.06361604,4.5708,0.0,0.0,5.707345,0.0,4.9003305,2023-09-11,16,0.2,True,100,5,32,True
1.2785205,0.0,3.5999837,0.0,0.9937452,0.0,6.826832,0.0,1.0002006,0.051383376,4.5828733,0.0,0.0,5.720538,0.0,4.906904,2023-09-12,16,0.2,True,100,5,32,True
1.2750459,0.0,3.600887,0.0,1.0021762,0.0,6.838788,0.0,0.9968763,0.04412024,4.594139,0.0,0.0,5.7274466,0.0,4.913485,2023-09-13,16,0.2,True,100,5,32,True
1.2546799,0.0,3.5785213,0.0,1.0010049,0.0,6.8203983,0.0,0.9914563,0.059174564,4.5832,0.0,0.0,5.7003207,0.0,4.905899,2023-09-14,16,0.2,True,100,5,32,True
1.2374974,0.0,3.5621486,0.0,1.0005171,0.0,6.805799,0.0,0.98752964,0.06991133,4.573517,0.0,0.0,5.6795435,0.0,4.899782,2023-09-15,16,0.2,True,100,5,32,True
1.2263699,0.0,3.5506494,0.0,1.0015606,0.0,6.794688,0.0,0.98511046,0.075487055,4.5664887,0.0,0.0,5.6631837,0.0,4.894552,2023-09-18,16,0.2,True,100,5,32,True
1.2111336,0.0,3.5375917,0.0,1.0033226,0.0,6.7846327,0.0,0.9840643,0.08536806,4.5596066,0.0,0.0,5.6467886,0.0,4.891368,2023-09-19,16,0.2,True,100,5,32,True
1.2034646,0.0,3.5276878,0.0,1.0064973,0.0,6.7774887,0.0,0.9828714,0.08939773,4.555615,0.0,0.0,5.6362205,0.0,4.8890452,2023-09-20,16,0.2,True,100,5,32,True
1.1843972,0.0,3.5080671,0.0,1.004013,0.0,6.760734,0.0,0.9830104,0.10924932,4.5424514,0.0,0.0,5.613926,0.0,4.8837256,2023-09-21,16,0.2,True,100,5,32,True
1.1769264,0.0,3.4973683,0.0,1.0058641,0.0,6.751215,0.0,0.9811799,0.1138681,4.53506,0.0,0.0,5.6020327,0.0,4.8782783,2023-09-22,16,0.2,True,100,5,32,True
1.1649877,0.0,3.483509,0.0,1.007015,0.0,6.7400594,0.0,0.97879887,0.12272301,4.5257297,0.0,0.0,5.5871844,0.0,4.872754,2023-09-25,16,0.2,True,100,5,32,True
1.1540467,0.0,3.4722927,0.0,1.010179,0.0,6.7317934,0.0,0.97460234,0.12724194,4.518306,0.0,0.0,5.576289,0.0,4.8680496,2023-09-26,16,0.2,True,100,5,32,True
1.1439893,0.0,3.461114,0.0,1.0133984,0.0,6.7253137,0.0,0.96754706,0.1302128,4.5122695,0.0,0.0,5.568136,0.0,4.862614,2023-09-27,16,0.2,True,100,5,32,True
1.1314092,0.0,3.4489062,0.0,1.0138767,0.0,6.7163577,0.0,0.96135455,0.137717,4.5034914,0.0,0.0,5.5578957,0.0,4.8552957,2023-10-04,16,0.2,True,100,5,32,True
1.1209377,0.0,3.4386637,0.0,1.0164567,0.0,6.7022786,0.0,0.956918,0.13662839,4.492234,0.0,0.0,5.5439014,0.0,4.846691,2023-10-05,16,0.2,True,100,5,32,True
1.1094824,0.0,3.428729,0.0,1.0192285,0.0,6.691858,0.0,0.9530576,0.13606465,4.48091,0.0,0.0,5.530679,0.0,4.8385763,2023-10-06,16,0.2,True,100,5,32,True
1.0987365,0.0,3.4204218,0.0,1.023638,0.0,6.6857586,0.0,0.9485693,0.13235681,4.471114,0.0,0.0,5.52066,0.0,4.830857,2023-10-10,16,0.2,True,100,5,32,True
1.0856888,0.0,3.4115803,0.0,1.0295664,0.0,6.683178,0.0,0.94154704,0.1272743,4.462605,0.0,0.0,5.5113697,0.0,4.8214808,2023-10-11,16,0.2,True,100,5,32,True
1.075031,0.0,3.405743,0.0,1.0352087,0.0,6.681719,0.0,0.9343488,0.12199828,4.45682,0.0,0.0,5.5036964,0.0,4.811609,2023-10-12,16,0.2,True,100,5,32,True
1.0566674,0.0,3.3943315,0.0,1.0406098,0.0,6.672254,0.0,0.92735,0.12126702,4.4454293,0.0,0.0,5.4878154,0.0,4.7993135,2023-10-13,16,0.2,True,100,5,32,True
1.034187,0.0,3.3804336,0.0,1.0457067,0.0,6.661989,0.0,0.92036605,0.12470424,4.43374,0.0,0.0,5.469351,0.0,4.7862525,2023-10-16,16,0.2,True,100,5,32,True
1.0189068,0.0,3.371517,0.0,1.0542271,0.0,6.658316,0.0,0.9120606,0.119923756,4.429077,0.0,0.0,5.4570594,0.0,4.7752047,2023-10-17,16,0.2,True,100,5,32,True
1.0022069,0.0,3.3593478,0.0,1.0580816,0.0,6.6485057,0.0,0.90561074,0.12133995,4.4227643,0.0,0.0,5.438705,0.0,4.7639275,2023-10-18,16,0.2,True,100,5,32,True
0.9926551,0.0,3.352717,0.00791328,1.0606208,0.0,6.6434216,0.0,0.90172523,0.11876072,4.42286,0.0,0.0,5.4270167,0.0,4.756786,2023-10-19,16,0.2,True,100,5,32,True
0.9828344,0.0,3.3429415,0.022037257,1.0595046,0.0,6.633081,0.0,0.8979953,0.116939515,4.4199486,0.0,0.0036279634,5.412102,0.0,4.749136,2023-10-20,16,0.2,True,100,5,32,True
0.97614264,0.0,3.3351996,0.030063685,1.061031,0.0,6.634833,0.0,0.8931611,0.11352663,4.4271812,0.0,0.008155249,5.408921,0.0,4.7479644,2023-10-23,16,0.2,True,100,5,32,True
0.9716436,0.0,3.3310995,0.032364234,1.0650554,0.0,6.6420307,0.0,0.8869716,0.104075804,4.438508,0.0,0.010506697,5.410023,0.0,4.7503643,2023-10-24,16,0.2,True,100,5,32,True
0.96754247,0.0,3.3264332,0.034808636,1.0683386,0.0,6.649051,0.0,0.8803503,0.096112534,4.450373,0.0,0.0136130825,5.4107814,0.0,4.7521815,2023-10-25,16,0.2,True,100,5,32,True
0.9682421,0.0,3.3265843,0.028681962,1.0742899,0.0,6.6619625,0.0,0.872471,0.08139895,4.466293,0.0,0.012173999,5.4194393,0.0,4.7557926,2023-10-26,16,0.2,True,100,5,32,True
0.9634667,0.0,3.317102,0.032784164,1.0780879,0.0,6.6684012,0.0024137273,0.8630776,0.07421376,4.478455,0.0,0.013581693,5.4195824,0.0,4.7557993,2023-10-27,16,0.2,True,100,5,32,True
0.9584073,0.0,3.30778,0.03702172,1.0831898,0.0,6.67975,0.015166897,0.8531915,0.0690651,4.4944773,0.0,0.016490202,5.4212775,0.0,4.757978,2023-10-30,16,0.2,True,100,5,32,True
0.9532986,0.0,3.29899,0.042419672,1.0892323,0.0,6.6913433,0.029156934,0.8431853,0.06220971,4.5116,0.0,0.01935717,5.42326,0.0,4.7606993,2023-10-31,16,0.2,True,100,5,32,True
0.95198977,0.0,3.2925045,0.042547785,1.0963855,0.0,6.706353,0.043719642,0.83260876,0.052076764,4.5318036,0.0,0.019703645,5.429355,0.0,4.7640834,2023-11-01,16,0.2,True,100,5,32,True
0.9526081,0.0,3.2913837,0.037917938,1.104743,0.0,6.730237,0.06220416,0.82085365,0.04400901,4.557334,0.0,0.02308856,5.4418397,0.0,4.7699747,2023-11-02,16,0.2,True,100,5,32,True
0.94911605,0.0,3.2875667,0.04231173,1.1123217,0.0,6.746058,0.0808691,0.8095539,0.042034887,4.5790215,0.0,0.031375945,5.444592,0.0,4.7744,2023-11-03,16,0.2,True,100,5,32,True
0.94601226,0.0,3.284252,0.04971759,1.1176597,0.0,6.761315,0.101104066,0.8011262,0.047622107,4.6010246,0.0,0.04642078,5.4440327,0.0,4.779631,2023-11-06,16,0.2,True,100,5,32,True
0.95081097,0.0,3.2943723,0.046427544,1.1266439,0.0,6.7830534,0.119764954,0.79674023,0.045314424,4.62636,0.0,0.05625063,5.4549623,0.0,4.789983,2023-11-07,16,0.2,True,100,5,32,True
0.95811003,0.0,3.3081136,0.0411868,1.1353977,0.0,6.8058696,0.13811995,0.794605,0.042029798,4.6511474,0.0,0.06617921,5.466852,0.0,4.801292,2023-11-08,16,0.2,True,100,5,32,True
0.962482,0.0,3.3190372,0.041260995,1.1432804,0.0,6.825338,0.15420474,0.7934749,0.041765932,4.672208,0.0,0.0763605,5.475099,0.0,4.812425,2023-11-09,16,0.2,True,100,5,32,True
0.96405476,0.0,3.3289206,0.044294707,1.1515387,0.0,6.8432565,0.16831443,0.79308385,0.04120281,4.689317,0.0,0.08470165,5.4833527,0.0,4.8235364,2023-11-10,16,0.2,True,100,5,32,True
0.9667942,0.0,3.3394961,0.04569471,1.1590967,0.0,6.861049,0.18218443,0.793699,0.04008847,4.7053165,0.0,0.09267151,5.491518,0.0,4.833847,2023-11-13,16,0.2,True,100,5,32,True
0.97337043,0.0,3.3532045,0.039808456,1.1676486,0.0,6.8831882,0.1956242,0.794726,0.036744293,4.72389,0.0,0.09787774,5.5041866,0.0,4.8450136,2023-11-14,16,0.2,True,100,5,32,True
0.98143935,0.0,3.3673494,0.031113487,1.1771153,0.0,6.9042096,0.20579377,0.79684985,0.03079084,4.740288,0.0,0.09901754,5.519626,0.0,4.856798,2023-11-15,16,0.2,True,100,5,32,True
0.9833478,0.0,3.3771532,0.032688837,1.1836025,0.0,6.920107,0.216589,0.80093104,0.03624103,4.752419,0.0,0.10821841,5.525207,0.0,4.867117,2023-11-16,16,0.2,True,100,5,32,True
0.98195887,0.0,3.3806007,0.039286025,1.185894,0.0,6.91499,0.222178,0.805878,0.04255423,4.747738,0.0,0.116707794,5.514786,0.0,4.8661466,2023-11-17,16,0.2,True,100,5,32,True
0.97434855,0.0,3.3812633,0.052496005,1.1898682,0.0,6.9077373,0.22569574,0.8124829,0.048889868,4.7383933,0.0,0.12413354,5.5023003,0.0,4.8654523,2023-11-20,16,0.2,True,100,5,32,True
0.96614575,0.0,3.3802738,0.06570907,1.1922609,0.0,6.900248,0.22942413,0.8196133,0.059762124,4.728396,0.0,0.13378164,5.4872866,0.0,4.8653016,2023-11-21,16,0.2,True,100,5,32,True
0.9541161,0.0,3.3766475,0.08376385,1.1929294,0.0,6.891462,0.23249336,0.82733065,0.07621771,4.716415,0.0,0.1462926,5.469318,0.0,4.865048,2023-11-22,16,0.2,True,100,5,32,True
0.9443404,0.0,3.374621,0.09884463,1.1942464,0.0,6.882879,0.23577349,0.83532625,0.0907733,4.7048497,0.0,0.15770788,5.452023,0.0,4.8648887,2023-11-23,16,0.2,True,100,5,32,True
0.9374249,0.0,3.3737113,0.110631675,1.1958923,0.0,6.874966,0.23993553,0.8427407,0.10278323,4.694079,0.0,0.16773117,5.436093,0.0,4.864941,2023-11-24,16,0.2,True,100,5,32,True
0.92946166,0.0,3.370902,0.1250322,1.1941495,0.0,6.863388,0.24205178,0.8497065,0.11705193,4.6801624,0.0,0.17875367,5.4184437,0.0,4.8624954,2023-11-27,16,0.2,True,100,5,32,True
0.91981304,0.0,3.367795,0.14215417,1.1915002,0.0,6.8511567,0.24300475,0.8565551,0.13140176,4.665019,0.0,0.18955404,5.4013853,0.0,4.860477,2023-11-28,16,0.2,True,100,5,32,True
0.91150576,0.0,3.3644094,0.15824416,1.1864871,0.0,6.834578,0.24068719,0.8627209,0.14525774,4.646732,0.0,0.19862778,5.384109,0.004120361,4.8562407,2023-11-29,16,0.2,True,100,5,32,True
0.9038357,0.0,3.3585296,0.17644605,1.1765405,0.0,6.809731,0.2354019,0.86830086,0.16061574,4.623045,0.0,0.2088761,5.3618884,0.026986692,4.8471284,2023-11-30,16,0.2,True,100,5,32,True
0.8992447,0.0,3.3575037,0.18811913,1.1678941,0.0,6.788211,0.22661014,0.87408817,0.16772923,4.6009946,0.0,0.2119576,5.348589,0.0447006,4.8407764,2023-12-01,16,0.2,True,100,5,32,True
0.9043571,0.0,3.3625588,0.18329655,1.1568289,0.0,6.7696657,0.21882638,0.8773909,0.1678383,4.5821834,0.0,0.21264026,5.342739,0.059144825,4.8328743,2023-12-04,16,0.2,True,100,5,32,True
0.9029344,0.0,3.3651736,0.18801872,1.1435089,0.0,6.74371,0.20842129,0.88058704,0.16960318,4.557088,0.0,0.21602896,5.332315,0.07790437,4.8219857,2023-12-05,16,0.2,True,100,5,32,True
0.903089,0.0,3.3638718,0.19216807,1.1266469,0.0,6.712265,0.19766182,0.8823143,0.17429502,4.5296526,0.0,0.22124577,5.317955,0.09783234,4.807042,2023-12-06,16,0.2,True,100,5,32,True
0.90697926,0.0,3.3640847,0.1928507,1.1113896,0.0,6.6855383,0.19036587,0.88188636,0.17401335,4.509072,0.0,0.226046,5.3085394,0.1135717,4.7932096,2023-12-07,16,0.2,True,100,5,32,True
0.91268575,0.0,3.3661296,0.18854105,1.0977905,0.0,6.6596274,0.1776599,0.8816759,0.16908126,4.4893174,0.0,0.2241987,5.3036466,0.12224367,4.7797594,2023-12-08,16,0.2,True,100,5,32,True
0.91687,0.0,3.3678584,0.18707389,1.0844498,0.0,6.6350455,0.16574445,0.883041,0.1648425,4.470259,0.0,0.22345304,5.297953,0.13236389,4.7676287,2023-12-11,16,0.2,True,100,5,32,True
0.9227739,0.0,3.3690133,0.18546396,1.0705686,0.0,6.608924,0.15481667,0.88402784,0.16087008,4.4521427,0.0,0.22365981,5.289624,0.1416894,4.754271,2023-12-12,16,0.2,True,100,5,32,True
0.9291245,0.0,3.3735063,0.18050405,1.059502,0.0,6.5894165,0.1432981,0.8864101,0.15553853,4.437521,0.0,0.2213096,5.2865744,0.14853403,4.7450743,2023-12-13,16,0.2,True,100,5,32,True
0.93203366,0.0,3.3841503,0.17523903,1.0548254,0.0,6.590044,0.13496767,0.8882607,0.15080653,4.434371,0.0,0.21870774,5.2978625,0.1527331,4.7459784,2023-12-14,16,0.2,True,100,5,32,True
0.93766314,0.0,3.391698,0.17082475,1.0471547,0.0,6.581038,0.1277363,0.89000326,0.14573787,4.426529,0.0,0.21748602,5.300944,0.15840344,4.742569,2023-12-15,16,0.2,True,100,5,32,True
0.9338872,0.0,3.394184,0.18101375,1.0377047,0.0,6.568804,0.12130962,0.89297116,0.15429609,4.4168663,0.0,0.2243155,5.294159,0.17197797,4.738596,2023-12-18,16,0.2,True,100,5,32,True
0.93473756,0.0,3.395239,0.18789847,1.0285565,0.0,6.550542,0.117301404,0.8951853,0.16005792,4.4041038,0.0,0.23023477,5.2811317,0.18228716,4.734374,2023-12-19,16,0.2,True,100,5,32,True
0.9324809,0.0,3.3955634,0.19884841,1.0174675,0.0,6.531099,0.11026795,0.8989405,0.1691921,4.3884897,0.0,0.23674467,5.2676225,0.19607407,4.729036,2023-12-20,16,0.2,True,100,5,32,True
0.9338404,0.0,3.401292,0.2045089,1.0082742,0.0,6.519557,0.10771515,0.90311754,0.17446657,4.379658,0.0,0.24396667,5.2599854,0.2101902,4.726863,2023-12-21,16,0.2,True,100,5,32,True
0.93633246,0.0,3.40729,0.2103959,0.99946487,0.0,6.50644,0.10504627,0.9093793,0.17972721,4.3708916,0.0,0.2509912,5.249883,0.22347917,4.726212,2023-12-22,16,0.2,True,100,5,32,True
0.9340911,0.0,3.4088693,0.22528695,0.98833466,0.0,6.488729,0.10237123,0.9166866,0.19078729,4.35963,0.0,0.26282352,5.2321186,0.24207684,4.723182,2023-12-26,16,0.2,True,100,5,32,True
0.9326017,0.0,3.4130476,0.236087,0.97904867,0.0,6.4763265,0.10006933,0.92525834,0.20160788,4.3506746,0.0,0.2734887,5.2179127,0.25986266,4.7234755,2023-12-27,16,0.2,True,100,5,32,True
0.93502957,0.0,3.420798,0.23766015,0.9730291,0.0,6.469087,0.096695706,0.9332432,0.2072657,4.344376,0.0,0.27933347,5.2079377,0.27107352,4.726851,2023-12-28,16,0.2,True,100,5,32,True
0.9290528,0.0,3.4213333,0.25160527,0.96182233,0.0,6.4512053,0.092144124,0.9424391,0.22649983,4.3279266,0.0,0.29168084,5.185331,0.2926896,4.726007,2024-01-02,16,0.2,True,100,5,32,True
0.92832273,0.0,3.4271576,0.2606276,0.94952375,0.0,6.431884,0.08679977,0.9551295,0.24087551,4.3122764,0.0,0.303772,5.163277,0.31515893,4.726101,2024-01-03,16,0.2,True,100,5,32,True
0.93426615,0.0,3.4359775,0.2579178,0.9379228,0.0,6.420747,0.081189424,0.9675123,0.24985012,4.302752,0.0,0.31243077,5.1491523,0.3322126,4.7278194,2024-01-04,16,0.2,True,100,5,32,True
0.93497163,0.0,3.4407842,0.26065293,0.9271947,0.0,6.406516,0.07540802,0.97821635,0.25909516,4.288841,0.0,0.32251668,5.1315455,0.3502022,4.7268724,2024-01-05,16,0.2,True,100,5,32,True
0.93585,0.0,3.4445777,0.26109934,0.91764396,0.0,6.3943815,0.06842052,0.986858,0.2680893,4.2762074,0.0,0.33075607,5.116532,0.36418948,4.7259126,2024-01-08,16,0.2,True,100,5,32,True
0.9399421,0.0,3.446726,0.25726342,0.90669763,0.0,6.38215,0.0629539,0.9927021,0.2743328,4.264876,0.0,0.33952907,5.102909,0.37716207,4.7212377,2024-01-09,16,0.2,True,100,5,32,True
0.94591343,0.0,3.4489071,0.25013044,0.8960814,0.0,6.3715615,0.057788987,0.996873,0.27827087,4.25606,0.0,0.3473849,5.092595,0.38782135,4.716147,2024-01-10,16,0.2,True,100,5,32,True
0.95233315,0.0,3.4512253,0.24324128,0.88691455,0.0,6.363007,0.053801257,0.9993557,0.2781819,4.2506127,0.0,0.35468423,5.0855856,0.39559734,4.710793,2024-01-11,16,0.2,True,100,5,32,True
0.9595194,0.0,3.4528801,0.23600185,0.8781916,0.0,6.3525715,0.050624914,0.99858576,0.27604657,4.24538,0.0,0.36216232,5.0785956,0.40104902,4.7032294,2024-01-12,16,0.2,True,100,5,32,True
0.9681208,0.0,3.4517968,0.22649157,0.86989844,0.0,6.336614,0.04799265,0.99431247,0.27072346,4.235603,0.0,0.36812803,5.0694275,0.4032661,4.691464,2024-01-15,16,0.2,True,100,5,32,True
0.9736317,0.0,3.4472127,0.21830145,0.86086094,0.0,6.317488,0.043396387,0.98795676,0.267766,4.221958,0.0,0.3733002,5.058815,0.4059801,4.6757307,2024-01-16,16,0.2,True,100,5,32,True
0.9833867,0.0,3.4463139,0.2005286,0.8584202,0.0,6.3079348,0.041561823,0.9787194,0.25303593,4.2151756,0.0,0.37258574,5.057449,0.3977552,4.6639485,2024-01-17,16,0.2,True,100,5,32,True
0.98484564,0.0,3.4486935,0.18271011,0.8623291,0.0,6.3171077,0.038831208,0.9680142,0.23782262,4.214881,0.0,0.3682504,5.0718822,0.38603374,4.659223,2024-01-18,16,0.2,True,100,5,32,True
0.98893243,0.0,3.4499207,0.1609098,0.8664492,0.0,6.3278394,0.039073106,0.9543337,0.22196792,4.218163,0.0,0.3639558,5.0867696,0.37103757,4.65369,2024-01-19,16,0.2,True,100,5,32,True
0.9866865,0.0,3.4518282,0.14600646,0.87105393,0.0,6.3439784,0.039935358,0.94263,0.21342407,4.2253876,0.0,0.36149552,5.10289,0.35849324,4.653391,2024-01-22,16,0.2,True,100,5,32,True
0.98846316,0.0,3.456686,0.13036829,0.87260306,0.0,6.367185,0.042192534,0.9344402,0.21099274,4.2420793,0.0,0.35910228,5.1229787,0.3441642,4.6611032,2024-01-23,16,0.2,True,100,5,32,True
0.99767524,0.0,3.4624727,0.10766655,0.8735277,0.0,6.387019,0.04920579,0.92596716,0.2000727,4.2587175,0.0,0.35562837,5.142799,0.32870635,4.6670165,2024-01-24,16,0.2,True,100,5,32,True
0.9988165,0.0,3.4619987,0.09656589,0.87366897,0.0,6.400114,0.055673808,0.91680413,0.19713727,4.2706566,0.0,0.35529867,5.1542983,0.31773034,4.6698103,2024-01-25,16,0.2,True,100,5,32,True
1.0019368,0.0,3.4632103,0.08415724,0.87507397,0.0,6.4175878,0.06676767,0.90736395,0.19480899,4.28759,0.0,0.35711232,5.1677985,0.3072381,4.673329,2024-01-26,16,0.2,True,100,5,32,True
1.0075446,0.0,3.466849,0.0715485,0.8782957,0.0,6.43796,0.082006656,0.89872885,0.18928333,4.3092737,0.0,0.35989934,5.1837373,0.2971716,4.6789994,2024-01-29,16,0.2,True,100,5,32,True
1.0176686,0.0,3.4779093,0.053129494,0.886266,0.0,6.4696593,0.09785274,0.89199305,0.18029007,4.3407397,0.0,0.35907522,5.209818,0.2824514,4.6911435,2024-01-30,16,0.2,True,100,5,32,True
1.021867,0.0,3.4822645,0.04577506,0.8930806,0.0,6.491546,0.114941895,0.8843178,0.17818817,4.3644605,0.0,0.36223397,5.2246294,0.27314258,4.6981735,2024-01-31,16,0.2,True,100,5,32,True
1.0212195,0.0,3.4818149,0.047165524,0.8995828,0.0,6.506759,0.1324159,0.8761462,0.18137293,4.382494,0.0,0.36758402,5.2315006,0.2673475,4.702205,2024-02-01,16,0.2,True,100,5,32,True
1.0241687,0.0,3.4821846,0.04421304,0.9092977,0.0,6.526725,0.15353288,0.86612856,0.17922191,4.403137,0.0,0.36879534,5.2438865,0.25876948,4.706735,2024-02-02,16,0.2,True,100,5,32,True
1.0222872,0.0,3.4815545,0.04943598,0.91851825,0.0,6.5428233,0.17404418,0.8575655,0.18509795,4.4209905,0.0,0.3731057,5.2512283,0.25755,4.710481,2024-02-05,16,0.2,True,100,5,32,True
1.015791,0.0,3.479421,0.06192515,0.9285994,0.0,6.5611053,0.19450249,0.8495137,0.20066713,4.4415274,0.0,0.380186,5.2550693,0.25986,4.7175074,2024-02-06,16,0.2,True,100,5,32,True
1.0092856,0.0,3.4692678,0.08032374,0.9348006,0.0,6.5628166,0.2159343,0.8392868,0.22097996,4.4520674,0.0,0.39085796,5.241917,0.2657566,4.717609,2024-02-07,16,0.2,True,100,5,32,True
0.99887764,0.0,3.4568877,0.10424184,0.9382549,0.0,6.560389,0.23309034,0.8310746,0.24735714,4.458395,0.0,0.40345347,5.2248244,0.27717555,4.7149215,2024-02-08,16,0.2,True,100,5,32,True
0.9907532,0.0,3.4482963,0.12197919,0.9428331,0.0,6.563359,0.2503037,0.82701313,0.27233347,4.4675817,0.0,0.41491735,5.211603,0.28994125,4.7175307,2024-02-13,16,0.2,True,100,5,32,True
0.9900018,0.0,3.4423358,0.13255171,0.94633,0.0,6.560131,0.26516962,0.82548004,0.291885,4.4734616,0.0,0.42254552,5.1966066,0.3007665,4.718896,2024-02-14,16,0.2,True,100,5,32,True
0.986513,0.0,3.4342086,0.14540899,0.9496115,0.0,6.553387,0.27357343,0.8279905,0.31357726,4.474418,0.0,0.4277917,5.1779146,0.31223083,4.721949,2024-02-15,16,0.2,True,100,5,32,True
0.9763044,0.0,3.4166508,0.16913752,0.9470814,0.0,6.5286527,0.27778268,0.8290638,0.34337187,4.459531,0.0,0.43600702,5.143959,0.33110762,4.713762,2024-02-16,16,0.2,True,100,5,32,True
0.9646369,0.0,3.4044724,0.19144665,0.9434829,0.0,6.507883,0.27894908,0.8324657,0.3724964,4.445139,0.0,0.4390993,5.121495,0.35097742,4.7092295,2024-02-19,16,0.2,True,100,5,32,True
0.955601,0.0,3.3976884,0.21074854,0.9377898,0.0,6.4910865,0.27928075,0.83850163,0.4006568,4.4328856,0.0,0.44033447,5.107894,0.37267068,4.7071815,2024-02-20,16,0.2,True,100,5,32,True
0.9502228,0.0,3.3910701,0.22821604,0.93118787,0.0,6.470277,0.27768353,0.8444882,0.42675415,4.4187026,0.0,0.4402403,5.091525,0.39131066,4.7033243,2024-02-21,16,0.2,True,100,5,32,True
0.934241,0.0,3.383527,0.2573583,0.92352045,0.0,6.448231,0.26462016,0.8543132,0.45640904,4.399101,0.0,0.43739048,5.075259,0.4125783,4.698985,2024-02-22,16,0.2,True,100,5,32,True
0.9213455,0.0,3.378583,0.28174824,0.91578525,0.0,6.430511,0.25194207,0.86455023,0.4840729,4.3824797,0.0,0.43373752,5.0626693,0.43207508,4.6980643,2024-02-23,16,0.2,True,100,5,32,True
0.90804887,0.0,3.3704023,0.31024832,0.90274763,0.0,6.401314,0.23691638,0.87406564,0.51537514,4.3564534,0.0,0.43419036,5.0414824,0.45787317,4.689522,2024-02-26,16,0.2,True,100,5,32,True
0.89958483,0.0,3.3657656,0.33206615,0.88964754,0.0,6.37381,0.21913226,0.8839076,0.5394685,4.330914,0.0,0.43104136,5.0246463,0.479068,4.6825004,2024-02-27,16,0.2,True,100,5,32,True
0.89087063,0.0,3.360745,0.35270262,0.875684,0.0,6.3439713,0.19940782,0.8929354,0.5610782,4.3021502,0.0,0.4276512,5.0064588,0.49956614,4.673025,2024-02-28,16,0.2,True,100,5,32,True
0.8814436,0.0,3.356765,0.37490383,0.8603595,0.0,6.3117504,0.17534581,0.90447253,0.5799263,4.270267,0.0,0.42370272,4.9878616,0.5204382,4.662987,2024-02-29,16,0.2,True,100,5,32,True
0.8770196,0.0,3.3557205,0.38956633,0.84445596,0.0,6.2810225,0.15021363,0.91381156,0.5919073,4.2389297,0.0,0.41673553,4.9752717,0.53740305,4.650623,2024-03-04,16,0.2,True,100,5,32,True
0.8696078,0.0,3.3609397,0.400963,0.8309795,0.0,6.261451,0.1258422,0.92486626,0.59881145,4.2138667,0.0,0.40713936,4.975844,0.5540891,4.6445856,2024-03-05,16,0.2,True,100,5,32,True
0.8583518,0.0,3.3619978,0.41825685,0.81429523,0.0,6.233499,0.0997709,0.93432117,0.6081376,4.181554,0.0,0.4010102,4.970681,0.5755645,4.6317115,2024-03-06,16,0.2,True,100,5,32,True
0.84531665,0.0,3.3626914,0.4360459,0.7980419,0.0,6.2054753,0.07461366,0.9431376,0.61588204,4.1495037,0.0,0.39491773,4.966755,0.59661007,4.619397,2024-03-07,16,0.2,True,100,5,32,True
0.83378816,0.0,3.361428,0.45224324,0.78005344,0.0,6.172362,0.05209193,0.9498978,0.6224524,4.1140385,0.0,0.39208308,4.9595494,0.6202034,4.6016507,2024-03-08,16,0.2,True,100,5,32,True
0.81717604,0.0,3.3620164,0.47489125,0.76164436,0.0,6.138924,0.028915668,0.9593619,0.63294387,4.078366,0.0,0.38934952,4.954823,0.6469022,4.587877,2024-03-11,16,0.2,True,100,5,32,True
0.805512,0.0,3.3640742,0.49021003,0.74631435,0.0,6.1107664,0.006845571,0.9681433,0.63714516,4.046305,0.0,0.3842581,4.953053,0.66719186,4.5753508,2024-03-12,16,0.2,True,100,5,32,True
0.7901543,0.0,3.3601618,0.5146816,0.72701687,0.0,6.07094,0.0,0.97749335,0.64740515,4.0053077,0.0,0.3809732,4.9429564,0.69197774,4.5580645,2024-03-13,16,0.2,True,100,5,32,True
0.77794975,0.0,3.3555367,0.5370312,0.70840365,0.0,6.0314674,0.0,0.98578626,0.65753746,3.9658444,0.0,0.37915492,4.931164,0.715924,4.539864,2024-03-14,16,0.2,True,100,5,32,True
0.77056766,0.0,3.3485417,0.5559807,0.68892944,0.0,5.9882126,0.0,0.99117756,0.6674996,3.9264185,0.0,0.38343924,4.913546,0.74310803,4.5149894,2024-03-15,16,0.2,True,100,5,32,True
0.76438993,0.0,3.3427005,0.5729706,0.67175645,0.0,5.948424,0.0,0.99643445,0.67687374,3.892331,0.0,0.3863399,4.897975,0.76711047,4.4941697,2024-03-18,16,0.2,True,100,5,32,True
0.7616024,0.0,3.3385952,0.5849339,0.65629345,0.0,5.913564,0.0,1.001564,0.68451864,3.8630805,0.0,0.3886958,4.8841887,0.7880722,4.4764194,2024-03-19,16,0.2,True,100,5,32,True
0.7640151,0.0,3.336204,0.58984596,0.64478093,0.0,5.8897977,0.0,1.0055503,0.6899389,3.8433588,0.0,0.38804474,4.875155,0.7996024,4.465716,2024-03-20,16,0.2,True,100,5,32,True
0.7625449,0.0,3.330487,0.6005158,0.6333911,0.0,5.8635693,0.0,1.0084352,0.69977236,3.821654,0.0,0.39060983,4.8603997,0.8137586,4.453599,2024-03-21,16,0.2,True,100,5,32,True
0.7637642,0.0,3.3337111,0.60255814,0.6238818,0.0,5.8520617,0.0,1.0127215,0.7079043,3.8107095,0.0,0.39141348,4.859899,0.828033,4.4507613,2024-03-22,16,0.2,True,100,5,32,True
0.7666697,0.0,3.338546,0.6019041,0.61588067,0.0,5.8432455,0.0,1.0179546,0.71444243,3.8027937,0.0,0.3904994,4.8605223,0.8399137,4.4496436,2024-03-25,16,0.2,True,100,5,32,True
0.7676329,0.0,3.3358526,0.61027217,0.60407364,0.0,5.820033,0.0,1.0235666,0.7271386,3.7844322,0.0,0.3925775,4.8472877,0.85548496,4.439669,2024-03-26,16,0.2,True,100,5,32,True
0.76579463,0.0,3.3361266,0.61752903,0.5955259,0.0,5.8083367,0.0,1.0300794,0.7385318,3.7740004,0.0,0.39550292,4.839181,0.87047493,4.4364233,2024-03-27,16,0.2,True,100,5,32,True
0.7709398,0.0,3.3365417,0.61915535,0.5847982,0.0,5.792917,0.0,1.036335,0.7485983,3.7632315,0.0,0.39901218,4.8277545,0.88362813,4.4305177,2024-03-28,16,0.2,True,100,5,32,True
0.77542585,0.0,3.3368123,0.6203722,0.5741377,0.0,5.7728477,0.0,1.0413747,0.755882,3.7483816,0.0,0.39948252,4.816138,0.8950442,4.422631,2024-03-29,16,0.2,True,100,5,32,True
0.7816956,0.0,3.3405354,0.6153123,0.5659125,0.0,5.76504,0.0,1.0463794,0.76347834,3.7416437,0.0,0.3999415,4.81029,0.90284204,4.4204197,2024-04-01,16,0.2,True,100,5,32,True
0.78749305,0.0,3.3481016,0.60807365,0.5641104,0.0,5.7727427,0.0,1.0498111,0.76801944,3.7459795,0.0,0.39604223,4.8124413,0.90032995,4.4280357,2024-04-02,16,0.2,True,100,5,32,True
0.79285306,0.0,3.3545773,0.60290426,0.56141734,0.0,5.7815228,0.0,1.0535544,0.77548873,3.7505424,0.0,0.39251587,4.8155346,0.897632,4.4373994,2024-04-03,16,0.2,True,100,5,32,True
0.80298895,0.0,3.360752,0.5919004,0.5587836,0.0,5.7917485,0.0,1.0551289,0.7771288,3.754792,0.0,0.39039317,4.8189797,0.8923528,4.442353,2024-04-04,16,0.2,True,100,5,32,True
0.81288636,0.0,3.362521,0.5848636,0.55252755,0.0,5.785704,0.0,1.0554384,0.7784816,3.7502282,0.0,0.38720995,4.8153214,0.8880178,4.4412107,2024-04-05,16,0.2,True,100,5,32,True
0.82225347,0.0,3.365927,0.5755316,0.5483165,0.0,5.789624,0.0,1.0554484,0.7772805,3.7518303,0.0,0.38453087,4.8178015,0.8810868,4.443966,2024-04-08,16,0.2,True,100,5,32,True
0.8284482,0.0,3.3653274,0.57242215,0.5420068,0.0,5.7855372,0.0,1.0553341,0.77960646,3.7497234,0.0,0.37977216,4.818019,0.8738278,4.4465284,2024-04-09,16,0.2,True,100,5,32,True
0.83682245,0.0,3.368248,0.56307995,0.53835434,0.0,5.7879624,0.0,1.0543755,0.7752418,3.750955,0.0,0.3718719,4.825582,0.8618983,4.451528,2024-04-11,16,0.2,True,100,5,32,True
0.84572476,0.0,3.3691964,0.55481404,0.53422296,0.0,5.787967,0.0,1.0540214,0.7682603,3.7492983,0.0,0.36546278,4.828785,0.8491725,4.453529,2024-04-12,16,0.2,True,100,5,32,True
0.8526874,0.0,3.362822,0.55238914,0.5265076,0.0,5.7716765,0.0,1.0510569,0.76499087,3.7381248,0.0,0.35959467,4.821138,0.83748066,4.4489694,2024-04-15,16,0.2,True,100,5,32,True
0.8603228,0.0,3.363575,0.5418145,0.52417195,0.0,5.775729,0.0,1.0482405,0.75884175,3.7403538,0.0,0.35125336,4.827833,0.8192768,4.455687,2024-04-16,16,0.2,True,100,5,32,True
0.863092,0.0,3.360914,0.5334733,0.5263446,0.0,5.7853384,0.0,1.0434148,0.7499428,3.7460172,0.0,0.3426264,4.8335657,0.7956898,4.4641232,2024-04-17,16,0.2,True,100,5,32,True
0.86360216,0.0,3.3595166,0.52535766,0.52971447,0.0,5.802009,0.0,1.0380701,0.7428227,3.756148,0.0,0.33351225,4.8451557,0.77049184,4.476885,2024-04-18,16,0.2,True,100,5,32,True
0.86306965,0.0,3.3612351,0.515478,0.5355896,0.0,5.8245893,0.0,1.0318556,0.7347345,3.7724876,0.0,0.32431844,4.8614855,0.74458003,4.494334,2024-04-19,16,0.2,True,100,5,32,True
0.86013937,0.0,3.3569393,0.5119741,0.53951985,0.0,5.8385715,0.0,1.0254619,0.7300528,3.7817721,0.0,0.31961188,4.8678303,0.7222887,4.5046325,2024-04-22,16,0.2,True,100,5,32,True
0.85573316,0.0,3.3542423,0.5089315,0.5469123,0.0,5.855654,0.0,1.0166967,0.7245021,3.796908,0.0,0.31490135,4.8776927,0.69894063,4.517947,2024-04-23,16,0.2,True,100,5,32,True
0.8526628,0.0,3.3491576,0.507741,0.55231285,0.0,5.8656273,0.0,1.0085557,0.72008544,3.8078816,0.0,0.30910522,4.8852253,0.677027,4.527596,2024-04-24,16,0.2,True,100,5,32,True
0.85153276,0.0,3.3500028,0.5019299,0.5585756,0.0,5.8842683,0.0,1.0034925,0.716289,3.8261926,0.0,0.3065413,4.896593,0.6587918,4.542591,2024-04-25,16,0.2,True,100,5,32,True
0.8499976,0.0,3.3477342,0.49816135,0.5654453,0.0,5.9008465,0.0,0.9986824,0.7152463,3.844427,0.0,0.30452332,4.903221,0.6399268,4.5564733,2024-04-26,16,0.2,True,100,5,32,True
0.84399235,0.0,3.3425562,0.50294095,0.57034856,0.0,5.914726,0.0,0.99652445,0.72336406,3.8605404,0.0,0.30597878,4.9055233,0.62792087,4.570312,2024-04-29,16,0.2,True,100,5,32,True
0.8406101,0.0,3.345718,0.49922913,0.58029157,0.0,5.9416122,0.0,0.99493986,0.72664976,3.886699,0.0,0.3057252,4.918103,0.6145632,4.590431,2024-04-30,16,0.2,True,100,5,32,True
0.8364035,0.0,3.3471003,0.49970627,0.5897699,0.0,5.963314,0.0,0.9949573,0.73143655,3.9086351,0.0,0.30686188,4.9252143,0.6043024,4.6069016,2024-05-02,16,0.2,True,100,5,32,True
0.8425535,0.0,3.3596497,0.48681322,0.5994397,0.0,5.9862347,0.0,1.000142,0.7292371,3.934109,0.0,0.30727467,4.9351425,0.59400487,4.6254697,2024-05-03,16,0.2,True,100,5,32,True
0.8471241,0.0,3.3719692,0.47388667,0.608074,0.0,6.010815,0.0,1.0081855,0.73028284,3.957863,0.0,0.31093016,4.942783,0.5894642,4.643244,2024-05-07,16,0.2,True,100,5,32,True
0.84768164,0.0,3.386384,0.46417877,0.6175557,0.0,6.0411615,0.0,1.0201079,0.7352074,3.984053,0.0,0.31678915,4.952102,0.5897759,4.665677,2024-05-08,16,0.2,True,100,5,32,True
0.8530073,0.0,3.4015713,0.45034915,0.62590474,0.0,6.069635,0.0,1.0322198,0.73868483,4.007904,0.0,0.3235912,4.960348,0.59171486,4.6839256,2024-05-09,16,0.2,True,100,5,32,True
0.8611676,0.0,3.4162652,0.4318206,0.63326114,0.0,6.0978556,0.0,1.0441558,0.74034566,4.030701,0.0,0.32803494,4.970723,0.592821,4.7000685,2024-05-10,16,0.2,True,100,5,32,True
0.8623024,0.0,3.4238083,0.42606357,0.6359747,0.0,6.1156125,0.0,1.0575742,0.75090855,4.0442657,0.0,0.33712727,4.9720283,0.60396504,4.711165,2024-05-13,16,0.2,True,100,5,32,True
0.8685426,0.0,3.4336834,0.41545725,0.6385717,0.0,6.1312413,0.0,1.0710672,0.7548271,4.0555515,0.0,0.34314984,4.975994,0.61334693,4.718663,2024-05-14,16,0.2,True,100,5,32,True
0.8783841,0.0,3.4478245,0.39786884,0.6431106,0.0,6.153722,0.0,1.0846726,0.75141424,4.070466,0.0,0.34594786,4.988692,0.6202427,4.728176,2024-05-16,16,0.2,True,100,5,32,True
0.8840773,0.0,3.4582648,0.38942444,0.64212257,0.0,6.163837,0.0,1.0996253,0.753934,4.0759163,0.0,0.3486472,4.9961643,0.63340557,4.734389,2024-05-17,16,0.2,True,100,5,32,True
0.90017134,0.0,3.4732597,0.36546522,0.64267516,0.0,6.182031,0.0,1.1116701,0.74658155,4.0869927,0.0,0.347334,5.01331,0.64031184,4.740654,2024-05-20,16,0.2,True,100,5,32,True
0.91446435,0.0,3.4872882,0.34439576,0.642023,0.0,6.1972566,0.0,1.1244452,0.7401701,4.0956554,0.0,0.34563068,5.029886,0.64957285,4.745603,2024-05-21,16,0.2,True,100,5,32,True
0.92405504,0.0,3.495019,0.33465365,0.6351348,0.0,6.1987753,0.0,1.1382302,0.7425117,4.093926,0.0,0.34663877,5.036128,0.6653259,4.744914,2024-05-22,16,0.2,True,100,5,32,True
0.9400683,0.0,3.511702,0.31056926,0.6357795,0.0,6.2151723,0.0,1.150345,0.7299481,4.103616,0.0,0.3403786,5.0575485,0.6699451,4.751051,2024-05-23,16,0.2,True,100,5,32,True
0.9535161,0.0,3.523878,0.29339704,0.6304845,0.0,6.221706,0.0,1.1629452,0.72295165,4.1046147,0.0,0.33758673,5.0707855,0.6801878,4.751981,2024-05-24,16,0.2,True,100,5,32,True
0.97372097,0.0,3.5441782,0.26210076,0.63169444,0.0,6.240668,0.0,1.1728802,0.6989741,4.1148233,0.0,0.32834694,5.0979357,0.6796166,4.757704,2024-05-27,16,0.2,True,100,5,32,True
0.99498063,0.0,3.5627723,0.23347215,0.62924635,0.0,6.252452,0.0,1.1830331,0.67559993,4.121789,0.0,0.3190029,5.1222453,0.68028426,4.761792,2024-05-28,16,0.2,True,100,5,32,True
1.0157254,0.0,3.575915,0.21027756,0.6198189,0.0,6.248616,0.0,1.1928769,0.65601766,4.118621,0.0,0.31154177,5.1368327,0.6857164,4.7587767,2024-05-29,16,0.2,True,100,5,32,True
1.0398794,0.0,3.5944223,0.17748825,0.61684215,0.0,6.2548585,0.0,1.2000852,0.6210552,4.122034,0.0,0.2984567,5.162355,0.6823287,4.758496,2024-05-30,16,0.2,True,100,5,32,True
1.0649978,0.0,3.6092272,0.14556062,0.6129185,0.0,6.2597146,0.0,1.2052624,0.58664525,4.1249256,0.0,0.2869615,5.1851,0.6769353,4.755716,2024-05-31,16,0.2,True,100,5,32,True
1.0907601,0.0,3.624854,0.110306814,0.6105146,0.0,6.267466,0.0,1.2089405,0.54988706,4.12965,0.0,0.27175638,5.213594,0.6667073,4.754337,2024-06-03,16,0.2,True,100,5,32,True
1.1116182,0.0,3.645045,0.080647275,0.6088664,0.0,6.2778068,0.0,1.2124171,0.51548886,4.137548,0.0,0.26046175,5.2437572,0.65885687,4.756604,2024-06-04,16,0.2,True,100,5,32,True
1.1311255,0.0,3.6622686,0.056218512,0.6056449,0.0,6.281097,0.0,1.2145258,0.48386556,4.1424427,0.0,0.25291702,5.2652206,0.6517228,4.7570767,2024-06-05,16,0.2,True,100,5,32,True
1.1484697,0.0,3.678518,0.03675417,0.59914833,0.0,6.280861,0.0,1.218053,0.45868224,4.1446767,0.0,0.24714446,5.2837396,0.64766705,4.758329,2024-06-07,16,0.2,True,100,5,32,True
1.1685512,0.0,3.7012684,0.012027383,0.59880817,0.0,6.295607,0.0,1.2220933,0.43128014,4.159778,0.0,0.24166453,5.3104115,0.63931024,4.768202,2024-06-10,16,0.2,True,100,5,32,True
1.1888776,0.0,3.7228029,0.0,0.596665,0.0,6.306026,0.0,1.2265201,0.4060449,4.17267,0.0,0.23904666,5.3333297,0.63458943,4.776518,2024-06-11,16,0.2,True,100,5,32,True
1.2004676,0.0,3.7346191,0.0,0.5877984,0.0,6.2992177,0.0,1.2326802,0.39233774,4.172577,0.0,0.24415809,5.339387,0.64203894,4.7781124,2024-06-12,16,0.2,True,100,5,32,True
1.2214408,0.0,3.7537591,0.0,0.5825072,0.0,6.3017387,0.0,1.239999,0.37096697,4.182267,0.0,0.24624503,5.3536706,0.6425806,4.7845845,2024-06-13,16,0.2,True,100,5,32,True
1.2393794,0.0,3.7727478,0.0,0.57753414,0.0,6.304003,0.0,1.2491503,0.3537405,4.1927447,0.0,0.24937344,5.366059,0.6451515,4.7947683,2024-06-14,16,0.2,True,100,5,32,True
1.2560462,0.0,3.789662,0.0,0.57129675,0.0,6.3044944,0.0,1.2598139,0.34303746,4.202515,0.0,0.25382423,5.3750114,0.6498133,4.8076224,2024-06-17,16,0.2,True,100,5,32,True
1.2756852,0.0,3.8042293,0.0,0.5628007,0.0,6.3000073,0.0,1.2709506,0.33371732,4.209363,0.0,0.2587327,5.378917,0.6550548,4.8175373,2024-06-18,16,0.2,True,100,5,32,True
1.2837926,0.0,3.809719,0.0,0.5510821,0.0,6.2760878,0.0,1.283637,0.32755208,4.199883,0.0,0.26503527,5.3661346,0.66811657,4.8190603,2024-06-19,16,0.2,True,100,5,32,True
1.2875625,0.0,3.815805,0.0,0.5392984,0.0,6.2551546,0.0,1.299251,0.32551888,4.1912427,0.0,0.2707366,5.353789,0.68220425,4.825472,2024-06-20,16,0.2,True,100,5,32,True
1.2920004,0.0,3.8208637,0.0,0.52732146,0.0,6.2338247,0.0,1.3140965,0.3257921,4.1824055,0.0,0.27843958,5.3376083,0.69678724,4.8311114,2024-06-21,16,0.2,True,100,5,32,True
1.297891,0.0,3.8233023,0.0048800744,0.5131721,0.0,6.2101893,0.0,1.329538,0.3307399,4.171525,0.0,0.2858922,5.3188734,0.7110503,4.8354325,2024-06-24,16,0.2,True,100,5,32,True
1.3021778,0.0,3.8305557,0.010131437,0.5043032,0.0,6.19839,0.0,1.3443334,0.33045045,4.1665087,0.0,0.289074,5.309979,0.7197062,4.845863,2024-06-25,16,0.2,True,100,5,32,True
1.3009957,0.0,3.8329122,0.02127111,0.4941688,0.0,6.1864467,0.0,1.3584554,0.3384862,4.1603646,0.0,0.29576716,5.2952514,0.7317077,4.85604,2024-06-26,16,0.2,True,100,5,32,True
1.3023286,0.0,3.8349855,0.030064212,0.48216447,0.0,6.1703434,0.0,1.371979,0.35089844,4.1526246,0.0,0.30366656,5.2761655,0.74399674,4.864524,2024-06-27,16,0.2,True,100,5,32,True
1.3012254,0.0,3.8352854,0.04111114,0.46790066,0.0,6.153637,0.0,1.3866662,0.36647308,4.141581,0.0,0.31109384,5.255072,0.7574153,4.8730536,2024-06-28,16,0.2,True,100,5,32,True
1.3042138,0.0,3.8387008,0.04496481,0.45585933,0.0,6.145805,0.0,1.4000782,0.3782874,4.137733,0.0,0.3206089,5.239115,0.77029157,4.8826847,2024-07-01,16,0.2,True,100,5,32,True
1.3044463,0.0,3.838694,0.05329664,0.43938312,0.0,6.1315703,0.0,1.4129524,0.3970634,4.1283593,0.0,0.32931876,5.2217884,0.7854867,4.890194,2024-07-02,16,0.2,True,100,5,32,True
1.3010668,0.0,3.834853,0.066277266,0.4223285,0.0,6.111855,0.0,1.4230257,0.4203729,4.114005,0.0,0.3380602,5.2007637,0.8006643,4.896126,2024-07-03,16,0.2,True,100,5,32,True
1.2968026,0.0,3.8304925,0.07825467,0.40482292,0.0,6.0920725,0.0,1.4305661,0.44445866,4.097441,0.0,0.34521228,5.1824465,0.81536686,4.900216,2024-07-04,16,0.2,True,100,5,32,True
1.2943866,0.0,3.829039,0.086226776,0.38827297,0.0,6.073478,0.0,1.4356856,0.46700662,4.081918,0.0,0.3507607,5.1688347,0.82846355,4.9045167,2024-07-05,16,0.2,True,100,5,32,True
1.286411,0.0,3.8234303,0.103116244,0.36598113,0.0,6.041685,0.0,1.4412223,0.4972361,4.054177,0.0,0.35626084,5.1483088,0.8484993,4.9042935,2024-07-08,16,0.2,True,100,5,32,True
1.2827556,0.0,3.8211582,0.112930745,0.34498316,0.0,6.014306,0.0,1.4461412,0.523508,4.0293,0.0,0.35810736,5.134576,0.8649876,4.9058795,2024-07-09,16,0.2,True,100,5,32,True
1.2795931,0.0,3.8178673,0.12350316,0.32396933,0.0,5.9843025,0.0,1.4499885,0.5506156,4.003021,0.0,0.35918227,5.119012,0.88073015,4.9066935,2024-07-10,16,0.2,True,100,5,32,True
1.2776085,0.0,3.8130245,0.13477533,0.30223647,0.0,5.952886,0.0,1.4537827,0.5746679,3.9742439,0.0,0.3604466,5.1013823,0.8971708,4.904419,2024-07-11,16,0.2,True,100,5,32,True
1.280641,0.0,3.8109577,0.14096004,0.28174356,0.0,5.9264755,0.0,1.4585547,0.5947881,3.950792,0.0,0.3590626,5.0900836,0.90959656,4.904056,2024-07-12,16,0.2,True,100,5,32,True
1.2830853,0.0,3.8070142,0.14953041,0.25959706,0.0,5.8996086,0.0,1.4643719,0.61718327,3.925901,0.0,0.35584795,5.0792427,0.92172456,4.902879,2024-07-15,16,0.2,True,100,5,32,True
1.2892948,0.0,3.8083365,0.15034068,0.24382964,0.0,5.88487,0.0,1.4696047,0.63170594,3.9119363,0.0,0.3508475,5.0787716,0.92815256,4.906852,2024-07-16,16,0.2,True,100,5,32,True
1.2939098,0.0,3.8094084,0.15370628,0.22965032,0.0,5.8719482,0.0,1.4746828,0.64537126,3.899088,0.0,0.34607318,5.0794063,0.9352894,4.9104776,2024-07-17,16,0.2,True,100,5,32,True
1.3017132,0.0,3.8113782,0.15388735,0.21753821,0.0,5.8628745,0.0,1.4796182,0.6519279,3.8890457,0.0,0.3414353,5.0826077,0.9402305,4.9111958,2024-07-18,16,0.2,True,100,5,32,True
1.3091172,0.0,3.811342,0.1556776,0.20847547,0.0,5.8544135,0.0,1.4833404,0.6557035,3.8811324,0.0,0.33760315,5.084607,0.9432334,4.9091268,2024-07-19,16,0.2,True,100,5,32,True
1.3156201,0.0,3.8089304,0.15943295,0.19990987,0.0,5.8476567,0.0,1.485444,0.6622184,3.8757808,0.0,0.33650422,5.0840597,0.94609773,4.9049835,2024-07-22,16,0.2,True,100,5,32,True
1.3199459,0.0,3.8046594,0.16547312,0.19346148,0.0,5.8436074,0.0,1.485742,0.66766787,3.8716717,0.0,0.33565673,5.083706,0.94702756,4.8992205,2024-07-23,16,0.2,True,100,5,32,True
1.320786,0.0,3.7981727,0.1765859,0.18670717,0.0,5.8362913,0.0,1.4856086,0.67631495,3.865524,0.0,0.33513808,5.080765,0.94918144,4.8916864,2024-07-24,16,0.2,True,100,5,32,True
1.3226031,0.0,3.7876718,0.18818185,0.18117538,0.0,5.829529,0.0,1.4825583,0.6867731,3.8622756,0.0,0.33975917,5.0718484,0.9515295,4.8800564,2024-07-25,16,0.2,True,100,5,32,True
1.321391,0.0,3.7764976,0.19913101,0.18344483,0.0,5.8269024,0.0,1.4766573,0.6872277,3.8618114,0.0,0.34249455,5.0642614,0.946964,4.867765,2024-07-26,16,0.2,True,100,5,32,True
1.3148278,0.0,3.7644157,0.21225476,0.18863368,0.0,5.8249917,0.0,1.4680374,0.68780726,3.861056,0.0,0.34448907,5.058878,0.9421762,4.855171,2024-07-29,16,0.2,True,100,5,32,True
1.3057388,0.0,3.7518096,0.2292904,0.19131911,0.0,5.8206844,0.0,1.4584694,0.69369775,3.8582053,0.0,0.34838054,5.052864,0.94247115,4.840921,2024-07-30,16,0.2,True,100,5,32,True
1.2961555,0.0,3.7422957,0.24310769,0.19863385,0.0,5.8214736,0.0,1.447704,0.69106036,3.8580563,0.0,0.35014918,5.0517516,0.9393537,4.8284206,2024-07-31,16,0.2,True,100,5,32,True
1.2787174,0.0,3.7309515,0.26773202,0.20508087,0.0,5.811946,0.0,1.4356264,0.6890905,3.8490202,0.0,0.3553944,5.0443106,0.9443526,4.812222,2024-08-01,16,0.2,True,100,5,32,True
1.2609949,0.0,3.7180276,0.29398462,0.208397,0.0,5.798034,0.0,1.4228022,0.69144064,3.8363245,0.0,0.36299407,5.0349073,0.9537467,4.793678,2024-08-02,16,0.2,True,100,5,32,True
1.2439287,0.0,3.703624,0.31935155,0.21346867,0.0,5.7855244,0.0,1.4079287,0.69036025,3.8228931,0.0,0.37063897,5.0232277,0.95802164,4.7727284,2024-08-05,16,0.2,True,100,5,32,True
1.2273682,0.0,3.6842833,0.3378219,0.22892925,0.0,5.7805543,0.0,1.3837688,0.669221,3.8095124,0.0,0.3777066,5.008948,0.9463053,4.74446,2024-08-06,16,0.2,True,100,5,32,True
1.2044793,0.0,3.6617825,0.3622237,0.24244496,0.0,5.770125,0.0,1.3558002,0.65464795,3.7915978,0.0,0.38752118,4.9929476,0.9385185,4.7138014,2024-08-07,16,0.2,True,100,5,32,True
1.176565,0.0,3.6366801,0.39263064,0.2582252,0.0,5.752648,0.0,1.3233987,0.63621384,3.7704885,0.0,0.40044776,4.9723506,0.93303823,4.6785383,2024-08-08,16,0.2,True,100,5,32,True
1.1451705,0.0,3.6091924,0.42750514,0.2719077,0.0,5.727902,0.0,1.2909498,0.62048817,3.743433,0.0,0.41131887,4.953215,0.9299685,4.640251,2024-08-09,16,0.2,True,100,5,32,True
1.1073571,0.0,3.5749083,0.47529006,0.2811425,0.0,5.6944995,0.0,1.2587004,0.61936986,3.7120974,0.0,0.432565,4.921283,0.938908,4.599105,2024-08-12,16,0.2,True,100,5,32,True
1.0741594,0.0,3.5540848,0.507559,0.30237517,0.0,5.687362,0.0,1.2276613,0.60606843,3.7040758,0.0,0.45003116,4.9085493,0.93837094,4.5744324,2024-08-13,16,0.2,True,100,5,32,True
1.0429397,0.0,3.540812,0.5282659,0.33203757,0.0,5.6949244,0.0,1.197068,0.58509946,3.708411,0.0,0.46128893,4.9065895,0.92942715,4.5587754,2024-08-14,16,0.2,True,100,5,32,True
1.0089141,0.0,3.5255432,0.55473566,0.361076,0.0,5.7000113,0.0,1.1682792,0.5699132,3.7108727,0.0,0.476069,4.899127,0.92623043,4.5413117,2024-08-16,16,0.2,True,100,5,32,True
0.9752945,0.0,3.5140216,0.5795745,0.39554447,0.0,5.710013,0.0,1.1411755,0.55172896,3.7207332,0.0,0.4919921,4.8884315,0.92138505,4.5272694,2024-08-19,16,0.2,True,100,5,32,True
0.93652654,0.0,3.4998426,0.6127021,0.43193278,0.0,5.717296,0.0,1.1141871,0.53663254,3.7289422,0.0,0.5116955,4.8693876,0.9201851,4.5113244,2024-08-20,16,0.2,True,100,5,32,True
0.8986099,0.0,3.486729,0.64608115,0.46715468,0.0,5.7235518,0.0,1.0899355,0.52564317,3.737514,0.0,0.53058803,4.851814,0.92188144,4.4951954,2024-08-21,16,0.2,True,100,5,32,True
0.86098474,0.0,3.4769163,0.6753907,0.50575656,0.0,5.7365694,0.0,1.0674521,0.5146786,3.751563,0.0,0.54615045,4.83941,0.92070854,4.483559,2024-08-22,16,0.2,True,100,5,32,True
0.819865,0.0,3.4578753,0.718181,0.5344228,0.0,5.7279344,0.0052604415,1.0476182,0.5181796,3.7478712,0.0,0.56451464,4.811393,0.929688,4.460457,2024-08-23,16,0.2,True,100,5,32,True
0.78162485,0.0,3.4414732,0.7541077,0.56630874,0.0,5.7290077,0.03835653,1.0287702,0.52001876,3.752733,0.0,0.58168536,4.787377,0.9347122,4.4417505,2024-08-26,16,0.2,True,100,5,32,True
0.7443989,0.0,3.4227033,0.7927375,0.5943682,0.0,5.725913,0.07037553,1.0117314,0.5265471,3.7546728,0.0,0.60079294,4.7602043,0.9436302,4.4206543,2024-08-27,16,0.2,True,100,5,32,True
0.70957965,0.0,3.4015334,0.834423,0.61666906,0.0,5.716053,0.100913376,0.9974316,0.53776467,3.7540615,0.0,0.62216693,4.725946,0.955559,4.398879,2024-08-28,16,0.2,True,100,5,32,True
0.67895734,0.0,3.3799284,0.87804526,0.62631696,0.0,5.6952853,0.124010205,0.98885834,0.55956167,3.7454014,0.0,0.6436372,4.6869454,0.97322583,4.377815,2024-08-29,16,0.2,True,100,5,32,True
0.6470801,0.0,3.3529794,0.9259639,0.62664914,0.0,5.6589336,0.14104539,0.9811957,0.5915418,3.7222464,0.0,0.66556376,4.6385636,0.9966496,4.349982,2024-08-30,16,0.2,True,100,5,32,True
0.61719126,0.0,3.331287,0.96691096,0.6245685,0.0,5.6294446,0.15538974,0.9744286,0.62659734,3.7021215,0.0,0.68561846,4.5969834,1.0205269,4.329674,2024-09-02,16,0.2,True,100,5,32,True
0.59490323,0.0,3.307558,1.000922,0.61758,0.0,5.5879736,0.16671152,0.96914965,0.6596932,3.6726005,0.0,0.70563686,4.550606,1.0461162,4.3014174,2024-09-03,16,0.2,True,100,5,32,True
0.57770133,0.0,3.283107,1.0284096,0.61011577,0.0,5.54558,0.17555258,0.9632626,0.68948257,3.6426528,0.0,0.7217472,4.505967,1.0671859,4.27045,2024-09-04,16,0.2,True,100,5,32,True
0.563965,0.0,3.256468,1.0505263,0.60432523,0.0,5.5061135,0.18398997,0.9536558,0.710469,3.6132135,0.0,0.7375633,4.4634695,1.0838001,4.2355895,2024-09-05,16,0.2,True,100,5,32,True
0.5487074,0.0,3.2199113,1.0768758,0.5947436,0.0,5.4462543,0.19042262,0.94067997,0.7316832,3.5697136,0.0,0.75315684,4.410135,1.1015786,4.185766,2024-09-06,16,0.2,True,100,5,32,True
0.5375266,0.0,3.1898077,1.0923103,0.59099305,0.0,5.4036365,0.19661173,0.9250414,0.74077374,3.537372,0.0,0.7632154,4.3740807,1.1104548,4.143788,2024-09-09,16,0.2,True,100,5,32,True
0.52504706,0.0,3.1675203,1.1021657,0.59414285,0.0,5.3799167,0.20269553,0.9083301,0.7435983,3.5175061,0.0,0.7677909,4.3538055,1.1101623,4.114961,2024-09-10,16,0.2,True,100,5,32,True
0.5123732,0.0,3.1418028,1.113693,0.59536403,0.0,5.3508325,0.21145888,0.88916177,0.7448455,3.493994,0.0,0.7750636,4.3314147,1.1129998,4.0801296,2024-09-11,16,0.2,True,100,5,32,True
0.5015162,0.0,3.1142194,1.1256263,0.596999,0.0,5.3179975,0.221663,0.86832,0.7418806,3.4704354,0.0,0.784034,4.305331,1.114309,4.0419436,2024-09-12,16,0.2,True,100,5,32,True
0.4909106,0.0,3.0876098,1.1405313,0.5962561,0.0,5.278195,0.23515211,0.8492926,0.73894364,3.444131,0.0,0.795339,4.277466,1.1208332,4.003346,2024-09-13,16,0.2,True,100,5,32,True
0.4815079,0.0,3.0657861,1.1589824,0.5952708,0.0,5.2407293,0.24894561,0.8344975,0.73472476,3.419722,0.0,0.8068972,4.2556057,1.1309289,3.9678864,2024-09-19,16,0.2,True,100,5,32,True
0.47562793,0.0,3.0481021,1.1794938,0.58928543,0.0,5.198316,0.2599218,0.82535315,0.73184633,3.3921616,0.0,0.8154878,4.2374263,1.145349,3.9333408,2024-09-20,16,0.2,True,100,5,32,True
0.47266778,0.0,3.0418496,1.1947871,0.5819262,0.0,5.1716022,0.26346886,0.8254997,0.72752255,3.3729362,0.0,0.8159315,4.2368255,1.1592658,3.9116316,2024-09-23,16,0.2,True,100,5,32,True
0.47023848,0.0,3.037892,1.2100711,0.57574683,0.0,5.147637,0.26660278,0.8287662,0.7238721,3.3554595,0.0,0.8160867,4.234449,1.1719675,3.896621,2024-09-24,16,0.2,True,100,5,32,True
0.47020504,0.0,3.0333188,1.2253428,0.56977725,0.0,5.1234193,0.2705028,0.8331617,0.72461075,3.3406105,0.0,0.81897706,4.225721,1.185586,3.8821845,2024-09-25,16,0.2,True,100,5,32,True
0.4716374,0.0,3.0371823,1.232027,0.56954616,0.0,5.124347,0.27322143,0.83887655,0.7242398,3.3413284,0.0,0.8208949,4.2298884,1.1942011,3.8823135,2024-09-26,16,0.2,True,100,5,32,True
0.471844,0.0,3.0357664,1.2444553,0.56465536,0.0,5.1085167,0.27527803,0.84717363,0.7269839,3.3339167,0.0,0.8252589,4.220455,1.208465,3.874263,2024-09-27,16,0.2,True,100,5,32,True
0.47303113,0.0,3.0337918,1.2562602,0.55890876,0.0,5.086409,0.278328,0.8545596,0.73176074,3.3220966,0.0,0.8311824,4.2057586,1.2256463,3.8631332,2024-09-30,16,0.2,True,100,5,32,True
0.47620428,0.0,3.03601,1.2613044,0.55742,0.0,5.0793233,0.27978688,0.86129826,0.7321815,3.3178422,0.0,0.8348005,4.1996446,1.2367622,3.8594356,2024-10-02,16,0.2,True,100,5,32,True
0.4760797,0.0,3.0285726,1.2700462,0.5537748,0.0,5.0609746,0.27923927,0.8636776,0.733419,3.3052495,0.0,0.8413664,4.180878,1.2470978,3.8439906,2024-10-04,16,0.2,True,100,5,32,True
0.47180915,0.0,3.014627,1.2843696,0.5475041,0.0,5.0235324,0.27841437,0.8629174,0.7376033,3.2784674,0.0,0.84633756,4.1529427,1.257575,3.819454,2024-10-07,16,0.2,True,100,5,32,True
0.4675431,0.0,3.0035682,1.2954838,0.54245317,0.0,4.9958277,0.28037614,0.86237943,0.74464625,3.2592926,0.0,0.85149974,4.1314063,1.26766,3.8014703,2024-10-08,16,0.2,True,100,5,32,True
0.46288973,0.0,2.993205,1.3038032,0.5404465,0.0,4.970347,0.28130698,0.8610596,0.74981755,3.24108,0.0,0.8550093,4.1099534,1.2741873,3.7857282,2024-10-10,16,0.2,True,100,5,32,True
0.46225277,0.0,2.9872663,1.3087239,0.5399562,0.0,4.9540052,0.28311253,0.86096966,0.7513574,3.2301066,0.0,0.85832465,4.0957737,1.279516,3.7767324,2024-10-11,16,0.2,True,100,5,32,True
0.46053353,0.0,2.9801896,1.3125255,0.5375786,0.0,4.931651,0.28352353,0.86061734,0.75497216,3.2135246,0.0,0.85937774,4.081959,1.2860864,3.765321,2024-10-14,16,0.2,True,100,5,32,True
0.4605938,0.0,2.9744616,1.3169522,0.5329519,0.0,4.9107175,0.28209674,0.8624203,0.75801057,3.1989367,0.0,0.85875183,4.071076,1.2919916,3.75592,2024-10-15,16,0.2,True,100,5,32,True
0.4612405,0.0,2.9715674,1.321182,0.5288112,0.0,4.8941855,0.27927962,0.86497575,0.7604692,3.1880074,0.0,0.8564323,4.0642776,1.295889,3.750314,2024-10-16,16,0.2,True,100,5,32,True
0.46144825,0.0,2.966411,1.3258107,0.52335554,0.0,4.8719306,0.27704617,0.8664974,0.7622278,3.1720924,0.0,0.85340816,4.0558853,1.3008581,3.7404583,2024-10-17,16,0.2,True,100,5,32,True
0.46271864,0.0,2.9588141,1.3305432,0.5150986,0.0,4.839784,0.27578476,0.8672898,0.76081795,3.1486259,0.0,0.85275275,4.0430617,1.3113153,3.723195,2024-10-18,16,0.2,True,100,5,32,True
0.46138385,0.0,2.9547946,1.3316789,0.510576,0.0,4.8204107,0.27290943,0.8678105,0.7604578,3.1314008,0.0,0.8475204,4.0397453,1.3156601,3.713663,2024-10-21,16,0.2,True,100,5,32,True
0.45841894,0.0,2.9493244,1.3331884,0.505715,0.0,4.797853,0.26843446,0.86771774,0.75990057,3.1096027,0.0,0.8405296,4.0353723,1.3196113,3.701891,2024-10-22,16,0.2,True,100,5,32,True
0.45314243,0.0,2.940126,1.3328977,0.5021364,0.0,4.779049,0.26513624,0.8649971,0.7614504,3.0895362,0.0,0.83256316,4.030678,1.3196195,3.6888452,2024-10-23,16,0.2,True,100,5,32,True
0.45120633,0.0,2.9349754,1.3316813,0.49991664,0.0,4.7700095,0.26332656,0.86204743,0.76272154,3.077857,0.0,0.8276448,4.0301013,1.3193388,3.6808445,2024-10-24,16,0.2,True,100,5,32,True
0.44859204,0.0,2.9330294,1.3325171,0.49916974,0.0,4.769256,0.258109,0.86059225,0.7614815,3.071084,0.0,0.8196058,4.0368905,1.315462,3.6766598,2024-10-25,16,0.2,True,100,5,32,True
0.44731885,0.0,2.9346986,1.3311207,0.50130665,0.0,4.7787514,0.2542293,0.86009645,0.759075,3.07199,0.0,0.80943,4.051288,1.3085296,3.6792006,2024-10-28,16,0.2,True,100,5,32,True
0.44698834,0.0,2.9368694,1.3299997,0.50295436,0.0,4.7868495,0.2509038,0.86124885,0.75685525,3.0727224,0.0,0.7993292,4.065434,1.3040851,3.680959,2024-10-29,16,0.2,True,100,5,32,True
0.44892943,0.0,2.9425602,1.328232,0.5064354,0.0,4.79882,0.2460068,0.86396927,0.7512787,3.076217,0.0,0.78729916,4.0828614,1.2977855,3.6862373,2024-10-30,16,0.2,True,100,5,32,True
0.4470533,0.0,2.9474757,1.3281282,0.51004916,0.0,4.8161125,0.23936419,0.86620414,0.7502053,3.082781,0.0,0.77533334,4.1023345,1.2907516,3.6932886,2024-10-31,16,0.2,True,100,5,32,True
0.44451705,0.0,2.948727,1.3301167,0.5115896,0.0,4.82765,0.23561187,0.865288,0.75066984,3.085256,0.0,0.769353,4.11606,1.2885983,3.6929293,2024-11-01,16,0.2,True,100,5,32,True
0.4418152,0.0,2.949435,1.334856,0.51332784,0.0,4.836241,0.23342644,0.8632216,0.7481137,3.089775,0.0,0.7691403,4.122804,1.2861093,3.6914861,2024-11-04,16,0.2,True,100,5,32,True
0.44055596,0.0,2.9517696,1.342177,0.5132416,0.0,4.840269,0.23496367,0.86182594,0.74720615,3.0959733,0.0,0.77308196,4.1264443,1.2881294,3.691698,2024-11-05,16,0.2,True,100,5,32,True
0.440521,0.0,2.9569726,1.3483744,0.513636,0.0,4.847272,0.23852955,0.8616012,0.7450402,3.1044188,0.0,0.7787839,4.1327786,1.2923183,3.6951883,2024-11-06,16,0.2,True,100,5,32,True
0.4378211,0.0,2.9564133,1.3587307,0.5107599,0.0,4.838406,0.24258086,0.86018926,0.7430737,3.1011045,0.0,0.7867124,4.129899,1.3016851,3.687433,2024-11-07,16,0.2,True,100,5,32,True
0.43466628,0.0,2.9568396,1.3686235,0.5086849,0.0,4.825646,0.2455804,0.8586988,0.7405566,3.0939343,0.0,0.7947846,4.1251597,1.3120579,3.678517,2024-11-08,16,0.2,True,100,5,32,True
0.43078065,0.0073267194,2.9516714,1.3803056,0.5005802,0.0,4.7934327,0.24811393,0.8569816,0.7423884,3.0726259,0.0,0.8064752,4.107363,1.3304532,3.657923,2024-11-11,16,0.2,True,100,5,32,True
0.42288685,0.020988628,2.9455264,1.3933469,0.4921635,0.0,4.7599106,0.2459499,0.85444146,0.74200773,3.0468864,0.0,0.8141716,4.0907807,1.3446622,3.6360054,2024-11-12,16,0.2,True,100,5,32,True
0.41211995,0.0363903,2.9286926,1.4092072,0.48117322,0.0,4.7052574,0.24708167,0.8461504,0.74398595,3.0055375,0.0,0.82776535,4.0565333,1.3635391,3.5981598,2024-11-13,16,0.2,True,100,5,32,True
0.39954054,0.049815867,2.9090195,1.4249545,0.47149506,0.0,4.6577625,0.25019914,0.8346408,0.7472334,2.9687762,0.0,0.842487,4.023539,1.3768615,3.5628688,2024-11-14,16,0.2,True,100,5,32,True
0.38679013,0.06229209,2.8900876,1.4422181,0.460933,0.0,4.616923,0.25439394,0.82432055,0.75223535,2.9386857,0.0,0.8571554,3.9943018,1.3867798,3.5335896,2024-11-15,16,0.2,True,100,5,32,True
0.37231618,0.07377215,2.866968,1.4612465,0.44922617,0.0,4.568581,0.26183388,0.8124449,0.7597781,2.905015,0.0,0.87468135,3.9582813,1.3978899,3.4999056,2024-11-18,16,0.2,True,100,5,32,True
0.3617507,0.08013848,2.8543627,1.4741962,0.4450926,0.0,4.54526,0.27257293,0.80254763,0.76109236,2.890936,0.0,0.89013404,3.9369032,1.401886,3.4862452,2024-11-19,16,0.2,True,100,5,32,True
0.34723344,0.087838896,2.8347871,1.4914734,0.43765533,0.0,4.5086308,0.28582138,0.7915307,0.76720005,2.86959,0.0,0.9096061,3.9029646,1.4097419,3.465127,2024-11-20,16,0.2,True,100,5,32,True
0.33639014,0.09343855,2.8174322,1.507401,0.43129024,0.0,4.4760838,0.30105546,0.78235584,0.77033144,2.8542402,0.0,0.9293539,3.871097,1.4170743,3.4474144,2024-11-21,16,0.2,True,100,5,32,True
0.32497495,0.09906931,2.7940402,1.5261587,0.42227525,0.0,4.429777,0.31975874,0.7727405,0.77772593,2.831249,0.0,0.95265687,3.8294537,1.4299928,3.4205978,2024-11-22,16,0.2,True,100,5,32,True
0.31729245,0.09872439,2.7760315,1.541258,0.41738468,0.0,4.401708,0.34143123,0.7663391,0.7836263,2.823861,0.0,0.9767627,3.7972443,1.4414352,3.4052594,2024-11-25,16,0.2,True,100,5,32,True
0.30928987,0.09639113,2.7566402,1.5564629,0.41170222,0.0,4.364157,0.36363724,0.7599747,0.793933,2.8105264,0.0,1.0020398,3.7585473,1.4566681,3.3849683,2024-11-26,16,0.2,True,100,5,32,True
0.30139834,0.093621865,2.7375195,1.5699841,0.40755466,0.0,4.327837,0.38527775,0.7535261,0.80433464,2.7965105,0.0,1.0249101,3.7207139,1.4706545,3.3649673,2024-11-27,16,0.2,True,100,5,32,True
0.29444999,0.08757172,2.7246537,1.5798564,0.41040114,0.0,4.3196373,0.40423477,0.74865854,0.81232446,2.8002388,0.0,1.0398935,3.7012036,1.4728607,3.360053,2024-11-28,16,0.2,True,100,5,32,True
0.28609413,0.08592958,2.7058716,1.5936632,0.41136223,0.0,4.299889,0.4233596,0.74251753,0.82061005,2.7963908,0.0,1.0531532,3.6749878,1.4751946,3.3454528,2024-11-29,16,0.2,True,100,5,32,True
