기업명,year_key,month_key,단순 기관경쟁률,의무보유확약비율,(확정)공모가격,청약경쟁률,상장일,공모후 발행주식수,유동자산,비유동자산,유동부채,비유동부채,자본금,이익잉여금,기타자본항목,영업이익,당기순이익,종가대비등락율,매출액,부채비율,유동비율,영업이익률,당기순이익률,ROE,EPS,EV/영업이익,최대주주 소유주 비율,최대주주 보호예수 기간,보호예수 비율,부채비율 변화율,유동비율 변화율,영업이익률 변화율,당기순이익률 변화율,매출액 변화율,ROE 변화율,EPS 변화율,EV/영업이익 변화율,DLR,PPI (%),기업경기실사지수(BSI),기준금리,무역수지,생산자물가 상승률 (PPI),소비심리지수(CSI),소비자물가 상승률 (CPI),수출입 물량지수,외환보유액,원달러 환율,통화량 (M2),KOSPI_1001,국고채 금리 스프레드,대표매매감정점수,산업군,섹터
DSC인베스트먼트,2016,Dec_16,11.2,0.0,1700.0,11,2016-12-19,17500000,1833938590,9424633533,1807552839,280075244,6500000000,2403479033,267465007,1696693373,1311509021,109.4,3480121402,0.2276350257830163,1.0145974991329147,0.487538558863183,0.3768572614295252,0.1430069811002794,74.94337262857142,5.405186456162341,34.46,2,68.23,-0.1102610904797165,-0.0487295894436461,0.1161464347967557,0.0842103319598579,3480121401.0,-0.0132659271019977,0.6918485142857094,0.3628991510400645,92.86,-266.67,0.0,0.0,29.65419163849024,0.8739076154806291,-1.7726798748696535,0.1091056454378236,29.65419163849024,-0.2375701207422031,1.776798319617079,0.3006065873986774,3.0327690697991905,4.714290006752721,-0.178494,투자,Sensitive
GRT(그레이트리치과기),2016,Oct_16,140.75,4.32,5000.0,7,2016-10-25,67500000,793157289,723506841,360476429,189137469,286411054,553308724,42799075,279633009,200645240,30.0,941632061,0.6227786478800583,2.200302780407315,0.2969663211159501,0.2130824217974455,0.2273551882976034,2.972522074074074,3.458283539051,38.42,6,75.0,-0.8676916250664344,1.02413694475356,-0.0185627725040304,-0.0202206255773782,941632060.0,-0.2724235897926798,0.0444652740740743,1.978823664976041,93.33,50.0,0.0,0.0,-28.74493300739548,0.2934702861335347,0.2926829268292685,0.1371471318586614,-28.74493300739548,-0.6892587375687764,1.6063350459146308,0.4306130955507692,-0.7710667316122688,1.8207994579945819,-0.348357,화학,Sensitive
ING생명보험,2017,May_17,3.97,0.13,33000.0,0,2017-05-11,82000000,24660260,6008470,20091232,6430082,82000,1766107,1800991,321884,240741,-4.2,4265748,7.267909494346274,1.2274140281691035,0.07545780950961,0.0564358232131855,0.065972741757004,0.0029358658536585,12.884815647873149,59.15,1,59.15,0.5466082382144837,-0.0212276296949909,-0.0117425345667023,-0.0087184980911577,4265747.0,-0.0150167094781758,-0.0007811341463414,2.439690796797217,57.14,17.65,0.0,0.0,-40.497458570182566,-0.2741116751268979,7.269155206286837,0.1067301574269929,-40.497458570182566,0.5000307337281962,-0.6577030713409204,0.3342840146540515,7.018958317798796,2.7220764975981915,-0.705678,금융,Infra
JTC,2018,Apr_18,478.0,24.17,8500.0,465,2018-04-06,35114625,154135415237,78548060055,59905678491,38714374965,6102640791,118545100027,4066918027,24908650677,19130774616,91.8,416562952262,0.7661913129471885,2.572968358252661,0.0597956456322921,0.045925290552405,0.1486293386290799,544.8093099670009,5.3822032985428105,58.96,5,65.74,-0.3508909983692161,0.3065993349210942,0.0094786073555368,0.0179462457164693,416562952261.0,0.0196461294371741,119.93743108462638,0.8640425609426083,94.12,164.29,-3.658536585365857,0.0,-5.627315034666158,0.1301561874249124,-0.911577028258892,0.1822766351733173,-5.627315034666158,0.4203893908055089,-0.3853007304854161,0.5281887550715014,-1.836341377680284,1.5214798106235605,0.042749,유통,Protective
JW생명과학,2016,Oct_16,225.0,7.41,30000.0,220,2016-10-27,7917277,36186829815,145344105206,75706826871,20993524053,39586385000,16909169240,0,11853577522,8398705961,43.2,67092448816,1.7116453183768252,0.4779863495885283,0.1766752850907,0.1251810913033346,0.1486613605969997,1060.807391354376,7.156538516709926,50.0,6,56.06,-0.06916981287907,0.0061831257499493,0.0285534733215493,0.0230437321336848,67092448815.0,-0.0873928904697933,-564.0205268806435,2.716569848095617,94.12,54.55,0.0,0.0,-28.74493300739548,0.2934702861335347,0.2926829268292685,0.1371471318586614,-28.74493300739548,-0.6892587375687764,1.6063350459146308,0.4306130955507692,-1.44512610770281,1.8207994579945819,-0.175077,의료/의약,Growth
LG에너지솔루션,2022,Jan_22,2023.0,66.59,300000.0,69,2022-01-27,234000000,9860210,13752096,8977353,5412775,100000,303807,1586903,692737,858057,68.3,13412546,7.228641037619743,1.098342685199078,0.0516484342346337,0.0639742074323547,0.4310306373103064,0.0036669102564102,13.312668444157016,81.84,6,91.29,-29.833409588696,-0.2204853923196335,0.376894076463469,0.373180212902326,13412545.0,1.783893602480383,0.0055975555555555,29.232932498062063,93.75,100.0,-1.17647058823529,25.0,18.379999999999995,1.055697124135424,0.5747126436781658,0.7785467128027523,18.379999999999995,-0.3436931313036573,0.8709977190166418,0.6199461496420255,-11.51988737313403,-0.49839963420208555,-0.333035,배터리,Growth
SKC코오롱PI,2014,Dec_14,23.01,0.0,8000.0,46,2014-12-08,29366322,75787122656,179441735795,36762916710,19159566806,18368700000,60479446202,-43368702000,20028343746,11433421958,-5.3,65437069512,1.576193899701721,2.061510060636318,0.3060703038103984,0.1747239300791627,0.3222548214933843,389.3378938635897,9.951216009801351,27.03,6,58.59,0.5039436769999543,-0.5138125426400615,0.0109514648901377,-0.0174120012676881,65437069511.0,-0.2097000943939755,-485.4581561150218,4.575501930613005,94.74,-180.0,1.4084507042253502,0.0,-8.809233816348138,-0.9788254095085992,-1.6441005802707909,-0.0095729404882227,-8.809233816348138,0.1369764005791252,0.8428454022463727,0.310137450143344,0.6070126740586046,-0.6424815515465698,-0.714099,부품제조,Sensitive
가온칩스,2022,May_22,1847.12,14.6,14000.0,2183,2022-05-20,11488320,29916404375,7076710460,13808071614,1323047300,4714160000,16368724338,23350724,6202436087,6182765868,93.6,32235607297,0.7169027952902082,2.1665881530240445,0.1924094691269312,0.1917992675315721,0.2929355164404261,538.1784166875575,3.5247434418262955,7.3,6,71.35,-0.6561796996115555,0.0139625402015521,0.0769834824058142,0.0834995545084347,32235607296.0,0.119464775036455,376.9936979471324,-1.985351851902859,94.44,150.0,3.6144578313253017,16.666666666666675,-46.3721264367816,0.7124239791485687,-1.1494252873563204,0.62716465412338,-46.3721264367816,-0.353127548637222,3.0462372397228155,0.7484111434910456,-2.068978312090697,-0.29117745822129226,-0.539253,반도체,Growth
강스템바이오텍,2015,Dec_15,11.35,0.0,6000.0,41,2015-12-21,13817150,9725685992,5258574223,2463290508,1215054054,5878575000,-14190382611,524451764,-3185874764,-3838642428,56.0,1340395841,-0.4723483341803425,3.9482496930077886,-2.376816360175501,-2.863812547445826,0.4929327108480342,-277.8172364054816,-3.5487633665816,25.3,1,37.45,0.9023253836139004,2.7973597898368365,19.016191205152904,14.973571027466946,1340395840.0,-0.0635210137658033,-9.050415317196382,-3.978219653314988,92.86,-100.0,-2.777777777777779,0.0,18.84582865363502,-0.2305354710258944,-3.1865042174320624,0.2996223070917514,18.84582865363502,-0.1361147410359642,1.759594433882827,0.2124048711981352,-2.1117331132993744,-1.3551251352238445,-0.133332,바이오,Growth
경보제약,2015,Jun_15,524.56,34.44,15000.0,264,2015-06-29,23906860,96928613178,73815393122,88702899776,15081480014,10758085000,49452192871,962713886,6707517932,4993011747,128.3,43348799729,1.6965719153031942,1.0927333088633209,0.1547336483116676,0.1151822375293984,0.0816211796021673,208.85267856171828,9.982772642403424,60.0,6,68.0,0.1023990676068105,-0.0458077019522704,-0.0082323070996737,0.0643170570780326,43348799728.0,-0.0564585922897506,-152.38061280318703,7.513188081007247,94.74,100.0,-2.531645569620256,-14.28571428571429,53.9124545958259,-0.0510725229826425,-7.055503292568199,0.0200231847402365,53.9124545958259,0.8731079387486851,1.917948811934722,0.332615607456832,-0.1715091350416586,4.556465863453807,-0.35719,의료/의약,Growth
고바이오랩,2020,Nov_20,64.0,0.85,15000.0,566,2020-11-18,15415766,26577142033,4193523801,2737712873,97030419,6677883000,-103591362874,-594948628,-5883016882,-46992569579,108.7,626634194,-0.0290717770304528,9.707790139393484,-9.3882793794684,-74.992028888548,0.4819334113054251,-3048.3447646390064,-4.748570861231807,36.37,2,72.41,1.5956150537822922,9.317827821124569,3.3639417378660195,1.4437166315438077,626634193.0,-0.3229929638481196,-189.7994985782734,-12.04245069353269,93.33,-60.0,10.769230769230775,0.0,-33.35880660329541,0.0800160032006447,6.911447084233258,-0.089838291076072,-33.35880660329541,2.313522805577972,-2.439109620155855,0.9704313598061898,9.411304568331548,0.7908150243916889,-0.455581,바이오,Growth
골든센츄리(금세기차륜),2016,Oct_16,182.0,0.55,3500.0,346,2016-10-19,29800000,54475387658,22101682136,15804685645,0,4820281110,50009501102,0,5941529650,4504016008,9.0,21319158034,0.2882500168228098,3.4467871668952768,0.2786943856096188,0.2112661297794665,0.0821454294781833,151.1414767785235,10.228407115497603,42.49,2,73.47,0.1257933957381183,-1.7472561509918547,0.0194402694322409,0.0262706915875863,21319158033.0,-0.2046429492718821,-333.18217755033555,7.446467272660227,93.33,30.0,0.0,0.0,-28.74493300739548,0.2934702861335347,0.2926829268292685,0.1371471318586614,-28.74493300739548,-0.6892587375687764,1.6063350459146308,0.4306130955507692,-0.5903383242574445,1.8207994579945819,-0.419571,기계제조,Sensitive
공구우먼,2022,Mar_22,56.9,1.02,20000.0,15,2022-03-23,0,16344383721,11192426655,3503857874,0,251850000,23645247029,115840473,6757494882,5709351000,0.0,31593596970,0.1459154205397889,4.664682275580223,0.213888114367498,0.1807122818405694,0.2377614566949369,0.0,3.556488450478415,0.91,6,64.46,0.016322163123313,0.2611359550281076,0.0493040116110068,0.0477441912206211,31593596969.0,0.0311412003782328,0.0,-0.3947770636925867,93.75,-120.0,3.529411764705892,0.0,22.848066467102445,1.5237070897194505,0.1930501930502037,0.645038892050831,22.848066467102445,-0.856700902592733,1.8934526094430693,0.1008849658453936,1.1662573237853024,-0.1817250046773471,0.500262,옷,Protective
교촌에프앤비,2020,Nov_20,999.0,3.9,12300.0,1318,2020-11-12,24982540,47170322827,122944683999,54096905670,29652578861,10549150000,74205611863,-5100972419,15321841368,5393043158,152.0,215550906243,1.051418709839027,0.871959721961672,0.0710822405484438,0.0250198120341938,0.0677060463242811,215.87249166818103,5.636758678064393,74.13,6,81.33,-0.0070803794085365,0.0202923411901375,-0.0324512775770374,-0.0526406953423047,215550906242.0,-0.333718181528703,-965.6758870795364,3.5976060423361704,93.33,100.0,10.769230769230775,0.0,-33.35880660329541,0.0800160032006447,6.911447084233258,-0.089838291076072,-33.35880660329541,2.313522805577972,-2.439109620155855,0.9704313598061898,4.8631613725797385,0.7908150243916889,-0.258072,식품,Protective
국일신동,2014,Dec_14,25.0,0.0,1700.0,91,2014-12-29,11090000,19343211278,28988295780,9241649167,6235997795,4000000000,32628580096,-3774720000,1776558374,1302523594,61.5,26677140531,0.4711058888293136,2.0930475641804893,0.066594782598066,0.0488254576042889,0.039645983461121,117.45027899008116,18.49298091006606,63.48,6,74.69,-0.0278819744385191,0.2879760017774466,-0.0120554844913839,-0.0083794059506241,26677140530.0,-0.0247077087808809,-65.60062037871955,7.190877333402931,92.86,100.0,1.4084507042253502,0.0,-8.809233816348138,-0.9788254095085992,-1.6441005802707909,-0.0095729404882227,-8.809233816348138,0.1369764005791252,0.8428454022463727,0.310137450143344,-2.581672098840304,-0.6424815515465698,-0.99329,금속,Sensitive
그리드위즈,2024,Jun_24,124.6,0.64,40000.0,569,2024-06-14,7947161,55235585173,62981546278,31343402643,10840655263,1303550000,1791216480,1508059427,-2299440714,-1376739403,23.8,26193304940,9.164817170652984,1.7622714994326214,-0.087787345631536,-0.0525607366521194,-0.2991074246163097,-173.2366316726187,-33.06589862572991,28.8,36,69.67,0.8366698569299214,0.0505189746890759,-0.0998560030013152,-0.0840789651695301,26193304939.0,-1.0613700426408712,-696.2319216887641,-81.37429510920231,72.73,100.0,1.3698630136986356,0.0,2.8887618849690933,-0.0167714884696024,2.540650406504064,-0.2278702892199779,2.8887618849690933,-0.1505537080637276,1.079545038413943,0.5841862452514057,2.63506474177706,-0.43363450650095814,-0.33632,에너지,Sensitive
그린리소스,2023,Nov_23,753.0,4.6,17000.0,590,2023-11-24,8183944,8685,36231,16297,5968,3247,15055,-2261,2219,1666,207.6,8905,1.3880057353032853,0.5329201693563232,0.2491858506457046,0.187085906793936,0.1038588616669783,0.0002035693303864,10.20775123929698,50.64,3,68.56,0.4306907850909045,-0.2397827266036338,0.1004515472771577,0.0489555500070115,8904.0,-0.1374196008356328,-0.0002198206634845,4.587006130746994,71.43,200.0,-5.47945205479452,0.0,-4.605983743586794,-0.3818089258442292,-1.0183299389002087,-0.52087931491126,-4.605983743586794,1.018780022625032,-2.983660203303496,0.8630997806762908,-0.2293825453470011,-2.4919351616730765,0.19009,반도체,Growth
그린플러스,2019,Aug_19,863.94,5.48,10000.0,700,2019-08-07,3923873,34611930084,34610425055,23586385716,17447258327,1934769500,10952693256,2804637420,1397023733,1013987653,7.0,11313519404,2.614923661127156,1.4674537464432602,0.1234826832493935,0.0896261911780957,0.0646177147499239,258.41500298302213,20.177689490977315,38.43,6,53.49,-0.1306008741294273,-0.0946938440670275,0.0133256465740751,0.0406631737532224,11313519403.0,-0.0922686617914714,-320.04430851864976,15.478760240193155,95.0,100.0,-5.333333333333334,0.0,4.980343237317597,0.2289468445152431,-3.715170278637781,0.2399508000040295,4.980343237317597,-0.4041179290761199,2.864776101624256,0.8298560271109645,-7.589460695361838,-0.9588274975351858,-0.217157,철강,Sensitive
금양그린파워,2023,Mar_23,1613.16,17.84,10000.0,1312,2023-03-13,12119500,104165975638,13436725328,48988090692,6624376725,4510980000,50068982368,-1351819108,8455090896,6780648438,62.0,164839298341,1.0447944266128812,2.1263530414548453,0.0512929318499591,0.0411349023336231,0.1273884081373835,559.4825230413796,7.331705159825877,11.53,6,71.43,0.0668781025366067,0.0057984725291388,-0.0168669096658135,-0.0076231038017037,164839298340.0,-0.0578599423554982,-136.60260307768465,2.7271615679782446,94.44,253.85,4.41176470588236,0.0,-104.73859066270327,0.1197502352236812,2.111111111111108,0.1722106408048596,-104.73859066270327,0.1841531872128987,2.753513700678356,-0.1718792068944652,-1.8133533187787096,0.2013949797435522,0.486743,에너지,Sensitive
금호에이치티,2015,Nov_15,46.05,8.0,10000.0,32,2015-11-11,9765000,82234835532,34669880674,42798454697,5265945501,4600000000,62740950530,1499365478,10640096331,8234773093,-11.4,101204340601,0.6982013300522094,1.9214440361035825,0.1051347824393103,0.0813677856512671,0.1196213726276769,843.2947355862775,6.4698959357570125,37.0,6,46.21,-0.0603706465086977,-0.0648320934691433,0.0140215164840905,0.0062893049720804,101204340600.0,-0.0938738350627771,-534.2901096774194,2.6102654296150822,93.33,-90.0,0.0,0.0,7.596947642841623,-0.3966183070660656,0.5655042412818112,-0.1895415201229822,7.596947642841623,-0.3076910372981856,0.3300876169241684,0.2786602411644745,-1.2718734552644606,0.26733969626535625,-0.121635,자동차,Sensitive
까스텔바쟉,2019,Jun_19,32.53,2.88,12000.0,3,2019-06-10,6596700,67900587370,16332898960,18534395151,2096541010,3000000000,16398353319,-9682063,968709862,815834084,60.4,18149985589,1.0640716884926071,3.663490867482477,0.053372486564788,0.0449495719982524,0.0420778749212911,123.67306137917444,65.65696568597544,15.16,1,52.56,0.1767503305843052,-0.7563902025404174,-0.1044475144583479,-0.0764909948327285,18149985588.0,-0.5617414367128575,-1576.3627445540951,61.3488775683866,92.86,-133.33,-5.1948051948051965,0.0,-24.008221583652624,-0.2779432201707399,-0.3033367037411638,-0.1615622365833124,-24.008221583652624,0.2735164882284202,-0.6481927507204555,0.7547577079255685,2.1296778242067,-0.5886201409351948,0.146236,옷,Protective
꿈비,2023,Feb_23,1547.13,12.01,5000.0,1772,2023-02-09,7938930,8924235129,6877761486,4556137349,3204927196,612893000,5487695358,1338314532,1506944353,1282603809,160.0,20487739026,1.0433076839103623,1.9587282922800229,0.0735534726934782,0.0626034823741316,0.1724184100755212,161.55877542691522,5.33591837946255,58.76,2,76.07,-0.1938010531842289,0.5242201760869483,-0.0414388290027796,-0.024130602733534,20487739025.0,-0.1976525833577653,-66.23979465746643,3.0466813044426484,92.86,200.0,-2.857142857142858,0.0,-42.8042804280428,0.1885337218270555,-0.6622516556291314,0.2362133187971293,-42.8042804280428,-1.0888076745658393,1.8833433553818504,0.2651369175748153,4.779759491960545,0.8543423775171366,0.169996,가구/가전,Protective
나노브릭,2019,Aug_19,39.3,0.0,16000.0,2,2019-08-19,4560103,4574712110,13194250458,7029124663,4739847824,3990423000,-20900129986,22909697067,-298619714,-551353098,-7.5,1563320811,1.9614986571841968,0.6508224465103642,-0.191016272475119,-0.3526807128265115,-0.091892334913345,-120.90803606848354,-20.09241118287321,11.35,2,38.24,-8.906002167528564,0.2051163871878141,-0.0112752746901398,-0.4722496720429631,1563320810.0,-0.6556482160148939,-309.3420764837987,-18.91241605194866,94.44,-50.0,-5.333333333333334,0.0,4.980343237317597,0.2289468445152431,-3.715170278637781,0.2399508000040295,4.980343237317597,-0.4041179290761199,2.864776101624256,0.8298560271109645,-4.4139385458343945,-0.9588274975351858,-0.65924,화학,Sensitive
나노씨엠에스,2021,Mar_21,1295.0,6.63,20000.0,1243,2021-03-09,3942587,12749494756,5918352006,7062090458,1999756621,1559293500,-3107878033,11154584216,483245767,955679386,19.8,3955606601,0.943352839687992,1.8053428842103345,0.1221672971416906,0.2416012213546207,0.0994877594771621,242.3990608197105,19.878083449409708,21.34,3,54.3,-5.365284163982337,0.6979165034909993,0.1680955417496158,0.666686106126596,3955606600.0,0.8777399329370016,671.3358893538684,31.770646797272747,93.33,137.5,4.000000000000004,0.0,-6.614363916147415,1.0603112840466888,3.285420944558504,0.2559558968300957,-6.614363916147415,-0.3195337040527879,1.7360486453423585,1.101103211316801,-5.915751205247766,-3.3002410426114395,-0.142069,전자/회로,Growth
나노팀,2023,Mar_23,1723.21,24.75,13000.0,1637,2023-03-03,19154328,11263053155,29057528964,7579657989,17004314026,8521414000,2864827822,591499224,2462049585,3765415401,129.2,26647370578,2.052471490290724,1.4859579642439722,0.0923937158374891,0.1413053265416257,0.3143677415081094,196.5830072973586,6.391670663286011,53.32,1,78.21,319.2775198986643,0.2365987166135053,-0.072880385807757,-0.025883998828653,26647370577.0,58.72230190927201,-39.46954035662333,3.9255112797369898,94.12,100.0,4.41176470588236,0.0,-104.73859066270327,0.1197502352236812,2.111111111111108,0.1722106408048596,-104.73859066270327,0.1841531872128987,2.753513700678356,-0.1718792068944652,-1.5248630417090014,0.2013949797435522,-0.021691,기계제조,Sensitive
나라셀라,2023,Jun_23,178.47,0.79,20000.0,4,2023-06-02,6439038,74386774287,47153316306,37582198137,34695315003,25815190000,31217964196,17033141,12251474988,8944026358,-12.5,107162501611,1.26691105697955,1.9793087678329695,0.1143261383769564,0.0834622766690052,0.1567747061927583,1389.0314606001705,4.020950742767822,0.65,6,73.12,-0.4919049973279881,0.3315160813142181,-0.030619877306083,-0.0186931843530404,107162501610.0,-0.0648041640701399,-13.342038205085828,2.446767561944336,94.12,0.0,2.7027027027026973,0.0,-29.22743682310469,-0.2231185102548716,2.752293577981657,0.0269954107801728,-29.22743682310469,0.11177282158632,-2.3716129226553084,0.3787653680872749,5.087621494534256,-0.40310151421261153,0.17024,식품,Protective
나래나노텍,2022,Feb_22,102.0,0.2,17500.0,24,2022-02-08,11059422,38009656315,88822108968,61563227235,5461750407,5213000000,22707710842,3055606829,18950476011,14711543852,-20.6,104466916609,2.1637490406017084,0.617408443678708,0.1814016975529972,0.1408249073442316,0.4749287506750014,1330.2271901732297,3.155951734736612,35.48,2,46.16,-2.5773839569862527,-0.0135308821757635,0.1131667456804687,0.1138616712619977,104466916608.0,0.344287110300962,1128.3466699254266,-4.971338680507201,95.45,0.0,1.1904761904761862,0.0,0.5636701531278376,0.4773054755043082,-1.333333333333342,0.5436337625178922,0.5636701531278376,0.0519226781128701,0.3626435289486585,0.4793663792400204,-6.0046134048844735,-2.9769047359316856,0.194847,기계제조,Sensitive
나무가,2015,Nov_15,108.34,3.62,37000.0,0,2015-11-12,2950723,138993663200,43161168562,145743020938,22970835553,1320931000,17963200070,-7956785678,10325647608,7746897428,-10.8,176904194062,14.894386164842745,0.9536900107150158,0.0583685856785348,0.043791485380414,0.6839111159682029,2625.42347350124,1.3017077263595882,65.29,6,69.16,-3.9215353297959226,-0.0304989439858532,0.050219135208011,0.0354463588288298,176904194061.0,0.3888365953023516,2007.947928016286,-9.584021173844937,93.33,100.0,0.0,0.0,7.596947642841623,-0.3966183070660656,0.5655042412818112,-0.1895415201229822,7.596947642841623,-0.3076910372981856,0.3300876169241684,0.2786602411644745,-2.3054303077827965,0.26733969626535625,-0.143704,IT,Growth
나우아이비캐피탈,2018,Oct_18,63.17,0.0,8500.0,81,2018-10-04,9480000,53009431413,0,800706373,0,37525000000,14796220778,-114595738,2921834972,2205757706,-15.5,4923582944,0.0153372559974238,66.20333395672873,0.5934367319962834,0.4479984862828381,0.0422505324623068,232.6748635021097,17.868471539398083,72.5,6,73.63,-0.0113914549913371,27.788808821727255,0.0751541883090695,0.0472794579747717,4923582943.0,-0.0680625938539666,-348.742373628692,10.859336233394924,95.83,-66.67,0.0,0.0,-26.972527211369368,-0.3446917470947497,-0.7920792079207928,-0.1796030771993972,-26.972527211369368,-0.0624841584887736,0.9111190433696236,0.9694242117605169,-0.6191395838613056,-1.9250662711959965,-0.123231,투자,Sensitive
남화산업,2018,Nov_18,822.09,6.14,3700.0,858,2018-11-29,20588000,8875301672,124735765760,2279009410,11193405699,3500000000,115029665679,1608986644,1741510264,2672915876,97.0,6321035394,0.1121405546716022,3.894368155329381,0.2755102851746506,0.4228604507636775,0.0222485921418005,129.82882630658636,68.98532544221628,85.0,6,88.0,0.0004937860582659,-2.2236046878656417,-0.0325138838906821,-0.1781340941546555,6321035393.0,-0.0503447605517399,-285.112098406839,42.10782480807087,95.24,100.0,-5.1948051948051965,16.666666666666675,-27.580259368338844,-0.6917679612609917,-3.592814371257491,-0.710708609470112,-27.580259368338844,0.0594128434202811,-0.1972037742856924,0.4908160443665155,1.3427033349471929,-2.0349492911830973,-0.284757,스포츠,Protective
네오오토,2015,Nov_15,113.08,3.54,12000.0,34,2015-11-18,5250000,33881751338,70447936448,31519497659,25402895253,1428000000,42202502874,1492792000,5946816089,5035646645,-16.7,59130647433,1.261485737487637,1.0749457908421167,0.100570792764247,0.0851613649369527,0.1115974943554384,959.1707895238096,7.971878424438022,40.0,6,74.05,0.0390245047966328,-0.1175454726934839,0.0245994437202504,0.0223581495697784,59130647432.0,-0.0596701369366745,-342.05873942857136,2.8687215254323712,93.75,42.86,0.0,0.0,7.596947642841623,-0.3966183070660656,0.5655042412818112,-0.1895415201229822,7.596947642841623,-0.3076910372981856,0.3300876169241684,0.2786602411644745,-3.5041491328115737,0.26733969626535625,-1.020921,자동차,Sensitive
네오이뮨텍,2021,Mar_21,1374.0,24.67,7500.0,664,2021-03-16,98475340,94799676644,14903487552,6123669183,2622703264,1942143,-56690250062,4002529207,-20517362576,-19720068815,91.3,0,-0.166010120013807,15.480861851122633,0.0,0.0,0.3742958592829615,-200.25387894065665,-4.920554061226822,26.85,3,73.9,-0.0134322687401642,-20.99770006177308,0.0,0.0,0.0,-0.0280767125077227,-56.12807206352372,2.222236708770976,95.24,210.0,4.000000000000004,0.0,-6.614363916147415,1.0603112840466888,3.285420944558504,0.2559558968300957,-6.614363916147415,-0.3195337040527879,1.7360486453423585,1.101103211316801,-0.0951112182379088,-3.3002410426114395,-0.082479,바이오,Growth
네오크레마,2019,Aug_19,96.6,0.0,8000.0,1,2019-08-22,7256000,15810515139,18136720357,6785652160,2477450249,2829750000,12189167835,126019723,277537886,258621099,4.6,4030128738,0.6116302806482657,2.3299919839981893,0.0688657618758182,0.0641719200087746,0.0170764057632835,35.64237858324145,88.93968835303444,48.13,2,65.73,-0.1421612361270549,-3.5079038996565477,-0.0813367027019882,-0.0996134333960376,4030128737.0,-0.2767581795605361,-455.2002753583241,81.85196854774935,93.33,-133.33,-5.333333333333334,0.0,4.980343237317597,0.2289468445152431,-3.715170278637781,0.2399508000040295,4.980343237317597,-0.4041179290761199,2.864776101624256,0.8298560271109645,-3.2879930998245155,-0.9588274975351858,0.455046,식품,Protective
네오펙트,2018,Nov_18,338.01,0.89,11000.0,400,2018-11-28,11874545,11860131880,3256302866,1237295129,1872835654,4932272500,0,-25024801818,-2388739829,-6253729697,-30.0,2026286330,-0.1547904066121617,9.585531860604291,-1.178875755925373,-3.086301084111839,0.311246513468942,-526.650048233427,-5.026208303323769,29.74,1,55.46,1.3293173478976577,0.3009373004050957,-0.2309673298103169,-2.100936694616117,2026286329.0,0.0734543471342261,-157.01324564435942,-9.09654463962294,93.75,40.0,-5.1948051948051965,16.666666666666675,-27.580259368338844,-0.6917679612609917,-3.592814371257491,-0.710708609470112,-27.580259368338844,0.0594128434202811,-0.1972037742856924,0.4908160443665155,0.7449955319382529,-2.0349492911830973,-0.192401,의료/의약,Growth
네패스아크,2020,Nov_20,707.0,1.3,26500.0,830,2020-11-17,8626115,11860309670,146424263646,16618893403,109137363617,3142857500,5537302954,0,7422357873,888435070,46.0,36149526285,14.487780230151031,0.7136642243495591,0.2053237935812137,0.0245766725404822,0.1023523787040815,102.99365009624844,4.382477489306584,69.56,6,70.37,-1.8418583720094368,-0.3337511409155341,-0.1274997021470657,-0.0604529827211813,36149526284.0,-0.4947852669006009,-436.38387396875646,2.6451439814157505,93.33,100.0,10.769230769230775,0.0,-33.35880660329541,0.0800160032006447,6.911447084233258,-0.089838291076072,-33.35880660329541,2.313522805577972,-2.439109620155855,0.9704313598061898,8.26731364539539,0.7908150243916889,-0.346897,전자/회로,Growth
넥스트바이오메디컬,2024,Aug_24,356.95,1.34,29000.0,65,2024-08-20,8008066,18226209235,11631729976,33841735196,1743273845,3174033000,0,-70533596241,-563729170,-354965658,-18.3,2370874495,-0.5282844384498672,0.5385719476096571,-0.2377726746771553,-0.149719295031684,0.0052697143645364,-44.32601554482693,10.159257556248154,31.5,12,56.66,-0.001962011047278,0.0067372058063676,0.8327415049355842,1.3908694643520687,2370874494.0,-0.1061048457068243,894.916129936991,9.030203640710276,81.82,100.0,0.0,0.0,-8.833720350625507,-0.150552024088324,-2.7965284474445573,0.3592394637693896,-8.833720350625507,0.5827610771649949,-2.1129407682632384,0.189106329190225,-1.5177909494958342,-0.26684211328477137,-0.603523,의료/의약,Growth
넥스트엔터테인먼트월드,2014,Dec_14,214.69,34.64,16300.0,33,2014-12-23,13765197,70212514990,26846613446,47769211943,4310289355,4660440000,31004563251,-417404367,7304573957,4239311260,11.3,53250846349,1.4775333057265507,1.4698277851805506,0.1371729175744297,0.0796102137460132,0.1202723417828145,307.973163042999,6.157734510292125,37.17,6,56.3,-1.4270262567133216,0.1386785044229479,-0.01396151186109,-0.0696212015731758,53250846348.0,-0.5161926748114721,-1062.8282976262526,4.515356448259093,92.86,100.0,1.4084507042253502,0.0,-8.809233816348138,-0.9788254095085992,-1.6441005802707909,-0.0095729404882227,-8.809233816348138,0.1369764005791252,0.8428454022463727,0.310137450143344,-1.5680919432867535,-0.6424815515465698,-0.178494,엔터,Growth
넥스트칩,2022,Jul_22,1623.41,11.58,13000.0,1727,2022-07-01,17385317,24688525847,3488800606,3538964324,1468217254,7353658500,-58222391590,0,-9819311428,-9802536933,10.0,2810543713,-0.0984333847894539,6.976200827900745,-3.493740866787223,-3.487772450454678,0.1927025962226495,-563.8399882498547,-2.359650678654491,0.03,3,64.23,0.0436984743845805,-1.206340048921544,-2.9431361903571034,-2.604718552630848,2810543712.0,-0.3334641183518347,679.0286641882917,0.0665130643431735,93.33,182.35,-5.747126436781613,28.57142857142858,-98.07996385814322,0.283091704555205,-11.16856256463288,0.4805470843729953,-98.07996385814322,0.0746149115019356,2.3525267154656198,0.1496880537428024,-7.949259535797426,-2.466917609281727,-1.14859,반도체,Growth
넥스틴,2020,Oct_20,30.25,5.3,75400.0,13,2020-10-08,3134160,17237474834,5873387798,11448518947,2507963890,1402280000,-11579227125,145217831,2529464161,2105993309,-5.0,13713755603,-1.391233996450383,1.5056510727544328,0.184447224686333,0.1535679481220517,-0.2099332275901423,671.9482441866401,3.6190984383747513,37.39,1,56.02,-0.0078200702232149,0.5463502139085337,0.3717993110365394,0.4301095540874647,13713755602.0,-0.4209860040736757,1500.7915301069504,4.436390840147558,85.0,100.0,-5.797101449275366,0.0,98.03110088484644,-0.3984857541342812,15.317559153175589,-0.5558864403414576,98.03110088484644,1.4183311135951948,-2.89446895147607,1.1900580079187817,-2.1124743204642304,0.24640234948605239,-0.061088,반도체,Growth
넥스틸,2023,Aug_23,132.0,0.43,11500.0,4,2023-08-21,26002000,287366485555,300645831475,230370423611,72377068023,5488000000,239252370065,39178483879,181300504021,144193113559,-6.6,668403649813,1.06631696848746,1.247410501099059,0.2712440365514501,0.2157275975368193,0.5078673415166736,5545.462409006999,1.5734364718752123,7.59,6,68.58,-2.04871061320271,0.4586182517246362,0.231270533676314,0.2183835200345593,668403649812.0,0.5190198366006086,5588.844439120067,-4.405234364480295,94.74,0.0,-2.6666666666666616,0.0,307.6674834160043,0.8324036728739381,-0.0966183574879209,0.8895677958486781,307.6674834160043,-0.8304130834931089,2.500971779522665,0.2611582294662184,-4.701851415721448,2.4164098988924247,-0.256624,철강,Sensitive
넷마블게임즈,2017,May_17,241.0,47.1,157000.0,29,2017-05-12,84730000,721474035426,1235948993027,421228041692,225840920703,6777638800,293898589918,659390024088,294668353287,209247419950,3.2,1500015761165,0.6739836552985816,1.712787288633406,0.1964435047390057,0.1394968142117961,0.2179510209200973,2469.578897084858,4.446877485963843,24.47,6,79.28,-0.4309003434092935,-0.3218443015792172,-0.0135903467575617,-0.0176793600045224,1500015761164.0,-0.453073533267314,479.2850398796179,-0.7925459673492332,70.97,100.0,0.0,0.0,-40.497458570182566,-0.2741116751268979,7.269155206286837,0.1067301574269929,-40.497458570182566,0.5000307337281962,-0.6577030713409204,0.3342840146540515,6.402725673272935,2.7220764975981915,-0.171082,게임,Growth
노랑풍선,2019,Jan_19,978.43,11.67,20000.0,1025,2019-01-30,4765650,53998988625,46519172709,59994298343,545127413,2000000000,36855804039,-623045000,5027885075,4298227609,70.8,87368791853,1.5834438130464423,0.9000686751310341,0.0575478379449212,0.0491963722725142,0.1124226374721091,901.9184390376968,7.951402027223146,65.95,6,72.28,-0.3219011302121419,0.0423040811703508,-0.092149452088647,-0.0753059182504345,87368791852.0,-0.1951099512282028,-1287.91386022893,5.107848349434942,93.33,128.57,-2.73972602739726,0.0,34.71505723037242,-0.1099999999999989,0.7157464212679043,-0.1050632399886897,34.71505723037242,0.4505634987174378,-0.0801496126102141,0.7733206751393329,6.926834942421767,0.9361005666501775,-0.175106,서비스,Protective
노머스,2024,Nov_24,288.0,0.38,30200.0,2,2024-11-12,10710405,34120166655,25381023228,13629115542,715591436,4773252500,-62848342605,2507709267,3075954443,3364722599,-35.8,27712485598,-0.2581497771115083,2.5034762197043525,0.1109952563483511,0.1214154027108571,-0.0605521179558461,314.1545626892727,14.680478447190058,22.98,24,74.47,-0.13956142655963,-1.3618010706546908,0.1158293947177463,0.8621900662501314,27712485597.0,-0.5566382440080067,3239.765702137314,203.81516326394424,70.0,100.0,-2.777777777777779,-7.692307692307687,22.43887499361952,0.0756238971514999,-1.080550098231825,-0.2528555235853047,22.43887499361952,-0.0716753479108822,2.3791329904482077,0.7845836519063676,-4.502581146475249,-0.26401037511315506,-0.350073,엔터,Growth
노바렉스,2018,Nov_18,48.64,18.99,19000.0,631,2018-11-14,9003740,51072307072,31184937499,23273329506,644639849,4007470000,39491885496,370413784,6158470461,5402178944,5.8,51632811146,0.5452039011726483,2.194456408088634,0.1192743591586742,0.1046268607906022,0.1231412663586271,599.9927745581281,9.473013727263536,20.7,5,59.36,0.0665945792318617,-0.2495976032709892,-0.0031394578914771,0.0062694160026108,51632811145.0,-0.0724444172525625,-283.2574382423304,4.185056621949095,93.33,0.0,-5.1948051948051965,16.666666666666675,-27.580259368338844,-0.6917679612609917,-3.592814371257491,-0.710708609470112,-27.580259368338844,0.0594128434202811,-0.1972037742856924,0.4908160443665155,0.2302137352784283,-2.0349492911830973,-0.30525,바이오,Growth
노바텍,2018,Nov_18,66.32,0.03,10000.0,326,2018-11-02,4626800,17335299411,3354972723,1034934698,710613859,1890000000,15005127896,139739161,2515203739,2958739893,83.0,10742091268,0.1024691622869293,16.75013838505973,0.2341447001565356,0.2754342538322957,0.1736872899036913,639.4786662488112,7.532083100565079,70.25,6,75.18,-0.0931838084322723,9.105903391056728,-0.025048087438218,0.0886675413784684,10742091267.0,-0.1294058945090886,-219.6945595227803,4.654436218622962,94.12,-62.5,-5.1948051948051965,16.666666666666675,-27.580259368338844,-0.6917679612609917,-3.592814371257491,-0.710708609470112,-27.580259368338844,0.0594128434202811,-0.1972037742856924,0.4908160443665155,-2.289848586559251,-2.0349492911830973,-0.073466,부품제조,Sensitive
노브랜드,2024,May_24,1075.61,3.57,14000.0,2070,2024-05-23,7651263,171702405155,118275553234,153247951984,31756286134,3478064000,71128014081,-8382650640,10411712773,4820429371,287.9,359249623614,2.793637316383611,1.1204221846496634,0.0289818334902056,0.0134180498855006,0.0727903939326401,630.0174717559702,10.082272010347936,60.66,60,77.08,-0.0511431886710584,0.2190387052831113,-0.0310730609619331,-0.0393686790175369,359249623613.0,-0.4431657823554724,-3205.439080057763,7.194863893734204,65.22,230.43,2.8169014084507005,0.0,66.58588516332291,0.0755287009063465,-2.2840119165839057,0.0789404438207075,66.58588516332291,-0.1035814879391971,-0.1783847407938021,0.0224906223872167,1.105101669353581,-0.9178429813596956,-0.022663,옷,Protective
노을,2022,Mar_22,31.5,0.0,10000.0,8,2022-03-03,11453530,16487019736,5388773996,2805550104,15847319306,4440025000,-30482300148,382244045,-7359846122,-10602469785,-7.9,1175769354,-0.7269231021243474,5.876572908996959,-6.259600232785111,-9.017474174616051,0.4131900597642077,-925.6945051001744,-0.4379064818170664,1.06,1,67.13,0.9842996838265676,1.8452359440957824,-4.060093595468135,-6.29399788091022,1175769353.0,-0.131540286555799,-142.13058218732567,-2.1818565261203653,93.75,-75.0,3.529411764705892,0.0,22.848066467102445,1.5237070897194505,0.1930501930502037,0.645038892050831,22.848066467102445,-0.856700902592733,1.8934526094430693,0.1008849658453936,-0.8964872850324435,-0.1817250046773471,-0.518789,바이오,Growth
노터스,2019,Nov_19,699.46,0.59,20000.0,22,2019-11-27,6971092,18634444072,31719440469,11018310275,13061443081,645609200,16461512493,2374661117,2785586994,3254546760,82.5,20185119755,1.2360138489810009,1.691225206670811,0.138002004833783,0.1612349492845503,0.1670558999523103,466.86326331656505,9.432170397691053,48.79,6,63.75,0.0862339598618733,0.1003468738311632,-0.0227417997978501,0.0576948705751755,20185119754.0,-0.03228259654765,-86.21608494049428,5.839875819767538,95.0,100.0,-2.7027027027026973,0.0,-6.324354946696198,-0.1392896229230888,2.306920762286868,-0.5597704940974224,-6.324354946696198,0.2796487607823694,-1.4086291201135026,0.7449523785150847,-0.7666873417308318,1.0217809530796753,-0.179811,바이오,Growth
녹십자랩셀,2016,Jun_16,733.72,51.66,18500.0,800,2016-06-23,10560000,7793217994,9069614549,4962733602,2940460490,4250000000,4162969451,0,3219922268,2260239717,160.0,34489289880,0.9394060133025436,1.5703478403231848,0.0933600627674042,0.0655345391240047,0.2686613484292801,214.0378519886364,2.782563585475971,38.64,6,63.98,-0.2878251452514886,0.0418276445531575,0.0004026176642857,0.0115984853457045,34489289879.0,0.0069429010894024,56.210803409090914,0.565589307936806,93.33,213.04,0.0,-16.666666666666664,20.90585252618178,0.2421562434196555,-0.501002004008011,-0.0198682421834073,20.90585252618178,-0.2714486687872219,-0.0862135193041457,0.6542277316011758,0.0806000675025675,-1.1969993288680865,-0.352269,바이오,Growth
녹십자웰빙,2019,Oct_19,657.93,3.17,11300.0,657,2019-10-14,17752276,27468345952,17554809017,10795290598,2658126861,6581890000,18365226612,-389993128,5196088589,3767943172,10.6,32678698045,0.5478417481495936,2.544474898812724,0.1590053735263491,0.1153027322817872,0.153435852307986,212.25127256921877,6.075673454996978,45.77,6,51.03,0.0839146286524561,-0.0720492453672121,0.0029529053676515,0.0099264048239251,32678698044.0,-0.1066364866268062,-107.59352958460089,2.6452471946430216,95.0,100.0,2.777777777777768,-16.666666666666664,11.318987922336031,-0.2382133995037172,1.73469387755103,0.2475098703328848,11.318987922336031,0.7447913034316134,-1.1206212684230166,0.9019404281386478,-1.153228274173801,5.617332589163571,-0.303155,식품,Protective
뉴로메카,2022,Nov_22,1652.13,7.67,16900.0,1181,2022-11-04,9855420,20478420097,2188188485,8775265601,175205096,4155210000,-2225003163,16757104,-2321393934,-2142105260,24.6,4603981720,4.597142509173979,2.333652453170916,-0.5042144116071773,-0.4652723208466605,-1.100228522414119,-217.3530159039392,-5.908578326198039,22.32,3,65.85,4.877995839334736,-0.269861573420342,-0.0949115296394458,0.4317538448332218,4603981719.0,-1.3114303344574438,451.74792814512216,-0.7355967082803456,93.33,100.0,-3.797468354430378,8.333333333333325,-7.987339415378891,-0.32442585161786,-2.7027027027026973,-0.082447783070727,-7.987339415378891,0.5070476095064613,-4.385067219940297,0.8038449693468674,5.798955719440824,-0.22102021803749317,-0.54096,기계제조,Sensitive
뉴트리,2018,Dec_18,28.68,0.0,14500.0,0,2018-12-13,9100084,24546037353,6984272401,7394098131,551151570,3611112000,8306119277,62471024,10209895170,2840733056,-4.1,69474763064,0.6632259718454585,3.319679684813748,0.1469583301866703,0.0408887044837147,0.2371288521721337,312.16558616382,2.310019805325778,51.89,6,62.12,-1.7651018612179192,0.5790623942973929,0.070505527959169,0.0061698371920617,69474763063.0,-0.0635790377248368,81.79122478429869,0.7998446666414154,93.75,0.0,0.0,0.0,11.497067876963165,-0.4876107075330815,1.2422360248447228,-0.3443068559347617,11.497067876963165,0.1754509737937892,-0.5032873168051788,0.6060885775937441,1.850321752823847,-3.8956144731254065,-0.431594,식품,Protective
뉴트리바이오텍,2015,Dec_15,93.92,28.32,21000.0,2,2015-12-16,10314000,22561238211,42751363056,29712121460,16911594837,4117000000,10399287474,1361970566,8108840509,6379407315,38.1,56166884783,2.936324386437544,0.7593277457946956,0.1443704869929745,0.113579511123801,0.4017699736916481,618.5192277486912,2.3047542924610758,51.78,6,54.91,-0.5045987601063202,0.1112299678816535,0.070586010643936,0.0657524719993336,56166884782.0,0.1675101617840152,400.97399689742105,-1.274216253582158,93.33,0.0,-2.777777777777779,0.0,18.84582865363502,-0.2305354710258944,-3.1865042174320624,0.2996223070917514,18.84582865363502,-0.1361147410359642,1.759594433882827,0.2124048711981352,-3.017708353851911,-1.3551251352238445,-0.226824,식품,Protective
뉴파워프라즈마,2016,Nov_16,501.2,7.8,17500.0,521,2016-11-30,7903379,45124589155,42678869260,24738224389,3440041613,3076189500,51103124798,2745663315,4350929653,3968911168,-4.0,24433455687,0.4950070633943457,1.8240835900520376,0.1780726274963612,0.1624375699795787,0.0697217870682766,502.1790259583907,13.704012054501494,38.65,6,47.68,-0.0478175064354068,-0.4163470790175445,0.020330447956908,0.0017253560928813,24433455686.0,-0.0888546557903257,-525.249945244939,6.955495158598153,92.86,125.0,-4.000000000000004,0.0,49.627619151015104,0.4493677500261306,-6.712062256809325,-0.1473350003631579,49.627619151015104,-0.8479770075943138,3.2311957912697364,0.3548201278352536,-0.954758813542389,4.898405086927447,-1.489745,반도체,Growth
닷밀,2024,Nov_24,1082.35,0.14,13000.0,116,2024-11-13,9147948,9327001956,20359283663,9334398112,3464777631,3955974000,-4949802391,688210343,47982526,119876072,-33.8,10010175106,-41.87964626683304,0.9992076451088484,0.0047933752898328,0.011975422081093,-0.392241468671379,13.104148821134531,351.9429109672134,24.57,24,65.52,-22.58700030222896,-0.5288091644739739,-0.0383043732103447,0.076565331690586,10010175105.0,-1.262514964291474,145.70236603881003,351.1121501583742,70.0,100.0,-2.777777777777779,-7.692307692307687,22.43887499361952,0.0756238971514999,-1.080550098231825,-0.2528555235853047,22.43887499361952,-0.0716753479108822,2.3791329904482077,0.7845836519063676,-6.352115240814726,-0.26401037511315506,-0.39029,엔터,Growth
대림씨엔에스,2016,Mar_16,85.25,15.9,27700.0,26,2016-03-30,12731947,126699757689,211850620700,114903202482,24548992097,12922030000,164305711777,-8550622960,54190097149,36352275797,-16.1,295451548042,0.8267404349625719,1.102665155993785,0.1834144972606357,0.1230397201771721,0.2155139716160261,2855.201627606524,3.674069512415961,50.81,6,69.51,-0.0983395987231892,0.1522851087576829,0.0529035371305602,0.0481371516257394,295451548041.0,0.0800592141393473,1337.9299008234952,-1.466687924245664,93.33,100.0,0.0,0.0,37.38378770476941,-0.0633646636392426,2.339776195320442,-0.2582601421999175,37.38378770476941,1.1159771625242954,-2.393724072781034,0.3557529778833279,1.666048859256719,-0.09481617106144036,-0.479311,부품제조,Sensitive
대명에너지,2022,May_22,254.74,0.34,15000.0,151,2022-05-16,17000000,82546653186,71671824256,48126804154,47416135170,1500000000,50077191440,6952014307,36767076230,19587673856,-7.0,95870723865,1.6323976740261368,1.7151908304956345,0.3835068178036646,0.2043134031571755,0.3346649524114548,1152.2161091764706,1.5958717454428386,75.59,2,85.29,-1.062009885881377,0.4078847498709206,0.1356251628609553,0.0151420831431909,95870723864.0,-0.4686689784089131,-697.7178674705883,0.6515763504149312,94.74,0.0,3.6144578313253017,16.666666666666675,-46.3721264367816,0.7124239791485687,-1.1494252873563204,0.62716465412338,-46.3721264367816,-0.353127548637222,3.0462372397228155,0.7484111434910456,-2.2787744671882937,-0.29117745822129226,-0.041681,건설,Sensitive
대모엔지니어링,2019,Jul_19,1.0,15.6,5200.0,1268,2019-07-24,8324420,37081103396,30932031156,22723834278,11173114946,3279960000,29781454108,148839630,1624485712,1574762505,117.3,14493937691,1.020677212869779,1.6318154296654035,0.1120803570867234,0.1086497360877884,0.0474179606522583,189.1738409402697,21.001222156640303,53.11,1,68.02,0.2445560222861779,-0.0873857327136742,0.035194575100137,0.0475202288623411,14493937690.0,-0.0478636245659226,-185.530726705284,12.425889612551632,93.33,100.0,2.7397260273972712,-14.28571428571429,38.93542711588458,0.0,-1.724137931034475,-0.3055552763566616,38.93542711588458,0.0100704108308979,-0.0263690648338754,0.425691124417149,-1.2533610277275842,0.6981947740327783,0.869052,기계제조,Sensitive
대보마그네틱,2018,Nov_18,995.4,42.25,31000.0,837,2018-11-06,3232600,11627752572,3460149986,4824351277,375697025,1304000000,7271557134,1311097122,3061834502,2549996735,88.7,10952817427,0.5259664358996069,2.410220961196396,0.2795476618145951,0.2328165106371584,0.2579231223194096,788.8376956629338,3.2293888678637668,14.06,6,74.63,-0.1456662731447688,0.0802320183457516,-0.0727142242127941,-0.0528293766076729,10952817426.0,-0.3458720956661268,-374.4423129988245,1.6726584906003554,94.74,283.33,-5.1948051948051965,16.666666666666675,-27.580259368338844,-0.6917679612609917,-3.592814371257491,-0.710708609470112,-27.580259368338844,0.0594128434202811,-0.1972037742856924,0.4908160443665155,-3.593524366669598,-2.0349492911830973,0.629978,전자/회로,Growth
대성하이텍,2022,Aug_22,1934.89,4.47,9000.0,1136,2022-08-22,13278546,87308076029,55457028314,89150126187,22633300695,900000000,21981182928,351950415,11691678673,7457425500,62.2,102716207251,4.811379732199559,0.9793376606765968,0.1138250621387324,0.0726022280181825,0.3209823397431184,561.614615033905,2.649891288284125,48.97,2,65.85,-2.108613244122088,0.024266429578771,0.2143524566256329,0.1813756190356208,102716207250.0,0.8333938872879314,1156.7654073721624,5.8224441741156525,94.44,100.0,-3.658536585365857,11.111111111111116,-7119.327731092437,-0.3849443969204502,3.2596041909196627,-0.0919709371838606,-7119.327731092437,-0.4954845889972858,0.8444240477283094,0.5882007477808093,0.4179834845549957,0.38871731521517017,0.700368,기계제조,Sensitive
대원,2017,Dec_17,247.25,0.2,15000.0,455,2017-12-01,11050000,253339931940,123814541314,99614249394,32013703566,5025000000,222901429863,17035363901,11587688525,18257210543,-11.3,132228366820,0.537340745825908,2.543209766486071,0.0876339079402992,0.1380733270936727,0.0745308493315054,1652.2362482352942,21.188567483867537,41.28,6,83.71,-0.2619866968037102,0.6485366900081233,0.0222809916370581,-0.0042207617588537,132228366819.0,-0.0846649326485772,-1792.0546618099547,7.506450643929904,93.33,100.0,0.0,0.0,-17.745619548388092,0.0504846526655944,-1.4047410008779735,0.3605658109649079,-17.745619548388092,0.5204536218117006,-1.7429233330920169,0.288118948680971,-2.1712411326496373,-0.35158395898188255,-0.486525,건설,Sensitive
대유,2018,Aug_18,148.39,0.0,9000.0,11,2018-08-10,9052400,26317893519,13798746027,4838996474,4152702278,3000000000,21941507940,6183432854,3477572501,2778688460,37.8,9829900265,0.2888904692706546,5.438708967945407,0.3537749526698784,0.28267717729484,0.0892753010645293,306.9559961999028,8.95019177459271,60.32,6,61.34,0.0501990671700704,-2.855493575682897,0.1125559577318499,0.0911163047035938,9829900264.0,-0.0967255534866997,-296.02531394989177,4.680658883803708,94.12,9.09,-8.750000000000002,0.0,37.32887639595837,0.4464285714285809,-1.9588638589618013,0.8844710416878065,37.32887639595837,-0.3271201557418446,-0.1469540434627547,0.5023373592949243,0.5940131581846364,0.14957196600423606,0.329139,화학,Sensitive
대유에이피,2018,Dec_18,299.23,0.005,3000.0,11,2018-12-07,10884000,31693582433,42504682410,43195550382,3111680180,4000000000,11594248459,234678267,4423978424,3296229888,64.5,95125178211,2.92548139008929,0.7337233153118248,0.0465069133871901,0.0346514976370244,0.2082408962438202,302.8509636163176,6.304514083905035,73.5,1,76.85,-0.9155492855362484,0.0440558701625714,0.0074853641669298,0.0031774615051217,95125178210.0,-0.3242195667481637,-294.53185942668136,3.293357156171553,93.75,57.14,0.0,0.0,11.497067876963165,-0.4876107075330815,1.2422360248447228,-0.3443068559347617,11.497067876963165,0.1754509737937892,-0.5032873168051788,0.6060885775937441,-1.1806375442738992,-3.8956144731254065,-0.167122,자동차,Sensitive
대유위니아,2016,Jul_16,76.75,1.32,6800.0,409,2016-07-14,24111530,112040885599,97965245876,118604272282,39999886478,8732235500,11731178383,412379783,16385056443,11824282580,12.8,434503643857,7.597515155474808,0.9446614649142272,0.0377098251640727,0.0272133105145868,0.5664111635313765,490.3995134278082,3.137125153875187,47.15,6,66.78,-10.236616204359892,0.0212049553959668,0.0890637913523376,0.0742348724317398,434503643856.0,2.236261987556043,1236.3608083767392,5.153642001394887,94.12,0.0,-2.7027027027026973,0.0,-33.72115656851642,-0.1155340825543582,2.316213494461228,-0.1882628567842714,-33.72115656851642,0.4039256562566651,-2.2563007261854007,0.6989453702012982,4.338679852901461,-4.662418327014596,0.265232,가구/가전,Protective
대창스틸,2014,Dec_14,219.91,18.9,2500.0,812,2014-12-05,14566000,98377621893,119775570422,121121990881,12780658115,6000000000,78163585799,86957520,4428411798,2090333182,65.8,141893456278,1.589338700036639,0.8122193267914007,0.0312094152483239,0.0147317095293287,0.0248109163413382,143.50770163394205,19.0250020011802,76.75,6,82.76,-0.1079563355452266,-0.0095673331580726,0.004065988784989,0.0018398364418619,141893456277.0,-0.0268454667585268,-152.36033221200054,9.830518092569145,94.12,100.0,1.4084507042253502,0.0,-8.809233816348138,-0.9788254095085992,-1.6441005802707909,-0.0095729404882227,-8.809233816348138,0.1369764005791252,0.8428454022463727,0.310137450143344,2.211840731003312,-0.6424815515465698,-0.508121,금속,Sensitive
더네이쳐홀딩스,2020,Jul_20,97.21,8.46,46000.0,151,2020-07-27,7182381,100086463694,32344825614,42387579087,7063677760,3091190500,34533924324,323155918,8127498927,7324135272,-6.5,49935483053,1.3031228005936208,2.3612215146463957,0.1627599940982591,0.1466719619839541,0.1930031363430183,1019.7363899241768,10.209786947536314,35.88,2,46.7,-0.6073433728984514,0.1716524305602464,-0.0064296663619733,0.0780831545965013,49935483052.0,-0.3377797320420878,-1227.7073001279105,8.315073024978858,94.74,20.0,3.773584905660377,0.0,16.976630699994576,0.2211722127274606,2.9020556227327576,-0.0802326747567971,16.976630699994576,1.4051186583137645,-0.9181742299650296,0.4963052463004436,2.480858712578038,0.5246788370520838,-0.227423,옷,Protective
더본코리아,2024,Nov_24,734.67,10.2,34000.0,773,2024-11-06,14466030,139505,87644,74522,5284,5872,128944,11901,15781,13010,51.2,221266,0.5439451460975893,1.8719975309304635,0.0713213959668453,0.0587980078276825,0.0886741141108392,0.000899348335376,9.336734047272037,42.55,18,84.22,-0.0457868505971925,-0.0413622789591814,0.0089970287318225,0.0078675498797063,221265.0,-0.074365127559855,-0.0005464526203802,4.150792029611647,68.42,220.0,-2.777777777777779,-7.692307692307687,22.43887499361952,0.0756238971514999,-1.080550098231825,-0.2528555235853047,22.43887499361952,-0.0716753479108822,2.3791329904482077,0.7845836519063676,-1.7548767868777015,-0.26401037511315506,-0.213208,식품,Protective
더블유씨피,2022,Sep_22,33.28,5.8,60000.0,7,2022-09-30,34009698,214414990470,415602343301,128305387781,95954344694,12350084000,-58140615766,0,40855746362,-9963986760,-30.5,185498673958,-4.897513171959175,1.671130060695327,0.2202481855544176,-0.0537145983170532,0.2175992803690997,-292.9748673451908,9.931469558793712,19.99,2,60.37,3.186344833616737,0.703222721800686,0.1330031198293396,0.2249738315872689,185498673957.0,-0.4828970542054929,623.773386638129,-6.805114199479499,93.75,-100.0,3.797468354430378,0.0,-98.19466060098168,0.0686990124517006,3.1567080045095786,0.1749056430083717,-98.19466060098168,-4.50596804687703,5.548223658262774,0.1597628193284128,-9.595768953310868,-2.8944144615870258,-0.477091,배터리,Growth
덕산테코피아,2019,Aug_19,348.6,7.17,19000.0,1,2019-08-02,18393808,29710037170,58826960662,15510369875,7899381876,7560000000,52444209560,-674052589,4617793738,3776177705,-17.9,14744394080,0.3945675006800076,1.915495079062388,0.3131897935544055,0.2561093853373186,0.0636468517493685,205.29613579743796,14.103541599328144,58.06,1,75.5,-0.0374122104059146,0.0763578699541971,-0.0331885671401617,-0.0087063326642329,14744394079.0,-0.2744652323384731,-815.8883687380014,11.606422414367326,93.75,100.0,-5.333333333333334,0.0,4.980343237317597,0.2289468445152431,-3.715170278637781,0.2399508000040295,4.980343237317597,-0.4041179290761199,2.864776101624256,0.8298560271109645,-4.050459068034263,-0.9588274975351858,0.076076,화학,Sensitive
덕신하우징,2014,Aug_14,650.0,80.1,13000.0,899,2014-08-01,8012000,43492241733,33124486182,31124196411,4625179409,2976000000,45809335304,-9201983209,4060617025,3309726640,61.2,23128811215,0.903141697908796,1.3973771775077493,0.1755653149335457,0.143099729996218,0.0836141070634104,413.0961857214179,10.064320728448898,35.57,1,73.25,-0.1164910470302602,-0.0729267586443231,0.0465369444672766,0.0308972592358675,23128811214.0,-0.2355293400535541,-1049.4223328756864,7.24425339923323,94.12,242.86,-2.73972602739726,-9.999999999999998,27.073374442450195,-0.1082570613128663,1.799242424242431,0.1748140614074245,27.073374442450195,-0.1337588912377341,0.5323894777092386,0.9433708039911836,3.973157863060961,1.685350138565378,-0.199787,금속,Sensitive
덕우전자,2017,Aug_17,282.69,11.35,15500.0,586,2017-08-28,8119624,22233564653,39259610618,20316624792,1513486793,600000000,39153241975,165502242,13826468469,10695576476,2.3,77312103555,0.5468636855490889,1.094353263921812,0.178839636140075,0.1383428465167959,0.2679336909462479,1317.2502170051223,2.8686329972782003,51.73,6,71.18,-0.0172891124468455,-0.3784241223811746,-0.0017076900149969,0.0172479992856926,77312103554.0,-0.1030715713228313,4.345215369578682,1.0765606257215676,94.74,100.0,0.0,0.0,15.449291479216164,0.4595588235294157,-1.2422360248447228,0.5733392137355464,15.449291479216164,0.2823370160882188,-0.3182299012694067,0.6352712181861842,-1.1860343929129713,-0.7446765072170791,-0.392373,전자/회로,Growth
데브시스터즈,2014,Oct_14,651.0,73.84,53000.0,285,2014-10-06,10800000,50135248029,3871155833,7034423620,43562368,4050000000,40624253555,-209178012,26402144593,23878304614,15.1,43697861002,0.1591807930508343,7.127129490248129,0.6041976423466495,0.5464410400524438,0.5370125727304446,2210.9541309259257,1.7774471959540032,29.43,6,52.55,-0.4336094041181782,4.362337080197934,0.2111725229601296,0.1822397823451608,43697861001.0,-0.7502607769918007,143.68863861111095,0.9453130065209818,94.44,142.86,4.109589041095885,-11.111111111111116,-6.775444166310529,-0.701997231560203,-2.583025830258312,-0.3016192189649658,-6.775444166310529,-0.1875012321398972,2.6170105686965206,0.8575487625935629,-3.3121788763250115,-1.1654421813784275,-1.067951,게임,Growth
데이원컴퍼니,2025,Jan_25,114.98,0.0,13000.0,133,2025-01-24,13564594,41154688033,20537860628,25281789356,13642523112,6101797000,-76783252091,1613202853,-1231658174,-2670836789,-40.0,65742872868,-0.5635630149416841,1.627839210804633,-0.0187344744801911,-0.0406254955478225,0.0386695290883668,-196.897657902625,-18.48584020601807,17.33,30,67.62,1.4328041888160694,1.215310856525441,-0.0283594321441769,0.0271964191302525,65742872867.0,-0.0778659331409851,386.0410688296311,38.42071362735115,77.78,-191.49,-8.823529411764708,0.0,0.0,0.0,3.401360544217691,0.6961970237577164,0.0,-1.1041535842442496,1.4898007557061277,0.0,1.935193519351941,2.537993476282896,-1.33358,서비스,Protective
데이타솔루션,2017,Aug_17,395.83,23.09,3300.0,734,2017-08-03,15358580,23247351027,10353232963,14410828221,1949970000,6000290000,5245713909,15510681,-734067067,-436782258,72.1,11794843035,1.4528062002892632,1.613186325621666,-0.0622362726508297,-0.0370316295608083,-0.0387853920100457,-28.43897404577767,-23.485300654415543,69.15,6,75.29,-0.4132987477080991,0.1315772230423384,-0.1013030677054182,-0.0673258620418279,11794843034.0,-0.2989722408751132,-227.3022109465849,-27.98347441598889,93.75,100.0,0.0,0.0,15.449291479216164,0.4595588235294157,-1.2422360248447228,0.5733392137355464,15.449291479216164,0.2823370160882188,-0.3182299012694067,0.6352712181861842,-1.1504868240682975,-0.7446765072170791,-0.288235,IT,Growth
덱스터,2015,Dec_15,255.31,33.1,14000.0,501,2015-12-22,9630524,39921879550,8551306381,6399756587,24200000,4250865000,5348341606,1490604313,2919104989,2994413417,105.7,18755721792,0.5792665568349714,6.238030932472401,0.1556381045407223,0.1596533287392451,0.270014830628872,310.92943821125414,14.404836243455854,38.23,1,62.46,-3.4210269304039587,3.500421892759543,-2.549460549965751,-1.5223429624918516,18755721791.0,-0.5814569731594774,-15.068295660755323,13.674586094125267,92.86,100.0,-2.777777777777779,0.0,18.84582865363502,-0.2305354710258944,-3.1865042174320624,0.2996223070917514,18.84582865363502,-0.1361147410359642,1.759594433882827,0.2124048711981352,-0.8326324223979609,-1.3551251352238445,0.619859,엔터,Growth
덴티움,2017,Mar_17,22.96,0.4,32000.0,364,2017-03-15,11068830,87526272910,85901991468,86962976790,23028473857,6184415000,92713110213,-35460711482,24916442792,17280068576,7.8,87579585703,1.733874136765635,1.0064774245407937,0.284500578439554,0.1973070372198401,0.2723981164828847,1561.146803772395,2.5459819549910976,19.12,6,49.49,0.0549723244765698,-0.0166219490374095,0.1088087429633949,0.0454891829054708,87579585702.0,0.0104429428264799,251.43450048469435,-0.766912358519646,93.75,-260.0,5.333333333333323,0.0,-27.27272727272728,-0.0405063291139318,2.754237288135597,-0.0686250409701827,-27.27272727272728,0.3727101175602598,-0.8865248226950451,0.2562240915152003,1.252723570096026,0.03881829124547975,-0.351783,의료/의약,Growth
동구바이오제약,2018,Feb_18,727.7,53.41,16000.0,836,2018-02-13,9604000,44131513914,31267506588,34579686250,4697414693,3811403000,20104850159,-880938966,11633745302,9471670285,160.0,75411721332,1.7050820585262767,1.276226556682538,0.1542697222197389,0.1255994441938407,0.4111804252219951,986.2213957725947,3.1049261111802187,40.85,2,49.11,-1.566474965399634,0.4965626185410084,0.0333408209323586,0.0006862925898941,75411721331.0,-0.4139971694019266,-150.05916149521033,1.0182703147915393,92.86,160.0,-1.2658227848101222,0.0,-28.50751462327461,0.4221105527638213,-1.6129032258064502,0.7634599310949453,-28.50751462327461,-0.2415416146075766,1.207462266804149,0.4463731638395973,-5.626871552403467,1.511022545879448,-0.096634,의료/의약,Growth
동양파일,2016,Apr_16,12.56,0.0,10000.0,2,2016-04-06,20000000,62648806685,100459297640,54515744857,33000000000,8000000000,36438179211,1893701271,34897506302,24764952434,-9.0,115637947234,1.888888254621998,1.1491873925474887,0.3017824783017196,0.2141593916734504,0.5345121367051185,1238.2476217,2.1661249607301527,40.0,6,60.0,-4.757447003420221,0.4490055378758678,0.0567459978080922,0.1218758913193068,115637947233.0,-0.1642204454376533,752.8454046500001,0.197561474693545,92.86,0.0,5.970149253731338,0.0,-35.47348134850446,0.2536193596111236,1.6898608349900537,0.1886930906879858,-35.47348134850446,0.7142604350067749,-3.4253204399895654,0.3382520007261469,-0.8385354051076765,-0.3705768064719117,-0.166288,부품제조,Sensitive
동양피스톤,2017,Dec_17,62.8,0.0,5700.0,20,2017-12-08,13168460,84734845109,149629762208,124930504065,43681847255,4934230000,56911722273,0,8710099281,5760314191,-15.0,127181325005,2.7263279992150893,0.6782558490672012,0.0684856780715059,0.0452921385334956,0.0931397121281738,437.43263760530846,7.548967454415862,51.4,6,56.41,-0.3231249498972102,0.0255503856561999,0.017242446174949,0.004197054598144,127181325004.0,-0.0971307386313917,-372.9460732690079,3.0405588897754168,93.75,0.0,0.0,0.0,-17.745619548388092,0.0504846526655944,-1.4047410008779735,0.3605658109649079,-17.745619548388092,0.5204536218117006,-1.7429233330920169,0.288118948680971,-2.518920586943707,-0.35158395898188255,-0.176484,자동차,Sensitive
동운아나텍,2015,Jun_15,101.68,7.08,10000.0,48,2015-06-30,5877000,25482864,9131114,10712207,2473290,2531000,17450785,53389,1776208,1733176,28.0,11688430,0.6581174188953887,2.3788621709793323,0.1519629240197357,0.1482813346189351,0.086506660735764,0.2949082865407521,12.064173227459849,20.7,2,35.0,-0.0187509268269463,0.0528799225674769,0.0288380419242674,0.0189912237165772,11688429.0,-0.2191478804971315,-0.6830357325165901,8.37411992883554,92.86,0.0,-2.531645569620256,-14.28571428571429,53.9124545958259,-0.0510725229826425,-7.055503292568199,0.0200231847402365,53.9124545958259,0.8731079387486851,1.917948811934722,0.332615607456832,1.1153793654817168,4.556465863453807,0.404944,전자/회로,Growth
동인기연,2023,Nov_23,26.37,0.0,30000.0,4,2023-11-21,6067280,99368244,103613083,117305322,21042303,425000,76376909,-12168207,15793193,13530284,-2.8,109175774,2.140487403924349,0.8470906716406268,0.1446584019637909,0.1239311937463342,0.2093379085728371,2.230041138698066,4.092503776785353,68.36,6,68.84,-0.7059244741845605,-0.0146798999117823,-0.02555523224516,0.0118002653374063,109175773.0,-0.3351585218877314,-2.4011613111641457,2.8826412190172137,70.0,-75.0,-5.47945205479452,0.0,-4.605983743586794,-0.3818089258442292,-1.0183299389002087,-0.52087931491126,-4.605983743586794,1.018780022625032,-2.983660203303496,0.8630997806762908,9.074714541441464,-2.4919351616730765,-0.435489,부품제조,Sensitive
동일제강,2015,Sep_15,309.7,3.1,3000.0,789,2015-09-24,15000000,63200996126,70696504225,15104055493,5362972717,5000000000,85272011047,23158461094,5316272913,4174389861,6.5,58803746928,0.1804367717394177,4.184372611401661,0.0904070436108315,0.0709885012278413,0.0368013090504552,278.2926574,21.336465226159845,6.67,6,68.0,-0.0652430477144615,1.1342419630761982,0.0156167137675526,0.0192912846528358,58803746927.0,-0.0204147217437822,-142.72309666666666,9.255434585225297,92.86,50.0,2.857142857142847,0.0,12.232456351305876,-0.4334812674166577,1.2720156555773077,-0.2594183567369956,12.232456351305876,0.0477297783555652,0.480027139343564,0.5344390568690738,3.237471103476053,0.8553633771020914,-0.148391,철강,Sensitive
두산로보틱스,2023,Oct_23,272.03,60.3,26000.0,524,2023-10-05,64819980,37108,28671,26203,7152,24310,-92134,-846,-9932,-9333,97.7,23652,-0.4857288481141692,1.4161737205663474,-0.4199222053103331,-0.3945966514459665,0.1359108781127129,-0.0001439833829013,-3.2645992750704798,34.09,1,81.62,-0.1453547503549839,-1.219165900794852,-0.1256658543738202,-0.1154668743404809,23651.0,-0.0792210504966789,4.959890453529916e-05,-0.031608649125514,83.33,100.0,0.0,0.0,78.17836324885089,-0.1440311785139369,-1.6032064128256418,0.3721754541426758,78.17836324885089,-0.3004442090932757,1.5961247715254867,0.3613650049832273,-5.994806170019718,3.259973037276831,-0.142287,로봇,Growth
두산밥캣,2016,Nov_16,9.81,0.0,30000.0,0,2016-11-18,100254913,1703060577,4700776304,860017644,2259667556,50110207,556034633,-562223346,234818539,124974790,19.7,2150141629,71.02866764960227,1.980262368896236,0.1092107309736664,0.0581239804459411,2.845412999840124,1.2465702304285078,13.9859131011798,59.33,1,76.04,63.5106657972033,0.0155232906417823,0.0137897371636263,0.0214642999818026,2150141628.0,2.5016341590894955,-0.2309901261397533,5.87989170378753,93.33,25.0,-4.000000000000004,0.0,49.627619151015104,0.4493677500261306,-6.712062256809325,-0.1473350003631579,49.627619151015104,-0.8479770075943138,3.2311957912697364,0.3548201278352536,-1.6736464179186283,4.898405086927447,-0.396911,건설,Sensitive
두올,2016,Jul_16,71.69,0.0,8500.0,2,2016-07-29,18235986,136038583421,82872838879,107060815445,18733281704,38289965000,35566931273,2137074864,6534071564,5588573104,-16.9,78266613103,1.655316800358039,1.2706664231498093,0.0834847875095996,0.0714043048808737,0.0735396903252372,306.4585103322628,14.251041519660957,31.69,6,67.11,-0.3199845385404798,0.075386221635854,0.0123489783613401,0.0144507958500447,78266613102.0,-0.2174218203525728,-837.508466994875,10.848460934997613,93.75,66.67,-2.7027027027026973,0.0,-33.72115656851642,-0.1155340825543582,2.316213494461228,-0.1882628567842714,-33.72115656851642,0.4039256562566651,-2.2563007261854007,0.6989453702012982,1.3904673780763763,-4.662418327014596,-0.977082,자동차,Sensitive
듀켐바이오,2024,Dec_24,47.73,0.38,8000.0,172,2024-12-20,28455220,12305695647,38323815318,16032541978,7704332982,13887610000,6279154881,-827347455,3810839528,3417789047,13.5,26244798355,1.2273831438214906,0.7675448886325068,0.1452036124055029,0.1302272930722999,0.176726577213495,120.11114470385398,7.056879673732617,47.28,24,61.66,-0.6850188857684392,0.1131105691033438,-0.0062867610333846,0.0149239276593404,26244798354.0,-0.101654030973108,-20.47840983130688,2.9103317955743684,77.78,-238.89,-2.857142857142858,0.0,0.1427856755742862,0.3442485306465181,-12.413108242303872,0.445804195804178,0.1427856755742862,0.0510549441672836,2.9453558971709093,0.0,-2.050536162445815,1.5594889064884168,-0.178494,의료/의약,Growth
드림씨아이에스,2020,May_20,926.0,6.82,14900.0,669,2020-05-22,5419150,22882521868,2138027307,13603801147,667970836,2011860000,8249588677,120800905,4335671709,4150870541,104.7,22108907456,1.374631949490347,1.6820682411287822,0.1961051995730059,0.1877465247552755,0.3998045421867416,765.9633966581475,2.4791492330214155,65.16,2,73.77,-1.0202686325813588,0.111975200047184,0.0100008632064628,0.0097531046660914,22108907455.0,-0.3394855818879096,135.35002297408266,0.6585546888180822,93.33,100.0,-5.660377358490565,-33.333333333333336,580.273270708796,0.0303244718487638,9.650349650349654,-0.0603015075376855,580.273270708796,0.8238654832462666,0.2807636117300394,1.1320162046400517,1.1588859906755289,6.94398271276595,-0.390416,바이오,Growth
드림텍,2019,Mar_19,395.96,0.5,13000.0,562,2019-03-14,27585500,132485274611,153618000902,118869788564,32125659242,2515280000,133752928493,-1653868082,33237164279,28062281992,18.5,466151357346,1.1216891702992842,1.1145411816701378,0.0713012281423644,0.0601999362433923,0.2084642832726526,1017.2837901071216,4.064962539309174,39.48,6,84.96,-0.446180257645381,-0.0002862382897761,0.0115707342289664,0.0235046475824212,466151357345.0,-0.0201749592472776,113.4816027623208,1.3658286854227577,94.12,100.0,11.764705882352944,0.0,34.09368519728431,0.3500350035003485,0.1988071570576677,-0.1913181822758902,34.09368519728431,0.1430613425188021,0.7367811483807829,0.7422605359341361,-3.274613444850272,-1.0391427365524897,-0.178494,전자/회로,Growth
디바이스이엔지,2017,Dec_17,11.4,0.0,12000.0,2,2017-12-20,6782000,53379589779,17317601487,35212250175,1072333569,2720000000,28533778568,3158828954,11333906697,8452062736,0.8,98337397603,1.054397976695118,1.515938047517862,0.1152553044240234,0.0859496279342473,0.2456094828209862,1246.2492975523444,3.0362529392542785,41.32,6,47.24,-1.2702269027459312,0.3217675083668714,0.0286636515975112,0.0217978098261356,98337397602.0,0.0623601690370336,576.7586343261574,-1.1893708896136537,93.75,-175.0,0.0,0.0,-17.745619548388092,0.0504846526655944,-1.4047410008779735,0.3605658109649079,-17.745619548388092,0.5204536218117006,-1.7429233330920169,0.288118948680971,-0.1615267508490281,-0.35158395898188255,-0.223257,반도체,Growth
디아이티,2018,Aug_18,105.14,2.0,10000.0,11,2018-08-07,18900000,172949953349,38495118287,82655259031,681901355,1514250000,126577581337,-8678227,7567894510,7098591967,6.5,43278518433,0.6506488820932494,2.0924252779140744,0.1748649164530886,0.1640211408343244,0.0554217459098903,375.5868765608466,16.927814081013135,28.73,6,74.77,-0.0902783682077538,0.1541051303145908,0.0429871304616183,0.0349532127676305,43278518432.0,-0.0351897034295825,-211.6657550793651,6.124639718978587,95.0,60.0,-8.750000000000002,0.0,37.32887639595837,0.4464285714285809,-1.9588638589618013,0.8844710416878065,37.32887639595837,-0.3271201557418446,-0.1469540434627547,0.5023373592949243,0.4388435489998121,0.14957196600423606,0.289021,기계제조,Sensitive
디알젬,2018,Nov_18,785.43,1.09,6500.0,832,2018-11-22,11325610,23523514,13580785,15186959,5555349,4890305,6612405,8940,2064475,2406257,4.0,27959166,1.801853600482989,1.548928524795517,0.0738389335361433,0.0860632609713751,0.2090279846937667,0.212461580435844,7.925497281391153,42.98,6,71.35,0.0659909659631694,0.1002677484949909,-0.0106718825832878,0.0051207532888031,27959165.0,-0.1604941535176831,-0.1400474676419195,4.169960720682466,94.12,75.0,-5.1948051948051965,16.666666666666675,-27.580259368338844,-0.6917679612609917,-3.592814371257491,-0.710708609470112,-27.580259368338844,0.0594128434202811,-0.1972037742856924,0.4908160443665155,-1.2428435114503866,-2.0349492911830973,0.086724,의료/의약,Growth
디앤디파마텍,2024,May_24,848.5,10.87,33000.0,1544,2024-05-02,10429232,22593814919,58667060228,7676482933,17937153954,4649464500,-290188007888,17916749900,-9506668082,3014576074,10.6,16871613646,-0.0957083373262293,2.9432508501872285,-0.5634711819194534,0.1786774008255404,-0.0112643145937782,289.05062942314447,-5.853495439202607,13.56,5,76.27,0.1780150738826018,2.335943887822149,111.87804546925464,224.60235591308097,16871613645.0,-0.5105427239454884,13427.649066872804,-5.58374781671087,70.0,275.0,2.8169014084507005,0.0,66.58588516332291,0.0755287009063465,-2.2840119165839057,0.0789404438207075,66.58588516332291,-0.1035814879391971,-0.1783847407938021,0.0224906223872167,-0.8611135738983977,-0.9178429813596956,-0.491047,바이오,Growth
디앤씨미디어,2017,Aug_17,539.1,33.5,20000.0,563,2017-08-01,4034223,11883822296,415570868,3148817224,157393664,107187500,7472296208,22378068,1348278210,1107574632,36.5,6385012960,0.4349212055444245,3.774059099214328,0.2111629558853706,0.1734647429752437,0.1456978125407051,274.54472199479306,6.670123576350018,52.65,6,76.05,-0.007455325444797,0.3666743353971351,0.0156526946784501,0.0140433374953251,6385012959.0,-0.3196143364304323,-472.06522941344593,4.8376411463839135,92.31,100.0,0.0,0.0,15.449291479216164,0.4595588235294157,-1.2422360248447228,0.5733392137355464,15.449291479216164,0.2823370160882188,-0.3182299012694067,0.6352712181861842,1.3040551558051172,-0.7446765072170791,-0.435984,출판,Protective
디어유,2021,Nov_21,2001.0,36.13,26000.0,1598,2021-11-10,21977166,5646685825,8010768755,15496662512,429125912,8349900000,-31940805263,181753956,-454001430,-2249956752,155.8,13047733322,-0.6803231870793085,0.3643807704160448,-0.0347954252892723,-0.1724404305693702,0.096114409381736,-102.37701949377822,4.996314315573851,4.33,6,76.42,-0.145008704860922,0.0913927885432258,4.794052078807399,13.51162843692114,13047733321.0,-0.96538824299861,945.766925771958,4.927450598302791,93.75,133.33,0.0,33.33333333333333,18.97965128375847,0.7148093841642167,0.8379888268156277,0.5031446540880502,18.97965128375847,-1.1295902700599547,0.0076089345800944,1.369195361030484,-2.565731063767518,-7.860156172563759,0.159932,소프트웨어,Growth
디에스단석,2023,Dec_23,342.0,7.7,100000.0,984,2023-12-22,5861404,316354,335905,338838,127099,4253,126138,47263,65371,34384,300.0,811123,2.6227216949801297,0.9336438061846664,0.0805932022640216,0.042390611534872,0.1935447555360419,0.0058661713132212,2.850224105490202,40.64,6,78.89,-0.4316093694783887,-0.0205243414485655,0.015334584615925,0.0184146739135898,811122.0,-0.0014159037525976,0.0012287158503321,0.9614223213447672,64.71,210.0,0.0,0.0,2.7012327773749067,0.1277574312239293,2.5720164609053464,0.0443734469293577,2.7012327773749067,0.7355928719441573,-0.4891673471256741,0.5999631351792711,3.362293484959955,-1.046649474170028,0.259175,화학,Sensitive
디에이테크놀로지,2014,Nov_14,55.28,1.69,6600.0,489,2014-11-19,5243700,19912784247,8163063103,10102340490,5308415635,941670000,10255276695,-3720387,3467955659,2286072432,1.2,22107182072,1.3767930443777106,1.9711060290148663,0.156870090801503,0.1034085857055223,0.2042371313770457,435.9655266319584,3.652033783111297,45.84,6,51.2,-0.0670584148097785,0.2038410633313396,0.0621450603440262,0.0313248767861497,22107182071.0,-0.0262206751360942,39.198211949577626,0.228084214069959,92.86,0.0,-6.578947368421051,0.0,43.83646871981271,-0.3086727073583595,-2.083333333333326,-0.2016878085027262,43.83646871981271,-0.1726619709831456,3.2840381785943284,1.2375331286426317,0.4053233142582879,1.7301550971637556,-0.525445,반도체,Growth
디자인,2018,Nov_18,771.73,3.86,10100.0,665,2018-11-15,2660910,15972855405,1144545980,4397252236,383260000,1126000000,7773401147,7141377,1310470467,1042847459,50.5,17125005407,0.5367416394317099,3.63246285355917,0.076523798729099,0.0608961827582096,0.1170877987939644,391.9138411295384,9.414091701923107,42.77,2,57.73,-0.3315424455816214,-0.8695839294232726,-0.0271601640113519,-0.0121271399279351,17125005406.0,-0.1712742864453634,-444.3317241094212,6.941557914791739,92.86,100.0,-5.1948051948051965,16.666666666666675,-27.580259368338844,-0.6917679612609917,-3.592814371257491,-0.710708609470112,-27.580259368338844,0.0594128434202811,-0.1972037742856924,0.4908160443665155,3.0047110475297734,-2.0349492911830973,-0.178494,에너지,Sensitive
디지캡,2018,Sep_18,979.06,4.07,12000.0,931,2018-09-07,3531115,13594118551,18827281455,5457129464,11039984027,1576790500,8008269890,1203308545,271908733,-589288559,-9.2,8712730578,1.529157335125933,2.491074958121976,0.0312082108548817,-0.0676353473488526,-0.0546225812771576,-166.88455601134487,58.56482187719951,22.31,1,48.09,0.3045212978474567,-1.1941472855344315,-0.1206382837676957,-0.1930111518081172,8712730577.0,-0.242212732072257,-746.0104921533284,52.089658014346256,93.75,175.0,5.47945205479452,0.0,-6.889569941250007,0.286419753086431,0.899100899100902,0.7631055076310567,-6.889569941250007,0.4658574832279161,-0.0490567720644152,0.1239015796639098,1.499190348239221,-2.5487929760844135,-0.336614,소프트웨어,Growth
디케이앤디,2018,Nov_18,256.3,0.0,6000.0,975,2018-11-20,7601025,20767174803,30652400117,8457501380,3304836579,3193512500,18167976451,1924342298,2045350805,2132024795,3.8,25312913256,0.5051285407517985,2.4554740070287755,0.0808026632223054,0.0842267649494923,0.0915588871276201,280.49174881019337,19.38896587522061,45.79,2,68.15,-0.1508369232518926,0.2263869033584233,0.008799211206909,0.0542424879541978,25312913255.0,0.0152560736787493,74.93944790340777,9.56792353586351,83.33,25.0,-5.1948051948051965,16.666666666666675,-27.580259368338844,-0.6917679612609917,-3.592814371257491,-0.710708609470112,-27.580259368338844,0.0594128434202811,-0.1972037742856924,0.4908160443665155,2.605816651803972,-2.0349492911830973,-0.786255,부품제조,Sensitive
디케이티,2018,Dec_18,771.42,3.4,7400.0,780,2018-12-21,8077587,41297178608,22587975323,31064906800,11710582303,2400000000,19008770853,-299106025,8047733434,6541201117,42.6,190348374345,2.0263461997872323,1.32938363130708,0.0422789711847696,0.0343643655455879,0.3098675971550106,809.7964301715351,2.623057162755424,59.42,2,70.86,-3.0521321120679143,0.2728365108278372,-0.008216447243213,-0.0046796008915318,190348374344.0,-0.4499214639963488,-538.0224611632161,1.605382601013931,93.33,100.0,0.0,0.0,11.497067876963165,-0.4876107075330815,1.2422360248447228,-0.3443068559347617,11.497067876963165,0.1754509737937892,-0.5032873168051788,0.6060885775937441,-3.304048444367313,-3.8956144731254065,0.480422,전자/회로,Growth
디티앤씨,2014,Dec_14,559.02,74.32,18500.0,621,2014-12-17,9864110,10603023100,32455585920,9469644818,10148088813,3623160000,14500761122,5316954267,8104723132,6638491880,40.8,21337812167,0.8369027736995663,1.1196854057129644,0.3798291534562462,0.3111139899462964,0.2832015344919762,672.9945104018508,2.892248755105284,45.3,2,81.38,-1.0075753546457746,-0.2323954336998475,0.1160022455073074,0.0985196632749222,21337812166.0,-0.1010559046175489,236.85559690636055,0.7951914465780225,93.33,100.0,1.4084507042253502,0.0,-8.809233816348138,-0.9788254095085992,-1.6441005802707909,-0.0095729404882227,-8.809233816348138,0.1369764005791252,0.8428454022463727,0.310137450143344,-4.133515632488926,-0.6424815515465698,-1.238611,IT,Growth
디티앤씨알오,2022,Nov_22,74.53,0.0,17000.0,5,2022-11-11,6315256,20071117255,19815213544,16890526268,1533278474,2436628000,1875245606,0,3600186721,3411670347,-18.5,22965462438,4.272807235435463,1.1883062100335973,0.1567652613449194,0.1485565708163076,0.7912268908468557,540.2267694294578,5.961503588635674,42.56,2,64.31,-12.259128721486018,-0.1090232816754477,0.0069251532749594,0.0164127480414937,22965462437.0,-4.016058238077567,-145.02395358161257,2.292186212274452,93.75,-166.67,-3.797468354430378,8.333333333333325,-7.987339415378891,-0.32442585161786,-2.7027027027026973,-0.082447783070727,-7.987339415378891,0.5070476095064613,-4.385067219940297,0.8038449693468674,11.04572123640526,-0.22102021803749317,-0.010024,바이오,Growth
딥노이드,2021,Aug_21,1179.0,7.29,42000.0,835,2021-08-17,4621921,8022438801,1225005744,618360427,12524575030,1990998500,-35829931447,2160202860,-2072814787,-2050964482,20.0,34177241,-0.4148820177104721,12.973726083865325,-60.648979448048486,-60.009656191967046,0.064742635717006,-443.747195592482,1.879324161729844,36.07,3,55.43,0.0372479480494694,4.328483958059547,-55.83259446000847,-46.93214803583352,34177240.0,-0.387693804601345,2498.7273209559403,1.4249261274232266,93.33,100.0,-6.666666666666665,50.0,-12.812523981275426,0.523168908819116,-0.6756756756756688,0.4791707412477919,-12.812523981275426,1.145164317938674,1.430094931729564,1.3184332465782544,-2.766873006592363,-3.029340100943523,-0.332616,소프트웨어,Growth
라닉스,2019,Sep_19,51.68,0.0,6000.0,770,2019-09-18,9435500,9199370588,2107141619,1611143800,1311870502,3970670000,4412709052,118853,303613009,272994941,34.8,4200487967,0.348662853515677,5.709838307418618,0.0722804139388694,0.0649912446231749,0.0325633696213108,28.93274770812357,27.612446293432704,32.85,1,61.85,-0.9597000633635966,2.738517522732971,-0.0088471672931195,-0.0023562738842727,4200487966.0,-0.1139966249215293,-41.09311991945313,21.94825867672689,95.0,-80.0,1.4084507042253502,0.0,-5.788308157643629,0.0595888370245267,5.037513397642024,0.3711340206185465,-5.788308157643629,0.4574579280694602,-0.9454250690664856,0.6719169290231974,7.592746544736584,2.670629244150673,-0.644337,반도체,Growth
라메디텍,2024,Jun_24,1115.44,8.17,16000.0,2140,2024-06-17,8650735,7579735572,2847940217,1932495983,1521996989,3656897500,0,-26635033187,-1713494359,-1627684107,53.4,979078233,-0.150338261513287,3.9222516572755017,-1.7501097473586669,-1.662465829735181,0.0708362127011405,-188.155585276858,-4.069568586773503,28.83,36,69.22,-0.0229389860052686,-3.430778426362364,-0.541959754116446,1.1833423385973787,979078232.0,-0.3172337580349778,771.843760674671,-1.6441116587495643,80.95,243.48,1.3698630136986356,0.0,2.8887618849690933,-0.0167714884696024,2.540650406504064,-0.2278702892199779,2.8887618849690933,-0.1505537080637276,1.079545038413943,0.5841862452514057,0.775250735404831,-0.43363450650095814,-0.610021,기계제조,Sensitive
라온테크,2021,Jun_21,1526.0,8.7,18000.0,779,2021-06-17,4886005,13834872036,10957169331,12133597211,8160478079,2185502500,-6037102069,89134656,1054035431,844745812,13.9,18399628060,-5.393824463287427,1.1402119087534626,0.0572856922739339,0.0459110265297395,-0.2245192530782811,172.89090207644077,4.267376546092596,39.76,1,45.18,-2.2172229972216235,-0.1970476060933548,0.1531872469518625,0.1592634175416463,18399628059.0,-0.5187784534841264,465.9555649247186,6.988903911430916,94.12,173.33,-1.1235955056179805,0.0,-28.10482557805406,0.5310573731626356,5.108798486281918,0.0,-28.10482557805406,-0.5154935302923769,-0.1762694964746125,0.8309602198768085,2.3906069187419554,-16.12875193353842,-0.599162,기계제조,Sensitive
라온피플,2019,Oct_19,330.36,0.5,14000.0,2,2019-10-18,10178456,31858476409,2807392082,3126633618,886630737,4047100000,19324819061,1521829679,4056476546,4524761655,11.1,15603637419,0.1612157492596271,10.189385870346642,0.2599699311815956,0.2899812097332098,0.1817629679747462,444.5430284318172,7.5564603390165885,46.09,6,57.06,-0.021637864702543,-5.381059359115199,0.0010347066298895,0.0027834953874181,15603637418.0,-0.1856477568516642,-169.5465671807197,2.9692317304719245,94.12,0.0,2.777777777777768,-16.666666666666664,11.318987922336031,-0.2382133995037172,1.73469387755103,0.2475098703328848,11.318987922336031,0.7447913034316134,-1.1206212684230166,0.9019404281386478,-0.6666602394770793,5.617332589163571,0.167365,반도체,Growth
라이프시맨틱스,2021,Mar_21,1402.0,3.69,12500.0,1774,2021-03-23,9776917,6370436270,3309072509,4374937785,1804005023,4373458500,-22066422774,21193530243,-2243590701,-7750471697,40.0,1931849944,1.765126800271422,1.4561204257216651,-1.1613690328113808,-4.011942915686416,-2.2140624589383364,-792.7316655137811,-1.5602515955516076,38.08,3,52.32,4.540325324871066,0.8450106478900091,1.9185357248419128,-0.6010307475903565,1931849943.0,-3.3375726479456937,-387.3491837968963,-2.545977646520829,93.33,100.0,4.000000000000004,0.0,-6.614363916147415,1.0603112840466888,3.285420944558504,0.2559558968300957,-6.614363916147415,-0.3195337040527879,1.7360486453423585,1.101103211316801,-2.538120460981064,-3.3002410426114395,-0.616845,소프트웨어,Growth
라파스,2019,Nov_19,202.0,0.0,20000.0,813,2019-11-11,8191416,14121014674,22284594463,4891354464,8722541055,3436508000,-3390267180,-64332897,482219719,825907099,-9.8,9199702711,-752.4783096490248,2.8869334205749357,0.0524168806480468,0.089775411765477,-45.650209149563096,100.82592545659992,47.26416759825618,23.93,2,40.79,-737.1027535800408,0.0908325299340013,0.4317885620713742,0.5116543844703298,9199702710.0,-50.19533946008805,618.5031650205533,52.5532247143764,82.35,-80.0,-2.7027027027026973,0.0,-6.324354946696198,-0.1392896229230888,2.306920762286868,-0.5597704940974224,-6.324354946696198,0.2796487607823694,-1.4086291201135026,0.7449523785150847,1.6865658780387482,1.0217809530796753,-0.297427,바이오,Growth
래몽래인,2021,Dec_21,1545.0,17.64,15000.0,2055,2021-12-30,6248519,36549023969,8995728471,6505581478,13191571537,2494259500,-10273648741,462934924,2055057036,2045801235,60.0,21741780397,-2.6921719403390623,5.61810256202282,0.0945211016979807,0.0940953867458934,-0.2796164844829988,327.4057796735514,12.577558175859796,0.32,1,53.16,-2.28928618216058,-0.0190493301016667,-0.0121749443324595,0.0031062034166154,21741780396.0,0.0538305034170537,-177.1622774932748,6.164644134022903,93.33,233.33,-1.162790697674421,0.0,-3.819250139899266,-0.0181983621474146,-3.601108033240985,0.1636661211129375,-3.819250139899266,-0.170131933832851,0.066784455284008,0.8106912813637512,-1.0823093252010585,0.7003434207050301,-0.163181,엔터,Growth
랩지노믹스,2014,Dec_14,423.83,22.6,13200.0,306,2014-12-16,4113248,15690115753,10970354238,7096298048,3522820883,1851888000,7244164654,127541099,1571328898,1370776038,8.0,11326371298,1.1512995059594966,2.211028292057442,0.1387318900871158,0.1210251723111046,0.1486162633251438,333.2587867300975,10.208780020794856,20.85,1,23.2,-0.0535933713451033,0.3016140349450507,0.0466628892183707,0.0467709971837186,11326371297.0,-0.0110867202650025,26.948193738865257,1.7553698164137792,93.33,100.0,1.4084507042253502,0.0,-8.809233816348138,-0.9788254095085992,-1.6441005802707909,-0.0095729404882227,-8.809233816348138,0.1369764005791252,0.8428454022463727,0.310137450143344,-3.872599503241037,-0.6424815515465698,-0.259449,의료/의약,Growth
레몬,2020,Feb_20,426.0,6.3,7200.0,800,2020-02-28,34500000,27018784687,38220553013,44062697678,123799373,15200000000,-17611684351,2184920400,6641705735,7163376505,44.4,37498936328,-194.85679648878585,0.6131895256265748,0.1771171767888445,0.1910287919193909,-31.58957353411081,207.6341015942029,3.169794250000749,58.78,3,63.16,-196.9909006656449,-0.5258736210147595,0.1872805301441418,0.2666458488720663,37498936327.0,-31.0892846753305,276.5389898550725,84.64198988214558,93.75,100.0,2.7027027027026973,0.0,-3.2267089433927088,-0.3266679865373212,-7.1157495256167,0.0699370566490165,-3.2267089433927088,-0.1174531826341307,2.534613666815533,0.5245874298700715,-9.72526998232679,1.735154515483229,-0.376657,화학,Sensitive
레뷰코퍼레이션,2023,Oct_23,643.7,24.4,15000.0,657,2023-10-06,10969920,27113768673,14942043852,13524728359,483694709,4631360000,6531715887,16884313570,1878997667,1929682988,53.3,18040053709,0.4994555051006293,2.004755138387471,0.104156988516203,0.1069665877456507,0.0688008055422924,175.9067511887051,14.926782480672449,69.0,1,88.63,0.0313323587063195,0.0497048735254654,-0.0274875795960591,0.1302902103046894,18040053708.0,0.0967688807069246,240.73704594017093,8.592017860148957,84.0,205.88,0.0,0.0,78.17836324885089,-0.1440311785139369,-1.6032064128256418,0.3721754541426758,78.17836324885089,-0.3004442090932757,1.5961247715254867,0.3613650049832273,-5.040251046684907,3.259973037276831,-0.343809,서비스,Protective
레이,2019,Aug_19,1.0,10.27,20000.0,779,2019-08-08,6653267,35147754347,7158981758,10903339426,4122706236,2811633500,1839963937,10703355,1035027842,966709424,23.8,13460898045,3.222882077403298,3.223577013771304,0.0768914405665866,0.0718161166341409,0.2073460008540779,145.29845623210372,26.357445989361125,34.38,6,60.75,-0.8771051037893893,0.138961889340432,-0.0404644908158644,-0.0300860540395403,13460898044.0,-1.2282628390590435,-643.9965262178716,22.01265369214857,94.12,100.0,-5.333333333333334,0.0,4.980343237317597,0.2289468445152431,-3.715170278637781,0.2399508000040295,4.980343237317597,-0.4041179290761199,2.864776101624256,0.8298560271109645,-8.296090452453264,-0.9588274975351858,-0.178494,의료/의약,Growth
레이언스,2016,Apr_16,430.31,20.7,25000.0,328,2016-04-11,16591014,52129394735,41950689819,27120839554,6941044915,6295507000,38620417100,2483775827,19746131463,14481565495,-7.8,86609301204,0.7186097068432608,1.922115819136268,0.2279908876817959,0.1672056614437985,0.3055201935308235,872.8559625710641,3.039491568131266,32.5,6,65.16,0.2960058798107393,0.0975444310000122,0.086008593464693,0.125931153002409,86609301203.0,0.2651043024859335,678.9512430644685,-1.1270055837316586,94.44,100.0,5.970149253731338,0.0,-35.47348134850446,0.2536193596111236,1.6898608349900537,0.1886930906879858,-35.47348134850446,0.7142604350067749,-3.4253204399895654,0.3382520007261469,-1.3241119585739258,-0.3705768064719117,-0.54666,전자/회로,Growth
레이저쎌,2022,Jun_22,1442.95,12.11,16000.0,1845,2022-06-24,8425772,13410454427,2276465754,1460655986,540905159,3388886000,-27653294517,406217053,-566087802,-442247838,8.4,3347118735,-0.0838940850994589,9.181117631759736,-0.1691268959420407,-0.1321279204635087,0.0185365197805254,-52.487515446655806,-24.175329317553462,18.87,3,55.81,0.0809713522110781,5.047785501797336,-0.0868568138475184,0.6996913243444464,3347118734.0,-0.3239561973842725,903.3557649079514,-9.611182648098731,93.33,200.0,1.162790697674421,0.0,-1.1609734315695452,0.5607315389924095,-6.2984496124031,0.6604651162790631,-1.1609734315695452,-2.1068882588998195,0.5882445585409402,0.4158648699506662,-11.384868852152108,-4.700176575165571,-0.982162,전자/회로,Growth
레인보우로보틱스,2021,Feb_21,1.0,19.6,10000.0,1201,2021-02-03,15584500,6876454292,5340436290,3768252250,1228864183,6427500000,-5422904730,6215178879,-838185670,-778378673,160.0,3801754116,0.692143040747631,1.824839165690142,-0.2204734037039443,-0.2047419820561588,-0.1078120529722958,-49.94569431165581,-8.613573826667784,60.73,2,62.94,0.5439613826352724,-5.105047076226031,2.967109929876341,3.040392361540172,3801754115.0,0.5794973437523071,302.7897537938336,-7.132356267793694,93.75,150.0,7.14285714285714,0.0,-17.674423434368602,0.823852491173005,2.310924369747913,0.5344418052256383,-17.674423434368602,1.0909127442935818,1.2965949575850289,1.1016314675102334,-0.6428714288888915,4.534506510243075,-0.415223,로봇,Growth
로고스바이오,2016,Nov_16,190.16,0.53,25500.0,208,2016-11-03,3561724,7287360765,1325906260,471570139,599262224,1416192500,-4304036338,-9885320,-762259604,-718316314,-16.3,2198387857,-0.3695419083745852,15.453397410729606,-0.3467357234406339,-0.3267468530235791,0.2478893902202298,-201.67657965636863,-9.894837168886625,50.8,1,65.52,-0.0135469180515139,-6.410573481184082,-0.2594726355480409,-0.2629342851806445,2198387856.0,0.1310088294887132,-128.29740288691656,7.068659619807214,93.33,100.0,-4.000000000000004,0.0,49.627619151015104,0.4493677500261306,-6.712062256809325,-0.1473350003631579,49.627619151015104,-0.8479770075943138,3.2311957912697364,0.3548201278352536,-1.9212324364945244,4.898405086927447,-0.372395,부품제조,Sensitive
로보티즈,2018,Oct_18,958.6,37.1,14000.0,1043,2018-10-26,11251000,23607649585,24736544460,4948305491,5679242919,4750000000,13732067744,66867774,1098021456,1742824794,40.0,11563289912,0.5729465391524469,4.770855321672783,0.0949575306298002,0.1507204962656306,0.0939582108261011,154.90399022309128,34.3496435601528,46.94,1,79.31,-0.1979276122865632,-3.698760972647606,0.0157694757661231,0.0512889583303698,11563289911.0,-0.0436719611248794,-3.408844191627395,9.02082942912013,93.75,228.57,0.0,0.0,-26.972527211369368,-0.3446917470947497,-0.7920792079207928,-0.1796030771993972,-26.972527211369368,-0.0624841584887736,0.9111190433696236,0.9694242117605169,-10.60056802145074,-1.9250662711959965,-0.361095,로봇,Growth
로스웰인터내셔널,2016,Jun_16,386.96,26.6,3200.0,328,2016-06-30,91190476,94063023,11536315,40411023,0,25984204,39496077,-291964,22489729,17739946,6.7,95460854,0.6199120465098064,2.3276575552170504,0.2355911146573233,0.1858347716017709,0.2721338242249758,0.1945372672470752,2.898581614745113,35.09,6,67.1,-0.4384927659101078,0.4242758017986465,-0.0129377669897632,-0.0102957464616318,95460853.0,-0.1775549213492759,0.017769849123279,0.6174466320468337,94.12,100.0,0.0,-16.666666666666664,20.90585252618178,0.2421562434196555,-0.501002004008011,-0.0198682421834073,20.90585252618178,-0.2714486687872219,-0.0862135193041457,0.6542277316011758,-2.343343427684963,-1.1969993288680865,-0.686402,자동차,Sensitive
로지시스,2015,Jul_15,345.68,13.28,2500.0,397,2015-07-29,9340922,11024463731,4308062850,2903849655,1851310072,3580600000,6977415558,0,407766334,371804076,117.2,5919398041,0.4503838529956445,3.7964994888828016,0.0688864528412611,0.0628111293453732,0.0352153370069887,39.80378767749051,25.939774748545084,64.47,6,68.89,0.0016760778315954,0.2907002148182487,0.009110001706218,0.008314741656196,5919398040.0,-0.1164084460140913,-147.0424358537626,19.91695652553159,93.75,100.0,-12.987012987012992,0.0,-11.412999999999997,-0.3576903423607502,2.1255060728744946,0.1801725863721959,-11.412999999999997,-1.0478798599782737,2.78906671461967,0.8612846181647926,0.4837731345638918,-0.9549418113042663,-0.46686,기계제조,Sensitive
롯데렌탈,2021,Aug_21,217.63,4.07,59000.0,65,2021-08-19,36634063,859097922059,4529678875540,2081916404847,2584104669434,58846000000,291250004983,-1300884247,49175184951,18589479980,-5.9,588853171133,13.377541131983524,0.4126476548524699,0.0835100961694458,0.0315689562208391,0.0532962730120018,507.4370260268428,14.697570004834368,37.8,6,68.51,-0.5902016882771743,0.0143146527592843,0.022584596893474,0.0176192235557181,588853171132.0,0.0305625401462497,301.1559307795043,-6.7044486972692106,93.75,100.0,-6.666666666666665,50.0,-12.812523981275426,0.523168908819116,-0.6756756756756688,0.4791707412477919,-12.812523981275426,1.145164317938674,1.430094931729564,1.3184332465782544,-4.466100257505445,-3.029340100943523,-0.311868,자동차판매,Sensitive
롯데정보통신,2018,Jul_18,79.33,25.9,29800.0,34,2018-07-27,14286000,264690813781,294014683930,295967564838,40304465294,50000000000,9196834195,20308787241,5737241108,4542054543,-2.7,183860574277,4.229537786868195,0.8943237206613517,0.031204303209433,0.0247037983040183,0.0571287219817058,317.9374592608148,38.7701097778232,70.0,6,76.0,-0.6599153240936442,0.0392323923481848,-0.0040807369853489,0.0082815069173942,183860574276.0,0.0243306635003713,146.52445289094217,-2.584802646842739,93.75,27.27,-2.4390243902439046,0.0,1.2040226350104488,0.4684541014651655,-4.490177736202073,-0.191336215187432,1.2040226350104488,0.53683627051333,2.74524158125915,0.5364811044934692,0.4020474232216076,-0.44240756127962344,-0.428599,IT,Growth
루닛,2022,Jul_22,7.1,1.65,30000.0,8,2022-07-21,10507767,74856956727,4302897983,93097323093,4610177245,4635370000,-240932348666,0,-13424330409,-21760186203,33.3,2976258789,-0.4134944970079671,0.8040720639434638,-4.510471488102844,-7.311254748217394,0.0920882963711419,-2070.866836217438,1.3816440047963363,13.86,2,61.72,0.0143954941065657,-0.2186757344749781,2.373107631299217,3.7861662786193087,2976258788.0,-0.2512799209079051,4940.6862792066095,1.426230678997784,92.86,-280.0,-5.747126436781613,28.57142857142858,-98.07996385814322,0.283091704555205,-11.16856256463288,0.4805470843729953,-98.07996385814322,0.0746149115019356,2.3525267154656198,0.1496880537428024,4.49983083342731,-2.466917609281727,-0.192395,IT,Growth
루미르,2024,Oct_24,13.1,0.24,12000.0,130,2024-10-21,17154696,16575008,29768191,13081435,1420181,7341348,0,-38949032,-224979,-472312,24.3,8155222,-0.4588003347540427,1.267063437612158,-0.0275871092166467,-0.0579152842191175,0.0149429486829848,-0.0275325193754526,-141.5313562599176,47.94,36,71.45,0.0052695939258368,-1.0786991225371576,0.2217233288802877,0.4302809366320074,8155221.0,-0.1742511438621978,0.3175701277364519,-130.89455402604722,68.0,-112.5,0.0,-7.14285714285714,-5.249921408362157,-0.1258811681772331,1.8000000000000016,0.0348887919755735,-5.249921408362157,-1.0191509687987763,1.9613131358535263,0.9842997943111164,-2.4947877090998998,0.46017924977079816,0.050323,항공제조,Sensitive
리드,2015,Nov_15,42.89,0.95,5100.0,46,2015-11-20,4621148,20229853887,1929553496,13840258719,5170010649,1407875000,1043743808,363866964,852223301,1141978573,-22.6,21456642734,6.752038869120593,1.461667321234994,0.039718389850877,0.0532226120906804,0.4056062312077633,247.1201037058324,3.6952029019915287,21.56,1,23.76,14.253322373363613,0.221910141933004,-0.001278230607971,0.0054378905009833,21456642733.0,0.937278987199278,-171.4966560257321,2.4990906562978443,93.75,100.0,0.0,0.0,7.596947642841623,-0.3966183070660656,0.5655042412818112,-0.1895415201229822,7.596947642841623,-0.3076910372981856,0.3300876169241684,0.2786602411644745,-2.2297124663430368,0.26733969626535625,-0.178494,반도체,Growth
리메드,2019,Dec_19,24.76,0.0,13000.0,92,2019-12-06,5822956,11100322964,14188133652,2625702592,7994477298,2602478000,-2746735171,998587732,2115785019,2597999611,3.5,11163399101,12.430996121184055,4.227562937942973,0.1895287447718742,0.2327247810003742,3.0409770287967026,446.16507680978526,6.932782203426689,27.86,2,39.67,17.008339889486777,-0.7417688676882914,0.2940002582120237,1.154867728753694,11163399100.0,-0.1561427691972285,1713.6960200283154,20.02163488363339,94.12,-75.0,1.388888888888884,0.0,-23.541701028093897,0.2789678190694422,-0.3921568627451077,0.2392416642373884,-23.541701028093897,0.332762996335223,0.7186603280654236,0.5705517908742186,-3.648834400122192,1.2936039831482278,-1.04847,의료/의약,Growth
리파인,2021,Oct_21,64.19,3.2,21000.0,11,2021-10-29,17377619,47670964784,9300364726,8818614060,2040042106,1300000000,44812673344,0,12864818837,10076011037,-31.9,29412788992,0.2354809508656015,5.405720724328875,0.4373886080813046,0.3425724449232128,0.2185084989940417,579.8269047675634,3.584401298475899,0.86,1,53.6,-0.1360047988399031,1.968357509988587,0.063836014791624,0.0459302459056913,29412788991.0,-0.2273480943308901,-344.76371325668947,1.8033108165393557,93.33,0.0,-1.1494252873563204,0.0,-33.64443401306071,1.0370370370370363,3.0710172744721653,0.1744693224774662,-33.64443401306071,1.1284043169486058,1.1354891666809142,1.087504440920739,0.4864188343537412,-5.184352496385024,-1.201177,금융,Infra
린드먼아시아,2018,Mar_18,640.8,27.4,6500.0,1039,2018-03-14,13500000,16870877277,646419614,595138367,978598749,5000000000,10642076378,301483397,2389261589,1877636903,160.0,5057277096,0.098706759231252,28.34782331719508,0.4724403159339956,0.3712742781061171,0.1177677337744983,139.08421503703704,6.673007195362399,74.07,1,74.83,-0.0244082716734071,3.610156212352376,-0.0899923401854015,-0.0709735377670752,5057277095.0,-0.0771645785444752,-68.44792851851852,2.639235322265653,93.75,300.0,5.128205128205132,0.0,46.42252868235022,-0.0400320256205066,-0.091074681238612,-0.1052045925850952,46.42252868235022,0.4951696050179421,-0.7123140480557066,0.241242363167049,2.32255674685653,-1.9747625366837274,-0.546107,투자,Sensitive
링크제니시스,2018,Feb_18,754.6,35.9,30000.0,1154,2018-02-05,2136300,10890798166,2952773979,1132235374,653727786,212730000,7972001304,-2831220000,2112492249,1605145760,35.0,8168614077,0.3336059379692682,9.618846413113392,0.2586108523535283,0.1965016029487225,0.2998304605802696,751.3672049805739,5.707764840655754,44.2,1,44.62,-0.3598838953513227,4.665595546157694,0.093034232079843,0.0168985322788572,8168614076.0,-0.1899465174733243,-105.7059490708234,0.0796754782754467,94.44,266.67,-1.2658227848101222,0.0,-28.50751462327461,0.4221105527638213,-1.6129032258064502,0.7634599310949453,-28.50751462327461,-0.2415416146075766,1.207462266804149,0.4463731638395973,-1.1892582106006078,1.511022545879448,-0.481183,IT,Growth
마녀공장,2023,Jun_23,1800.47,37.14,16000.0,1265,2023-06-08,16378260,58349783101,4438641337,10263915580,373970269,1431826000,50000308022,298117967,24494754918,17297237363,160.0,101835609615,0.205641485204094,5.684943786433598,0.2405323148808647,0.1698545079505488,0.3343737309974463,1056.1095844735644,2.129049209252431,70.54,6,82.87,-0.054916766138211,0.9090175402422992,-0.0422445506030065,-0.0563815754573407,101835609614.0,-0.098165798822398,191.12161975692172,0.2793879785333741,94.12,200.0,2.7027027027026973,0.0,-29.22743682310469,-0.2231185102548716,2.752293577981657,0.0269954107801728,-29.22743682310469,0.11177282158632,-2.3716129226553084,0.3787653680872749,4.657548523646504,-0.40310151421261153,-0.126491,화학,Sensitive
마니커에프앤지,2019,Aug_19,1.0,5.32,4000.0,1216,2019-08-20,10378000,28629158,27609373,24468962,7525155,3850000,11116340,1057858,1015645,689868,73.8,22811185,1.9966126853899333,1.170019308542798,0.0445239911911634,0.0302425323366585,0.0430516397762933,0.0664740797841588,23.87095294123439,74.2,6,74.95,0.0839024463380804,-0.0568587917796008,-0.0180069542270256,-0.0107666514311241,22811184.0,-0.2228283823700932,-0.3263850452881094,20.087629173434937,94.74,100.0,-5.333333333333334,0.0,4.980343237317597,0.2289468445152431,-3.715170278637781,0.2399508000040295,4.980343237317597,-0.4041179290761199,2.864776101624256,0.8298560271109645,-3.8470971412875032,-0.9588274975351858,-0.402472,식품,Protective
마이크로디지탈,2019,Jun_19,621.48,3.43,23000.0,1116,2019-06-05,3630800,9712046534,1992213051,1901035058,928282318,1454900000,-3455741115,0,-1226973650,-1656521744,70.0,4723394345,-1.4140639927823555,5.108820320345718,-0.2597652366880665,-0.3507057897364697,0.8279126871100907,-456.2415291395836,-7.233197069065012,26.36,1,63.3,5.408530667080743,4.002905583670691,-0.3679633777849821,-0.3441674522285674,4723394344.0,0.7877224373906645,-448.04058003745735,-8.095939230272608,93.75,100.0,-5.1948051948051965,0.0,-24.008221583652624,-0.2779432201707399,-0.3033367037411638,-0.1615622365833124,-24.008221583652624,0.2735164882284202,-0.6481927507204555,0.7547577079255685,0.0686756718850434,-0.5886201409351948,-0.05952,의료/의약,Growth
마이크로투나노,2023,Apr_23,1716.98,10.69,15500.0,1636,2023-04-26,5918890,30045614488,19406036632,7111502230,16257668793,2444445000,15019101820,680185821,6288212703,5792009387,33.2,41424950659,1.2880023909849676,4.224932161485099,0.1517977113542758,0.1398193430495161,0.3192292072201065,978.5634446661452,4.147836806562935,0.17,1,44.4,-0.8193282153166361,0.9101239566854183,-0.0025193216440999,0.0070914687706593,41424950658.0,-0.0317258911485164,267.55338416493635,0.0746014616046775,93.75,100.0,2.8169014084507005,0.0,1330.5043050430506,-0.0768902178556185,3.482045701849823,0.2262034020991565,1330.5043050430506,0.1441812305249978,1.0936411049757622,-0.33726232230602,1.0409762405305667,1.9795906122648699,-0.162167,반도체,Growth
마이크로프랜드,2016,Dec_16,124.3,0.0,7300.0,1,2016-12-12,10731366,31176968775,11858980395,10721822458,4276239438,4320683000,-6747857799,485601702,5851957099,4850951800,-18.5,36224562020,-7.724695979344835,2.9078049834464066,0.161546662614418,0.1339133319906458,-2.498464676655952,452.0348854004234,4.7911983631580615,6.54,4,47.24,-5.735716654280264,0.1059134505520535,0.0932445397801845,0.0719433050206113,36224562019.0,-2.135606191125778,240.9439493536983,-4.361476479322606,92.86,0.0,0.0,0.0,29.65419163849024,0.8739076154806291,-1.7726798748696535,0.1091056454378236,29.65419163849024,-0.2375701207422031,1.776798319617079,0.3006065873986774,2.206738695316801,4.714290006752721,-0.89768,전자/회로,Growth
마인즈랩,2021,Nov_21,197.55,12.91,30000.0,90,2021-11-23,6044583,8684124507,8572894087,44299397863,816993865,2220845000,0,-61589708987,3690857983,-1200609928,26.7,3043680004,-0.7599335526763513,0.1960325631029221,1.2126300984825868,-0.3944599716205909,0.020222888688975,-198.62576591304972,-7.548210541375361,5.94,1,62.39,0.5477326953843049,-0.2543515409015822,2.6724737299148016,1.4109191024324117,3043680003.0,-0.3249928089160846,3173.967195090216,-10.863279983009315,93.33,100.0,0.0,33.33333333333333,18.97965128375847,0.7148093841642167,0.8379888268156277,0.5031446540880502,18.97965128375847,-1.1295902700599547,0.0076089345800944,1.369195361030484,0.7265492941180396,-7.860156172563759,0.287268,소프트웨어,Growth
마크로밀엠브레인,2020,Jul_20,1.0,19.39,6800.0,888,2020-07-01,8969539,14165853271,10913041914,7154276363,4555619763,3763769500,9549900644,14909535,5342680932,4160232247,136.0,32614660282,0.8785554356140185,1.9800539638448968,0.1638122514784745,0.1275571234232977,0.3121286999210202,463.8178447075151,2.502301602726517,42.22,2,70.12,0.1723382667841001,0.1280799274939028,0.0978856375424082,0.0775926029812966,32614660281.0,0.1206692007600844,246.15287418896327,-1.436377912537707,93.75,133.33,3.773584905660377,0.0,16.976630699994576,0.2211722127274606,2.9020556227327576,-0.0802326747567971,16.976630699994576,1.4051186583137645,-0.9181742299650296,0.4963052463004436,-3.219434210163652,0.5246788370520838,-0.346723,서비스,Protective
매직마이크로,2015,Nov_15,75.03,1.33,5500.0,36,2015-11-19,6222125,24107473968,65040454465,25398925879,28000578222,2271062500,20150224678,1517780054,2412466224,2523581056,-11.8,29388902546,2.2306426388083924,0.949153286357366,0.0820876594566254,0.085868502644835,0.1054168498523058,405.581864073769,14.818207184151648,50.25,1,54.24,1.145601292957492,-0.2849676169344022,0.031799239370537,0.0218158705235629,29388902545.0,-0.0665099649342584,-142.8940987202925,5.667236773561267,92.86,25.0,0.0,0.0,7.596947642841623,-0.3966183070660656,0.5655042412818112,-0.1895415201229822,7.596947642841623,-0.3076910372981856,0.3300876169241684,0.2786602411644745,-1.9985513459178983,0.26733969626535625,-0.178494,전자/회로,Growth
맥스트,2021,Jul_21,1587.0,39.1,15000.0,6762,2021-07-27,8553491,3155863225,2757952580,1185776379,1314294171,3751745500,-26193324421,416841157,-1228088399,-1235744069,160.0,749858679,-0.113511932663572,2.6614320211551457,-1.6377597984699728,-1.647969282222577,0.0561070956776545,-144.47248135293532,-2.7797227445351025,30.12,2,67.66,0.0123516185972057,-0.7896087251606687,-0.369085634390182,2.8515024490221395,749858678.0,-0.3744886850872289,898.4905815648838,-1.050401201936384,93.33,200.0,2.2727272727272707,0.0,-13.19610977884359,0.9716064522214962,-6.750675067506751,0.2057814796668333,-13.19610977884359,1.0074820328515257,2.022652278605186,0.8904040002052582,-1.607443978401013,-15.025167031517407,-0.027253,소프트웨어,Growth
머큐리,2018,Dec_18,749.57,10.83,6100.0,930,2018-12-14,14763600,61311490767,25258827049,26788270123,10641899677,6025000000,11333767320,18075000000,9041041534,10641131529,27.9,102610358752,1.056341807010545,2.288743934770125,0.0881104173492988,0.1037042620104141,0.3003104759621139,720.768073437373,5.435230867063507,64.28,6,67.4,-0.7634005234256755,0.5538945500809607,0.0335663862875264,0.0715860729362014,102610358751.0,0.120826247980514,419.8323543715625,0.3378423019833567,93.33,100.0,0.0,0.0,11.497067876963165,-0.4876107075330815,1.2422360248447228,-0.3443068559347617,11.497067876963165,0.1754509737937892,-0.5032873168051788,0.6060885775937441,-0.6548184847000926,-3.8956144731254065,0.140557,부품제조,Sensitive
메가엠디,2015,Dec_15,16.67,7.5,3000.0,281,2015-12-18,20401568,22093446579,44104708608,11860180201,1072878396,8399270000,39543313779,1669447309,14106926569,11365548875,26.7,57416624303,0.2606839170535029,1.8628255392896285,0.2456941128157358,0.1979487476487912,0.2290885623053853,557.0919291595626,3.775811572383892,62.21,6,68.27,-0.2722804495940909,0.911292935374138,0.1353858054872189,0.1337053648835561,57416624302.0,0.1191201110902374,352.9732814164087,-2.0024730708692866,90.91,-60.0,-2.777777777777779,0.0,18.84582865363502,-0.2305354710258944,-3.1865042174320624,0.2996223070917514,18.84582865363502,-0.1361147410359642,1.759594433882827,0.2124048711981352,-0.8358559616861716,-1.3551251352238445,0.293629,서비스,Protective
메가터치,2023,Nov_23,765.86,9.26,4800.0,630,2023-11-09,20771000,24269265,24563556,21562168,2132104,7707500,11741168,0,215154,349843,16.5,21826468,1.2182979317658156,1.1255484606186168,0.0098574812928963,0.016028383520412,0.0179880185110877,0.0168428578306292,116.83979382209952,56.95,2,65.94,0.3199116644633123,-0.2500679788802238,-0.1551933763062542,-0.1180432585711799,21826467.0,-0.3263016252607336,-0.299729671176159,113.77753153349806,70.0,260.0,-5.47945205479452,0.0,-4.605983743586794,-0.3818089258442292,-1.0183299389002087,-0.52087931491126,-4.605983743586794,1.018780022625032,-2.983660203303496,0.8630997806762908,2.19284210526316,-2.4919351616730765,0.07925,전자/회로,Growth
메드팩토,2019,Dec_19,86.41,3.15,40000.0,18,2019-12-19,10097421,20884874416,4031136195,1885313328,663583717,4280710500,-62995222995,2786401,-10819917721,-10826659503,-10.3,0,-0.0434137644142689,11.077667624699464,0.0,0.0,0.1844036996232414,-1072.2202731766854,-2.0672166039292934,34.2,3,48.94,0.520787157109574,-0.3849857002324039,0.0,0.0,0.0,-0.5939715404431877,2649.3002695440746,-1.6162412185576571,92.86,66.67,1.388888888888884,0.0,-23.541701028093897,0.2789678190694422,-0.3921568627451077,0.2392416642373884,-23.541701028093897,0.332762996335223,0.7186603280654236,0.5705517908742186,5.201249066074065,1.2936039831482278,-0.504448,의료/의약,Growth
메디아나,2014,Oct_14,86.0,74.52,6200.0,12,2014-10-07,7220780,18663291947,10739446506,10008527972,3701775218,2868790000,9401027059,305473349,1137246068,672313389,-5.6,18148522663,1.090257381354624,1.8647389505442449,0.062663286104193,0.0370450753201343,0.0534630507278222,93.10813914840224,13.798627847179333,12.42,6,67.6,0.1150947232861776,-0.1357271818344643,-0.0474271257568021,-0.0582492372984645,18148522662.0,-0.2091027133679597,-351.25279388099347,9.643096971409308,95.0,70.0,4.109589041095885,-11.111111111111116,-6.775444166310529,-0.701997231560203,-2.583025830258312,-0.3016192189649658,-6.775444166310529,-0.1875012321398972,2.6170105686965206,0.8575487625935629,-3.42695749221702,-1.1654421813784275,-2.061751,의료/의약,Growth
메카로,2017,Dec_17,719.26,38.04,33000.0,664,2017-12-06,9834640,40812990,23128407,17572006,11798331,3917320,25397323,494582,14178184,10679155,16.7,45342775,0.985276772542728,2.322614162549228,0.312688934455379,0.2355205432397995,0.3582500048223326,1.0858714706384778,2.4383277858433776,61.08,6,61.9,-0.2043181006307345,0.1465405379752811,0.2483098413001871,0.174737657381347,45342774.0,0.204423809937077,0.7883778155580681,-5.231535556745019,93.33,160.0,0.0,0.0,-17.745619548388092,0.0504846526655944,-1.4047410008779735,0.3605658109649079,-17.745619548388092,0.5204536218117006,-1.7429233330920169,0.288118948680971,-2.3836294130874736,-0.35158395898188255,-0.546066,반도체,Growth
메탈라이프,2019,Dec_19,1.0,21.6,13000.0,1397,2019-12-24,3465288,13655012240,7489773246,3613208744,741185627,1372144000,12142901580,75637162,1865119406,1677938746,160.0,13045678323,0.3203955572845054,3.779192736283271,0.1429683731133955,0.1286202759607933,0.1234624321568906,484.213360043956,9.002314308127465,56.09,1,79.21,-0.0788595751546936,-1.6551371493342026,-0.0959561069257914,-0.0655865095530113,13045678322.0,-0.195570692813695,-595.7492906794472,6.154935738706232,93.33,100.0,1.388888888888884,0.0,-23.541701028093897,0.2789678190694422,-0.3921568627451077,0.2392416642373884,-23.541701028093897,0.332762996335223,0.7186603280654236,0.5705517908742186,5.857730473828959,1.2936039831482278,-0.383929,전자/회로,Growth
멕아이씨에스,2015,Dec_15,3.77,0.0,4500.0,174,2015-12-14,5361500,4994507201,15153090851,3241509204,8692747323,2397500000,1966113298,-36738417,-319067410,2674625172,46.7,6940682426,2.7581700084292318,1.5407968593261474,-0.045970610729107,0.3853547832675322,0.6181424805567425,498.8576279026392,-25.741712464460097,34.1,1,37.85,-58.69763071026805,0.980097232003446,-0.0807271102985297,0.3890472999569266,6940682425.0,0.7235046757565654,504.7440546488856,-31.886162466983112,92.86,-200.0,-2.777777777777779,0.0,18.84582865363502,-0.2305354710258944,-3.1865042174320624,0.2996223070917514,18.84582865363502,-0.1361147410359642,1.759594433882827,0.2124048711981352,-4.387761681107383,-1.3551251352238445,-0.979169,의료/의약,Growth
명성티엔에스,2018,Sep_18,745.56,10.84,20000.0,804,2018-09-13,6370000,32306050141,22585836402,23400051029,14227497100,2500000000,14648801168,-45754774,4518954226,3431153096,43.0,33236692182,2.200049468508739,1.3805974226706887,0.1359628148690239,0.1032338921458077,0.2006164876687523,538.6425582417583,3.820427813733735,61.97,6,69.86,-0.0569413250217518,0.0659090132936852,0.0232884646819268,0.0124549950018573,33236692181.0,-0.2243361800117917,-381.6212838304552,1.902343275401739,93.33,150.0,5.47945205479452,0.0,-6.889569941250007,0.286419753086431,0.899100899100902,0.7631055076310567,-6.889569941250007,0.4658574832279161,-0.0490567720644152,0.1239015796639098,-0.3043768342192776,-2.5487929760844135,0.100361,에너지,Sensitive
명신산업,2020,Dec_20,1195.0,29.0,6500.0,1476,2020-12-07,40779120,220940842605,180517522721,218720748609,58667148620,11922105000,82937858806,-26209884886,22761536270,11889601165,160.0,354760905712,4.040605656874021,1.0101503584370444,0.0641602158059607,0.033514406389108,0.1731913692168556,291.56100389120706,5.450882867714271,58.47,1,69.14,-1.1494085512583228,0.1252252077434696,-0.0126706728551387,-0.0101127820693438,354760905711.0,-0.4402030280049972,-538.3578190260114,4.118045167537077,92.31,177.78,5.555555555555558,0.0,35.826117481862866,0.7795322806316118,-8.28282828282828,0.2397841942251899,35.826117481862866,1.5401576045591223,-1.936853039148956,0.5581519671069568,8.124372329322792,3.519132365719435,-0.307716,자동차,Sensitive
모니터랩,2023,May_23,1715.41,5.7,9800.0,3570,2023-05-19,12396900,17069533856,4238528812,2597865705,4947329145,972885000,2728842928,418845735,1135173414,718990851,44.9,14134540020,1.831103013095194,6.570599020244582,0.0803120166905863,0.0508676511568573,0.1744880470057015,57.99763255329962,12.124022328451042,49.7,2,75.26,-1.056921246194925,5.598217703648295,-0.0650337989576559,-0.1334958259467173,14134540019.0,-0.7466745420098795,-122.19961248376612,10.747015590978483,93.75,100.0,1.3698630136986356,0.0,78.63284608770422,-0.3676470588235281,3.154574132492116,0.3249977430712203,78.63284608770422,-1.3359457606577083,0.6212074150953484,-0.1470530768406308,1.682019063951179,0.44742807803250795,-0.100847,소프트웨어,Growth
모델솔루션,2022,Oct_22,1725.78,8.41,27000.0,1514,2022-10-07,6396700,29877309226,25248817834,9413442820,15055872752,2683350000,27887700501,78968203,4010460255,3506329206,14.4,32283470111,0.7983458610029043,3.17389820040358,0.1242264304676934,0.1086106665096477,0.1143989254904566,548.1465765160161,7.644212768292351,62.92,1,84.77,-0.0107323386394188,0.2054263143899373,-0.0218590546396894,-0.0135754222260726,32283470110.0,-0.1660108915939596,-619.0708160457735,4.660670039327114,94.44,100.0,-3.658536585365857,20.0,2749.336870026525,0.5148888698189191,-2.9508196721311557,0.3124425657048402,2749.336870026525,-0.662469750578798,2.5201388339956665,0.5247206058147658,-6.292649762042657,0.9882057129422464,-0.039533,로봇,Growth
모바일어플라이언스,2017,Feb_17,471.31,19.13,3500.0,637,2017-02-24,15000000,25835413446,15398279167,18655559992,3434327393,6922491000,-8248442297,0,4059594693,3601660799,70.9,47459834011,-16.659652156892154,1.3848640007096498,0.0855374819064703,0.0758886092641037,-2.7162843817482987,240.1107199333333,4.715693727014141,42.67,6,48.55,-12.70139129920041,0.2135719569014675,0.0503269260744881,0.0446304724149241,47459834010.0,-2.4616414797208725,128.164402,0.4730339309570892,90.91,100.0,4.166666666666674,0.0,9.679237043402322,0.3862966351529939,1.2875536480686731,0.2731959821703711,9.679237043402322,-0.0341643276381309,-3.390431187241572,0.410122775434063,0.7922374209447192,1.1242735426668204,-0.245873,소프트웨어,Growth
모비릭스,2021,Jan_21,1.0,5.74,14000.0,1662,2021-01-28,9279000,21159982177,12560954903,2581717668,869963714,742500000,8972501317,10357194951,2682243192,2520452969,160.0,21315972219,0.1719633136261638,8.196086829816744,0.1258325524373306,0.1182424588991251,0.1255693664682932,271.62980590580884,11.285052670943642,51.81,6,67.51,-0.0029644401378237,0.8052456077314636,-0.058480645751362,-0.0351757010105821,21315972218.0,-0.2936419302022203,-395.3518054747279,7.92802196420898,92.86,100.0,-7.8947368421052655,0.0,-17.03524384675691,1.1106703689012232,4.845814977973584,0.7076647064686581,-17.03524384675691,-0.0835959311143219,0.215499529736185,1.120452851386,-2.637222493639313,2.82781966456378,-0.216815,게임,Growth
모아데이타,2022,Mar_22,114.19,0.0,20000.0,23,2022-03-10,5385072,13805628714,10454185515,4133849940,1477875495,2280536000,4088209855,372923707,2086930352,458277627,-19.8,14369563898,0.8323940210049707,3.339654054786517,0.145232685335041,0.0318922432338941,0.0679768746874099,85.10148555116812,8.935654597255098,1.2,1,56.83,-1.9054227751766597,1.9593298047265952,-0.0785906149756363,-0.1199744966955984,14369563897.0,-0.3513059678341128,-303.65789761028265,7.107901168417327,94.12,-100.0,3.529411764705892,0.0,22.848066467102445,1.5237070897194505,0.1930501930502037,0.645038892050831,22.848066467102445,-0.856700902592733,1.8934526094430693,0.1008849658453936,-1.8082705665132812,-0.1817250046773471,-0.072679,IT,Growth
모트렉스,2017,Aug_17,357.12,11.24,38300.0,423,2017-08-04,5532051,92489046054,44155878900,66489888376,7754944853,497070000,61001781061,-595729336,21231062198,20303568832,-12.8,235228963581,1.2190644933480217,1.3910242341057169,0.0902570069382173,0.0863140683141621,0.3333748460986627,3670.1702193273354,2.93909419806976,39.25,2,69.49,-0.2220583673707574,0.1832810983815094,0.0712215625994124,0.113071534542258,235228963580.0,0.4365625440405082,4468.428217852656,-10.843101706611945,93.33,100.0,0.0,0.0,15.449291479216164,0.4595588235294157,-1.2422360248447228,0.5733392137355464,15.449291479216164,0.2823370160882188,-0.3182299012694067,0.6352712181861842,-1.2226299946394017,-0.7446765072170791,-0.261278,자동차,Sensitive
미디어젠,2019,Nov_19,576.27,1.88,10600.0,573,2019-11-05,4638281,8202681038,8016164324,2923040496,5623577404,1840190500,-3987277414,9340050,-1176422327,-1067555464,-13.7,5955863185,-3.9979559993404346,2.806215325865263,-0.1975233967702366,-0.1792444572415073,0.4993834779869428,-230.1618776438944,-6.5216608745984805,20.73,3,26.21,2.025233756253876,-1.1590033042050072,-0.1812892653263235,-0.1394418291442191,5955863184.0,0.0025631634362866,-115.31624215954145,33.69559227639309,95.45,100.0,-2.7027027027026973,0.0,-6.324354946696198,-0.1392896229230888,2.306920762286868,-0.5597704940974224,-6.324354946696198,0.2796487607823694,-1.4086291201135026,0.7449523785150847,2.871573772223357,1.0217809530796753,-0.375838,소프트웨어,Growth
미래반도체,2023,Jan_23,1576.56,3.66,6000.0,938,2023-01-27,14438000,131182479234,4520961069,43739846973,38522808248,1073000000,52367785082,0,17260031120,14207628091,160.0,392883181527,1.5393234791512789,2.999152679134363,0.0439317128641553,0.0361624746464837,0.2658573984120872,984.0440567253082,3.0962160328943837,68.12,1,75.07,0.157702477458806,0.9269258030772756,-0.0158374976448768,-0.0088468372598776,392883181526.0,-0.1118222571297395,-38.614543427067474,1.1023257219606049,94.12,100.0,-5.405405405405405,7.692307692307687,-411.23677111433904,0.361228175797712,0.6666666666666599,0.7413509060955503,-411.23677111433904,1.607890180287308,-3.777908071160762,0.0906735025394844,9.6867065550968,1.0119162926536358,0.232736,반도체,Growth
미래에셋벤처투자,2019,Mar_19,441.4,3.7,4500.0,1021,2019-03-15,30667215,334012220324,0,214712265723,0,26532215000,81702109703,570096017,23349615097,19531859963,18.0,83493736661,1.9733781431137425,1.5556271049503465,0.2796570860375282,0.2339320378282141,0.1795134777957577,636.8970890574838,5.109289986383025,67.2,6,69.27,-0.0560442018018481,0.0334002603012024,0.1565717642939913,0.1191861140617615,83493736660.0,0.1087534097986163,431.2957826460604,-8.853570230024513,93.75,100.0,11.764705882352944,0.0,34.09368519728431,0.3500350035003485,0.1988071570576677,-0.1913181822758902,34.09368519728431,0.1430613425188021,0.7367811483807829,0.7422605359341361,-2.438466711499654,-1.0391427365524897,-0.483198,투자,Sensitive
미래에셋생명,2015,Jul_15,40.3,2.07,7500.0,38,2015-07-08,145180000,15808493361502,9964436700777,14059495115741,10020236863059,631533800000,241295151457,610157723863,36302076957,29228546071,-3.5,1023730726605,16.237321871826026,1.124399790416572,0.0354605718218389,0.0285510098616759,0.01970924389101,201.3262575492492,46.64190661830733,19.87,6,52.29,-1.7636853281650744,0.0066526051463586,-0.0031478336595722,-0.0022583172281348,1023730726604.0,-0.0742671028205782,-632.327075072324,36.764454377491575,93.75,-38.89,-12.987012987012992,0.0,-11.412999999999997,-0.3576903423607502,2.1255060728744946,0.1801725863721959,-11.412999999999997,-1.0478798599782737,2.78906671461967,0.8612846181647926,-1.2571747605148231,-0.9549418113042663,-0.178494,금융,Infra
미래테크놀로지,2015,Dec_15,101.0,5.7,16100.0,1,2015-12-01,5545000,16355045501,2623151735,1435029318,0,2000000000,15543107918,0,3246373206,2649241023,-14.9,11509551725,0.0818001761550812,11.39701140307992,0.2820590483075482,0.2301776025946831,0.1510132090267633,477.7711493237151,5.403928262337931,33.62,6,73.56,-0.0230534059246929,2.157595939614618,0.0141152733883012,0.0060456370157545,11509551724.0,-0.102151936974715,-225.0585278629396,2.099792328983754,94.74,100.0,-2.777777777777779,0.0,18.84582865363502,-0.2305354710258944,-3.1865042174320624,0.2996223070917514,18.84582865363502,-0.1361147410359642,1.759594433882827,0.2124048711981352,1.3348220320737791,-1.3551251352238445,-0.178494,소프트웨어,Growth
미코바이오메드,2020,Oct_20,159.0,0.57,15000.0,41,2020-10-22,16716042,33969562360,10124616859,45498852297,6397636819,7074688000,-66600859604,-121258598,2366099126,-15294578193,-8.0,21685370455,-0.8700540650326272,0.7466026206168679,0.1091103853129909,-0.7052947619566041,0.2564163810780094,-914.964092157701,-3.297541430645877,36.07,1,37.97,-0.3312313362670676,-0.1611744845673695,2.9536126878009368,2.86688791220163,21685370454.0,-0.0718277560272744,-39.21614392928666,-3.211723152821917,93.75,100.0,-5.797101449275366,0.0,98.03110088484644,-0.3984857541342812,15.317559153175589,-0.5558864403414576,98.03110088484644,1.4183311135951948,-2.89446895147607,1.1900580079187817,2.035024782503214,0.24640234948605239,-0.880964,의료/의약,Growth
미투온,2016,Oct_16,73.1,0.0,3800.0,1,2016-10-10,30175943,15774,4467,1910,0,11400,4714,696,2522,2648,17.0,8794,0.1136228435455086,8.258638743455498,0.2867864453036161,0.3011143961792131,0.1575252825698988,8.77520215358307e-05,7.268437747819191,20.01,6,51.25,-0.1101289396213957,3.732658507561331,-0.0481346621688459,-0.0012374942643713,8793.0,-0.2046715790563493,-8.052772369035826e-05,4.517504414485858,95.0,0.0,0.0,0.0,-28.74493300739548,0.2934702861335347,0.2926829268292685,0.1371471318586614,-28.74493300739548,-0.6892587375687764,1.6063350459146308,0.4306130955507692,2.035936461320187,1.8207994579945819,-0.627855,소프트웨어,Growth
미투젠,2020,Aug_20,1.0,1.35,27000.0,1010,2020-08-18,12889592,62977189251,5241384943,31187705245,2794924114,6307976600,31330155943,-3402187708,11809585837,9481754383,-5.6,27732814794,0.9926008913374276,2.019295384391786,0.4258343743583866,0.3418965746330004,0.2769531972521067,735.61322833182,2.898996231327363,38.31,3,72.42,0.4819622591208875,-1.0935722027458006,-0.0220398194760751,-0.0216278490103883,27732814793.0,-0.52208088479691,-2161.9412092329994,1.8831867760677288,94.74,100.0,12.72727272727272,0.0,-5.641049411328448,0.491523723542997,4.700352526439477,0.5620796948710316,-5.641049411328448,0.5821813758537298,-1.0050879973309002,0.3044324139843235,4.042995316771458,0.5926862270331902,-0.371473,소프트웨어,Growth
미트박스글로벌,2025,Jan_25,849.95,0.0,19000.0,459,2025-01-23,5559750,33067245107,13247974519,25232969476,3043902287,452975000,14668675825,2238236909,2181038430,1903021695,-25.3,80247650004,1.6288625938299517,1.310477751675302,0.027178844862015,0.0237143604193411,0.1096217742971263,342.28547956293,8.270531878248473,20.8,24,61.03,2.567586346503754,0.0218235322973769,-0.0117003891281361,-0.0283840226812681,80247650003.0,0.2255930795526863,-284.7382966860021,2.1296341663227967,71.43,0.0,-8.823529411764708,0.0,0.0,0.0,3.401360544217691,0.6961970237577164,0.0,-1.1041535842442496,1.4898007557061277,0.0,3.012793211898823,2.537993476282896,-0.3525,IT,Growth
민앤지,2015,Jun_15,728.0,45.4,28000.0,1108,2015-06-30,5689460,15023502056,6287994804,2400396009,21961283,2400000000,12981037412,153607731,2966825874,2442425153,60.2,6327647178,0.1559325797082354,6.258759804495242,0.4688671461195051,0.3859926263733284,0.157224392994942,429.28944978961096,6.366784021110368,29.25,6,45.88,-0.5188541529022177,-1.6008628085184933,0.1280902982061884,0.087101565796071,6327647177.0,-0.3264845944310041,-499.3757117547184,4.553529838898903,92.31,242.86,-2.531645569620256,-14.28571428571429,53.9124545958259,-0.0510725229826425,-7.055503292568199,0.0200231847402365,53.9124545958259,0.8731079387486851,1.917948811934722,0.332615607456832,1.1153793654817168,4.556465863453807,-0.129238,IT,Growth
민테크,2024,May_24,946.72,3.43,10500.0,1529,2024-05-03,24370300,28705764023,9084267321,17108451600,4428681642,1885530000,-23386213848,1874123392,-4737405164,-7501425172,22.7,7285537916,-1.0973462869504431,1.6778703703963485,-0.6502478222776159,-1.0296323014839963,0.3822078345728047,-307.8101283939878,-3.4307595697128344,24.0,36,71.96,1.94870636966496,1.1322957596635972,-0.4184220052140248,-0.4333726113792769,7285537915.0,-0.1459049279118604,-16.29009244859526,-8.21242495619915,71.43,200.0,2.8169014084507005,0.0,66.58588516332291,0.0755287009063465,-2.2840119165839057,0.0789404438207075,66.58588516332291,-0.1035814879391971,-0.1783847407938021,0.0224906223872167,-0.1935252925252317,-0.9178429813596956,-0.469725,전자/회로,Growth
밀리의서재,2023,Sep_23,619.24,6.1,23000.0,449,2023-09-27,8111910,29504,2097,17002,1291,3283,1048,0,4958,5128,80.9,25997,4.223735857769568,1.7353252558522527,0.1907143131899834,0.1972535292533754,1.1840221657815746,0.0006321569149559,2.6841468334005647,40.56,6,80.56,4.458673991822227,0.3850488348335206,0.0997476974361104,-0.0940403830311543,25996.0,1.3405928571555263,-0.0010135714030357,0.8760393735780654,70.0,100.0,0.0,0.0,-42.911383126878256,0.4510638297872349,-3.481624758220514,0.5076594228713871,-42.911383126878256,-1.0000633682303084,0.834300363299878,0.4153885352022435,-3.264580537307815,-0.779892146790484,-0.041365,서비스,Protective
바이브컴퍼니,2020,Oct_20,1.0,7.59,28000.0,1358,2020-10-28,5394170,8530687433,22999486932,10623813104,7779268263,2362335000,-5290749856,4284710718,-1644957065,-1932465778,11.8,7995737809,13.568633424762304,0.8029779279332473,-0.2057292402895498,-0.2416869867624745,-1.4248113793920874,-358.2508111535232,-7.980204029215802,40.4,2,56.44,8.302023218461345,-0.2385713377811812,-0.184604074636218,-0.1940395147959322,7995737808.0,-1.177567561070218,-214.2877425071883,35.33000539077361,93.75,100.0,-5.797101449275366,0.0,98.03110088484644,-0.3984857541342812,15.317559153175589,-0.5558864403414576,98.03110088484644,1.4183311135951948,-2.89446895147607,1.1900580079187817,-1.7461687348655497,0.24640234948605239,-0.484648,소프트웨어,Growth
바이오노트,2022,Dec_22,3.29,8.44,9000.0,14,2022-12-22,103956048,799373978558,932134507656,118245081293,93365008742,46778024000,1456121306722,5121627917,276993399439,298287963079,18.3,394268351629,0.1403230431399174,6.760314846223732,0.7025504286472535,0.7565607582920681,0.197800939947285,2869.366129414616,5.487128571501267,66.29,6,87.76,-0.0313082840863178,1.343128679173569,-0.0527896294942534,-0.3224959237982412,394268351628.0,-0.3349154085375299,-3590.6379947994947,2.7801898923824604,92.86,-225.0,-2.631578947368418,0.0,-148.75556454876568,-0.4111349036402645,4.166666666666652,0.1742000550105649,-148.75556454876568,1.6963892795255564,-4.9761747672458,-0.0236835787602474,-3.1877354343905706,-2.749406925406217,0.039678,의료/의약,Growth
바이오다인,2021,Mar_21,1364.0,8.7,30000.0,48,2021-03-17,5918200,6022606924,18416186794,4224248428,10815498447,2444100000,-6798887092,0,-1233125807,-2020484316,42.0,2728975264,-3.453612440118806,1.425722711779867,-0.4518640470168805,-0.7403820557312314,0.4639685645508935,-341.40183096211683,-7.622131326459215,40.14,30,70.76,0.3974649614879295,0.9080993359782114,-0.0366777718257784,-0.2448324427150713,2728975263.0,-0.0040369638387648,1.0090164239127262,-3.7488711451911176,93.33,120.97,4.000000000000004,0.0,-6.614363916147415,1.0603112840466888,3.285420944558504,0.2559558968300957,-6.614363916147415,-0.3195337040527879,1.7360486453423585,1.101103211316801,1.753601025716356,-3.3002410426114395,-0.238514,바이오,Growth
바이오리더스,2016,Jul_16,352.2,6.5,15000.0,1222,2016-07-07,12354310,6295320251,1610725512,2948216695,546042606,5559155000,-37984356354,263869500,-1299094450,-1204985453,-5.3,237373799,-0.1086478419756552,2.135297673904529,-5.472779453641385,-5.076320377717845,0.037466901509868,-97.53563355622452,-3.3960475021658354,9.48,1,32.13,0.0198904771169038,-0.1530705490624364,-2.0615445937746446,7.533160334766967,237373798.0,-0.5633981954742057,1411.1820325861988,-2.2948809145295312,93.33,100.0,-2.7027027027026973,0.0,-33.72115656851642,-0.1155340825543582,2.316213494461228,-0.1882628567842714,-33.72115656851642,0.4039256562566651,-2.2563007261854007,0.6989453702012982,1.0586669396948745,-4.662418327014596,-0.512688,바이오,Growth
바이오솔루션,2018,Aug_18,174.79,4.72,29000.0,302,2018-08-20,7667110,4484222556,2976031484,1638783086,1463973983,3062722000,0,-11107762169,-66711716,-63630681,-1.7,2076211256,-0.3856732848837563,2.736312446905496,-0.0321314682247344,-0.0306474983295245,0.0079093055675704,-8.29917413471308,-65.31831636589891,22.78,3,28.32,-0.0149119623578651,-0.0797079075709423,0.3300335684787704,0.3298222492617091,2076211255.0,-0.2182820959583403,227.28280499431992,-62.88427682931855,94.44,100.0,-8.750000000000002,0.0,37.32887639595837,0.4464285714285809,-1.9588638589618013,0.8844710416878065,37.32887639595837,-0.3271201557418446,-0.1469540434627547,0.5023373592949243,-1.9895269695793805,0.14957196600423606,-0.146827,의료/의약,Growth
바이오에프디엔씨,2022,Feb_22,74.0,4.0,28000.0,4,2022-02-21,8731414,6656415948,13931162353,5342769416,404723772,3697850000,10614782501,27275015,2256941973,1878577869,-20.7,7364712237,0.40080406247998,1.2458737088795224,0.3064535178524993,0.255078244545945,0.1310034856852419,215.1516202301254,6.575306450291268,2.92,1,62.56,-0.0181267933786784,-1.043605822739009,-0.0320689740164491,-0.0298172823069657,7364712236.0,-0.0672393838512529,-66.75278093559643,2.327185935457523,96.43,83.33,1.1904761904761862,0.0,0.5636701531278376,0.4773054755043082,-1.333333333333342,0.5436337625178922,0.5636701531278376,0.0519226781128701,0.3626435289486585,0.4793663792400204,4.945897670291344,-2.9769047359316856,-0.604819,의료/의약,Growth
바이오인프라,2023,Mar_23,1594.95,2.29,21000.0,1034,2023-03-02,4796867,12597236366,19784420827,7433207763,8319768256,2063683500,13310230284,0,5844734608,5160578501,40.0,29223267972,1.024656196224705,1.6947241040005354,0.2000027722293098,0.1765914238593904,0.3356710967360008,1075.8227194958708,2.8450703563579154,43.05,5,68.12,-1.564009992036999,-0.3669035023087124,-0.0442300321070311,-0.0274346948288095,29223267971.0,-0.369737903609712,-223.7931941827865,1.3895337624803632,94.12,100.0,4.41176470588236,0.0,-104.73859066270327,0.1197502352236812,2.111111111111108,0.1722106408048596,-104.73859066270327,0.1841531872128987,2.753513700678356,-0.1718792068944652,-2.162787323898263,0.2013949797435522,-0.619915,바이오,Growth
바이오플러스,2021,Sep_21,1220.0,7.8,31500.0,1206,2021-09-27,13910746,30831065927,14978953706,9123489642,661134385,6239500000,23063015557,6722880069,10027571637,7739937562,3.0,18242788553,0.2716035134930845,3.379306289237085,0.5496731822477315,0.4242738186387178,0.214846705428378,556.3998912782966,3.592634080326341,28.6,6,49.95,-0.0585135572517594,0.6215213477402433,0.0437558355347309,0.026064364429346,18242788552.0,-0.1253675953169856,-141.1191942545712,1.2790811967331588,94.74,100.0,3.571428571428581,0.0,27.503652718855086,0.3717472118959231,1.263362487852282,0.4087591240875987,27.503652718855086,0.0083436518010016,0.7928710550356044,0.713811150843191,-1.3290929987247568,0.8183172709364639,-0.206615,바이오,Growth
바이옵트로,2021,Nov_21,205.12,0.56,7500.0,68,2021-11-18,8143866,14961946885,7747697416,19050209728,278080746,2818663000,0,-1819275971,2045085200,-2113187718,-16.1,6085122705,19.34014542227964,0.7853953892701206,0.3360795335021925,-0.3472711760214209,-2.11448383527099,-259.4821326873502,1.653404868902283,2.78,1,39.02,15.424454563815823,-0.0749957152549258,0.1505302556365438,-0.4859622817442138,6085122704.0,-2.8337948082419566,-533.9223200627318,-0.1823435382661637,93.33,0.0,0.0,33.33333333333333,18.97965128375847,0.7148093841642167,0.8379888268156277,0.5031446540880502,18.97965128375847,-1.1295902700599547,0.0076089345800944,1.369195361030484,-0.7843322067674685,-7.860156172563759,-0.927381,선박,Sensitive
바이젠셀,2021,Aug_21,1271.0,12.75,52700.0,886,2021-08-25,9432400,15404418710,5183823331,1289827015,1717218133,3772960000,-41807808675,4092490737,-2674268784,-703136110,12.9,0,-0.0885927004096989,11.943011373505772,0.0,0.0,0.0207155941046985,-74.54477227428862,-6.574207124649292,11.6,4,53.43,1.4843749070567285,11.629405132054854,0.0,0.0,0.0,-0.2671737481736571,1033.8406213688988,-10.880189552410418,84.21,100.0,-6.666666666666665,50.0,-12.812523981275426,0.523168908819116,-0.6756756756756688,0.4791707412477919,-12.812523981275426,1.145164317938674,1.430094931729564,1.3184332465782544,-4.071784366445352,-3.029340100943523,-0.099827,의료/의약,Growth
박셀바이오,2020,Sep_20,94.0,3.88,30000.0,96,2020-09-22,7523000,6590120501,1537443872,442618093,534195197,3254142500,-19358087179,200221677,-2045678588,-2028726422,-29.0,0,-0.0614204164570245,14.888954168893408,0.0,0.0,0.1275629877195971,-269.6698686694138,-3.495539878525629,22.85,3,47.73,0.0075526577053177,-4.64769555071639,0.0,0.0,0.0,0.0379012862401599,-103.01323700651336,-1.2337424290096584,94.74,0.0,11.290322580645151,0.0,6.035597910628598,0.1996406468356859,-9.876543209876544,0.548956981734694,6.035597910628598,0.3805461175406366,-0.6782659982306094,0.5560852307114894,-1.3441212669759728,-0.27973576216133544,-0.196936,바이오,Growth
배럴,2018,Feb_18,298.48,9.6,9500.0,369,2018-02-01,7761300,16923872579,2415174896,2541082050,3454634549,2727273000,12992887001,-2376829125,5858635279,4743592178,42.1,30536195060,0.4493418213726682,6.660104729400612,0.1918587193816543,0.1553432629271395,0.3555028517303777,611.1852625204541,2.2775493336867267,20.17,36,67.44,-0.1859937246801638,0.8576910938501108,0.0041322461719542,0.002203689859198,30536195059.0,-0.0795380154416607,132.7707809258759,0.4024172924149742,94.12,100.0,-1.2658227848101222,0.0,-28.50751462327461,0.4221105527638213,-1.6129032258064502,0.7634599310949453,-28.50751462327461,-0.2415416146075766,1.207462266804149,0.4463731638395973,2.8889369577234536,1.511022545879448,-0.213582,옷,Protective
뱅크웨어글로벌,2024,Aug_24,155.74,0.6,16000.0,239,2024-08-12,10000988,26635553253,9816393656,13332532585,16611516688,4279494000,-25374410440,27602814076,-3633759729,-3801868433,-1.6,11230711680,4.6011862736373255,1.9977864732891637,-0.3235556064956339,-0.3385242664336655,-0.5841930290926906,-380.1492845506864,-1.7909543066544342,31.97,12,65.0,1.1770037259008292,0.1399625793795784,-0.2610686817090382,-0.2290986378617659,11230711679.0,0.1991161580559292,417.6353719252538,0.444658958152438,70.0,0.0,0.0,0.0,-8.833720350625507,-0.150552024088324,-2.7965284474445573,0.3592394637693896,-8.833720350625507,0.5827610771649949,-2.1129407682632384,0.189106329190225,-5.622699861946656,-0.26684211328477137,-0.542964,소프트웨어,Growth
버넥트,2023,Jul_23,1520.08,8.43,16000.0,1311,2023-07-26,10540000,11582949409,27642054666,6943072596,8051368361,342000000,40889913205,3244330198,-14142263265,-8481198407,-26.9,5056493961,0.3371337102626927,1.6682742760997626,-2.7968516078684584,-1.677288348886451,-0.1906905295519614,-804.6677805502846,-1.7133440853110862,37.0,1,66.41,-3.339775996311074,0.9619715629595376,-1.4910460904937377,0.837873731442081,5056493960.0,0.5175945478728684,46.978786622390885,-1.3489084072230138,93.75,214.29,-1.3157894736842146,0.0,13.806706114398429,0.2236174421604841,2.6785714285714413,0.1169485426412375,13.806706114398429,0.0830183279608487,-0.8028009346731424,0.3711712563397418,1.4110292650677314,-0.5981191754993898,-0.396737,소프트웨어,Growth
범한퓨얼셀,2022,Jun_22,751.39,10.75,40000.0,771,2022-06-17,8767055,43090627637,20045734280,31194800122,6197643650,3300000000,7822951255,0,1152978862,944061703,19.9,8476420249,3.3617376283287506,1.3813400781052134,0.1360219087929272,0.111375046926369,0.0848751092544458,107.68287674709468,22.328178766732677,51.33,6,64.2,0.2636084049102942,-0.0966241149417792,0.0022001645203029,0.040101511161427,8476420248.0,-0.2377450400480643,-266.8915803539501,18.30780216331456,93.33,100.0,1.162790697674421,0.0,-1.1609734315695452,0.5607315389924095,-6.2984496124031,0.6604651162790631,-1.1609734315695452,-2.1068882588998195,0.5882445585409402,0.4158648699506662,-6.565484506880514,-4.700176575165571,0.098914,에너지,Sensitive
베셀,2015,Jun_15,437.68,0.0,9000.0,681,2015-06-19,4119655,34526414822,12802556645,21743649839,6208571836,1744827500,12475018698,558235931,1884343309,1507611621,15.6,13249623767,1.8914647672817788,1.587884972286138,0.1422186276483725,0.1137852400575262,0.102016730441734,365.9557950847826,10.283025231895255,32.77,1,33.5,-0.7226111299052096,0.3463567005736578,0.0105393586817449,0.0077958356256597,13249623766.0,-0.3668540449198202,-1105.0008901230808,8.501818266398928,93.75,100.0,-2.531645569620256,-14.28571428571429,53.9124545958259,-0.0510725229826425,-7.055503292568199,0.0200231847402365,53.9124545958259,0.8731079387486851,1.917948811934722,0.332615607456832,-2.635596969134824,4.556465863453807,-0.310296,전자/회로,Growth
베스파,2018,Dec_18,24.81,0.4,35000.0,3,2018-12-03,7986521,43101594309,3294319857,16121886211,1517136843,3178975000,-112559435937,453737428,21523263919,-113665542208,-14.3,81590904025,-0.1619347620654594,2.673483347103125,0.2637948944946746,-1.3931153670410628,1.0435046474027878,-14232.172207147518,1.3360841190361654,41.32,1,67.2,-10.50054394201636,1.7295688961654083,0.0464632909676398,-1.571802613737923,81590904024.0,-4.043264602217912,-14928.334038187591,1.174451639442178,94.44,-65.77,0.0,0.0,11.497067876963165,-0.4876107075330815,1.2422360248447228,-0.3443068559347617,11.497067876963165,0.1754509737937892,-0.5032873168051788,0.6060885775937441,2.930625763435235,-3.8956144731254065,0.108408,게임,Growth
벡트,2024,Dec_24,963.77,2.52,3900.0,1170,2024-12-16,13707500,24519733449,18636388816,21457429480,7166680625,1016500000,11833943626,1679649534,2287784889,1524811777,98.2,34891483577,1.969988064756496,1.142715322534524,0.0655685758947801,0.0437015460702604,0.1049416380342051,111.23923231807404,6.352001112461234,61.39,6,68.93,-0.2320068192168651,0.0045229969894342,0.0071599762995797,0.010945843198182,34891483576.0,-0.0685388827293954,-53.35409155571767,3.118868711776688,80.95,100.0,-2.857142857142858,0.0,0.1427856755742862,0.3442485306465181,-12.413108242303872,0.445804195804178,0.1427856755742862,0.0510549441672836,2.9453558971709093,0.0,-1.2454569982066177,1.5594889064884168,0.651232,기계제조,Sensitive
보광산업,2015,Dec_15,15.0,0.0,4000.0,173,2015-12-17,11490000,9922869295,61961284122,18796401586,25696961728,4200000000,18305985184,-1338441,9127196461,7062472352,57.8,27486410874,1.9770745047504252,0.5279132417765955,0.3320621416466424,0.2569441453951541,0.3138228487944055,614.6625197563098,3.001008055435129,69.63,6,77.37,-0.1863228198956896,0.1557952559680723,0.0133776295650949,0.1322632855801128,27486410873.0,0.0010938350541613,272.62096083550915,1.0853796826345987,92.86,-200.0,-2.777777777777779,0.0,18.84582865363502,-0.2305354710258944,-3.1865042174320624,0.2996223070917514,18.84582865363502,-0.1361147410359642,1.759594433882827,0.2124048711981352,-2.5150444309730458,-1.3551251352238445,0.792692,금속,Sensitive
보라티알,2017,Jun_17,558.0,13.3,14300.0,1026,2017-06-08,6750733,16969033016,10118684740,6772164774,4887600000,2506201000,8451383405,0,8500275468,7406092758,23.1,38351960540,1.0640816755816722,2.5057029151370145,0.2216386163396902,0.1931085830742774,0.6758873565802115,1097.0797923721764,1.8149944716591624,73.51,6,75.0,-16.65542445307926,1.465949896999882,-0.026048713447358,0.042990302468385,38351960539.0,-0.1970171743581873,942.2387333345874,-1.4713370656612272,93.75,100.0,1.2345679012345734,0.0,47.08602911443589,-0.3868471953578423,3.1135531135531025,-0.2132327312242554,47.08602911443589,0.5580069251600595,0.4230058296601724,0.4169538403611117,3.356188943598526,-3.070290195132575,-0.354573,식품,Protective
보로노이,2022,Jun_22,28.35,0.0,40000.0,5,2022-06-24,12638949,31754512985,17297016934,10436491666,24341784779,5656974500,-96902159026,18629597893,-7789035131,-12323339807,-26.6,10117870112,-0.4789367965967114,3.0426424895685824,-0.7698295238799365,-1.217977664329202,0.1697065379266616,-975.028841955134,-1.8324803051912184,42.4,3,74.4,-0.1530897009966036,1.764429296051408,3.602286800143468,3.068590460918724,10117870111.0,-0.2823178029322987,1120.9550791762829,-0.77348376140257,93.75,0.0,1.162790697674421,0.0,-1.1609734315695452,0.5607315389924095,-6.2984496124031,0.6604651162790631,-1.1609734315695452,-2.1068882588998195,0.5882445585409402,0.4158648699506662,-11.384868852152108,-4.700176575165571,-0.067391,바이오,Growth
뷰노,2021,Feb_21,1457.0,5.6,21000.0,1102,2021-02-26,10831450,10582227742,2255725214,12194192281,680146068,897745000,-25241964699,865507517,-7064232026,-7284592717,53.1,739685001,-0.5483409076784942,0.8678088304781258,-9.550324822660558,-9.848236353517732,0.310263725732996,-672.5408617498119,0.0051506508939801,35.26,1,61.89,-0.4257963410352976,-2.70009801242244,27.598546038352826,26.626913438755125,739685000.0,-0.0459773387681047,-126.67229032124057,0.9050182151771452,94.44,133.33,7.14285714285714,0.0,-17.674423434368602,0.823852491173005,2.310924369747913,0.5344418052256383,-17.674423434368602,1.0909127442935818,1.2965949575850289,1.1016314675102334,-2.416155203964321,4.534506510243075,-0.116076,IT,Growth
브랜드엑스코퍼레이션,2020,Aug_20,47.0,0.0,13000.0,8,2020-08-13,19066690,34201527896,11878899081,13014183743,16192648665,100000000,13465703393,1380412895,3317782722,2001405588,-10.0,25661505577,1.954141921901792,2.6280194418183265,0.1292902597645586,0.0779925239380275,0.1339080701256751,104.96869608726004,5.085804581810708,48.6,1,61.32,-0.2645609896232135,-0.1822613358384752,-0.0253401117199467,-0.0410371762951311,25661505576.0,-0.485855547395645,-295.175180589814,3.649295125229557,92.86,20.69,12.72727272727272,0.0,-5.641049411328448,0.491523723542997,4.700352526439477,0.5620796948710316,-5.641049411328448,0.5821813758537298,-1.0050879973309002,0.3044324139843235,10.77466324916836,0.5926862270331902,-0.317128,서비스,Protective
브레인즈컴퍼니,2021,Aug_21,1428.0,8.76,25000.0,1190,2021-08-19,4108796,24483506497,3620481224,1267356949,1251200834,1845398000,19559998485,0,207097803,233189183,160.0,2682570048,0.1176599454611784,19.318556241253543,0.0772012656871355,0.0869275280151044,0.0108939436446976,56.7536531382916,123.5427395528672,35.94,1,70.09,-0.0805677789161975,11.213763398874368,-0.1826483387927198,-0.1648909322839158,2682570047.0,-0.1662444887887489,-852.1060327648294,117.34299538985891,93.75,200.0,-6.666666666666665,50.0,-12.812523981275426,0.523168908819116,-0.6756756756756688,0.4791707412477919,-12.812523981275426,1.145164317938674,1.430094931729564,1.3184332465782544,-4.466100257505445,-3.029340100943523,-0.04601,소프트웨어,Growth
브릿지바이오,2019,Dec_19,58.8,0.17,60000.0,33,2019-12-20,6225058,27311416249,3936323284,39966063421,43566810982,1031298500,-59654516761,1412852494,-11848308518,-7051754437,-9.5,0,-1.460100338166048,0.6833651831380854,0.0,0.0,0.1232600830716517,-1132.801403135521,4.412877567339524,23.26,1,39.71,-0.3259764672091243,0.4445064960898204,0.0,0.0,0.0,-0.678899228051451,5410.539025821125,1.5145111851800377,90.91,-100.0,1.388888888888884,0.0,-23.541701028093897,0.2789678190694422,-0.3921568627451077,0.2392416642373884,-23.541701028093897,0.332762996335223,0.7186603280654236,0.5705517908742186,5.366362002371017,1.2936039831482278,-0.456792,바이오,Growth
브이씨,2022,Feb_22,190.0,11.0,15000.0,46,2022-02-24,6987800,29408504302,29935128511,9634831976,18783609427,2978900000,16855537662,1711389103,7548473769,5412302482,2.3,40518812202,1.3189766033561627,3.05231107042193,0.1862955343154755,0.133575052867242,0.2511995729396648,774.5359744125476,4.096880025867385,35.05,2,55.8,0.192072239202357,0.9133710146910357,0.0272704197329908,0.0286560764674341,40518812201.0,-0.0195107548481985,162.71477188814788,1.3677415939245847,92.86,0.0,1.1904761904761862,0.0,0.5636701531278376,0.4773054755043082,-1.333333333333342,0.5436337625178922,0.5636701531278376,0.0519226781128701,0.3626435289486585,0.4793663792400204,-3.6891057572738575,-2.9769047359316856,0.399398,스포츠,Protective
브이원텍,2017,Jul_17,557.47,8.3,17700.0,754,2017-07-13,7366090,29113475691,5917272119,7689183089,473080000,2924110000,22245135741,157107380,4341969018,2598035979,6.8,9715768879,0.3222833958763707,3.786289824812364,0.4468991669187276,0.2674040532824412,0.1025823167902437,352.70217700299617,6.188087618685077,54.5,6,63.62,-0.0159689293825974,0.1290932807503,0.0809558223865647,-0.0584695839562562,9715768878.0,-0.2482144347954274,-729.1922725625127,3.4772524757353365,94.12,100.0,-4.878048780487809,0.0,1.975978968710801,0.0715380684721544,0.0888099467140302,0.1654030286219132,1.975978968710801,0.8375674271991596,0.3858270503699135,0.0353786687804946,1.2986630791221645,0.013693921527768715,-0.51352,IT,Growth
블루엠텍,2023,Dec_23,582.0,0.11,19000.0,1709,2023-12-13,10650189,16564958212,30371245149,14439601279,10873516398,920818900,-23361800914,455179300,176442923,286239267,168.4,41854695636,-1.151339253166374,1.1471894474046855,0.0042156064049415,0.0068388806237979,-0.0130192775184746,26.876449516529707,122.5500310035104,25.89,2,66.18,0.5850115383453165,0.539603591856538,-0.0073287428496665,0.1925972589834233,41854695635.0,-0.6480396824155963,1372.454028656205,121.22727777004,71.43,100.0,0.0,0.0,2.7012327773749067,0.1277574312239293,2.5720164609053464,0.0443734469293577,2.7012327773749067,0.7355928719441573,-0.4891673471256741,0.5999631351792711,-0.1709768743836992,-1.046649474170028,-0.353585,의료/의약,Growth
비나텍,2020,Sep_20,1.0,22.0,33000.0,1386,2020-09-23,4871300,31669729335,31468583290,25429871212,14160970626,2300653000,8569714339,-617114682,4163414051,4762231101,23.5,23710325934,3.861295840688265,1.2453751366249743,0.1755949733710649,0.2008505118932626,0.464460523924452,977.6098990002668,5.655808069664412,0.23,1,55.25,-1.1483865266120905,0.3168341686162238,0.035276928297502,0.0978311555970346,23710325933.0,-0.3303080622816611,73.2484041221029,2.516488435128584,93.75,120.0,11.290322580645151,0.0,6.035597910628598,0.1996406468356859,-9.876543209876544,0.548956981734694,6.035597910628598,0.3805461175406366,-0.6782659982306094,0.5560852307114894,-2.6153011394465686,-0.27973576216133544,-0.538813,배터리,Growth
비디아이,2017,Nov_17,53.95,0.0,10000.0,1239,2017-11-09,5280500,45979392135,22231554851,33433758035,14559179322,2080000000,10504627306,123536673,4334022751,3051378835,69.5,34987493123,3.7765437585088937,1.375238526487709,0.1238734863273444,0.0872134172137669,0.2401116982785511,577.857936748414,4.664952352715511,47.34,6,50.77,-1.9854911194729128,0.2658220006532623,0.0560829287949275,0.0479037428609359,34987493122.0,-0.1655985844648815,-170.72657418805034,2.134028140946881,94.12,20.0,2.5316455696202445,20.0,13.638422409588191,-0.10086746015735,3.076923076923088,-0.7443131417151916,13.638422409588191,0.7252984150208253,-2.344530166052472,0.643241402666761,2.451456895651405,-2.658112561145032,-0.178494,에너지,Sensitive
비비씨,2020,Sep_20,977.0,3.5,30700.0,464,2020-09-21,5358683,28261788906,26198944911,17688190583,4268756309,2190055000,8182571382,-65664922,4938397387,4232572949,-27.4,17360435368,2.1303026092813195,1.5977772725471544,0.2844627615792867,0.2438056914633478,0.4106518652879488,789.8532062822152,6.5818492069034455,31.9,2,54.2,-0.9822933618614892,-0.0531132525519197,0.0392223186315262,0.0831725642770698,17360435367.0,-0.399545318349335,-141.3142727420152,2.9113522165768475,94.74,100.0,11.290322580645151,0.0,6.035597910628598,0.1996406468356859,-9.876543209876544,0.548956981734694,6.035597910628598,0.3805461175406366,-0.6782659982306094,0.5560852307114894,1.6956438466940282,-0.27973576216133544,-0.686466,부품제조,Sensitive
비씨엔씨,2022,Mar_22,1.0,22.74,13000.0,2686,2022-03-03,12367923,25805230833,41124619364,24396121450,14777223483,4896461500,13928403698,254713492,7109202493,5630178736,73.8,46809410956,2.0531556576525225,1.0577595658345929,0.151875495713512,0.1202787777289542,0.2950892589127711,455.22427136714873,3.904306466348391,64.32,6,75.82,-2.606704494754108,0.4030838094242919,0.0198482317574393,0.0777938936466383,46809410955.0,0.0911867918342805,292.59546611019493,2.212896434249598,93.33,160.0,3.529411764705892,0.0,22.848066467102445,1.5237070897194505,0.1930501930502037,0.645038892050831,22.848066467102445,-0.856700902592733,1.8934526094430693,0.1008849658453936,-0.8964872850324435,-0.1817250046773471,-0.00231,반도체,Growth
비씨월드제약,2014,Dec_14,356.75,54.5,15700.0,681,2014-12-15,6673848,24554270225,18606423083,13393906614,1921867000,830000000,26355924294,658995400,2578538084,2226918761,11.8,17488601802,0.550038347472779,1.833241856362849,0.1474410655118877,0.1273354374587755,0.0799757652552991,333.6783758035844,10.798723457597768,51.51,6,67.83,-0.0864495303157635,-0.9583417615623564,0.014169940823754,0.0175574120949872,17488601801.0,-0.0486669383817656,-165.96555390533314,4.395565831866109,94.74,100.0,1.4084507042253502,0.0,-8.809233816348138,-0.9788254095085992,-1.6441005802707909,-0.0095729404882227,-8.809233816348138,0.1369764005791252,0.8428454022463727,0.310137450143344,-3.022406714439385,-0.6424815515465698,-0.178264,의료/의약,Growth
비아이매트릭스,2023,Nov_23,980.0,4.2,13000.0,806,2023-11-09,7206940,19634,5918,5387,6720,2985,7272,638,-1222,-862,-10.3,11818,1.1112436897659477,3.644700204195285,-0.1034015907937045,-0.0729395836859028,-0.07911886186324,-0.000119606934427,-11.002454991816697,57.05,6,72.4,-0.310254604953563,0.1436773606903414,-0.2683750171648676,-0.1882727482977832,11817.0,-0.4542805694958403,-0.0005622358448939,-13.948104783620334,71.43,205.26,-5.47945205479452,0.0,-4.605983743586794,-0.3818089258442292,-1.0183299389002087,-0.52087931491126,-4.605983743586794,1.018780022625032,-2.983660203303496,0.8630997806762908,2.19284210526316,-2.4919351616730765,0.060324,소프트웨어,Growth
비즈니스온커뮤니케이션,2017,Nov_17,513.97,14.9,9000.0,1,2017-11-30,9544940,13853894805,2093784783,3390891900,212928999,3795000000,6148858689,0,2662738590,2581737239,55.6,6252466845,0.362416745019374,4.0856197170425865,0.4258700855214211,0.4129149826783287,0.259631328214262,270.4822910358787,4.635775639170047,41.9,6,54.95,-0.58839912445857,1.4915500755227704,0.0209788006250751,0.1887193256446963,6252466844.0,-0.0969130489672256,-4.590608427082827,2.576610512017154,93.33,100.0,2.5316455696202445,20.0,13.638422409588191,-0.10086746015735,3.076923076923088,-0.7443131417151916,13.638422409588191,0.7252984150208253,-2.344530166052472,0.643241402666761,-2.618218997620869,-2.658112561145032,-0.960705,소프트웨어,Growth
비트나인,2021,Nov_21,1662.0,5.96,11000.0,590,2021-11-10,10353956,13474457503,1624674713,3841619995,771788917,4110413000,-28537651988,127753544,828710631,795009400,3.6,9243251502,-0.1898562388340259,3.5074935887821983,0.0896557483933752,0.0860097120399656,-0.0327171290039107,76.78315418763611,12.65305754717656,23.41,3,58.14,0.2213012293844278,2.9777858043237133,0.163881399500297,0.96939610097184,9243251501.0,-0.408486780949251,1064.462790550781,7.895860852486474,93.75,230.0,0.0,33.33333333333333,18.97965128375847,0.7148093841642167,0.8379888268156277,0.5031446540880502,18.97965128375847,-1.1295902700599547,0.0076089345800944,1.369195361030484,-2.565731063767518,-7.860156172563759,-0.052366,소프트웨어,Growth
비플라이소프트,2022,Jun_22,111.05,9.41,10000.0,26,2022-06-20,6595145,8495294589,872246185,6446132201,511567600,2624659000,-8470179502,1358883035,-820599525,-1899039453,-9.5,16994279855,-1.5507604196182765,1.317890220694219,-0.048286807796599,-0.1117458032469243,0.4232656342233501,-287.94506458917886,-2.9366833633007525,31.83,3,34.55,-0.2708774201509356,0.2396254275807854,0.0162717951943552,0.0397748679151681,16994279854.0,-0.3418288998566381,55.28360589494241,-2.221653935063384,94.44,-260.0,1.162790697674421,0.0,-1.1609734315695452,0.5607315389924095,-6.2984496124031,0.6604651162790631,-1.1609734315695452,-2.1068882588998195,0.5882445585409402,0.4158648699506662,-9.363734576675952,-4.700176575165571,-0.12078,IT,Growth
비피도,2018,Dec_18,74.62,0.0,18000.0,159,2018-12-26,4090000,26597554274,12283275535,1164320847,791340602,1833849500,17920828266,0,2909648319,621641791,102.8,11325257044,0.0989973854377878,22.843835822858885,0.2569167576237486,0.0548898615355789,0.0314680805408992,151.99065794621026,12.69059498320766,41.78,1,55.55,-0.8933703084011637,10.462592161792385,0.0360686457033951,-0.1225987537606789,11325257043.0,-0.0996587709599379,-440.9739630806846,6.561657703598463,93.33,-62.12,0.0,0.0,11.497067876963165,-0.4876107075330815,1.2422360248447228,-0.3443068559347617,11.497067876963165,0.1754509737937892,-0.5032873168051788,0.6060885775937441,-3.488300155617208,-3.8956144731254065,-0.320821,식품,Protective
빅텐츠,2023,Aug_23,726.0,2.8,23000.0,181,2023-08-17,3144610,11092,13201,12205,468,1327,-3086,180,-1091,-940,14.6,879,-8.025965801139963,0.9088078656288406,-1.2411831626848693,-1.069397042093288,0.5953134895503484,-0.0002989241909171,-10.650779101741522,42.83,1,63.84,13.030372227029051,0.0483499448367614,-1.2948288344192782,-1.1105698624469955,878.0,2.671995805669284,-0.0007209161072438,-17.91625047247605,70.0,100.0,-2.6666666666666616,0.0,307.6674834160043,0.8324036728739381,-0.0966183574879209,0.8895677958486781,307.6674834160043,-0.8304130834931089,2.500971779522665,0.2611582294662184,-3.2245056282908524,2.4164098988924247,-0.012761,엔터,Growth
빅히트엔터테인먼트,2020,Oct_20,1.0,43.85,135000.0,606,2020-10-15,33846192,367787924,452872695,229964391,388652140,13358096,-9802387,-89323,49754830,33169756,91.1,293995796,178.46152476960154,1.5993255407964444,0.1692365356135909,0.1128239126249274,9.568973564975163,0.9800144134382976,4.0607934546254105,34.74,6,69.29,183.50348908829488,-0.0886331128194894,0.0010853895028185,-0.0105089825681778,293995795.0,11.496274185263696,-1.1597859812412574,2.303465298287736,95.24,100.0,-5.797101449275366,0.0,98.03110088484644,-0.3984857541342812,15.317559153175589,-0.5558864403414576,98.03110088484644,1.4183311135951948,-2.89446895147607,1.1900580079187817,-1.179380511343897,0.24640234948605239,,엔터,Growth
사이냅소프트,2024,Nov_24,1163.2,0.19,24500.0,60,2024-11-19,5037023,20447620,22017573,4076725,2214999,1998362,34396961,-226055,2486673,2807912,-24.5,6197501,0.1739522071610628,5.015697649461271,0.4012380151290012,0.4530716493631869,0.0776325359971343,0.5574546711420615,14.546934397888265,39.03,24,69.79,-0.0556450357362522,1.2000237803739005,-0.104389952683248,-0.0353785515941209,6197500.0,-0.1086559402831462,-0.6763780907889442,9.360631090791417,71.43,100.0,-2.777777777777779,-7.692307692307687,22.43887499361952,0.0756238971514999,-1.080550098231825,-0.2528555235853047,22.43887499361952,-0.0716753479108822,2.3791329904482077,0.7845836519063676,-4.69737334171233,-0.26401037511315506,-0.46711,소프트웨어,Growth
산돌,2022,Oct_22,462.19,7.8,18800.0,113,2022-10-27,7671826,13786878513,23001661323,4243390328,6139991589,3068563000,11445025519,-35467877,6447579879,7901124847,10.9,11267172911,0.717177468937408,3.2490243525388927,0.5722446908314781,0.7012517611481963,0.5457286233739066,1029.8884316458689,4.095359563516623,2.89,6,77.32,-2.6276185662840725,1.7031640465436608,0.1736686692410605,0.6653069552253369,11267172910.0,0.4322819872120518,973.5499226650865,0.16495887841993,93.33,100.0,-3.658536585365857,20.0,2749.336870026525,0.5148888698189191,-2.9508196721311557,0.3124425657048402,2749.336870026525,-0.662469750578798,2.5201388339956665,0.5247206058147658,2.2753880939826443,0.9882057129422464,-0.542143,IT,Growth
산일전기,2024,Jul_24,413.86,42.4,35000.0,423,2024-07-29,30445200,123005571049,157801401083,69911845720,72261431259,11972600000,81475120103,31669234554,23250534111,16467642394,43.4,70643765420,1.1363230296705895,1.7594381865076585,0.3291236526361253,0.2331082197571795,0.1316179924546994,540.8945381866436,5.962602600488707,36.02,6,85.89,0.5002402816489501,-0.1917194458129667,0.1118912986180373,0.0510837641141177,70643765419.0,-0.2482158682612716,-741.7750346195787,3.2610233480014728,70.0,183.33,-2.7027027027026973,0.0,-16.928748169469277,0.2767759791998614,2.775024777006929,0.2547434996486242,-16.928748169469277,0.3144364019820767,0.2354850630013061,0.4306192460594271,-3.552023101228297,0.5129030047327898,0.138566,기계제조,Sensitive
삼기이브이,2023,Feb_23,37.51,4.83,11000.0,117,2023-02-03,14280614,65609947315,36375919546,31973017857,21898214605,1207692900,12522236708,0,7610576768,12114613391,144.1,80285397375,3.923635007612196,2.052041118184148,0.0947940349906003,0.1508943567211184,0.8823507284364512,848.32580664949,6.322074642398509,3.5,6,72.76,-20.606500386083503,-0.7402353277023561,0.0312632998512677,0.1527399568147821,80285397374.0,1.020489128646663,863.4287427697436,1.480390992263401,94.12,-103.7,-2.857142857142858,0.0,-42.8042804280428,0.1885337218270555,-0.6622516556291314,0.2362133187971293,-42.8042804280428,-1.0888076745658393,1.8833433553818504,0.2651369175748153,4.875058137076671,0.8543423775171366,-0.144542,자동차,Sensitive
삼성바이오로직스,2016,Nov_16,295.63,24.63,136000.0,45,2016-11-10,66165000,192854,5767640,1911669,1273991,137844,1601530,4839,-203642,1904946,5.9,91278,1.8264168424383949,0.1008825272575953,-2.231008567234164,20.869716689673307,1.0921521626085804,0.0287908410791203,-13.626039814969408,74.93,6,79.93,6.064298854269947,-0.8148416887276071,-1.09413612907498,21.817780865271743,91277.0,0.5094131348535356,0.0302974986775485,-8.349758037169323,93.33,100.0,-4.000000000000004,0.0,49.627619151015104,0.4493677500261306,-6.712062256809325,-0.1473350003631579,49.627619151015104,-0.8479770075943138,3.2311957912697364,0.3548201278352536,-1.4953271028037451,4.898405086927447,-0.587187,바이오,Growth
삼성에스디에스,2014,Nov_14,651.5,48.11,190000.0,134,2014-11-14,77377800,3263510318467,2262258161563,1247561511145,263939761739,38688900000,2829145593955,-151034139427,275142333681,201800173267,72.4,3926294548786,0.5563534583484692,2.615911351314278,0.0700768447864089,0.0513971050209149,0.07427861709848,2607.98540753291,14.589783961780816,22.58,6,63.76,0.0084926117017544,0.2140766982431508,-0.0016758004302427,0.0051376680363824,3926294548785.0,-0.0517822941331771,-1604.8832051570348,6.909487793199139,93.75,100.0,-6.578947368421051,0.0,43.83646871981271,-0.3086727073583595,-2.083333333333326,-0.2016878085027262,43.83646871981271,-0.1726619709831456,3.2840381785943284,1.2375331286426317,0.6816876038447939,1.7301550971637556,-0.178494,IT,Growth
삼양엔씨켐,2025,Feb_25,1242.26,0.99,18000.0,1282,2025-02-03,10830140,54917,72865,35222,11549,4849,32668,-15823,8002,6261,-0.2,81155,2.155941735041947,1.5591675657259667,0.0986014416856632,0.077148666132709,0.2886051442795243,0.0005781088702454,10.123844038990253,60.6,30,80.61,-2.485287773154774,0.1669752867480509,0.0238775489034963,0.0296856071994108,81154.0,-0.0950014130975249,0.0001459814923906,-0.0212428231161538,85.71,100.0,,,,,,,,,,,-2.661589417107968,,-0.048973,화학,Sensitive
삼양옵틱스,2017,Jun_17,33.2,8.7,16700.0,2,2017-06-02,10059880,25358848820,17288160105,7461534448,1237033746,5000000000,24714315793,383004106,19558642362,15966108170,0.6,62786098080,0.2890147103858578,3.3986104328443085,0.3115123086177296,0.2542936837650988,0.530482721504066,1587.1072189727909,1.7357258291586528,59.64,1,62.27,0.0255613069475353,-0.8987835983129298,0.0038516881698023,0.0253790533289442,62786098079.0,-0.0186246853959293,285.0160928360974,0.1619568037035612,93.33,0.0,1.2345679012345734,0.0,47.08602911443589,-0.3868471953578423,3.1135531135531025,-0.2132327312242554,47.08602911443589,0.5580069251600595,0.4230058296601724,0.4169538403611117,3.539170104555467,-3.070290195132575,0.175412,부품제조,Sensitive
삼양패키징,2017,Nov_17,16.73,0.36,26000.0,2,2017-11-29,14209804,104229406787,396663554003,79162369609,188558401129,71049020000,46416008644,1461566,23341716608,15156744462,-8.5,169372196247,2.2791246274523385,1.3166534466036262,0.1378131542556143,0.0894877955050929,0.1290303680215831,1066.6399383130126,9.989504798121144,51.0,6,74.13,-0.398260095738097,0.0956964967067841,0.0057530922484334,0.0113907323006944,169372196246.0,-0.107691172290641,-637.808638247227,4.66613601918651,93.75,0.0,2.5316455696202445,20.0,13.638422409588191,-0.10086746015735,3.076923076923088,-0.7443131417151916,13.638422409588191,0.7252984150208253,-2.344530166052472,0.643241402666761,-1.4769247658366624,-2.658112561145032,-0.410036,부품제조,Sensitive
삼영에스앤씨,2021,May_21,1767.0,15.0,11000.0,2392,2021-05-21,5557158,12478034356,5670549553,2010835833,1690708607,2209504000,4021792505,-53617280,182225063,1258837682,160.0,13557858486,0.5991804211880231,6.205396855984911,0.0134405491241974,0.0928493008906893,0.2037719402628905,226.5254437610016,79.2812977049156,9.57,1,64.47,-1.373178305802108,4.482269388597521,-0.0496186042566312,0.0491948362312181,13557858485.0,0.0604483934513518,112.70628223995072,70.71233940571376,93.33,145.45,5.952380952380953,0.0,52.27385432163592,0.5434782608695787,3.121951219512198,0.0686409099823537,52.27385432163592,0.9173412343983056,0.3466142576380004,0.7233543317996194,-0.5560683916863818,4.76109698457543,-0.58296,전자/회로,Growth
삼현,2024,Mar_24,649.11,11.71,30000.0,1645,2024-03-21,10585856,56206648490,37752043071,44596126800,2682599888,4267928000,42577006693,-164969820,8000270581,7223298574,56.7,72737982928,1.012826955132229,1.260348207862751,0.1099875231475569,0.0993057311081888,0.1547408742412744,682.3537533478634,5.8347982609314695,68.59,12,88.3,-0.0162643957482755,0.2165895509189328,0.0698611691957047,0.0508850063817879,72737982927.0,0.0709462205999477,368.4892892931852,-8.565957192195599,66.67,200.0,4.347826086956519,0.0,-4.135668340696197,0.2277520033741042,-1.1776251226692902,0.1494111443135937,-4.135668340696197,0.8449629016667792,-0.0788442188415117,1.6885750070358752,4.257557637869169,0.08615753827548867,-0.464285,부품제조,Sensitive
상신전자,2017,Oct_17,601.54,0.0,13300.0,1002,2017-10-16,3921000,33362191515,10968995482,21837933846,3021910748,1600000000,17656339428,215002975,3619229955,2714325859,65.4,41436578243,1.2767401486489076,1.527717399927506,0.0873438422877354,0.0655055502672578,0.1394010645399465,692.2534707982658,5.379968293006682,24.48,6,76.66,0.0110418921477426,0.0077846461660293,-0.0049102520108858,-0.0068146803729046,41436578242.0,-0.1498140597781423,-636.9523654679928,2.6694449448715494,96.15,100.0,-1.2499999999999956,0.0,-26.797418959932678,0.111077451277386,1.4692378328741815,-0.0967689361528689,-26.797418959932678,-0.0549166352738494,-0.0017674245972432,0.3245250799673638,2.557263430388601,-6.108574663461175,-0.689229,전자/회로,Growth
새빗켐,2022,Aug_22,1670.9,42.37,35000.0,1724,2022-08-04,0,13507038742,10378853595,6707864679,2531630122,2048387000,12074504491,0,5540032480,4422891976,107.1,33388663651,0.6542211845844734,2.013612287720392,0.1659255529933158,0.1324668762497038,0.3131718443647709,0.0,2.6437385681175645,36.66,6,65.82,-0.0257075769004533,0.6360486529286284,0.0413353861362659,0.0308213357359609,33388663650.0,0.0973712242424409,0.0,-1.216650320507188,93.33,200.0,-3.658536585365857,11.111111111111116,-7119.327731092437,-0.3849443969204502,3.2596041909196627,-0.0919709371838606,-7119.327731092437,-0.4954845889972858,0.8444240477283094,0.5882007477808093,6.097435413431263,0.38871731521517017,-0.268859,화학,Sensitive
샌즈랩,2023,Feb_23,1325.79,1.3,10500.0,868,2023-02-15,15111000,6149222397,2727127977,4657602967,0,1200000000,-2691813020,83355298,-990908981,-732699111,137.1,3160411860,-3.306881629635454,1.3202547405969136,-0.313537926351156,-0.2318365907537127,0.5202137767824315,-48.48779769704189,-4.257451983877013,13.28,1,74.27,0.8171263919327547,-0.9465443780738114,-0.4038173783465271,-0.3673617743232524,3160411859.0,1.4867520463374424,-97.04266792402883,-14.21755417441108,92.86,100.0,-2.857142857142858,0.0,-42.8042804280428,0.1885337218270555,-0.6622516556291314,0.2362133187971293,-42.8042804280428,-1.0888076745658393,1.8833433553818504,0.2651369175748153,-1.650699775180764,0.8543423775171366,-0.435059,소프트웨어,Growth
샘씨엔에스,2021,May_21,1.0,25.0,6500.0,1104,2021-05-20,50153846,17108009408,29608746665,18392769412,3857361695,20000000000,5268456206,-801831240,7806361322,6034564109,28.0,35942186926,0.909407453538028,0.930148637476976,0.2171921630164636,0.1678964087918282,0.2466447300102045,120.32106389208916,3.1341906884386463,71.2,1,72.76,-0.3836647572989576,0.4167175459124534,0.167073631560639,0.1414060877765771,35942186925.0,0.2163297228166416,109.23693686422374,-14.301180935000067,94.12,214.29,5.952380952380953,0.0,52.27385432163592,0.5434782608695787,3.121951219512198,0.0686409099823537,52.27385432163592,0.9173412343983056,0.3466142576380004,0.7233543317996194,-0.6031802908718187,4.76109698457543,-0.229934,전자/회로,Growth
샘코,2017,Sep_17,19.26,0.96,11000.0,207,2017-09-15,7920191,20471325672,22441688828,10284908796,8844432286,3105565500,6975983304,633648,1445632196,717649732,-6.8,14273267786,1.8973412922323496,1.9904236467280771,0.1012824965995491,0.0502792873194679,0.0711799985188365,90.61015472985436,16.452091675744608,44.67,1,63.55,0.1360866357867525,0.3958820680577153,0.0165365231614272,-0.0206598659561116,14273267785.0,-0.1497601817000449,-167.47021252391514,8.205329547419625,93.33,-75.0,2.564102564102555,0.0,14.448757990601012,0.6709362610551883,-2.156334231805923,0.1162577250198859,14.448757990601012,-0.0428950757842105,0.0707469998850296,0.3069946043555482,0.6653166265873534,-0.3246242808644605,0.107621,항공,Protective
샤페론,2022,Oct_22,26.0,12.99,5000.0,9,2022-10-19,22231781,23519680460,1427238684,1561270790,1712367083,9701185500,-82655401706,4221115007,-4068060017,-3926648287,72.6,2000000000,-0.0476282579411334,15.064446610187334,-2.0340300085,-1.9633241435,0.0571289265070601,-176.62319932892467,-5.327669990223746,21.54,2,70.87,-0.0078442119286546,-5.830712004284871,17.984054299095323,43.620861586671474,1999999999.0,-0.3039427991284258,895.4116855055382,-2.99642364912355,95.0,-160.0,-3.658536585365857,20.0,2749.336870026525,0.5148888698189191,-2.9508196721311557,0.3124425657048402,2749.336870026525,-0.662469750578798,2.5201388339956665,0.5247206058147658,0.6106499509861196,0.9882057129422464,0.205606,바이오,Growth
서남,2020,Feb_20,1.0,4.87,3100.0,881,2020-02-20,20365160,6311779983,5225922162,1941133977,1913041001,8380080000,-45076634541,808449230,-2552549441,-2501845895,53.2,862165281,-0.1073942172371708,3.251594201011711,-2.960626572713962,-2.901817029906589,0.069712398392711,-122.84931201129773,-3.0101384300669456,11.18,3,42.27,-0.0033763202357713,0.142502639508852,-2.630001799926497,-2.6032221938537643,862165280.0,0.027140977944727,-51.67953465624626,1.4334594959911793,93.75,100.0,2.7027027027026973,0.0,-3.2267089433927088,-0.3266679865373212,-7.1157495256167,0.0699370566490165,-3.2267089433927088,-0.1174531826341307,2.534613666815533,0.5245874298700715,3.609704531833247,1.735154515483229,-0.617149,전자/회로,Growth
서울바이오시스,2020,Mar_20,1.0,9.5,7500.0,942,2020-03-06,38223653,109376337103,446056531324,258286784545,134889417434,18081826500,52516322334,3469315629,3216201907,2505289715,48.0,259091660913,5.308352389670488,0.4234685769760857,0.0124133748483706,0.0096695111921847,0.0338244292978532,65.54291697342481,50.44977620803332,63.88,6,65.08,1.832913939619854,-0.1147237680676668,-0.0308021622081721,0.0003505190696516,259091660912.0,-0.0156329183347494,-28.665109297638296,40.81045617295995,93.33,100.0,-9.210526315789467,-40.0,14.8597860653368,-0.883901082530536,-18.99897854954036,-0.219648562300323,14.8597860653368,-2.189067273992218,2.2030675411923277,1.0636181417109205,-9.00689956604539,9.357541899441335,-0.144503,반도체,Growth
서전기전,2014,Dec_14,11.54,0.0,6500.0,8,2014-12-24,4849390,20437162899,10445409752,9664183524,756907681,1800000000,18661481446,0,3281986228,3377291885,41.5,35431408351,0.5093028690274629,2.114732491187323,0.0926292908113366,0.0953191544502825,0.1650560783642684,696.4364353042341,6.234481202704181,57.9,6,59.4,-0.323535823675844,0.7342058313512216,-0.0337538696671026,-0.0086295274519321,35431408350.0,-0.2202894190803928,-479.155869294901,4.1000631461381785,93.75,-266.67,1.4084507042253502,0.0,-8.809233816348138,-0.9788254095085992,-1.6441005802707909,-0.0095729404882227,-8.809233816348138,0.1369764005791252,0.8428454022463727,0.310137450143344,-2.01348025027559,-0.6424815515465698,-0.688273,에너지,Sensitive
서진시스템,2017,Mar_17,588.0,36.65,25000.0,742,2017-03-27,5645085,98157413283,129165508759,130032830349,24785837366,2151092500,39679489368,7001066149,24390510140,19626660876,49.4,165870701012,3.170457561889007,0.7548663904304138,0.1470453189815328,0.1183250613656,0.4019250152926904,3476.7697698086035,2.972641978820046,44.59,6,67.01,-0.159600453811521,0.1497451487207852,-0.1417129544805503,-0.1163868026952008,165870701011.0,-0.138912906262147,244.38898245110568,1.4697302593047457,92.86,100.0,5.333333333333323,0.0,-27.27272727272728,-0.0405063291139318,2.754237288135597,-0.0686250409701827,-27.27272727272728,0.3727101175602598,-0.8865248226950451,0.2562240915152003,2.942145603018065,0.03881829124547975,0.218244,부품제조,Sensitive
서플러스글로벌,2017,Jan_17,81.31,1.04,8000.0,548,2017-01-25,18494000,78076551656,16517608011,36087017365,7692580643,1411900000,49446057531,-93051465,13814258082,9712530233,-10.8,73384486084,0.8623988775056862,2.1635634462748565,0.1882449386671104,0.1323512741082971,0.1913237113129419,525.1719602573808,3.678414096317735,65.12,6,69.08,-0.188406350978371,0.2699147545856033,0.0391739633157913,0.0311927366583202,73384486083.0,-0.0497208926694685,3.211865686168494,0.7746678107426992,92.31,30.0,0.0,0.0,-20.54820585140913,1.4542079207920944,-1.0615711252653923,1.0628801561105128,-20.54820585140913,0.7908165743449214,0.2385221774875656,0.4237315239456585,1.223830162344819,0.6727295821439272,-0.459892,반도체,Growth
석경에이티,2020,Dec_20,1.0,6.46,10000.0,1751,2020-12-23,5455000,8100518421,11272205017,6440931381,2021311687,2212500000,7871789164,6851018,961770097,855846878,160.0,4666230391,0.8385814601103715,1.257662586640123,0.2061128612198437,0.1834129064117186,0.0848117123104295,156.89218661778185,11.344166765043434,41.45,1,42.0,-0.1810358438935305,0.3158990577524456,0.0004496496151031,0.0099104795452787,4666230390.0,-0.035540647481767,-46.77230082493125,3.712387596742959,92.31,100.0,5.555555555555558,0.0,35.826117481862866,0.7795322806316118,-8.28282828282828,0.2397841942251899,35.826117481862866,1.5401576045591223,-1.936853039148956,0.5581519671069568,2.358857956694949,3.519132365719435,-0.884197,화학,Sensitive
선진뷰티사이언스,2021,Jan_21,1.0,17.83,11500.0,1987,2021-01-27,6115650,34107699326,55333258111,27581967600,28828311454,2417800000,26827896402,15433298,3617433535,2880283087,160.0,35724708021,1.9278230072573035,1.2365941335526769,0.1012585892339153,0.0806243982541967,0.0984337623506039,470.9692488942304,9.130970358796102,53.92,2,67.54,-0.1552206808910468,-0.0986834238444693,0.0030087303276753,-0.0107834827984449,35724708020.0,-0.0644225499490488,-237.54128375561064,2.650860868262571,93.33,100.0,-7.8947368421052655,0.0,-17.03524384675691,1.1106703689012232,4.845814977973584,0.7076647064686581,-17.03524384675691,-0.0835959311143219,0.215499529736185,1.120452851386,2.997677855182612,2.82781966456378,-0.100964,화학,Sensitive
성우,2024,Oct_24,516.19,3.3,32000.0,816,2024-10-31,15045670,97020008155,75247203638,34992323955,15915447196,6022835000,109714074764,-4251714135,10330714847,11074478805,-12.5,69965791081,0.4566325677932223,2.7726083091756744,0.1476537989121003,0.1582841933735728,0.0993358691485245,736.0575371518848,11.747438820968163,26.79,6,82.27,-0.0973659354728588,0.298915603426193,-0.0495523939493443,-0.0114970718112289,69965791080.0,-0.1651886268601336,-918.9026329169787,7.948893523133611,71.43,175.0,0.0,-7.14285714285714,-5.249921408362157,-0.1258811681772331,1.8000000000000016,0.0348887919755735,-5.249921408362157,-1.0191509687987763,1.9613131358535263,0.9842997943111164,-1.5695576666114652,0.46017924977079816,-0.353849,기계제조,Sensitive
성일하이텍,2022,Jul_22,2269.68,38.66,50000.0,1207,2022-07-28,11618219,54358167171,146521328670,46052831231,38821075308,4461824500,-1347706529,-505004063,7889081449,7366311105,76.4,46984122552,32.529781961133146,1.180343655710126,0.1679095196524891,0.156782987632626,2.823299926620145,634.031008108902,14.7045749307994,32.97,2,65.44,49.57273775442394,-0.1284639596548407,0.069268995246978,0.2300910243569213,46984122551.0,0.6110336879193792,1507.8489354521548,6.741125343783237,94.12,136.76,-5.747126436781613,28.57142857142858,-98.07996385814322,0.283091704555205,-11.16856256463288,0.4805470843729953,-98.07996385814322,0.0746149115019356,2.3525267154656198,0.1496880537428024,3.601618303334031,-2.466917609281727,-0.932346,배터리,Growth
세경하이테크,2019,Jul_19,10.71,0.0,35000.0,1,2019-07-30,5624000,100093379999,64309481597,58202513258,1936441756,2400000000,77753392374,1158650987,17920829443,15953621290,-4.7,102486476218,0.7396069822892272,1.7197432618640751,0.1748604313888246,0.1556656241752804,0.1962024397686197,2836.703643314367,5.818029065765491,36.68,6,42.61,-0.1956740075112251,0.2566984418239078,0.0244400109907298,0.0317455807531198,102486476217.0,-0.2927874168981448,-2817.0976706970127,3.5386237927121464,92.31,-183.33,2.7397260273972712,-14.28571428571429,38.93542711588458,0.0,-1.724137931034475,-0.3055552763566616,38.93542711588458,0.0100704108308979,-0.0263690648338754,0.425691124417149,-0.9763063561915364,0.6981947740327783,-0.706269,전자/회로,Growth
세미콘라이트,2015,Jun_15,187.7,4.5,11300.0,143,2015-06-25,5200000,15987195294,21651585538,14191831912,2764364058,2064112500,4803829229,616501170,1953705076,1617757471,32.3,13348947140,2.265525463794443,1.1265068099123918,0.1463564920521514,0.1211898926584557,0.2161493504367772,311.10720596153845,10.586339318084466,33.18,6,45.06,-1.0594256037665306,0.192526172245579,-0.0325111363161325,-0.0085788546263022,13348947139.0,-0.8523325515595233,-890.1751159615385,8.37588641856602,93.75,0.0,-2.531645569620256,-14.28571428571429,53.9124545958259,-0.0510725229826425,-7.055503292568199,0.0200231847402365,53.9124545958259,0.8731079387486851,1.917948811934722,0.332615607456832,0.8200763986267567,4.556465863453807,-0.534638,반도체,Growth
세아메카닉스,2022,Mar_22,1.0,6.73,4400.0,2475,2022-03-24,26489500,29540721732,25608488715,15440220629,838077165,624000000,37288078697,-732556381,5068648491,5399333244,72.7,78848221733,0.4378296648258637,1.913231840516338,0.0642836119774993,0.068477552509472,0.1452233086296654,203.82918680986805,7.668890972025387,44.93,3,71.3,0.0005595234331693,-0.3360008822112981,0.0042032451645086,0.0170323932486978,78848221732.0,0.0113586525899626,43.22803997810453,0.9319034478037588,92.86,180.0,3.529411764705892,0.0,22.848066467102445,1.5237070897194505,0.1930501930502037,0.645038892050831,22.848066467102445,-0.856700902592733,1.8934526094430693,0.1008849658453936,-0.6341278739607215,-0.1817250046773471,-0.540799,금속,Sensitive
세원,2017,Oct_17,90.67,0.0,5700.0,640,2017-10-20,3633000,19831473543,14098394447,13563458357,2240000000,1470000000,16287409633,0,1031645097,-293176115,95.6,22005481082,0.8899641717805047,1.4621251469220695,0.0468812789484463,-0.0133228677849634,-0.0165100721929153,-80.69807734654556,17.5703928470277,37.49,6,57.14,-0.1516358035600851,0.0031847260208359,-0.0259952464479957,-0.0759139821464101,22005481081.0,-0.163367710333202,-810.3612730525737,11.602554571534432,95.83,50.0,-1.2499999999999956,0.0,-26.797418959932678,0.111077451277386,1.4692378328741815,-0.0967689361528689,-26.797418959932678,-0.0549166352738494,-0.0017674245972432,0.3245250799673638,4.221106789857276,-6.108574663461175,-0.178494,자동차,Sensitive
세종메디칼,2018,May_18,836.68,36.36,15000.0,922,2018-05-29,6777741,11319912692,14418000040,2696071833,1287391424,2748420500,18927939784,78089191,5187327835,2704537927,100.0,14549536200,0.1831102764323113,4.1986688015667575,0.3565287417890338,0.1858848206446608,0.1243211385380277,399.03235119193846,4.193767999049167,67.74,6,68.9,-0.1173328245379609,2.137357141709872,0.0631486853653376,-0.0625431850370175,14549536199.0,-0.0420741172553283,-69.14262849524641,-0.8951918634731673,93.33,144.83,2.5316455696202445,0.0,46.61433435649709,0.2899710028996916,0.8279668813247376,0.0485186645237556,46.61433435649709,0.1403194857707124,0.8082340600884086,0.4931056714832627,0.3036970214016721,1.1958225081446945,-0.332457,의료/의약,Growth
세진중공업,2015,Nov_15,8.89,26.5,3500.0,2,2015-11-30,38832000,180966322708,342482868943,237275290913,133667812455,20516000000,108518536296,22506190029,25653893205,14823041303,-10.4,282379347081,2.44781130699124,0.7626850735770612,0.0908490421491102,0.0524933620543716,0.09781556194478,381.7223244489081,5.944754157364163,62.09,6,65.56,-0.3608538716860803,0.0162402943388687,0.0322184380486243,0.0209551507198872,282379347080.0,-0.0331693485769659,-79.53807921302018,1.8090776204240724,94.44,0.0,0.0,0.0,7.596947642841623,-0.3966183070660656,0.5655042412818112,-0.1895415201229822,7.596947642841623,-0.3076910372981856,0.3300876169241684,0.2786602411644745,-0.2313945276696705,0.26733969626535625,-0.872875,건설,Sensitive
세틀뱅크,2019,Jul_19,1.0,14.8,55000.0,309,2019-07-12,9267000,110201373655,11129781115,61267520435,1271328878,4170000000,53574886068,1047419389,3505219336,3191352220,-6.2,15356642059,1.0637250712806317,1.7986915885051191,0.2282542838813978,0.2078157586625298,0.054281800912436,344.3781396352649,16.772789323960296,40.81,6,46.3,-0.0033223773968156,0.0116201183045434,-0.002127601766169,-0.0020251395847136,15356642058.0,-0.1633494215145845,-950.0421680155392,12.58754701924488,93.33,220.0,2.7397260273972712,-14.28571428571429,38.93542711588458,0.0,-1.724137931034475,-0.3055552763566616,38.93542711588458,0.0100704108308979,-0.0263690648338754,0.425691124417149,-1.8656558483396315,0.6981947740327783,-0.466759,IT,Growth
세화아이엠씨,2015,Mar_15,216.0,10.45,16300.0,732,2015-03-19,11335440,121529738161,218590251238,157718434129,39686121264,5337720000,75560908183,8300707035,24107384767,13556693426,1.2,181969447320,2.213072047124009,0.7705487239468737,0.1324803977923078,0.0744998329426151,0.1519820006827172,1195.9565244930943,5.919988227066406,39.33,6,50.92,0.1671054050880083,-0.4172286398783137,0.0533995023050292,0.0558848817908634,181969447319.0,0.0994446715334856,833.5828929446056,-1.6272290178154163,93.75,100.0,8.333333333333325,-12.5,7.448662482481261,-0.1224614756607733,-1.828681424446588,0.0095150496368434,7.448662482481261,0.104917604205923,1.290058266569538,0.8373405179085802,2.6231241816899957,4.871929008757647,-1.330744,금속,Sensitive
센코,2020,Oct_20,848.0,1.8,13000.0,366,2020-10-29,7770644,12454948474,8131370385,4414381797,4993688268,3198642000,-8276668690,0,-1447339818,-1340255340,17.3,6071501917,-1.8527019725057805,2.821447950529413,-0.2383825020210399,-0.2207452716513735,0.2639323150150674,-172.47673937964473,-7.723306341040636,30.01,2,65.12,0.0313899959747154,-0.1045833403489928,-0.3567354427359643,-0.0991737814659182,6071501916.0,-0.3732756375555391,137.8351215163119,-13.036259567149266,93.75,100.0,-5.797101449275366,0.0,98.03110088484644,-0.3984857541342812,15.317559153175589,-0.5558864403414576,98.03110088484644,1.4183311135951948,-2.89446895147607,1.1900580079187817,-2.7295606949948925,0.24640234948605239,-0.150784,전자/회로,Growth
센트랄모텍,2019,Nov_19,862.63,6.18,6000.0,580,2019-11-25,8400000,72593397278,158180932824,87362292731,58601068402,3150000000,66797430521,14863538448,7279735149,4008050916,65.7,152901508105,1.7210434323224435,0.8309465675485948,0.0476106170516047,0.0262132857005413,0.0472586384134464,477.14891857142857,11.650282219491224,56.25,6,68.99,-0.2063699182801559,0.0962602477391458,0.0147300167522025,0.0119520792766585,152901508104.0,-0.0080441704785412,-54.83064511904763,3.8075147620372007,94.44,100.0,-2.7027027027026973,0.0,-6.324354946696198,-0.1392896229230888,2.306920762286868,-0.5597704940974224,-6.324354946696198,0.2796487607823694,-1.4086291201135026,0.7449523785150847,-0.893290520106027,1.0217809530796753,-0.034254,자동차,Sensitive
셀레믹스,2020,Aug_20,1.0,5.41,20000.0,1176,2020-08-21,7804083,3225514112,2542491806,1288945388,590897513,3222241500,-35206352967,190264268,-1355055467,-1307403584,29.0,954454556,-0.0591259965877651,2.5024443564710595,-1.4197171132786757,-1.369791338708849,0.0411212765733214,-167.52814955966,-2.869375543429323,23.28,2,55.67,0.0077815383454486,-0.6015954211348329,-0.435729965124682,-0.9310721474931064,954454555.0,-0.0327699223996656,121.50525064892317,-1.8503200076632045,94.44,100.0,12.72727272727272,0.0,-5.641049411328448,0.491523723542997,4.700352526439477,0.5620796948710316,-5.641049411328448,0.5821813758537298,-1.0050879973309002,0.3044324139843235,2.4549095969093715,0.5926862270331902,-0.213699,바이오,Growth
셀리드,2019,Feb_19,778.77,10.49,33000.0,818,2019-02-20,9446889,11329961712,4272871106,1007381997,232744164,4082944500,-19065665323,275677955,-1390272355,-10345446758,54.8,0,-0.08432192468129,11.246936857856117,0.0,0.0,0.7034348679645122,-1095.11679008825,-10.33085827057246,21.38,3,51.94,1.7582742713260413,10.11243941044641,0.0,0.0,0.0,-0.2464850160017587,-522.6222967158817,-13.97526279523454,95.45,133.33,-4.225352112676061,0.0,-47.34110185337542,0.1001101211332455,2.131979695431463,0.4318191011690508,-47.34110185337542,-0.206948399354423,0.0401069518716656,0.1895420031916783,2.4094061452257343,0.1260236643200852,-0.302824,의료/의약,Growth
셀리버리,2018,Nov_18,698.98,16.8,25000.0,808,2018-11-09,7612607,13746719506,2165614591,20419834545,9275177351,2415221500,0,-44242140559,-859399890,-2038983483,14.8,3352346328,-0.7099497778957365,0.6732042551914811,-0.2563577285622263,-0.6082257868077883,0.0487481155407086,-267.8429982002223,16.03756058079086,25.62,2,37.11,0.1837599269803731,0.4407399925596773,0.999007918106458,4.802539683957155,3352346327.0,-0.3193629643247755,1703.6663773658615,7.995060420573827,94.44,100.0,-5.1948051948051965,16.666666666666675,-27.580259368338844,-0.6917679612609917,-3.592814371257491,-0.710708609470112,-27.580259368338844,0.0594128434202811,-0.1972037742856924,0.4908160443665155,-3.498156551988929,-2.0349492911830973,-0.656546,바이오,Growth
셀비온,2024,Oct_24,1050.19,6.02,15000.0,1065,2024-10-16,12739009,7794,2087,1757,3652,5385,-39393,1112,-3224,-3156,37.7,545,-0.1644272859922179,4.435970404097894,-5.915596330275229,-5.790825688073395,0.0959387159533074,-0.0002477429759253,-1.3870967741935485,30.45,36,68.35,-0.0356023780578355,-1.420242998634702,-2.487316248698071,-3.3210772176451147,544.0,-0.0256883345990863,3.744404293928985e-05,0.0997166305258645,72.73,227.27,0.0,-7.14285714285714,-5.249921408362157,-0.1258811681772331,1.8000000000000016,0.0348887919755735,-5.249921408362157,-1.0191509687987763,1.9613131358535263,0.9842997943111164,0.3209057613152932,0.46017924977079816,0.021223,의료/의약,Growth
셀트리온헬스케어,2017,Jul_17,38.06,12.5,41000.0,7,2017-07-28,136688120,1811039117810,38154466990,1024477014228,178946215742,112084120000,203799007030,-50755227031,10645201522,-1804190391,22.7,69947522276,4.539029011939291,1.7677694010291856,0.1521884003266906,-0.0257934853486446,-0.0068049812600137,-13.199321133394768,60.663046490516216,36.82,6,70.97,-0.4562583773461774,0.06302886560738,-0.0834802895183852,-0.1879812238673892,69947522275.0,-0.4653557796885645,-912.2996191329576,57.03068155509921,93.33,100.0,-4.878048780487809,0.0,1.975978968710801,0.0715380684721544,0.0888099467140302,0.1654030286219132,1.975978968710801,0.8375674271991596,0.3858270503699135,0.0353786687804946,0.7929977750724015,0.013693921527768715,-0.178494,의료/의약,Growth
소룩스,2020,Nov_20,1.0,0.7,10000.0,1660,2020-11-06,8158160,20221366202,26099030922,18679870257,4351703251,647916000,20543161129,-78067113,1271984130,1094439331,160.0,24138003507,1.0908711496156192,1.0825217693587752,0.0526963271685301,0.0453409218654978,0.05183720038832,134.15271715680987,18.309052028817373,39.8,2,75.68,-0.2848968228336843,0.1346151272677535,-0.0439214570104129,-0.0361394984904694,24138003506.0,-0.2335836239708955,-576.0489200996303,15.354371491160292,78.57,100.0,10.769230769230775,0.0,-33.35880660329541,0.0800160032006447,6.911447084233258,-0.089838291076072,-33.35880660329541,2.313522805577972,-2.439109620155855,0.9704313598061898,2.972634377902983,0.7908150243916889,-0.42003,부품제조,Sensitive
소마젠,2020,Jul_20,69.46,0.0,11000.0,4,2020-07-13,16861261,10986213686,17288128348,43764903679,3403043967,1441606883,-31808870401,381377004,-4824814263,-22911512005,37.3,19951558098,-1.5730049409737454,0.2510279416260109,-0.2418264397848533,-1.1483570301858637,0.764076526278552,-1358.8255353499362,3.9159239262097993,62.93,3,71.53,1.7998168335899802,-1.2835238500973338,-0.0961718739134822,-1.0247201007708366,19951558097.0,0.4040970223586836,-1197.7509319735932,2.8032150421727278,95.24,0.0,3.773584905660377,0.0,16.976630699994576,0.2211722127274606,2.9020556227327576,-0.0802326747567971,16.976630699994576,1.4051186583137645,-0.9181742299650296,0.4963052463004436,2.572211482517228,0.5246788370520838,0.331106,바이오,Growth
솔루엠,2021,Feb_21,1.0,20.0,17000.0,1147,2021-02-02,42508362,406036320434,112632162187,381200578562,21708405600,19966110000,51697599804,-1433864116,45766308817,33957246969,71.5,812097884190,5.7370051181935615,1.065151375073164,0.0563556557749785,0.0418142290850437,0.4835158989221899,798.8368728251633,2.5293606028371878,15.74,3,46.45,-2.443107587291692,0.1784313464181188,0.0001875370059621,-0.0003073763525468,812097884189.0,-0.6467441388944872,-106.45815531541768,1.298349417216644,94.74,183.33,7.14285714285714,0.0,-17.674423434368602,0.823852491173005,2.310924369747913,0.5344418052256383,-17.674423434368602,1.0909127442935818,1.2965949575850289,1.1016314675102334,-1.6351733798347643,4.534506510243075,-0.263597,전자/회로,Growth
솔트룩스,2020,Jul_20,528.0,5.58,25000.0,953,2020-07-23,5031515,26322420040,12295248289,1457537561,547122273,2129507500,-3351142655,676084065,-2435760639,-2238878013,37.2,1336388765,-3.674559304793984,18.0595140353985,-1.822643756661633,-1.675319391808865,4.103883309993937,-444.9709506977521,-15.031447634374882,13.08,3,59.36,-6.127857955772772,8.78235160904865,-1.8240121184518248,-1.720294737744472,1336388764.0,3.5928794190643485,-609.1881614185787,-1557.2328274875824,93.75,16.67,3.773584905660377,0.0,16.976630699994576,0.2211722127274606,2.9020556227327576,-0.0802326747567971,16.976630699994576,1.4051186583137645,-0.9181742299650296,0.4963052463004436,2.9631900985407134,0.5246788370520838,-0.004836,IT,Growth
수산아이앤티,2016,Oct_16,157.55,0.64,11500.0,13,2016-10-11,6751000,22593870527,24183209304,1144052038,386500000,2500000000,34050922923,814152461,2862451407,2698067816,30.0,7607722943,0.0409621022377327,19.748988487007967,0.3762560004414714,0.3546485375735902,0.072208279744441,399.6545424381573,15.806915597711663,39.76,2,48.96,0.0020895830667909,-14.215272437335653,0.0627816695125211,0.0496044120592163,7607722942.0,-0.0456881022526508,-236.6232855873204,5.767528691959752,94.74,100.0,0.0,0.0,-28.74493300739548,0.2934702861335347,0.2926829268292685,0.1371471318586614,-28.74493300739548,-0.6892587375687764,1.6063350459146308,0.4306130955507692,0.3070528357958402,1.8207994579945819,-0.341394,소프트웨어,Growth
수산인더스트리,2022,Aug_22,130.37,10.62,35000.0,3,2022-08-01,14286000,183267009931,215363414725,60306250278,63054588223,2000000000,265256701538,3608134170,51306310392,53317628945,-7.1,294110712658,0.4554331985492074,3.0389389007967664,0.1744455682294727,0.1812842125441353,0.1968421955018108,3732.1593829623407,5.365218899036672,60.0,6,68.0,-0.1556179273083907,1.553399657130967,0.0482974032429605,0.0858124412243094,294110712657.0,0.0779535164006066,1968.6343077138456,-1.1061549195561282,94.44,0.0,-3.658536585365857,11.111111111111116,-7119.327731092437,-0.3849443969204502,3.2596041909196627,-0.0919709371838606,-7119.327731092437,-0.4954845889972858,0.8444240477283094,0.5882007477808093,5.802585254728698,0.38871731521517017,-0.23762,건설,Sensitive
수젠텍,2019,May_19,75.21,3.01,12000.0,1,2019-05-28,13268034,12898820863,11473154229,3806369213,5109253256,5713003000,-78901368662,88644718285,-4603321664,-40915428995,-15.4,5448790067,0.5768257677903263,3.388746635230837,-0.8448337350854299,-7.509085226608346,-2.647159390897652,-3083.7597337329707,-3.357652093677371,18.35,2,28.59,2.13387518957011,2.656002782260953,0.0782653128780364,-1.415909000154512,5448790066.0,-3.2859896088068328,-1503.9864671736598,-13.690260845179818,95.24,0.0,1.3157894736842035,0.0,13.90903098220171,0.1093113385670196,-3.7937743190661344,0.1718921201033341,13.90903098220171,-0.5090168614904411,3.710942635523029,0.4398172093083019,-5.497207116203351,0.05418832776711291,1.069484,의료/의약,Growth
슈프리마아이디,2019,Aug_19,1.0,12.38,27000.0,707,2019-08-01,2992520,22034373845,2962465247,2275308980,40964400,1163300000,5661197958,2787837512,1112975414,1006420917,3.7,5501789867,0.2409688454204563,9.684123799748727,0.2022933337886421,0.1829260915682296,0.1047009772121488,336.3121773622232,20.3783169212038,59.35,6,71.13,-0.0519911708538526,0.6069236635458886,-0.0846419266253138,-0.0145545197078057,5501789866.0,-0.3499041153386236,-856.8454977744509,16.2333027478172,93.75,100.0,-5.333333333333334,0.0,4.980343237317597,0.2289468445152431,-3.715170278637781,0.2399508000040295,4.980343237317597,-0.4041179290761199,2.864776101624256,0.8298560271109645,-3.3220553420298398,-0.9588274975351858,-0.891896,전자/회로,Growth
슈피겐코리아,2014,Nov_14,255.6,30.86,27500.0,360,2014-11-05,6224444,41544060024,12862664288,5687913139,1087607140,2165000000,36278012543,9188191490,13956846684,10556720844,55.1,46348945863,0.1422496117105451,7.303919558677354,0.3011254392981058,0.2277661475884254,0.2216345578139502,1696.0102531246164,3.4127482454617755,66.09,6,67.54,-0.0418628771230573,1.3874677023685873,0.0611930781749361,0.0472566303902813,46348945862.0,-0.0831912328028076,-231.9319050826066,0.944666340815734,93.75,100.0,-6.578947368421051,0.0,43.83646871981271,-0.3086727073583595,-2.083333333333326,-0.2016878085027262,43.83646871981271,-0.1726619709831456,3.2840381785943284,1.2375331286426317,0.6566501461828356,1.7301550971637556,-0.026822,유통,Protective
스마트레이더시스템,2023,Aug_23,1813.0,6.8,8000.0,1366,2023-08-22,14836340,10812369114,1575135175,3614845875,148816683,6206120000,-22660766311,1043464533,-5515471027,-7737792622,30.9,4024884536,-0.2442163496749327,2.991101000675444,-1.3703426713655171,-1.922488099420102,0.5020895044561715,-521.543225755139,-1.5635730273595,19.42,1,75.51,2.3171680100570664,1.9374007227362533,-0.0630963146628931,-0.4249715477335956,4024884535.0,0.0030219731793854,-169.74615019607256,-3.848324339501205,93.33,220.0,-2.6666666666666616,0.0,307.6674834160043,0.8324036728739381,-0.0966183574879209,0.8895677958486781,307.6674834160043,-0.8304130834931089,2.500971779522665,0.2611582294662184,-5.67401680495826,2.4164098988924247,0.233015,자동차,Sensitive
스코넥엔터테인먼트,2022,Feb_22,1724.66,26.0,13000.0,1751,2022-02-04,12072009,3337434965,3195512561,4918537165,737952289,4889460000,-41008086423,1145544398,-2584052563,-2657623315,88.1,3607518734,-0.1617383749581046,0.6785421870447532,-0.7162963669865172,-0.7366900939286987,0.0759905378971243,-220.14755911795623,-0.3391796608744138,1.22,2,65.83,0.125283563009979,0.266214663106792,0.4762131108387288,1.1443756579130628,3607518733.0,-0.201070746821165,514.1198646389346,-0.6565173443464526,95.45,133.33,1.1904761904761862,0.0,0.5636701531278376,0.4773054755043082,-1.333333333333342,0.5436337625178922,0.5636701531278376,0.0519226781128701,0.3626435289486585,0.4793663792400204,-7.475912369469261,-2.9769047359316856,,소프트웨어,Growth
스톤브릿지벤처스,2022,Feb_22,20.0,0.0,8000.0,22,2022-02-25,17878830,56880205003,15154595674,6391747994,5777013371,7528665000,47008375330,1072205881,22360688445,18373825986,-18.6,31251538408,0.2188262239489394,8.899006196175762,0.7155068065153537,0.587933488141388,0.3304095494530457,1027.686150939407,2.677289630829164,61.38,2,74.74,-0.0091157878540968,1.684737525093043,0.1164807634125485,0.0649075744396261,31251538407.0,-0.0110970168351375,310.7130969420258,-0.0587252109286997,93.75,-66.67,1.1904761904761862,0.0,0.5636701531278376,0.4773054755043082,-1.333333333333342,0.5436337625178922,0.5636701531278376,0.0519226781128701,0.3626435289486585,0.4793663792400204,-2.488105906610405,-2.9769047359316856,0.010472,투자,Sensitive
스톰테크,2023,Nov_23,574.0,12.73,11000.0,500,2023-11-20,13446090,35567,22202,16256,393,1000,40071,0,7008,5612,73.3,29425,0.4053711864819459,2.1879306102362204,0.2381648258283772,0.1907221750212404,0.1366414258235738,0.0004173704028457,5.867579908675799,72.81,6,78.13,-0.0449926242236776,0.3409116313877316,0.0068544458632579,0.0029539557035707,29424.0,-0.1335937820279688,-0.0002952531181927,2.8594470723491296,70.0,200.0,-5.47945205479452,0.0,-4.605983743586794,-0.3818089258442292,-1.0183299389002087,-0.52087931491126,-4.605983743586794,1.018780022625032,-2.983660203303496,0.8630997806762908,9.35956698668563,-2.4919351616730765,0.643162,부품제조,Sensitive
스튜디오드래곤,2017,Nov_17,536.68,27.2,35000.0,320,2017-11-24,28037240,101130973945,170398801430,108139871627,10712837155,11018620000,24528837529,2386021503,22858913591,16189171199,105.1,137420019674,3.1331876699666275,0.9351867393908572,0.1663434021129377,0.1178079528543613,0.4267779178741582,577.4167214390575,6.679104235868494,75.66,6,79.03,-1.8245156415080528,-0.0286228428006647,0.0586645699129206,0.0650857271888191,137420019673.0,0.0456674985192427,286.98955781667524,-1.5051550574325612,93.33,100.0,2.5316455696202445,20.0,13.638422409588191,-0.10086746015735,3.076923076923088,-0.7443131417151916,13.638422409588191,0.7252984150208253,-2.344530166052472,0.643241402666761,-0.1992617899827742,-2.658112561145032,-0.128561,엔터,Growth
스튜디오미르,2023,Feb_23,1701.62,15.79,19500.0,1592,2023-02-07,5150550,18733796384,5976860233,3710215156,233303706,432055000,11128336493,484370894,2753795691,1673734977,160.0,19624992676,0.327405284993938,5.0492479805933925,0.1403208519087857,0.085285890529114,0.1389595679202833,324.9623781926202,7.54127759836051,66.68,2,75.36,-0.6469322795846677,3.5788291887209343,0.2727874005074001,-0.0613997539003906,19624992675.0,-0.0617985773627196,-84.84832357709371,13.057073876117595,95.45,100.0,-2.857142857142858,0.0,-42.8042804280428,0.1885337218270555,-0.6622516556291314,0.2362133187971293,-42.8042804280428,-1.0888076745658393,1.8833433553818504,0.2651369175748153,2.160542698324064,0.8543423775171366,0.316239,엔터,Growth
스튜디오삼익,2024,Feb_24,966.9,4.27,18000.0,2650,2024-02-06,4225498,17009889727,14123846297,11874506138,180887624,1674999000,13579894156,811469623,2260522008,1937996182,121.7,71141473670,0.7503499035735299,1.4324713406451566,0.0317750236449382,0.0272414399368457,0.1206244505155276,458.64326098367576,8.43979496526981,24.49,30,77.3,-0.2095823217795324,0.2206609196462936,0.0040971242388854,0.0050060772851258,71141473669.0,-0.0320844343853987,3.011970423367813,1.4562858521593398,70.0,175.0,1.4705882352941124,0.0,-23.598803843532167,0.3045942973178839,0.2952755905512028,0.5390121056817243,-23.598803843532167,-0.004876144979482,0.6172699592768005,0.1441005909174064,5.759678147707192,-0.3359450521774665,-0.389599,가구/가전,Protective
시스웍,2017,Dec_17,78.86,1.28,2800.0,830,2017-12-26,18000000,17244331637,7038576544,3515216295,1397183444,1339740000,18034564279,-3875887,5716349411,5150373646,21.1,25261163586,0.2536030509799579,4.90562463013389,0.2262900278341913,0.2038850517897121,0.2658884740064452,286.13186922222224,3.388615189394342,54.73,6,67.58,-0.2201317303862482,2.042761631016818,-0.0248728566898083,-0.0172859383797506,25261163585.0,-0.1272358857002983,-10.944089555555536,1.148642389697392,83.33,-83.33,0.0,0.0,-17.745619548388092,0.0504846526655944,-1.4047410008779735,0.3605658109649079,-17.745619548388092,0.5204536218117006,-1.7429233330920169,0.288118948680971,-3.297850301977589,-0.35158395898188255,-0.444557,기계제조,Sensitive
시지트로닉스,2023,Aug_23,1703.0,5.7,25000.0,918,2023-08-03,3895500,9285710096,15168258286,7808000657,6176474869,1789625000,-22754437458,113409459,-1326574819,-1357947720,-7.6,3594864137,-0.6706731209727553,1.189255803619229,-0.3690194589960383,-0.3777466041131779,0.0651250047809792,-348.5939468617636,-7.892123916457365,30.24,3,43.67,0.0266962055679054,-0.0449129904389706,-0.0352470236113217,-0.0768750473470473,3594864136.0,-0.159011044123406,772.9617869336413,-5.45170426107574,93.75,350.0,-2.6666666666666616,0.0,307.6674834160043,0.8324036728739381,-0.0966183574879209,0.8895677958486781,307.6674834160043,-0.8304130834931089,2.500971779522665,0.2611582294662184,-0.87166609595557,2.4164098988924247,-0.33828,반도체,Growth
시큐레터,2023,Aug_23,1544.0,2.5,12000.0,1698,2023-08-24,7911521,4087468865,4663337467,1411308319,603497423,3268809500,-25514738849,864888837,-5537591447,-5441928110,102.5,2770382559,-0.0942332877050207,2.896226720959334,-1.9988544286096197,-1.964323696855904,0.2545212010119781,-687.8485325388127,-1.2164134271135587,40.0,3,76.59,0.1090959192396047,1.30651564158104,-0.3160403758601282,0.4591900677589711,2770382558.0,-0.0281066558080221,-100.05320001046572,0.4105936176320719,93.75,200.0,-2.6666666666666616,0.0,307.6674834160043,0.8324036728739381,-0.0966183574879209,0.8895677958486781,307.6674834160043,-0.8304130834931089,2.500971779522665,0.2611582294662184,-2.598843167433673,2.4164098988924247,-0.16446,소프트웨어,Growth
시큐센,2023,Jun_23,1800.86,12.33,3000.0,1932,2023-06-29,11515472,11563658442,6950991051,7301744226,3113937213,10104752004,-2190919235,185135285,2171898590,2219605920,205.0,39515795103,1.2860504411862446,1.583684402532782,0.0549627961259246,0.0561700938628333,0.2740603377122544,192.7498864136876,3.728980759640348,0.14,6,25.46,0.3653620162129649,0.013881309847082,0.03403581712375,0.0343861611421948,39515795102.0,0.1928325469901529,151.2780651110089,-9.086210945192231,93.33,250.0,2.7027027027026973,0.0,-29.22743682310469,-0.2231185102548716,2.752293577981657,0.0269954107801728,-29.22743682310469,0.11177282158632,-2.3716129226553084,0.3787653680872749,-3.450756485786544,-0.40310151421261153,-0.097518,소프트웨어,Growth
시프트업,2024,Jul_24,225.94,26.4,60000.0,341,2024-07-11,58025720,204627321836,28007025742,12375918578,10246583816,10155144000,95797270484,5036873658,25935298118,24699857814,18.3,37375662309,0.2038259977400405,16.534313840732185,0.6939087233714336,0.6608540501515692,0.2225427176575719,425.6708544762564,8.097529638120662,39.05,12,86.37,-0.0645990295531257,0.7113677706968335,0.035151764535156,0.0280292060048146,37375662308.0,-1.0302416110707182,-1413.0065168514927,6.467293044577232,36.84,100.0,-2.7027027027026973,0.0,-16.928748169469277,0.2767759791998614,2.775024777006929,0.2547434996486242,-16.928748169469277,0.3144364019820767,0.2354850630013061,0.4306192460594271,3.846264357495333,0.5129030047327898,-0.029245,IT,Growth
신도기연,2020,Jul_20,1.0,13.76,16000.0,955,2020-07-06,8061280,40005182150,29901438561,12583866014,6330411137,3361140000,43288225119,-663608400,9942427,3556909615,40.0,8207231147,0.4113072938339875,3.179085195717501,0.0012114228077558,0.4333872838832085,0.0773480718548312,441.23385057956057,5128.762178490222,59.96,6,62.5,-0.2769697348210496,1.1369561921991211,-0.1986003171984434,0.2606222163554231,8207231146.0,-0.2679557591705181,-1376.2000372149337,5125.962712584869,92.86,100.0,3.773584905660377,0.0,16.976630699994576,0.2211722127274606,2.9020556227327576,-0.0802326747567971,16.976630699994576,1.4051186583137645,-0.9181742299650296,0.4963052463004436,2.3329669558709965,0.5246788370520838,-0.438566,기계제조,Sensitive
신라젠,2016,Dec_16,74.98,0.0,15000.0,173,2016-12-06,61616527,58740658767,80390404428,46335821063,30446000504,25774930500,-68813521969,4732961669,-30298890569,-34336452208,-14.3,4255678450,-2.0044526605590494,1.2677159359523142,-7.1196381317296185,-8.068385008740497,0.8963813514430194,-557.2604280017275,-2.0578060931310795,13.85,1,24.86,47.32355637977951,-0.8402833272588683,6.016590876719074,22.79250489938516,4255678449.0,-40.79002837394347,349.21368820414045,1.5988267585884883,92.31,0.0,0.0,0.0,29.65419163849024,0.8739076154806291,-1.7726798748696535,0.1091056454378236,29.65419163849024,-0.2375701207422031,1.776798319617079,0.3006065873986774,0.5157477331851457,4.714290006752721,-0.178494,의료/의약,Growth
신성에스티,2023,Oct_23,583.5,21.14,26000.0,1891,2023-10-19,9046771,56056004152,38737148958,45325426387,4617981037,3500658000,32768333241,-1316382664,7661497240,7334816490,50.2,66424930568,1.4288892719974111,1.2367452138978154,0.1153406887216364,0.1104226444390673,0.2098503313090788,810.7662380312269,5.853913964994132,25.45,6,80.07,-0.4319772335728007,0.1139508989912794,0.0412296540082956,0.0232263938992852,66424930567.0,-0.140216220925581,-215.77593729298556,1.239071775284713,55.56,133.33,0.0,0.0,78.17836324885089,-0.1440311785139369,-1.6032064128256418,0.3721754541426758,78.17836324885089,-0.3004442090932757,1.5961247715254867,0.3613650049832273,-3.681228644448253,3.259973037276831,0.196003,자동차,Sensitive
신신제약,2017,Feb_17,40.88,0.06,4500.0,72,2017-02-28,15170500,36959837826,34264322166,20679274010,17460006928,5911500000,25714717403,1458661651,4570531867,3401488537,78.2,44343798429,1.1527707529397455,1.7872889448694915,0.103070373511597,0.0767071982443319,0.1028109708803289,224.2172991661448,7.238737200998056,61.4,6,66.44,-0.0125393227647314,0.398474268859281,-0.0014484018562244,0.0014242279960931,44343798428.0,-0.0348859718128908,-31.916914010744563,2.007816510635701,95.0,-175.0,4.166666666666674,0.0,9.679237043402322,0.3862966351529939,1.2875536480686731,0.2731959821703711,9.679237043402322,-0.0341643276381309,-3.390431187241572,0.410122775434063,1.2861487206306643,1.1242735426668204,-0.697469,의료/의약,Growth
신테카바이오,2019,Dec_19,75.61,0.1,12000.0,123,2019-12-17,13154876,27885810830,2354505764,586697401,1100146376,5753438000,-30162605534,787122023,-3695727401,-21584254297,39.2,327731222,-0.0714097251321649,47.53014208426671,-11.276702227046284,-65.85962169023982,0.913733498944828,-1640.779760827848,-7.726076552419403,26.45,1,49.61,1.8804821467963235,46.47444651949686,-0.971380004459963,-78.93302340572716,327731221.0,1.612466676704999,-1925.5872928790811,-7.170187473880637,93.33,-75.0,1.388888888888884,0.0,-23.541701028093897,0.2789678190694422,-0.3921568627451077,0.2392416642373884,-23.541701028093897,0.332762996335223,0.7186603280654236,0.5705517908742186,3.1877246986394603,1.2936039831482278,-0.390755,소프트웨어,Growth
신화콘텍,2014,Aug_14,442.0,19.1,9100.0,99,2014-08-08,8051958,23352056879,15471607317,16299681609,4453786298,2912503000,15009953420,-1448988000,3473566953,2722078967,-22.0,16770614629,1.259811678869264,1.4326695109250462,0.2071222212090817,0.1623124153299033,0.1652401848596253,338.0642282287116,5.202201809696915,55.58,1,74.04,-0.3254561027989329,-0.3143801462640461,0.0401059682646542,0.0360585908371196,16770614628.0,-0.3270552615626151,-462.5359323781868,3.48853252929,94.44,100.0,-2.73972602739726,-9.999999999999998,27.073374442450195,-0.1082570613128663,1.799242424242431,0.1748140614074245,27.073374442450195,-0.1337588912377341,0.5323894777092386,0.9433708039911836,0.6242259103294456,1.685350138565378,-0.479249,자동차,Sensitive
신흥에스이씨,2017,Sep_17,482.4,33.1,16000.0,731,2017-09-27,6552183,30666003,79610734,33603548,25976962,13597958,32443953,506139,4397652,3278818,30.3,60478580,1.2799786457220013,0.9125822963694192,0.0727142072449452,0.0542145334761497,0.0704394276451967,0.5004161208562093,11.528021544224051,63.47,1,72.94,0.0170185019942279,0.0157181807863324,0.0016994333936398,0.00948095745396,60478579.0,-0.0347971309742355,-0.1829544443432058,5.0724034049101405,93.75,166.67,2.564102564102555,0.0,14.448757990601012,0.6709362610551883,-2.156334231805923,0.1162577250198859,14.448757990601012,-0.0428950757842105,0.0707469998850296,0.3069946043555482,1.1243761161713328,-0.3246242808644605,-0.261451,배터리,Growth
실리콘투,2021,Sep_21,1437.0,8.37,27200.0,1700,2021-09-29,10024764,34993038194,24239825740,11864165872,5920926757,4214000000,22392133483,3396172591,5774689932,5245529571,6.6,65245728740,0.5927908536474988,2.949473108479143,0.0885067887740478,0.0803965205431775,0.1748375460893579,523.2571630613947,7.177488625894936,6.2,1,62.69,-0.1227210762318683,0.2880284331066369,0.0077048197556554,0.0228908867511334,65245728739.0,-0.0613046268443488,-46.92732217935509,2.7443253354020847,95.0,100.0,3.571428571428581,0.0,27.503652718855086,0.3717472118959231,1.263362487852282,0.4087591240875987,27.503652718855086,0.0083436518010016,0.7928710550356044,0.713811150843191,-4.465977592068249,0.8183172709364639,-0.738798,유통,Protective
싸이맥스,2015,Jun_15,238.72,2.93,16300.0,178,2015-06-17,5354863,35055071776,4213689295,12113693191,862798080,1857500000,22833113495,-40362695,5835834041,5993174527,-14.1,54713633669,0.5264243100926178,2.893838503524635,0.1066614232990799,0.1095371322485505,0.2431283387591334,1119.2022143236904,4.505314855645669,41.25,6,42.42,-0.2980128114104745,0.8022614619157156,0.0053789257240295,0.0073393955592142,54713633668.0,-0.0234818461949972,171.81689727636353,0.3940309836097695,95.0,100.0,-2.531645569620256,-14.28571428571429,53.9124545958259,-0.0510725229826425,-7.055503292568199,0.0200231847402365,53.9124545958259,0.8731079387486851,1.917948811934722,0.332615607456832,-3.6017982936107478,4.556465863453807,-0.642844,반도체,Growth
싸이버원,2021,Mar_21,1.0,9.9,9500.0,1880,2021-03-11,4640830,7056036891,7128971619,1965533994,41857307,2000000000,11807734276,-1630117067,1431792286,1275097504,123.2,14536156341,0.1648427000576447,3.5898829084306336,0.0984986851002389,0.0877190279251138,0.1047082924447342,274.7563483256228,8.505156319161786,57.35,2,58.23,-0.0964293954143229,1.275881143904762,0.0042141159114425,0.0026460744725402,14536156340.0,-0.0713442982398907,-135.3478129989678,3.379984033153179,93.33,271.43,4.000000000000004,0.0,-6.614363916147415,1.0603112840466888,3.285420944558504,0.2559558968300957,-6.614363916147415,-0.3195337040527879,1.7360486453423585,1.101103211316801,-2.3637200080345755,-3.3002410426114395,-0.155382,소프트웨어,Growth
싸이토젠,2018,Nov_18,608.85,0.7,17000.0,705,2018-11-22,5633864,2783835961,2502185827,1353617080,497717128,2198932000,-12327258815,462277629,-1315617910,-1295455434,-8.2,369965594,-0.1915295662556128,2.056590450971556,-3.556054755729529,-3.501556509603431,0.1340211920167235,-229.9408423774518,-2.610702966182636,22.92,1,44.96,-0.0207470720376224,-3.2244041589788046,10.119531656723291,9.225372309919395,369965593.0,-0.1790779220668475,235.12884212327452,-0.9298539793927032,92.86,100.0,-5.1948051948051965,16.666666666666675,-27.580259368338844,-0.6917679612609917,-3.592814371257491,-0.710708609470112,-27.580259368338844,0.0594128434202811,-0.1972037742856924,0.4908160443665155,-1.2428435114503866,-2.0349492911830973,-0.472076,바이오,Growth
쏘닉스,2023,Nov_23,716.0,1.39,7500.0,774,2023-11-07,17306490,13356386067,20870251508,6162577992,7526941721,13598490000,-13459107138,0,-2758864194,-2514471056,25.7,6887755932,98.21522902148472,2.167337449414628,-0.4005461606417444,-0.3650639019187592,-18.0400303159222,-145.29064275887254,-7.444048136426682,23.3,3,70.32,98.37325180036584,-0.6798469624047376,-0.1856823985003952,1.4980704092087578,6887755931.0,-18.376565409812617,1559.8612170347656,-0.6706002245018245,71.43,125.0,-5.47945205479452,0.0,-4.605983743586794,-0.3818089258442292,-1.0183299389002087,-0.52087931491126,-4.605983743586794,1.018780022625032,-2.983660203303496,0.8630997806762908,-0.7569235767075355,-2.4919351616730765,-0.867554,반도체,Growth
쏘카,2022,Aug_22,56.07,5.46,28000.0,14,2022-08-22,33635652,106191773950,347776237628,146824135510,155030886539,2908565200,-27922323575,4033443697,-6889641150,-9377087016,-6.1,65505223142,-14.387535491330157,0.7232582952464748,-0.1051769739806071,-0.1431502186577193,0.4469469195251314,-278.7841608065157,-22.078506879708826,18.5,1,83.72,-0.8066533326466985,0.0707861300736505,-0.0756172984373835,-0.1559969310248306,65505223141.0,0.6310985117981063,-387.6186673295348,-4.281522977885139,94.44,-54.55,-3.658536585365857,11.111111111111116,-7119.327731092437,-0.3849443969204502,3.2596041909196627,-0.0919709371838606,-7119.327731092437,-0.4954845889972858,0.8444240477283094,0.5882007477808093,0.4179834845549957,0.38871731521517017,-0.355082,서비스,Protective
쓰리빌리언,2024,Nov_24,254.59,0.5,4500.0,23,2024-11-14,31444038,14138227851,4254806325,1452888680,218054950,2814803800,-93221037167,272450376,-3548487811,-3480148331,-8.9,2219373697,-0.0185384832917403,9.731115704611312,-1.5988690033573918,-1.5680767667492097,0.0386109205174212,-110.67752592717258,-4.71245539977987,17.17,36,67.45,0.1091137058043189,8.057512455640875,1.4602027106860418,0.2969022162692165,2219373696.0,-0.0200917567477365,51.26117637944592,-3.301306995975639,71.43,0.0,-2.777777777777779,-7.692307692307687,22.43887499361952,0.0756238971514999,-1.080550098231825,-0.2528555235853047,22.43887499361952,-0.0716753479108822,2.3791329904482077,0.7845836519063676,-6.364414095313298,-0.26401037511315506,-0.178494,의료/의약,Growth
쓰리에이로직스,2024,Dec_24,129.1,0.13,11000.0,58,2024-12-24,9286800,25955978903,22445897121,20060011822,7075318715,3686839000,-25730268078,867727644,1134870389,688486962,-17.0,9807922200,-1.281437151991156,1.2939164310229287,0.1157095627247124,0.070197025217023,-0.0325130652293083,74.13608153508206,18.73918439773478,27.08,36,67.8,-0.040180000939602,-0.4823493161342844,0.6773691487875991,1.4033807059497918,9807922199.0,-0.8225697445712946,2106.8128811862,21.30465553848673,70.0,-188.0,-2.857142857142858,0.0,0.1427856755742862,0.3442485306465181,-12.413108242303872,0.445804195804178,0.1427856755742862,0.0510549441672836,2.9453558971709093,0.0,-0.9529220779220804,1.5594889064884168,-0.302616,전자/회로,Growth
씨메스,2024,Oct_24,577.59,1.0,30000.0,464,2024-10-24,11454376,10792887173,7987467735,3202678791,2983503726,4552188000,-35431744025,2517971566,-7544904822,-7293188182,-23.0,1898523410,-0.2181183680320418,3.369956176476269,-3.974091013183767,-3.8415055319228326,0.2571502375878597,-636.7163241367317,-1.6692287958725425,38.24,36,66.45,-0.0017531907592133,-5.610169653360757,-2.666596806218621,-1.788226906143115,1898523409.0,-0.4816174613969752,732.685456894378,0.259062321610684,66.67,250.0,0.0,-7.14285714285714,-5.249921408362157,-0.1258811681772331,1.8000000000000016,0.0348887919755735,-5.249921408362157,-1.0191509687987763,1.9613131358535263,0.9842997943111164,0.7549703516038342,0.46017924977079816,-0.069736,기계제조,Sensitive
씨앤씨인터내셔널,2021,May_21,1029.0,4.12,47500.0,898,2021-05-17,5909052,49032893736,71085736850,55058505109,24641366759,494240000,40462274529,-743011661,14361541772,9744697340,-13.4,89611803733,1.981918166383396,0.8905598442770827,0.1602639515525262,0.108743457156989,0.242324011712851,1649.1134855472587,2.814374623538156,74.6,2,75.71,0.0633581064263331,-1.593160300089211,0.040729322247576,0.0274070921479458,89611803732.0,0.0456642311163869,525.9385326106456,-0.6456203680159005,94.74,100.0,5.952380952380953,0.0,52.27385432163592,0.5434782608695787,3.121951219512198,0.0686409099823537,52.27385432163592,0.9173412343983056,0.3466142576380004,0.7233543317996194,-2.5799293246683064,4.76109698457543,-0.296081,화학,Sensitive
씨앤지하이테크,2018,Jan_18,249.23,0.0,16000.0,625,2018-01-25,4202740,27746469210,4939036788,7944364156,714464967,1438050000,18247511611,4341115264,7955843490,6425477950,16.6,61248763014,0.360383966873488,3.492597854926428,0.1298939455835456,0.1049078811360041,0.2674309886227244,1528.8782913051962,3.020003712390777,35.76,6,45.21,-0.3273369702894596,1.3635572272095295,-0.0167338223077798,-0.019081250693564,61248763013.0,-0.0947748217322652,220.61834660245472,0.6854063909527981,93.33,0.0,-2.469135802469136,0.0,12.471811692789393,0.413765263901511,-0.6233303650934996,0.417613461892774,12.471811692789393,1.6666969672305632,-1.7572620604542344,1.368453716957485,2.590970242480539,1.944059177068901,-0.027042,기계제조,Sensitive
씨앤투스성진,2021,Jan_21,1.0,1.4,32000.0,674,2021-01-28,9191670,63948646874,41632923099,28327142170,7996912566,3795835000,29761560456,-9135247859,54936597155,22930581601,-10.3,116106893223,1.4873407259426286,2.2575043571364968,0.473155345303111,0.1974954368726283,0.9389256825151928,2494.7133220622586,1.2606808361572608,39.02,1,42.34,12.36899206300647,1.6341928130779344,0.4327098700994731,0.2065551412234071,116106893222.0,0.8321794798015547,2541.5128141023342,-4.693980178461867,93.75,100.0,-7.8947368421052655,0.0,-17.03524384675691,1.1106703689012232,4.845814977973584,0.7076647064686581,-17.03524384675691,-0.0835959311143219,0.215499529736185,1.120452851386,-2.637222493639313,2.82781966456378,-0.42878,화학,Sensitive
씨어스테크놀로지,2024,Jun_24,1084.39,1.32,17000.0,1437,2024-06-19,12293880,5870794146,11275861492,6728865826,2309303237,5477440000,-35970745550,413285791,-9803411085,-9916946238,8.8,1885010467,-0.3004708486036071,0.8724790028232612,-5.200719707727756,-5.26095022367852,0.3296854961351158,-806.6571528272603,-0.8271086976457236,27.54,36,71.42,-0.1653126877458781,-3.4582088603695587,1.7296141262808948,1.6676385040833166,1885010466.0,0.0009724149063897,-156.88054129371687,1.4266676619031042,82.61,185.71,1.3698630136986356,0.0,2.8887618849690933,-0.0167714884696024,2.540650406504064,-0.2278702892199779,2.8887618849690933,-0.1505537080637276,1.079545038413943,0.5841862452514057,4.483248048406963,-0.43363450650095814,-0.287231,의료/의약,Growth
씨에스베어링,2019,Nov_19,1.0,4.44,8400.0,699,2019-11-21,9461400,31725127595,38027398574,35349122767,3224617223,3980000000,-494762512,-6356616609,4888037782,3458893224,6.5,47069514969,-13.433872144534549,0.8974799121356651,0.1038472094989562,0.07348478577436,-1.2046104252493797,365.5794305282516,6.378589440084651,42.95,6,73.09,-8.161545083872236,0.020928050242805,0.051708716294386,0.0373704226321082,47069514968.0,-0.8356619376507775,118.38056545542943,-1.8281543856438809,94.12,100.0,-2.7027027027026973,0.0,-6.324354946696198,-0.1392896229230888,2.306920762286868,-0.5597704940974224,-6.324354946696198,0.2796487607823694,-1.4086291201135026,0.7449523785150847,-0.1714122464527179,1.0217809530796753,-0.602796,기계제조,Sensitive
씨에스윈드,2014,Nov_14,109.3,4.27,43500.0,66,2014-11-27,17285715,137305907134,130067022587,89257454861,14572587727,7142857500,124105146142,-12689006978,42298881843,38345743546,-23.4,175680591301,0.8757668798619954,1.5383130445274908,0.2407715134025692,0.2182696634957292,0.323431748116704,2218.348708514516,3.866364310527621,52.16,6,72.92,-0.5644317718733719,0.4388303844957069,0.1213404509394222,0.1276718825075725,175680591300.0,0.0289012901972471,664.3992861157319,0.0204356626680204,92.86,100.0,-6.578947368421051,0.0,43.83646871981271,-0.3086727073583595,-2.083333333333326,-0.2016878085027262,43.83646871981271,-0.1726619709831456,3.2840381785943284,1.2375331286426317,2.1764345033430166,1.7301550971637556,-0.178494,에너지,Sensitive
씨엠에스에듀,2016,Apr_16,302.17,28.83,23200.0,186,2016-04-07,4205350,15186397513,13504554976,9962924477,3650179674,1666667500,12644378498,766802340,8845569418,7033323979,7.5,48197050215,0.902854561594941,1.5242911404235469,0.1835292694997143,0.1459285152851755,0.4664673513974962,1672.4705384807448,1.704565034255209,47.57,6,72.14,0.1612871219606747,0.5890441834734159,-0.0051954877868453,-0.0059288318904414,48197050214.0,0.0058237664191126,226.56119752220388,-0.0422298279091422,92.86,100.0,5.970149253731338,0.0,-35.47348134850446,0.2536193596111236,1.6898608349900537,0.1886930906879858,-35.47348134850446,0.7142604350067749,-3.4253204399895654,0.3382520007261469,-0.9151055157319732,-0.3705768064719117,-0.178494,서비스,Protective
씨유박스,2023,May_23,86.44,3.63,15000.0,113,2023-05-19,9966633,23484754615,13696811413,31256681593,1854481200,4210816500,-26803355996,2774308237,-6337998299,-8299242678,-7.2,16807020347,-1.670742578400548,0.7513515004823628,-0.3771042200309654,-0.4937961938911669,0.4187680812449439,-832.7027470561021,-0.6422222037582784,1.25,1,50.97,0.1795499528547877,-0.0871909503165008,-0.0029000280890598,-0.3564592411350601,16807020346.0,0.3074524161681494,-663.5826455132842,1.246334032747782,93.75,-36.67,1.3698630136986356,0.0,78.63284608770422,-0.3676470588235281,3.154574132492116,0.3249977430712203,78.63284608770422,-1.3359457606577083,0.6212074150953484,-0.1470530768406308,1.682019063951179,0.44742807803250795,-0.109937,소프트웨어,Growth
씨유테크,2021,Oct_21,1565.03,14.15,6000.0,1408,2021-10-08,17657500,81079591088,22950614206,29385845041,6395791524,7000000000,60232912478,1015656251,9248689944,6608597740,40.0,123941579305,0.5242840579863437,2.7591376383723305,0.0746213659359663,0.053320264087787,0.0968313015653307,374.26576468922553,7.379268755060344,69.38,2,70.27,0.0304800422279692,-0.0725272042899409,0.0017505471186595,-0.0015339096718561,123941579304.0,-0.0055805681539907,12.202769248194784,0.0289574448674549,93.33,180.0,-1.1494252873563204,0.0,-33.64443401306071,1.0370370370370363,3.0710172744721653,0.1744693224774662,-33.64443401306071,1.1284043169486058,1.1354891666809142,1.087504440920739,-6.114334530603427,-5.184352496385024,-0.293419,부품제조,Sensitive
씨이랩,2021,Feb_21,1371.0,12.82,35000.0,195,2021-02-24,2956642,3040033389,2211075995,2774988057,925615515,1143571000,-1278702698,-19269603,-666195381,-799450309,16.6,2493977045,-23.96743776142145,1.0955122424153914,-0.2671216971846668,-0.32055239265444,5.177743346864674,-270.39131183281575,-2.327404026237162,53.23,1,57.07,-31.627530110145848,-0.0401385720428661,-0.30385914902998,-0.329232513420282,2493977044.0,5.079177893156024,-291.203832252941,-8.301030573990227,93.75,150.0,7.14285714285714,0.0,-17.674423434368602,0.823852491173005,2.310924369747913,0.5344418052256383,-17.674423434368602,1.0909127442935818,1.2965949575850289,1.1016314675102334,-3.2882223965952084,4.534506510243075,-0.311969,소프트웨어,Growth
씨트리,2015,Dec_15,4.7,0.6,6500.0,200,2015-12-21,7270545,11575689513,9235915507,9467205863,5665513488,3017272500,298508977,123080157,124287342,-154529142,84.6,13555833975,4.400502538800315,1.2227144608992222,0.0091685500301356,-0.0113994566682497,-0.0449361324899412,-21.254134593761545,45.69158514147,13.32,2,27.32,-0.402598030043154,0.0809655087720646,-0.0160841155727871,-0.0291440710502936,13555833974.0,-0.1329549977251804,-63.14576898980751,34.58500764615544,92.86,-94.74,-2.777777777777779,0.0,18.84582865363502,-0.2305354710258944,-3.1865042174320624,0.2996223070917514,18.84582865363502,-0.1361147410359642,1.759594433882827,0.2124048711981352,-2.1117331132993744,-1.3551251352238445,-0.2469,바이오,Growth
씨티케이코스메틱스,2017,Dec_17,188.65,6.6,55000.0,145,2017-12-07,10125709,69046463640,17914023817,25569460406,1496637932,4051985000,44758360284,11084043835,19806584159,12630894316,-23.1,72704157967,0.4518970597433467,2.700348874933548,0.2724271171394364,0.1737300130995684,0.2108861030522333,1247.4083855263864,3.0239635788882016,50.21,6,69.56,-0.5995648216456846,0.962446841084073,0.072966035471779,-0.0004834595786874,72704157966.0,-0.4316200639774726,-1056.149565329203,1.6645667033084297,93.75,100.0,0.0,0.0,-17.745619548388092,0.0504846526655944,-1.4047410008779735,0.3605658109649079,-17.745619548388092,0.5204536218117006,-1.7429233330920169,0.288118948680971,-2.841763385017293,-0.35158395898188255,-0.437901,화학,Sensitive
아모그린텍,2019,Mar_19,164.22,3.05,9900.0,22,2019-03-29,16509416,28541746453,24583533557,40139921481,9858569089,6546890000,0,-18519884600,-2182454664,-2733434847,3.0,66046158170,-4.175938621905,0.7110563598513782,-0.0330443847828734,-0.0413867350158998,0.228300015018799,-165.5682337279526,-1.4326938797753648,40.29,1,64.3,2.403674933114271,-0.1039947284524802,-0.048388411371789,0.0056742656148492,66046158169.0,-0.335965989523233,151.68867626813693,-4.839198057435935,94.12,100.0,11.764705882352944,0.0,34.09368519728431,0.3500350035003485,0.1988071570576677,-0.1913181822758902,34.09368519728431,0.1430613425188021,0.7367811483807829,0.7422605359341361,0.1202001777278916,-1.0391427365524897,-0.422461,반도체,Growth
아모센스,2021,Jun_21,116.0,2.57,12400.0,26,2021-06-25,11193501,31564971103,27471873456,33095094874,12854811580,4462377500,-4095350734,-124323860,-10221726607,-16756652279,28.2,43612305050,189.32573660242863,0.9537658442489588,-0.2343771235040465,-0.3842184507282767,-69.04182794992987,-1496.9983277796644,-1.2803060195366465,39.92,2,67.48,186.42291945965047,-0.2993033279096232,-0.2612289888196185,-0.3649444865896729,43612305049.0,-68.9693568175178,-1390.1929906469836,-13.798201317968816,93.33,0.0,-1.1235955056179805,0.0,-28.10482557805406,0.5310573731626356,5.108798486281918,0.0,-28.10482557805406,-0.5154935302923769,-0.1762694964746125,0.8309602198768085,1.559598046812538,-16.12875193353842,-0.510277,전자/회로,Growth
아셈스,2022,Feb_22,1618.0,7.4,8000.0,2435,2022-02-07,11019106,30241516416,42057802749,15070280220,21807490353,4479553000,17317121308,7118264473,4355732200,4403938934,68.8,30260452548,1.2753881601586643,2.0066990112012664,0.1439414097687671,0.1455344703458861,0.1523067009532742,399.6639050391202,8.132168591999298,46.55,6,60.25,0.0047522334468905,0.6205666499622913,0.0018613864713315,0.1146306603723149,30260452547.0,0.1059376854713681,304.1717361644402,2.145790599069347,95.24,100.0,1.1904761904761862,0.0,0.5636701531278376,0.4773054755043082,-1.333333333333342,0.5436337625178922,0.5636701531278376,0.0519226781128701,0.3626435289486585,0.4793663792400204,-7.326921194156832,-2.9769047359316856,-0.685992,부품제조,Sensitive
아스타,2017,Mar_17,18.4,0.0,8000.0,485,2017-03-20,9402523,6946058769,629341696,467844372,1073461504,3800011500,-3040602700,1022656037,-3025362676,-3040602700,57.5,155889362,0.8648988768527057,14.846943096282454,-19.407114361017143,-19.504876156976,-1.7062245081490264,-323.3815753495099,-1.9945028861723155,15.69,2,73.36,1.039812298376526,-5.377533902600414,-4.978902756701526,-10.66540705182114,155889361.0,-1.8482691006661691,-194.1942231888185,0.6819561790471231,92.86,-100.0,5.333333333333323,0.0,-27.27272727272728,-0.0405063291139318,2.754237288135597,-0.0686250409701827,-27.27272727272728,0.3727101175602598,-0.8865248226950451,0.2562240915152003,3.427922053013166,0.03881829124547975,-0.460556,의료/의약,Growth
아스테라시스,2025,Jan_25,1242.4,9.7,4600.0,1791,2025-01-24,36514642,13182763954,5066323692,10293566219,382692793,2989800000,-289812119,598034513,1487060781,649969609,44.3,11363344551,3.237169957191018,1.2806799580952888,0.130864709269872,0.0571987944291279,0.1970785917592529,17.800245967083562,5.092480906468072,35.47,6,67.92,-0.8084338365650852,0.0963224079230811,0.0419969070422016,0.007373951138594,11363344550.0,-0.1599448119549323,-6.0760479590625565,0.7730422473569138,77.78,100.0,-8.823529411764708,0.0,0.0,0.0,3.401360544217691,0.6961970237577164,0.0,-1.1041535842442496,1.4898007557061277,0.0,1.935193519351941,2.537993476282896,0.305717,의료/의약,Growth
아스트,2014,Dec_14,74.59,5.74,9500.0,2,2014-12-24,12550845,49437906871,53173914411,64795364552,11885090248,4982602000,-4983385414,1098541157,-2056047826,-5700118819,-5.3,50570383191,69.85189153887845,0.7629852415032679,-0.0406571533823361,-0.1127165439397827,-5.19251069313569,-454.1621555361412,-12.612238953822857,19.54,1,41.2,55.1806814098856,-0.0785824256148581,0.0268505041011868,-0.0056723708045466,50570383190.0,-3.8343531753062265,65.11379122282199,-5.980798239529887,93.33,83.33,1.4084507042253502,0.0,-8.809233816348138,-0.9788254095085992,-1.6441005802707909,-0.0095729404882227,-8.809233816348138,0.1369764005791252,0.8428454022463727,0.310137450143344,-2.01348025027559,-0.6424815515465698,-0.549762,항공,Protective
아스플로,2021,Oct_21,2142.7,11.47,25000.0,2818,2021-10-07,0,37649692686,43860542659,33029108725,18932952829,1898006500,22117894227,-263277013,3264091532,2600292203,13.4,30361832512,2.187634603219564,1.1398942974656363,0.1075064072865141,0.0856434538979911,0.1094738936763169,0.0,9.052495465068962,27.27,1,57.26,-0.0424669148302396,0.0508471325735524,0.0007814858681207,-0.065403057581351,30361832511.0,-0.2135410131760296,0.0,3.458780599240244,95.24,200.0,-1.1494252873563204,0.0,-33.64443401306071,1.0370370370370363,3.0710172744721653,0.1744693224774662,-33.64443401306071,1.1284043169486058,1.1354891666809142,1.087504440920739,-5.383872679723522,-5.184352496385024,-0.611192,반도체,Growth
아시아경제,2015,Jul_15,280.85,15.82,3600.0,12,2015-07-31,25244030,42695424945,20193818496,15162200175,6627033018,9994515000,3208771154,7755406403,2612447206,2011381459,16.9,20022865681,1.0396275022280723,2.8159122325398265,0.1304731923801991,0.1004542252365319,0.0959688422133096,79.6775102469772,15.732379262480682,58.22,6,60.23,0.019143999294735,-0.1238053405780563,0.0094256037399444,0.0064236097675685,20022865680.0,-0.276486020495763,-201.3079714688978,11.440977620464457,93.75,100.0,-12.987012987012992,0.0,-11.412999999999997,-0.3576903423607502,2.1255060728744946,0.1801725863721959,-11.412999999999997,-1.0478798599782737,2.78906671461967,0.8612846181647926,-1.5212076526058382,-0.9549418113042663,-0.710675,서비스,Protective
아시아나IDT,2018,Nov_18,7.04,0.0,15000.0,1,2018-11-23,11100000,86835191531,117729670230,53119468064,9510001957,5000000000,134302729862,132661878,8358385697,9685029152,-17.0,121219900257,0.449164801270705,1.6347150055489683,0.068952256842971,0.0798963629855051,0.0694589015826004,872.5251488288288,16.981196714928288,70.27,6,76.22,-0.0031537155540348,0.317833580979163,-0.01381866906401,0.0066792787995484,121219900256.0,-0.0744394049131998,-874.9142454054054,10.731669206625003,93.75,-89.58,-5.1948051948051965,16.666666666666675,-27.580259368338844,-0.6917679612609917,-3.592814371257491,-0.710708609470112,-27.580259368338844,0.0594128434202811,-0.1972037742856924,0.4908160443665155,-0.9360013866687278,-2.0349492911830973,-0.707058,IT,Growth
아우딘퓨쳐스,2017,Jul_17,182.6,0.0,26000.0,3,2017-07-12,5930000,19585273179,12622364038,8626945881,374608882,2450000000,14824790454,0,9608322226,9122506069,-10.4,56780136889,0.5210804025073241,2.2702441222141707,0.1692197791770631,0.1606636857328059,0.5280820102155087,1538.3652730185495,2.41520651661792,48.49,6,56.76,-0.6899027372529238,0.6280150319941631,0.0871129722697263,0.0916005184346355,56780136888.0,0.3146508406285047,1246.0505222596964,-4.403956475898369,93.33,0.0,-4.878048780487809,0.0,1.975978968710801,0.0715380684721544,0.0888099467140302,0.1654030286219132,1.975978968710801,0.8375674271991596,0.3858270503699135,0.0353786687804946,0.9028126410644876,0.013693921527768715,-1.006727,화학,Sensitive
아이디피,2020,Aug_20,894.0,7.4,9800.0,1149,2020-08-24,6636863,22754371210,4966264186,2850988883,449414497,2659431500,19469076128,-24761028,635421879,953158905,27.6,5098838277,0.1493142063074501,7.981220602325302,0.1246209125451734,0.1869364849831655,0.0431220517611254,143.61587771210586,38.43152529533847,45.2,6,70.88,-0.0193313436971518,0.956689593345617,-0.0400025339374185,0.044515035506108,5098838276.0,-0.1289019169710901,-401.1273589646193,32.84805595545011,94.44,100.0,12.72727272727272,0.0,-5.641049411328448,0.491523723542997,4.700352526439477,0.5620796948710316,-5.641049411328448,0.5821813758537298,-1.0050879973309002,0.3044324139843235,3.5001599260786165,0.5926862270331902,-0.091119,부품제조,Sensitive
아이빔테크놀로지,2024,Aug_24,1011.5,0.6,10000.0,1094,2024-08-06,14965620,8918170555,6549757130,1396724130,2420097943,6332300000,-26694798340,682850238,-1314068310,-1257080998,33.6,99398351,-0.1939476790040826,6.385062277831485,-13.220222436084478,-12.646899926941444,0.063877209159662,-83.9979231064266,-8.866438314763103,22.55,36,79.95,0.0066532004282024,-1.8374263175461076,-12.573946063806488,-11.524894196003949,99398350.0,-0.2085472968328276,253.00886979623965,-4.454389221970926,81.82,225.0,0.0,0.0,-8.833720350625507,-0.150552024088324,-2.7965284474445573,0.3592394637693896,-8.833720350625507,0.5827610771649949,-2.1129407682632384,0.189106329190225,-11.294662169528957,-0.26684211328477137,-0.221719,전자/회로,Growth
아이스크림미디어,2024,Aug_24,31.26,0.89,32000.0,12,2024-08-30,13063433,88370,23589,34074,559,5302,65319,2711,-7312,-6486,-29.7,12545,0.4722767686685212,2.593473029289194,-0.5828616978876047,-0.517018732562774,-0.0884470626738668,-0.000496500422209,-10.575218818380744,26.64,18,62.73,0.0835443034867625,-0.4326173777740645,-0.8595266038239746,-0.7627218734347418,12544.0,-0.4684938221891768,-0.0028109762571599,-13.029323679593844,66.67,0.0,0.0,0.0,-8.833720350625507,-0.150552024088324,-2.7965284474445573,0.3592394637693896,-8.833720350625507,0.5827610771649949,-2.1129407682632384,0.189106329190225,3.317841316937309,-0.26684211328477137,-0.264921,서비스,Protective
아이스크림에듀,2019,Jul_19,124.73,2.5,15900.0,5,2019-07-11,12705371,57479415311,13727922795,19805741848,2084435227,5593685500,29060363192,-83493587,390885700,365816965,-26.4,28966319582,0.6332029384114224,2.902159169402903,0.0134944896569773,0.0126290453975148,0.0105817498124897,28.79230878027883,126.16772890642967,62.23,6,63.03,0.04828817255962,-0.0978804674835225,-0.1118797597336233,-0.0928743110843898,28966319581.0,-0.2976941752816977,-802.4392196024814,122.2675192208497,93.75,0.0,2.7397260273972712,-14.28571428571429,38.93542711588458,0.0,-1.724137931034475,-0.3055552763566616,38.93542711588458,0.0100704108308979,-0.0263690648338754,0.425691124417149,-2.1189111882650717,0.6981947740327783,-0.460398,출판,Protective
아이쓰리시스템,2015,Jul_15,768.0,37.6,36000.0,1507,2015-07-30,3317400,19743470956,24603323536,8199359907,8249040151,1428480000,15928418073,10541496361,428391151,343633438,61.1,5905696900,0.5895823179685997,2.4079283236664,0.0725386280829955,0.0581867718270472,0.0123173195078642,103.58516850545608,65.12364778982095,47.99,6,60.47,-0.5231076727767556,0.3124004749324389,-0.0781547432845609,-0.1119328371945878,5905696899.0,-0.2284202313846917,-1481.7355468137698,60.434257403509335,93.75,250.0,-12.987012987012992,0.0,-11.412999999999997,-0.3576903423607502,2.1255060728744946,0.1801725863721959,-11.412999999999997,-1.0478798599782737,2.78906671461967,0.8612846181647926,-0.597685078058463,-0.9549418113042663,-0.204587,전자/회로,Growth
아이씨에이치,2022,Jul_22,57.28,17.49,34000.0,2,2022-07-29,5664755,15348176588,32597629385,15309556890,7024825986,2300172000,8796125824,-3544508,1056559555,1514618703,-20.6,23271486803,2.0134210362169744,1.0025225875756878,0.0454014633419896,0.0650847415045585,0.1365412769808321,267.37585350116643,24.24039702806909,48.92,3,64.32,-0.7877401660305812,0.0155811603420775,-0.1265714196827593,0.0092022433543022,23271486802.0,0.0165748240340427,105.51259004140516,20.568192560705047,93.75,0.0,-5.747126436781613,28.57142857142858,-98.07996385814322,0.283091704555205,-11.16856256463288,0.4805470843729953,-98.07996385814322,0.0746149115019356,2.3525267154656198,0.1496880537428024,4.75287039529626,-2.466917609281727,-0.691636,전자/회로,Growth
아이씨티케이,2024,May_24,783.2,5.11,20000.0,1108,2024-05-17,13133596,7977786095,2435026039,790934957,213603001,5552248000,0,-44760362603,-2364614723,-9030707393,43.5,6187514371,-0.0256206647060539,10.086526109883394,-0.382159067635077,-1.459504875709969,0.2303275096096821,-687.603562116575,-3.978776789507455,24.79,36,69.45,1.197245492263364,9.890854035314202,0.9169131615716142,2.737028604371525,6187514370.0,-0.091198670948584,132.58092140187648,-13.313797817898765,73.91,233.33,2.8169014084507005,0.0,66.58588516332291,0.0755287009063465,-2.2840119165839057,0.0789404438207075,66.58588516332291,-0.1035814879391971,-0.1783847407938021,0.0224906223872167,1.8264038120153088,-0.9178429813596956,-0.418718,IT,Growth
아이언디바이스,2024,Sep_24,1152.8,2.5,7000.0,1965,2024-09-23,13653263,14939659,2760874,2016781,2049343,5281632,-10321047,371085,-1015682,-801640,55.7,2471281,-0.8710018357742491,7.407675399559991,-0.4109941362394644,-0.3243823749707136,0.1717187945153834,-0.0587141696457469,-13.423895471220323,19.59,36,71.93,0.1489432336088789,-0.1741301810771398,0.1533846627956971,0.3056831590125951,2471280.0,-0.816645197337649,0.2288934154421547,-9.349941414246423,75.0,262.5,0.0,0.0,10.293784255937698,-0.1842854749539269,-0.7936507936507908,0.0960363191897961,10.293784255937698,0.97455465086822,-1.42746372263044,0.1987724422047643,-2.2638490316570725,2.3153180563151627,0.163706,전자/회로,Growth
아이엠비디엑스,2024,Apr_24,865.73,3.5,13000.0,2654,2024-04-03,13992625,8494513453,3208164526,767274922,310510812,1141762500,-42975918189,1515623064,-4923399541,-7563224846,176.9,2926965114,-0.0267317698296317,11.071016671388096,-1.6820834377050933,-2.5839818895771094,0.1875868081893022,-540.5150817662876,-2.158039817106121,16.33,36,81.21,1.459258342519649,10.79877219933496,1.6202093286419723,1.3921913824933774,2926965113.0,-0.1322894144053626,205.33632595742404,-5.749820989901275,70.0,240.91,-1.388888888888884,0.0,-13.284498416367708,0.2861471132805882,0.0,0.0526546731022481,-13.284498416367708,-1.4290204091781944,2.791033223365313,0.4256926413848561,-0.4336535773661665,1.323957971285728,-0.756026,바이오,Growth
아이엠텍,2016,Feb_16,112.3,25.0,7500.0,139,2016-02-03,16787750,26419056634,20587074368,14840563951,1827581641,6979375000,16610761422,6747848988,11728755692,9739795692,64.7,67931989633,0.5494150441019676,1.780192229973835,0.1726543820571745,0.143375687133836,0.3210429288686245,580.1727862280532,2.5866329052017907,37.02,6,54.3,0.0750617746402237,0.165480956467527,0.0496456032734657,0.0321111435816745,67931989632.0,0.0707415493244161,271.63041759616385,-1.027111568143778,92.86,100.0,-2.898550724637683,0.0,-14.949513644682987,0.0,-2.2862823061630237,0.4284274193548487,-14.949513644682987,-0.417981453678995,1.3048507493737649,0.9267944513468684,-0.4915763601244127,-0.3677010343677054,-0.00383,전자/회로,Growth
아이엠티,2023,Oct_23,753.5,25.2,14000.0,476,2023-10-10,7874611,7530819663,6489775457,4025536676,3145668875,3123605500,-1856477907,-57951499,-738698858,-550600734,48.2,4113702647,5.93065442377163,1.8707616571718944,-0.1795703096184433,-0.1338455355788869,-0.4553519844893658,-69.92100739960361,-9.272235221189415,36.31,3,70.57,2.097618503159293,-0.0982057724928462,-0.2031874181915411,-0.0939126327491941,4113702646.0,-0.2336177542953066,-15.372666789508711,-39.09963329860613,82.35,233.33,0.0,0.0,78.17836324885089,-0.1440311785139369,-1.6032064128256418,0.3721754541426758,78.17836324885089,-0.3004442090932757,1.5961247715254867,0.3613650049832273,-5.212451177654154,3.259973037276831,-1.057221,기계제조,Sensitive
아이지넷,2025,Feb_25,1138.59,0.33,7000.0,146,2025-02-04,18234437,12972055470,2939472515,8472645757,1839276677,8187706500,-47554052625,-1732710110,109292111,172235534,-37.8,10798324882,-0.2509041174823463,1.5310513199826206,0.0101212097426501,0.0159502085630988,-0.0041907418266535,9.445618419696752,51.235221826761126,11.02,36,70.31,1.0428307463874853,1.3450910226289468,0.258711016158529,0.9859522141897477,10798324881.0,-0.2723975473782549,701.2883307008601,36.68667813902631,76.92,100.0,,,,,,,,,,,-1.594432768944054,,-0.109561,소프트웨어,Growth
아이진,2015,Nov_15,408.0,7.5,13500.0,268,2015-11-16,10000000,6513148151,799148898,1457070267,405190746,4219242500,-18747486466,291648129,-2030337652,-1975580681,-3.0,60071077,-0.1308080270256814,4.470030237052391,-33.798922100231366,-32.88738573806493,0.1387677717074465,-197.5580681,-2.6843003333122444,16.28,1,34.78,0.0015401171972959,-0.2537499944809678,-13.82579292679172,-13.8629707402236,60071076.0,-0.0904485788806351,95.02546059999996,-1.4297472175161965,94.44,100.0,0.0,0.0,7.596947642841623,-0.3966183070660656,0.5655042412818112,-0.1895415201229822,7.596947642841623,-0.3076910372981856,0.3300876169241684,0.2786602411644745,-4.970532854033705,0.26733969626535625,-0.547183,의료/의약,Growth
아이콘트롤스,2015,Sep_15,272.96,29.1,32000.0,280,2015-09-24,8230000,63284138273,87149659281,73103740762,8187886460,2808865000,70276714702,-6552775383,6453125131,6791310313,3.9,82692025689,1.2218277593145923,0.8656757864010111,0.0780380584129095,0.0821277536305826,0.102074613906821,825.1895884568652,10.714524967112403,29.89,6,64.82,0.1030191642459541,0.1196049997314534,0.0219849698156991,0.03496548562205,82692025688.0,0.0012991180833189,69.65026391251524,2.12504956370692,93.75,100.0,2.857142857142847,0.0,12.232456351305876,-0.4334812674166577,1.2720156555773077,-0.2594183567369956,12.232456351305876,0.0477297783555652,0.480027139343564,0.5344390568690738,3.237471103476053,0.8553633771020914,-0.074361,IT,Growth
아이퀘스트,2021,Feb_21,1.0,18.4,11000.0,2853,2021-02-05,9860000,17933534126,6375527379,3999146019,1839945732,980000000,20877672354,-4435594825,3228057619,3557803597,81.8,10502220195,0.335154733485746,4.484340916985157,0.3073690666414369,0.3387668065361869,0.2042123616473317,360.8320078093306,5.72169766899071,44.59,6,72.8,-0.0409402967545924,1.3373833423483972,0.1407630302594686,0.1235909592510274,10502220194.0,-0.0111161876037577,44.18750081135903,-0.7097107854888653,93.75,128.57,7.14285714285714,0.0,-17.674423434368602,0.823852491173005,2.310924369747913,0.5344418052256383,-17.674423434368602,1.0909127442935818,1.2965949575850289,1.1016314675102334,3.5402282070253976,4.534506510243075,-0.583362,소프트웨어,Growth
아이큐어,2018,Jul_18,642.1,5.71,65000.0,331,2018-07-12,6130861,17944481720,37811677227,12619011366,23849332956,2454067000,0,-8746994200,988404153,2041795628,-6.8,8881589452,-5.795132084477316,1.4220196178243143,0.1112868544917291,0.2298907913988546,-0.3244588032100546,333.0357070564803,19.514097109424025,20.76,3,31.6,-1.3848605093814834,-0.2931015880454541,0.1193486045642604,0.2214505776766836,8881589451.0,-0.2840108634273901,278.2490263602453,73.36380946313773,92.86,190.91,-2.4390243902439046,0.0,1.2040226350104488,0.4684541014651655,-4.490177736202073,-0.191336215187432,1.2040226350104488,0.53683627051333,2.74524158125915,0.5364811044934692,-3.061233147521225,-0.44240756127962344,-0.398516,의료/의약,Growth
아이티센,2014,Dec_14,54.13,0.0,7500.0,2,2014-12-23,4311520,79006773931,48012323617,71280163390,19497745717,1630760000,11601340085,21592455508,-816051087,-1903702635,16.9,63516029656,2.6067212506007413,1.1083977669737493,-0.012847954940189,-0.0299720030567144,-0.0546655255920238,-441.5386302278547,-44.41044074119345,47.26,1,53.05,0.1697015233162768,0.0763616710191605,-0.0539965921759229,-0.0477274671549524,63516029655.0,-0.140251406329219,-1008.03190382974,-49.7023810659518,92.86,33.33,1.4084507042253502,0.0,-8.809233816348138,-0.9788254095085992,-1.6441005802707909,-0.0095729404882227,-8.809233816348138,0.1369764005791252,0.8428454022463727,0.310137450143344,-1.5680919432867535,-0.6424815515465698,-0.170979,IT,Growth
아이티아이즈,2021,Nov_21,1601.0,9.11,14300.0,633,2021-11-11,5976990,21683496528,4204221078,14653654969,2390843910,2000000000,8627532590,-1784313863,2864897855,2370272073,40.2,31909430902,1.9274089452248828,1.4797329795106902,0.0897821670276305,0.0742812393075752,0.2680327317657672,396.56617678798193,3.086748350055922,22.59,6,76.22,-0.2321003168357609,0.0506128911759244,0.0302962720810303,0.0127049856845877,31909430901.0,-0.2214226621554256,-132.2185442839958,0.9653159364948208,94.12,100.0,0.0,33.33333333333333,18.97965128375847,0.7148093841642167,0.8379888268156277,0.5031446540880502,18.97965128375847,-1.1295902700599547,0.0076089345800944,1.369195361030484,-2.7024509673470365,-7.860156172563759,-0.312655,소프트웨어,Growth
아이패밀리에스씨,2021,Oct_21,63.1,0.0,25000.0,21,2021-10-28,4120276,28601118452,3467291927,10911078138,2457797836,1638250000,12761496982,3713985887,2914270358,2232976435,1.6,39080864648,0.7380519559764299,2.621291689992661,0.0745702630750044,0.0571373344758961,0.1232753321001843,541.9482663297313,6.416540714442528,1.89,6,63.86,-0.3062281635753702,0.5410706788957178,-0.0722165485250406,-0.0532804336994783,39080864647.0,-0.4805030658795609,-1580.9921463999012,5.120288344586745,93.75,-155.56,-1.1494252873563204,0.0,-33.64443401306071,1.0370370370370363,3.0710172744721653,0.1744693224774662,-33.64443401306071,1.1284043169486058,1.1354891666809142,1.087504440920739,1.6925385036459462,-5.184352496385024,-0.114202,화학,Sensitive
아주스틸,2021,Aug_21,1776.0,16.3,15100.0,1420,2021-08-20,26452189,241255132245,199984033734,223289870363,64044077139,11226094500,79382989151,11992642393,14477868019,12121973463,121.9,174043623801,2.800478691545393,1.0804571289006262,0.083185282533268,0.0696490523367874,0.1181459019295794,458.25974791727066,10.630378607887764,62.63,6,77.09,-0.3009595775607918,0.1043936436566904,0.0332564824879953,0.0490991294282734,174043623800.0,-0.012543199679656,15.603870628627362,6.148487164270564,94.44,100.0,-6.666666666666665,50.0,-12.812523981275426,0.523168908819116,-0.6756756756756688,0.4791707412477919,-12.812523981275426,1.145164317938674,1.430094931729564,1.3184332465782544,-4.428351944839992,-3.029340100943523,0.14391,철강,Sensitive
아주아이비투자,2018,Nov_18,40.55,0.0,1500.0,63,2018-11-21,118714050,321640877969,0,182731728698,0,53962000000,84747470923,-17865427,13961478777,10830801901,-23.3,51649080259,1.3175399336138636,1.7601807866688253,0.2703141799813012,0.2096998019458962,0.0780926997150694,91.23437285645632,9.949458183458155,67.09,2,75.88,-0.1223305687886122,0.0645210787659098,0.0369660441765486,0.0226435561740217,51649080258.0,-0.0214334770083189,-18.641347515310954,1.8817377240857187,93.33,-125.0,-5.1948051948051965,16.666666666666675,-27.580259368338844,-0.6917679612609917,-3.592814371257491,-0.710708609470112,-27.580259368338844,0.0594128434202811,-0.1972037742856924,0.4908160443665155,2.57303182083124,-2.0349492911830973,-0.196776,투자,Sensitive
아진산업,2015,Dec_15,11.61,8.7,6500.0,0,2015-12-22,12550300,132799707408,344233139942,282758813840,111923875899,3957650000,72733241159,5659266452,26054651289,15146826611,-2.8,245474042834,4.792737514885824,0.4696571809893967,0.1061401482136311,0.0617043921879875,0.1839319686860775,1206.8896051090412,3.1606701121257137,50.39,6,54.81,-0.1831127709708573,-0.1896538112590505,0.016492065110631,0.0120306283944111,245474042833.0,-0.0482292649742721,36.31655442499391,0.7739782226842413,92.31,0.0,-2.777777777777779,0.0,18.84582865363502,-0.2305354710258944,-3.1865042174320624,0.2996223070917514,18.84582865363502,-0.1361147410359642,1.759594433882827,0.2124048711981352,-0.8326324223979609,-1.3551251352238445,-0.093173,자동차,Sensitive
아톤,2019,Oct_19,810.88,8.7,43000.0,653,2019-10-17,4215577,17852539370,10462026170,4751349930,9580643579,1435500000,10473073018,652405818,2934995872,2741202038,-0.3,17667710668,1.1409933649377897,3.7573615147306154,0.1661220249274234,0.1551532108211904,0.218231562507188,650.2554781943255,4.764085757119593,27.06,2,54.32,-0.0624577074111356,1.6443188070473087,0.0402262062476961,0.0090545068733681,17667710667.0,-0.2113879161372468,-321.28770818324506,1.6693350640103857,94.12,100.0,2.777777777777768,-16.666666666666664,11.318987922336031,-0.2382133995037172,1.73469387755103,0.2475098703328848,11.318987922336031,0.7447913034316134,-1.1206212684230166,0.9019404281386478,0.2194473784478567,5.617332589163571,-0.548752,소프트웨어,Growth
안트로젠,2016,Feb_16,531.1,30.6,24000.0,1443,2016-02-15,7463435,13989068141,4120792353,961666941,534178226,3371217500,-5834296012,135075288,-116387065,-40787402,62.9,2739561084,-0.642544284981626,14.546687158085431,-0.0424838364363333,-0.014888298070159,0.0175203374202887,-5.464963786781824,-142.74795336577995,21.44,1,55.86,0.1609813053282084,4.861785803596943,0.8219759413078235,0.756887777983627,2739561083.0,-0.7381811783672125,184.21356801526372,-134.57418124957292,94.74,140.0,-2.898550724637683,0.0,-14.949513644682987,0.0,-2.2862823061630237,0.4284274193548487,-14.949513644682987,-0.417981453678995,1.3048507493737649,0.9267944513468684,1.1773782551764975,-0.3677010343677054,-0.406337,의료/의약,Growth
알리코제약,2018,Feb_18,389.27,9.38,12000.0,697,2018-02-12,9360575,30182547392,26104457386,27609819738,7479490187,3211662500,17065426225,23863388,7386881327,4656094415,95.8,52317033550,1.7284563664642143,1.0931816172077031,0.1411945751843951,0.0889976762644639,0.2293534997315916,497.4154274710688,2.869640639212613,59.13,6,71.87,-0.4737391730424374,0.2282759825721918,0.0571526251819323,0.042399438819369,52317033549.0,0.0698820240870499,257.8343063326772,-0.9519324674721954,94.44,66.67,-1.2658227848101222,0.0,-28.50751462327461,0.4221105527638213,-1.6129032258064502,0.7634599310949453,-28.50751462327461,-0.2415416146075766,1.207462266804149,0.4463731638395973,-5.961523298904037,1.511022545879448,-0.466501,의료/의약,Growth
알멕,2023,Jun_23,1697.23,50.28,50000.0,1355,2023-06-30,5971381,138309168279,95246180428,91314889514,65339350852,2473190500,20506241067,7000000000,11276436299,5479090840,99.0,156754943320,5.225390615425741,1.514639825061553,0.0719367189331965,0.0349532252314044,0.1827616653689703,917.558407343293,6.81962867540161,28.66,2,68.47,0.0536496414205434,0.645431860689658,0.1544774985890329,0.1985533035333792,156754943319.0,0.9784994167216996,3186.5777348656866,12.564067016802149,93.75,200.0,2.7027027027026973,0.0,-29.22743682310469,-0.2231185102548716,2.752293577981657,0.0269954107801728,-29.22743682310469,0.11177282158632,-2.3716129226553084,0.3787653680872749,-2.474756118432297,-0.40310151421261153,0.203334,철강,Sensitive
알비더블유,2021,Nov_21,1719.61,15.98,21400.0,3706,2021-11-22,7930590,30946953263,57003756300,41314388054,12267218738,3555000000,8360325125,539284807,4563907399,3837149098,82.0,24553529760,4.302150535789257,0.7490599454734937,0.1858758167811388,0.1562768830187126,0.3080906683509291,483.8415676513349,7.530631050606029,35.65,1,67.64,-2.698256232979534,-0.4090940111115998,-0.0187252065223685,0.0565178707964205,24553529759.0,-0.129696577470203,14.93728146329596,3.5796832334744857,82.35,100.0,0.0,33.33333333333333,18.97965128375847,0.7148093841642167,0.8379888268156277,0.5031446540880502,18.97965128375847,-1.1295902700599547,0.0076089345800944,1.369195361030484,-0.0079641877026248,-7.860156172563759,0.055842,엔터,Growth
알에스오토메이션,2017,Aug_17,656.89,61.0,6000.0,1059,2017-08-11,9103140,39128585819,22340166136,33465181570,6417566196,2846000000,17523647644,-2470861,1770974382,1559527321,158.3,19137914479,1.958187341865132,1.1692327363338433,0.0925374801911298,0.0814888854640492,0.0765706183834816,171.31751472568806,12.188772693946287,40.78,6,70.08,-0.4141193769396531,0.0382522813710932,0.0491056197752825,0.0389960782903862,19137914478.0,-0.0831136897363738,-158.69521571677467,5.664874662363597,94.44,100.0,0.0,0.0,15.449291479216164,0.4595588235294157,-1.2422360248447228,0.5733392137355464,15.449291479216164,0.2823370160882188,-0.3182299012694067,0.6352712181861842,-5.377050250251891,-0.7446765072170791,-1.085545,기계제조,Sensitive
알엔투테크놀로지,2016,Jun_16,570.26,0.0,5800.0,1433,2016-06-22,6328942,9163814509,12722744126,2114911323,3593332829,2812721000,9541116955,0,2490679625,1696410908,50.9,10255885284,0.4620624111140852,4.33295448813482,0.2428536938576779,0.165408529934177,0.1373185332509082,268.04020450811527,6.495542148661532,27.08,1,51.53,-0.0435025350937989,0.8320836481735676,-0.0005010213810643,-0.0439971271890127,10255885283.0,-0.0893959196574331,-64.75783819791678,0.8921789326069982,93.33,100.0,0.0,-16.666666666666664,20.90585252618178,0.2421562434196555,-0.501002004008011,-0.0198682421834073,20.90585252618178,-0.2714486687872219,-0.0862135193041457,0.6542277316011758,0.4972966429954706,-1.1969993288680865,-0.485096,부품제조,Sensitive
알체라,2020,Dec_20,1315.0,3.71,10000.0,1322,2020-12-21,13368794,9783585911,1124285337,739574206,306397998,5654397000,-19446941242,740913249,-2581797636,-1909334845,160.0,1379541460,-0.0801411106827175,13.228673785034628,-1.871489702092752,-1.3840358556530803,0.1462909000433766,-142.8202757107335,-3.819780027097368,39.61,3,62.9,-0.0050099536024191,1.4472785755541049,-1.2445349099836935,2.0356375455561366,1379541459.0,-0.5841173761707275,699.0474671836517,1.6440953835994394,94.44,100.0,5.555555555555558,0.0,35.826117481862866,0.7795322806316118,-8.28282828282828,0.2397841942251899,35.826117481862866,1.5401576045591223,-1.936853039148956,0.5581519671069568,5.481636139318602,3.519132365719435,0.056339,IT,Growth
알테오젠,2014,Dec_14,409.0,14.4,26000.0,565,2014-12-12,5860445,14402056605,664776247,1938484176,1445211579,2201166500,4041215725,5440754872,880002129,806080867,-17.3,3671645010,0.2896221902479315,7.429545612653998,0.2396751664725888,0.2195421574810686,0.0689952416296634,137.5460168980342,13.276260036184526,35.17,1,54.36,-0.0878140511725023,-1.163533725468044,-0.0336466463655678,-0.0710169316533172,3671645009.0,-0.1969584222761421,-136.497882498684,9.279075532465788,93.33,100.0,1.4084507042253502,0.0,-8.809233816348138,-0.9788254095085992,-1.6441005802707909,-0.0095729404882227,-8.809233816348138,0.1369764005791252,0.8428454022463727,0.310137450143344,-2.872319993530581,-0.6424815515465698,-1.2203,의료/의약,Growth
알피바이오,2022,Sep_22,1556.04,10.98,13000.0,1518,2022-09-29,7823942,64918717772,90258202644,80420056339,3770053631,3293971000,30201302328,60343189,6742481495,6041548870,40.8,68070663686,2.5089722290558267,0.8072453654887262,0.0990512084045791,0.0887540761739709,0.1800458312824984,772.1873283314217,10.528291475273823,9.45,6,63.05,-0.3572866866583881,0.1144516912147954,0.0479060876307827,0.0555909862317615,68070663685.0,0.041385937516552,284.89316791970083,-0.5139967782317605,92.86,100.0,3.797468354430378,0.0,-98.19466060098168,0.0686990124517006,3.1567080045095786,0.1749056430083717,-98.19466060098168,-4.50596804687703,5.548223658262774,0.1597628193284128,-8.648578137229334,-2.8944144615870258,-1.199886,의료/의약,Growth
압타머사이언스,2020,Sep_20,830.0,2.88,25000.0,1251,2020-09-16,8466126,5823779568,709292896,426589259,1020431197,3793563000,-31986519581,0,-2019987971,-2020843538,11.0,76405050,-0.0513256015502533,13.6519601587062,-26.437885597876058,-26.449083378651014,0.0716790213964966,-238.6975504498752,-2.517862522459546,27.11,3,49.66,0.0028742600049799,-2.652680705334284,-18.36224359694329,-16.768219438606906,76405049.0,-0.0833051735940482,227.37592294279577,-0.4091492716110845,92.86,100.0,11.290322580645151,0.0,6.035597910628598,0.1996406468356859,-9.876543209876544,0.548956981734694,6.035597910628598,0.3805461175406366,-0.6782659982306094,0.5560852307114894,3.9015547356523017,-0.27973576216133544,-0.117493,의료/의약,Growth
압타바이오,2019,Jun_19,856.41,30.5,30000.0,663,2019-06-12,10896019,18876621768,530625561,1671100071,1028386842,4334200000,0,-37809847761,-1832811143,-1796542162,29.7,32712200,-0.08064031896479,11.295925417981746,-56.028366878412335,-54.91963738299472,0.0536671366250011,-164.88060107090487,-9.11592036081374,34.14,3,44.86,-0.016981558470502,-5.669037177361627,-53.71629192011818,-52.1254717647338,32712199.0,-0.0745887391383681,208.01076705170945,-3.669294455870344,93.33,225.0,-5.1948051948051965,0.0,-24.008221583652624,-0.2779432201707399,-0.3033367037411638,-0.1615622365833124,-24.008221583652624,0.2735164882284202,-0.6481927507204555,0.7547577079255685,2.125567835107467,-0.5886201409351948,-0.324573,바이오,Growth
애경산업,2018,Mar_18,24.3,8.51,29100.0,2,2018-03-22,26122335,147507945161,94136841924,113216403832,12887259345,21322335000,88850345798,416239751,41813596216,32922430093,16.8,440581470694,1.1402920161529717,1.3028849192196978,0.0949054805916726,0.0747249539140647,0.2977009806186927,1260.3172761163962,2.763242924888343,62.83,6,76.2,-0.45151002849435,0.14601539898565,0.01602611400271,0.0322086460923017,440581470693.0,0.0345121902713911,435.4901886067995,0.591383369439153,93.33,0.0,5.128205128205132,0.0,46.42252868235022,-0.0400320256205066,-0.091074681238612,-0.1052045925850952,46.42252868235022,0.4951696050179421,-0.7123140480557066,0.241242363167049,3.907316748259904,-1.9747625366837274,-0.229065,화학,Sensitive
애니젠,2016,Dec_16,93.9,0.0,18000.0,813,2016-12-07,4943165,7619490936,4895631986,4170892589,282409380,2006915500,-860719467,150449002,-74881236,-513662448,-30.0,2107392438,3.4344804081249576,1.826825019684054,-0.0355326490926698,-0.2437431390270557,-0.3961473141336634,-103.91367635917474,-107.66143006774088,20.72,2,36.68,4.65990965733991,0.5231763457582539,0.2823294149674459,0.4476840485186238,2107392437.0,-0.8222468576154214,416.764296558986,-105.04443529463184,93.33,-100.0,0.0,0.0,29.65419163849024,0.8739076154806291,-1.7726798748696535,0.1091056454378236,29.65419163849024,-0.2375701207422031,1.776798319617079,0.3006065873986774,0.5725682259978271,4.714290006752721,-0.367181,의료/의약,Growth
애드바이오텍,2022,Jan_22,102.0,0.0,7000.0,27,2022-01-24,9093844,9615826118,10039286685,11416925665,3274541203,3846522000,-16349064167,-826390969,-1253406566,-2814744765,-15.0,7862259945,-1.102223765255446,0.84224303460944,-0.1594206468328617,-0.3580070850735526,0.2111755484313804,-309.52199806814366,-3.9601244078691065,17.43,1,60.35,-0.2570364000161512,-0.4770156206825484,-0.0579257919133779,0.3903059382933942,7862259944.0,-0.4414165593732728,498.1587835683128,5.402896394113949,94.44,0.0,-1.17647058823529,25.0,18.379999999999995,1.055697124135424,0.5747126436781658,0.7785467128027523,18.379999999999995,-0.3436931313036573,0.8709977190166418,0.6199461496420255,-6.598332686569153,-0.49839963420208555,-0.141618,의료/의약,Growth
액트로,2018,Aug_18,132.07,1.86,20000.0,545,2018-08-28,5000054,46795966106,27382491855,35203171787,2839073332,1882027000,21781334465,-1890929309,12013568692,9269805789,-10.0,46358682872,1.7472666740411176,1.3293110742731722,0.2591438744101167,0.1999583511592568,0.4257588551697678,1853.9411352357397,3.0079499080122294,8.94,6,46.75,-0.3360921003991233,0.2216629289504506,0.1025779402834127,0.1221397539226746,46358682871.0,-0.1306115379029786,437.19011074680384,1.106770381591362,94.74,0.0,-8.750000000000002,0.0,37.32887639595837,0.4464285714285809,-1.9588638589618013,0.8844710416878065,37.32887639595837,-0.3271201557418446,-0.1469540434627547,0.5023373592949243,0.1286867000556579,0.14957196600423606,-0.386556,IT,Growth
앤디포스,2016,Oct_16,406.09,10.6,14500.0,524,2016-10-12,15076923,32908681581,10644596395,8769920425,2446270478,6000000000,26337087073,0,12137201227,9944868506,5.5,35498396724,0.3468522343301914,3.752449279606776,0.3419084338193279,0.2801497933363397,0.3075375491784328,659.6086287633093,2.664295208442621,70.74,6,71.67,-0.0812087762325137,0.810261844147186,0.0574584310316034,0.0406950378823735,35498396723.0,-0.2550377963013663,-252.94404826502068,1.167932665319324,93.75,100.0,0.0,0.0,-28.74493300739548,0.2934702861335347,0.2926829268292685,0.1371471318586614,-28.74493300739548,-0.6892587375687764,1.6063350459146308,0.4306130955507692,-0.1110025098355116,1.8207994579945819,-0.390929,부품제조,Sensitive
앱코,2020,Dec_20,1141.0,3.0,24300.0,978,2020-12-02,9688732,56696662985,20675333679,37125821054,16682363753,3820290000,17950547759,511814098,12818970491,10026431807,18.9,73994012671,2.4148016650942914,1.5271490670208734,0.173243348052998,0.1355032852668848,0.4499658241462961,1034.8549022720413,1.8381984632497428,36.64,2,56.88,-2.6177146166328544,0.282996699070924,0.1081333168708582,0.0942744894003937,73994012670.0,0.0776867694919566,676.2538741911737,-0.0230977427949197,93.33,100.0,5.555555555555558,0.0,35.826117481862866,0.7795322806316118,-8.28282828282828,0.2397841942251899,35.826117481862866,1.5401576045591223,-1.936853039148956,0.5581519671069568,8.090094602564225,3.519132365719435,-0.650165,부품제조,Sensitive
앱클론,2017,Sep_17,564.87,21.72,10000.0,799,2017-09-18,6800000,11876384469,3372028408,2712611123,651387404,3049418000,-18093987631,537548780,-217978569,-221320268,160.0,2423294695,-0.2318876192121907,4.37821122545032,-0.0899513251317541,-0.0913303150692532,0.0152560798163286,-32.547098235294115,-54.52102197257749,19.35,1,47.42,0.0477907183015955,-4.58751637504953,0.4247179992164279,0.4203705255679935,2423294694.0,-0.0955290476604075,202.25810029411764,-47.061784244272616,94.44,100.0,2.564102564102555,0.0,14.448757990601012,0.6709362610551883,-2.156334231805923,0.1162577250198859,14.448757990601012,-0.0428950757842105,0.0707469998850296,0.3069946043555482,2.2611365308659925,-0.3246242808644605,-0.325768,의료/의약,Growth
야스,2017,Sep_17,28.9,7.15,23500.0,0,2017-09-29,12930000,67074759584,30132104637,30447094729,6376827385,5655000000,43341119960,164938922,12463249908,11097493777,-18.7,50257046328,0.7490465614743469,2.202993756251994,0.2479900992720353,0.2208146834689166,0.2257374846957024,858.2748474091261,4.84487934950586,47.46,6,48.38,-0.091235591241476,0.1736427873567465,0.0545040756098319,0.0633835223458306,50257046327.0,-0.1183928893387804,-152.08100085073465,1.7815644628949157,93.33,0.0,2.564102564102555,0.0,14.448757990601012,0.6709362610551883,-2.156334231805923,0.1162577250198859,14.448757990601012,-0.0428950757842105,0.0707469998850296,0.3069946043555482,1.5001610797429343,-0.3246242808644605,-0.861075,전자/회로,Growth
에브리봇,2021,Jul_21,576.74,0.67,36700.0,159,2021-07-28,6095671,18582869302,26820420636,5853848983,20819080345,2614212000,2420413937,69758892,1847311705,1732697356,-17.4,10456764649,5.225493418219703,3.174470225652557,0.1766618803242035,0.1657010953350376,0.3394527282025977,284.2504715231514,10.139252925915931,35.66,2,65.29,-4.756226509429895,0.2676571787776298,-0.0868025128877806,0.1840496179215552,10456764648.0,0.998407961603698,432.2424832311324,8.82946147562014,93.33,100.0,2.2727272727272707,0.0,-13.19610977884359,0.9716064522214962,-6.750675067506751,0.2057814796668333,-13.19610977884359,1.0074820328515257,2.022652278605186,0.8904040002052582,-0.4863681640985162,-15.025167031517407,-0.345796,가구/가전,Protective
에스디바이오센서,2021,Jul_21,1143.0,11.59,52000.0,274,2021-07-16,103271353,1648493636159,183898678713,666486099549,14482315796,46659287500,1012157600832,15537012468,576314729367,437546860320,17.3,1179116264970,0.6338399430931726,2.473410379112945,0.4887683653330514,0.3710803364510728,0.4072651106811153,4236.8657677991305,1.997908158258728,31.56,6,67.18,-0.4008692884324197,0.60329640097236,0.0509314036986847,0.0024244906069387,1179116264969.0,-0.5062267978221975,-1782.3626164944308,0.971784094803045,90.91,100.0,2.2727272727272707,0.0,-13.19610977884359,0.9716064522214962,-6.750675067506751,0.2057814796668333,-13.19610977884359,1.0074820328515257,2.022652278605186,0.8904040002052582,-0.7565364079360593,-15.025167031517407,-0.561195,의료/의약,Growth
에스디생명공학,2017,Mar_17,26.66,0.0,12000.0,2,2017-03-02,22064400,42833,18861,12253,1274,4716,36718,237,21286,16618,1.7,79476,0.3246142401190276,3.495715335019995,0.2678292817957622,0.2090945694297649,0.3987905257853183,0.0007531589347546,2.262848820821197,57.13,6,58.22,-0.1973276626969979,0.7089520689146496,-0.0874511533946335,-0.0359278064311027,79475.0,-0.4134596296735073,-7.564221098239692e-05,1.1160695177588953,93.75,-100.0,5.333333333333323,0.0,-27.27272727272728,-0.0405063291139318,2.754237288135597,-0.0686250409701827,-27.27272727272728,0.3727101175602598,-0.8865248226950451,0.2562240915152003,1.77987104768913,0.03881829124547975,-0.422545,화학,Sensitive
에스바이오메딕스,2023,May_23,854.29,2.65,18000.0,994,2023-05-04,10992276,14321769716,3743329932,6762600546,6502801199,5074888000,-45843849195,1632524193,-8433101115,-8589831908,4.6,5319321448,-0.3389527192861755,2.117790281797904,-1.585371592493389,-1.614836025980282,0.2194842598359434,-781.4425245508755,-0.5691498106743619,0.27,2,73.1,-0.058310832986865,-1.0249084488206326,0.2244713266493498,0.1826649793484545,5319321447.0,-0.0455264624330326,38.4630534204199,0.8346903000719227,94.12,100.0,1.3698630136986356,0.0,78.63284608770422,-0.3676470588235281,3.154574132492116,0.3249977430712203,78.63284608770422,-1.3359457606577083,0.6212074150953484,-0.1470530768406308,-2.370337983963511,0.44742807803250795,-0.336701,의료/의약,Growth
에스브이인베스트먼트,2018,Jul_18,786.73,5.1,7000.0,974,2018-07-06,26617000,33172228465,714491162,8279985815,2315622950,11300000000,9690777923,717700152,7561825679,6148693302,9.6,17961441215,0.488086208917711,4.006314649103056,0.4210032807770988,0.342327390569588,0.2832392616726541,231.0062479618289,3.080090952993258,45.04,6,47.73,-0.0888089098425003,-0.0948880716521207,0.1811162168583094,0.1463072762242635,17961441214.0,0.1613834916736919,151.60984667693575,-4.23761182362207,93.33,200.0,-2.4390243902439046,0.0,1.2040226350104488,0.4684541014651655,-4.490177736202073,-0.191336215187432,1.2040226350104488,0.53683627051333,2.74524158125915,0.5364811044934692,-4.350149816516846,-0.44240756127962344,-0.364945,투자,Sensitive
에스비비테크,2022,Oct_22,1644.01,26.26,12400.0,1657,2022-10-17,5944490,6084660818,10961762683,6155120503,4157993076,2345245000,-11643784836,2821704061,-404045587,38874041,150.4,3983248247,-1.5923074070841328,0.98855267172013,-0.10143620531417,0.0097593819389183,-0.0060020112212896,6.539508183208316,-16.66472828473189,37.46,2,65.9,0.076087685979981,-0.1666736206794418,0.2270812179000966,0.4251254197003589,3983248246.0,-0.4317137166019866,480.2427047568421,-13.70330388319686,94.74,100.0,-3.658536585365857,20.0,2749.336870026525,0.5148888698189191,-2.9508196721311557,0.3124425657048402,2749.336870026525,-0.662469750578798,2.5201388339956665,0.5247206058147658,-3.0694323144104807,0.9882057129422464,-0.023635,기계제조,Sensitive
에스씨엠생명과학,2020,Jun_20,1.0,6.8,17000.0,814,2020-06-17,11741474,19200466341,16987795598,14418492690,6697933239,4586323000,-94581766871,693434105,-2852072689,-2637587806,112.4,11078709,-0.2364608140884156,1.33165558660071,-257.43727802580605,-238.07718083397623,0.0295355929044747,-224.6385595198695,-5.284520295758844,26.24,1,62.43,0.0414580471571544,-0.0990015190721131,-185.02030089763,14.468224358731362,11078708.0,-0.4594378898104575,3399.587286485496,-3.90357845114192,93.33,100.0,6.000000000000005,0.0,247.28219934722568,0.5153597413096289,5.484693877551017,0.2715205148833499,247.28219934722568,0.8454663262339235,-1.518715358884004,0.8282573404028382,5.546353535054771,3.045594036269994,-0.117279,의료/의약,Growth
에스앤디,2021,Sep_21,173.11,0.01,28000.0,4,2021-09-29,4090110,37258689402,11144234387,10507547233,559099083,1518210000,34482421773,0,2542443001,2024409973,-22.5,14964151599,0.3074014474462595,3.5458978747185994,0.1699022483285923,0.1352839791555763,0.0562326235207427,494.952451890047,14.685197449191508,26.6,1,40.01,-0.0059932886335479,0.1080653273538563,-0.0003402701986902,6.987190613227945e-05,14964151598.0,0.0030278375194929,52.9844828134207,-0.8296986653157727,95.45,-100.0,3.571428571428581,0.0,27.503652718855086,0.3717472118959231,1.263362487852282,0.4087591240875987,27.503652718855086,0.0083436518010016,0.7928710550356044,0.713811150843191,-4.465977592068249,0.8183172709364639,-1.488364,식품,Protective
에스앤케이,2019,May_19,317.3,11.59,40400.0,185,2019-05-07,21081100,117344126206,11418796284,12080856840,3072646902,17391025700,77652788099,2199389248,32033239835,24585582147,-16.7,61790852819,0.1558309811604616,9.7132287684654,0.5184139459740574,0.3978838456723841,0.2528257130230191,1166.2381065029813,3.5466103126998925,33.13,1,75.68,-0.0866570955614818,3.356462163631649,-0.0282233207912917,0.0321504076774493,61790852818.0,-0.0982330996421328,-47.34477916237779,1.2127670790863014,95.0,100.0,1.3157894736842035,0.0,13.90903098220171,0.1093113385670196,-3.7937743190661344,0.1718921201033341,13.90903098220171,-0.5090168614904411,3.710942635523029,0.4398172093083019,-2.937740761877605,0.05418832776711291,,소프트웨어,Growth
에스에스알,2018,Aug_18,928.44,37.02,9000.0,1231,2018-08-06,5662567,7191899434,5330437070,3999123568,660000000,2099983500,2740354486,332446943,-1349324693,-1336286979,160.0,1902331383,0.9006992619932295,1.798368895511958,-0.7093005482946396,-0.702447003157073,-0.2583302799829202,-235.9860782221208,-5.827517258664739,52.54,30,74.92,-0.320350835575599,-0.406313125779477,-0.9418405462106472,-0.9245270114081868,1902331382.0,-0.7586039589705842,-680.1620125642663,-9.292588604238686,94.44,266.67,-8.750000000000002,0.0,37.32887639595837,0.4464285714285809,-1.9588638589618013,0.8844710416878065,37.32887639595837,-0.3271201557418446,-0.1469540434627547,0.5023373592949243,-0.4969711739312155,0.14957196600423606,-0.542917,소프트웨어,Growth
에스에이엠지엔터테인먼트,2022,Dec_22,44.73,3.46,17000.0,6,2022-12-06,8945226,25478957507,18109617995,13606680266,2675252246,3574465000,-44714824259,422471978,1979950427,-17791430141,37.9,31910254166,-0.3998717418621462,1.8725329771043508,0.0620474665196999,-0.5575458612284122,0.4369438428427973,-1988.9302004219903,13.791579131289028,7.45,1,73.04,2.038982532325271,0.5874177250203054,-0.02547718714529,-0.2686314406332734,31910254165.0,-0.0051637759235397,-749.5150451201569,20.54299240886905,94.74,-90.2,-2.631578947368418,0.0,-148.75556454876568,-0.4111349036402645,4.166666666666652,0.1742000550105649,-148.75556454876568,1.6963892795255564,-4.9761747672458,-0.0236835787602474,-3.402288643564954,-2.749406925406217,-0.542393,엔터,Growth
에스엔텍,2015,Jun_15,189.14,19.88,6500.0,23,2015-06-26,6500000,13839,18260,12854,5150,2700,12759,-1364,1006,838,100.0,6239,1.2773323873714082,1.0766298428504746,0.161243789068761,0.1343163968584709,0.0594537069882937,0.000128923076923,14.010934393638172,57.22,6,60.73,-0.0500665263280486,0.0194776279974491,0.0417920718348167,0.0273396526724244,6238.0,-0.2025408615089905,-0.0004053846153846,10.592677560218885,93.75,128.57,-2.531645569620256,-14.28571428571429,53.9124545958259,-0.0510725229826425,-7.055503292568199,0.0200231847402365,53.9124545958259,0.8731079387486851,1.917948811934722,0.332615607456832,1.2139318900440177,4.556465863453807,-0.178494,기계제조,Sensitive
에스엔피월드,2017,Sep_17,534.27,4.97,5100.0,624,2017-09-28,7876580,11020374448,8299186936,5555467627,1751282304,2908290000,8721141453,0,1538191990,1219861241,3.3,13087204107,0.628298121067226,1.9836987969185769,0.1175340414517766,0.0932102251196287,0.104894314561295,154.8719420103649,7.809695753909107,40.57,3,75.24,0.1608263820112366,-0.2001030460218065,-0.0566167331712918,-0.0487261739154528,13087204106.0,-0.2642803069896065,-334.6311272151112,5.552680510044416,92.86,100.0,2.564102564102555,0.0,14.448757990601012,0.6709362610551883,-2.156334231805923,0.1162577250198859,14.448757990601012,-0.0428950757842105,0.0707469998850296,0.3069946043555482,1.2552694007816667,-0.3246242808644605,-0.255884,유통,Protective
에스엘에스바이오,2023,Oct_23,235.14,6.8,7000.0,345,2023-10-20,7674103,6251703687,5579586766,1411453023,2728117333,3432801500,3865448707,191667011,677048172,990121873,-10.4,4416778965,0.5526857287623496,4.429267984925348,0.153290028177808,0.2241728374559943,0.1321939674607495,129.0211863197562,11.3606688786688,14.77,2,40.87,-0.2234679742085731,1.4644787219501576,-0.0721352133206383,-0.0386684798905428,4416778964.0,-0.3023541673634664,-239.236012339162,8.594207305549075,87.5,-100.0,0.0,0.0,78.17836324885089,-0.1440311785139369,-1.6032064128256418,0.3721754541426758,78.17836324885089,-0.3004442090932757,1.5961247715254867,0.3613650049832273,-4.838606276244517,3.259973037276831,-0.170883,바이오,Growth
에스오에스랩,2024,Jun_24,1072.3,4.3,11500.0,2229,2024-06-25,17529140,23078483720,2760453200,4507111169,1458076876,1546914000,-59294554272,3423101194,-8326528029,6020142042,25.4,4103272029,-0.1098065100273578,5.120460280353028,-2.029241047181861,1.4671564545203104,-0.1108180970179275,343.4362462733483,-2.3867990122392944,19.4,36,72.33,1.1057192287429836,4.936507883921166,2.083181004998905,10.162311968069051,4103272028.0,-0.4416024983081515,1502.287590720366,-8.45717452500155,68.18,266.67,1.3698630136986356,0.0,2.8887618849690933,-0.0167714884696024,2.540650406504064,-0.2278702892199779,2.8887618849690933,-0.1505537080637276,1.079545038413943,0.5841862452514057,4.218098493670408,-0.43363450650095814,-0.805315,항공제조,Sensitive
에스와이스틸텍,2023,Nov_23,1114.0,5.8,1800.0,1001,2023-11-13,30610000,45413266606,18504174789,30232858348,5700461753,11700000000,14641050741,1643070553,7415958936,5666583221,125.8,63366010569,1.2840610474592378,1.502116210226091,0.1170337041800142,0.0894262266176531,0.2024928051685852,185.12196082979415,3.773500033576777,55.54,6,77.46,-0.0678752415843229,0.1248310225765596,0.0337416420099192,0.0301515774944151,63366010568.0,-0.0632389410751797,-8.621206893172172,1.095429964251024,80.95,200.0,-5.47945205479452,0.0,-4.605983743586794,-0.3818089258442292,-1.0183299389002087,-0.52087931491126,-4.605983743586794,1.018780022625032,-2.983660203303496,0.8630997806762908,0.8495873732436543,-2.4919351616730765,-0.093369,기계제조,Sensitive
에스와이패널,2015,Dec_15,4.88,0.0,5000.0,363,2015-12-29,6200000,83179627279,110793877426,111411123634,44578961807,2000000000,32121171926,3862247338,10444531113,5002393123,22.2,186462491858,4.106794187137454,0.7466007393683226,0.0560141131276632,0.0268278787500574,0.1316993893633261,806.8376004838709,3.636680177698275,25.0,6,57.52,-0.6652001203829823,-0.0971441979624103,0.0184966765130031,0.0072896343916037,186462491857.0,-0.021219291990148,55.72159951612901,0.2310943093539843,93.33,-200.0,-2.777777777777779,0.0,18.84582865363502,-0.2305354710258944,-3.1865042174320624,0.2996223070917514,18.84582865363502,-0.1361147410359642,1.759594433882827,0.2124048711981352,0.8860772482863322,-1.3551251352238445,0.491864,철강,Sensitive
에스제이그룹,2019,Nov_19,946.62,12.61,38600.0,512,2019-11-18,3294600,36398659308,11902105957,14561668961,3683959421,1225000000,14591759761,-29705977,6708888261,5389815988,20.2,52520076245,1.1557335923243472,2.4996213967976635,0.1277394996477884,0.1026239178111079,0.3414073367801228,1635.9545887209372,4.479898265367756,51.24,6,66.88,-1.36434241442212,0.5542067544210394,0.014507440499241,0.0511803959340773,52520076244.0,0.0105898059674644,564.3333330298062,3.1065750164444683,94.44,100.0,-2.7027027027026973,0.0,-6.324354946696198,-0.1392896229230888,2.306920762286868,-0.5597704940974224,-6.324354946696198,0.2796487607823694,-1.4086291201135026,0.7449523785150847,3.2494062665755497,1.0217809530796753,-0.435253,옷,Protective
에스지이,2018,Jan_18,17.03,0.0,6000.0,0,2018-01-26,12600000,43926142020,61635632773,70632403417,11743785490,1000000000,23502580743,-1413604857,5585139083,3657177310,-12.3,64759798681,3.567771447019822,0.6218978810712215,0.0862439228773982,0.0564729567492152,0.1583949555864679,290.2521674603175,4.151299643830194,49.66,6,62.57,0.6693052686374585,0.1079253263191943,-0.1302698338480766,-0.1133068814029216,64759798680.0,-0.2177106351277973,-285.1070422222222,2.055922831086763,93.33,-33.33,-2.469135802469136,0.0,12.471811692789393,0.413765263901511,-0.6233303650934996,0.417613461892774,12.471811692789393,1.6666969672305632,-1.7572620604542344,1.368453716957485,2.446205755029296,1.944059177068901,-0.178494,금속,Sensitive
에스케이디앤디,2015,Jun_15,570.59,36.7,26000.0,575,2015-06-23,9870000,233630780625,139440844897,150232534612,100096795561,8570000000,69202936834,136268526,6366115823,6437850631,160.0,45673675515,3.2130905329644603,1.555127730676911,0.13938260390078,0.140953198060132,0.082632733850284,652.2645016210739,19.280562710710832,59.98,6,76.04,-0.36958968606903,-0.1910478361836196,-0.0045683275400699,0.0316043359441006,45673675514.0,-0.1742844981757165,-1284.987380141844,14.506983983094024,94.74,141.46,-2.531645569620256,-14.28571428571429,53.9124545958259,-0.0510725229826425,-7.055503292568199,0.0200231847402365,53.9124545958259,0.8731079387486851,1.917948811934722,0.332615607456832,0.8743868628705354,4.556465863453807,0.070436,건설,Sensitive
에스케이바이오사이언스,2021,Mar_21,1275.0,58.54,65000.0,335,2021-03-18,76500000,293143944185,232708478444,147236438323,125159250466,10200000000,43140085148,-1102839631,26798675323,23011427658,160.0,158601808833,5.2145875245346165,1.9909741604990157,0.16896828302392,0.1450893140962214,0.4405176312466782,300.80297592156865,9.457808297803078,68.43,6,74.43,-0.2192579741781495,-1.7608060113522366,0.0450321939959896,0.0652937932253575,158601808832.0,-0.025214590267384,108.94147566013076,-0.7513894197071362,92.86,100.0,4.000000000000004,0.0,-6.614363916147415,1.0603112840466888,3.285420944558504,0.2559558968300957,-6.614363916147415,-0.3195337040527879,1.7360486453423585,1.101103211316801,-1.0865602689301146,-3.3002410426114395,-0.736717,바이오,Growth
에스케이바이오팜,2020,Jul_20,835.66,81.15,49000.0,323,2020-07-02,78313250,98680712282,40392422972,145640745107,6457652570,32500000000,-498947611145,7382811247,-79258736469,-71519466822,159.2,123852416023,-0.3313222832828718,0.6775625338190958,-0.6399450169327441,-0.5774571794281226,0.155793837466717,-913.2486114674082,0.164338507062808,75.0,6,80.0,-0.2360581173772653,-1.9558633580444644,125.9628338734597,125.10897109881348,123852416022.0,-0.2006666526219792,850.1372614723562,0.5858180600902033,93.33,100.0,3.773584905660377,0.0,16.976630699994576,0.2211722127274606,2.9020556227327576,-0.0802326747567971,16.976630699994576,1.4051186583137645,-0.9181742299650296,0.4963052463004436,0.1439759883693492,0.5246788370520838,-0.697865,바이오,Growth
에스케이아이이테크놀로지,2021,May_21,1.0,57.9,105000.0,288,2021-05-11,71297592,566775183,1424853888,272644813,510733673,62741592,151517495,-16406114,125218840,88162352,47.1,469309226,3.959397092304496,2.078804202301109,0.2668152106602737,0.1878555696665549,0.4455952855456966,1.2365403869460276,9.649111787012242,61.2,6,76.0,-0.1679381674059281,-3.044525249041995,-0.0394384039680063,-0.0542553951090379,469309225.0,-0.2352097561619528,0.343324245789395,4.756057888084346,94.74,100.0,5.952380952380953,0.0,52.27385432163592,0.5434782608695787,3.121951219512198,0.0686409099823537,52.27385432163592,0.9173412343983056,0.3466142576380004,0.7233543317996194,-0.3499239295805201,4.76109698457543,-0.469061,배터리,Growth
에스켐,2024,Nov_24,283.9,0.43,10000.0,75,2024-11-18,7781835,9892700225,19559810576,9666140750,1475441556,2886667500,-1744787133,-5774939245,1651012511,582704454,-29.1,16092531845,-2.404800499925786,1.023438462242545,0.1025949506828519,0.0362096194441304,-0.1257710012637573,74.88008342505334,11.090726674087572,29.31,24,63.9,2.6106630451506145,0.7475875752433794,0.0237865186065642,0.071509158093275,16092531844.0,-0.2649759840750766,185.5985718021521,12.974824416437515,80.95,-187.5,-2.777777777777779,-7.692307692307687,22.43887499361952,0.0756238971514999,-1.080550098231825,-0.2528555235853047,22.43887499361952,-0.0716753479108822,2.3791329904482077,0.7845836519063676,-5.681488272595314,-0.26401037511315506,-0.674807,화학,Sensitive
에스트래픽,2017,Dec_17,605.02,13.4,10000.0,1611,2017-12-05,11850592,51761170657,14747697062,41286502133,4514545936,4628346000,20893944650,-1612125000,4479031237,3477925240,50.0,50755633667,1.9155470831712955,1.253706852914228,0.0882469770033065,0.0685229399916103,0.1454580152605509,293.4811391700938,4.623280918190212,32.72,6,58.92,0.354903433943033,-0.450285425577279,-0.0238206878674537,-0.0239792026688787,50755633666.0,-0.3334258163093634,-399.2619622715895,2.85079710029478,100.0,100.0,0.0,0.0,-17.745619548388092,0.0504846526655944,-1.4047410008779735,0.3605658109649079,-17.745619548388092,0.5204536218117006,-1.7429233330920169,0.288118948680971,-0.3228432443164952,-0.35158395898188255,-0.341931,IT,Growth
에스티팜,2016,Jun_16,717.41,60.03,29000.0,236,2016-06-23,18656000,92889038,136668228,75913298,23851399,6910200,82751257,0,8663954,9674805,68.3,30891335,1.1126820859045377,1.2236201093515922,0.2804655091791921,0.3131883099257445,0.1079037227780048,0.5185894618353345,14.980754630045356,32.6,6,58.41,-0.322520184406543,0.3386344856554539,0.0307656476015353,0.1307295163692378,30891334.0,-0.1896523620113107,-0.8315834584048026,11.76436202812399,92.86,166.67,0.0,-16.666666666666664,20.90585252618178,0.2421562434196555,-0.501002004008011,-0.0198682421834073,20.90585252618178,-0.2714486687872219,-0.0862135193041457,0.6542277316011758,0.0806000675025675,-1.1969993288680865,-0.366132,의료/의약,Growth
에스퓨얼셀,2018,Oct_18,942.85,37.53,16500.0,857,2018-10-15,5744316,24122140021,1388689504,15478917110,972235286,2213808000,6491020077,257952612,2186980909,1741641126,104.5,14940372958,1.8354964789209287,1.5583867947336014,0.1463806101191707,0.1165728011540312,0.1943192839848811,303.1938225543302,4.142549709381116,47.25,6,63.32,-0.2074068123643164,-0.0829220953446361,-0.0152429465549929,-0.0208622364655804,14940372957.0,-0.2884667698046515,-182.3710358204528,2.299537118135492,96.3,173.53,0.0,0.0,-26.972527211369368,-0.3446917470947497,-0.7920792079207928,-0.1796030771993972,-26.972527211369368,-0.0624841584887736,0.9111190433696236,0.9694242117605169,-7.096640074838245,-1.9250662711959965,-0.435569,에너지,Sensitive
에스피시스템스,2019,Aug_19,1.0,13.06,4900.0,786,2019-08-14,8145700,18537986759,24965149355,12714486878,10779508367,672570000,18252237341,-4973943406,475701372,455276128,159.2,6397721286,1.6840530704380352,1.458020833784213,0.0743548133365808,0.0711622322460766,0.0326342605104047,55.891590409664,42.06239890558903,73.04,6,76.23,-0.4284887389171332,0.4207416122051037,-0.0142334717368518,0.0021537469792733,6397721285.0,-0.2051968977256132,-341.20983033993394,37.32808390557735,93.75,100.0,-5.333333333333334,0.0,4.980343237317597,0.2289468445152431,-3.715170278637781,0.2399508000040295,4.980343237317597,-0.4041179290761199,2.864776101624256,0.8298560271109645,-6.561162315375424,-0.9588274975351858,-0.482437,IT,Growth
에어레인,2024,Nov_24,1000.1,0.49,23000.0,418,2024-11-08,8174789,21556408879,31567191877,14188590024,3098669063,706147700,-23499202461,143609287,672094098,1068987651,-23.5,9497688650,-0.7632530830321907,1.5192777324975444,0.0707639640303433,0.1125523998936309,-0.047197078278456,130.76639054537063,53.32042310093311,19.34,24,65.01,-0.3069416595078516,-1.405896744532119,0.0560760196042902,1.034016126585226,9497688649.0,-0.6645540567083654,1973.0574724313988,-88.69030546353162,75.0,280.0,-2.777777777777779,-7.692307692307687,22.43887499361952,0.0756238971514999,-1.080550098231825,-0.2528555235853047,22.43887499361952,-0.0716753479108822,2.3791329904482077,0.7845836519063676,-1.6802819280438586,-0.26401037511315506,-0.559825,부품제조,Sensitive
에어부산,2018,Dec_18,23.89,0.4,3600.0,36,2018-12-27,52070000,104867,186445,120636,27078,50000,110569,0,30291,26428,45.0,496364,0.9199409599611382,0.8692844590337876,0.0610257794682934,0.0532431844372275,0.1645896779577627,0.0005075475321682,4.740616024561751,44.38,6,46.38,-0.1320889768437333,0.1181715425709137,-0.0003497575587533,0.0025645674165191,496363.0,-0.040050383008641,-3.910120990973688e-05,1.1967253306652554,92.86,0.0,0.0,0.0,11.497067876963165,-0.4876107075330815,1.2422360248447228,-0.3443068559347617,11.497067876963165,0.1754509737937892,-0.5032873168051788,0.6060885775937441,-1.9456757658228183,-3.8956144731254065,-0.090313,항공,Protective
에이디엠코리아,2021,Jun_21,1515.0,12.22,3800.0,2345,2021-06-03,21836250,18889317489,1846578357,5903072327,419672905,1720125000,9058790527,-941484422,3530521258,3561501286,160.0,13120162537,0.6427232032950537,3.199912933914489,0.269091274444476,0.2714525278140615,0.3620357030190352,163.1004080828897,4.082442665184485,34.0,2,80.1,-0.55157041338,-0.0441001863381722,0.1857217505921615,0.2074452580638707,13120162536.0,0.2200093329892367,133.1839134924724,-8.796148260589906,94.12,225.0,-1.1235955056179805,0.0,-28.10482557805406,0.5310573731626356,5.108798486281918,0.0,-28.10482557805406,-0.5154935302923769,-0.1762694964746125,0.8309602198768085,4.013952102904761,-16.12875193353842,-0.324085,바이오,Growth
에이디테크놀로지,2014,Dec_14,33.19,15.8,15000.0,12,2014-12-16,4009695,26125192635,4167057402,10216314416,650673496,1489847500,15223157940,215298648,8116440439,7910209285,-6.7,51917711912,0.6419419131124483,2.557203270299194,0.1563327839400412,0.1523605142385266,0.4672771261598098,1972.7708179799213,2.3933228206370383,36.35,6,53.5,-0.5856302225027145,0.7573672037408741,0.0606471624735963,0.0822736556316936,51917711911.0,0.1263554856941144,1208.8845807474136,-0.29304988230786,93.33,-50.0,1.4084507042253502,0.0,-8.809233816348138,-0.9788254095085992,-1.6441005802707909,-0.0095729404882227,-8.809233816348138,0.1369764005791252,0.8428454022463727,0.310137450143344,-3.872599503241037,-0.6424815515465698,-1.56564,전자/회로,Growth
에이럭스,2024,Nov_24,973.12,0.33,16000.0,540,2024-11-01,13237930,23108503938,15621093792,5963315978,1852285197,2338586000,3435003505,1685014536,2194565338,1781602847,-38.3,23851996357,1.047863800255059,3.875109758270804,0.0920076166855503,0.0746940767696847,0.2388654548768799,134.58318989449256,14.086614793238844,24.26,18,65.38,-0.5147279203383546,0.2102382419823052,0.0003437774459864,0.0024919580304204,23851996356.0,-0.4968387401354781,-164.55475546403406,8.380000710922818,71.43,225.0,-2.777777777777779,-7.692307692307687,22.43887499361952,0.0756238971514999,-1.080550098231825,-0.2528555235853047,22.43887499361952,-0.0716753479108822,2.3791329904482077,0.7845836519063676,-3.0850573135261405,-0.26401037511315506,-0.875042,IT,Growth
에이비엘바이오,2018,Dec_18,60.08,10.99,15000.0,0,2018-12-19,44587000,76130822424,7358942812,7062372071,492850035,19293500000,0,56641043130,-17122390800,-110275397208,-9.0,754993284,0.0994965110024492,10.77978073919578,-22.678865048023397,-146.06142802192133,-1.4522428484123284,-2473.2634446811853,-4.434809602056274,32.92,2,48.98,1.3364767229155898,3.7595803693160335,112.41780490920326,900.2193801258322,754993283.0,-2.3217017149735213,-797.1169437504207,-13.34228382826808,92.31,50.0,0.0,0.0,11.497067876963165,-0.4876107075330815,1.2422360248447228,-0.3443068559347617,11.497067876963165,0.1754509737937892,-0.5032873168051788,0.6060885775937441,-1.6678492029705172,-3.8956144731254065,-0.519067,바이오,Growth
에이비온,2021,Sep_21,139.36,4.3,17000.0,31,2021-09-08,15259371,8634090004,5310017636,5668499056,37218525918,6455485500,-88222507214,-19271929,-2354540930,-12191497379,-7.6,278078547,-0.524379123489852,1.5231704051994113,-8.4671793469922,-43.84191988388087,0.1490652875433664,-798.9515019328123,12.29238233458953,17.27,1,39.92,-0.0459724248427672,0.22324603338324,-3.024533756423182,-38.57780699005711,278078546.0,-0.0012461101740798,-111.13263141711413,10.44600029913364,93.33,100.0,3.571428571428581,0.0,27.503652718855086,0.3717472118959231,1.263362487852282,0.4087591240875987,27.503652718855086,0.0083436518010016,0.7928710550356044,0.713811150843191,2.103407869379525,0.8183172709364639,-0.22621,바이오,Growth
에이스토리,2019,Jul_19,614.25,3.56,14300.0,131,2019-07-19,9318240,10803134230,8719415361,4114015608,1306792348,3696070000,4252312334,8064413,987154886,1367143448,-20.3,12755797290,0.6813101536868742,2.62593418678153,0.0773887247936973,0.1071782043033705,0.1718283916769109,146.7169173577843,14.285237134509812,13.44,6,46.18,-0.3233333028483693,0.5216656013489791,0.0518682980594519,0.0572284839754122,12755797289.0,-0.1775544337994992,-102.25367075756796,3.498742501936736,93.75,100.0,2.7397260273972712,-14.28571428571429,38.93542711588458,0.0,-1.724137931034475,-0.3055552763566616,38.93542711588458,0.0100704108308979,-0.0263690648338754,0.425691124417149,-1.6612356437874842,0.6981947740327783,-0.598065,엔터,Growth
에이에스텍,2023,Nov_23,630.0,5.53,28000.0,1356,2023-11-28,5663710,22970762367,25621398578,23030331484,2723637931,2388750000,9767569953,15796384,8321169694,6451946030,150.4,34800460815,2.115816896747427,0.9974134494311824,0.2391109054054059,0.1853982929794718,0.530059510718592,1139.1730914895006,2.7445890866121303,36.69,18,77.49,-6.963079084845333,0.3228266503196256,0.098689964540476,0.1282061501869676,34800460814.0,-0.0086586459128562,814.3845786595712,1.8966243614271276,71.43,175.0,-5.47945205479452,0.0,-4.605983743586794,-0.3818089258442292,-1.0183299389002087,-0.52087931491126,-4.605983743586794,1.018780022625032,-2.983660203303496,0.8630997806762908,4.135248304853789,-2.4919351616730765,0.262016,전자/회로,Growth
에이에프더블류,2019,Jul_19,866.03,13.72,22500.0,552,2019-07-01,10313056,15329145291,22375866886,9741845794,5577778730,4010000000,20900844372,-2742175719,2049042260,1676625638,-3.3,6506802237,0.6910484686200068,1.5735360233726154,0.3149077204695748,0.2576727518267127,0.0756304162529448,162.57311489436302,10.924805256578749,51.8,6,62.93,-0.0292583595750298,-0.0233193643203937,-0.0290699267797809,-0.0295926203605206,6506802236.0,-0.3331787284212818,-682.2537355561727,8.861201391264625,94.74,100.0,2.7397260273972712,-14.28571428571429,38.93542711588458,0.0,-1.724137931034475,-0.3055552763566616,38.93542711588458,0.0100704108308979,-0.0263690648338754,0.425691124417149,0.8490347142972032,0.6981947740327783,-0.371032,배터리,Growth
에이엘티,2023,Jul_23,1835.71,15.64,25000.0,2512,2023-07-27,8489671,13507731122,170372203708,62708027046,51818741213,3781335500,34921645468,5441377542,8025839545,14260090631,-9.8,44318854365,2.5943692948455985,0.2154067311365304,0.1810931184931138,0.3217612647104353,0.3230331374680565,1679.6988518165192,8.641235123396676,0.12,6,54.35,0.7056625466537481,-0.3566010695770906,0.0474569361416815,0.1859663667416583,44318854364.0,0.1343730613643181,1010.4262854237816,-1.3468808781823096,93.75,218.42,-1.3157894736842146,0.0,13.806706114398429,0.2236174421604841,2.6785714285714413,0.1169485426412375,13.806706114398429,0.0830183279608487,-0.8028009346731424,0.3711712563397418,3.051398854637055,-0.5981191754993898,-0.240916,전자/회로,Growth
에이제이네트웍스,2015,Aug_15,174.0,20.06,34300.0,83,2015-08-21,9364459,164694392112,1320511285353,615674385340,576651043759,34082240000,120173303886,104020572771,18504184591,7058099711,3.5,237627842262,4.616475749023481,0.2675024266618614,0.0778704398224428,0.0297023263091283,0.0273277289528609,753.7114221974809,15.82778462491398,49.75,6,80.07,-0.017481657184363,0.0128908621118307,0.0017415621386064,0.0019532754370199,237627842261.0,-0.0852802615688351,-2242.559398893198,12.147796474007237,94.12,100.0,4.477611940298498,0.0,-6.121665707157941,-0.6256410256410216,1.2884043607532147,0.1398822044593961,-6.121665707157941,-0.7778169543703028,3.1385035251307647,0.8850122957688944,-7.590042164164412,-3.432384321201776,-0.178494,유통,Protective
에이직랜드,2023,Nov_23,490.0,27.18,25000.0,760,2023-11-13,10597676,40705169,27845151,33316213,3888601,3954495,3147431,1509443,2482194,2327401,21.2,35634471,4.32042965526155,1.2217825897559245,0.0696571025286161,0.0653131907023398,0.2702707316339597,0.2196142814707677,12.628145100664977,24.28,18,81.15,-17.272765024005828,0.301792900953667,-0.0947815169019161,-0.0086433869172622,35634470.0,-1.2967654844526386,-0.2662977241425384,12.341137135150328,80.95,256.52,-5.47945205479452,0.0,-4.605983743586794,-0.3818089258442292,-1.0183299389002087,-0.52087931491126,-4.605983743586794,1.018780022625032,-2.983660203303496,0.8630997806762908,0.8495873732436543,-2.4919351616730765,0.138647,반도체,Growth
에이치디현대마린솔루션,2024,May_24,201.13,45.0,83400.0,255,2024-05-08,44450000,597262316831,59355829665,387790345478,28860949538,20000000000,198358444164,1608407316,201472478355,151116175331,96.5,1430463166385,1.894154924765485,1.5401680928770922,0.140844226603997,0.1056414306094254,0.6869952191170946,3399.688983824522,1.1910651689962928,55.79,6,89.77,-0.1870025687907279,0.0949539517224749,0.0344185568071146,0.0269739996444519,1430463166384.0,0.0401666817991552,1039.1376271091112,-0.0926006145427544,72.73,100.0,2.8169014084507005,0.0,66.58588516332291,0.0755287009063465,-2.2840119165839057,0.0789404438207075,66.58588516332291,-0.1035814879391971,-0.1783847407938021,0.0224906223872167,5.189241386709997,-0.9178429813596956,-0.405187,건설,Sensitive
에이치브이엠,2024,Jun_24,837.2,5.89,18000.0,960,2024-06-28,11918376,47459967,37740826,38880929,15938588,4723188,-1217158,0,3728072,-6055728,12.2,41457405,15.635780926004626,1.2206489973529182,0.0899253583286266,-0.1460710818730694,-1.7272322256227128,-0.5081000968588338,8.14932651515314,47.66,12,71.71,5.948407671504473,0.4124447956640613,0.0562012799421633,-0.13406387149969,41457404.0,-1.661117583610189,-0.4723478265830849,2.613060397064116,64.71,218.75,1.3698630136986356,0.0,2.8887618849690933,-0.0167714884696024,2.540650406504064,-0.2278702892199779,2.8887618849690933,-0.1505537080637276,1.079545038413943,0.5841862452514057,3.578079128673872,-0.43363450650095814,-0.972108,철강,Sensitive
에이치비인베스트먼트,2024,Jan_24,839.0,21.0,3400.0,893,2024-01-25,26867010,14443422810,50902859284,3967318781,3207548435,10000000000,46785735919,1385678959,10934327329,8787523756,97.1,17711892944,0.1233400843188615,3.640600518206757,0.6173438019059427,0.4961369055122265,0.151062575569627,327.07486824920227,5.320072568498832,56.2,6,69.46,0.0230709413177428,-1.558159965263409,0.0340957393150245,0.0270633691116626,17711892943.0,-0.0017947296147891,48.97158626881071,0.0586712603338064,76.47,250.0,-1.449275362318836,0.0,33.80111797587524,0.5358965634569612,1.905717151454356,0.3903131375853741,33.80111797587524,-1.0446668700299755,1.5023236552707877,0.252570256960305,-4.179079004530495,0.6919429208277819,-0.178494,투자,Sensitive
에이치시티,2016,Oct_16,95.67,11.6,17000.0,127,2016-10-17,4579934,16154854303,23183279008,14031300351,3257178944,1704690000,20354293431,-9329415,3627817779,3053963954,3.2,14467989015,0.784070320670559,1.1513440592730706,0.2507478942124425,0.2110842046419676,0.1385039398706182,666.8139658781109,6.077938683590094,38.21,6,45.4,-0.0977340503106836,-0.0020835503994451,0.0310797988910845,0.0109426820774375,14467989014.0,-0.1222999158630825,-401.79707327660174,2.584475206712013,94.74,-66.67,0.0,0.0,-28.74493300739548,0.2934702861335347,0.2926829268292685,0.1371471318586614,-28.74493300739548,-0.6892587375687764,1.6063350459146308,0.4306130955507692,-0.952562392836731,1.8207994579945819,0.458371,IT,Growth
에이치엔에스하이텍,2024,Oct_24,251.27,0.3,22000.0,133,2024-10-25,8036064,66531,35609,7337,2823,3756,78589,9635,5622,6541,-22.8,35031,0.1104587953903022,9.067875153332425,0.1604864263081271,0.1867203334189717,0.0711132854968471,0.0008139556877595,16.360725720384206,16.85,12,31.76,0.007671058673994,0.362086441320848,-0.012768117340696,-0.1874354913898474,35030.0,-0.2752164626186152,-0.0029365122029889,10.125128127950845,68.0,0.0,0.0,-7.14285714285714,-5.249921408362157,-0.1258811681772331,1.8000000000000016,0.0348887919755735,-5.249921408362157,-1.0191509687987763,1.9613131358535263,0.9842997943111164,0.5276860034789888,0.46017924977079816,-0.267999,부품제조,Sensitive
에이치엔티,2016,Nov_16,132.1,0.0,10000.0,996,2016-11-28,6930100,46249665738,40124832355,43389970815,7223062951,2655300000,31707090773,1258359754,6922489216,5209866326,5.5,107210019522,1.420886225506003,1.0659068183104516,0.0645694240786839,0.0485949573484678,0.1462593080977055,751.773614522157,5.165983392844335,38.85,6,41.38,-0.5390566034008788,0.1205714662763924,0.0462877850805553,0.0377254204880069,107210019521.0,0.0958030468875042,528.6858983275855,-6.671808983551132,92.86,-200.0,-4.000000000000004,0.0,49.627619151015104,0.4493677500261306,-6.712062256809325,-0.1473350003631579,49.627619151015104,-0.8479770075943138,3.2311957912697364,0.3548201278352536,-1.260369974742681,4.898405086927447,-0.178494,전자/회로,Growth
에이치엘사이언스,2016,Oct_16,274.0,5.6,27000.0,174,2016-10-28,5146952,9224280130,8167233021,2688319493,175375672,1463830000,13063987986,0,2975679155,3532940206,41.5,23705271943,0.1971180508841488,3.4312439998365925,0.1255281593965724,0.1490360547010409,0.2431845036470434,686.4140574848959,4.882185621924014,37.44,6,72.51,-0.1568248776272985,1.7591249217547202,-0.0193027963995999,0.0251146704580083,23705271942.0,0.0354054967109196,272.3950775138373,0.7642154838077486,93.75,45.59,0.0,0.0,-28.74493300739548,0.2934702861335347,0.2926829268292685,0.1371471318586614,-28.74493300739548,-0.6892587375687764,1.6063350459146308,0.4306130955507692,-1.8183409340632672,1.8207994579945819,0.058539,식품,Protective
에이치와이티씨,2022,Aug_22,1480.78,6.6,15000.0,432,2022-08-09,10076847,17248889410,18915796365,6414005985,12755166323,3762023500,7467719551,290249835,7358783978,7479105747,5.7,35745325285,1.6639916793087506,2.68925371294302,0.2058670307047955,0.2092331147462937,0.64922833034812,742.2069370508453,2.309554610899057,37.93,5,61.0,1.994588848228797,-1.228141499131636,0.0168334419728072,0.0486747354343042,35745325284.0,0.7472842386912942,380.9780170325103,0.1122591766304772,94.74,100.0,-3.658536585365857,11.111111111111116,-7119.327731092437,-0.3849443969204502,3.2596041909196627,-0.0919709371838606,-7119.327731092437,-0.4954845889972858,0.8444240477283094,0.5882007477808093,4.88551857050088,0.38871731521517017,-0.265426,배터리,Growth
에이치이엠파마,2024,Nov_24,1220.68,0.2,23000.0,672,2024-11-05,6962039,9321580294,16569242591,8124966266,1809527794,3122064500,-45823565448,8021439413,-1736644303,-1727931386,-28.7,2588352001,-0.2864612581489758,1.1472761841495134,-0.6709459541550199,-0.6675797516459973,0.0498249227227041,-248.19329308554575,-9.188023590919528,25.37,36,70.31,0.0276384513986075,-0.1260192602875085,1.5298717079849222,1.51550702856396,2588352000.0,-0.3009484064013936,1427.537805232059,-7.7105453736242655,81.82,253.85,-2.777777777777779,-7.692307692307687,22.43887499361952,0.0756238971514999,-1.080550098231825,-0.2528555235853047,22.43887499361952,-0.0716753479108822,2.3791329904482077,0.7845836519063676,-1.2825817128671924,-0.26401037511315506,-0.178494,바이오,Growth
에이치케이이노엔,2021,Aug_21,1871.0,13.49,59000.0,388,2021-08-09,28904499,304453914367,1378800009196,372336578255,559367152797,11094460000,38834985536,565832814363,13034622711,8316499130,16.1,186838260894,1.5130900214716343,0.8176846760365575,0.0697642048723361,0.0445117562655876,0.0135060228136815,287.7233447291371,57.65799357404968,42.16,2,72.0,0.0784860073164466,0.071027153539469,-0.0756610933265516,-0.0021032966745168,186838260893.0,-0.0324187403637675,-677.4075661716192,49.11799729504166,77.78,100.0,-6.666666666666665,50.0,-12.812523981275426,0.523168908819116,-0.6756756756756688,0.4791707412477919,-12.812523981275426,1.145164317938674,1.430094931729564,1.3184332465782544,0.8574875491075717,-3.029340100943523,-0.352212,의료/의약,Growth
에이치피오,2021,May_21,252.13,1.79,22200.0,95,2021-05-14,19938160,41435867137,48750151861,15795668644,3216109376,8473718000,49494560899,10513707494,25670235517,17080800418,-24.5,142787383616,0.2776172103258868,2.62324236288278,0.1797794375589604,0.1196240170905829,0.2494203412847548,856.688902988039,2.7726368513785227,70.03,2,73.49,-0.7613219444088831,1.7596076736298043,0.0129497534330092,-0.0301510281723033,142787383615.0,-0.0082990715860778,416.4568533405289,-0.9878848377451356,94.12,0.0,5.952380952380953,0.0,52.27385432163592,0.5434782608695787,3.121951219512198,0.0686409099823537,52.27385432163592,0.9173412343983056,0.3466142576380004,0.7233543317996194,-1.0288440413044109,4.76109698457543,-0.280481,식품,Protective
에이텀,2023,Dec_23,136.0,0.71,18000.0,1622,2023-12-01,5345180,19674139,18381047,27933063,6510322,2337840,-46381629,3955106,-5922868,-8387901,68.9,47971262,-0.8591797590357358,0.7043316015862635,-0.1234670040575542,-0.1748526232226286,0.2092336383312966,-1.5692457503769752,-0.6098060939396251,33.68,3,74.84,0.3338131558898306,-0.0426286268571159,0.0190894972642408,0.0493964418925212,47971261.0,-0.1519264897199522,0.6808837120545985,-0.2094401703245122,72.73,-71.43,0.0,0.0,2.7012327773749067,0.1277574312239293,2.5720164609053464,0.0443734469293577,2.7012327773749067,0.7355928719441573,-0.4891673471256741,0.5999631351792711,4.212150963490524,-1.046649474170028,0.763367,전자/회로,Growth
에이티젠,2015,Oct_15,695.79,40.6,17000.0,1167,2015-10-23,10072552,15748226073,1955198352,1816908028,7988658660,4517539500,-15088863699,18469181936,-2979565410,-2326575279,51.8,979275828,1.2415476467830937,8.6675967249345,-3.042621215398773,-2.375812015856272,-0.2945830827137372,-230.981709401947,-2.650674393820406,12.88,1,43.0,5.435094410677903,4.913943412760092,-0.0235872909138823,1.1043058739588627,979275827.0,-2.732419804327101,348.83035749033616,-3.1235221671333093,93.75,225.0,0.0,0.0,-21.094528429240288,-0.68415051311288,2.512077294685988,0.0,-21.094528429240288,0.4039494511196118,-3.087545156825,0.2441762972698713,3.5904309329434225,-4.322508839408123,-0.178494,바이오,Growth
에이프로,2020,Jul_20,1.0,10.46,21600.0,1582,2020-07-16,6345954,48668106464,9216185277,32334028590,954011383,2468499500,5425811882,7618251336,2191351989,2273414177,159.7,16657084545,2.1458762538554783,1.505166803713771,0.1315567549098971,0.1364833186058611,0.1465531014009725,358.2462427241042,11.224235947244711,42.62,6,55.49,-0.2160375892364165,0.0446345994843138,-0.0225829045370752,0.0239766275702476,16657084544.0,-0.4813040766766469,-835.9444589418708,9.186814480301267,92.86,100.0,3.773584905660377,0.0,16.976630699994576,0.2211722127274606,2.9020556227327576,-0.0802326747567971,16.976630699994576,1.4051186583137645,-0.9181742299650296,0.4963052463004436,2.3006113414377083,0.5246788370520838,-0.228155,에너지,Sensitive
에이프릴바이오,2022,Jul_22,14.43,25.0,16000.0,4,2022-07-28,10848445,59395196333,1981262105,4045276475,165685661,9179845000,-69266494314,0,4446348228,-52713117002,36.6,23395944000,-0.0700814937107644,14.682604934437762,0.1900478231611428,-2.2530878430038985,0.8772850142888232,-4859.048186352975,12.856729471167275,20.51,3,58.41,2.0229839154506264,14.137837699519354,0.1900478231611428,-2.2530878430038985,0.0,0.2327251836029746,-3916.972603170316,11.357166897038878,93.33,-133.33,-5.747126436781613,28.57142857142858,-98.07996385814322,0.283091704555205,-11.16856256463288,0.4805470843729953,-98.07996385814322,0.0746149115019356,2.3525267154656198,0.1496880537428024,3.601618303334031,-2.466917609281727,1.107723,바이오,Growth
에이플러스에셋,2020,Nov_20,3.66,1.0,7500.0,24,2020-11-20,22607693,96829059760,134635529101,60650167028,78060960600,10730769500,45523594035,18145448931,12017792250,9926864433,-8.3,139606055553,1.8644015761651236,1.5965176108302803,0.0860836029095999,0.0711062596366485,0.1334259335335889,439.09232282126266,7.718011703272704,27.29,6,36.58,-0.8692293366688977,0.0312840816159476,0.0085686747377856,0.0139934581743131,139606055552.0,-0.1054309511288491,-241.4120363364807,4.348193941600727,93.33,-166.67,10.769230769230775,0.0,-33.35880660329541,0.0800160032006447,6.911447084233258,-0.089838291076072,-33.35880660329541,2.313522805577972,-2.439109620155855,0.9704313598061898,11.014016416249303,0.7908150243916889,-0.014287,금융,Infra
에이피알,2024,Feb_24,663.18,25.7,250000.0,1113,2024-02-27,7584378,191325551103,56713587286,70508188696,8856049886,3637689000,99630009765,4317075020,69834074349,57440565991,27.0,371789961905,0.7376902491852927,2.713522424011072,0.1878320597769233,0.1544973557023501,0.5339098087038842,7573.53681356599,2.41536673005841,1.59,6,64.52,-1.0419792849149876,0.916875804418914,0.0891932242136669,0.079177220060239,371789961904.0,-0.1017506123034119,3624.013689454824,-0.1150987140238148,76.0,194.34,1.4705882352941124,0.0,-23.598803843532167,0.3045942973178839,0.2952755905512028,0.5390121056817243,-23.598803843532167,-0.004876144979482,0.6172699592768005,0.1441005909174064,1.3020441398366112,-0.3359450521774665,-0.240556,화학,Sensitive
에이피위성통신,2016,Mar_16,271.55,7.8,9700.0,870,2016-03-04,13097740,32636230895,8667270718,4226311775,532013112,4871000000,15962255372,29598172,7626181629,7773375238,10.8,27205303669,0.2280764171097035,7.722154122195588,0.2803196656720251,0.2857301404379336,0.3725940567816316,593.489811066642,4.792067446575104,23.78,6,57.6,-0.3409573912083546,3.873439822442133,0.0322408713140224,0.082031500334612,27205303668.0,-0.1559695843925006,55.834809364058174,1.4261558581257017,94.44,100.0,0.0,0.0,37.38378770476941,-0.0633646636392426,2.339776195320442,-0.2582601421999175,37.38378770476941,1.1159771625242954,-2.393724072781034,0.3557529778833279,6.557582494224312,-0.09481617106144036,-0.178494,부품제조,Sensitive
에이피티씨,2018,Aug_18,20.99,8.7,9000.0,22,2018-08-23,23694595,34104006006,5652284609,8580504170,712230770,2139459500,18332519641,8833322762,7832371508,6498485342,-11.3,20289187000,0.317100808951185,3.974592323518445,0.3860367351338424,0.3202930379615507,0.2217511822096173,274.2602412913156,3.8894421241235126,30.24,1,42.76,0.0682355161661744,-0.3315910417036454,0.0774332421128395,0.0564462985057598,20289186999.0,-0.2544162583844216,-183.6479951651421,2.002648438691618,93.75,-166.67,-8.750000000000002,0.0,37.32887639595837,0.4464285714285809,-1.9588638589618013,0.8844710416878065,37.32887639595837,-0.3271201557418446,-0.1469540434627547,0.5023373592949243,0.5462073826094649,0.14957196600423606,0.15511,반도체,Growth
에치디프로,2015,Oct_15,362.0,6.21,8900.0,843,2015-10-13,5744821,30652875560,10019143338,15253458270,3359813754,2282795500,19375201310,282910,2697522355,2032871319,-2.8,37832698088,0.8594067610463016,2.00956891331896,0.0713013475466508,0.0537331837732397,0.0938611628107645,353.8615596552095,8.177410219831152,35.64,6,72.34,0.0821705615400149,-0.2708598510325846,0.014718022783698,0.0134067618768382,37832698087.0,-0.0749855997568596,-109.87832223144984,2.6325294322131185,95.0,100.0,0.0,0.0,-21.094528429240288,-0.68415051311288,2.512077294685988,0.0,-21.094528429240288,0.4039494511196118,-3.087545156825,0.2441762972698713,1.157343620832174,-4.322508839408123,-0.608658,부품제조,Sensitive
에코마이스터,2018,Mar_18,15.54,0.0,5200.0,213,2018-03-15,10788540,36266922724,73593566626,46167480401,11667013200,4874170000,18751330604,28400495145,3222913032,574984385,16.0,19421081745,1.1116460678623656,0.7855512670172585,0.1659492027435467,0.0296061976644545,0.0110518669892262,53.29584772360301,16.142537894271047,14.09,3,23.96,-1.0415340030252798,-0.0560994529075542,0.092611389187431,0.0177080705218276,19421081744.0,0.0029707235129564,27.9738614307404,-3.933491824712775,94.12,-32.0,5.128205128205132,0.0,46.42252868235022,-0.0400320256205066,-0.091074681238612,-0.1052045925850952,46.42252868235022,0.4951696050179421,-0.7123140480557066,0.241242363167049,3.2349188992163214,-1.9747625366837274,-0.276808,화학,Sensitive
에코마케팅,2016,Aug_16,941.86,0.0,35000.0,1103,2016-08-08,8133000,39696469243,1009247172,13210312565,135107039,700000000,26677587539,117816311,1997246938,1911178740,36.0,4260956148,0.4853691066625304,3.0049606356910603,0.468732103459329,0.4485328347950883,0.0695090259603515,234.9906233862044,13.699005511255416,54.05,6,76.82,-0.035447164506527,0.0977618540207077,-0.0508063911262676,-0.0246810175531434,4260956147.0,-0.2947744907944956,-909.1998364687076,11.23748662915792,95.24,200.0,-1.388888888888884,0.0,-17.313879136575405,0.0946372239747583,0.9842519685039351,0.2577778709224487,-17.313879136575405,1.097379472228055,-2.8328190963997413,1.172154200216724,0.7055417003406061,-0.4999947257940287,-0.940096,서비스,Protective
에코아이,2023,Nov_23,75.0,2.35,34700.0,19,2023-11-21,9877043,78225004191,7132689051,12243217420,11489733958,3884612500,46735571710,25718626,19806683734,15932218050,79.5,53305665235,0.4686055544285845,6.389252229010894,0.3715680809287625,0.2988841426096499,0.3145805910813993,1613.055450907726,3.111310439021927,70.31,2,76.48,-0.293271273538105,3.354864983378752,0.0383570196958035,0.0400824307756321,53305665234.0,-0.0921020272632358,37.74039780934436,0.6534549366396445,70.0,100.0,-5.47945205479452,0.0,-4.605983743586794,-0.3818089258442292,-1.0183299389002087,-0.52087931491126,-4.605983743586794,1.018780022625032,-2.983660203303496,0.8630997806762908,9.074714541441464,-2.4919351616730765,0.842098,환경,Growth
에코캡,2018,Dec_18,20.66,0.0,4200.0,0,2018-12-05,14678800,55765131412,41566698722,39125047481,9098924398,1055880000,37356272001,-61699760,2945035837,3392009735,26.9,41742993989,1.2574551031615826,1.4253051434399102,0.0705516196987707,0.0812593781819735,0.0884477114815778,231.0822230018803,16.674791402546862,66.64,1,72.75,-0.113290584387437,0.1561046270678814,0.0100773873889517,0.0482215857172414,41742993988.0,0.008548192097962,41.5177694361937,9.607172907333393,95.65,0.0,0.0,0.0,11.497067876963165,-0.4876107075330815,1.2422360248447228,-0.3443068559347617,11.497067876963165,0.1754509737937892,-0.5032873168051788,0.6060885775937441,0.6345603095696539,-3.8956144731254065,-0.155957,자동차,Sensitive
에코프로머티,2023,Nov_23,17.2,3.6,36200.0,70,2023-11-17,68223008,301517778335,435960247211,365573776913,49857711177,28951079000,16533235171,113824290,15514296769,9096566834,58.0,524113113573,9.110711579713232,0.8247795585369785,0.0296010467344262,0.01735611378236,0.1994942587794516,133.3357631196795,20.75804931742053,47.56,30,84.14,0.6405905866660095,-0.2396167890055985,-0.0290059498865529,-0.0060677912460144,524113113572.0,-0.2121785051617357,-95.0727014704482,12.696621706924883,77.78,0.0,-5.47945205479452,0.0,-4.605983743586794,-0.3818089258442292,-1.0183299389002087,-0.52087931491126,-4.605983743586794,1.018780022625032,-2.983660203303496,0.8630997806762908,6.894462357447351,-2.4919351616730765,-0.257436,배터리,Growth
에코프로비엠,2019,Mar_19,988.49,45.04,48000.0,277,2019-03-05,19850000,195522907092,216996774788,201715653666,64321085331,7825000000,47789799089,956084225,36024228638,26328736211,31.7,405968843748,4.702714955330421,0.9692996232000224,0.0887364367802608,0.064854080840113,0.4654114390411903,1326.384695768262,4.066233988102193,11.23,6,59.93,-1.3841529173980094,0.0516995876402684,0.0118307305825495,0.0125569459899917,405968843747.0,-0.0442215764617838,562.6873661460958,-1.1028491816270636,94.74,194.44,11.764705882352944,0.0,34.09368519728431,0.3500350035003485,0.1988071570576677,-0.1913181822758902,34.09368519728431,0.1430613425188021,0.7367811483807829,0.7422605359341361,-0.5131318849379229,-1.0391427365524897,-0.6023,배터리,Growth
에프앤가이드,2020,Dec_20,1327.0,7.62,7000.0,1353,2020-12-17,12037235,11956579553,38632113449,6363385028,8300895652,5500000000,14878020306,-3159810659,3501449403,2903704850,83.6,15627949081,0.8516727918082365,1.878965283475536,0.2240504742402161,0.1858020419026216,0.1686415085848327,241.2268972068752,10.25986903915287,27.17,2,60.01,-0.5198803280320776,0.5486807321482352,0.0933578634977381,0.0716539801284991,15627949080.0,0.0038363577887298,41.09050948992856,-2.1319002527685296,93.33,138.46,5.555555555555558,0.0,35.826117481862866,0.7795322806316118,-8.28282828282828,0.2397841942251899,35.826117481862866,1.5401576045591223,-1.936853039148956,0.5581519671069568,5.201541703848567,3.519132365719435,-0.426678,서비스,Protective
에프엔씨엔터테인먼트,2014,Dec_14,185.35,23.25,28000.0,577,2014-12-04,6317315,20202236912,11584948673,16518002547,1796434888,2433600000,12040009900,-1290484870,5755542683,4053131101,-1.4,29054993033,1.3892333868732183,1.2230435765170125,0.1980913461745795,0.1394986086004751,0.3074484306093242,641.5907867503837,2.3408302035174047,64.05,6,75.63,-0.6893130337296436,0.2177230267880487,0.0867747031767,0.0829865295221098,29054993032.0,0.015440156755219,197.76214847605357,0.5498443707192091,93.75,100.0,1.4084507042253502,0.0,-8.809233816348138,-0.9788254095085992,-1.6441005802707909,-0.0095729404882227,-8.809233816348138,0.1369764005791252,0.8428454022463727,0.310137450143344,2.131980217362228,-0.6424815515465698,-0.178494,엔터,Growth
엑셀세라퓨틱스,2024,Jul_24,1233.8,3.06,10000.0,517,2024-07-15,10830212,4114607379,5941096701,7033963338,2860562893,4581836000,0,-47131635356,-2057423909,-2265978033,-16.7,521729300,-0.2325399033780581,0.584962869620234,-3.943470127132979,-4.343206396497187,0.053254728983357,-209.2274863132873,-0.0783396403118206,15.88,36,53.65,-0.0320624529981294,-0.2273422283833476,3.80263514927204,3.914213808676703,521729299.0,-0.1768737734152612,647.6810496415029,0.1954426634263576,80.95,253.33,-2.7027027027026973,0.0,-16.928748169469277,0.2767759791998614,2.775024777006929,0.2547434996486242,-16.928748169469277,0.3144364019820767,0.2354850630013061,0.4306192460594271,3.118883790671112,0.5129030047327898,-0.272661,의료/의약,Growth
엑시콘,2015,Oct_15,28.34,0.0,10000.0,9,2015-10-22,8883500,33086053700,39814930181,13963686117,12737197866,3411750000,37513723522,-56552204,6698222216,6985064325,-13.5,38864618529,0.6533297949128906,2.369435507413733,0.1723475610857191,0.1797281071931243,0.1709138411226809,786.2964287724433,6.89736745186538,18.91,6,36.53,-0.1508652106419935,0.2960763839980354,0.0279161500879352,0.0211631440549753,38864618528.0,-0.0053315146143066,107.38608611470704,-0.3022177436529434,93.75,-116.67,0.0,0.0,-21.094528429240288,-0.68415051311288,2.512077294685988,0.0,-21.094528429240288,0.4039494511196118,-3.087545156825,0.2441762972698713,2.206818503324381,-4.322508839408123,-0.728361,기계제조,Sensitive
엔바이오니아,2019,Oct_19,425.8,1.9,8200.0,910,2019-10-24,7425555,12290535821,10654474128,4231262821,6683475492,3141127500,-5315940809,457853420,1108111764,534987151,47.6,5214487547,-6.357014152122688,2.904696857874525,0.2125063592562454,0.1025963042730419,-0.311589778204772,72.04675623572918,10.856550780197294,33.22,1,50.08,-1.9537839076971557,1.5000551628385368,-0.0359190891392607,0.0268159485767051,5214487546.0,-0.080784379048853,-15.15467086298601,8.18343118872239,94.12,0.0,2.777777777777768,-16.666666666666664,11.318987922336031,-0.2382133995037172,1.73469387755103,0.2475098703328848,11.318987922336031,0.7447913034316134,-1.1206212684230166,0.9019404281386478,2.645294328981085,5.617332589163571,-0.126698,바이오,Growth
엔비티,2021,Jan_21,1.0,10.4,19000.0,4398,2021-01-21,8314948,14220621309,12999961937,8623048053,744444577,186449700,-8202049772,-18279140,-1515968807,725790985,92.1,19254657244,-1.1659986891523109,1.649140909524745,-0.0787325781907852,0.0376943082290475,-0.09034128667455,87.28749536377137,-11.77668731280168,41.7,1,60.72,2.9092179663693734,1.241793240032769,-0.1284598617656862,0.0212416308810644,19254657243.0,-0.0065336110657955,-2.154588579507646,-7.85571246739019,93.33,131.82,-7.8947368421052655,0.0,-17.03524384675691,1.1106703689012232,4.845814977973584,0.7076647064686581,-17.03524384675691,-0.0835959311143219,0.215499529736185,1.120452851386,10.000800425965828,2.82781966456378,-0.107869,서비스,Protective
엔시스,2021,Apr_21,1467.0,20.0,19000.0,2573,2021-04-01,10419000,19479151379,5630505778,10473603033,350972391,855666600,9445264808,-528899,7260714854,4832009703,65.3,28800779945,1.0508885856200283,1.859832888226288,0.2521013273899378,0.1677735711403492,0.4691088235414121,463.7690472214224,1.967448387692874,43.73,2,70.79,-2.514408807219045,0.8620668979749038,0.134758470077982,0.1078062261241862,28800779944.0,0.0590992484808601,280.2601457913427,0.7210290932197614,93.75,171.43,7.692307692307687,0.0,-7.396201950349823,0.9529309846953548,1.8886679920477207,0.1374705420267075,-7.396201950349823,1.3857640682604533,-1.0273912043995637,1.4226285469766786,1.080739525731822,-0.39228665870583157,-0.704192,기계제조,Sensitive
엔에스,2015,Dec_15,179.61,0.42,8000.0,29,2015-12-07,4900000,15111933061,9412268246,10602128723,1933877384,800000000,9643811803,0,2717918962,2434772051,84.4,18555128182,1.2003286102301285,1.425367815825188,0.1464780482969988,0.131218282467158,0.2331305941668355,496.8922553061224,4.410799353332596,49.6,6,60.21,-0.4362169365349391,0.1827203905307393,0.0342513259273534,0.0316766520914598,18555128181.0,-0.0251315797078135,74.7632722448979,0.3141741442219103,95.24,188.89,-2.777777777777779,0.0,18.84582865363502,-0.2305354710258944,-3.1865042174320624,0.2996223070917514,18.84582865363502,-0.1361147410359642,1.759594433882827,0.2124048711981352,0.0045834648957576,-1.3551251352238445,-0.178494,배터리,Growth
엔에스쇼핑,2015,Mar_15,302.59,15.66,235000.0,237,2015-03-27,3369600,195272534277,167598174519,100274220202,9318379546,16848000000,234303455107,655345286,70195969594,55113058137,-8.3,291393216990,0.4352249406169992,1.9473852190884973,0.2408977474462248,0.1891363797218772,0.2188704119625996,16355.964546830484,3.608157427170134,40.71,0,53.93,-0.0535047313675717,0.184587621462033,0.040590095713345,0.0317952962386646,291393216989.0,-0.0238656771114247,146.75949726970612,0.3509848679114178,94.44,100.0,8.333333333333325,-12.5,7.448662482481261,-0.1224614756607733,-1.828681424446588,0.0095150496368434,7.448662482481261,0.104917604205923,1.290058266569538,0.8373405179085802,1.3538603586876974,4.871929008757647,-1.436734,서비스,Protective
엔에프씨,2020,Dec_20,979.0,5.51,13400.0,643,2020-12-02,9175550,18895377114,43540125038,18273384915,21600311915,663000000,21860129463,-14975248,3020983204,2436958933,26.5,16969164047,1.7715222869508849,1.0340381490289423,0.178027815373385,0.1436110185658104,0.1082700478112038,265.5926819645689,7.468365031664704,51.31,6,61.96,0.1196667467199366,0.0337261557921806,-0.0295548115968393,-0.0564021362391101,16969164046.0,-0.2191042272429245,-450.6986623145207,4.5172776641809484,93.75,100.0,5.555555555555558,0.0,35.826117481862866,0.7795322806316118,-8.28282828282828,0.2397841942251899,35.826117481862866,1.5401576045591223,-1.936853039148956,0.5581519671069568,8.090094602564225,3.519132365719435,-0.441972,화학,Sensitive
엔젠바이오,2020,Dec_20,1006.0,3.09,14000.0,1502,2020-12-10,12215562,12977811061,6481997335,8381171428,3752423971,9102119000,-19739005872,213656420,-2864929828,-4977869268,83.2,666983147,-1.1640916369331369,1.5484483490748615,-4.29535564861881,-7.463260939035391,0.477574518852248,-407.502271938041,-2.5572050405557087,15.94,3,63.84,0.3055997560934624,0.1428739164062593,-1.4196521460611309,-2.8172037519455904,666983146.0,-0.5460455544035898,154.4711947759751,-1.7139884881562892,94.12,100.0,5.555555555555558,0.0,35.826117481862866,0.7795322806316118,-8.28282828282828,0.2397841942251899,35.826117481862866,1.5401576045591223,-1.936853039148956,0.5581519671069568,7.556686900332887,3.519132365719435,-0.210913,바이오,Growth
엔젤로보틱스,2024,Mar_24,1157.0,14.7,20000.0,2242,2024-03-26,14945381,18409365,4057060,11299622,1641354,6183488,0,-46191148,-4926381,-7817567,225.0,3744252,-0.3234624569394961,1.6292018440970857,-1.3157183330609157,-2.087884843221022,0.1954017555638095,-0.5230757917780751,-1.933559138036624,28.27,36,74.59,0.744319138871725,1.2701576895059572,1.9352041542028084,1.0239920315111584,3744251.0,-0.0048702330369117,-0.0682657069766237,-4.719838422348799,70.0,225.0,4.347826086956519,0.0,-4.135668340696197,0.2277520033741042,-1.1776251226692902,0.1494111443135937,-4.135668340696197,0.8449629016667792,-0.0788442188415117,1.6885750070358752,4.376317911481786,0.08615753827548867,-0.197747,로봇,Growth
엔젯,2022,Nov_22,42.15,13.65,10000.0,1,2022-11-18,10520785,20034393659,8676793383,2754929285,1711245935,4178892500,-39060978898,924826671,3040255874,2562242835,8.5,11461520009,-0.1315234284481697,7.2721988793262256,0.2652576509583965,0.2235517481964027,-0.0754549352803847,243.5410318716712,7.974661616261053,3.61,1,64.47,0.0663718352125792,3.7950470861295273,0.0895148548028924,3.193950073768552,11461520008.0,-0.8808564986663237,3082.4099422238933,-3.976546306126811,93.33,-62.5,-3.797468354430378,8.333333333333325,-7.987339415378891,-0.32442585161786,-2.7027027027026973,-0.082447783070727,-7.987339415378891,0.5070476095064613,-4.385067219940297,0.8038449693468674,6.577840173351168,-0.22102021803749317,0.554664,기계제조,Sensitive
엔지스테크널러지,2016,Jul_16,475.6,21.2,10000.0,563,2016-07-28,3127180,4147768456,3057898328,2033304998,326179284,1323085000,2425909547,0,1164584959,234141683,147.0,1164584959,0.6293645542611135,2.039914552946965,1.0,0.2010516117270238,0.0624545274912079,74.87310708050065,4.161295802893845,28.27,6,62.97,-0.1417681192458706,0.1792036294533734,0.6585380858613183,-0.0760280000436677,1164584958.0,-0.436410846351081,-485.83602638799175,2.0269492747672677,93.33,100.0,-2.7027027027026973,0.0,-33.72115656851642,-0.1155340825543582,2.316213494461228,-0.1882628567842714,-33.72115656851642,0.4039256562566651,-2.2563007261854007,0.6989453702012982,2.954510722836323,-4.662418327014596,-0.469416,소프트웨어,Growth
엔지켐생명과학,2018,Feb_18,258.68,13.25,56000.0,342,2018-02-21,7627597,22513565592,12575041154,7199250425,2751189873,3417687500,0,21720478948,-4788129388,-5014291085,52.1,17046518581,0.3958299949434721,3.1272096764157222,-0.2808860568947395,-0.2941533815936419,-0.1994692451166795,-657.3880456715267,-5.250101743491148,12.61,2,21.45,0.0355674456408816,-1.0759569663449282,0.0042750454096899,-0.0041823626343012,17046518580.0,0.0354010161031509,172.70658727774946,-0.9206163474882344,93.75,44.0,-1.2658227848101222,0.0,-28.50751462327461,0.4221105527638213,-1.6129032258064502,0.7634599310949453,-28.50751462327461,-0.2415416146075766,1.207462266804149,0.4463731638395973,-5.377880938101198,1.511022545879448,-0.235324,의료/의약,Growth
엔켐,2021,Nov_21,1647.4,63.0,42000.0,1275,2021-11-01,15107973,118506658930,115043102004,86221882014,9219129895,6410769500,-10900489923,-583287869,-4162694769,-1294106235,90.5,91568987853,-18.813494166667923,1.3744383231017605,-0.045459656883863,-0.0141325820601783,0.2550964162705532,-85.65717154776488,-33.177726614382,29.2,1,61.56,-4.500270510426551,-0.3120721108414686,-0.135641591175865,-0.0177376186868256,91568987852.0,0.3454723604218775,-118.79831900679196,-42.7356992696799,82.35,240.0,0.0,33.33333333333333,18.97965128375847,0.7148093841642167,0.8379888268156277,0.5031446540880502,18.97965128375847,-1.1295902700599547,0.0076089345800944,1.369195361030484,2.145125120869018,-7.860156172563759,-0.176392,화학,Sensitive
엔피디,2020,Mar_20,307.0,8.78,5400.0,32,2020-03-16,21535185,104191647840,80699628356,85388852182,52689634963,6900000000,34519309349,-5014884816,20590925863,14048029144,-30.1,236896055152,3.7929039922011176,1.2202019956647647,0.086919665461665,0.0593003928874473,0.3858879607138329,652.3291601163398,2.2734669321071315,32.04,1,65.19,-0.6819307945490483,0.1623797508269344,0.0255661669417707,0.0262309710296044,236896055151.0,-0.0357189504652609,254.200268769458,0.3406983436420525,95.0,0.0,-9.210526315789467,-40.0,14.8597860653368,-0.883901082530536,-18.99897854954036,-0.219648562300323,14.8597860653368,-2.189067273992218,2.2030675411923277,1.0636181417109205,-18.480136527208003,9.357541899441335,-0.044338,부품제조,Sensitive
엘비루셈,2021,Jun_21,1419.0,4.13,14000.0,824,2021-06-11,24600000,101575548944,85740390895,56540395308,10373204012,10800000000,105609307831,244988688,4894117172,5295595466,8.6,53530769750,0.57360595637471,1.79651288942488,0.091426243165502,0.0989261968533527,0.0453956315714225,215.26810837398372,24.60144215750297,48.78,1,75.61,0.1095069040045885,-0.2568136395489904,-0.0075841874724914,0.0173856989265878,53530769749.0,-0.1085233872126656,-480.0479882926829,19.070411774127525,93.75,100.0,-1.1235955056179805,0.0,-28.10482557805406,0.5310573731626356,5.108798486281918,0.0,-28.10482557805406,-0.5154935302923769,-0.1762694964746125,0.8309602198768085,3.34001208536081,-16.12875193353842,-0.340234,반도체,Growth
엘비인베스트먼트,2023,Mar_23,1298.41,2.68,5100.0,1165,2023-03-29,23217239,17967341445,89382912703,2484761072,8502342122,20000000000,76051681177,20259281,7528803714,5771470197,65.7,17314487264,0.1143632900680637,7.231013737082565,0.4348268360018819,0.3333318572476557,0.0600744626317101,248.58555304530395,12.799264612890664,79.51,30,80.11,-0.0518091818993965,3.792667627989411,-0.194647868442539,-0.164891993572888,17314487263.0,-0.2123052293402436,-810.9264368170565,9.884055948177917,93.75,100.0,4.41176470588236,0.0,-104.73859066270327,0.1197502352236812,2.111111111111108,0.1722106408048596,-104.73859066270327,0.1841531872128987,2.753513700678356,-0.1718792068944652,1.0264190253359784,0.2013949797435522,-0.178494,투자,Sensitive
엘아이지넥스원,2015,Oct_15,121.11,21.5,76000.0,4,2015-10-02,22000000,1054472814296,694868233044,1316118121397,53751649101,100000000000,279402821260,68455582,51099056435,34328312857,-4.2,754680928338,3.6099432397049935,0.8011992215233118,0.0677094842551979,0.0454871874562932,0.0904635342697972,1560.3778571363637,7.426189509481497,46.36,6,74.91,0.0696926655827945,0.0408651370034605,0.0162708431492125,0.0093813441095624,754680928337.0,-0.0507033240055353,-737.5352563636361,2.4539131685979143,93.33,100.0,0.0,0.0,-21.094528429240288,-0.68415051311288,2.512077294685988,0.0,-21.094528429240288,0.4039494511196118,-3.087545156825,0.2441762972698713,0.3858091544306941,-4.322508839408123,-0.364669,방산,Sensitive
엘앤씨바이오,2018,Nov_18,937.08,15.97,24000.0,916,2018-11-01,7234332,24985724059,6426318414,2837893929,1395826146,3102166000,11408357334,420907734,3109573924,2922680606,12.3,10288139295,0.2835441596802742,8.804319218443911,0.3022484275180102,0.2840825267033867,0.1957401532840134,404.00144837145984,8.740207842699931,33.07,6,51.27,-0.0858659228151091,3.3067755184051464,0.0301073106907759,0.074423518627083,10288139294.0,-0.1812509116496504,-114.78493715798498,5.2889751883506095,93.75,300.0,-5.1948051948051965,16.666666666666675,-27.580259368338844,-0.6917679612609917,-3.592814371257491,-0.710708609470112,-27.580259368338844,0.0594128434202811,-0.1972037742856924,0.4908160443665155,-6.355205032726596,-2.0349492911830973,-0.675055,의료/의약,Growth
엘앤케이바이오,2016,Nov_16,220.1,0.0,15000.0,317,2016-11-30,10254232,44144832570,29042388446,22493645578,6719511092,4600271000,4638721991,1204593425,4619290199,2321865376,-20.7,21244133422,2.797234159449694,1.9625468186969224,0.2174383914486413,0.1092944263659878,0.2223245237328441,226.42996335561747,9.519658313634343,20.45,1,31.81,-0.4950788693514267,-0.2069860638155123,0.0413479068932461,-0.0872839567108458,21244133421.0,-0.5731364047763595,-387.9038292677599,2.199085004568285,93.75,14.29,-4.000000000000004,0.0,49.627619151015104,0.4493677500261306,-6.712062256809325,-0.1473350003631579,49.627619151015104,-0.8479770075943138,3.2311957912697364,0.3548201278352536,-0.954758813542389,4.898405086927447,-0.324983,바이오,Growth
엘에스머트리얼즈,2023,Dec_23,397.0,14.67,6000.0,1258,2023-12-12,67652659,107526791893,58591107639,39410118588,1726854264,29438829500,15284350797,0,8244046068,7132402823,300.0,70818393999,0.9198132283709582,2.7284056923832973,0.1164110847828095,0.100713987147191,0.1594788826652034,105.42679221226176,15.16014413906839,43.51,12,70.82,-0.4357542607537762,0.4991784251195827,0.0271524243252987,0.0487920431538143,70818393998.0,-0.0752476109454143,-18.894853016789767,8.303961331414161,70.0,145.45,0.0,0.0,2.7012327773749067,0.1277574312239293,2.5720164609053464,0.0443734469293577,2.7012327773749067,0.7355928719441573,-0.4891673471256741,0.5999631351792711,0.9384082493928414,-1.046649474170028,-0.073978,전자/회로,Growth
엘에스전선아시아,2016,Sep_16,7.35,0.0,8000.0,2,2016-09-22,30546620,178938446666,75503588437,129411333457,5907004532,15070065000,9462725243,1291534317,10592673441,8583826945,-20.6,183363607211,5.239956525275331,1.3827107864973551,0.0577686794130899,0.0468131439796689,0.33239308641186,281.00742226144826,11.24585759935918,56.26,6,67.41,-15.452246420374554,0.0414398832229019,-0.4981425081796495,-0.258516889603542,183363607210.0,-0.6374443366206343,80.9622164416227,1.0127260477944855,94.12,-133.33,5.633802816901401,0.0,4.34768570090891,0.2311167139405379,-0.0974658869395628,0.5957544655455171,4.34768570090891,0.6155269722624146,-0.3769070236039229,0.1449820541659985,0.4882975281163215,0.72692199383666,-0.178494,에너지,Sensitive
엘이티,2020,Jun_20,1.0,25.3,7800.0,1552,2020-06-22,7109450,34669237686,14457536644,2791658119,16017982184,2423270000,35409536407,-16264871635,-10800075,-5273518,159.6,4118893350,0.872111331095971,12.418869434635091,-0.0026220817297927,-0.0012803239977068,-0.0002445073232902,-0.7417617396563728,-2807.12254563047,52.56,6,80.15,-0.2038847160784526,7.329510722794013,-0.2357630305261347,-0.1587321549698208,4118893349.0,-0.3406639529043296,-1038.4751845782723,-2809.8945795326576,94.44,100.0,6.000000000000005,0.0,247.28219934722568,0.5153597413096289,5.484693877551017,0.2715205148833499,247.28219934722568,0.8454663262339235,-1.518715358884004,0.8282573404028382,1.894413062538636,3.045594036269994,-0.417943,기계제조,Sensitive
엠83,2024,Aug_24,1024.72,0.8,16000.0,638,2024-08-22,7785000,17876359,13223546,4349185,3432799,624000,8725718,822131,513389,579137,39.4,10818071,0.765051073801823,4.1102779026415295,0.0474566121815987,0.0535342206572687,0.0569352730265657,0.0743913937058445,45.41959605679124,19.11,30,64.72,-0.3272581714929228,1.1125975433529312,-0.0562605773280677,-0.0813928616013237,10818070.0,-0.5692453658838368,-0.6554950545921644,40.26087758161319,71.43,250.0,0.0,0.0,-8.833720350625507,-0.150552024088324,-2.7965284474445573,0.3592394637693896,-8.833720350625507,0.5827610771649949,-2.1129407682632384,0.189106329190225,-2.520448719794932,-0.26684211328477137,-0.187626,엔터,Growth
엠로,2021,Aug_21,685.0,6.97,22600.0,250,2021-08-13,5426060,15378077097,21257835708,13024097576,9233816817,2687627000,8077516269,-2136374060,182234920,220544107,25.2,9445786396,2.579500488874415,1.1807403167293349,0.0192927208344633,0.0233484114243144,0.0255591616438144,40.64534984869316,78.89815196780069,38.52,1,43.48,-0.1542594648291397,-0.0135636271821366,0.0087795826405962,0.0230899970143325,9445786395.0,0.0252757648172723,40.20738196776298,-67.30162774348662,93.33,100.0,-6.666666666666665,50.0,-12.812523981275426,0.523168908819116,-0.6756756756756688,0.4791707412477919,-12.812523981275426,1.145164317938674,1.430094931729564,1.3184332465782544,-1.6639017659188515,-3.029340100943523,-0.160584,소프트웨어,Growth
엠아이큐브솔루션,2023,Aug_23,1888.0,29.0,12000.0,1695,2023-08-04,4831300,9925789000,1370563000,4862484000,833662000,358500000,3633235000,156971000,308790000,404342000,122.5,5651391000,1.372993410475459,2.0413000844835687,0.0546396453545684,0.071547341176712,0.097462196646376,83.69217394904064,18.135969429061824,7.31,6,77.46,-0.2834786036111183,0.1708968578217908,-0.0721491834744866,-0.0535863761021932,5651390999.0,-0.6509349830336716,-493.7668950386024,16.30374129944858,93.33,233.33,-2.6666666666666616,0.0,307.6674834160043,0.8324036728739381,-0.0966183574879209,0.8895677958486781,307.6674834160043,-0.8304130834931089,2.500971779522665,0.2611582294662184,-0.6185567010309256,2.4164098988924247,-0.78136,소프트웨어,Growth
엠아이텍,2018,Nov_18,472.57,0.24,4500.0,883,2018-11-29,27456200,22091088139,9738082372,9357746870,774286451,11873100000,5925858640,-2211250,3828829810,3020224486,6.0,15651491519,0.5693193873557588,2.360727261155334,0.2446303475519904,0.1929671994732018,0.1697065435505965,110.00154741005674,5.666780260990499,72.84,2,74.87,-0.1742361127020916,-1.879990385575712,0.1632250484067787,0.1019683245668222,15651491518.0,0.030893847943787,35.29459684879917,-4.511795088763079,94.12,100.0,-5.1948051948051965,16.666666666666675,-27.580259368338844,-0.6917679612609917,-3.592814371257491,-0.710708609470112,-27.580259368338844,0.0594128434202811,-0.1972037742856924,0.4908160443665155,1.3427033349471929,-2.0349492911830973,-0.432413,의료/의약,Growth
엠앤씨솔루션,2024,Dec_24,8.18,0.0,65000.0,2,2024-12-16,8853900,183562329286,109727708903,216651178673,1167059504,530260000,255599979021,931914188,16914371422,13383047506,-20.3,188481416429,0.8473368617585125,0.8472713160866654,0.0897402605650067,0.0710045996022177,0.052061524183683,1511.5426541975853,4.461992593696752,72.89,12,73.93,-0.0903254637470465,-0.0555068146554746,-0.020951199593014,-0.0082063411821978,188481416428.0,-0.0031100333144026,-129.6816852460497,0.4340674216056017,70.0,-112.78,-2.857142857142858,0.0,0.1427856755742862,0.3442485306465181,-12.413108242303872,0.445804195804178,0.1427856755742862,0.0510549441672836,2.9453558971709093,0.0,-1.2454569982066177,1.5594889064884168,-0.638664,기계제조,Sensitive
엠오티,2024,Nov_24,343.66,0.09,10000.0,6,2024-11-18,11580180,69064,29073,46456,14980,4889,14601,1525,2689,3020,-22.0,51596,2.9234356412086604,1.4866540382297226,0.0521164431351267,0.0585316691216373,0.1437068760409231,0.0002607904194926,13.648568240981778,53.83,6,64.13,-0.4530442325087822,0.0043128995808705,-0.0062587094486247,0.0226032817623534,51595.0,-0.0056335231021595,3.203749855356308e-05,5.8827689844762014,70.0,-100.0,-2.777777777777779,-7.692307692307687,22.43887499361952,0.0756238971514999,-1.080550098231825,-0.2528555235853047,22.43887499361952,-0.0716753479108822,2.3791329904482077,0.7845836519063676,-5.681488272595314,-0.26401037511315506,-0.702396,기계제조,Sensitive
엠지메드,2015,Nov_15,715.39,14.86,40000.0,1350,2015-11-20,2074820,3653325762,4377123383,565725090,0,857160000,-1480070290,385360627,347916977,290348437,-9.2,2659072063,-2.381502389249864,6.457775740510289,0.130841499875515,0.1091916390834572,-1.222264150296858,139.93909688551295,21.45547515205043,40.67,1,59.3,-1.376400335683828,-0.4287591966838686,0.0536486397872301,0.0648328966479778,2659072062.0,-0.8222830884405978,39.6517832872249,1.6208351638260758,93.33,100.0,0.0,0.0,7.596947642841623,-0.3966183070660656,0.5655042412818112,-0.1895415201229822,7.596947642841623,-0.3076910372981856,0.3300876169241684,0.2786602411644745,-2.2297124663430368,0.26733969626535625,-0.434312,바이오,Growth
엠코르셋,2018,Jul_18,766.05,14.5,11500.0,51,2018-07-23,10073715,60363970238,8423538483,21328738209,0,4411814000,35816455870,1027057398,1410112512,1071564104,12.6,23849562768,0.5169935526252337,2.8301707136397063,0.0591252982588011,0.0449301362219421,0.0259739571822804,106.37228708574742,33.6560168838499,31.28,2,43.8,0.1722044261080863,-0.9377430396716372,-0.0215122811726902,-0.0164091250677005,23849562767.0,-0.1287696340339153,-659.6279512573068,28.12875620171465,94.44,100.0,-2.4390243902439046,0.0,1.2040226350104488,0.4684541014651655,-4.490177736202073,-0.191336215187432,1.2040226350104488,0.53683627051333,2.74524158125915,0.5364811044934692,-0.1517978141114873,-0.44240756127962344,-0.922292,옷,Protective
엠투아이코퍼레이션,2020,Jul_20,61.7,1.6,15600.0,176,2020-07-29,8399102,24522482,19496324,3825248,2361440,750000,36707849,374270,3173460,2686461,1.9,7834139,0.1635300417616047,6.4106907578279895,0.4050808901909961,0.3429171986864159,0.071010058939601,0.3198509793070735,11.921410069766123,57.55,2,61.44,0.0065140712934355,-0.5147728422251383,0.1352219894277917,0.1000426949715478,7834138.0,-0.0904022399539394,-0.3948222083741809,6.345592497040973,95.0,0.0,3.773584905660377,0.0,16.976630699994576,0.2211722127274606,2.9020556227327576,-0.0802326747567971,16.976630699994576,1.4051186583137645,-0.9181742299650296,0.4963052463004436,4.394114119654957,0.5246788370520838,0.005095,부품제조,Sensitive
엠플러스,2017,Sep_17,596.2,27.2,18000.0,1003,2017-09-20,5111890,33800949,10750459,28282522,2965585,2037195,2496853,8769253,3496215,2496853,30.0,28909563,2.3488987432517687,1.1951179247734696,0.1209362798047137,0.0863677185296782,0.1876867252721711,0.4884402833394302,3.805058041338991,24.04,6,45.66,-0.2055808647432031,0.008438708931985,-0.030127150430076,-0.0399873885567982,28909562.0,-0.140073548462115,-0.2044357370757195,1.2530787587105712,92.86,200.0,2.564102564102555,0.0,14.448757990601012,0.6709362610551883,-2.156334231805923,0.1162577250198859,14.448757990601012,-0.0428950757842105,0.0707469998850296,0.3069946043555482,2.073891646460924,-0.3246242808644605,-0.357918,기계제조,Sensitive
연우,2015,Nov_15,317.0,51.0,25200.0,680,2015-11-02,11552600,64154023012,117198041749,53648849484,35959028898,4996160000,77575600230,64360749,9406863701,7014179720,45.0,97964842946,1.0843669489855616,1.1958135846162556,0.0960228528737113,0.0715989482458145,0.0848803118648621,607.1516126239981,9.752898446827404,65.84,6,68.96,0.1092441488713827,0.1314808342430102,0.0240298328524089,0.0202225917455794,97964842945.0,-0.0268813555532253,-143.34648174436927,2.6179478208758398,94.44,100.0,0.0,0.0,7.596947642841623,-0.3966183070660656,0.5655042412818112,-0.1895415201229822,7.596947642841623,-0.3076910372981856,0.3300876169241684,0.2786602411644745,0.8018622619548887,0.26733969626535625,-0.161198,금속,Sensitive
영림원소프트랩,2020,Aug_20,1.0,4.3,11500.0,2493,2020-08-12,8131000,22268744496,9817039147,10264749789,10225276233,3190000000,7471825997,36063720,1487177220,1679093288,18.7,10786474236,1.915333450244802,2.169438608222465,0.1378742661838959,0.1556665552860641,0.1569555615563839,206.5051393432542,7.797159252479674,20.0,1,39.14,-0.2960081116575785,0.1444512635442523,0.0254388601739563,0.0413786101076363,10786474235.0,-0.3155258066256932,-327.38264506210794,5.4355612207451705,93.75,100.0,12.72727272727272,0.0,-5.641049411328448,0.491523723542997,4.700352526439477,0.5620796948710316,-5.641049411328448,0.5821813758537298,-1.0050879973309002,0.3044324139843235,9.75367635446418,0.5926862270331902,-0.505189,소프트웨어,Growth
영백씨엠,2014,Dec_14,30.71,0.0,5500.0,251,2014-12-29,2693705,20960831831,2668616967,11420017240,647721532,1000000000,9270885644,1290824382,2173373211,1733844668,72.9,31475843556,1.0437676385986192,1.835446601392346,0.0690489265882027,0.0550849309221925,0.1499643793263216,643.6653857790664,5.319707617395492,57.62,6,69.5,0.0204750275889928,-0.0209958694191545,-0.0687043625545926,-0.0554018564540845,31475843555.0,-0.3953630185726939,-1278.124712988245,3.8489163225486216,82.35,-100.0,1.4084507042253502,0.0,-8.809233816348138,-0.9788254095085992,-1.6441005802707909,-0.0095729404882227,-8.809233816348138,0.1369764005791252,0.8428454022463727,0.310137450143344,-2.581672098840304,-0.6424815515465698,1.250915,부품제조,Sensitive
영우디에스피,2014,Oct_14,17.0,0.0,5000.0,32,2014-10-29,5584948,19640628331,17471388062,18193882822,2000000000,2055406000,7888522840,26595146,1460303287,1571744504,26.4,29847027656,2.0253582309570706,1.0795182382537167,0.0489262550305052,0.0526600009258891,0.1576391076544169,281.42509187193866,11.585356084321408,26.49,6,40.93,0.2475249253765901,0.1230064861436259,-0.0499103140648708,-0.0615544579293693,29847027655.0,-1.0653750749133857,-1551.949217432284,9.856425454133126,93.75,-200.0,4.109589041095885,-11.111111111111116,-6.775444166310529,-0.701997231560203,-2.583025830258312,-0.3016192189649658,-6.775444166310529,-0.1875012321398972,2.6170105686965206,0.8575487625935629,-0.2076071746597074,-1.1654421813784275,0.686201,전자/회로,Growth
영창케미칼,2022,Jul_22,1616.27,5.82,18600.0,682,2022-07-14,10123482,18187648333,63523781135,39106370451,14891695109,8056782000,13874978915,-111003750,2236050235,-813866771,-11.6,66430133756,2.474619242205384,0.46508147197626,0.0336601796289178,-0.0122514697018277,-0.0372978244909587,-80.39395644700114,12.393891458346417,40.04,2,63.87,-0.6042235534696379,0.1031359596844956,-0.0348743899543749,-0.0534945856652997,66430133755.0,-0.1590705222938215,-327.930384723359,8.757560077959301,94.12,100.0,-5.747126436781613,28.57142857142858,-98.07996385814322,0.283091704555205,-11.16856256463288,0.4805470843729953,-98.07996385814322,0.0746149115019356,2.3525267154656198,0.1496880537428024,-1.871038620806209,-2.466917609281727,-1.415451,화학,Sensitive
영화테크,2017,Oct_17,61.83,0.0,12500.0,1011,2017-10-26,5345090,31902526753,17733459670,16691074889,1842112350,1479990000,24825480659,450682705,6518933075,5587199462,160.0,61373259242,0.6926700930013402,1.9113524422579204,0.1062178081384808,0.0910363818217506,0.2088192344388895,1045.295675470385,4.771148718074545,43.64,6,56.94,-0.1448904001552571,0.2597656451901937,0.0313848182768086,0.0321062472680053,61373259241.0,0.0835424963895298,543.6654907588086,-1.939959989131788,93.33,0.0,-1.2499999999999956,0.0,-26.797418959932678,0.111077451277386,1.4692378328741815,-0.0967689361528689,-26.797418959932678,-0.0549166352738494,-0.0017674245972432,0.3245250799673638,4.529442005107165,-6.108574663461175,-0.253718,자동차,Sensitive
예스티,2015,Dec_15,32.9,73.3,14500.0,9,2015-12-16,4327321,29493265424,27883106180,16800196561,9485949872,1825035500,16004593276,13260596395,8812099685,7584738376,24.1,58022640809,0.8454794485541038,1.7555309735164473,0.1518734680485818,0.1307203234848889,0.2439589399653113,1752.7561223214086,3.5281290818715925,27.49,6,46.79,-1.6747430346986216,0.9619402646194032,0.0853957422469089,0.1141344400825743,58022640808.0,0.1937330010115309,1597.8228280268554,-1.4393310440646876,92.86,0.0,-2.777777777777779,0.0,18.84582865363502,-0.2305354710258944,-3.1865042174320624,0.2996223070917514,18.84582865363502,-0.1361147410359642,1.759594433882827,0.2124048711981352,-3.017708353851911,-1.3551251352238445,-0.155252,전자/회로,Growth
오가닉티코스메틱,2016,Nov_16,672.02,11.3,4000.0,672,2016-11-04,57015000,87091962,52432344,28026583,378788,3018101,106295335,1805500,22326058,18526384,43.3,76243733,0.2556303364891831,3.107476997820248,0.2928248279763532,0.2429889417927634,0.1667257145082814,0.3249387704989915,4.977096046243362,44.2,3,74.92,-0.0377088405107121,0.4227214509494534,0.0119063858588988,-0.0115157457521192,76243732.0,-0.2076080547996429,-0.282980531439095,2.556866675254853,93.33,160.0,-4.000000000000004,0.0,49.627619151015104,0.4493677500261306,-6.712062256809325,-0.1473350003631579,49.627619151015104,-0.8479770075943138,3.2311957912697364,0.3548201278352536,-2.2484600095679097,4.898405086927447,-0.239701,화학,Sensitive
오로스테크놀로지,2021,Feb_21,1260.0,36.8,21000.0,1033,2021-02-24,9318923,21192216874,8528990571,5471385617,2130035651,3680961500,18168748009,-45580752,4012301005,3180352345,160.0,14542340997,0.3486230223970604,3.8732815336857658,0.2759047532875012,0.2186960370174298,0.1458600974358574,341.27895948920275,5.512992706537978,60.44,6,76.08,-0.0806568706207577,0.8758988485141672,-0.0896555592120705,-0.0626978767223321,14542340996.0,-0.2620383912709003,-471.0141882275452,3.5937560023617885,93.75,100.0,7.14285714285714,0.0,-17.674423434368602,0.823852491173005,2.310924369747913,0.5344418052256383,-17.674423434368602,1.0909127442935818,1.2965949575850289,1.1016314675102334,-3.2882223965952084,4.534506510243075,0.019338,반도체,Growth
오브젠,2023,Jan_23,98.49,1.0,18000.0,5,2023-01-30,3879775,8479818414,2440336189,3691480568,6212844000,1540270000,-10339194667,0,53698878,63394956,160.0,19227696096,-1.125628976589123,2.29713207418948,0.0027927879519154,0.0032970645928395,-0.0072048526836194,16.33985372863117,18.91715568060845,50.43,3,76.36,0.053894335216396,0.0396747277352309,0.1594687625116383,0.1649562753016175,19227696095.0,-0.3733963913613257,852.8075506955945,19.195671408365364,95.0,0.0,-5.405405405405405,7.692307692307687,-411.23677111433904,0.361228175797712,0.6666666666666599,0.7413509060955503,-411.23677111433904,1.607890180287308,-3.777908071160762,0.0906735025394844,7.008825443128086,1.0119162926536358,-0.173956,소프트웨어,Growth
오비고,2021,Jul_21,1123.0,7.68,14300.0,1485,2021-07-13,11059101,7574330227,2232936233,4942200412,4542058872,4390463000,-19462645386,-10444412212,137162209,125302741,44.8,2936508177,-0.3716898525614143,1.532582573666784,0.04670928896923,0.0426706596567396,-0.0049106372920868,11.330282723704212,2.354928360770276,23.35,3,49.48,0.0076282344770523,0.0314283517924989,0.1268008748557637,0.3626221141502764,2936508176.0,-0.1551961611733469,360.4963926995513,2.5053724888674096,93.33,100.0,2.2727272727272707,0.0,-13.19610977884359,0.9716064522214962,-6.750675067506751,0.2057814796668333,-13.19610977884359,1.0074820328515257,2.022652278605186,0.8904040002052582,-0.1468168818047788,-15.025167031517407,0.058611,소프트웨어,Growth
오상헬스케어,2024,Mar_24,993.21,2.74,20000.0,2126,2024-03-13,14104416,203332442188,144705112547,48546848731,53984158,6637074000,212701047979,2411898376,150061283068,120676291668,46.8,341250572142,0.2191694630340725,4.188375713420104,0.4397392863727039,0.3536295658364042,0.5441996869935304,8555.922603814295,1.995429571999,60.16,30,62.95,-0.1767239092912943,0.9654128643284934,0.1854745332851424,0.1439224875125199,341250572141.0,0.2176228250160541,5673.084362939948,-2.0591708242039646,71.43,350.0,4.347826086956519,0.0,-4.135668340696197,0.2277520033741042,-1.1776251226692902,0.1494111443135937,-4.135668340696197,0.8449629016667792,-0.0788442188415117,1.6885750070358752,1.5173500269474838,0.08615753827548867,-0.334661,의료/의약,Growth
오션브릿지,2016,Dec_16,617.92,10.75,6600.0,1135,2016-12-01,8622720,11529962905,4398840271,4004363747,895027320,3144885000,7180537846,0,3153177605,2552260491,1.5,15929640570,0.4744978622253704,2.8793495380228755,0.1979440522304264,0.1602208461505795,0.2471821763685667,295.9925048012692,3.497872143805233,31.54,6,65.61,-0.3696307197712167,0.4332168462876762,0.0497687355012147,0.0225229295349747,15929640569.0,-0.3467464282266905,-109.44814211756848,1.2445157485441358,93.75,100.0,0.0,0.0,29.65419163849024,0.8739076154806291,-1.7726798748696535,0.1091056454378236,29.65419163849024,-0.2375701207422031,1.776798319617079,0.3006065873986774,-0.0342667667793783,4.714290006752721,-0.406637,화학,Sensitive
오스테오닉,2018,Feb_18,442.0,1.7,7700.0,998,2018-02-22,6454995,15428618425,11234333204,6964062510,7870672583,2609497500,2070477210,58721776,536855435,142100215,70.1,5001782681,3.130551858897848,2.215462368817824,0.107332818964591,0.0284099138372781,0.0299871948793978,22.013993039498867,22.032405308516623,25.5,3,39.26,0.9743924524498152,0.356964506684758,-0.1145565887610053,-0.2036231389335318,5001782680.0,-0.3058250847244622,-216.68494630902117,14.106883150180131,95.24,111.76,-1.2658227848101222,0.0,-28.50751462327461,0.4221105527638213,-1.6129032258064502,0.7634599310949453,-28.50751462327461,-0.2415416146075766,1.207462266804149,0.4463731638395973,-5.929568354854542,1.511022545879448,-0.45569,의료/의약,Growth
오에스피,2022,Oct_22,1582.84,5.62,8400.0,1018,2022-10-14,9346160,14755351668,7092703968,3644806261,161465374,3614240000,12535893283,-146989332,1768649675,1557028060,19.6,10510626339,0.2378452413259805,4.048322629897941,0.1682725289583715,0.1481384657565648,0.09729513555383,166.5954852046188,10.200880511286105,1.87,6,65.52,-0.0141110174585463,0.3283456603041803,-0.010360278407134,-0.0351291368026309,10510626338.0,-0.1039737254098186,-141.1566035676684,4.887965980972949,94.12,100.0,-3.658536585365857,20.0,2749.336870026525,0.5148888698189191,-2.9508196721311557,0.3124425657048402,2749.336870026525,-0.662469750578798,2.5201388339956665,0.5247206058147658,-5.134823415412182,0.9882057129422464,0.589025,식품,Protective
오이솔루션,2014,Feb_14,304.0,9.31,10000.0,1253,2014-02-27,5179609,36450986438,11679994618,22004988606,11948262277,2201332500,15917839408,-10834511400,5101259217,4349020421,130.0,40639501330,4.6609242593683815,1.6564874034091104,0.1255246508951196,0.1070146108753938,0.597010720846073,839.642610281973,2.779260878520457,19.07,2,69.04,-4.323537078590927,0.0065669312658778,0.0281720583669337,0.0297307726049926,40639501329.0,-0.919828547480312,-154.12274903375908,1.1928023280323348,93.33,115.38,2.7027027027026973,0.0,13.528891558625734,0.1279905483902776,-0.907441016333943,0.2667235676944379,13.528891558625734,0.9753184163193928,0.6151678797839732,1.0122615421328085,2.909232769830949,-2.113505065456711,-0.738332,IT,Growth
오킨스전자,2014,Dec_14,268.25,73.2,7100.0,9,2014-12-24,6200000,18545250127,35537475329,15922823114,14281451216,2156250000,18198941663,-319257537,5034902194,3727782661,78.2,35317120418,1.5075051724593598,1.1646961091148629,0.1425626476453576,0.1055517159066023,0.1860548471340088,601.2552679032258,4.742584901540989,30.74,6,37.54,-0.2513581874680244,0.0859321281418317,0.0708510086629141,0.0663749979085985,35317120417.0,0.0938566377800571,365.7780967741935,-2.889594119041739,93.33,122.22,1.4084507042253502,0.0,-8.809233816348138,-0.9788254095085992,-1.6441005802707909,-0.0095729404882227,-8.809233816348138,0.1369764005791252,0.8428454022463727,0.310137450143344,-2.01348025027559,-0.6424815515465698,-1.226357,전자/회로,Growth
오토앤,2022,Jan_22,1713.0,8.0,5300.0,2774,2022-01-20,12875550,27874146376,13003246461,18493155748,6345711814,4955832000,1235464533,2280247,2061202483,1380648272,115.1,36733558625,4.010423773579182,1.5072682432263913,0.0561122461355321,0.0375854756163037,0.2229161470086756,107.23023653358496,7.781149793520795,26.97,2,70.36,-40.03775820797219,0.1739162494401636,-0.0398252612695161,-0.0318639835779144,36733558624.0,-4.633947982883778,-159.47095386216512,6.822578670261715,93.33,183.33,-1.17647058823529,25.0,18.379999999999995,1.055697124135424,0.5747126436781658,0.7785467128027523,18.379999999999995,-0.3436931313036573,0.8709977190166418,0.6199461496420255,-3.861098517287132,-0.49839963420208555,-0.02568,자동차,Sensitive
오파스넷,2018,Aug_18,861.66,13.3,11000.0,1401,2018-08-24,4025902,26401367183,3807355463,11225243274,2420717629,1483751000,14475179069,34853254,-184799765,-104396457,29.1,11635924367,0.853204062316907,2.3519639208311025,-0.0158818293391542,-0.0089719092104167,-0.0065273147004481,-25.931196785217324,-89.62544807889772,24.43,1,58.62,-0.2275213734972674,0.2991046372878174,-0.064503161880776,-0.0521011353830669,11635924366.0,-0.1981694588591682,-791.0098690926903,-94.41795154716344,94.44,208.33,-8.750000000000002,0.0,37.32887639595837,0.4464285714285809,-1.9588638589618013,0.8844710416878065,37.32887639595837,-0.3271201557418446,-0.1469540434627547,0.5023373592949243,0.2417296125332368,0.14957196600423606,-0.48948,소프트웨어,Growth
오픈놀,2023,Jun_23,510.36,0.58,10000.0,49,2023-06-30,9805000,21518816482,9030931112,6828209714,2572218010,840429000,-224803277,758666755,685179971,-560633830,57.5,16267964769,6.840194408747975,3.1514580517173614,0.0421183584258597,-0.0344624443168413,-0.4079436066010397,-57.178361040285566,30.866809838491324,49.62,3,73.64,-69.17841204543384,2.009355741789335,0.0207774230405448,-0.037288704928521,16267964768.0,-0.5738239186885346,-60.31057501274859,16.350640691567477,93.75,-40.0,2.7027027027026973,0.0,-29.22743682310469,-0.2231185102548716,2.752293577981657,0.0269954107801728,-29.22743682310469,0.11177282158632,-2.3716129226553084,0.3787653680872749,-2.474756118432297,-0.40310151421261153,0.581907,소프트웨어,Growth
오픈엣지테크놀로지,2022,Sep_22,44.25,12.42,10000.0,78,2022-09-26,20837140,23122971264,8046278320,8020858502,2798059626,1767047400,-49338001101,2768767024,-6076710118,-6303500055,0.5,7007943098,-0.2414819215409877,2.8828549036533047,-0.8671175026712524,-0.8994793432039936,0.1406962588778287,-302.51272751442855,-3.348906079248324,3.32,6,73.5,0.1636005941705413,-0.2813589273275156,1.2647004724891344,1.9174646273764395,7007943097.0,-0.2399791363895283,398.5575245451152,-1.4898460621151142,94.74,-166.67,3.797468354430378,0.0,-98.19466060098168,0.0686990124517006,3.1567080045095786,0.1749056430083717,-98.19466060098168,-4.50596804687703,5.548223658262774,0.1597628193284128,-7.822246940122268,-2.8944144615870258,-0.612291,소프트웨어,Growth
온코닉테라퓨틱스,2024,Dec_24,198.96,1.78,13000.0,92,2024-12-19,10803960,29098569226,6649338626,2730336593,140252574,4603730000,-41960573575,1778890915,-3813950482,-10941594104,33.1,4014900000,-0.0806844956603525,10.657502558696432,-0.9499490602505668,-2.7252469809957907,0.3075386098959411,-1012.7392274684468,-8.620279377030464,46.28,24,76.03,2.052227025393226,10.11795379522595,-1.055901560186489,-2.805151070804493,4014899999.0,0.3702345979809973,-1168.4657565374175,0.2054470899163494,72.73,-150.0,-2.857142857142858,0.0,0.1427856755742862,0.3442485306465181,-12.413108242303872,0.445804195804178,0.1427856755742862,0.0510549441672836,2.9453558971709093,0.0,-0.8135477277261827,1.5594889064884168,0.33184,의료/의약,Growth
온코크로스,2024,Dec_24,635.05,1.07,7300.0,1313,2024-12-18,11857937,14340387387,971642359,1323452630,123268060,5196123500,-45547445888,1629128021,-3114740623,-2835394287,22.7,234291590,-0.0373615368046633,10.8355879628272,-13.294291199270106,-12.10198917938113,0.0732240084362675,-239.11362381162928,-4.451513218665848,17.3,36,70.42,-0.0068562502712559,-4.417794410978708,61.11207959352837,33.94502265010767,234291589.0,-0.0437574600910701,116.2963897514382,-2.030544420652883,71.43,-127.27,-2.857142857142858,0.0,0.1427856755742862,0.3442485306465181,-12.413108242303872,0.445804195804178,0.1427856755742862,0.0510549441672836,2.9453558971709093,0.0,-0.8080904869703476,1.5594889064884168,-0.178494,의료/의약,Growth
올리패스,2019,Sep_19,11.07,0.4,20000.0,419,2019-09-20,13875738,19668783179,14264253454,17924441025,36127097624,6577369000,-113915675687,414590954,-9678782316,-9037530266,24.0,512908833,-0.5055149671750325,1.0973164045432209,-18.87037557803182,-17.620149399922695,0.0845231593762387,-651.3188895610454,2.0786191236827483,17.42,1,50.93,0.1960324495120865,0.5373215051453021,19.10492527534454,39.36934808694082,512908832.0,-0.1976887253027526,1354.0117160615168,0.2097296766373682,85.71,-212.5,1.4084507042253502,0.0,-5.788308157643629,0.0595888370245267,5.037513397642024,0.3711340206185465,-5.788308157643629,0.4574579280694602,-0.9454250690664856,0.6719169290231974,8.177779157033417,2.670629244150673,-0.496142,바이오,Growth
올릭스,2018,Jul_18,876.72,50.84,36000.0,847,2018-07-18,6441544,13792597888,5445902620,427869083,1960621103,2602772000,-14270959793,527600048,-2005961982,-1942489177,82.2,0,-0.2143953479538794,32.23555623905642,0.0,0.0,0.1743614629193874,-301.5564555640697,-8.399964941110236,30.68,1,50.47,0.1038133906657862,16.57537462697273,22.17527219128216,21.166549248810185,-1.0,-0.3800557007802269,500.1030074466618,-4.947768645281553,93.75,250.0,-2.4390243902439046,0.0,1.2040226350104488,0.4684541014651655,-4.490177736202073,-0.191336215187432,1.2040226350104488,0.53683627051333,2.74524158125915,0.5364811044934692,-1.04267491703538,-0.44240756127962344,-0.371984,의료/의약,Growth
옵티팜,2018,Oct_18,94.57,11.6,10000.0,463,2018-10-26,14217258,6522714000,13791121000,5566155000,1235006000,5964441000,0,-11641827000,-69126000,-76068000,17.0,6881782000,-1.1979388049359336,1.171852742153246,-0.0100447820055909,-0.0110535323554277,0.0133984196248062,-5.350398789977645,-195.47889361455893,32.99,3,48.67,-0.0439434304609092,0.1924897289445848,0.1076841332649335,0.1020212392023439,6881781999.0,-0.2428666545868862,104.86002293831903,-187.6399207921132,93.33,0.0,0.0,0.0,-26.972527211369368,-0.3446917470947497,-0.7920792079207928,-0.1796030771993972,-26.972527211369368,-0.0624841584887736,0.9111190433696236,0.9694242117605169,-10.60056802145074,-1.9250662711959965,-0.121101,의료/의약,Growth
와이더플래닛,2021,Feb_21,1.0,9.48,16000.0,1357,2021-02-03,6763282,4357164887,3948612839,7392081871,2146807711,2866641000,-13631690692,320557746,-3581862780,-3670465811,25.0,21601677207,-0.9132937850225616,0.5894367734337016,-0.1658141053436027,-0.1699157790308333,0.3514259793561049,-542.7048304358742,0.344265520970069,31.11,3,43.79,0.5352047001337218,-0.4634514696140386,-0.0962017665010755,-0.0980711000149386,21601677206.0,-0.0200345832745375,-171.95229594152664,1.3501960152959305,93.75,133.33,7.14285714285714,0.0,-17.674423434368602,0.823852491173005,2.310924369747913,0.5344418052256383,-17.674423434368602,1.0909127442935818,1.2965949575850289,1.1016314675102334,-0.6428714288888915,4.534506510243075,0.019901,소프트웨어,Growth
와이랩,2023,Jul_23,1821.64,14.11,9000.0,1917,2023-07-20,15831354,15476166918,3886366782,7350663460,863419821,6370677000,-15104555877,50844807,-435498328,-572434054,15.0,29780532001,-0.9459922896513524,2.105410892801233,-0.0146235912771933,-0.0192217537947535,0.0659255796286424,-36.15824988816497,-25.599295570659457,21.92,1,62.47,0.7186495416986886,0.5788707418536887,0.0349865334536807,-0.0401715543406122,29780532000.0,0.1207936245149889,-64.81635935877625,-15.736546394573349,94.12,200.0,-1.3157894736842146,0.0,13.806706114398429,0.2236174421604841,2.6785714285714413,0.1169485426412375,13.806706114398429,0.0830183279608487,-0.8028009346731424,0.3711712563397418,1.4019529848534384,-0.5981191754993898,-0.454234,엔터,Growth
와이바이오로직스,2023,Dec_23,227.0,4.7,9000.0,835,2023-12-05,14823148,12366943501,9455781531,12760087490,819835856,6160949000,-98688407723,6554881118,-5777533001,-5710658169,42.2,856156961,-0.1579564522119227,0.9691895538092428,-6.748217049186615,-6.670106568227739,0.0664241823158723,-385.2527256018762,-1.426699195759384,29.75,5,73.74,0.0520456034848511,-0.1443216516387204,-2.211425747209216,-2.139534647989945,856156960.0,-0.1654655958631103,883.3307808165985,-0.773856592284847,76.0,0.0,0.0,0.0,2.7012327773749067,0.1277574312239293,2.5720164609053464,0.0443734469293577,2.7012327773749067,0.7355928719441573,-0.4891673471256741,0.5999631351792711,0.3060317613515328,-1.046649474170028,-0.602529,바이오,Growth
와이엠텍,2021,Sep_21,1696.19,30.73,28000.0,2939,2021-09-10,5393000,20645818495,12583143347,4115989979,497129583,2387500000,21356711367,348864282,3524168291,3018119692,110.7,13045645016,0.1914707623553853,5.016003100186362,0.2701413603296532,0.2313507448883047,0.1252691742627417,559.6365088077137,8.119885294093068,54.42,6,57.07,0.062998306634751,-2.3137348868907357,0.0073305994022325,0.0044291650362636,13045645015.0,-0.0581707282399214,-157.2164238828111,2.4028154701886244,93.75,175.0,3.571428571428581,0.0,27.503652718855086,0.3717472118959231,1.263362487852282,0.4087591240875987,27.503652718855086,0.0083436518010016,0.7928710550356044,0.713811150843191,1.1504072538759624,0.8183172709364639,-0.559905,전자/회로,Growth
와이엠티,2017,Apr_17,706.0,42.75,21000.0,842,2017-04-27,3602600,38317049936,41789564097,21285231635,15605509578,1542850000,26784404863,-141964571,11079762474,7742772715,47.9,49939560590,1.3088650438158134,1.8001706813936675,0.221863435382702,0.1550428682896827,0.274709702642221,2149.217985621496,3.9004331474985374,46.52,6,62.31,-0.7143118658816909,0.6868733676170442,0.0478970957310852,0.0667551627633411,49939560589.0,0.0973791091673915,1025.247454338533,0.4456320771237267,93.75,225.0,2.5316455696202445,0.0,17.437835546764635,-0.2127444027960612,4.948453608247427,-0.1260697996207649,17.437835546764635,0.3386889772807322,-0.1797721124104367,0.7074818483701728,2.682957434250577,0.05796049149442428,-0.641104,화학,Sensitive
와이제이링크,2024,Oct_24,800.57,0.52,12000.0,961,2024-10-18,14221573,36170236083,46762365257,19856463347,19345719042,5585620000,34275594213,3869204738,1387885843,2251318723,81.7,24375402366,0.8964511049602819,1.8215850149601165,0.056937966486079,0.0923602691433003,0.0514817551947674,158.303073998917,31.50865697748889,28.82,18,75.11,0.120777043924932,-0.1323531552711165,-0.1317141322491683,-0.0529348542916934,24375402365.0,-0.1193892272830348,-337.7217760651371,27.00130907515982,69.57,283.33,0.0,-7.14285714285714,-5.249921408362157,-0.1258811681772331,1.8000000000000016,0.0348887919755735,-5.249921408362157,-1.0191509687987763,1.9613131358535263,0.9842997943111164,-0.0962901337277388,0.46017924977079816,-0.163427,기계제조,Sensitive
와이즈넛,2025,Jan_25,64.85,0.27,17000.0,10,2025-01-24,13065612,45545681170,7840939062,6322664832,542514804,6069306000,33959891719,-1341961647,-2924199555,-1771407779,-36.5,21528184354,0.1774533498134464,7.203557737156357,-0.1358312204557406,-0.0822831944334807,-0.0457879124707505,-135.5778649327716,-15.90911964829979,20.57,36,33.25,0.0158908036788104,-0.6367214077901409,-0.234115827703307,-0.2036064964410837,21528184353.0,-0.1491749460106977,-462.17639441612073,-30.008623867248573,71.43,-350.0,-8.823529411764708,0.0,0.0,0.0,3.401360544217691,0.6961970237577164,0.0,-1.1041535842442496,1.4898007557061277,0.0,1.935193519351941,2.537993476282896,-0.295638,소프트웨어,Growth
와이팜,2020,Jul_20,407.0,8.0,11000.0,712,2020-07-31,37141356,44855751088,11236692173,7125109184,1941124023,16713610000,8098366930,1912831345,-621477876,257514763,70.9,11073619873,0.3392440878792422,6.295447540470981,-0.0561223776080037,0.0232547952659888,0.0096357945901858,6.933369987891664,-75.66835742677347,27.25,6,75.46,-0.3010277382969319,-0.3062655470662152,-0.151523741488628,-0.067106143976594,11073619872.0,-0.882387622207635,-298.2213336260529,-79.54951831567529,93.33,100.0,3.773584905660377,0.0,16.976630699994576,0.2211722127274606,2.9020556227327576,-0.0802326747567971,16.976630699994576,1.4051186583137645,-0.9181742299650296,0.4963052463004436,2.8960778752641803,0.5246788370520838,0.031634,전자/회로,Growth
용평리조트,2016,May_16,28.1,0.1,7000.0,291,2016-05-27,48133333,288887149807,681763528753,407963278133,249869544732,190000000000,123713634518,-895778823,26430358769,11572555466,67.1,176303475146,2.1029260666833305,0.7081204738060272,0.1499139977082842,0.0656399736670905,0.0369945489214123,240.42705428273584,11.835550868946283,35.99,6,69.72,0.3868253334616396,0.2549915341046881,0.0211597690599071,0.0359995047890346,176303475145.0,0.0238607628808077,158.16145295818183,-5.692500244100511,94.12,-100.0,4.225352112676051,0.0,27.48683959305021,0.1159481395593964,-2.4437927663734094,0.0596402749730495,27.48683959305021,-0.4254885039138956,2.091485041524699,0.7384860670743176,0.0691123634903867,-0.3851596489379494,-0.028737,스포츠,Protective
우리손에프앤지,2016,Jul_16,455.1,40.4,2210.0,639,2016-07-27,61221800,71538893007,169210621087,88619766986,54884179951,25799610000,64901651822,-11975540537,5964360816,3247475787,31.7,44581091230,1.82283432396246,0.8072566137338365,0.1337867838458471,0.0728442417491717,0.0412505053493712,53.04443493984169,16.304440686440188,69.33,6,73.15,-0.0672756205502338,0.0347868422745445,-0.0360718759584707,-0.0238499340720144,44581091229.0,-0.1541070569086226,-191.79834942781815,12.768776500605352,93.75,100.0,-2.7027027027026973,0.0,-33.72115656851642,-0.1155340825543582,2.316213494461228,-0.1882628567842714,-33.72115656851642,0.4039256562566651,-2.2563007261854007,0.6989453702012982,2.581962230507373,-4.662418327014596,-0.607668,식품,Protective
우양,2019,Nov_19,1.0,6.3,4200.0,1037,2019-11-20,12858000,40527777577,62740006221,63815096922,19972766642,1000000000,17257273251,-11992397,3217599059,1758582166,13.9,56362235234,4.592303304864216,0.6350813448820166,0.0570878540505258,0.0312014269607808,0.0963855903382521,136.76949494478146,6.054178869648905,45.24,6,67.04,0.1596201383495259,-0.0115269216541251,-0.0052150766114497,-0.0054100808225478,56362235233.0,-0.1369259092778125,-169.1434052729818,3.351049125998826,93.33,100.0,-2.7027027027026973,0.0,-6.324354946696198,-0.1392896229230888,2.306920762286868,-0.5597704940974224,-6.324354946696198,0.2796487607823694,-1.4086291201135026,0.7449523785150847,2.0081786242248656,1.0217809530796753,-1.241969,식품,Protective
우진아이엔에스,2018,Sep_18,129.06,0.77,15000.0,11,2018-09-14,7622000,72606698385,30056831315,24054256336,1290227191,3111000000,70354520080,1507080290,3459144492,2593872251,31.0,34343902011,0.3380499462726585,3.0184553357542634,0.1007207768905254,0.0755264282482872,0.0345976028335536,340.3138613224875,22.352071835049557,53.21,6,60.32,0.0609582924937199,-0.441915291326914,-0.0617011463359919,-0.0444185765719483,34343902010.0,-0.1910437039488609,-1869.8446095512988,18.97641384741022,93.33,0.0,5.47945205479452,0.0,-6.889569941250007,0.286419753086431,0.899100899100902,0.7631055076310567,-6.889569941250007,0.4658574832279161,-0.0490567720644152,0.1239015796639098,0.8241638759622472,-2.5487929760844135,0.016914,건설,Sensitive
우진엔텍,2024,Jan_24,1.0,15.5,5300.0,2707,2024-01-24,9271339,23247344297,16697709144,5461452996,1617661521,3574769500,11741164720,9040321,5874298651,4532708708,300.0,30398728955,0.4619331991750289,4.256622608310735,0.193241587820855,0.1491084944607349,0.2957726745890063,488.8947225422347,5.594870277561583,40.99,6,87.64,-0.0921844934145365,1.5233441216153372,0.0414041726836483,0.0216768157049035,30398728954.0,-0.1079987063383066,-24.66649197057734,1.377119794077995,75.0,166.67,-1.449275362318836,0.0,33.80111797587524,0.5358965634569612,1.905717151454356,0.3903131375853741,33.80111797587524,-1.0446668700299755,1.5023236552707877,0.252570256960305,-4.535334090961795,0.6919429208277819,-0.120773,전자/회로,Growth
워트,2023,Oct_23,793.26,12.11,6500.0,1781,2023-10-26,16120000,30037710935,5229105496,1382767439,88385597,1200000000,32596541298,-877903,982044017,1198587470,33.1,7519073723,0.0435308228397627,21.722894311658724,0.1306070472478595,0.1594062665370145,0.0354657180713111,74.35406141439206,34.41359329110398,64.58,6,73.6,-0.0457935228316418,11.263507323455292,-0.1630249612174248,-0.0976580890544167,7519073722.0,-0.1446134249068001,-289.7956724565757,29.55203999808703,66.67,250.0,0.0,0.0,78.17836324885089,-0.1440311785139369,-1.6032064128256418,0.3721754541426758,78.17836324885089,-0.3004442090932757,1.5961247715254867,0.3613650049832273,-4.348477284073892,3.259973037276831,0.714784,기계제조,Sensitive
원방테크,2020,Sep_20,406.0,1.8,54300.0,348,2020-09-24,4294143,131261969433,107412145248,74946339767,50496886679,1945456000,118645219518,-19843687483,16291675112,11320769091,-19.5,186441905151,1.2451312827577576,1.7514126752697885,0.0873820458914819,0.060720089090654,0.1123683130563378,2636.327921776243,6.950229946065966,57.12,6,58.62,0.1436475135795811,-0.5294070504522315,0.0027869182180488,-0.0017517240682413,186441905150.0,-0.0504039234535814,-686.2195173751779,1.7671761500972778,93.75,100.0,11.290322580645151,0.0,6.035597910628598,0.1996406468356859,-9.876543209876544,0.548956981734694,6.035597910628598,0.3805461175406366,-0.6782659982306094,0.5560852307114894,-4.034624722896663,-0.27973576216133544,-0.518485,기계제조,Sensitive
원준,2021,Oct_21,1464.0,44.31,65000.0,1623,2021-10-07,5020191,46039895014,30024723423,40982401164,10047533381,400000000,24816263657,-181579765,4760102002,-557509029,33.8,16219177209,2.038369438381723,1.1234064795218155,0.2934860345047975,-0.0343734470507319,-0.0222694654905611,-111.05335016137832,5.259274671316171,40.64,6,61.06,0.4704853623236915,0.0505661630326177,0.358004885762905,-0.1032851297797466,16219177208.0,-0.1954462839843768,-989.9846489904468,11.426878535581649,95.45,162.5,-1.1494252873563204,0.0,-33.64443401306071,1.0370370370370363,3.0710172744721653,0.1744693224774662,-33.64443401306071,1.1284043169486058,1.1354891666809142,1.087504440920739,-5.383872679723522,-5.184352496385024,-0.296511,배터리,Growth
원티드랩,2021,Aug_21,1503.0,10.77,35000.0,1731,2021-08-11,4703068,7963901523,7264273277,5320950114,6590550828,1988000000,-32388792477,-28535694,408960610,-2575015341,160.0,5702561553,-0.3914480423314765,1.4967066693683346,0.0717152469463226,-0.4515541510718701,0.0846228127853989,-547.518203223938,8.110008095889723,13.88,3,73.97,1.0777724866914378,1.30735130054906,0.4283684649765689,0.1790115091185855,5702561552.0,-0.2262602444519962,1422.8661645972377,2.517805660536439,93.75,100.0,-6.666666666666665,50.0,-12.812523981275426,0.523168908819116,-0.6756756756756688,0.4791707412477919,-12.812523981275426,1.145164317938674,1.430094931729564,1.3184332465782544,-0.9104027124401282,-3.029340100943523,-0.146041,소프트웨어,Growth
웨이비스,2024,Oct_24,1159.89,0.04,15000.0,1126,2024-10-25,12420111,25371319815,30516519838,33444212245,7940290164,5442705500,-87372657393,1355501234,-1704801368,-2481911023,-27.4,14561982570,-0.5136181763639172,0.758616158429418,-0.1170720648651346,-0.1704377141690261,0.0308027048611689,-199.83001947406103,-8.507347258299479,19.63,60,65.64,-0.0381635293969847,-0.1945836281153683,0.4465984135559626,0.7188395794546247,14561982569.0,-0.161212381794511,1009.4575433343553,-6.738795549968364,61.11,266.67,0.0,-7.14285714285714,-5.249921408362157,-0.1258811681772331,1.8000000000000016,0.0348887919755735,-5.249921408362157,-1.0191509687987763,1.9613131358535263,0.9842997943111164,0.5276860034789888,0.46017924977079816,-1.107665,부품제조,Sensitive
웹스,2015,Aug_15,438.83,33.54,7200.0,1114,2015-08-24,6734000,17736637436,18884166221,7345120230,8086348290,2303000000,16443792001,174236,873021513,704497492,11.1,6502495093,0.8231448398057943,2.414751138253321,0.1342594650997609,0.1083426410822514,0.0375792799268804,104.61798217998218,24.27126344708988,49.31,6,55.6,-0.0653002014772742,0.2342299373288434,-0.0186957544883642,-0.0110190448580263,6502495092.0,-0.1468472123136635,-389.5176314226314,19.467142848220327,94.74,100.0,4.477611940298498,0.0,-6.121665707157941,-0.6256410256410216,1.2884043607532147,0.1398822044593961,-6.121665707157941,-0.7778169543703028,3.1385035251307647,0.8850122957688944,-8.896235480385762,-3.432384321201776,-0.432012,IT,Growth
웹케시,2019,Jan_19,614.0,6.8,26000.0,1075,2019-01-25,6630322,16964176308,22893720890,14649666979,3961179070,2815611000,16080844134,-530875272,4635786590,4891551403,9.6,59045319690,1.01335466611144,1.1579905763262606,0.0785123463525784,0.0828440158962919,0.2663434228461825,737.7547279000929,4.583267744643957,36.62,6,39.76,-0.3210837728342273,0.0825250146035523,0.0293850209378899,0.0360792189829257,59045319689.0,0.0143882044698361,191.60660764288676,0.2360170150392937,93.75,100.0,-2.73972602739726,0.0,34.71505723037242,-0.1099999999999989,0.7157464212679043,-0.1050632399886897,34.71505723037242,0.4505634987174378,-0.0801496126102141,0.7733206751393329,6.903441166363944,0.9361005666501775,-0.276931,IT,Growth
위니아에이드,2022,Jun_22,955.0,1.39,16200.0,111,2022-06-23,15393405,151432536709,128597334341,160500526507,20655361485,4982795000,64933494817,-33626826,34435723653,24919142327,-32.1,486454667882,2.592286559190376,0.9435018065339212,0.0707891730239355,0.0512260318839096,0.3565854714238533,1618.8193792731367,2.871261950360849,64.56,6,66.7,-0.1303191632249958,-0.1926022065305452,-0.0044809249496369,-0.0082573513848744,486454667881.0,-0.2074255920295706,1.5419656664655577,0.5498247852636746,92.86,100.0,1.162790697674421,0.0,-1.1609734315695452,0.5607315389924095,-6.2984496124031,0.6604651162790631,-1.1609734315695452,-2.1068882588998195,0.5882445585409402,0.4158648699506662,-12.962440625951944,-4.700176575165571,-0.464014,서비스,Protective
위더스제약,2020,Jul_20,1.0,16.52,15900.0,1082,2020-07-03,8792415,59570540000,26863740000,22630260000,5964615000,1550000000,56165247000,124157000,6734650000,5281582000,116.4,38207533000,0.4943839843162976,2.632340061492886,0.1762649789506168,0.1382340492907511,0.0913145992998129,600.6975330441068,8.588331242158093,52.49,2,78.61,0.0394017730098723,-0.4023541854141679,-0.0351059262451183,-0.0291955933051142,38207532999.0,-0.0738900721472281,-384.4111088932904,3.7935940135463495,93.33,100.0,3.773584905660377,0.0,16.976630699994576,0.2211722127274606,2.9020556227327576,-0.0802326747567971,16.976630699994576,1.4051186583137645,-0.9181742299650296,0.4963052463004436,5.987236682719299,0.5246788370520838,-0.398656,의료/의약,Growth
위드텍,2020,Oct_20,1.0,22.78,25000.0,1185,2020-10-30,5091800,64131267423,21356693367,28294515417,190513191,2000000000,51845474004,82645688,2676249129,3479292692,64.4,22851103829,0.5282036305119985,2.2665617868991124,0.1171168425397293,0.152259283316742,0.0645172261126719,683.312913311599,21.29956122705944,66.45,6,79.95,-0.095767150532394,0.2304389200288814,-0.0978796585728706,-0.0450666235085309,22851103828.0,-0.1728717188762764,-1597.821487293295,17.276026573944296,93.75,100.0,-5.797101449275366,0.0,98.03110088484644,-0.3984857541342812,15.317559153175589,-0.5558864403414576,98.03110088484644,1.4183311135951948,-2.89446895147607,1.1900580079187817,-5.682002554363419,0.24640234948605239,-0.112495,화학,Sensitive
위세아이텍,2020,Feb_20,1.0,6.85,12000.0,1076,2020-02-10,4292500,6288973396,8964448838,4659536999,1869427181,1700000000,6916771123,107686931,372156877,326740569,3.3,12680273993,0.7483518333848361,1.3496992077431085,0.0293492772479084,0.0257676268809627,0.037451102060167,76.11894443797321,23.442958045888805,28.61,1,41.73,0.0009275534594865,-0.7840104350641766,-0.0742597494779367,-0.0651741162671487,12680273992.0,-0.1401419309853639,-274.49447175305767,18.50053682270458,95.24,166.67,2.7027027027026973,0.0,-3.2267089433927088,-0.3266679865373212,-7.1157495256167,0.0699370566490165,-3.2267089433927088,-0.1174531826341307,2.534613666815533,0.5245874298700715,-2.1994428078220163,1.735154515483229,-0.456662,소프트웨어,Growth
위지윅스튜디오,2018,Dec_18,177.33,0.43,11000.0,6,2018-12-20,8798060,14979626600,6630005195,2508666563,0,3266280000,3342053674,27268267,3962028114,3694117040,-15.0,18295740482,0.3780616416273364,5.971150897824598,0.216554673908825,0.2019113161139558,0.5567116702969811,419.87859141674414,4.821006989956962,32.96,6,54.78,141.91115263749123,-2.96581162609165,0.025688063356102,0.1635028801773924,18295740481.0,6.889814946535712,363.1732315987843,2.5447825926861376,92.86,50.0,0.0,0.0,11.497067876963165,-0.4876107075330815,1.2422360248447228,-0.3443068559347617,11.497067876963165,0.1754509737937892,-0.5032873168051788,0.6060885775937441,-1.7521436815047364,-3.8956144731254065,-0.15149,엔터,Growth
위츠,2024,Nov_24,997.37,0.15,6400.0,223,2024-11-20,12416000,56607,33410,56913,6842,5163,19426,107,1714,358,129.5,48793,2.581592160673793,0.9946233725159452,0.0351279896706494,0.0073371180292255,0.0144962747003563,2.883376288659794e-05,15.322053675612604,50.1,6,69.85,0.6023506931322145,-0.0210439674850401,-0.0678920838720595,-0.0691392619012505,48792.0,-0.2996467652072,-0.0005842461340206,12.82800257360363,82.61,100.0,-2.777777777777779,-7.692307692307687,22.43887499361952,0.0756238971514999,-1.080550098231825,-0.2528555235853047,22.43887499361952,-0.0716753479108822,2.3791329904482077,0.7845836519063676,-2.8895017898010744,-0.26401037511315506,0.436013,기계제조,Sensitive
윈하이텍,2014,Jul_14,444.0,84.8,8300.0,590,2014-07-25,6600300,24333262171,21074112619,19323731560,1600757258,2435550000,14886576438,0,1890660798,1509890455,83.7,14270888847,1.207963057705052,1.2592424033342349,0.132483744934882,0.1058021312608994,0.0871654216590703,228.7608828386589,12.949380448306096,47.1,1,75.97,-0.1857361641165102,0.0825254331397169,-0.0298154581700302,-0.0182881326403738,14270888846.0,-0.4266113318891069,-850.4167442388983,10.48344138934056,93.33,188.89,-3.9473684210526327,0.0,-1.1332091781158904,0.0787944449916366,-2.3126734505087843,0.146422205245722,-1.1332091781158904,0.4040057661489182,0.0559174383927052,0.5803138750699599,1.4328319502074691,-0.15306943447647114,0.601722,금속,Sensitive
윌링스,2019,Jul_19,1.0,18.18,12500.0,532,2019-07-25,4862000,19323322879,23607635156,13334517631,8322094138,1926315000,19037267530,245274286,259692622,159017342,136.8,10613331626,1.0211116967257854,1.4491205016728363,0.0244685298783859,0.0149827921715408,0.007497685678185,32.70615837104072,81.92125791698464,59.63,1,75.84,-0.0734079984006164,0.019541231817957,-0.0701680716626801,-0.0640592255902004,10613331625.0,-0.1966823683004776,-850.4929660633484,77.81793367331237,93.33,100.0,2.7397260273972712,-14.28571428571429,38.93542711588458,0.0,-1.724137931034475,-0.3055552763566616,38.93542711588458,0.0100704108308979,-0.0263690648338754,0.425691124417149,-1.7108960053823896,0.6981947740327783,-0.479084,에너지,Sensitive
윙입푸드,2018,Nov_18,131.15,0.0,2000.0,0,2018-11-30,40710000,381311518,123979755,158501715,10336345,39000125,297453088,0,95418530,61804890,17.0,288855603,0.5018173507530154,2.405724871809747,0.3303329726306191,0.2139646569362201,0.183695347858069,1.518174649963154,3.5260783518672945,51.1,3,74.94,-0.0397583281926011,0.3502037872835002,0.0444569994834775,0.0142600540610024,288855602.0,-0.1809288919921047,-0.9417476295750432,1.6102134468314346,93.75,0.0,-5.1948051948051965,16.666666666666675,-27.580259368338844,-0.6917679612609917,-3.592814371257491,-0.710708609470112,-27.580259368338844,0.0594128434202811,-0.1972037742856924,0.4908160443665155,0.7892561188979297,-2.0349492911830973,0.35741,식품,Protective
유니온커뮤니티,2016,Dec_16,25.52,0.0,5000.0,1,2016-12-07,14689733,20814686112,16761235317,11993048149,10868825546,5817136500,4921596619,136190952,2648308771,3184539735,-33.2,19860874855,2.1022559372129708,1.7355626237301118,0.1333430068078438,0.1603423695204588,0.292833284555261,216.78676766963704,5.55601669077431,24.64,1,29.59,-0.7401134253791217,0.2785064581541123,0.0858617002279564,0.107986716710413,19860874854.0,0.0037510819364457,64.36919112144517,-0.1610746851694084,93.75,100.0,0.0,0.0,29.65419163849024,0.8739076154806291,-1.7726798748696535,0.1091056454378236,29.65419163849024,-0.2375701207422031,1.776798319617079,0.3006065873986774,0.5725682259978271,4.714290006752721,-0.408426,부품제조,Sensitive
유니테크노,2016,Sep_16,233.84,0.0,10300.0,1003,2016-09-20,6008760,17161976382,30052164145,11070854438,10021386472,2231880000,22197722425,1692297192,6600416668,5306977655,10.7,30447671841,0.8074543283319746,1.5501943845537896,0.2167790267337307,0.1742983070335699,0.2031620109108085,883.2067939142186,3.957613728182289,68.6,6,77.53,-0.4396306732543502,0.492895296003252,0.1240824689784465,0.1006482072030719,30447671840.0,0.0074618404063691,205.28260040341104,-0.1023161130998104,95.0,0.0,5.633802816901401,0.0,4.34768570090891,0.2311167139405379,-0.0974658869395628,0.5957544655455171,4.34768570090891,0.6155269722624146,-0.3769070236039229,0.1449820541659985,-0.5786503067484627,0.72692199383666,-0.278469,자동차,Sensitive
유니트론텍,2016,Feb_16,455.8,21.7,14000.0,1113,2016-02-02,3310650,34001193068,4734564248,20107792487,415653677,1400000000,17037049001,-224737849,6142464711,4921245133,77.5,66704703092,1.1268996006443806,1.6909460891832009,0.0920844322255393,0.0737765840320517,0.2702153006242466,1486.4890982133418,2.964984254510274,35.06,6,40.89,-0.1187256919493982,-0.3784251031895287,0.0018661395879672,0.0082864157463151,66704703091.0,-0.1197424011312141,-222.2387951006599,1.103480140690179,94.74,100.0,-2.898550724637683,0.0,-14.949513644682987,0.0,-2.2862823061630237,0.4284274193548487,-14.949513644682987,-0.417981453678995,1.3048507493737649,0.9267944513468684,-0.5051453858517574,-0.3677010343677054,-0.191325,기계제조,Sensitive
유라클,2024,Aug_24,1065.86,0.59,21000.0,1080,2024-08-16,4330068,22049492055,4857838803,6197452301,4262348308,2051919000,11281202098,3114409151,54014122,103978448,0.0,11032550251,0.6359496198303664,3.5578316676099577,0.0048958872401332,0.0094246974302768,0.0063218274370598,24.0131212719985,304.504259997043,28.0,60,44.29,0.0410742249151083,-0.0978916285200615,-0.062868096602918,-0.0890027362323924,11032550250.0,-0.2692582009848995,-1015.8451777200728,299.2335455143958,77.78,100.0,0.0,0.0,-8.833720350625507,-0.150552024088324,-2.7965284474445573,0.3592394637693896,-8.833720350625507,0.5827610771649949,-2.1129407682632384,0.189106329190225,-1.2690801273838703,-0.26684211328477137,-0.218436,소프트웨어,Growth
유바이오로직스,2017,Jan_17,31.09,0.0,6000.0,10,2017-01-24,24231986,6143853825,7343673844,4202726958,4957267626,10467993000,-29492049477,320184908,-6020798250,-5554507682,-15.5,2089467684,-0.4897378893031897,1.4618731805322291,-2.881498620966468,-2.658336247329107,0.2969710127397421,-229.22213977839044,-0.7187640085764375,24.21,3,56.31,0.9083780975804446,0.928437599664838,-1.1833782285041945,-0.893776295882158,2089467683.0,0.143490827817079,-112.51592597486646,-4.988764197553859,93.33,0.0,0.0,0.0,-20.54820585140913,1.4542079207920944,-1.0615711252653923,1.0628801561105128,-20.54820585140913,0.7908165743449214,0.2385221774875656,0.4237315239456585,0.9835552687667448,0.6727295821439272,-0.274672,바이오,Growth
유앤아이,2015,Nov_15,377.4,4.0,30000.0,638,2015-11-12,7043754,19015399856,16116605592,10880647888,14045185313,2268711000,4878733202,27726767,475991392,117914363,-18.8,7643176234,3.473900943781121,1.7476348882653965,0.0622766474862366,0.0154274033974865,0.0164336659724825,16.740272729570055,21.44192609054577,20.13,1,38.93,-0.1834431017420152,0.4373074771759382,-0.0745673103747701,-0.083872865244891,7643176233.0,-0.2031893220671411,-203.73744667971084,17.118784791639523,93.33,100.0,0.0,0.0,7.596947642841623,-0.3966183070660656,0.5655042412818112,-0.1895415201229822,7.596947642841623,-0.3076910372981856,0.3300876169241684,0.2786602411644745,-2.3054303077827965,0.26733969626535625,-0.178494,의료/의약,Growth
유일로보틱스,2022,Mar_22,1756.45,15.92,10000.0,2535,2022-03-18,8580846,20639996231,15634529974,11543047098,4847217095,3183173000,10910432162,-2015042696,2533626884,2639543278,160.0,25059614585,1.3569714309245846,1.7880890596535968,0.1011039844769424,0.1053305616112691,0.2185312437163,307.6087460373954,7.848141388761803,48.65,2,72.56,-0.5096473103888755,-0.3122633992990946,0.0071979980846122,0.0191652230821991,25059614584.0,-0.0654386670189957,18.32219783457253,4.616917917804205,95.45,150.0,3.529411764705892,0.0,22.848066467102445,1.5237070897194505,0.1930501930502037,0.645038892050831,22.848066467102445,-0.856700902592733,1.8934526094430693,0.1008849658453936,2.197976442162486,-0.1817250046773471,-0.341553,로봇,Growth
유일에너테크,2021,Feb_21,1.0,22.1,16000.0,683,2021-02-25,10590044,37541449507,13111844966,23815545296,6597374126,4404697000,11067408396,291459550,6571145326,4857544050,115.6,45082847260,1.9293173546836095,1.5763422185132736,0.1457571055373488,0.1077470555926906,0.3081500959104178,458.689694773695,3.0801898370615945,41.98,1,68.26,-6.256455501888993,0.383508495990293,-0.0967451117073982,-0.0658981179344456,45082847259.0,-0.9739986324778468,-312.21530845386474,2.131087696069452,95.24,166.67,7.14285714285714,0.0,-17.674423434368602,0.823852491173005,2.310924369747913,0.5344418052256383,-17.674423434368602,1.0909127442935818,1.2965949575850289,1.1016314675102334,-0.9582449323892516,4.534506510243075,-0.317334,에너지,Sensitive
유지인트,2015,Apr_15,643.7,55.4,15000.0,857,2015-04-13,11548800,77333867004,34365445537,25763705307,23562764853,4913500000,43898329651,38316049,15961073097,13670800158,65.3,77318964313,1.0097507275193245,3.001659353050758,0.2064315428797898,0.1768104407433386,0.2798517785792397,1183.742047485453,3.90781008281476,47.46,6,64.72,0.3603410391000438,1.058715128890308,0.0558438477445317,0.0642156558418978,77318964312.0,0.1494915282519912,760.8318873822388,-1.8278526181395611,94.44,162.5,-1.2820512820512775,0.0,5.667653430421793,-0.0306529069173389,2.843137254901973,0.0306566873863545,5.667653430421793,1.9715552846572224,-2.149078260244286,1.0748848846228398,2.8191851550674496,2.4062957919684154,0.398884,기계제조,Sensitive
유진테크놀로지,2023,Nov_23,914.0,21.0,17000.0,1506,2023-11-02,6261485,28087878257,27634598890,26645788308,5916377063,2642733500,10039265382,917448916,4436005255,4046949430,24.7,23231897516,2.394374084496927,1.0541207463007216,0.1909445946868905,0.1741979718709086,0.2975818937733018,646.3242234070672,5.220983845746143,43.04,2,66.66,-6.060357766962109,0.1053106817247153,0.131066304544566,0.1446496970458785,23231897515.0,0.0124918794098842,458.3887170535424,-2.410866089817325,72.73,247.06,-5.47945205479452,0.0,-4.605983743586794,-0.3818089258442292,-1.0183299389002087,-0.52087931491126,-4.605983743586794,1.018780022625032,-2.983660203303496,0.8630997806762908,-4.6019176353235824,-2.4919351616730765,-0.19898,배터리,Growth
유테크,2015,Jun_15,351.1,22.76,9000.0,21,2015-06-30,4915300,26015795911,40956137506,14902463942,25962001555,1937500000,19818250389,43517717531,3201790733,2565338765,20.6,14285029621,0.6260501670768284,1.7457378868523217,0.2241360933752032,0.1795823203074616,0.039301401423073,521.9088895896487,8.154020701889513,24.86,6,53.66,-1.08860047776501,0.1885559811793649,0.0944686687734812,0.0981073987245086,14285029620.0,-0.138432943325622,-329.4511173275283,4.618757859763386,93.33,100.0,-2.531645569620256,-14.28571428571429,53.9124545958259,-0.0510725229826425,-7.055503292568199,0.0200231847402365,53.9124545958259,0.8731079387486851,1.917948811934722,0.332615607456832,1.1153793654817168,4.556465863453807,0.133069,금속,Sensitive
유투바이오,2023,Nov_23,1276.0,2.34,4400.0,1287,2023-11-02,11287196,41480391623,2745727567,7867867554,2592602961,5051020000,19085165067,-8655062,555562560,1236029732,94.3,16887814423,0.4335491661530316,5.272126321179809,0.0328972444914697,0.0731906273387641,0.051229020614371,109.50724449190038,60.77740133352399,44.76,2,68.85,-0.4080802936879669,2.0008594463007645,-0.1947086520254957,-0.1174976383011943,16887814422.0,-0.5933070277964971,-1056.4151729091973,58.62279208666211,93.33,183.33,-5.47945205479452,0.0,-4.605983743586794,-0.3818089258442292,-1.0183299389002087,-0.52087931491126,-4.605983743586794,1.018780022625032,-2.983660203303496,0.8630997806762908,-4.6019176353235824,-2.4919351616730765,0.321222,바이오,Growth
유티아이,2017,Sep_17,5.05,0.4,25000.0,3,2017-09-27,5542865,27991371987,26693649268,19412878900,4863250000,2229632500,18147501090,352417906,10408020359,7672666983,-25.4,27102631472,1.1710879950627178,1.441897007197629,0.3840225023814617,0.283096753572682,0.3701318373665985,1384.242081125916,2.9216787925193564,38.75,6,43.31,-1.066522120998734,0.5326731177873115,0.0680701709220004,-0.0473558671657712,27102631471.0,-0.5785532101280972,-933.7942670442092,1.4244221422157366,93.75,-60.0,2.564102564102555,0.0,14.448757990601012,0.6709362610551883,-2.156334231805923,0.1162577250198859,14.448757990601012,-0.0428950757842105,0.0707469998850296,0.3069946043555482,1.1243761161713328,-0.3246242808644605,-0.560418,전자/회로,Growth
유틸렉스,2018,Dec_18,597.2,18.63,50000.0,322,2018-12-24,7265388,33316479877,17661332214,6455316383,468199362,3258289000,-24334432118,4459527337,-9223296570,-8778674091,56.2,287345000,-0.4166622034383548,5.161091711126439,-32.09833673806748,-30.5509895456681,0.5283069793933511,-1208.287030369197,-4.776415461830911,38.4,3,59.92,0.3545073063371686,-15.16211940172997,41.62528848255665,41.49466290091269,287344999.0,-0.4772141578700758,112.01663338558114,0.4325717360511678,92.86,100.0,0.0,0.0,11.497067876963165,-0.4876107075330815,1.2422360248447228,-0.3443068559347617,11.497067876963165,0.1754509737937892,-0.5032873168051788,0.6060885775937441,-2.806536287747996,-3.8956144731254065,-0.05282,바이오,Growth
육일씨엔에쓰,2015,Dec_15,8.74,0.0,6000.0,21,2015-12-24,8522980,26910853987,33979466975,29498305226,9376200362,3900990000,17516911619,597913755,6090605603,3308561851,-14.0,69628233058,1.765753615190178,0.9122847492702936,0.0874732179104208,0.0475175328410816,0.1502811408432916,388.1930792985552,3.614716960683819,52.89,6,63.48,-0.9510469696181728,-0.0697686733374916,0.0112603184538092,0.0214187706313948,69628233057.0,-0.0022262372633731,60.82425360613303,1.3692815285539952,92.86,0.0,-2.777777777777779,0.0,18.84582865363502,-0.2305354710258944,-3.1865042174320624,0.2996223070917514,18.84582865363502,-0.1361147410359642,1.759594433882827,0.2124048711981352,0.8230348460291692,-1.3551251352238445,-0.619108,전자/회로,Growth
윤성에프앤씨,2022,Nov_22,67.49,4.86,49000.0,1,2022-11-14,7979048,142919885499,58858646980,136554045876,19038457052,628350000,38799845881,0,14674964787,13773971464,-17.4,107961598638,3.94622425529184,1.0466177298677817,0.1359276351233534,0.1275821369613536,0.3493431833800318,1726.2675276549282,3.147266805840275,58.41,2,70.21,-0.5685022667950901,0.0945438874305707,0.19665135828848,0.1659959827447293,107961598637.0,0.4629840126879764,2091.645369472649,10.18030087947377,94.74,-44.44,-3.797468354430378,8.333333333333325,-7.987339415378891,-0.32442585161786,-2.7027027027026973,-0.082447783070727,-7.987339415378891,0.5070476095064613,-4.385067219940297,0.8038449693468674,10.719127365138448,-0.22102021803749317,0.437216,기계제조,Sensitive
이노뎁,2021,Jun_21,1573.0,6.48,18000.0,629,2021-06-18,6950135,18315877537,11625770921,9330550024,2393622775,2934317500,2171305486,800525191,-2837139113,-2704433501,0.3,8541843525,1.9850793525053816,1.963000840238569,-0.3321459945615194,-0.3166100494682147,-0.4579013969767525,-389.1195640084689,-6.421072401958035,40.81,6,45.22,0.2054900092895484,0.0573086027332279,-0.416623328233489,-0.3927128437030809,8541843524.0,-1.046472730621651,-1119.798187085575,-10.133838041537985,93.33,100.0,-1.1235955056179805,0.0,-28.10482557805406,0.5310573731626356,5.108798486281918,0.0,-28.10482557805406,-0.5154935302923769,-0.1762694964746125,0.8309602198768085,1.9978651152338325,-16.12875193353842,-0.662688,소프트웨어,Growth
이노룰스,2022,Oct_22,1495.69,5.95,12500.0,781,2022-10-07,5141760,14850410445,7032610419,3171258979,757264350,2042847000,7524071834,-47369277,1560613497,1466098756,26.8,8111075582,0.4126795396649039,4.6828122658348175,0.1924052465326909,0.180752693175927,0.1540092571840161,285.1355870363456,11.504768842198471,8.56,6,57.67,-0.1602410285255183,1.7066597513487205,0.0028758108548386,0.0080323542221719,8111075581.0,-0.1986866406635135,-265.9327401512322,7.294694018206427,93.33,100.0,-3.658536585365857,20.0,2749.336870026525,0.5148888698189191,-2.9508196721311557,0.3124425657048402,2749.336870026525,-0.662469750578798,2.5201388339956665,0.5247206058147658,-6.292649762042657,0.9882057129422464,-0.178494,소프트웨어,Growth
이노메트리,2018,Dec_18,765.22,10.53,26000.0,791,2018-12-12,4825108,23533936980,564769396,9027756801,0,1791321000,7788278325,6594027,3827111198,3179260894,13.7,16055968824,0.941745745105017,2.6068421534564554,0.2383606520385954,0.198011152665402,0.3316499863146094,658.8994264998835,3.937943998824985,40.62,1,74.16,-0.1139830047765132,0.644722266090668,0.0976580046757246,0.1143366616134571,16055968823.0,0.0876399875606464,415.0299703136178,0.7629275530407611,93.33,125.0,0.0,0.0,11.497067876963165,-0.4876107075330815,1.2422360248447228,-0.3443068559347617,11.497067876963165,0.1754509737937892,-0.5032873168051788,0.6060885775937441,0.609676562235828,-3.8956144731254065,-0.080325,배터리,Growth
이노션,2015,Jul_15,273.09,52.4,68000.0,204,2015-07-17,20000000,1021734128525,95245092195,666494228756,23012032973,9000000000,417377077906,1095881085,17933301864,15536117173,-11.0,227079849778,1.612982171682857,1.5329977131715742,0.0789735499716603,0.0684169783809024,0.0363440934595516,776.80585865,23.836823928622184,28.0,6,71.0,-0.1347159214179087,0.0432044880239952,-0.033136048283541,-0.0441536682360575,227079849777.0,-0.1598352606263308,-3414.9518822499995,18.718484725098826,93.75,57.14,-12.987012987012992,0.0,-11.412999999999997,-0.3576903423607502,2.1255060728744946,0.1801725863721959,-11.412999999999997,-1.0478798599782737,2.78906671461967,0.8612846181647926,0.7910739678426149,-0.9549418113042663,-0.541161,서비스,Protective
이노스페이스,2024,Jul_24,598.87,1.2,43300.0,1151,2024-07-02,9375694,13656240993,10385146619,2333201305,1884677305,8022600000,-167647552754,1399304426,-15929213281,-83246975113,-20.4,231425455,-0.026657363420982,5.853005895262861,-68.83086081001764,-359.7139956492685,0.5261281972466939,-8879.020061128274,-1.244475081870178,21.01,36,70.51,1.253112389965462,5.643138508546788,6.628885750884422,-218.177807030666,231425454.0,-0.0513978071222187,-3713.1190074036112,-4.490321790711453,71.43,100.0,-2.7027027027026973,0.0,-16.928748169469277,0.2767759791998614,2.775024777006929,0.2547434996486242,-16.928748169469277,0.3144364019820767,0.2354850630013061,0.4306192460594271,1.931331258682567,0.5129030047327898,-0.489153,항공제조,Sensitive
이노시뮬레이션,2023,Jul_23,1869.47,5.96,15000.0,2113,2023-07-06,7819826,8595157829,34714595210,15283774865,13123314259,3446413000,-22203228627,9327572512,-1795251839,-4812607844,133.3,16878208538,-3.0126584687174014,0.5623713974407591,-0.1063650703780633,-0.2851373611817143,0.5103917446294416,-615.4366918138588,-8.30115507543563,0.8,1,55.94,5.761686222246466,0.0565710106187435,-0.0785390234812177,-0.058078665622272,16878208537.0,-0.0814699738527459,-207.81359700330933,12.791544836196325,93.33,100.0,-1.3157894736842146,0.0,13.806706114398429,0.2236174421604841,2.6785714285714413,0.1169485426412375,13.806706114398429,0.0830183279608487,-0.8028009346731424,0.3711712563397418,-2.646822480091704,-0.5981191754993898,-0.011671,소프트웨어,Growth
이노진,2023,Feb_23,1603.33,6.28,3000.0,1643,2023-02-20,12030000,6084322421,1632611343,1154020903,62508357,930000000,5455404504,0,1224277390,1095326274,160.0,6882126368,0.1905171801156733,5.27228094845003,0.1778923147491964,0.1591552109669137,0.1715359259251087,91.04956558603492,5.309584704492501,4.75,1,57.8,-0.0072319726919527,0.9657015715666396,-0.0776790638012296,-0.0814125762594858,6882126367.0,-0.1820411997817577,-96.62566059850371,3.0560997296833694,92.86,100.0,-2.857142857142858,0.0,-42.8042804280428,0.1885337218270555,-0.6622516556291314,0.2362133187971293,-42.8042804280428,-1.0888076745658393,1.8833433553818504,0.2651369175748153,1.2387220215415606,0.8543423775171366,0.207503,화학,Sensitive
이노테라피,2019,Feb_19,128.89,2.83,18000.0,463,2019-02-01,4969184,8831818630,3115748142,439879288,1361636589,2227092000,-13206148503,108974231,-1914864994,-1923696250,7.5,301690640,-0.1657315769946364,20.077823327748952,-6.347114361917227,-6.37638691740652,0.1769716366319697,-387.125179908814,-5.298572445990414,29.41,1,51.65,-0.0456218356200766,13.748774683319642,6.704100913244187,8.481525197263466,301690639.0,-0.1497194944495172,219.00129880479372,-4.128163923914524,93.75,-44.0,-4.225352112676061,0.0,-47.34110185337542,0.1001101211332455,2.131979695431463,0.4318191011690508,-47.34110185337542,-0.206948399354423,0.0401069518716656,0.1895420031916783,6.729893631449446,0.1260236643200852,-0.496025,바이오,Growth
이닉스,2024,Feb_24,670.6,28.06,14000.0,1997,2024-02-01,9071428,61791284198,31306105807,14203275336,510973586,3000000000,75123515790,259625293,7866179932,8076980002,165.0,93373486764,0.1877221136930333,4.350495412940575,0.0842442561011097,0.0865018570251578,0.1030448625865513,890.3758043386333,9.964575150910749,66.14,18,81.05,0.017684865265707,-0.2072003826470059,0.002235028086649,-0.00800266384712,93373486763.0,-0.0453258020387169,-300.39711002501485,2.197780572458961,71.43,266.67,1.4705882352941124,0.0,-23.598803843532167,0.3045942973178839,0.2952755905512028,0.5390121056817243,-23.598803843532167,-0.004876144979482,0.6172699592768005,0.1441005909174064,0.6894912972020384,-0.3359450521774665,-0.325176,화학,Sensitive
이더블유케이,2017,Aug_17,588.13,25.95,5000.0,1160,2017-08-22,6586600,17750273205,22458934731,16877890119,12602942104,2427500000,6914012058,1256041775,4425796531,3263307275,139.0,28569861116,2.7818525565021304,1.051687923066754,0.1549113771687681,0.1142220209524381,0.3079302380930873,495.44640254456016,2.42405533961046,64.53,6,68.99,-2.2109247418735283,0.0641302752104199,0.0458986236092632,0.0602445534544442,28569861115.0,0.1368605558057653,358.2795082440106,-0.4703686304033239,94.74,100.0,0.0,0.0,15.449291479216164,0.4595588235294157,-1.2422360248447228,0.5733392137355464,15.449291479216164,0.2823370160882188,-0.3182299012694067,0.6352712181861842,-2.378495724238128,-0.7446765072170791,-0.673261,에너지,Sensitive
이루다,2020,Aug_20,1.0,7.8,9000.0,3039,2020-08-06,7065000,17409766172,11095954881,10226411201,3170894743,2910000000,9790110620,244499183,701387081,801854175,96.1,5140929992,1.0349717873222477,1.7024316575787182,0.1364319455996202,0.1559745369510567,0.0619450247788979,113.49669851380042,21.54076617359309,43.95,2,49.4,0.2291488077430283,-0.6818894103603548,-0.0278630303207782,0.0188325901566479,5140929991.0,-0.1800408346997501,-301.9672280254777,17.475921989556852,94.12,100.0,12.72727272727272,0.0,-5.641049411328448,0.491523723542997,4.700352526439477,0.5620796948710316,-5.641049411328448,0.5821813758537298,-1.0050879973309002,0.3044324139843235,6.424706635956001,0.5926862270331902,-0.178494,의료/의약,Growth
이삭엔지니어링,2021,Apr_21,1427.0,20.0,11500.0,2262,2021-04-21,7803000,19632023798,13112516830,7157353576,7716128425,220000000,17398058627,0,5297023874,4702461742,127.4,44844543577,0.8442179876848698,2.742916580763873,0.1181196964331855,0.1048614026793621,0.2669114595176446,602.6479228501859,3.373792350591169,63.77,2,73.6,-0.7990990642501016,1.2337956340938132,0.0160548208027796,0.0230764577361107,44844543576.0,0.0591520310171778,259.2951304626426,-0.4929591133180824,93.33,100.0,7.692307692307687,0.0,-7.396201950349823,0.9529309846953548,1.8886679920477207,0.1374705420267075,-7.396201950349823,1.3857640682604533,-1.0273912043995637,1.4226285469766786,2.729157219667022,-0.39228665870583157,-0.425276,IT,Growth
이에스브이,2015,Dec_15,23.29,2.38,10000.0,559,2015-12-24,5227400,18369045701,1282279701,6034474893,5497990191,1800000000,6658931418,-340071100,5240171819,4215015076,36.0,44970161508,1.4204536883621257,3.044017255305531,0.1165255281119636,0.0937291513896423,0.5191633937407519,806.331077782454,1.5493500210360185,42.09,1,67.77,-2.436782803641395,1.2765962125690455,0.0329395512536399,0.0137245055877215,44970161507.0,-0.2445041521402501,292.7181354019207,0.2959853469868914,92.86,-150.0,-2.777777777777779,0.0,18.84582865363502,-0.2305354710258944,-3.1865042174320624,0.2996223070917514,18.84582865363502,-0.1361147410359642,1.759594433882827,0.2124048711981352,0.8230348460291692,-1.3551251352238445,0.209871,소프트웨어,Growth
이에이트,2024,Feb_24,630.64,1.52,20000.0,381,2024-02-23,9465149,2274984641,5171821308,12417253609,1641757629,4150624500,-34237236016,21732990,-4353776321,-4808043488,13.0,2186117279,-0.4676224194899646,0.1832115790363737,-1.9915566117255872,-2.199352950633716,0.159922265571172,-507.973354460664,1.5187287544164123,30.21,36,57.25,-0.0483950938630433,-0.1051153791301264,22.940486763056803,24.05534958066601,2186117278.0,-0.1612431456826893,349.56565712806,1.2571178334134832,84.0,137.5,1.4705882352941124,0.0,-23.598803843532167,0.3045942973178839,0.2952755905512028,0.5390121056817243,-23.598803843532167,-0.004876144979482,0.6172699592768005,0.1441005909174064,4.925937871195596,-0.3359450521774665,-0.430612,소프트웨어,Growth
이엔드디,2020,Jul_20,1.0,8.57,14400.0,808,2020-07-30,9353300,31205441628,14756981039,30428324342,2067218031,3410335000,7452236307,-340816372,5485043299,2971894193,45.8,25308128772,3.0884146773753005,1.0255392731215025,0.2167304958977628,0.1174284444248599,0.2824523296122558,317.7375036618092,2.4552003621293563,20.06,3,28.94,-0.6162946950690618,0.1526587287631853,0.0488397379702814,0.0112081487448133,25308128771.0,-0.5472166321106532,-344.495144922113,1.3840904715023865,93.75,100.0,3.773584905660377,0.0,16.976630699994576,0.2211722127274606,2.9020556227327576,-0.0802326747567971,16.976630699994576,1.4051186583137645,-0.9181742299650296,0.4963052463004436,5.430066271363798,0.5246788370520838,-0.028975,화학,Sensitive
이엔셀,2024,Aug_24,949.3,0.47,15300.0,928,2024-08-23,9349954,20656201,19982269,2609400,2758742,4415688,0,-65312205,-2929307,-2903334,12.4,1790340,-0.0881518724625909,7.916073043611558,-1.6361735759688103,-1.62166627567948,0.0476765198246067,-0.310518533032355,-12.040502412345308,21.35,60,66.69,0.0144236456588055,-0.444450444319493,-0.5193976691022442,-1.14156231864479,1790339.0,-0.0392276146238718,0.2299675485034472,-8.806461777748641,71.43,100.0,0.0,0.0,-8.833720350625507,-0.150552024088324,-2.7965284474445573,0.3592394637693896,-8.833720350625507,0.5827610771649949,-2.1129407682632384,0.189106329190225,0.9528471446347276,-0.26684211328477137,0.201855,의료/의약,Growth
이엘피,2017,Apr_17,527.12,11.26,20000.0,738,2017-04-06,4839500,19887973041,7912518477,3483441755,2846400000,2007750000,16348534698,33770428,7055563159,6263218209,12.0,18779581958,0.3441991724130735,5.709288238407764,0.3757039520251071,0.333512120930461,0.3405763694609601,1294.187045975824,3.0430809389909963,22.26,6,31.14,-0.3400693258514559,3.1382641108535,0.1826663027623936,0.1436824642348479,18779581957.0,0.0803228570182091,663.479948341771,-0.9450601698049144,92.86,100.0,2.5316455696202445,0.0,17.437835546764635,-0.2127444027960612,4.948453608247427,-0.1260697996207649,17.437835546764635,0.3386889772807322,-0.1797721124104367,0.7074818483701728,-0.546526346912557,0.05796049149442428,0.085689,전자/회로,Growth
이오플로우,2020,Sep_20,150.0,5.79,19000.0,686,2020-09-14,11132576,3172127583,4099759398,1145132220,5328945832,934464000,-54730046470,666650040,-2782521501,-2593643257,5.3,0,-0.1218559785768313,2.77009722335819,0.0,0.0,0.0488179065223502,-232.97781726349768,-0.2867215684454831,21.75,2,43.0,0.007621674665814,-2.496333700200894,0.0,0.0,0.0,-0.137319403777789,610.3776188008958,0.1239745797412054,94.44,33.33,11.290322580645151,0.0,6.035597910628598,0.1996406468356859,-9.876543209876544,0.548956981734694,6.035597910628598,0.3805461175406366,-0.6782659982306094,0.5560852307114894,2.585001246445517,-0.27973576216133544,-0.35004,의료/의약,Growth
이원다이애그노믹스,2018,Jun_18,749.79,27.87,6500.0,831,2018-06-26,35957859,8665160890,4163466938,2814809727,0,2854509400,-13806396445,-101174,-980772394,-951902114,70.8,2001594453,-0.2570135824394645,3.0784179857283838,-0.4899955595550403,-0.4755719184639447,0.0869159183670959,-26.47271390657603,-10.21013454524292,25.72,3,51.33,0.0416281932642704,-0.3076834452507682,1.1091141180422293,1.4040634799832268,2001594452.0,-0.5210940561960555,142.6183175143993,-8.090249449075419,93.33,180.0,1.2345679012345734,0.0,-25.601189795217937,0.0299102691924346,-2.463503649635024,-0.2020630638822407,-25.601189795217937,0.3303476715982301,1.52454036176477,0.6034642903600007,-3.9562702225708457,-0.3300689154878351,-0.250228,의료/의약,Growth
이즈미디어,2017,Jul_17,129.22,1.38,7500.0,14,2017-07-26,7045100,40622105286,15891971656,25653083644,8585909934,2799750000,19095180739,-2773630935,594872643,-1475670124,24.8,11128678545,1.7906206130839242,1.5835174378929335,0.0534540233680547,-0.1326006603598954,-0.0771741533852893,-209.460493676456,37.44512985445861,46.06,6,57.45,0.0812095095947182,0.1146920651310883,-0.0467129376263714,-0.2292690138417054,11128678544.0,-0.2769819134133005,-800.9180355140452,32.61512605243934,93.75,0.0,-4.878048780487809,0.0,1.975978968710801,0.0715380684721544,0.0888099467140302,0.1654030286219132,1.975978968710801,0.8375674271991596,0.3858270503699135,0.0353786687804946,1.955766999886932,0.013693921527768715,-0.415835,부품제조,Sensitive
이지케어텍,2019,Mar_19,1.0,38.37,12300.0,1272,2019-03-22,6386000,29049283271,13276349175,8071217486,2034984530,2523500000,29619051846,-756385348,3030227270,3195823800,159.8,40354588699,0.3219954248520281,3.5991203707975514,0.0750900298501887,0.0791935664079558,0.1018226867624513,500.44218603194486,10.63267786841612,35.4,1,43.34,-0.0405020313501995,-0.2727078779292262,-0.0060365605989579,0.0140795376170365,40354588698.0,-0.0235580423483792,-64.1674924835578,4.223712526525748,94.12,100.0,11.764705882352944,0.0,34.09368519728431,0.3500350035003485,0.1988071570576677,-0.1913181822758902,34.09368519728431,0.1430613425188021,0.7367811483807829,0.7422605359341361,-0.1693553540942027,-1.0391427365524897,0.324552,의료/의약,Growth
이지트로닉스,2022,Feb_22,1343.51,2.73,22000.0,887,2022-02-04,7972631,16296547229,19581676951,10634928815,5336432781,2990000000,9721342172,-57866378,341581866,157582927,15.9,12279467534,1.2622114157418525,1.5323607249739737,0.0278173190371822,0.0128330423582029,0.0124537265147906,19.76548607354335,58.278452592093984,0.35,1,55.16,0.0879940233417324,-0.1951136079949471,-0.156534603544576,-0.2185953594260224,12279467533.0,-0.2718074804919226,-425.7709483857964,51.34554981499279,95.45,100.0,1.1904761904761862,0.0,0.5636701531278376,0.4773054755043082,-1.333333333333342,0.5436337625178922,0.5636701531278376,0.0519226781128701,0.3626435289486585,0.4793663792400204,-7.475912369469261,-2.9769047359316856,-0.172558,기계제조,Sensitive
인바이오,2020,Dec_20,1.0,8.0,5800.0,1414,2020-12-11,10084400,45591770549,16889147911,27590024102,959491701,4202750000,-1417267145,446285434,3265028024,1979806606,110.3,26775491423,8.834023126031113,1.6524730235989555,0.1219409187461395,0.0739409998017574,0.6126078446708838,196.3236886676451,10.392377158046717,24.67,1,55.68,-28.45310972399164,0.2835114662520341,-0.0099333439578714,0.043697796104668,26775491422.0,-0.5108716062742775,95.15030185236604,4.03791778283252,93.75,100.0,5.555555555555558,0.0,35.826117481862866,0.7795322806316118,-8.28282828282828,0.2397841942251899,35.826117481862866,1.5401576045591223,-1.936853039148956,0.5581519671069568,6.434743851317326,3.519132365719435,-0.069608,화학,Sensitive
인벤티지랩,2022,Nov_22,14.37,20.8,12000.0,5,2022-11-22,8473148,16107761619,9209106805,2384751648,2238725934,3567074000,-15596539696,3188129815,-6414418228,-6325278432,24.6,1098118883,-0.5229388006778294,6.7544818063167975,-5.841278505726233,-5.760103509667085,0.7154211215516653,-746.5086685609646,-3.226074463256841,19.44,3,60.71,1.1964753435142117,-2.471219342360896,-0.7074644645246426,-0.7802542266307126,1098118882.0,-2.330796613085645,347.6845715429496,-0.4544218926918981,92.86,-100.0,-3.797468354430378,8.333333333333325,-7.987339415378891,-0.32442585161786,-2.7027027027026973,-0.082447783070727,-7.987339415378891,0.5070476095064613,-4.385067219940297,0.8038449693468674,2.9269920877070588,-0.22102021803749317,-0.10352,의료/의약,Growth
인스웨이브시스템즈,2023,Sep_23,672.42,7.46,24000.0,618,2023-09-25,4901526,20797655,9800088,9242910,1166302,1984263,11480250,-800881,316611,180579,114.6,14011366,0.8219768230788765,2.250119821571345,0.0225967261150697,0.0128880367553028,0.0142596531547979,0.0368413836833671,63.76446491120018,60.14,6,81.83,-0.374486938129498,0.2883142995959384,-0.1387442470569543,-0.1106908532934224,14011365.0,-0.3640986137202014,-1.0631654305210254,61.60578717500032,68.42,100.0,0.0,0.0,-42.911383126878256,0.4510638297872349,-3.481624758220514,0.5076594228713871,-42.911383126878256,-1.0000633682303084,0.834300363299878,0.4153885352022435,-3.3467844999186536,-0.779892146790484,0.03979,소프트웨어,Growth
인스피언,2024,Oct_24,1069.68,2.4,12000.0,1538,2024-10-18,10137772,17589216934,10046012793,5741307581,0,782027200,19300543333,1811351613,592648553,610369849,31.8,6863673499,0.2622329403893003,3.063625608948193,0.086345679625691,0.0889275763319638,0.0278785064151474,60.20749421075952,36.94250502287146,30.93,6,82.25,-0.0490044589394761,1.543338330610093,-0.1643830471573963,-0.225427355423196,6863673498.0,-0.2392777057902793,-438.5129531419724,32.24950122638318,84.0,200.0,0.0,-7.14285714285714,-5.249921408362157,-0.1258811681772331,1.8000000000000016,0.0348887919755735,-5.249921408362157,-1.0191509687987763,1.9613131358535263,0.9842997943111164,-0.0962901337277388,0.46017924977079816,-0.087183,소프트웨어,Growth
인카금융서비스,2022,Feb_22,13.0,0.7,18000.0,25,2022-02-17,5137980,167881993795,22834367690,146424906412,7480384754,2246995000,30524085429,-14400000,15688207845,11726343887,-20.0,233841817443,4.698439803739857,1.146539874320463,0.0670889750026172,0.0501464794245295,0.3579832795455819,2282.2867911124604,2.3464165367194623,0.93,1,56.6,-2.449482181949115,0.0458239561130178,0.0183731903116266,0.0126477070445603,233841817442.0,-0.178769164308866,85.29798734132874,0.6358638169132405,95.83,-125.0,1.1904761904761862,0.0,0.5636701531278376,0.4773054755043082,-1.333333333333342,0.5436337625178922,0.5636701531278376,0.0519226781128701,0.3626435289486585,0.4793663792400204,0.8711986149045003,-2.9769047359316856,-1.019274,금융,Infra
인크로스,2016,Oct_16,492.1,6.1,43000.0,1048,2016-10-31,2939035,49412502,6603752,31226352,56998,1316200,6158321,1575198,3965962,3250798,10.2,13706638,3.4568310905565136,1.5823975211705803,0.2893460818035757,0.2371696108119292,0.3592153524324899,1.1060766544120777,6.236293741594095,40.05,1,68.63,-2.0401046441134225,0.1749656825877321,0.0805804792176635,0.2458538992004994,13706637.0,0.3992513651788322,1.1844217574816225,2.363969882841673,94.44,100.0,0.0,0.0,-28.74493300739548,0.2934702861335347,0.2926829268292685,0.1371471318586614,-28.74493300739548,-0.6892587375687764,1.6063350459146308,0.4306130955507692,-1.168347334799924,1.8207994579945819,-0.438821,서비스,Protective
인터파크INT,2014,Feb_14,484.0,86.0,7700.0,492,2014-02-06,32605628,195852212892,146049599036,201850640648,40908862774,13515095000,29050514447,-615023890,16643329432,10919723800,129.9,281820617760,5.786796541663348,0.9702828401399012,0.0590564649396005,0.0387470721155657,0.2602996753206917,334.9030357581213,5.956879536096897,73.31,1,88.5,-2.929574850809356,0.0561742853304841,0.0158231629598942,0.0081241482337339,281820617759.0,-0.0920032835324257,0.2896910312538807,0.2611239846848336,95.24,200.0,2.7027027027026973,0.0,13.528891558625734,0.1279905483902776,-0.907441016333943,0.2667235676944379,13.528891558625734,0.9753184163193928,0.6151678797839732,1.0122615421328085,-2.323783584534722,-2.113505065456711,-0.178494,유통,Protective
인텔리안테크,2016,Oct_16,319.0,1.3,19000.0,745,2016-10-18,7165110,43351394318,27772371273,20205204750,15416639620,2835805000,24753318082,-756749351,7092996234,5807500801,-10.3,42472182841,1.32756962641905,2.145555803783676,0.1670033362908031,0.1367365746832724,0.2164363413845295,810.5250025470649,5.005207961456814,24.44,4,54.26,0.0752319768532576,-0.6197379957454938,0.0792665113464245,0.0466075597926628,42472182840.0,-0.035948164388725,62.22907115173393,-0.6691573879199781,95.0,40.0,0.0,0.0,-28.74493300739548,0.2934702861335347,0.2926829268292685,0.1371471318586614,-28.74493300739548,-0.6892587375687764,1.6063350459146308,0.4306130955507692,-1.0854073549800836,1.8207994579945819,-0.615644,부품제조,Sensitive
인포마크,2015,Sep_15,251.2,12.0,14000.0,381,2015-09-23,3503708,30166262542,13135524276,19399777309,2339277675,1444304000,8912432603,265050260,3029454532,2783784770,43.6,34275795725,2.0466476370116182,1.5549798361863247,0.088384659434482,0.0812172178972804,0.2620825296068643,794.5253343029727,7.117694491280122,17.12,6,56.26,-1.0332237896054304,0.2735427806814012,0.0298590058178896,0.0332484792951127,34275795724.0,-0.1960264328556855,-172.82329691857888,3.62335667620708,92.86,100.0,2.857142857142847,0.0,12.232456351305876,-0.4334812674166577,1.2720156555773077,-0.2594183567369956,12.232456351305876,0.0477297783555652,0.480027139343564,0.5344390568690738,1.5196838472903096,0.8553633771020914,-0.384302,전자/회로,Growth
일진하이솔루스,2021,Sep_21,1471.01,61.52,34300.0,654,2021-09-01,36313190,45875930865,32438662892,20160906252,3880965653,14525265000,16306010262,23441446590,1147007298,1054483667,159.8,18028796428,0.4429826086585712,2.2754895187536035,0.0636208469367714,0.0584888553826206,0.0194293492387491,29.03858534598585,47.316806045291614,59.56,1,76.0,-0.0847179720028064,0.2220011312201797,-0.0691663888774499,-0.0787397543104697,18028796427.0,-0.2733061910631287,-399.9754921558805,43.7864957380331,92.31,100.0,3.571428571428581,0.0,27.503652718855086,0.3717472118959231,1.263362487852282,0.4087591240875987,27.503652718855086,0.0083436518010016,0.7928710550356044,0.713811150843191,-0.4222789400798565,0.8183172709364639,-0.25558,부품제조,Sensitive
잇츠스킨,2015,Dec_15,11.53,8.7,170000.0,219,2015-12-28,8735650,172149977839,13054500459,28502982671,996038990,4027000000,135187724330,-2795817693,78142609868,62079081728,-10.6,225334026008,0.2162385140609181,6.039718012183751,0.3467856641643003,0.2754980365273197,0.4550621556672314,7106.406704481064,1.9925807046887816,74.96,6,90.09,-0.7127856268380394,4.0790605189164,-0.0643265275900144,-0.0414092130126793,225334026007.0,-0.4974331680639378,-1641.6000383486062,1.1832817754556737,94.44,-86.52,-2.777777777777779,0.0,18.84582865363502,-0.2305354710258944,-3.1865042174320624,0.2996223070917514,18.84582865363502,-0.1361147410359642,1.759594433882827,0.2124048711981352,0.019860770903457,-1.3551251352238445,-0.565153,화학,Sensitive
잉글우드랩,2016,Oct_16,226.37,0.0,6000.0,350,2016-10-14,17366154,28900208,19779963,10592819,13585794,3239039,2397040,278764,2854247,1629960,21.7,30705746,4.087786100155152,2.728283000021052,0.0929548169909306,0.0530832242278041,0.2755711351932756,0.0938584329034511,8.584245862393828,74.61,6,75.82,0.13686588804166,-0.0075156779688203,-0.0106600033151627,-0.0396061739293983,30705745.0,-0.8770574019973527,-0.1875089326053425,4.405367128106304,94.44,30.0,0.0,0.0,-28.74493300739548,0.2934702861335347,0.2926829268292685,0.1371471318586614,-28.74493300739548,-0.6892587375687764,1.6063350459146308,0.4306130955507692,-1.5291591815274064,1.8207994579945819,0.154715,화학,Sensitive
자람테크놀로지,2023,Mar_23,1702.43,11.16,22000.0,1030,2023-03-07,6197730,16522620918,4781821376,1996875030,158442096,2733915000,10591890831,0,850103649,943895366,94.1,9439520991,0.1617400968717446,8.274238833063079,0.0900579224105249,0.099993989832741,0.0708321416333565,152.29694839884925,22.525635774561884,57.59,2,85.86,-0.035703798193612,0.0802221280639408,0.06967789777932,0.0182843072484474,9439520990.0,-0.039217881951003,-36.54881722824325,-39.87199687243879,95.0,150.0,4.41176470588236,0.0,-104.73859066270327,0.1197502352236812,2.111111111111108,0.1722106408048596,-104.73859066270327,0.1841531872128987,2.753513700678356,-0.1718792068944652,-0.0928764945409721,0.2013949797435522,-0.84415,반도체,Growth
자이글,2016,Sep_16,18.9,0.0,11000.0,611,2016-09-06,13530910,33405927,27297036,7113619,88639,5600000,32295280,0,7188865,5741804,17.3,34501352,0.1900568619627563,4.696052318798631,0.2083647330690113,0.1664225796136916,0.1515176560247081,0.4243472168538553,7.442162984003733,64.15,6,67.41,-0.1569587476593393,1.5675478505853992,0.0445853137742703,0.0340850784070233,34501351.0,-0.339638071253991,-0.5725008887059333,4.577086448276587,94.74,-300.0,5.633802816901401,0.0,4.34768570090891,0.2311167139405379,-0.0974658869395628,0.5957544655455171,4.34768570090891,0.6155269722624146,-0.3769070236039229,0.1449820541659985,1.1146177370030763,0.72692199383666,-0.314509,가구/가전,Protective
자이언트스텝,2021,Mar_21,1691.0,23.36,11000.0,2342,2021-03-24,9427956,15684362189,6514969026,6577210913,1161333809,3992982500,-475810882,384964927,-1748812602,-1759481778,160.0,13563389810,1.983155800100276,2.3846524608173225,-0.1289362487179007,-0.1297228644643665,-0.4509021551935466,-186.62388517723247,-8.268917136382804,18.91,1,69.14,-0.0120655267646421,0.9464737264302544,-0.0039435638963017,0.0184989798312067,13563389809.0,0.1782931588996884,146.6597457603748,-5.686641003015149,93.33,100.0,4.000000000000004,0.0,-6.614363916147415,1.0603112840466888,3.285420944558504,0.2559558968300957,-6.614363916147415,-0.3195337040527879,1.7360486453423585,1.101103211316801,-1.5488797400352805,-3.3002410426114395,-0.489694,엔터,Growth
자이에스앤디,2019,Nov_19,768.58,5.1,5200.0,665,2019-11-06,26782520,109575573334,103222316525,71938295165,46915763829,17982520000,31842343147,0,7761543704,5764961170,17.7,133320542676,2.385436737544884,1.5231883530555446,0.058217162548328,0.0432413569153419,0.1157045058606872,215.25088639903936,12.103755959859503,61.17,6,73.34,-0.2903809904920886,-0.6104485200989345,-0.0099457837240818,-0.0071405076905204,133320542675.0,-0.1723955537815759,-184.86224193989216,9.46784656852254,93.75,100.0,-2.7027027027026973,0.0,-6.324354946696198,-0.1392896229230888,2.306920762286868,-0.5597704940974224,-6.324354946696198,0.2796487607823694,-1.4086291201135026,0.7449523785150847,3.186328767914381,1.0217809530796753,-0.036182,금융,Infra
장원테크,2016,Jul_16,216.32,11.3,17500.0,854,2016-07-15,6045000,31446616038,53068912791,36221501329,5401303171,2400000000,35877883128,1614841201,3974225223,3246650299,-2.0,36459751155,1.0433683133979976,0.8681753898705163,0.1090030814007622,0.0890475166766123,0.0813845219550435,537.0802810587262,10.792726109423114,34.74,6,64.43,-0.0670182907607017,-0.0223018249153579,-0.0197639238808359,-0.0165433590489137,36459751154.0,-0.4954431739261526,-2999.8288267990074,9.2560721530174,90.91,100.0,-2.7027027027026973,0.0,-33.72115656851642,-0.1155340825543582,2.316213494461228,-0.1882628567842714,-33.72115656851642,0.4039256562566651,-2.2563007261854007,0.6989453702012982,4.692114072190368,-4.662418327014596,-0.019397,부품제조,Sensitive
저스템,2022,Oct_22,283.4,9.64,10500.0,82,2022-10-28,6941600,19744647602,31276612663,13778824518,8198832553,2585000000,24475255821,-28179623,4319989154,3890230882,18.1,22960666629,0.8130214235126358,1.4329703942601586,0.1881473749783783,0.169430223645446,0.1439116571552067,560.4227961853175,6.723073174178622,25.79,2,49.49,-0.1260024356716603,-0.0347656954956498,0.0276698775402434,0.041562621901649,22960666628.0,-0.1095344318129971,-265.30642575198806,3.579230659004706,93.33,50.0,-3.658536585365857,20.0,2749.336870026525,0.5148888698189191,-2.9508196721311557,0.3124425657048402,2749.336870026525,-0.662469750578798,2.5201388339956665,0.5247206058147658,1.59259060210315,0.9882057129422464,0.075724,반도체,Growth
전진건설로봇,2024,Aug_24,870.2,6.55,16500.0,1087,2024-08-19,15360574,110456801755,51135059601,55114870159,1478650358,8774543000,81391509055,-8745519943,8002054349,7987597765,24.5,41700190448,0.6950767705515778,2.0041197853926707,0.1918949113428759,0.1915482322547305,0.0981029914421643,520.0064636256432,13.121423107070177,20.04,6,83.8,-0.0019398098384153,-0.0466747709789325,-0.0158765233596607,0.0087627979842044,41700190447.0,-0.2760639580019952,-1364.5443567408354,9.948904936905976,70.0,142.11,0.0,0.0,-8.833720350625507,-0.150552024088324,-2.7965284474445573,0.3592394637693896,-8.833720350625507,0.5827610771649949,-2.1129407682632384,0.189106329190225,-3.296655613932953,-0.26684211328477137,0.268174,기계제조,Sensitive
전진바이오팜,2018,Dec_18,14.69,27.2,10000.0,24,2018-12-14,4733428,2550141653,1074668784,2769010588,432473190,2109214000,-13942713660,-1032305278,-1613432097,-1756111764,27.5,1245091612,-0.2488366482647508,0.9209577110508326,-1.2958340426117978,-1.4104277525242856,0.1364945118057253,-371.0021075634825,-0.2623764952904615,10.69,1,29.76,0.0912557278597524,-0.8984195780681946,-0.4161414961959451,-0.4407124325461206,1245091611.0,-0.1337120328898136,271.4393826207983,-0.1790163882269911,93.75,-250.0,0.0,0.0,11.497067876963165,-0.4876107075330815,1.2422360248447228,-0.3443068559347617,11.497067876963165,0.1754509737937892,-0.5032873168051788,0.6060885775937441,-0.6548184847000926,-3.8956144731254065,-0.080933,화학,Sensitive
제너셈,2015,Sep_15,326.77,4.15,10500.0,797,2015-09-25,4384587,13843834056,13478967618,9234002648,5003541254,1522793500,8055209011,3507255261,2541095035,2222163720,0.0,16305050828,1.088059872421136,1.499223531086863,0.1558471090832958,0.1362868318192525,0.1698219292825101,506.81255041808953,5.149456274467909,44.04,6,54.49,-0.2093481280962936,0.2222843781097951,-0.018351587549655,-0.0199030669813405,16305050827.0,-0.2902167431263135,-639.9914890501659,3.200447919822673,93.75,100.0,2.857142857142847,0.0,12.232456351305876,-0.4334812674166577,1.2720156555773077,-0.2594183567369956,12.232456351305876,0.0477297783555652,0.480027139343564,0.5344390568690738,3.166385233801683,0.8553633771020914,-0.437274,반도체,Growth
제노레이,2018,May_18,907.12,30.41,23000.0,1028,2018-05-28,4028700,24703577548,13029610281,10583989488,2851612582,1777612000,14704977882,484343810,6203087701,5169983224,62.4,44491538033,0.7918697811812018,2.334051595195613,0.1394217411949005,0.1162014947688558,0.3047093433528107,1283.288213071214,3.9170147078660498,33.65,6,39.88,-0.8175911312876151,0.7912981120508371,0.0194708729304224,0.0319551427654092,44491538032.0,0.0255044917832185,482.82641249038136,0.6934512965832704,94.74,183.33,2.5316455696202445,0.0,46.61433435649709,0.2899710028996916,0.8279668813247376,0.0485186645237556,46.61433435649709,0.1403194857707124,0.8082340600884086,0.4931056714832627,0.7142334787801907,1.1958225081446945,-0.816659,의료/의약,Growth
제노코,2021,Mar_21,1452.0,21.85,36000.0,2095,2021-03-24,2442140,28806826723,4431712823,24248325778,1229800928,1000720000,2209236902,85010092,1641595961,1212648644,122.5,24389761911,7.732437609358342,1.1879923994231318,0.0673067644936552,0.049719576944828,0.3680305891404021,496.5516489636139,4.727358634138355,43.06,1,62.22,4.4485559705655415,-0.1738426227383991,0.0996657338979907,0.0769851555189933,24389761910.0,0.5752250664273839,833.1109039612799,11.589848527992393,93.33,150.0,4.000000000000004,0.0,-6.614363916147415,1.0603112840466888,3.285420944558504,0.2559558968300957,-6.614363916147415,-0.3195337040527879,1.7360486453423585,1.101103211316801,-1.5488797400352805,-3.3002410426114395,-0.520935,부품제조,Sensitive
제노포커스,2015,May_15,842.79,60.4,11000.0,1207,2015-05-29,7356170,8376169203,8565038471,3490844688,3788987937,3060085000,-2109342813,128719962,1391658801,2181557522,130.0,6148463824,6.743944316847,2.3994677367897843,0.2263425208045918,0.3548134272961772,2.020967130733548,296.56159686358524,6.942344662396886,50.1,1,63.2,11.084855938270987,-6.1759173244889976,0.1250050106683231,0.2937921349343971,6148463823.0,2.1167218111667467,276.6231757830501,-2.7095069111004038,93.75,300.0,2.5974025974025983,0.0,-30.260615688463357,0.0613246116107912,1.3346043851286904,0.2800528401585289,-30.260615688463357,0.43350039393939,0.2397442727756882,0.9697891185175278,1.40396639686986,6.556997286969234,-0.596487,화학,Sensitive
제놀루션,2020,Jul_20,1.0,21.36,14000.0,894,2020-07-24,4065584,7677851519,10623868095,10416208569,4213536876,1620792000,-6599219363,0,737161437,-1079249933,76.8,3301702672,-2.938627879504526,0.7371061618188303,0.2232670564952676,-0.3268767785035733,0.2167853127718718,-265.4600010724167,4.981234753602554,25.14,2,32.34,-0.1968781596456108,0.0763854217435167,0.1857983987242002,-0.2542322569847406,3301702671.0,0.1438579407571156,-194.86967456581883,-12.844881023367506,93.75,100.0,3.773584905660377,0.0,16.976630699994576,0.2211722127274606,2.9020556227327576,-0.0802326747567971,16.976630699994576,1.4051186583137645,-0.9181742299650296,0.4963052463004436,0.5717733199873898,0.5246788370520838,-0.119766,의료/의약,Growth
제닉스,2024,Sep_24,1051.52,1.6,40000.0,895,2024-09-30,4372640,38157939625,23231132338,26514874619,3936298584,398000000,22743331803,498992887,2891995483,3445427331,15.0,30740261859,1.2881030020658315,1.439114465872557,0.0940784270565116,0.1120819122102326,0.1457436552238826,787.9512905247174,10.697768700491432,36.59,30,71.43,-0.7544213566449245,0.3253855514146528,0.0420638145287833,0.0609899423300483,30740261858.0,-0.0190836300096012,71.68835943503245,4.367340121033784,76.0,200.0,0.0,0.0,10.293784255937698,-0.1842854749539269,-0.7936507936507908,0.0960363191897961,10.293784255937698,0.97455465086822,-1.42746372263044,0.1987724422047643,0.6899631139584583,2.3153180563151627,0.548573,기계제조,Sensitive
제이아이테크,2022,Nov_22,616.71,3.8,16000.0,29,2022-11-04,8196186,28871915969,18067375372,16186206811,728426896,651545000,22554642649,-29536702,6849442630,5459738427,-25.6,31496649226,0.7298135414680973,1.783735763797291,0.2174657558285879,0.1733434686281825,0.2355706369951915,666.1315918159983,4.383518376005435,55.91,2,62.7,0.0525117605553773,-0.0329271712469803,-0.0571248615146721,-0.0578524706670124,31496649225.0,-0.0319519145721345,87.9428960006519,0.2209213667999838,93.33,100.0,-3.797468354430378,8.333333333333325,-7.987339415378891,-0.32442585161786,-2.7027027027026973,-0.082447783070727,-7.987339415378891,0.5070476095064613,-4.385067219940297,0.8038449693468674,5.798955719440824,-0.22102021803749317,-0.726698,화학,Sensitive
제이앤티씨,2020,Mar_20,1.0,6.72,11000.0,3,2020-03-04,57848466,157278683573,265060901957,127321898650,49729910904,25924233000,168745579470,3867693198,32626056531,37013933125,-5.9,224901706090,0.8917801649531701,1.2352838375851536,0.1450680703949123,0.1645782674062417,0.1864329512978557,639.8429497681062,7.518155794983595,71.38,6,72.13,-0.095983208348459,0.2161760564770458,0.0339049678815274,0.0419987411329903,224901706089.0,0.0086669211358788,153.84084530435086,-0.5185689941585236,92.86,125.0,-9.210526315789467,-40.0,14.8597860653368,-0.883901082530536,-18.99897854954036,-0.219648562300323,14.8597860653368,-2.189067273992218,2.2030675411923277,1.0636181417109205,-7.775777443393528,9.357541899441335,-0.336958,전자/회로,Growth
제이에스코퍼레이션,2016,Feb_16,433.6,35.9,23000.0,478,2016-02-04,12687732,117182,48500,59656,7198,1188,73500,704,18716,20559,64.1,195684,0.886751910016978,1.964295293013276,0.0956439974653012,0.1050622432084381,0.2726947156196944,0.0016203841632216,5.280401795255396,55.85,6,79.3,-0.3218963367925872,0.3522391543556173,-0.0366273124664699,-0.0126185940611738,195683.0,-0.0646506301508775,0.0001182244391669,2.657584131171744,93.33,100.0,-2.898550724637683,0.0,-14.949513644682987,0.0,-2.2862823061630237,0.4284274193548487,-14.949513644682987,-0.417981453678995,1.3048507493737649,0.9267944513468684,1.9900259198347925,-0.3677010343677054,-0.232077,옷,Protective
제이엘케이인스펙션,2019,Dec_19,69.81,0.0,9000.0,8,2019-12-11,14894862,21083839055,1706248497,710930540,2133847117,1283486200,-23200006378,1443284771,-7749966319,-7658330535,0.0,115892489,-0.1389510548990875,29.656679336071285,-66.87203274234622,-66.08133625467308,0.3740654753757944,-514.1592137610943,-2.5735995582460287,25.81,3,52.43,0.0904473262091683,24.492443511097605,-54.14973065959763,-48.78431895646772,115892488.0,-0.0586430375782778,-92.72228859857852,-1.2534529045258036,93.33,-57.14,1.388888888888884,0.0,-23.541701028093897,0.2789678190694422,-0.3921568627451077,0.2392416642373884,-23.541701028093897,0.332762996335223,0.7186603280654236,0.5705517908742186,0.4302203567680962,1.2936039831482278,-0.178494,IT,Growth
제이오,2023,Feb_23,352.61,5.79,13000.0,142,2023-02-16,31359350,45947902046,38618020423,18203871051,10529400840,2725935000,-7775335336,149615148,-2790215030,-7732192791,65.4,32726222377,-5.864190120287371,2.52407314451263,-0.0852593066763783,-0.2362690292184223,1.578067709975697,-246.5673807333379,-20.01016049935048,7.01,1,75.44,-37.42712750524012,-0.2147756626516495,-0.0352569297792708,-0.0506964116722361,32726222376.0,9.1660117785283,219.1656145296379,-13.147932958364134,93.33,100.0,-2.857142857142858,0.0,-42.8042804280428,0.1885337218270555,-0.6622516556291314,0.2362133187971293,-42.8042804280428,-1.0888076745658393,1.8833433553818504,0.2651369175748153,-0.3437975539649418,0.8543423775171366,0.264195,건설,Sensitive
제일모직,2014,Dec_14,465.0,58.25,53000.0,195,2014-12-18,135000000,1652382108,7135024213,1214332521,3141923748,12500000,2465060997,1953589055,135270960,429259241,113.2,3614930239,0.9830983419380716,1.3607328136442127,0.037420074816553,0.1187462032790835,0.0968730997512155,3.1796980814814817,32.7575856044786,23.24,6,88.27,-0.1829185703866063,0.4084551576712943,0.0029839881985942,0.1047377328411594,3614930238.0,0.0854295379221525,2.84494142962963,-2.790458145632847,93.33,100.0,1.4084507042253502,0.0,-8.809233816348138,-0.9788254095085992,-1.6441005802707909,-0.0095729404882227,-8.809233816348138,0.1369764005791252,0.8428454022463727,0.310137450143344,-4.204404325568712,-0.6424815515465698,-0.564848,엔터,Growth
제일엠앤에스,2024,Apr_24,645.91,4.9,22000.0,1438,2024-04-30,18103287,175708,45691,155522,16195,9078,-24334,333,1763,-4363,22.7,143173,-11.506868592106144,1.1297951415233858,0.0123137742451439,-0.0304736228199451,0.2923674864303424,-0.0002410059565425,28.180374361883157,39.04,30,82.23,-6.794243129876879,0.0318961274433151,-0.0200000856365281,0.2697268233343984,143172.0,-0.7976718397421056,0.0007848298488556,13.940254301853138,72.0,233.33,-1.388888888888884,0.0,-13.284498416367708,0.2861471132805882,0.0,0.0526546731022481,-13.284498416367708,-1.4290204091781944,2.791033223365313,0.4256926413848561,-0.4842597110706892,1.323957971285728,-0.266462,배터리,Growth
제일전기공업,2020,Nov_20,1196.0,8.32,17000.0,1396,2020-11-26,11110000,61747175782,49232683812,36685902116,708601869,4800000000,68785355609,0,11585204880,10058604977,68.5,77852155628,0.5081786134689331,1.6831309091638749,0.1488103288412133,0.1292013675904224,0.1366930266729561,905.3649844284428,6.351666316754858,60.52,2,73.9,-0.0880010892108739,0.2431864671237251,0.0334081055737494,0.0325423996307201,77852155627.0,-0.0856782805710211,-366.1495594959496,2.585068685764809,93.75,100.0,10.769230769230775,0.0,-33.35880660329541,0.0800160032006447,6.911447084233258,-0.089838291076072,-33.35880660329541,2.313522805577972,-2.439109620155855,0.9704313598061898,8.665839023380917,0.7908150243916889,-0.413016,전자/회로,Growth
제일홀딩스,2017,Jun_17,114.0,2.88,20700.0,21,2017-06-30,70718000,1950912,5117145,2769541,1984076,5033,707632,-358856,450742,371782,-8.0,6196497,13.435545732301891,0.7044170857192582,0.0727414214837835,0.0599987379966455,1.050798594722011,0.005257247094092,5.134733395157318,29.74,6,66.5,-2.9141374329608123,-0.2310636333092156,0.0040616690293426,0.025897172188646,6196496.0,0.4786124514424844,0.0027916230662631,-0.2872505724932166,94.44,0.0,1.2345679012345734,0.0,47.08602911443589,-0.3868471953578423,3.1135531135531025,-0.2132327312242554,47.08602911443589,0.5580069251600595,0.4230058296601724,0.4169538403611117,1.4385865208853763,-3.070290195132575,-0.386403,서비스,Protective
제주맥주,2021,May_21,1356.0,5.18,3200.0,1748,2021-05-26,55995890,25714288173,37175017654,23393186039,5566984685,23691515000,-41430974723,908700365,-4395696565,-10611327531,53.1,21554912796,-1.7206692881765104,1.099221291624423,-0.2039301483889891,-0.4922927608860088,0.6304722980877403,-189.5018997108538,-7.718716385738514,21.96,2,67.84,0.8905987972467739,0.8578433082256505,1.096672986297582,1.414981223601795,21554912795.0,0.0010674793320705,59.713577389340514,-9.339819201070435,93.75,200.0,5.952380952380953,0.0,52.27385432163592,0.5434782608695787,3.121951219512198,0.0686409099823537,52.27385432163592,0.9173412343983056,0.3466142576380004,0.7233543317996194,0.6691300990986138,4.76109698457543,-0.261016,식품,Protective
제주항공,2015,Nov_15,378.67,77.9,30000.0,449,2015-11-06,25906758,228856155510,114347984499,166886205150,59728332424,112033790000,2601365410,501793426,30678400478,32314604393,60.3,286765702030,1.9682173261060407,1.3713305740537416,0.1069807172225588,0.1126864341315803,0.2806623305523635,1247.342658351925,3.800380744055036,57.2,6,73.32,-0.3240590254855144,0.0614428190315767,0.0491720055760225,0.0500057895909484,286765702029.0,-0.1189716016592911,11.87307257820521,1.0872057436388074,93.75,140.0,0.0,0.0,7.596947642841623,-0.3966183070660656,0.5655042412818112,-0.1895415201229822,7.596947642841623,-0.3076910372981856,0.3300876169241684,0.2786602411644745,0.5319489526023569,0.26733969626535625,-0.391471,항공,Protective
제테마,2019,Nov_19,12.41,0.0,21000.0,590,2019-11-14,8508012,16610761881,39363432424,41206973055,9436858432,3237039500,-27028829691,1776522528,-4309768802,-6961077219,-17.6,6356016501,-2.3003959008009085,0.4031056068794277,-0.6780612985070034,-1.0951949570780386,0.3161931676487925,-818.1790551071155,-1.236809458439251,24.88,2,50.77,0.9796208410512852,-0.0401641367198649,-0.272006462440148,0.3102418110580947,6356016500.0,-0.600964830964495,1033.1967216313285,-2.345296268929784,93.33,-125.0,-2.7027027027026973,0.0,-6.324354946696198,-0.1392896229230888,2.306920762286868,-0.5597704940974224,-6.324354946696198,0.2796487607823694,-1.4086291201135026,0.7449523785150847,2.4589418024896004,1.0217809530796753,-0.549385,의료/의약,Growth
젠큐릭스,2020,Jun_20,77.0,0.0,22700.0,12,2020-06-25,6216726,5061432587,1014304628,8322446747,441102152,2696363000,-41556695084,2288299392,-1498581367,-2901415156,-4.6,221133241,-0.2396243318714137,0.6081664131794534,-6.776825411788724,-13.12066491170362,0.0793342601554294,-466.7111202906482,1.7935707350884205,17.69,3,53.47,-0.1734398580927343,-0.0097413709153614,41.23857783954561,53.94387530347398,221133240.0,-0.1923087031803539,1007.0962318429346,1.8172270652104483,93.33,0.0,6.000000000000005,0.0,247.28219934722568,0.5153597413096289,5.484693877551017,0.2715205148833499,247.28219934722568,0.8454663262339235,-1.518715358884004,0.8282573404028382,-3.1853410148175665,3.045594036269994,-0.221209,의료/의약,Growth
지노믹트리,2019,Mar_19,372.0,22.8,27000.0,13,2019-03-27,20008001,8950782820,5618895032,1281402427,1295585144,7974589000,0,-8678742864,-1717048561,-1669396314,1.1,261525636,-3.6596938577617455,6.9851458303816685,-6.565507639182264,-6.383298935940643,2.3707834315029763,-83.4364369533968,-6.984479387126664,17.66,2,55.31,-2.9920577428364474,-0.9681534754067904,-2.1419174156254543,-1.7246212243637,261525635.0,1.6956281779990323,22.17055142090406,-2.849546623580708,93.75,125.0,11.764705882352944,0.0,34.09368519728431,0.3500350035003485,0.1988071570576677,-0.1913181822758902,34.09368519728431,0.1430613425188021,0.7367811483807829,0.7422605359341361,-0.9312998951883644,-1.0391427365524897,-0.538066,의료/의약,Growth
지놈앤컴퍼니,2020,Dec_20,1.0,7.56,40000.0,1175,2020-12-23,13188237,30747727876,3790703730,24314623730,4576038311,4649179000,-119926760751,-5798708,-10590670659,578563588,72.0,52631580,-0.2506056113723593,1.2645775734568605,-201.2227384965452,10.99270795214584,-0.0050186209468915,43.86966870552902,-0.533277801458258,26.56,2,59.16,0.391429858251441,0.7975496543291498,100.33357096931884,1858.3059840780604,52631579.0,-0.7347515964058828,6463.87292918682,-3.377320163370478,93.75,100.0,5.555555555555558,0.0,35.826117481862866,0.7795322806316118,-8.28282828282828,0.2397841942251899,35.826117481862866,1.5401576045591223,-1.936853039148956,0.5581519671069568,2.358857956694949,3.519132365719435,-0.14301,바이오,Growth
지누스,2019,Oct_19,45.68,13.73,70000.0,0,2019-10-30,14646140,385887640595,208271517965,291669941857,85126919853,6224570000,211439405663,-301678813,42247308222,32618625149,18.6,338460162367,1.7334968721370505,1.3230284825996677,0.1248220999675296,0.0963736024969192,0.150065699625496,2227.114116688766,5.144997539436372,35.7,6,44.52,-0.1872696795651112,-0.0967587647760117,0.0394414216092591,0.0262362959124878,338460162366.0,-0.097360917707536,-750.3853043873673,1.8249594568957617,92.86,-100.0,2.777777777777768,-16.666666666666664,11.318987922336031,-0.2382133995037172,1.73469387755103,0.2475098703328848,11.318987922336031,0.7447913034316134,-1.1206212684230166,0.9019404281386478,2.569829647708488,5.617332589163571,0.26332,가구/가전,Protective
지니너스,2021,Nov_21,66.03,0.1,20000.0,162,2021-11-08,10869315,15817938681,8460800202,3449646841,3611151433,4434657500,0,-16850058379,-3420026285,-4853267596,-33.0,3121323171,-0.5687128706365793,4.58537914461256,-1.0956975928590895,-1.554875073844124,0.3909070390315827,-446.5108975128608,-5.034446865077237,37.26,1,68.26,3.139518684123342,3.998769904303132,-0.1034584412930728,0.8569755601061708,3121323170.0,-0.4244659099442395,395.4599942130668,-8.281159252887319,94.44,-62.67,0.0,33.33333333333333,18.97965128375847,0.7148093841642167,0.8379888268156277,0.5031446540880502,18.97965128375847,-1.1295902700599547,0.0076089345800944,1.369195361030484,-2.2726672477088483,-7.860156172563759,-0.505129,바이오,Growth
지니언스,2017,Aug_17,620.04,14.5,13500.0,923,2017-08-02,4854900,21971799477,5175596305,4887489470,2131663182,625000000,12967333020,260897288,4208086975,3657962582,12.6,20614790949,0.5066798498214934,4.495518529884423,0.204129500289894,0.1774435933427422,0.2640512357531218,753.457863601722,4.783228875634159,50.45,6,61.44,-0.9898983047073984,0.4480143287203431,-0.0255310404217428,-0.0146685499574069,20614790948.0,-0.035815721284982,141.1964285567159,1.9936424461315965,93.75,100.0,0.0,0.0,15.449291479216164,0.4595588235294157,-1.2422360248447228,0.5733392137355464,15.449291479216164,0.2823370160882188,-0.3182299012694067,0.6352712181861842,0.7528564135979021,-0.7446765072170791,-0.381415,IT,Growth
지아이이노베이션,2023,Mar_23,26.7,2.49,13000.0,262,2023-03-30,22004200,98452520296,47261273773,11398092233,4723879823,10002100000,-34150030071,9284604270,-45844682268,-44667883758,55.8,3500000000,-1.084681333898724,8.637631481078751,-13.098480648,-12.762252502285714,3.0052415156636583,-2029.9708127539288,-2.8267579924630923,0.07,1,40.06,-0.3921421236676808,-16.96003470387714,-11.022143306965331,-5.869756512755552,3499999999.0,-2.567289220321386,1420.8782978704066,4.623909327630667,93.33,-60.0,4.41176470588236,0.0,-104.73859066270327,0.1197502352236812,2.111111111111108,0.1722106408048596,-104.73859066270327,0.1841531872128987,2.753513700678356,-0.1718792068944652,2.445930200994728,0.2013949797435522,-0.614462,의료/의약,Growth
지아이텍,2021,Oct_21,2068.0,25.28,14000.0,2968,2021-10-21,7871428,12081452588,20552846208,4323846188,6528321237,2900000000,14337335600,89218071,1912563145,1905555335,160.0,8380495876,0.6263315620095654,2.7941448568475304,0.2282159878483066,0.2273797831530607,0.1099789012392803,242.0850873564492,11.388973706800147,3.24,12,69.13,-0.2733193349242878,0.6910261909430386,-0.2015242957434199,-0.1339002860400279,8380495875.0,-0.0655722794767837,-99.8493275934176,5.208391223198708,93.75,156.25,-1.1494252873563204,0.0,-33.64443401306071,1.0370370370370363,3.0710172744721653,0.1744693224774662,-33.64443401306071,1.1284043169486058,1.1354891666809142,1.087504440920739,-1.7299127201194642,-5.184352496385024,0.206709,기계제조,Sensitive
지앤비에스엔지니어링,2021,Oct_21,1134.0,4.38,17400.0,1479,2021-10-29,7164618,30979453428,14560331021,14178966268,4901099921,3048434000,12933076101,201205607,5830306653,5406574699,10.3,29272937464,1.179039818364212,2.184888012458032,0.1991705362733118,0.1846953250130442,0.3340956361438911,754.62148840315,4.538306445062385,31.05,6,50.54,-1.2140771250863676,0.6073525934665709,0.0267456879871366,0.0772631255886793,29272937463.0,-0.0922695003121061,118.96550102182698,1.6709590042453857,93.33,100.0,-1.1494252873563204,0.0,-33.64443401306071,1.0370370370370363,3.0710172744721653,0.1744693224774662,-33.64443401306071,1.1284043169486058,1.1354891666809142,1.087504440920739,0.4864188343537412,-5.184352496385024,0.285283,기계제조,Sensitive
지오엘리먼트,2021,Nov_21,1613.84,15.34,10000.0,1537,2021-11-11,6193410,20158981249,8713326726,3106491272,1385309914,2300000000,21835850174,154653690,3881616944,3104069580,59.0,11549968592,0.1849200498741865,6.489308832347493,0.3360716449643485,0.26875134380452,0.1277894273984336,501.1890993814393,6.281018230478953,72.96,1,75.97,0.0307053041768986,-1.20900091966067,0.1180241907374863,0.0823428464325835,11549968591.0,0.0122498873843706,104.50607080751962,-1.149487856063728,92.86,218.18,0.0,33.33333333333333,18.97965128375847,0.7148093841642167,0.8379888268156277,0.5031446540880502,18.97965128375847,-1.1295902700599547,0.0076089345800944,1.369195361030484,-2.7024509673470365,-7.860156172563759,0.064681,부품제조,Sensitive
지투파워,2022,Apr_22,1729.63,10.87,16400.0,2029,2022-04-01,3686835,20598044883,5199532315,7833004055,418006969,1479592500,5792651247,176828311,2762814162,2266371069,114.9,26979753452,1.1076562234538665,2.629648183298432,0.1024032397818369,0.0840026604776847,0.3042487777475598,614.7199614303325,6.350975905414517,42.41,2,73.04,-3.5335824469721446,1.008795263734838,-0.000211515958533,0.0098080300290229,26979753451.0,-0.2364800698271178,28.40993643599461,5.013816693022917,93.33,100.0,-5.681818181818176,20.0,-27.31612710726541,1.6156087225214,0.5780346820809301,0.6880301602262051,-27.31612710726541,-1.8594215359536537,0.9262671678828438,0.1843341486983396,3.560561676714591,-8.520208948923582,-0.439887,에너지,Sensitive
지티지웰니스,2018,Sep_18,946.89,3.95,11000.0,514,2018-09-21,5652665,19900951648,8849919052,9241411684,5882905500,2414332500,6227646185,365972173,550113693,818140423,28.6,10377595527,1.678996413548152,2.153453641985808,0.0530097450386013,0.0788371854415982,0.0908242546942189,144.73534571746248,24.770431438797143,52.02,2,56.57,-0.360709945922171,-1.0192786790810944,-0.0318166897415746,-0.0069417799511251,10377595526.0,-0.2202873611889742,-220.16263337735384,18.752276460675084,94.12,250.0,5.47945205479452,0.0,-6.889569941250007,0.286419753086431,0.899100899100902,0.7631055076310567,-6.889569941250007,0.4658574832279161,-0.0490567720644152,0.1239015796639098,1.3931331625509855,-2.5487929760844135,-0.592425,의료/의약,Growth
진시스템,2021,May_21,934.0,1.5,20000.0,354,2021-05-26,6811080,11409636655,7509348992,2667630991,3935714730,2671665000,-15518299267,314757644,3309482340,-2224057324,-13.0,13258238376,-0.5269239332344486,4.277067065682474,0.249617049124023,-0.1677490825648434,0.177472009253438,-326.53519324394955,3.721319125093141,24.23,2,58.95,0.6261804830446349,4.147076541309382,2.447427039129696,3.3930437953934875,13258238375.0,-0.1387969661307236,266.7633880383141,-1.3687577109871931,95.0,100.0,5.952380952380953,0.0,52.27385432163592,0.5434782608695787,3.121951219512198,0.0686409099823537,52.27385432163592,0.9173412343983056,0.3466142576380004,0.7233543317996194,0.6691300990986138,4.76109698457543,-0.359274,의료/의약,Growth
진에어,2017,Dec_17,274.55,7.3,31800.0,134,2017-12-08,30000000,250412000000,101358000000,204817000000,49658000000,27000000000,70382000000,-87000000,46558000000,33507000000,-9.3,423927000000,2.615499254843517,1.222613357289678,0.1098255124113349,0.0790395516209158,0.3443856313274063,1116.9,2.089759010266764,60.0,6,68.0,-0.2638420702071795,0.0624526194057004,0.0371827982897825,0.0243855629343873,423926999999.0,-0.1604402022840114,-194.19999999999985,0.5994091565970308,93.33,100.0,0.0,0.0,-17.745619548388092,0.0504846526655944,-1.4047410008779735,0.3605658109649079,-17.745619548388092,0.5204536218117006,-1.7429233330920169,0.288118948680971,-2.518920586943707,-0.35158395898188255,-0.146963,항공,Protective
차백신연구소,2021,Oct_21,206.0,1.93,11000.0,42,2021-10-22,26429162,23147281314,1147772639,5127502088,20657897978,11194126500,-31622770592,534557164,-2017672925,-3148949459,18.2,500000000,-1.2961338793442312,4.514338739748554,-4.03534585,-6.297898918,0.1582856991827054,-119.14677654176096,0.7386460384801962,40.29,3,60.64,0.1401931909560396,-0.695213066602836,50.394134115728015,73.91574271836795,499999999.0,-0.2124848933400925,116.96890540835156,1.110127905658168,94.12,0.0,-1.1494252873563204,0.0,-33.64443401306071,1.0370370370370363,3.0710172744721653,0.1744693224774662,-33.64443401306071,1.1284043169486058,1.1354891666809142,1.087504440920739,-2.0418271518042874,-5.184352496385024,-0.290804,의료/의약,Growth
차이나크리스탈신소재홀딩스,2016,Jan_16,36.3,0.9,3000.0,180,2016-01-28,61622771,131987158,34722462,16032478,0,30008466,86995099,40255,19792757,16978018,29.0,45250584,0.1369784239783014,8.232486456554003,0.4374033493136796,0.3751999753196555,0.1450569367951251,0.2755153285787813,7.612741469013135,38.19,1,69.66,-0.0035027951650656,-0.3981097732090983,0.0045080785145877,0.010921596046352,45250583.0,-0.0633690326641915,-0.0629360532975708,2.218360626945178,92.86,7.69,-1.4285714285714235,0.0,3.2672520891512624,-0.5461611175296643,-2.61374636979671,0.1704007573366972,3.2672520891512624,-0.1816859472652199,2.510578038626909,0.8963732483151077,-0.5569403740052659,-1.8589068050024142,-0.446986,금속,Sensitive
창해에탄올,2014,Jul_14,553.0,93.2,8300.0,675,2014-07-30,6175230,137139703720,164713562357,177346244276,22957120209,2661825000,76333458367,18545356586,6452000788,3385863020,75.9,60475954424,2.053537526322528,0.7732878938590464,0.1066870436267064,0.0559869298839261,0.0347123314100817,548.2974755596148,15.739288467055284,30.37,6,64.67,-0.0071540121974571,0.0358206405565318,0.0426775030721172,-0.0893932073585914,60475954423.0,-0.1760655283872301,-2658.788324159586,4.50404789269624,93.75,255.56,-3.9473684210526327,0.0,-1.1332091781158904,0.0787944449916366,-2.3126734505087843,0.146422205245722,-1.1332091781158904,0.4040057661489182,0.0559174383927052,0.5803138750699599,3.982844361007376,-0.15306943447647114,-0.878239,식품,Protective
천랩,2019,Dec_19,51.11,0.0,40000.0,638,2019-12-26,3808948,15390838063,2190033748,1888882238,664821241,1683024000,-3124942838,1236142151,-3381219178,-3248280165,-3.7,3507187594,-12.410071890213686,8.148119429243106,-0.964082783534162,-0.926178049488162,15.785462446482091,-852.8024444019713,-4.444304714043592,25.24,1,60.77,-9.041933811395705,2.0556616834424952,-0.096017226150761,-0.1272692283701042,3507187593.0,10.652791921272,-29.75354008508384,-1.2804126259225543,92.86,-153.33,1.388888888888884,0.0,-23.541701028093897,0.2789678190694422,-0.3921568627451077,0.2392416642373884,-23.541701028093897,0.332762996335223,0.7186603280654236,0.5705517908742186,6.6573172743771725,1.2936039831482278,-0.668149,바이오,Growth
천보,2019,Feb_19,891.1,15.8,40000.0,426,2019-02-11,10000000,59299764200,61881475202,20148282954,2154916956,3988147000,86469726234,632585274,17660130477,14851179447,18.3,83618876773,0.2448467191329509,2.9431671341615404,0.2111978916547985,0.177605584051511,0.1630377065858736,1485.1179447,5.598941617151451,59.78,6,64.32,-0.0923699396653838,1.1331971967456838,0.0050379985233675,0.008180737710404,83618876772.0,-0.0387457342950859,2.885202199999867,1.3323768895150208,95.24,100.0,-4.225352112676061,0.0,-47.34110185337542,0.1001101211332455,2.131979695431463,0.4318191011690508,-47.34110185337542,-0.206948399354423,0.0401069518716656,0.1895420031916783,3.4963408730648515,0.1260236643200852,-0.370572,화학,Sensitive
청담글로벌,2022,Jun_22,24.79,2.27,6000.0,42,2022-06-03,21257999,32010983591,5174218110,7076469521,3860000000,7662870000,9342281658,-55727077,9364857608,5817839989,27.3,135548008229,0.6452413454353835,4.523581073302838,0.0690888618014855,0.0429208814280112,0.3432470501400793,273.6776866439781,2.8028970945139435,5.64,1,58.65,-4.003379429130843,-1.5207232575535627,0.0161116746182563,0.0294648744930808,135548008228.0,0.1136099882030057,229.12388517846856,1.576845461173518,94.12,-200.0,1.162790697674421,0.0,-1.1609734315695452,0.5607315389924095,-6.2984496124031,0.6604651162790631,-1.1609734315695452,-2.1068882588998195,0.5882445585409402,0.4158648699506662,2.550072189967145,-4.700176575165571,0.621663,유통,Protective
체리부로,2017,Dec_17,265.38,0.4,4700.0,591,2017-12-04,27872369,98801622813,172552967604,135765015664,52721046503,11767320000,58317503000,80519671,24515056511,19847171007,-15.3,223920088679,2.686312857485738,0.7277399286537897,0.1094812736794843,0.0886350622853309,0.2828628814664511,712.0733442858768,3.3803115327438293,63.41,6,67.24,-0.5174125740346529,0.1644128089381908,0.0281469248690135,0.0360535563476709,223920088678.0,-0.0228730810124341,118.94160073009937,0.9378414695718392,94.44,100.0,0.0,0.0,-17.745619548388092,0.0504846526655944,-1.4047410008779735,0.3605658109649079,-17.745619548388092,0.5204536218117006,-1.7429233330920169,0.288118948680971,-0.9882690054776266,-0.35158395898188255,-0.452219,식품,Protective
칩스앤미디어,2015,Aug_15,123.2,0.0,10500.0,83,2015-08-05,3397702,12229430310,5264866195,1059339522,495866059,1507601000,6386996825,-1238204751,177238140,275642706,56.2,2364028005,0.233640886845259,11.544391628956896,0.0749729443243207,0.1165987481607689,0.041410220660896,81.12621589533161,89.93036670323893,42.82,6,44.57,-0.359801717329976,7.240925997548524,-0.1128217968876404,-0.1163859780913887,2364028004.0,-0.3541050024726043,-659.9952026399019,82.22016375795516,93.75,100.0,4.477611940298498,0.0,-6.121665707157941,-0.6256410256410216,1.2884043607532147,0.1398822044593961,-6.121665707157941,-0.7778169543703028,3.1385035251307647,0.8850122957688944,-2.7841505060132388,-3.432384321201776,-0.287066,전자/회로,Growth
카카오게임즈,2020,Sep_20,1.0,55.7,24000.0,1521,2020-09-10,73204731,272652082702,448809716437,148001564262,74011393182,5720473100,126029132231,9784148013,28735476116,27807203725,160.0,202954279341,1.5686219873247764,1.8422243309492137,0.1415859582232271,0.1370121576903478,0.1964704748372931,379.85528182597926,17.380914089566986,53.64,6,68.31,-0.4537225492951036,-0.4862537516663674,0.0520759434030597,0.1143393872424326,202954279340.0,0.0936438308407565,258.7433749876084,5.456448974081672,93.33,100.0,11.290322580645151,0.0,6.035597910628598,0.1996406468356859,-9.876543209876544,0.548956981734694,6.035597910628598,0.3805461175406366,-0.6782659982306094,0.5560852307114894,3.987260206804666,-0.27973576216133544,-0.178494,게임,Growth
카카오뱅크,2021,Aug_21,1732.0,45.0,39000.0,182,2021-08-06,475100237,28014225745490,602137612440,351558976296,25415329378312,2048251185000,32833067812,5739818080,53979324306,46656185491,79.0,224910114524,12.347417644839656,79.68570747544511,0.240003987460688,0.207443696295043,0.0223575078233869,98.2028251250904,52.78826735897601,27.26,6,72.99,0.63843999952784,-9.972318441117691,0.1445671790561978,0.1115474446616689,224910114523.0,0.01328947103536,59.32046964438791,-99.34863085658256,94.12,100.0,-6.666666666666665,50.0,-12.812523981275426,0.523168908819116,-0.6756756756756688,0.4791707412477919,-12.812523981275426,1.145164317938674,1.430094931729564,1.3184332465782544,0.8113340156101767,-3.029340100943523,-0.484629,IT,Growth
카카오페이,2021,Nov_21,1714.0,70.44,90000.0,29,2021-11-03,130367125,1538410363512,64211611909,551713340822,24168381766,11114446000,-191008350116,25211151093,10780817525,11986010978,114.4,107143736899,-3.72298599122018,2.788423352641638,0.1006201373689498,0.1118685172358578,-0.077487701400154,91.94044110430448,95.23769885280568,47.83,1,61.09,-0.3703909445012114,0.6973714274024889,0.1616090138956784,0.1579230581134348,107143736898.0,-0.0915272337710011,110.35222081487186,294.9457403503274,92.86,100.0,0.0,33.33333333333333,18.97965128375847,0.7148093841642167,0.8379888268156277,0.5031446540880502,18.97965128375847,-1.1295902700599547,0.0076089345800944,1.369195361030484,-0.4326382568659914,-7.860156172563759,-0.03018,IT,Growth
카페24,2018,Feb_18,672.71,42.9,57000.0,731,2018-02-08,8863869,48506353362,19153304522,54893962469,3327590888,3970307000,0,-6880460471,2876178375,2275605893,48.6,83479623012,-20.00635153341025,0.8836373105583835,0.0344536579254383,0.0272594174589514,-0.7819539126292353,256.728285695558,3.281473989595656,36.02,6,50.81,-13.11966878104025,0.1945734683615174,0.0797137399551994,0.0786404363054894,83479623011.0,-1.5032156190565371,678.6986067822077,5.455409676478276,93.75,100.0,-1.2658227848101222,0.0,-28.50751462327461,0.4221105527638213,-1.6129032258064502,0.7634599310949453,-28.50751462327461,-0.2415416146075766,1.207462266804149,0.4463731638395973,-4.469380143318558,1.511022545879448,-0.183117,IT,Growth
캐리소프트,2019,Oct_19,924.83,2.4,9000.0,1067,2019-10-29,5761200,3991749377,11749472179,3546495170,9176423431,2411950000,-1454594027,-632161448,89362250,-73307635,53.9,5334067169,39.12402461572808,1.1255476704906946,0.0167531167435135,-0.013743290565601,-0.2254270271001641,-12.724369055057974,33.77604027427689,26.38,2,64.17,70.27123994221456,-0.5580738512996946,0.0540104431798677,0.2057947165338393,5334067168.0,-7.152980882895369,367.1451956189683,40.142243043753965,93.33,100.0,2.777777777777768,-16.666666666666664,11.318987922336031,-0.2382133995037172,1.73469387755103,0.2475098703328848,11.318987922336031,0.7447913034316134,-1.1206212684230166,0.9019404281386478,2.26951740989616,5.617332589163571,0.466516,엔터,Growth
캐스텍코리아,2014,May_14,595.0,85.45,6500.0,807,2014-05-27,12373089,70371825567,110415546929,63124274503,43489380449,4899044500,27233717544,42040955500,8566983319,7455819657,50.8,135599601286,1.43735083641664,1.1148140096826864,0.0631785288286426,0.054984082447813,0.1005183494082953,602.5835308385804,8.658090576585609,23.58,2,56.65,-0.0137708203199231,0.0156391493915342,-0.0240225798472339,-0.0024294047231581,135599601285.0,-0.0087807119521693,12.498332631406695,2.553139659422952,94.74,187.5,0.0,0.0,-7.367988775195922,-0.0098522167487735,-4.010938924339113,0.1645190735984014,-7.367988775195922,1.424024229397136,-1.872576707673157,0.633119150223882,2.9769882673154946,-2.6113485630066324,-0.867884,자동차,Sensitive
캡스톤파트너스,2023,Nov_23,952.0,3.44,4000.0,1345,2023-11-15,13346380,34240222045,1128472798,5763131638,4785088225,2340500000,18514212785,300087634,1207846478,940668827,129.5,3371858096,0.4986206276626561,5.941252811098812,0.3582139116212677,0.2789763982404555,0.0444659750207402,70.48119617454321,20.549362383453506,35.73,24,66.69,-0.1282817052548293,0.3322038785322796,-0.2230431125845345,-0.2223231360888867,3371858095.0,-0.2599607337105029,-388.3789191526091,17.572498953266027,70.0,200.0,-5.47945205479452,0.0,-4.605983743586794,-0.3818089258442292,-1.0183299389002087,-0.52087931491126,-4.605983743586794,1.018780022625032,-2.983660203303496,0.8630997806762908,8.159350696800471,-2.4919351616730765,0.849809,투자,Sensitive
컨텍,2023,Nov_23,198.93,1.25,22500.0,9,2023-11-09,14389041,49814351873,29732675048,4168394891,3030992010,6169890000,-85823438343,1992346328,-4067648306,-52132058866,-29.2,3156092272,-0.0927024912595283,11.950487699846862,-1.2888242660352738,-16.517913410992946,0.6712754568997126,-3623.039149447138,-17.786109952840157,27.65,3,71.3,3.411193995222221,11.41545913401898,-0.5295720704900229,-12.63924434555466,3156092271.0,0.4427588599440112,-3106.9358821063893,-39.07142591889562,70.0,100.0,-5.47945205479452,0.0,-4.605983743586794,-0.3818089258442292,-1.0183299389002087,-0.52087931491126,-4.605983743586794,1.018780022625032,-2.983660203303496,0.8630997806762908,2.19284210526316,-2.4919351616730765,-1.714189,IT,Growth
컬러레이,2017,Aug_17,60.49,0.0,3800.0,0,2017-08-10,54657894,258246769,79660677,66813131,63698,34371405,236659212,0,40079227,33666785,6.6,66162040,0.2467500894926568,3.865209804342203,0.6057737488142748,0.5088534906118373,0.1242176451230969,0.6159546688718011,6.762371365096437,52.62,1,74.39,-0.0026585525114038,0.1310687211898407,0.0277995828540799,0.015015390807385,66162039.0,-0.341314732193764,-1.405721266904283,4.926990182234631,93.75,0.0,0.0,0.0,15.449291479216164,0.4595588235294157,-1.2422360248447228,0.5733392137355464,15.449291479216164,0.2823370160882188,-0.3182299012694067,0.6352712181861842,-3.697460470355829,-0.7446765072170791,-0.886481,서비스,Protective
컴퍼니케이파트너스,2019,May_19,865.66,27.8,4500.0,850,2019-05-23,15610000,27063776537,1739605009,4433706622,1143973819,7695000000,15584486630,-637097653,8156161804,6198119643,136.7,14861383788,0.2463379834462597,6.104097281202563,0.5488157711521985,0.4170620805853049,0.2737396504095046,397.060835554132,2.8476263300232096,41.64,6,74.38,0.0004537981956356,-28.80075078958678,0.0918065669022121,0.0789272025950744,14861383787.0,0.1416296429617795,183.34583536194748,-2.7689267552949826,93.33,225.0,1.3157894736842035,0.0,13.90903098220171,0.1093113385670196,-3.7937743190661344,0.1718921201033341,13.90903098220171,-0.5090168614904411,3.710942635523029,0.4398172093083019,-6.9217037622867466,0.05418832776711291,-0.29897,투자,Sensitive
케어랩스,2018,Mar_18,934.42,40.19,20000.0,886,2018-03-28,5977430,7587433430,23712055327,7441470265,5126340193,2167700000,7538341875,9025636424,4799733563,4001533596,160.0,28848365280,0.6709388372675041,1.01961482876395,0.1663780084734146,0.1387091974592468,0.2136238692618175,669.440477931151,3.902649606094396,37.84,1,82.6,0.1465953200850906,-0.0372033145288965,0.0775587070921019,0.0649970071687705,28848365279.0,0.1418398573394735,544.5011747523602,-7.658585589352162,93.75,166.67,5.128205128205132,0.0,46.42252868235022,-0.0400320256205066,-0.091074681238612,-0.1052045925850952,46.42252868235022,0.4951696050179421,-0.7123140480557066,0.241242363167049,-0.5667713350979042,-1.9747625366837274,-0.36993,소프트웨어,Growth
케어젠,2015,Nov_15,833.46,62.0,110000.0,263,2015-11-17,10710000,48724674488,25523984679,5684886370,1547633310,4545000000,58749967643,2010797844,10337827573,9757743690,-2.7,18748442271,0.1107485629494647,8.570914406509061,0.5513966133064027,0.5204562357211527,0.1494162669594985,911.0871792717088,6.48261339374924,60.6,6,74.66,-0.019076271481322,1.7192870527225963,-0.0067767696906421,0.0252566055137409,18748442270.0,-0.1244646942236771,-410.535535760971,2.945180922235208,95.24,300.0,0.0,0.0,7.596947642841623,-0.3966183070660656,0.5655042412818112,-0.1895415201229822,7.596947642841623,-0.3076910372981856,0.3300876169241684,0.2786602411644745,-3.864362965175205,0.26733969626535625,-0.504646,화학,Sensitive
케이디켐,2015,Nov_15,66.2,3.0,16000.0,5,2015-11-19,4034800,28977403932,15794374033,6814816724,1965841301,1400000000,34639836046,-48716106,3524896903,2971201365,-21.9,22514525492,0.2439673463798304,4.252117863999067,0.1565610123230217,0.1319681983107192,0.0825537346421346,736.3937159214831,10.21054542314936,69.64,6,70.5,-0.0892670215304541,1.1954097163422164,0.0136101530691104,0.007872791126726,22514525491.0,-0.0853631901364924,-595.1944587092296,5.04073680453159,93.33,41.94,0.0,0.0,7.596947642841623,-0.3966183070660656,0.5655042412818112,-0.1895415201229822,7.596947642841623,-0.3076910372981856,0.3300876169241684,0.2786602411644745,-1.9985513459178983,0.26733969626535625,0.118184,화학,Sensitive
케이쓰리아이,2024,Aug_24,239.23,0.5,15500.0,34,2024-08-20,7486442,7976397520,6695427976,2032269408,583646749,3022221000,2085884871,372638218,191527654,219774608,-31.9,3506428302,0.4772921549557867,3.9248721102630495,0.0546218651870783,0.0626776277942556,0.0400994106696376,29.356349518235767,62.94605028159537,45.76,24,63.69,-0.0393938781998587,0.0977049037121764,-0.0308212282147639,-0.028083007792109,3506428301.0,-0.1883921867160916,-128.9607773625976,52.40431945214274,71.43,100.0,0.0,0.0,-8.833720350625507,-0.150552024088324,-2.7965284474445573,0.3592394637693896,-8.833720350625507,0.5827610771649949,-2.1129407682632384,0.189106329190225,-1.5177909494958342,-0.26684211328477137,-0.570024,소프트웨어,Growth
케이엔알시스템,2024,Mar_24,873.2,14.71,13500.0,2267,2024-03-07,10867713,13671832354,22616750878,30439860130,866063754,870059300,-10149814953,1797737063,-6655066594,-6716915237,100.4,8127683890,-4.184154784892081,0.4491424170679985,-0.8188146443771204,-0.826424271404581,0.897741051589662,-618.061521959588,-0.7487016512339951,35.39,36,75.58,30.585864674748244,-0.0260453189079087,-0.8770972584315175,-0.8561860405397324,8127683889.0,2.187567556703548,-758.2264456192394,-0.8972352111865755,70.0,225.0,4.347826086956519,0.0,-4.135668340696197,0.2277520033741042,-1.1776251226692902,0.1494111443135937,-4.135668340696197,0.8449629016667792,-0.0788442188415117,1.6885750070358752,1.2939015992042169,0.08615753827548867,-0.524289,로봇,Growth
케이엔에스,2023,Dec_23,965.0,9.26,23000.0,1450,2023-12-06,4442278,25553533,15141586,15597395,99675,311106,22308961,137340,3863017,2876182,300.0,19566070,0.6897565263037216,1.638320565709851,0.1974344873548955,0.1469984519119067,0.1263844338680588,0.647456552696612,6.471120629290526,64.56,1,86.4,-0.217674053485141,0.0213897958922271,0.0225302774834668,0.0079241117474778,19566069.0,-0.1184203195235033,-0.4399850707227238,2.9184531801060385,70.0,133.33,0.0,0.0,2.7012327773749067,0.1277574312239293,2.5720164609053464,0.0443734469293577,2.7012327773749067,0.7355928719441573,-0.4891673471256741,0.5999631351792711,0.2893681325306207,-1.046649474170028,-0.433785,전자/회로,Growth
케이엔제이,2019,Oct_19,1.0,5.3,11000.0,1105,2019-10-25,5862750,18712603805,27358592258,27607467691,7991226735,2480506500,1905399459,-468626150,3254586252,3400683377,35.5,38285948677,9.087605726864735,0.6778094975766389,0.0850073294371615,0.0888232757581617,0.8681236834772147,580.0491880090401,3.217767429136181,31.6,2,53.7,-82.76659537280042,-0.0424790175775431,0.0671259414138743,0.0555932974911536,38285948676.0,-2.530278265196623,290.376973945674,-4.502183327577706,93.33,100.0,2.777777777777768,-16.666666666666664,11.318987922336031,-0.2382133995037172,1.73469387755103,0.2475098703328848,11.318987922336031,0.7447913034316134,-1.1206212684230166,0.9019404281386478,3.3255967021165844,5.617332589163571,-0.329761,기계제조,Sensitive
케이옥션,2022,Jan_22,1637.0,36.2,20000.0,1408,2022-01-24,8909420,52399536721,49890950771,27283696862,6277179829,3790710000,29040002060,15603585722,10491757934,8217629859,160.0,23082767351,0.6929155211882204,1.9205438685979783,0.4545277338050835,0.3560071344151027,0.1696655105022288,922.352954401072,6.550819341558781,49.68,2,78.56,-1.3662735369730843,1.0931768745293509,0.3918920091761019,0.4423271377348649,23082767350.0,0.2557132622657705,1156.7445140087682,-9.465024091470273,94.44,100.0,-1.17647058823529,25.0,18.379999999999995,1.055697124135424,0.5747126436781658,0.7785467128027523,18.379999999999995,-0.3436931313036573,0.8709977190166418,0.6199461496420255,-6.598332686569153,-0.49839963420208555,-0.336892,서비스,Protective
케이웨더,2024,Feb_24,1362.5,3.4,7000.0,1989,2024-02-22,9939614,6925177459,8152644322,2947287458,3320066155,4454807000,-12249270327,1684657861,-2057246152,-2027030543,137.1,9950753269,-1.025786115102474,2.349678325472656,-0.2067427556875543,-0.2037062409450843,0.3317667893487069,-203.9345333732276,-4.2826514267311655,40.53,5,64.42,0.2696065265563045,-2.557589405039094,-0.2509208384848737,-0.2444379792718341,9950753268.0,0.5036635317601846,-275.2332299825728,-18.330198117826143,71.43,220.0,1.4705882352941124,0.0,-23.598803843532167,0.3045942973178839,0.2952755905512028,0.5390121056817243,-23.598803843532167,-0.004876144979482,0.6172699592768005,0.1441005909174064,6.694992971819191,-0.3359450521774665,-0.379293,IT,Growth
케이카,2021,Oct_21,40.0,0.81,25000.0,8,2021-10-13,48086533,233528347875,251417333240,228406421239,58485346040,23442184500,128119169234,2311320356,38477578164,26543858363,-8.0,910583602776,1.8644750861429575,1.022424617522642,0.042255953266342,0.029150380351764,0.172505342615119,552.0019162745627,5.1472551882514574,72.0,1,77.6,0.6764313903947896,-4.128319039175463,0.0137637835752357,0.0109133620084776,910583602775.0,0.0052026464040092,50.20549622489938,0.6121565048901472,50.0,-104.49,-1.1494252873563204,0.0,-33.64443401306071,1.0370370370370363,3.0710172744721653,0.1744693224774662,-33.64443401306071,1.1284043169486058,1.1354891666809142,1.087504440920739,-5.932097799104829,-5.184352496385024,-0.50797,자동차판매,Sensitive
케이티비네트워크,2021,Dec_21,50.19,0.99,5800.0,327,2021-12-16,100000000,45669622832,189620205115,18781993565,20669248608,40000000000,112580051151,43258534623,77402377113,63059531179,-7.8,104348626167,0.2014477484969545,2.431564182681052,0.7417670932162048,0.6043158735801586,0.3219974803727976,630.59531179,2.5301365807938248,52.0,6,80.0,-0.0207219146264932,1.3827626905030137,0.0751353723781989,0.0703106339048476,104348626166.0,0.0867759142859492,272.9482886,-0.8753753493639294,94.12,0.0,-1.162790697674421,0.0,-3.819250139899266,-0.0181983621474146,-3.601108033240985,0.1636661211129375,-3.819250139899266,-0.170131933832851,0.066784455284008,0.8106912813637512,2.382817288962147,0.7003434207050301,-0.178494,투자,Sensitive
케이피에스,2017,Sep_17,75.3,0.0,14000.0,453,2017-09-06,4270000,19743295937,7310116050,16995869769,3807776165,1462594000,-3707753099,8701442,2723327656,2555349432,0.0,17547374309,-9.302052229285737,1.1616525782641165,0.1551985845884197,0.145625743601387,-1.1425878884860103,598.4424899297424,2.29490051967511,37.63,2,46.63,-5.782489902836481,0.2071237467839993,0.2633472825424596,0.3133100475906957,17547374308.0,-1.415147045677321,934.4375220140514,-2.9614790136155973,92.86,-50.0,2.564102564102555,0.0,14.448757990601012,0.6709362610551883,-2.156334231805923,0.1162577250198859,14.448757990601012,-0.0428950757842105,0.0707469998850296,0.3069946043555482,-1.7720511333082056,-0.3246242808644605,-0.527763,기계제조,Sensitive
켄코아에어로스페이스,2020,Mar_20,120.75,2.55,10000.0,265,2020-03-03,8995904,38268481188,40740893310,14737440216,25238727319,4571242000,-22446160651,2516194787,1735834354,-7135590009,2.5,34734675846,-2.602831321728619,2.5966844056441394,0.0499741054644071,-0.205431311368398,0.4645952406062478,-793.2043304374969,22.48671186455848,39.44,2,60.33,3.261814486964677,2.0564030432492126,0.067184461548535,-0.1362934461803516,34734675845.0,0.2965345713387632,-570.806583863056,-0.4438608357721207,93.33,-150.0,-9.210526315789467,-40.0,14.8597860653368,-0.883901082530536,-18.99897854954036,-0.219648562300323,14.8597860653368,-2.189067273992218,2.2030675411923277,1.0636181417109205,-10.0175126654098,9.357541899441335,-0.272181,항공,Protective
코난테크놀로지,2022,Jul_22,1482.6,6.86,25000.0,1386,2022-07-07,5680444,20953217199,1828811624,5654690056,3915783917,2222222000,-4287326653,107359263,-1176228385,-1147570972,22.4,2618518531,-4.88851820154203,3.7054581226370233,-0.44919612791543,-0.4382519957045131,0.5861696714300525,-202.02135114790323,-11.232134012817587,23.93,2,76.31,7.572657404253724,0.2116836457848006,-0.5746982478048315,-0.5443623139923738,2618518530.0,2.7937907810542737,-535.4412846953513,-17.62085736138294,93.75,100.0,-5.747126436781613,28.57142857142858,-98.07996385814322,0.283091704555205,-11.16856256463288,0.4805470843729953,-98.07996385814322,0.0746149115019356,2.3525267154656198,0.1496880537428024,-4.369645995583649,-2.466917609281727,-0.387523,IT,Growth
코디엠,2015,Dec_15,39.79,2.51,4700.0,600,2015-12-29,3793630,18391438384,5661092036,15307448484,664241200,1381815000,4925290159,-31045713,2165094261,1733875279,29.8,36025208175,2.5448595287253752,1.201469885933212,0.0600994240056185,0.0481295006146067,0.2762681414856694,457.0491268257579,3.732327447151272,41.2,6,71.87,-2.080602246696567,0.2111277689362604,0.0098982961887091,-0.0020908033232554,36025208174.0,-0.1331043389491922,-47.39194439099225,1.2886312201925216,94.74,0.0,-2.777777777777779,0.0,18.84582865363502,-0.2305354710258944,-3.1865042174320624,0.2996223070917514,18.84582865363502,-0.1361147410359642,1.759594433882827,0.2124048711981352,0.8860772482863322,-1.3551251352238445,-0.219675,기계제조,Sensitive
코리아센터,2019,Nov_19,37.77,6.04,18000.0,4,2019-11-29,24031048,79949643680,218779405809,92912750686,53450207837,2218616600,48008855066,14716239453,4217260505,2492501109,26.9,121992208671,2.253689479722077,0.8604808606968379,0.0345699168081586,0.0204316417921574,0.0383794068132763,103.7200337247048,36.129162707723225,69.5,2,87.98,0.126274105265375,0.0119454925469468,-0.0162668491441363,-0.0052633343664081,121992208670.0,-0.04149620447279,-99.08291673338591,22.154644305649697,90.91,-187.5,-2.7027027027026973,0.0,-6.324354946696198,-0.1392896229230888,2.306920762286868,-0.5597704940974224,-6.324354946696198,0.2796487607823694,-1.4086291201135026,0.7449523785150847,-1.700963706810921,1.0217809530796753,-0.178494,소프트웨어,Growth
코리아에셋투자증권,2019,Nov_19,945.66,2.25,10000.0,231,2019-11-20,6388000,1920350416749,0,1868923304726,0,23700000000,33254372611,-5527260588,4625762958,3419727827,-17.1,49045431460,36.34120663610573,1.027516972950658,0.0943158785701097,0.0697257160391998,0.066496594743072,535.3362283969943,11.117541579613295,24.19,6,76.33,35.74262718007289,-1.64310501369023,0.0447891331474733,0.0356699562566282,49045431459.0,-0.0486825508219179,-351.62945413274895,5.147505834382333,93.75,100.0,-2.7027027027026973,0.0,-6.324354946696198,-0.1392896229230888,2.306920762286868,-0.5597704940974224,-6.324354946696198,0.2796487607823694,-1.4086291201135026,0.7449523785150847,2.0081786242248656,1.0217809530796753,0.1035,금융,Infra
코리아오토글라스,2015,Dec_15,57.68,4.47,11000.0,430,2015-12-29,20000000,120690026253,250419483801,111179911172,31362267427,100000000000,128576331455,0,27635421780,24854483893,23.6,318394155729,0.6236086548928728,1.085538070508866,0.0867962595504478,0.0780619978281096,0.1087360346313595,1242.72419465,8.270810312742041,19.9,6,67.84,-0.1034716855610078,0.0794669810960193,0.0240948471382305,0.0187673315397298,318394155728.0,-0.0089234689133054,-31.29441814999996,0.2334896843263436,93.33,33.33,-2.777777777777779,0.0,18.84582865363502,-0.2305354710258944,-3.1865042174320624,0.2996223070917514,18.84582865363502,-0.1361147410359642,1.759594433882827,0.2124048711981352,0.8860772482863322,-1.3551251352238445,0.072658,화학,Sensitive
코미코,2017,Mar_17,580.68,30.91,13000.0,745,2017-03-23,8075000,38497655707,45719357968,30207739257,19457430818,3500000000,12793683759,60630408,12834781242,7777370325,65.4,69143837080,3.0368237743173103,1.2744302173516342,0.1856243706456448,0.1124810345136258,0.4755546607202461,963.1418359133128,2.6920477216186587,43.34,6,64.71,-1.099972899141679,-0.1412369572340777,0.0185851542167598,0.0274574973321648,69143837079.0,-0.1107302736647253,76.86777077399381,0.4024257282591561,93.75,100.0,5.333333333333323,0.0,-27.27272727272728,-0.0405063291139318,2.754237288135597,-0.0686250409701827,-27.27272727272728,0.3727101175602598,-0.8865248226950451,0.2562240915152003,4.5205051112447325,0.03881829124547975,-0.218868,반도체,Growth
코셈,2024,Feb_24,1267.6,8.9,16000.0,2518,2024-02-23,5661970,12984,2496,2606,873,2522,538,207,502,876,59.7,8916,1.0648913376186104,4.982348426707598,0.0563032750112157,0.098250336473755,0.2681359044995409,0.0001547164679431,23.906374501992037,18.47,3,67.64,-0.2216427098182678,-0.4603429886056265,-0.085812493451858,-0.038755651550197,8915.0,-0.3883292829526396,-0.0001483582569317,17.88671158064372,84.0,200.0,1.4705882352941124,0.0,-23.598803843532167,0.3045942973178839,0.2952755905512028,0.5390121056817243,-23.598803843532167,-0.004876144979482,0.6172699592768005,0.1441005909174064,4.925937871195596,-0.3359450521774665,-0.234945,기계제조,Sensitive
코스메카코리아,2016,Oct_16,573.0,30.8,54000.0,391,2016-10-28,5340000,48215244535,34910426608,45140765577,8782876251,2000000000,27213838613,-11809298,7398533150,6728678985,15.7,77652232459,1.8465717312427128,1.0681087021609244,0.0952777906791847,0.08665145575245,0.2304181984210161,1260.0522443820223,3.9470025642853273,60.3,6,67.32,-0.2100149374355207,0.0852631651003454,0.0308580944930249,0.0359486223583883,77652232458.0,0.0105569960288629,318.6334348314607,0.3671515024174621,94.12,100.0,0.0,0.0,-28.74493300739548,0.2934702861335347,0.2926829268292685,0.1371471318586614,-28.74493300739548,-0.6892587375687764,1.6063350459146308,0.4306130955507692,-1.8183409340632672,1.8207994579945819,-0.088795,화학,Sensitive
코아스템,2015,Jun_15,868.62,41.74,16000.0,752,2015-06-26,15729940,14935232538,20944877965,4544405644,2654628114,6577470000,492436033,4355402575,64738307,-377726061,160.0,3380088734,0.6300953440294152,3.28650954778191,0.0191528424531591,-0.111750338741255,-0.0330604689956047,-24.013191467990342,443.0309977831209,28.55,1,47.13,3.3963330000066927,2.0161726589858384,0.1580174078841229,0.3752735006744042,3380088733.0,-0.8940015231478067,378.1153656657305,451.7148195467423,93.33,216.67,-2.531645569620256,-14.28571428571429,53.9124545958259,-0.0510725229826425,-7.055503292568199,0.0200231847402365,53.9124545958259,0.8731079387486851,1.917948811934722,0.332615607456832,1.2139318900440177,4.556465863453807,0.108247,바이오,Growth
코윈테크,2019,Aug_19,163.5,2.9,34500.0,0,2019-08-05,9152858,33192389949,13758420633,13798520620,6498035816,3500000000,22275101386,0,6570181148,5880505883,-37.0,19981636981,0.7874481706995059,2.40550352194205,0.3288109554911546,0.2942955018445993,0.2281467605087309,642.4775608886317,4.056852245864439,53.32,6,68.53,-0.1642938163480878,0.3098917516400421,0.1920327512499617,0.1597237527304722,19981636980.0,-0.2825774934516817,-487.1593170133307,2.0467766243083263,94.44,100.0,-5.333333333333334,0.0,4.980343237317597,0.2289468445152431,-3.715170278637781,0.2399508000040295,4.980343237317597,-0.4041179290761199,2.864776101624256,0.8298560271109645,-6.9263386348099925,-0.9588274975351858,-1.283748,IT,Growth
코츠테크놀로지,2023,Aug_23,1836.0,17.3,13000.0,1725,2023-08-10,5081792,29220818502,5088075725,17300986355,925278206,405179200,24872435527,-9194985061,2785574622,2296576120,56.9,41835502370,1.1332888302173505,1.6889683572032388,0.0665839888180121,0.0548953876468054,0.142798545243826,451.9224950568618,5.773541135456252,17.0,6,72.39,0.2396062830507628,-0.2245363626392111,-0.0177712045434856,-0.0163351971602816,41835502369.0,0.0027137236061482,4.800192530508923,-0.2543250566168815,93.33,200.0,-2.6666666666666616,0.0,307.6674834160043,0.8324036728739381,-0.0966183574879209,0.8895677958486781,307.6674834160043,-0.8304130834931089,2.500971779522665,0.2611582294662184,-0.3142051376371912,2.4164098988924247,0.048358,부품제조,Sensitive
코칩,2024,May_24,988.32,0.16,18000.0,734,2024-05-07,8503460,20744148059,18158713615,13305924000,3361762006,3479230000,17590684959,1165260709,3668321605,4195570793,58.1,25900014771,0.7496089194378386,1.5590159735618512,0.1416339580279847,0.1619910579239414,0.1886906969229886,493.3957227998956,6.0614030235770455,65.57,30,80.22,0.0123895149850716,-0.3974695911762347,-0.008222506664023,0.0386295331564926,25900014770.0,-0.0849035123006617,-68.76510655662514,3.0525751423199474,81.82,233.33,2.8169014084507005,0.0,66.58588516332291,0.0755287009063465,-2.2840119165839057,0.0789404438207075,66.58588516332291,-0.1035814879391971,-0.1783847407938021,0.0224906223872167,2.393996472478221,-0.9178429813596956,-0.405525,전자/회로,Growth
쿠콘,2021,Apr_21,1594.0,30.0,45000.0,1956,2021-04-28,7955874,69623298005,72374504976,64762343708,10728840569,3311808000,39392628623,10098825033,11238744762,18897442285,45.6,51374145182,1.4296689619062952,1.0750583443816832,0.2187626620780783,0.3678395468781661,0.3578839960325196,2375.281745915031,5.917619815414756,45.32,2,57.15,-1.17128380673287,-0.241919799138305,0.0675232317666485,0.1458379278234026,51374145181.0,-0.0357972173290503,1224.3935319991244,-0.007818534230962,93.33,155.56,7.692307692307687,0.0,-7.396201950349823,0.9529309846953548,1.8886679920477207,0.1374705420267075,-7.396201950349823,1.3857640682604533,-1.0273912043995637,1.4226285469766786,1.2156169072873313,-0.39228665870583157,-0.310508,IT,Growth
쿠쿠전자,2014,Aug_14,599.0,95.2,104000.0,175,2014-08-06,9803360,278389512596,195162057809,81137353240,16834423735,4901680000,387226973958,-77064926877,25123363676,19234322376,99.0,142254758225,0.3109586047327256,3.431089399385984,0.1766082483952005,0.1352103972900341,0.0610489901652659,1962.0132664719035,14.949423105664238,33.1,6,94.18,0.0162224353675588,-0.1291594603715431,0.0405692564777011,0.0223084552774748,142254758224.0,-0.1270447307465168,-3897.177834640369,9.662764874533185,92.86,100.0,-2.73972602739726,-9.999999999999998,27.073374442450195,-0.1082570613128663,1.799242424242431,0.1748140614074245,27.073374442450195,-0.1337588912377341,0.5323894777092386,0.9433708039911836,1.9709040526498132,1.685350138565378,-0.430818,가구/가전,Protective
퀀타매트릭스,2020,Dec_20,185.0,1.5,25500.0,167,2020-12-09,14589324,22240845242,5510220244,2311753978,2455404589,6441162000,-116844729826,1162097,-7252056257,-7233190003,-5.5,1407810769,-0.0431798431883969,9.620766506149383,-5.15130045648912,-5.137899327292332,0.0655165977157689,-495.78650820284753,-3.169295177049259,32.73,2,59.54,-0.0053787540963948,-5.170357774602566,12.81073700291136,73.50686222938134,1407810768.0,-0.5512455369490203,3878.036842625471,-1.160324131474737,92.86,100.0,5.555555555555558,0.0,35.826117481862866,0.7795322806316118,-8.28282828282828,0.2397841942251899,35.826117481862866,1.5401576045591223,-1.936853039148956,0.5581519671069568,8.167086699484184,3.519132365719435,0.135085,의료/의약,Growth
퀄리타스반도체,2023,Oct_23,818.5,26.29,17000.0,1632,2023-10-27,10193520,7256819362,8646586217,9074092624,9424539077,4169760000,-10379800574,2197683414,-3292521363,-2539505707,21.5,6040367765,-4.610415016244466,0.7997294784942456,-0.5450862416156212,-0.4204223659550636,0.6329211497712233,-249.12941819901272,0.7882184611356157,26.92,3,81.82,-0.3337634265645759,-0.3909439871016756,-0.2048384603506939,-0.2090018091247881,6040367764.0,0.0943615037945436,-25.352501981651105,-0.2970822479258405,66.67,200.0,0.0,0.0,78.17836324885089,-0.1440311785139369,-1.6032064128256418,0.3721754541426758,78.17836324885089,-0.3004442090932757,1.5961247715254867,0.3613650049832273,-4.397338016299046,3.259973037276831,-1.025747,반도체,Growth
큐라클,2021,Jul_21,1219.0,7.23,25000.0,1500,2021-07-22,13355968,8909941033,1946579773,594697903,736094900,5657984000,2042165196,-48872630753,-2436953361,-2415690291,22.6,0,-0.0323223850658023,14.982297714609563,0.0,0.0,0.0586724481898345,-180.86972737580683,-3.908867586653826,17.03,3,59.03,0.1194969916846434,12.942072081636216,0.0,0.0,0.0,-0.6700046633994536,1961.2284273217783,-3.0523219540745794,93.33,100.0,2.2727272727272707,0.0,-13.19610977884359,0.9716064522214962,-6.750675067506751,0.2057814796668333,-13.19610977884359,1.0074820328515257,2.022652278605186,0.8904040002052582,-0.9619779509900116,-15.025167031517407,-0.240773,바이오,Growth
큐라티스,2023,Jun_23,52.89,0.0,4000.0,155,2023-06-15,26876911,11011536585,53481441762,36549389258,7600279713,11635955500,-16528162931,1474815558,-21482059260,-35758464934,46.3,8409446476,-12.919112180202694,0.3012782650694983,-2.5545152491675127,-4.252178194611533,10.46367120391405,-1330.4529279425003,-0.9469906553083404,16.5,3,57.23,98.0439957066074,-1.844345878876652,8.13585233808827,8.574243076889234,8409446475.0,-20.31064980058777,-572.3529417498909,-0.4523714158811673,93.75,-166.67,2.7027027027026973,0.0,-29.22743682310469,-0.2231185102548716,2.752293577981657,0.0269954107801728,-29.22743682310469,0.11177282158632,-2.3716129226553084,0.3787653680872749,1.6004206508403396,-0.40310151421261153,-0.066498,바이오,Growth
큐로셀,2023,Nov_23,20.88,4.7,20000.0,178,2023-11-09,13598293,26180914323,62211970214,9948815372,34334357943,5982368000,-143477929383,7236485383,-139745251263,-12610702106,8.5,0,-0.3399622865050877,2.631560979278368,0.0,0.0,0.0968124640005891,-927.3739068572798,-0.3156437218677699,11.32,5,85.21,0.8088433894585276,2.243392768043841,0.0,0.0,0.0,-0.232536515732294,1932.1854088597736,-2.5396227618654037,70.0,-264.86,-5.47945205479452,0.0,-4.605983743586794,-0.3818089258442292,-1.0183299389002087,-0.52087931491126,-4.605983743586794,1.018780022625032,-2.983660203303496,0.8630997806762908,2.19284210526316,-2.4919351616730765,-0.03594,바이오,Growth
큐리언트,2016,Feb_16,709.15,35.24,21000.0,959,2016-02-29,7227262,5001273394,494374231,860117201,112365585,2816411000,-29825490089,0,-6426665925,-7536642922,85.7,0,-0.0360057735695277,5.8146417583386985,0.0,0.0,0.2790410919663474,-1042.8074867079677,-0.7038120374990552,13.52,1,54.93,1.513039620426337,-8.695350435678389,30.870615969899667,49.73150061780007,-1.0,-0.2217853016950265,438.5553659186564,-3.966487957225025,92.86,100.0,-2.898550724637683,0.0,-14.949513644682987,0.0,-2.2862823061630237,0.4284274193548487,-14.949513644682987,-0.417981453678995,1.3048507493737649,0.9267944513468684,0.0208739941344182,-0.3677010343677054,-0.308629,의료/의약,Growth
큐리옥스바이오시스템즈,2023,Aug_23,191.0,1.2,13000.0,10,2023-08-10,8010968,11384,36200,2653,1693,3284,-37457,5760,-2426,-2030,33.3,2152,-0.1529581529581529,4.290991330569167,-1.1273234200743494,-0.9433085501858736,0.0714461690071446,-0.0002534025850558,-17.822753503709812,0.89,2,63.35,0.018578370971318,-0.6292908563796873,0.4508166932322694,0.6454713309803555,2151.0,-0.3422997827740716,0.0011818796430094,-13.982459308805687,92.86,0.0,-2.6666666666666616,0.0,307.6674834160043,0.8324036728739381,-0.0966183574879209,0.8895677958486781,307.6674834160043,-0.8304130834931089,2.500971779522665,0.2611582294662184,-0.3142051376371912,2.4164098988924247,0.37565,의료/의약,Growth
큐알티,2022,Nov_22,86.97,13.79,44000.0,7,2022-11-02,3961829,35518206323,32230347945,13511229656,11528731325,1326540000,35604079628,1637184322,7290281763,6792418592,-12.8,31683144251,0.6492451842335192,2.6287915480163013,0.2300996929233089,0.2143858746527537,0.1761162912154867,1714.465362336436,5.858291171098046,61.62,2,75.0,-0.2542409602686769,0.905766736050912,0.0003515967916863,0.0407436856834443,31683144250.0,-0.2270396620302265,-1437.031737614117,3.732944225444005,93.33,-64.35,-3.797468354430378,8.333333333333325,-7.987339415378891,-0.32442585161786,-2.7027027027026973,-0.082447783070727,-7.987339415378891,0.5070476095064613,-4.385067219940297,0.8038449693468674,8.044866311891141,-0.22102021803749317,0.394247,반도체,Growth
크래프톤,2021,Aug_21,243.0,22.05,498000.0,7,2021-08-10,48898070,1440577687875,657110625704,509713774841,166919475985,4278618500,231950183760,181052651003,227177957356,194018137317,-8.8,460993100237,1.6215272582449003,2.826248296555009,0.4928012094740813,0.4208699375701151,0.4649574904416281,3967.80767251141,6.255250638274429,13.28,6,58.53,-0.7795721818996464,-0.3520347276461226,0.029524258879185,0.0878611422209065,460993100236.0,-2.1798470426352754,-7408.248456002457,4.686389571075032,51.85,100.0,-6.666666666666665,50.0,-12.812523981275426,0.523168908819116,-0.6756756756756688,0.4791707412477919,-12.812523981275426,1.145164317938674,1.430094931729564,1.3184332465782544,0.8482824457152205,-3.029340100943523,-0.93195,게임,Growth
크리스에프앤씨,2018,Oct_18,7.89,0.0,30000.0,0,2018-10-01,11715480,134609005146,80796642252,72898297195,4090000000,9957480000,128049774595,-775186232,19936407762,18427653080,-20.0,123422285171,0.561008065486225,1.8465315422378985,0.1615300489241336,0.1493057194206761,0.1342809541517367,1572.931973764626,6.942943375527855,59.6,2,67.06,-0.1677005949321182,0.3070613539040598,-0.0032969764688456,0.031609016407446,123422285170.0,-0.1382285501203594,-1250.572925309078,4.29703765224839,95.0,-95.24,0.0,0.0,-26.972527211369368,-0.3446917470947497,-0.7920792079207928,-0.1796030771993972,-26.972527211369368,-0.0624841584887736,0.9111190433696236,0.9694242117605169,2.241203701679928,-1.9250662711959965,-1.077649,옷,Protective
클로봇,2024,Oct_24,933.9,0.87,13000.0,1037,2024-10-28,23955983,23825955342,4777978936,5885893813,1347565650,10432991500,-45674517979,3094362088,-5907215539,-5574612240,-22.5,11551156056,-0.225010808885685,4.047975736391356,-0.5113960464529975,-0.4826021060553837,0.1734091434067722,-232.70229570625423,-3.617690039225772,16.21,36,71.77,0.0066057734065515,-0.2359679605174358,-0.2732134938255642,0.4448429067381951,11551156055.0,-0.4400269319494486,704.3468908372492,0.9129190608950944,66.67,240.0,0.0,-7.14285714285714,-5.249921408362157,-0.1258811681772331,1.8000000000000016,0.0348887919755735,-5.249921408362157,-1.0191509687987763,1.9613131358535263,0.9842997943111164,0.0785326274335362,0.46017924977079816,-0.644137,소프트웨어,Growth
클리노믹스,2020,Dec_20,494.0,1.19,13900.0,341,2020-12-04,13205141,11901306848,9917097637,1637521531,1678785092,1117364900,-17159203046,198036474,-5765827798,-6724218652,36.7,6973715142,-0.209312555891226,7.267878084468374,-0.8267942811822984,-0.9642233035161734,0.4244068936992182,-509.2121812254788,-3.208923074049809,24.14,2,53.21,4.637109563317293,-1.7624036631689988,0.2685335016498527,0.4403106970955852,6973715141.0,-0.8511238637396812,-73.00664998578964,-2.084784784035987,94.12,100.0,5.555555555555558,0.0,35.826117481862866,0.7795322806316118,-8.28282828282828,0.2397841942251899,35.826117481862866,1.5401576045591223,-1.936853039148956,0.5581519671069568,7.409271616929391,3.519132365719435,-0.052457,의료/의약,Growth
클리오,2016,Nov_16,153.08,10.42,41000.0,5,2016-11-09,17988000,40637901116,35396898967,27946452462,3775200521,7312207500,33147105356,400434434,15451834876,11892942165,-10.2,90300608069,0.776354605373772,1.4541345156869951,0.1711155130228251,0.1317038990026781,0.2910674429920097,661.1597823549033,2.867824271719845,69.03,6,73.75,-0.5418210551956157,0.4554024063259698,-0.0394756248524157,-0.0335439644801224,90300608068.0,-0.3769210062969331,-322.5097686235267,1.6931247035049093,93.33,100.0,-4.000000000000004,0.0,49.627619151015104,0.4493677500261306,-6.712062256809325,-0.1473350003631579,49.627619151015104,-0.8479770075943138,3.2311957912697364,0.3548201278352536,-4.029207095952159,4.898405086927447,-0.287281,화학,Sensitive
타이거일렉,2015,Sep_15,230.02,1.36,6000.0,242,2015-09-25,5589290,15323422748,18912162100,6053586975,7322490168,2290000000,18477204664,92303041,1892888374,1421879713,23.8,13916104167,0.6412460606533763,2.5312963720984616,0.1360214289347378,0.1021751271718545,0.0681645862936246,254.39361940425349,11.019935455000052,44.74,6,74.34,-0.0800483867211063,0.4032919639426149,0.0009724283766061,-0.0048616898622798,13916104166.0,-0.0745510683775974,-241.59899092729128,5.46639170685639,93.33,0.0,2.857142857142847,0.0,12.232456351305876,-0.4334812674166577,1.2720156555773077,-0.2594183567369956,12.232456351305876,0.0477297783555652,0.480027139343564,0.5344390568690738,3.166385233801683,0.8553633771020914,0.997077,전자/회로,Growth
탑런토탈솔루션,2024,Nov_24,841.12,1.2,18000.0,984,2024-11-01,19592224,214426877273,176126874997,215654799724,43591378363,8508612000,98171840731,8749642966,14863499071,10427172986,-23.7,255556736319,2.245914954168558,0.9943060740935444,0.0581612493769155,0.0408017927298313,0.0903332265561917,532.2097678140062,8.834230321929557,58.27,6,87.84,-0.8628840041213564,0.1192164144002495,0.0004039959172168,-0.0032768212119907,255556736318.0,-0.1600086510149747,-623.9111237703285,5.649920485259222,77.78,300.0,-2.777777777777779,-7.692307692307687,22.43887499361952,0.0756238971514999,-1.080550098231825,-0.2528555235853047,22.43887499361952,-0.0716753479108822,2.3791329904482077,0.7845836519063676,-3.0850573135261405,-0.26401037511315506,-0.677916,부품제조,Sensitive
탑머티리얼,2022,Oct_22,451.49,20.61,30000.0,11,2022-10-18,7988047,26475079948,17904752888,7951729310,2244367004,2975505000,1811143827,400917817,8269640026,7579613965,23.3,37807938027,1.965487291771552,3.329474497415959,0.2187276127064732,0.2004767876943494,1.4611116319376194,948.8694752296776,4.133642627070258,2.14,6,67.79,4.0203847005912685,-1.9844818930064136,0.0676519102696154,0.0661867907289697,37807938026.0,2.995123225461491,412.5129788294936,-1.3027309797411553,95.24,100.0,-3.658536585365857,20.0,2749.336870026525,0.5148888698189191,-2.9508196721311557,0.3124425657048402,2749.336870026525,-0.662469750578798,2.5201388339956665,0.5247206058147658,1.306203679523077,0.9882057129422464,0.352342,배터리,Growth
태웅로직스,2019,Dec_19,1.0,2.53,4500.0,619,2019-12-10,17650000,67835495741,12633033365,53070188627,411603068,1500000000,26859852052,-2001208794,10032649367,6782338066,35.8,155888340803,2.029003965474132,1.278222246726442,0.0643579200042837,0.0435076672896981,0.2573098319065235,384.2684456657224,2.6898914158972222,25.4,6,77.34,-0.1201421468064287,0.0436083134323272,0.0164445164718787,0.013509395820472,155888340802.0,-0.0936066684589804,-30.348528951841388,0.8519879113979913,94.74,100.0,1.388888888888884,0.0,-23.541701028093897,0.2789678190694422,-0.3921568627451077,0.2392416642373884,-23.541701028093897,0.332762996335223,0.7186603280654236,0.5705517908742186,-1.285453484651733,1.2936039831482278,-0.356168,유통,Protective
테고사이언스,2014,Nov_14,591.09,76.71,13500.0,622,2014-11-06,3560000,12058755000,5119266000,457104000,2634788000,1505660000,10217548000,-466690000,519536000,446674000,130.0,2778141000,0.2746757034457724,26.380768927858867,0.187008506767655,0.1607816161958662,0.0396813650544511,125.47022471910113,27.112902666995165,55.74,6,58.58,0.0804586245304589,3.638048504160615,-0.1014768997802905,-0.0922922282161038,2778140999.0,-0.1018663072991677,-322.8913202247191,19.63421464129753,93.33,150.0,-6.578947368421051,0.0,43.83646871981271,-0.3086727073583595,-2.083333333333326,-0.2016878085027262,43.83646871981271,-0.1726619709831456,3.2840381785943284,1.2375331286426317,1.884608504414253,1.7301550971637556,0.45177,바이오,Growth
테라셈,2014,Oct_14,18.4,0.0,3000.0,54,2014-10-30,13966340,12352963879,9009596249,6925826752,131939880,6056170000,4913623671,-302208665,2931515764,2026014611,-8.5,13190836332,0.6616086610071865,1.7836085598636702,0.2222388095960495,0.1535925820021765,0.1899225185325886,145.064104912239,4.879657708707446,59.75,6,61.78,-0.2294621905888791,0.2360678770068109,0.0182120083590302,-0.0031097475456542,13190836331.0,-0.3973222006606061,-218.28925609715927,3.021290136351705,93.75,-120.0,4.109589041095885,-11.111111111111116,-6.775444166310529,-0.701997231560203,-2.583025830258312,-0.3016192189649658,-6.775444166310529,-0.1875012321398972,2.6170105686965206,0.8575487625935629,0.9279104754446266,-1.1654421813784275,-0.443899,반도체,Growth
테이팩스,2017,Oct_17,16.81,0.0,23000.0,2,2017-10-31,4717650,27173801077,129300662394,18687716232,62194789006,3575000000,4493087196,3323414,6381993525,4023875613,17.4,53962227525,10.020863656445798,1.4540996202879417,0.1182677924487699,0.0745683749088339,0.4985343711809998,852.9406829671552,11.844568305637695,45.39,6,70.79,-12.659997956780732,-0.0993900448153379,0.0342793848339601,0.0668385579697286,53962227524.0,0.3787313343529245,748.7589715218381,-1.5244395927108965,92.86,0.0,-1.2499999999999956,0.0,-26.797418959932678,0.111077451277386,1.4692378328741815,-0.0967689361528689,-26.797418959932678,-0.0549166352738494,-0.0017674245972432,0.3245250799673638,2.6552380642431705,-6.108574663461175,-0.559058,부품제조,Sensitive
텔콘,2014,Nov_14,162.88,8.81,14500.0,482,2014-11-24,5022000,31364095,3605331,9359316,384433,2000000,23340463,-114786,3494397,2747946,-19.0,26620141,0.3862631318081175,3.351109739215985,0.1312689140151436,0.1032280783185934,0.1089344797366588,0.5471816009557945,7.218892701659256,69.69,6,75.72,-0.0442331995130778,0.2964805982540257,-0.0801262135413919,-0.0659276217827795,26620140.0,-0.2415913627443046,-1.0237451214655515,4.936072947002076,92.86,100.0,-6.578947368421051,0.0,43.83646871981271,-0.3086727073583595,-2.083333333333326,-0.2016878085027262,43.83646871981271,-0.1726619709831456,3.2840381785943284,1.2375331286426317,2.240090120349936,1.7301550971637556,-0.034352,기계제조,Sensitive
토니모리,2015,Jul_15,417.0,55.2,32000.0,771,2015-07-10,11760000,58205748234,43761063028,39776373831,9990346190,2000000000,50200091241,0,4667389651,4574733980,57.8,49903260587,0.9533837745845024,1.4633246479757522,0.0935287513500846,0.0916720455975924,0.0876384288080865,389.00799149659866,11.184001153581852,63.95,6,80.0,-0.008254691129958,0.0269693036479032,0.0210465566829719,0.0350588459294543,49903260586.0,-0.146398762882369,-598.5922848639455,7.846653205002827,93.75,147.37,-12.987012987012992,0.0,-11.412999999999997,-0.3576903423607502,2.1255060728744946,0.1801725863721959,-11.412999999999997,-1.0478798599782737,2.78906671461967,0.8612846181647926,-1.167305708557964,-0.9549418113042663,-0.400938,화학,Sensitive
토마토시스템,2023,Apr_23,363.22,1.89,18200.0,266,2023-04-27,5194222,13199327799,4121796244,3150954940,1440720977,2145611000,4983430364,0,7457456006,4576290898,-19.5,27089927107,0.6440804145402907,4.188992876870527,0.2752852001610962,0.1689296128381789,0.6419223377085739,881.0349072488623,1.706942436637688,19.35,1,51.81,-4.702983317998148,3.194283641574926,0.2099576373522723,0.1126831622852101,27089927106.0,-0.1431686780789078,633.5337752217753,-0.1577958057687083,94.12,0.0,2.8169014084507005,0.0,1330.5043050430506,-0.0768902178556185,3.482045701849823,0.2262034020991565,1330.5043050430506,0.1441812305249978,1.0936411049757622,-0.33726232230602,0.2168317666568997,1.9795906122648699,0.47822,소프트웨어,Growth
토모큐브,2024,Nov_24,967.71,0.13,16000.0,39,2024-11-07,12731194,11895455197,4003714711,1706735884,283506523,5335597000,0,-56451486345,-4494712267,-4261303127,-37.1,2928075020,-0.0389358853480396,6.969710608721226,-1.5350399960039276,-1.4553258020691011,0.083365528441438,-334.7135490198327,-3.0945089862856845,18.07,36,67.83,0.0032372453733883,-2.0120509317659296,0.2617694297990296,4.829309995706796,2928075019.0,-0.39713487653252,1515.0892647618125,-0.4645650319266741,71.43,204.0,-2.777777777777779,-7.692307692307687,22.43887499361952,0.0756238971514999,-1.080550098231825,-0.2528555235853047,22.43887499361952,-0.0716753479108822,2.3791329904482077,0.7845836519063676,-1.12536721900518,-0.26401037511315506,-0.542219,부품제조,Sensitive
툴젠,2021,Dec_21,29.54,0.03,70000.0,164,2021-12-10,7852427,14337280215,12163881529,4946055952,1418784610,3408356500,-69819321605,86547286287,-15544181434,-15597313149,30.1,1346864344,0.3160875566332134,2.8987298878417542,-11.541014878926813,-11.580463332096349,-0.7745860332692025,-1986.304762718584,-1.2954249966457256,1.43,1,36.08,0.2019723992785269,-8.406686361234552,9.187741988181816,9.030826237691349,1346864343.0,-0.2298716174629195,-114.55685879028238,0.5299959854786072,93.33,-150.0,-1.162790697674421,0.0,-3.819250139899266,-0.0181983621474146,-3.601108033240985,0.1636661211129375,-3.819250139899266,-0.170131933832851,0.066784455284008,0.8106912813637512,-0.1002240106197649,0.7003434207050301,0.02903,바이오,Growth
트루엔,2023,May_23,1688.87,7.78,12000.0,2963,2023-05-17,10999650,43372278817,11717357069,3748346739,236755045,842465000,48780183444,0,9009323935,7633486968,43.3,38831800711,0.0803081235879067,11.5710423386741,0.2320089146019927,0.1965782381510224,0.1538307044738758,693.9754417640561,5.672404996280112,1.38,6,61.91,-0.0518532069175342,3.8142080566126593,-0.0409138797877812,-0.0402106236776803,38831800710.0,-0.0508937575303432,-80.5707537057998,1.2975771307301516,95.0,100.0,1.3698630136986356,0.0,78.63284608770422,-0.3676470588235281,3.154574132492116,0.3249977430712203,78.63284608770422,-1.3359457606577083,0.6212074150953484,-0.1470530768406308,0.2265952061453857,0.44742807803250795,-0.191017,기계제조,Sensitive
트루윈,2014,Jul_14,472.0,44.6,10500.0,1018,2014-07-11,7439388,16827941000,24796169000,17630491000,8160467000,2550000000,11563431000,7398000,4040784000,3593138000,37.6,15254810000,1.8264478664814932,0.9544794299829766,0.2648858950062308,0.2355413145099807,0.2544565903319132,482.988385603762,3.9183366396224097,28.5,2,42.59,-1.1102944044899303,0.0737797093398483,0.0923520776183912,0.083524426285087,15254809999.0,-0.4652994150535785,-559.9768421811041,2.4997484329711552,94.12,178.57,-3.9473684210526327,0.0,-1.1332091781158904,0.0787944449916366,-2.3126734505087843,0.146422205245722,-1.1332091781158904,0.4040057661489182,0.0559174383927052,0.5803138750699599,0.699775180766804,-0.15306943447647114,-0.227048,자동차,Sensitive
트윔,2021,Nov_21,1627.34,9.3,22000.0,2261,2021-11-17,7254294,41514927706,12546976949,4429436493,458868267,2999147000,41633717589,4540735306,2703519626,3216959496,86.8,15038598227,0.0994091295011542,9.372507715509084,0.179772049574817,0.2139135208908191,0.06542045941052,443.45590294520736,18.18873420488348,50.42,6,68.52,-0.05381237923812,3.156552407133,0.0369194054254923,0.1290268162387527,15038598226.0,0.0316720862878003,229.79018468234125,0.5811996687276952,93.33,161.54,0.0,33.33333333333333,18.97965128375847,0.7148093841642167,0.8379888268156277,0.5031446540880502,18.97965128375847,-1.1295902700599547,0.0076089345800944,1.369195361030484,-1.5660148527188444,-7.860156172563759,-0.69812,소프트웨어,Growth
티디에스팜,2024,Aug_24,1331.2,3.37,13000.0,1608,2024-08-21,5530000,25445,9353,10370,683,500,26545,-3300,938,809,300.0,7363,0.4654874710465361,2.453712632594021,0.1273937253836751,0.1098736927882656,0.0340703305959149,0.0001462929475587,25.31449893390192,50.08,6,81.78,-0.0150093692236752,0.0215218725344086,-0.0395336266080716,-0.0461381545277847,7362.0,-0.1702443349085522,-0.0007014466546112,20.740136892434613,71.43,291.67,0.0,0.0,-8.833720350625507,-0.150552024088324,-2.7965284474445573,0.3592394637693896,-8.833720350625507,0.5827610771649949,-2.1129407682632384,0.189106329190225,-2.5105659601037944,-0.26684211328477137,-1.151939,의료/의약,Growth
티라유텍,2019,Oct_19,1.0,11.5,12050.0,1164,2019-10-31,5433750,13923117378,9482183272,5786379079,2708733086,427500000,7057152884,7696744,1707427033,1478830813,71.4,14807378066,1.1338381931954338,2.406188254850076,0.115309207706428,0.0998712132835739,0.197378777876755,272.156579342075,8.732547978230352,50.89,6,79.91,-0.7583903949896111,0.2390754503441172,0.0400220885146731,0.0328815466783898,14807378065.0,-0.0167749329995401,-8.574766781688481,4.577638823046011,93.33,100.0,2.777777777777768,-16.666666666666664,11.318987922336031,-0.2382133995037172,1.73469387755103,0.2475098703328848,11.318987922336031,0.7447913034316134,-1.1206212684230166,0.9019404281386478,1.9010960525479348,5.617332589163571,-0.508649,IT,Growth
티로보틱스,2018,Nov_18,56.9,0.4,16000.0,177,2018-11-29,5399459,28453228502,18725561994,23753587760,6086668708,2287729500,-3183622228,34767443476744,2320564612,2808274186,-18.4,33808161772,0.0008583037011624,1.197849722302329,0.0686391832732502,0.0830649771773696,8.07751813496463e-05,520.1028817887126,7.471687682531979,21.44,1,40.12,8.118561039672052,0.2315491806478419,-0.0221095552150218,-0.0207735065761184,33808161771.0,1.9756112978666929,-833.3472427515422,5.381512068067604,93.33,0.0,-5.1948051948051965,16.666666666666675,-27.580259368338844,-0.6917679612609917,-3.592814371257491,-0.710708609470112,-27.580259368338844,0.0594128434202811,-0.1972037742856924,0.4908160443665155,1.3427033349471929,-2.0349492911830973,-0.333386,로봇,Growth
티슈진,2017,Nov_17,299.49,22.45,27000.0,299,2017-11-06,63315495,8274067,23697373,2629177,14652685,2232,-56686767,-1285,-2875741,-3285740,58.1,0,-0.3048709888998694,3.147017869089833,0.0,0.0,0.0579640552081631,-0.051894721821254,-5.108101877046646,27.54,1,63.2,0.014850998682019,-4.69634072565144,-0.4516772842571689,-0.5498111948256934,-1.0,0.1760711047538509,-0.151374809594397,-8.565266461994495,95.0,100.0,2.5316455696202445,20.0,13.638422409588191,-0.10086746015735,3.076923076923088,-0.7443131417151916,13.638422409588191,0.7252984150208253,-2.344530166052472,0.643241402666761,2.6179675330164187,-2.658112561145032,-0.558971,의료/의약,Growth
티쓰리엔터테인먼트,2022,Nov_22,1744.08,3.85,1700.0,1384,2022-11-17,65587752,82010225340,26723472603,24695521728,4649407871,4807775200,45769637627,10841926469,7771586162,9203380020,22.6,35655624287,0.4777799620666242,3.320854130691075,0.2179624201625186,0.2581186055226508,0.1498449857242176,140.32162620850306,10.215259367795452,35.39,30,68.42,-0.1129273453626517,0.3597013750595415,0.0850134154430988,0.1109412924027428,35655624286.0,-0.0396448302476977,-13.763755266379633,2.6405555988573246,93.75,100.0,-3.797468354430378,8.333333333333325,-7.987339415378891,-0.32442585161786,-2.7027027027026973,-0.082447783070727,-7.987339415378891,0.5070476095064613,-4.385067219940297,0.8038449693468674,7.692646799506253,-0.22102021803749317,-0.178494,소프트웨어,Growth
티앤알바이오팹,2018,Nov_18,101.9,1.0,18000.0,500,2018-11-28,8118084,12053797627,915573613,382013000,5438224149,3237777000,0,-10297407405,-2212091392,-2126330036,-30.6,515080089,-0.8244393566096326,31.553370243944578,-4.294655218171324,-4.128154206325767,0.301195659548129,-261.925108929644,-3.2318439088252644,36.29,3,62.5,-0.747467500569251,-29.44989333442317,5.961095399984029,5.8784737859256735,515080088.0,-0.4886684392475762,237.9594151772758,-1.0508516381121198,93.75,0.0,-5.1948051948051965,16.666666666666675,-27.580259368338844,-0.6917679612609917,-3.592814371257491,-0.710708609470112,-27.580259368338844,0.0594128434202811,-0.1972037742856924,0.4908160443665155,0.7449955319382529,-2.0349492911830973,-0.446437,의료/의약,Growth
티앤엘,2020,Nov_20,338.91,0.28,36000.0,1109,2020-11-20,4064000,14314709178,30680492090,3978606997,4013289128,2020000000,33175532594,115046549,4390989459,3904326134,50.0,18332812143,0.2263314938176062,3.5979198721546912,0.2395153250221138,0.2129692980839704,0.110571002480258,960.7101707677166,8.427099515612843,56.63,6,59.19,-0.0826891810618404,0.8892841455528662,0.0029719115461548,-0.0101623315787553,18332812142.0,-0.1126716989477299,-832.182839074803,4.12491363807226,90.91,50.0,10.769230769230775,0.0,-33.35880660329541,0.0800160032006447,6.911447084233258,-0.089838291076072,-33.35880660329541,2.313522805577972,-2.439109620155855,0.9704313598061898,11.014016416249303,0.7908150243916889,-0.282514,의료/의약,Growth
티에스아이,2020,Jul_20,1.0,4.75,10000.0,1621,2020-07-22,9267115,42854095717,17440019642,28402210851,6597033739,3894882500,-11839904768,1619416048,489983358,815584531,72.0,8064278218,-5.532947099890768,1.5088295746347216,0.0607597288628168,0.1011354654381295,-0.1289338132401166,88.00846120934077,51.62393856037862,43.2,2,61.59,-1.2820785563508543,-0.0853911345513931,-0.0350794236312886,0.2996316198974851,8064278217.0,-1.826363580976981,1394.6183037547285,47.43547256419883,93.75,125.0,3.773584905660377,0.0,16.976630699994576,0.2211722127274606,2.9020556227327576,-0.0802326747567971,16.976630699994576,1.4051186583137645,-0.9181742299650296,0.4963052463004436,4.368797913242206,0.5246788370520838,-0.182313,배터리,Growth
티에스인베스트먼트,2016,Dec_16,30.87,0.0,1300.0,2,2016-12-15,22421004,6356102491,8274876920,169158039,688113971,8600002000,5336285382,-162579981,1788331527,1380262372,46.9,3688129879,0.0622397430874537,37.57493600998768,0.4848884355137972,0.3742445134210524,0.1002099385311314,61.5611313391675,7.701987686872558,60.39,2,61.15,-0.1916395836808382,35.17165130214698,-0.0651157797727803,-0.0469719886334957,3688129878.0,-0.1268407004378445,-50.6963194868526,4.328985437262928,92.86,-150.0,0.0,0.0,29.65419163849024,0.8739076154806291,-1.7726798748696535,0.1091056454378236,29.65419163849024,-0.2375701207422031,1.776798319617079,0.3006065873986774,3.149721949292461,4.714290006752721,-0.455191,투자,Sensitive
티에프이,2022,Nov_22,1295.18,4.83,10500.0,87,2022-11-17,11381000,32437194208,24353013179,14764283275,7513040087,900000000,34097595205,-484711180,5484503641,5040950585,-11.8,33228734268,0.6454784638068217,2.197004324817115,0.165053041044711,0.1517045622124266,0.1460599636167322,442.92685923908266,6.2927999111889,9.23,6,77.09,-0.1966777969875422,0.2319847214391786,0.0136130119971057,0.0148278517053936,33228734267.0,-0.1834758296859842,-422.33862323170194,3.550049544434194,92.86,100.0,-3.797468354430378,8.333333333333325,-7.987339415378891,-0.32442585161786,-2.7027027027026973,-0.082447783070727,-7.987339415378891,0.5070476095064613,-4.385067219940297,0.8038449693468674,7.692646799506253,-0.22102021803749317,0.048022,부품제조,Sensitive
티엘비,2020,Dec_20,1.0,6.0,38000.0,1551,2020-12-14,4916315,38352050780,47221557946,30054619791,19702389338,2000000000,33812656957,3942640,13426110769,10942238927,43.4,142451317497,1.3892164440190924,1.2760783881712825,0.0942505201419618,0.0768138836429536,0.3055074755872839,2225.699314832349,2.667682414753955,23.23,1,75.88,-0.5927459704864597,0.3457801185129469,0.0238062039916447,0.0158659559315978,142451317496.0,-0.0527716904316131,376.846489291268,0.2528253407172571,92.86,100.0,5.555555555555558,0.0,35.826117481862866,0.7795322806316118,-8.28282828282828,0.2397841942251899,35.826117481862866,1.5401576045591223,-1.936853039148956,0.5581519671069568,5.517694517450011,3.519132365719435,-0.217669,부품제조,Sensitive
티움바이오,2019,Nov_19,37.3,0.0,12000.0,5,2019-11-22,23189926,64150350413,3488878751,1244638730,6590630,10307463000,-25276401785,1112740372,-3036048479,-2710742306,12.1,1000000000,-0.0903010568054572,51.54134197077412,-3.036048479,-2.710742306,0.1956339123620487,-116.89309858082342,-21.866580940060143,34.5,3,72.98,-0.0628828190050078,6.429200636282353,1.606503173936487,9.47068613318859,999999999.0,-0.46036371693918,476.10640322871234,-16.381190309441756,94.12,-100.0,-2.7027027027026973,0.0,-6.324354946696198,-0.1392896229230888,2.306920762286868,-0.5597704940974224,-6.324354946696198,0.2796487607823694,-1.4086291201135026,0.7449523785150847,-1.3275499474237562,1.0217809530796753,-0.258489,바이오,Growth
티웨이항공,2018,Aug_18,23.03,0.0,12000.0,1,2018-08-01,46974812,195267470106,73832538266,160214726995,27293070334,31047280369,22436375701,383079402,46392131874,36309855536,-3.7,203849000858,3.480957137758363,1.2187860240344444,0.2275808646534229,0.1781213318837566,0.674068239291648,772.9643609004758,1.75875105857611,58.32,6,67.67,-18.053002689961456,0.2761214110937486,0.146937264792393,0.1101324327997253,203849000857.0,-3.843939074337265,-72.33350575197619,0.9834764474186306,93.33,-123.81,-8.750000000000002,0.0,37.32887639595837,0.4464285714285809,-1.9588638589618013,0.8844710416878065,37.32887639595837,-0.3271201557418446,-0.1469540434627547,0.5023373592949243,0.9632132197841649,0.14957196600423606,-0.565741,항공,Protective
티이엠씨,2023,Jan_23,31.33,5.36,28000.0,0,2023-01-19,11054364,163231563836,49137249332,105360356713,11830112406,4411557000,53761331667,531644285,44337906884,36874455090,0.4,237972319831,1.996276321878265,1.549269278583028,0.1863153954858586,0.1549527067525626,0.6281364187012705,3335.73736942261,2.1466584856613187,23.18,2,71.57,-0.6422455767539021,0.3338508581273753,0.0450576164595231,0.0371520561012124,237972319830.0,0.1057875212159193,2374.417679388882,-0.755934477890194,93.33,-66.67,-5.405405405405405,7.692307692307687,-411.23677111433904,0.361228175797712,0.6666666666666599,0.7413509060955503,-411.23677111433904,1.607890180287308,-3.777908071160762,0.0906735025394844,6.4362368091575695,1.0119162926536358,-0.114024,화학,Sensitive
파두,2023,Aug_23,362.0,21.88,31000.0,78,2023-08-07,48059180,40747036867,39105031258,16024890787,14327091472,4177071900,1648530491,5803268522,-4313488564,-4104436260,-11.0,17663847173,2.610054104656824,2.542734138322836,-0.2441987026808839,-0.2323636645970204,-0.3529522591407925,-85.4037929902258,-11.475650191615994,7.1,1,61.08,2.677380427247433,-3.7598004461067935,-0.2709236102339629,3.800506149001727,17663847172.0,-0.9151505366647728,4647.5105030298055,-38.6935097300622,92.86,100.0,-2.6666666666666616,0.0,307.6674834160043,0.8324036728739381,-0.0966183574879209,0.8895677958486781,307.6674834160043,-0.8304130834931089,2.500971779522665,0.2611582294662184,-1.0319755179052148,2.4164098988924247,-0.317913,반도체,Growth
파로스아이바이오,2023,Jul_23,303.31,0.83,14000.0,347,2023-07-27,12918962,13669277565,2813606520,646385582,66214567,5738481000,-74967655091,1423845107,-2229761675,-2032976451,-37.6,0,-0.0105095006495455,21.14725010218437,0.0,0.0,0.0299825468213526,-157.36376119072105,-7.072632072214623,32.67,3,66.2,0.0055132363266311,4.621549302305574,0.0,0.0,0.0,-0.0298341168570963,147.81068765431775,0.7936522406160043,94.12,0.0,-1.3157894736842146,0.0,13.806706114398429,0.2236174421604841,2.6785714285714413,0.1169485426412375,13.806706114398429,0.0830183279608487,-0.8028009346731424,0.3711712563397418,3.051398854637055,-0.5981191754993898,-0.452289,바이오,Growth
파마리서치프로덕트,2015,Jul_15,728.0,57.9,55000.0,561,2015-07-24,8814498,19470267655,25250014837,6467003356,8943279358,3342249000,24990952433,-1938896621,3894357455,3025655544,108.2,8420450633,0.5838487819157796,3.0107093785463626,0.4624880098148068,0.3593222828410589,0.1146328939349221,343.25897447591456,7.5262736193794,54.03,6,63.74,-0.208192115936913,1.2203004938714124,0.0015774518249074,0.0024545836678948,8420450632.0,-0.2421886972202095,-659.3763295425332,5.356374923523527,93.75,214.29,-12.987012987012992,0.0,-11.412999999999997,-0.3576903423607502,2.1255060728744946,0.1801725863721959,-11.412999999999997,-1.0478798599782737,2.78906671461967,0.8612846181647926,-0.3880365932626639,-0.9549418113042663,0.027277,바이오,Growth
파멥신,2018,Nov_18,764.16,18.81,60000.0,322,2018-11-21,6812226,22320785700,2599789998,1464175173,2425130706,2994485500,0,-31656000679,-2284901041,-2565584500,6.0,1975000,-0.1356978462132963,15.24461424534754,-1156.911919493671,-1299.0301265822784,0.0895132195202219,-376.6147071456525,-9.204455441009184,8.26,2,46.02,0.0625673328369831,13.543587269855225,-1138.5360831491926,-1267.9670317533426,1974999.0,-0.1555320294429489,575.117800114089,-8.609821409246155,93.75,141.67,-5.1948051948051965,16.666666666666675,-27.580259368338844,-0.6917679612609917,-3.592814371257491,-0.710708609470112,-27.580259368338844,0.0594128434202811,-0.1972037742856924,0.4908160443665155,2.57303182083124,-2.0349492911830973,-0.387399,의료/의약,Growth
파버나인,2014,Aug_14,241.0,18.7,12500.0,174,2014-08-04,4083000,16290259376,49946175140,25329630571,11289514397,1475000000,27784493036,-487590,2243392895,1906385270,-4.0,21928168475,1.2515512543850391,0.6431305553524648,0.1023064419428216,0.0869377336357773,0.0651555048075163,466.9079769777125,13.202007376420791,35.52,1,51.34,0.0812789642904716,0.1036201950001891,0.0241458867420307,0.0313578277004168,21928168474.0,-0.1782470878069001,-1163.89771173157,10.242250812544054,95.0,26.67,-2.73972602739726,-9.999999999999998,27.073374442450195,-0.1082570613128663,1.799242424242431,0.1748140614074245,27.073374442450195,-0.1337588912377341,0.5323894777092386,0.9433708039911836,3.3636074565761787,1.685350138565378,-1.071411,가구/가전,Protective
파워넷,2018,Jun_18,590.6,6.78,6500.0,1142,2018-06-07,12009614,41559580457,13221114046,20129664448,1325886619,10117117000,14269690513,8938335923,1593802370,1443987428,19.2,27478784774,0.6438247177601736,2.064593802065548,0.0580011955808188,0.0525491734760511,0.0433302689536246,120.23595662608308,20.909206852289973,33.17,1,64.74,-0.0322619619682189,0.0792980222910781,-0.0007882958122201,-0.0028808899008819,27478784773.0,-0.1710090770357668,-445.6418240419717,16.51031004901359,92.86,100.0,1.2345679012345734,0.0,-25.601189795217937,0.0299102691924346,-2.463503649635024,-0.2020630638822407,-25.601189795217937,0.3303476715982301,1.52454036176477,0.6034642903600007,0.4374303810847912,-0.3300689154878351,-0.283632,에너지,Sensitive
파인메딕스,2024,Dec_24,1260.25,2.36,10000.0,1631,2024-12-26,5625900,7177546714,10584264363,3037228756,2707329651,499890000,2880201198,8637165472,-716427292,-700095551,60.0,3722528735,0.4780257728322282,2.3631893711729366,-0.1924571556060802,-0.1880698849729631,-0.0582575183525642,-124.4415206455856,-16.77386219675171,26.48,12,74.57,0.0102883245956507,-0.1181318644341677,-0.27848924120609,-0.3038722294266903,3722528734.0,-0.1514152755970666,-333.4512709077659,-31.22286502990593,71.43,100.0,-2.857142857142858,0.0,0.1427856755742862,0.3442485306465181,-12.413108242303872,0.445804195804178,0.1427856755742862,0.0510549441672836,2.9453558971709093,0.0,-0.4988021377234419,1.5594889064884168,0.656142,의료/의약,Growth
파인텍,2015,Aug_15,382.64,45.68,10500.0,1042,2015-08-17,4997621,74688372033,44690608968,76623091999,17211688318,1950000000,17650083046,-355882362,5673539430,4741443684,62.9,64411686125,4.876003002557339,0.9747501710577636,0.0880824547736523,0.0736115442591978,0.2463829889251845,948.7401473621148,4.502339500617518,28.81,3,42.71,-1.8043956870101256,0.1191188920509384,0.0438019816504833,0.0459375012371075,64411686124.0,-0.1896795273769364,-218.7654371950175,2.394318133330574,95.0,100.0,4.477611940298498,0.0,-6.121665707157941,-0.6256410256410216,1.2884043607532147,0.1398822044593961,-6.121665707157941,-0.7778169543703028,3.1385035251307647,0.8850122957688944,-3.4475993349061484,-3.432384321201776,-0.325082,부품제조,Sensitive
파크시스템스,2015,Dec_15,14.0,57.3,9000.0,7,2015-12-17,5931155,16544275352,2193610151,5472198746,4772158418,2450577500,4785775523,1257175316,1741767907,2706297286,-3.8,13840489119,1.2061368085346422,3.023332323975501,0.1258458347840416,0.1955348010269983,0.3186305123129347,456.2850382429729,4.876383532424335,42.59,1,43.94,-0.94446887477575,0.5776158338391135,0.1311370027934418,0.2424106710355079,13840489118.0,0.4461721666669523,577.1541182113771,74.33813718899796,92.86,0.0,-2.777777777777779,0.0,18.84582865363502,-0.2305354710258944,-3.1865042174320624,0.2996223070917514,18.84582865363502,-0.1361147410359642,1.759594433882827,0.2124048711981352,-2.5150444309730458,-1.3551251352238445,-0.22918,전자/회로,Growth
파티게임즈,2014,Nov_14,224.12,34.02,13000.0,736,2014-11-21,4770000,23538896307,8425510465,3285469774,8879482159,1801800000,17136952466,79429892,1457323831,1502390310,130.0,11571409576,0.6396485060457322,7.164545080669489,0.1259417723855011,0.1298364127665201,0.07899757619939,314.9665220125786,13.586173791870149,18.14,6,85.35,0.3282089688635971,0.7131910056804225,-0.2117891683591149,-0.193680104586175,11571409575.0,-0.4766184577254597,-1518.9813146750523,11.862119893175496,94.12,100.0,-6.578947368421051,0.0,43.83646871981271,-0.3086727073583595,-2.083333333333326,-0.2016878085027262,43.83646871981271,-0.1726619709831456,3.2840381785943284,1.2375331286426317,0.607792234391713,1.7301550971637556,-0.178494,게임,Growth
팍스넷,2016,Aug_16,753.07,5.19,5200.0,947,2016-08-01,11077521,25082780814,4750511140,5463879466,173188933,4112710500,13338460949,-216710575,4638238229,3631436147,141.3,20588046634,0.3270812147947204,4.590654125897586,0.2252879212610783,0.176385657734177,0.2107078471180032,327.82029002698346,5.216684085719479,44.36,6,47.93,-0.090886103620547,0.7793972105741176,0.0406754107941706,0.0551980253114519,20588046633.0,0.0448500616956538,123.90824382097762,-0.7643471848260859,95.24,100.0,-1.388888888888884,0.0,-17.313879136575405,0.0946372239747583,0.9842519685039351,0.2577778709224487,-17.313879136575405,1.097379472228055,-2.8328190963997413,1.172154200216724,1.9274518764783588,-0.4999947257940287,-0.178494,서비스,Protective
팜스빌,2019,Oct_19,1.0,6.28,14000.0,674,2019-10-22,7929338,22381111950,14895750845,5291288450,2110626029,3150000000,25347724373,114643330,2532848359,3240913307,2.5,12179211736,0.2586963286587398,4.229803791928977,0.2079648842554616,0.2661020579369949,0.1132696650847315,408.7243231402168,11.79500075866958,66.73,1,72.19,-0.0109368357790785,-0.395594821629329,-0.0744541853209771,0.0233350274658491,12179211735.0,-0.088454405127975,-198.483001859676,6.969283806713812,95.24,100.0,2.777777777777768,-16.666666666666664,11.318987922336031,-0.2382133995037172,1.73469387755103,0.2475098703328848,11.318987922336031,0.7447913034316134,-1.1206212684230166,0.9019404281386478,1.2510603233077289,5.617332589163571,-0.402104,식품,Protective
팬젠,2016,Mar_16,614.46,14.04,16500.0,1073,2016-03-11,8634182,1026751588,13738099443,4782054476,3229742705,2990909000,-8362752429,2016749445,-1817795236,-2431385461,35.2,2456141239,-2.387950149595571,0.2147093039514759,-0.7401020784700891,-0.9899208654588288,0.7246847547624466,-281.59997797127744,-3.714969495057033,33.62,1,41.31,1.373170916192826,-0.5107507745373122,-0.1458578169117051,-0.3664616105583727,2456141238.0,-0.1959383224874098,-36.05810938430534,0.3490312436739491,94.12,100.0,0.0,0.0,37.38378770476941,-0.0633646636392426,2.339776195320442,-0.2582601421999175,37.38378770476941,1.1159771625242954,-2.393724072781034,0.3557529778833279,2.8790756898927183,-0.09481617106144036,-0.319388,바이오,Growth
펄어비스,2017,Sep_17,62.4,6.22,103000.0,0,2017-09-14,12066300,64154114055,5518888782,9911549874,4103289679,5133150000,48858536902,-920877301,35186514622,29316257600,-4.0,53074796538,0.2640781186186374,6.472662184073675,0.6629608951361214,0.5523574184407927,0.5523989142130518,2429.5979380588915,1.5818038212059888,34.07,1,71.96,-0.8553594754273739,2.0561927095004027,-0.1717472760626063,-0.1726239121713411,53074796537.0,-0.6518585160775204,405.38635406048274,0.8125758129517803,93.75,100.0,2.564102564102555,0.0,14.448757990601012,0.6709362610551883,-2.156334231805923,0.1162577250198859,14.448757990601012,-0.0428950757842105,0.0707469998850296,0.3069946043555482,-0.0357366586644758,-0.3246242808644605,-0.376029,게임,Growth
펌텍코리아,2019,Jul_19,5.75,0.0,190000.0,0,2019-07-04,1882710,63517295992,80703110404,38117401706,17231995494,931450500,88308212798,741968398,6557281120,5298582498,-19.8,42327818360,0.6151188432212046,1.6663595405035658,0.1549165861616119,0.1251796738715734,0.0588851568718056,2814.338107302771,13.55302717233511,61.5,6,69.62,0.0216013346587568,0.0817268226033625,-0.0075007762832855,-0.0123439126261603,42327818359.0,-0.1847954780549888,-8220.65944250575,10.207403730411205,93.75,-166.67,2.7397260273972712,-14.28571428571429,38.93542711588458,0.0,-1.724137931034475,-0.3055552763566616,38.93542711588458,0.0100704108308979,-0.0263690648338754,0.425691124417149,0.6356751184732445,0.6981947740327783,-0.827067,부품제조,Sensitive
펨트론,2022,Nov_22,129.06,9.98,8000.0,14,2022-11-24,10677142,34815002101,30228282870,37457342940,14446475256,4772071000,6041562350,353206723,1510903427,1783658105,15.1,24295312857,4.648030943104203,0.9294573338201656,0.0621890912001438,0.0734157290131824,0.1597280961614789,167.05388998291866,8.696430585963586,0.49,1,63.19,-0.1105141415223132,0.0016320031416708,-0.0077856944702641,-0.004334029175662,24295312856.0,-0.3116318018259386,-254.35578968604145,5.852295747595415,93.75,-200.0,-3.797468354430378,8.333333333333325,-7.987339415378891,-0.32442585161786,-2.7027027027026973,-0.082447783070727,-7.987339415378891,0.5070476095064613,-4.385067219940297,0.8038449693468674,3.9558343233564655,-0.22102021803749317,0.25038,기계제조,Sensitive
펩트론,2015,Jul_15,699.59,67.4,16000.0,1093,2015-07-22,6500000,5037467196,5947482839,650605139,3656864438,2830212000,-16760381373,277857130,-500145196,-496134960,160.0,817569181,-0.3155120905770804,7.742741171308209,-0.6117466357871433,-0.6068415634174938,0.0363407275756079,-76.32845538461538,-13.351083868053388,12.63,1,35.1,0.0187344686296074,1.0186714469132303,0.4388759971047029,0.6197509248089011,817569180.0,-0.1953387290007538,392.3303090769231,-10.598919132373224,93.75,233.33,-12.987012987012992,0.0,-11.412999999999997,-0.3576903423607502,2.1255060728744946,0.1801725863721959,-11.412999999999997,-1.0478798599782737,2.78906671461967,0.8612846181647926,-2.021515377278349,-0.9549418113042663,-0.055056,의료/의약,Growth
포바이포,2022,Apr_22,1846.32,54.73,17000.0,3763,2022-04-28,10224235,35108383668,9349614017,6411828667,1542080294,4290492500,6260993405,1061866838,4013969721,3763916757,160.0,22276034842,0.684893427162475,5.475564849181582,0.1801922895825214,0.1689670887883234,0.3241025085773544,368.1367610388455,9.094261108403613,27.88,30,79.34,-2.4814918709919027,2.8880009177856083,0.050639937260966,0.0721870496629096,22276034841.0,-0.0550932540087821,235.6778351632176,7.124212169671599,92.86,200.0,-5.681818181818176,20.0,-27.31612710726541,1.6156087225214,0.5780346820809301,0.6880301602262051,-27.31612710726541,-1.8594215359536537,0.9262671678828438,0.1843341486983396,-1.218342535707806,-8.520208948923582,-0.496001,엔터,Growth
포스뱅크,2024,Jan_24,839.03,4.85,18000.0,1397,2024-01-29,9335485,44620988524,20869239720,20562435516,4256217351,3905242500,24984098604,939235611,8323875572,7769366120,29.7,63460787949,0.8320428126401136,2.1700244841755056,0.1311656511212789,0.1224278230872868,0.2604672088190179,832.2402231914035,4.886134472481997,28.84,6,71.72,-0.6322509293083078,-0.0816036504683874,8.635890149524816e-05,0.0462652306546391,63460787948.0,-0.0632240545592297,85.84166125273612,2.1869155842727466,75.0,250.0,-1.449275362318836,0.0,33.80111797587524,0.5358965634569612,1.905717151454356,0.3903131375853741,33.80111797587524,-1.0446668700299755,1.5023236552707877,0.252570256960305,-2.3656510127906705,0.6919429208277819,-0.912288,IT,Growth
포시에스,2015,Feb_15,344.0,0.0,9100.0,1163,2015-02-11,6212799,19464720893,5573801436,910578702,0,2436899500,15730632807,20798316,557943444,682574811,75.8,2309409077,0.0500638965100255,21.376209272463303,0.2415957612519594,0.2955625392651039,0.037528172604079,109.86590923028412,43.24442537405279,50.68,5,63.84,-0.0147149509439249,4.465933147530528,-0.0784355752553454,-0.0270643618260986,2309409076.0,-0.1974073581060334,-557.2680791701132,37.50875626138398,93.75,100.0,0.0,0.0,-25.85748879572069,0.0714869281045693,0.6782945736434121,-0.0591697220079678,-25.85748879572069,0.050771676863448,0.8761456936612788,0.7513898546874787,1.295280140773225,-2.121488124430737,-1.126434,소프트웨어,Growth
포인트모바일,2020,Dec_20,1447.0,17.64,15000.0,1842,2020-12-03,6165000,42042577711,20255466523,18057554946,3925681443,520695000,33208237353,-676319138,4016494648,3100687242,103.7,28951897970,0.6650982857544082,2.328254175979291,0.1387299254840528,0.1070978920004808,0.0938106533916307,502.9500798053528,10.037311481312347,33.52,6,63.92,0.0404118846495279,-3.582816802089793,-0.0064930843666552,-0.029494794069266,28951897969.0,-0.1912862749656335,-874.7492562854827,5.933965776858098,94.12,100.0,5.555555555555558,0.0,35.826117481862866,0.7795322806316118,-8.28282828282828,0.2397841942251899,35.826117481862866,1.5401576045591223,-1.936853039148956,0.5581519671069568,8.113895271204985,3.519132365719435,-0.374917,부품제조,Sensitive
푸드나무,2018,Oct_18,791.08,14.3,24000.0,1287,2018-10-04,6811042,11408660002,5476535822,3920155689,453518172,2705744000,9609499906,17022057,3457978961,3091766175,41.7,26043325195,0.35465289786339,2.910256864035484,0.1327779358092065,0.1187162603795916,0.2507054408554033,453.9343869851338,3.618160232930347,24.59,6,77.84,-0.0024697701538844,-0.0373926354235467,0.0084173070253426,0.006104994638489,26043325194.0,-0.3228622402794902,-121.85955908068104,2.039407441138348,95.65,132.5,0.0,0.0,-26.972527211369368,-0.3446917470947497,-0.7920792079207928,-0.1796030771993972,-26.972527211369368,-0.0624841584887736,0.9111190433696236,0.9694242117605169,-0.6191395838613056,-1.9250662711959965,-0.410447,유통,Protective
풍원정밀,2022,Feb_22,1556.0,10.7,15200.0,2235,2022-02-28,21040488,24826401681,43740653836,32651024972,7948563716,9020244000,11952474296,35119723,2512637109,2163368277,41.1,30416414228,1.9325924281823168,0.7603559674555382,0.0826079330116098,0.0711250267958443,0.1029791011832534,102.819301386926,11.130722669351456,63.21,3,81.02,-0.8043370238318626,0.0953071191447028,0.0663602047704242,0.0551711597642272,30416414227.0,0.0494023674730407,74.67512521572692,-26.62100660348512,94.44,100.0,1.1904761904761862,0.0,0.5636701531278376,0.4773054755043082,-1.333333333333342,0.5436337625178922,0.5636701531278376,0.0519226781128701,0.3626435289486585,0.4793663792400204,-1.7218465885300072,-2.9769047359316856,-0.820324,전자/회로,Growth
퓨런티어,2022,Feb_22,1535.0,11.0,15000.0,2683,2022-02-23,7965980,10401568079,3244176326,2075562557,548143435,3170355000,-896005886,8747689299,742757963,903698817,108.0,16143185043,0.2380418116584911,5.01144523152043,0.0460106206440391,0.0559802055537894,0.0819901712494603,113.44477603508922,14.839340622457923,10.55,1,75.49,-0.4330239942515302,2.9406334359724564,0.1456339411375714,0.2005251758083502,16143185042.0,0.5097913478969234,387.10538427161504,18.23090446383117,93.75,156.52,1.1904761904761862,0.0,0.5636701531278376,0.4773054755043082,-1.333333333333342,0.5436337625178922,0.5636701531278376,0.0519226781128701,0.3626435289486585,0.4793663792400204,0.4324511969037825,-2.9769047359316856,-0.8287,자동차,Sensitive
퓨릿,2023,Oct_23,533.08,11.89,10700.0,1415,2023-10-18,16789366,38428,40767,33533,141,6894,21359,1252,7599,6422,35.1,63867,1.1412980850703272,1.1459756061193451,0.1189816337075485,0.1005527111027604,0.217658024063718,0.0003825040206997,5.990393472825372,50.01,2,73.48,-0.0021755805981598,-0.1772007915885687,0.0150157600214989,0.0164453238622747,63866.0,-0.291149444669768,-0.0003056696721007,3.2790085127357487,78.57,100.0,0.0,0.0,78.17836324885089,-0.1440311785139369,-1.6032064128256418,0.3721754541426758,78.17836324885089,-0.3004442090932757,1.5961247715254867,0.3613650049832273,-2.082331001960258,3.259973037276831,-0.070731,화학,Sensitive
퓨전데이타,2016,Dec_16,345.36,12.05,11500.0,573,2016-12-21,3363300,16305799148,2322089530,11213124577,1715062462,1000000000,4693800431,5901208,3809155948,2925772005,72.2,21316407738,2.268221717175396,1.454170872358444,0.1786959601645052,0.1372544586761835,0.5133202034612675,869.911100704665,1.4963161699884282,43.17,6,72.68,-2.728849788692955,0.0109280307437718,-0.0835365533377754,-0.0100020328373455,21316407737.0,-0.4863624144301713,47.46672286147532,0.9345885605473278,93.33,100.0,0.0,0.0,29.65419163849024,0.8739076154806291,-1.7726798748696535,0.1091056454378236,29.65419163849024,-0.2375701207422031,1.776798319617079,0.3006065873986774,2.732703213610588,4.714290006752721,0.516917,IT,Growth
퓨쳐켐,2016,Dec_16,62.51,0.0,15000.0,474,2016-12-01,5622139,10275901711,5528849047,1858603666,40588673624,1356722500,-42980015538,210694870,-1773059312,-13616432534,-26.3,773322977,-1.024984646406453,5.528828926241879,-2.29277981481727,-17.60769166179838,0.328799281773187,-2421.930965065076,15.02630304112466,22.1,1,36.36,0.150445814666879,0.8141574423096731,-0.6699619339604577,-0.65287288836684,773322976.0,-0.5476371756721556,1941.0388709706397,7.73777979863955,93.33,-133.33,0.0,0.0,29.65419163849024,0.8739076154806291,-1.7726798748696535,0.1091056454378236,29.65419163849024,-0.2375701207422031,1.776798319617079,0.3006065873986774,-0.0342667667793783,4.714290006752721,-0.509779,의료/의약,Growth
프레스티지바이오로직스,2021,Mar_21,369.9,4.5,12400.0,126,2021-03-11,42886210,15577889859,42687699626,37949093185,3572571629,17710635000,-63653147736,1826763285,-12737859292,-12698545670,15.3,0,-0.9411982190196884,0.4104943900255676,0.0,0.0,0.2878460828168511,-296.0985750431199,-1.3145006776386676,0.46,1,51.79,0.4100619338717209,-0.8463167502114268,67.40958582315753,119.3878167922404,-1.0,-0.4012091960848579,218.21914918571724,1.001931834651827,93.75,100.0,4.000000000000004,0.0,-6.614363916147415,1.0603112840466888,3.285420944558504,0.2559558968300957,-6.614363916147415,-0.3195337040527879,1.7360486453423585,1.101103211316801,-2.3637200080345755,-3.3002410426114395,-0.055715,바이오,Growth
프레스티지바이오파마,2021,Feb_21,819.0,17.33,32000.0,237,2021-02-05,60139905,49811379,110286707,8476816,13821811,152779419,-21890737,6910778,-10873118,-14996866,2.5,0,0.1618194077103059,5.876189715572451,0.0,0.0,-0.1088310941131409,-0.2493663067808304,-12.673407848604237,51.03,3,73.47,-0.6070091300141502,5.282920235954663,2.108230283432908,0.6929070676536221,-1.0,-0.0840044315231718,-0.2253010210109244,0.5650867266052337,94.12,100.0,7.14285714285714,0.0,-17.674423434368602,0.823852491173005,2.310924369747913,0.5344418052256383,-17.674423434368602,1.0909127442935818,1.2965949575850289,1.1016314675102334,3.5402282070253976,4.534506510243075,-0.307112,바이오,Growth
프로테옴텍,2023,Jun_23,94.1,2.77,4500.0,35,2023-06-16,13286715,10554270874,6855175717,1043814546,376282709,5613357500,-20856915682,708763546,1057532719,1252814775,15.8,7644000304,-0.097703289971685,10.111251001861396,0.1383480739066176,0.1638951759780045,-0.0861941848078822,94.29078406513574,15.119484294650936,23.18,2,49.57,0.0089553758355994,2.0994862923218136,0.0285267277834581,0.2939480783208038,7644000303.0,-0.134434203246387,152.3782766470117,-7.167614676854512,93.75,-75.0,2.7027027027026973,0.0,-29.22743682310469,-0.2231185102548716,2.752293577981657,0.0269954107801728,-29.22743682310469,0.11177282158632,-2.3716129226553084,0.3787653680872749,2.7831165425159288,-0.40310151421261153,-0.393641,의료/의약,Growth
프롬바이오,2021,Sep_21,85.71,1.45,18000.0,48,2021-09-28,13835000,50707938802,15731193430,12355913287,921954471,1187500500,-17693735284,40434409,14899190288,12241592997,10.3,77793290684,-0.806390667662883,4.103940973375981,0.1915228184461461,0.1573605241450182,-0.743455691081157,884.827827755692,3.5680639985393547,43.44,2,59.09,-0.0705647661401522,2.406653045245091,-0.0033276153719029,0.2296712351536934,77793290683.0,-1.0126940773090558,1449.5390992410553,2.445151220890586,94.74,-116.67,3.571428571428581,0.0,27.503652718855086,0.3717472118959231,1.263362487852282,0.4087591240875987,27.503652718855086,0.0083436518010016,0.7928710550356044,0.713811150843191,-3.2220576933890577,0.8183172709364639,0.12602,식품,Protective
프리시젼바이오,2020,Dec_20,1.0,1.46,12500.0,1557,2020-12-22,11243846,12486348672,7983218757,888617792,1086613478,4849423000,-16615929739,11685662,-2323506290,-5318262520,160.0,3603687735,-0.168035843086104,14.051427716630728,-0.6447579426578701,-1.475783394978311,0.4524324517712946,-472.9931840048325,-7.959666921753846,35.68,2,46.17,1.208095989756283,-2.022342627655293,-0.2198433141989149,-1.4104560803592956,3603687734.0,0.3962738937778943,-436.9431902571416,-3.667294422006888,92.86,100.0,5.555555555555558,0.0,35.826117481862866,0.7795322806316118,-8.28282828282828,0.2397841942251899,35.826117481862866,1.5401576045591223,-1.936853039148956,0.5581519671069568,2.159273515452731,3.519132365719435,0.049694,의료/의약,Growth
플라즈맵,2022,Oct_22,39.78,18.81,7000.0,2,2022-10-21,17706940,15025550066,11418064880,7346953607,12802693608,7941405000,-6202015814,3419869827,-6043225794,-6271282873,-4.3,7655896893,3.905531233114696,2.045140185951905,-0.7893556925414564,-0.8191441134394076,-1.2155394519247795,-354.17089982797705,-1.041491406336157,14.87,3,54.38,4.120561659289836,-0.6892546774094854,0.8872297060589664,2.5961835143624468,7655896892.0,-1.526979984176004,870.340188423296,-0.0636156060331959,93.75,-100.0,-3.658536585365857,20.0,2749.336870026525,0.5148888698189191,-2.9508196721311557,0.3124425657048402,2749.336870026525,-0.662469750578798,2.5201388339956665,0.5247206058147658,1.9434067427323896,0.9882057129422464,-0.178494,의료/의약,Growth
플래티어,2021,Aug_21,1631.0,18.29,11000.0,2499,2021-08-12,8269707,17917639234,11903402898,8185137616,1531562739,3207853500,8357219597,-993720000,384006886,642077062,160.0,8105441550,0.9191538931527564,2.1890455694935747,0.0473764302205103,0.0792155563690419,0.0607374530117826,77.64205696767733,52.3541178816257,9.85,6,70.86,-1.2749660414004789,-0.195883473845797,-0.0449830357114553,0.0110363864277158,8105441549.0,-0.2454072663193079,-246.9930160766276,50.03620276292865,76.92,166.67,-6.666666666666665,50.0,-12.812523981275426,0.523168908819116,-0.6756756756756688,0.4791707412477919,-12.812523981275426,1.145164317938674,1.430094931729564,1.3184332465782544,-1.4146914043055236,-3.029340100943523,-0.435835,소프트웨어,Growth
플레이디,2020,Mar_20,1.0,7.32,8500.0,864,2020-03-12,12827140,64730684507,22574117909,39767826713,8272942658,4513570000,23708433045,11042030000,6949625367,5103451704,3.5,29937726967,1.223531197519651,1.6277149107029203,0.2321360394080849,0.1704689106699875,0.1299777763061425,397.86356927577,5.649805704843255,70.38,6,76.96,-0.4112716547951918,0.1890041602233652,0.0315721222318316,-0.003478838338715,29937726966.0,-0.0467746494130635,-72.85442522651192,0.7429800504479349,94.12,188.89,-9.210526315789467,-40.0,14.8597860653368,-0.883901082530536,-18.99897854954036,-0.219648562300323,14.8597860653368,-2.189067273992218,2.2030675411923277,1.0636181417109205,-15.188825803110738,9.357541899441335,-0.426196,서비스,Protective
플리토,2019,Jul_19,1.0,22.0,26000.0,710,2019-07-17,5169811,2902950608,451213254,777516261,372608317,2065675000,-16087918351,83382118,-734338772,-999705192,6.9,376806989,-0.0825120903906483,3.733620444498974,-1.9488459435130063,-2.6530962035844827,0.0717207220366909,-193.37364402683195,-3.001393046423538,34.11,2,60.41,1.244730855826958,3.5288293599344747,-1.4726062152706971,-1.5801068694977152,376806988.0,-0.1980674192412976,534.1782099964582,-11.708242101516866,93.75,175.0,2.7397260273972712,-14.28571428571429,38.93542711588458,0.0,-1.724137931034475,-0.3055552763566616,38.93542711588458,0.0100704108308979,-0.0263690648338754,0.425691124417149,-2.876794482551825,0.6981947740327783,-1.14631,IT,Growth
피씨엘,2017,Feb_17,6.61,0.46,8000.0,2,2017-02-23,8921164,7571584217,1845141420,1351313056,69685225,3688082000,-5183345436,0,-1797154721,-1783318993,14.5,119506868,-0.950333062915878,5.603131105247014,-15.038087359129854,-14.922313862329652,1.192645356038787,-199.89756863566237,-4.44910349819569,41.36,2,60.51,-0.002380831805718,2.303555582278067,-9.43406231889373,-7.251533832713363,119506867.0,0.0803649476462422,9.062357782011418,-0.786071801593085,93.33,-100.0,4.166666666666674,0.0,9.679237043402322,0.3862966351529939,1.2875536480686731,0.2731959821703711,9.679237043402322,-0.0341643276381309,-3.390431187241572,0.410122775434063,1.662679195045258,1.1242735426668204,-0.764759,의료/의약,Growth
피아이이,2025,Feb_25,1117.74,0.42,5000.0,83,2025-02-04,35826000,74135339730,27839466108,51240726188,6699691358,3211800000,27190893546,-627916497,3090007017,3147923092,-12.7,81744546988,1.945956386193863,1.446805017126429,0.0378007724167045,0.0385092731930132,0.1057244891143769,87.86699860436555,14.250578736468936,38.16,30,71.02,-0.0559276823265311,-0.0208594111269779,-0.0087287643038009,-0.025697239128997,81744546987.0,-0.1040019359740242,-65.97051412382068,4.100773052616022,77.78,100.0,,,,,,,,,,,-1.594432768944054,,-0.012544,기계제조,Sensitive
피앤씨테크,2016,Jul_16,306.39,10.89,10200.0,680,2016-07-04,6496600,21515739404,7329023614,6010760952,1447313893,1950000000,18653072933,732303040,1315263835,1052296325,1.5,4385083207,0.349563788069084,3.57953669690373,0.2999404510501458,0.2399718033446201,0.0493216677471109,161.97646846042545,16.260378795407235,29.62,6,55.47,0.0090387612527684,-0.1708770590568984,0.0675962123246507,0.0358321853260665,4385083206.0,-0.2000938243919041,-590.5809657359234,12.606107387497843,94.44,100.0,-2.7027027027026973,0.0,-33.72115656851642,-0.1155340825543582,2.316213494461228,-0.1882628567842714,-33.72115656851642,0.4039256562566651,-2.2563007261854007,0.6989453702012982,1.1800023326217213,-4.662418327014596,-0.028582,에너지,Sensitive
피앤에스미캐닉스,2024,Jul_24,986.08,4.4,22000.0,1586,2024-07-31,6471740,6995220786,2147001881,1152443307,164389983,2540620000,3286472328,402377728,-44547594,24178632,13.9,965797975,0.2113876907926821,6.069904474702286,-0.046125168154344,0.0250348754355174,0.0038813304795826,3.736032658913986,-175.66356955215136,30.32,12,66.1,-0.029105190618079,0.6366180583981018,-0.2657420650895289,-0.2096775662859091,965797974.0,-0.227055256408159,-214.2068677048213,-181.50065582718116,70.0,266.67,-2.7027027027026973,0.0,-16.928748169469277,0.2767759791998614,2.775024777006929,0.2547434996486242,-16.928748169469277,0.3144364019820767,0.2354850630013061,0.4306192460594271,-4.173137115880121,0.5129030047327898,0.084127,의료/의약,Growth
피엔에이치테크,2021,Feb_21,1.0,9.23,18000.0,1528,2021-02-16,4516016,9771749949,8226969414,8564476091,2621251444,1997688000,-21820028925,-372260514,-1134095102,-4936177376,32.5,5519929239,-0.5538969198668126,1.140962955021693,-0.2054546449594442,-0.8942464952493208,0.2444305420391812,-1093.03806186692,-6.007425493669048,38.41,2,53.03,1.422572355770022,0.9362127434773032,-0.1383328461942433,0.1758968300579886,5519929238.0,-0.224356542038009,595.7705468714016,-39.03501993779659,94.74,133.33,7.14285714285714,0.0,-17.674423434368602,0.823852491173005,2.310924369747913,0.5344418052256383,-17.674423434368602,1.0909127442935818,1.2965949575850289,1.1016314675102334,-1.4253705994720978,4.534506510243075,-0.817865,화학,Sensitive
피엔케이피부임상연구센타,2020,Sep_20,1.0,17.1,18300.0,1727,2020-09-09,7502644,25828581192,4049778480,2608999362,812650886,650240000,24073335334,1733134090,2238644652,1959651516,46.4,3894793546,0.1293301518780743,9.899803567679063,0.5747787721120969,0.5031464422581746,0.0740701152435199,261.19478893040906,11.818181773674368,59.48,1,70.24,-0.0124048732437024,0.7082263971552827,0.1206538996036851,0.0730243359188977,3894793545.0,-0.1453800280018205,-455.3369919990873,7.502190019332017,93.33,100.0,11.290322580645151,0.0,6.035597910628598,0.1996406468356859,-9.876543209876544,0.548956981734694,6.035597910628598,0.3805461175406366,-0.6782659982306094,0.5560852307114894,4.4670260572855724,-0.27973576216133544,-0.257501,의료/의약,Growth
피코그램,2021,Nov_21,1472.0,12.96,12500.0,1520,2021-11-03,3061578,10134414500,28025368425,3901954423,19275236289,213157800,12990934217,-10971103,1928182699,1498652351,48.8,13568480214,1.7567633058987062,2.5972662418256034,0.142107492408066,0.1104510105305446,0.1135934674417856,489.50324015915976,7.770317730145757,3.1,6,66.31,-0.4730355349588966,1.204075606092847,0.0195012444004052,0.0298091947296925,13568480213.0,-0.054596027523887,-149.83940536546834,3.845818418774671,93.33,100.0,0.0,33.33333333333333,18.97965128375847,0.7148093841642167,0.8379888268156277,0.5031446540880502,18.97965128375847,-1.1295902700599547,0.0076089345800944,1.369195361030484,-0.4326382568659914,-7.860156172563759,0.245474,기계제조,Sensitive
피플바이오,2020,Oct_20,40.0,0.0,20000.0,51,2020-10-19,5504470,2365420334,728162895,498103547,1342356661,2494735000,-29780892268,2629950000,-1856058435,-1774703684,17.0,285760000,-0.0746449033298254,4.748852619593974,-6.495165296052631,-6.210469218924972,0.0719779674428392,-322.41136458187617,-0.6751527847236124,23.05,3,47.84,-0.0033262594071097,-5.293891178373967,-1.9572855865284584,-1.7400608479753128,285759999.0,-0.100434335697015,404.4873913383123,-0.0098420991626586,96.15,-100.0,-5.797101449275366,0.0,98.03110088484644,-0.3984857541342812,15.317559153175589,-0.5558864403414576,98.03110088484644,1.4183311135951948,-2.89446895147607,1.1900580079187817,0.5785945723543184,0.24640234948605239,0.02294,바이오,Growth
피피아이,2019,Dec_19,997.0,2.39,7000.0,1147,2019-12-26,9308185,26052121555,11558944248,17944412982,4313821660,4139092500,10992684661,221054000,2133902913,2268017945,37.6,30790985572,1.4497804612442713,1.4518235609675738,0.0693028454061723,0.0736585043598746,0.147726365333928,243.65845167452088,7.19471868540441,25.89,6,26.21,-0.1708322477824344,0.1289167707650773,-0.0054044851756733,0.0068025334724742,30790985571.0,-0.0469646650466422,-30.135612044668196,2.59817874824598,93.75,100.0,1.388888888888884,0.0,-23.541701028093897,0.2789678190694422,-0.3921568627451077,0.2392416642373884,-23.541701028093897,0.332762996335223,0.7186603280654236,0.5705517908742186,6.6573172743771725,1.2936039831482278,0.001521,부품제조,Sensitive
픽셀플러스,2015,Jun_15,131.67,2.25,30000.0,68,2015-06-12,8166558,101464236937,10176464861,10490802364,62000000,3883279000,96578441394,64062090,21792538114,19958176176,-3.3,123936524496,0.1049760778104822,9.671732763280565,0.1758362855713559,0.1610354676086156,0.1985378843400359,2443.8908259758887,4.6386473620096105,32.04,6,32.09,-0.119808289618551,4.347182032092361,-0.1348503167790178,-0.0927988915802741,123936524495.0,-0.2570826897211328,-2200.066277371691,2.833355068413833,94.12,-75.0,-2.531645569620256,-14.28571428571429,53.9124545958259,-0.0510725229826425,-7.055503292568199,0.0200231847402365,53.9124545958259,0.8731079387486851,1.917948811934722,0.332615607456832,-4.376776478262889,4.556465863453807,-0.816653,전자/회로,Growth
핀텔,2022,Oct_22,558.92,8.45,8900.0,6,2022-10-20,9957595,7753145792,2712700817,6276314091,869724670,3948797500,-5058455157,560201326,-1611416827,-1688578382,21.9,4000263498,-13.005653694069457,1.2353023892028796,-0.4028276706786078,-0.4221167887675983,3.0731803179459587,-169.5769291681375,-2.060179459699784,0.65,1,72.66,-19.44719373392993,-2.3633230785502577,-0.2988874420094484,-0.1277576735121848,4000263497.0,5.832392080843672,73.09572231045749,3.5008847366532043,93.75,100.0,-3.658536585365857,20.0,2749.336870026525,0.5148888698189191,-2.9508196721311557,0.3124425657048402,2749.336870026525,-0.662469750578798,2.5201388339956665,0.5247206058147658,2.2495839652605376,0.9882057129422464,0.631499,IT,Growth
필에너지,2023,Jul_23,1811.55,57.14,34000.0,1318,2023-07-14,9413023,120088812961,20106035167,79067397424,36576586441,3750000000,6241576020,479738048,7546537894,5659754248,237.1,73012476124,11.043884570171029,1.5188158061788994,0.1033595666743778,0.0775176318960586,0.5405008589414797,601.2685030090759,3.2532619073601383,53.78,6,72.21,-7.978681397193078,0.0308391306940356,0.0147397005168852,0.0578918043263769,73012476123.0,-0.3871953172104524,205.7302233299547,2.0432404499718317,93.33,208.11,-1.3157894736842146,0.0,13.806706114398429,0.2236174421604841,2.6785714285714413,0.1169485426412375,13.806706114398429,0.0830183279608487,-0.8028009346731424,0.3711712563397418,1.7852993571373377,-0.5981191754993898,-0.229688,배터리,Growth
필옵틱스,2017,Jun_17,647.0,13.25,48000.0,589,2017-06-01,5775200,74909837549,40896497206,70042999647,14398426854,2307600000,25621042025,3224979568,15612996360,15131225627,16.7,182780381672,2.710485079525181,1.069483573326781,0.0854194318732607,0.0827836417047921,0.4856971630675478,2620.034912557141,2.008897429474582,37.69,6,44.49,0.6940083082725801,0.6784922572276315,0.2208324189848316,0.1947421754470297,182780381671.0,0.9229138464749164,3798.2197144687634,3.899935003737825,93.33,100.0,1.2345679012345734,0.0,47.08602911443589,-0.3868471953578423,3.1135531135531025,-0.2132327312242554,47.08602911443589,0.5580069251600595,0.4230058296601724,0.4169538403611117,2.5629697028022536,-3.070290195132575,-0.444154,반도체,Growth
핌스,2020,Sep_20,1.0,4.28,19000.0,1161,2020-09-18,7264943,22815744983,12906771352,13169222221,2315915796,2906156000,12770281556,1324759562,4551767565,4275496761,-3.7,23706316157,0.9108263323766258,1.7325051244573422,0.1920065325567656,0.1803526424217341,0.2514821004265236,588.5107097192641,4.446048272238611,37.99,2,49.96,-0.3906926182806428,-0.0170120451397834,0.0195014835009923,0.033619094922699,23706316156.0,-0.3037808831213512,-174.61831455525532,2.16169653794714,93.75,100.0,11.290322580645151,0.0,6.035597910628598,0.1996406468356859,-9.876543209876544,0.548956981734694,6.035597910628598,0.3805461175406366,-0.6782659982306094,0.5560852307114894,3.7069517705068833,-0.27973576216133544,-0.593204,전자/회로,Growth
핑거,2021,Jan_21,1.0,12.57,16000.0,939,2021-01-29,8839014,22426917538,10995072195,7594297591,7528151687,3900007000,4596075341,247283249,2784379279,3995353563,81.9,42254193080,1.7295913252553357,2.953125982918833,0.0658959283337472,0.0945551972897833,0.4569583099178173,452.0134896267842,6.572215428054836,30.75,2,49.93,-6.044815396109947,1.5437789229038363,-0.0121674632271133,0.041670080440387,42254193079.0,-0.1612086236546905,92.93523338689135,3.4365405553407182,93.33,150.0,-7.8947368421052655,0.0,-17.03524384675691,1.1106703689012232,4.845814977973584,0.7076647064686581,-17.03524384675691,-0.0835959311143219,0.215499529736185,1.120452851386,-5.470628404452982,2.82781966456378,-0.410646,IT,Growth
하나기술,2020,Nov_20,1393.0,16.47,35000.0,1802,2020-11-25,3234533,53390964088,58520110807,56277704590,35661508487,1205266500,12871445530,4758261658,4551023610,3495749052,160.0,55092903425,4.88130297392322,0.9487054327636356,0.082606349040861,0.0634518937045837,0.1855988285360433,1080.758505787389,4.388432917402509,35.68,1,61.57,-0.7689967245073648,0.0251627165205698,-0.0142569638610218,-0.0093554911731412,55092903424.0,-0.1001744358615035,-253.90275381330184,1.5602500886361643,93.75,100.0,10.769230769230775,0.0,-33.35880660329541,0.0800160032006447,6.911447084233258,-0.089838291076072,-33.35880660329541,2.313522805577972,-2.439109620155855,0.9704313598061898,7.77822428628836,0.7908150243916889,-0.458314,배터리,Growth
하나제약,2018,Oct_18,101.5,0.1,26000.0,147,2018-10-02,16200000,79398183027,62152590496,48712869792,11540376656,6059270000,69506408062,2531871571,31929642579,24302485917,27.5,139331265576,0.7715126368387374,1.6299220999711943,0.2291635150732451,0.1744223438761769,0.3111811578110131,1500.1534516666666,2.546145854086981,58.3,6,64.21,-0.3439451143823896,-0.1438175939419876,0.0390910147339309,0.0344548763451118,139331265575.0,-0.0177669824531006,424.1751552469134,0.2021227663852229,95.45,42.86,0.0,0.0,-26.972527211369368,-0.3446917470947497,-0.7920792079207928,-0.1796030771993972,-26.972527211369368,-0.0624841584887736,0.9111190433696236,0.9694242117605169,1.2267814409312905,-1.9250662711959965,-0.670894,의료/의약,Growth
하스,2024,Jul_24,946.4,5.98,16000.0,2,2024-07-03,7836009,8016182007,21166457265,9694279322,4337398206,2985854500,8756046732,2016393012,1613779678,1795726428,7.2,16039074617,1.0198704344558718,0.826898188172507,0.1006155103418208,0.111959478391396,0.1305195539616488,229.1633952947221,9.388494569950833,37.18,36,71.35,0.2911538992753611,-0.3204776622868805,-0.0934556199992755,-0.0653313536487602,16039074616.0,-0.1107109904374163,-108.18534001173302,5.601514269990088,70.0,233.33,-2.7027027027026973,0.0,-16.928748169469277,0.2767759791998614,2.775024777006929,0.2547434996486242,-16.928748169469277,0.3144364019820767,0.2354850630013061,0.4306192460594271,1.420020400088573,0.5129030047327898,-0.861807,의료/의약,Growth
하이로닉,2014,Dec_14,500.0,65.37,51000.0,230,2014-12-17,2774729,17039907071,2640133631,3101078851,135946903,1098614500,11750863647,220630063,5939279942,4897335050,43.7,16520698090,0.2476663316010908,5.494831924543024,0.3595053858889325,0.2964363263174915,0.3746973606731906,1764.9777870199216,2.768519939887353,49.87,1,72.58,0.069764806075691,-1.4742104831150238,0.0888662900686856,0.065753367878755,16520698089.0,-0.0149180542550631,649.2986179911625,0.5808144962920436,93.33,181.82,1.4084507042253502,0.0,-8.809233816348138,-0.9788254095085992,-1.6441005802707909,-0.0095729404882227,-8.809233816348138,0.1369764005791252,0.8428454022463727,0.310137450143344,-4.133515632488926,-0.6424815515465698,-0.979926,의료/의약,Growth
하이셈,2014,Dec_14,50.03,0.0,1500.0,72,2014-12-26,17553680,11821335630,48226507626,10875930486,9803126734,6533500000,16572491481,-59986,2540432887,2448702010,48.0,24679830441,0.8949674772676807,1.0869263687568589,0.1029355891675674,0.0992187533805755,0.1059772037552299,139.4979292091459,15.496880959721256,30.32,2,42.01,-0.0721248662140376,0.4752104478522341,-0.014524248808612,0.0336950358653584,24679830440.0,0.0430481935667968,18.67567444547241,5.79171577094127,94.44,0.0,1.4084507042253502,0.0,-8.809233816348138,-0.9788254095085992,-1.6441005802707909,-0.0095729404882227,-8.809233816348138,0.1369764005791252,0.8428454022463727,0.310137450143344,-1.9359515156396223,-0.6424815515465698,-0.052468,화학,Sensitive
하이젠알앤엠,2024,Jun_24,1099.21,10.47,7000.0,2549,2024-06-27,30888000,50838474767,56682127501,26647553338,34841392093,13693000000,42386839602,335625206,4336496285,2646634321,116.6,77247394706,1.0899306713197647,1.9078102264084116,0.0561377675131245,0.0342617939552908,0.0469132768826304,85.68487182724682,10.614942066530562,74.53,18,88.17,0.1117883697188817,0.8794534115183297,-7.872203578417752e-05,-0.011216210078391,77247394705.0,-0.0106051993484474,-43.18373957523959,1.80954306887204,70.0,250.0,1.3698630136986356,0.0,2.8887618849690933,-0.0167714884696024,2.540650406504064,-0.2278702892199779,2.8887618849690933,-0.1505537080637276,1.079545038413943,0.5841862452514057,2.25477197016164,-0.43363450650095814,0.59772,기계제조,Sensitive
하이즈항공,2015,Nov_15,47.27,0.89,18000.0,3,2015-11-25,17468478,10625255773,48343341432,15745895478,24934013037,6962500000,8591955233,-155122000,1927981011,1201045938,-6.7,14969815125,2.6416668760583084,0.6747952688905814,0.1287912372264517,0.0802311804101188,0.0779933728186502,68.75504196759442,9.485927810312855,45.37,6,55.46,-1.4931561862768268,0.0071289158467057,-0.0313210923956055,-0.0191146202650166,14969815124.0,-0.2431272194359295,-109.20336734545506,7.477395953497623,95.24,-166.67,0.0,0.0,7.596947642841623,-0.3966183070660656,0.5655042412818112,-0.1895415201229822,7.596947642841623,-0.3076910372981856,0.3300876169241684,0.2786602411644745,-1.95129329904703,0.26733969626535625,-0.408824,항공,Protective
한국맥널티,2015,Dec_15,60.5,0.2,8000.0,480,2015-12-23,4975000,12428870423,12540871499,6560511469,3211898789,1843750000,15391306415,-3443135941,2256709471,1825138973,65.6,19705970041,0.708560513847406,1.894497171711293,0.1145190755037543,0.0926185805216712,0.1323339252456307,366.86210512562815,6.734288068222496,68.77,6,76.13,-0.45212624765375,0.6218286361353895,0.0795803518389429,-0.1823493339579588,19705970040.0,-0.3600635858383577,-706.5308347738692,-9.248742675167218,93.33,-250.0,-2.777777777777779,0.0,18.84582865363502,-0.2305354710258944,-3.1865042174320624,0.2996223070917514,18.84582865363502,-0.1361147410359642,1.759594433882827,0.2124048711981352,0.2582657579723868,-1.3551251352238445,-0.520216,식품,Protective
한국바이오젠,2019,Aug_19,1.0,8.4,6000.0,1456,2019-08-01,7951375,11227566062,8233098080,6772735205,1332266760,1100000000,10198586814,11150328,659203987,450339859,120.0,4537119153,0.7166392873005996,1.6577594903918882,0.1452913103602593,0.0992567847159644,0.0398187732699473,56.63672748424015,17.226325084408206,25.15,2,52.65,-0.0912021857775231,0.1349121352184201,-0.0295125172900451,-0.0303578966859181,4537119152.0,-0.1551185304533722,-211.2500637939979,13.406620439660582,93.33,130.0,-5.333333333333334,0.0,4.980343237317597,0.2289468445152431,-3.715170278637781,0.2399508000040295,4.980343237317597,-0.4041179290761199,2.864776101624256,0.8298560271109645,-3.3220553420298398,-0.9588274975351858,0.462773,바이오,Growth
한국유니온제약,2018,Jul_18,918.99,9.1,18000.0,1015,2018-07-26,5745000,43327220683,19569678376,32299562888,4974325917,2100000000,22403652291,1119357963,3007798838,2409505806,8.3,12638436704,1.4547037383783268,1.341418174395698,0.2379882028485411,0.1906490385189335,0.0940367966961982,419.4091916449086,8.518857687649655,35.71,3,43.14,-0.1244522217289454,0.0903265250947149,0.0834465253632183,0.1298577668298611,12638436703.0,-0.0387961748505134,-118.62370791993038,5.557507831666063,94.12,180.0,-2.4390243902439046,0.0,1.2040226350104488,0.4684541014651655,-4.490177736202073,-0.191336215187432,1.2040226350104488,0.53683627051333,2.74524158125915,0.5364811044934692,0.7123152666012489,-0.44240756127962344,-0.401348,의료/의약,Growth
한국자산신탁,2016,Jul_16,149.0,6.37,10300.0,6,2016-07-13,85000000,98363884368,252323469323,38791107000,78186173243,36743760000,174623970725,2430151985,58386241766,42198415522,-6.8,95400557240,0.5471395635927343,2.535732851552805,0.6120115380365885,0.4423288159191889,0.197375273258617,496.4519473176471,4.002827830307382,52.86,6,69.47,-0.0699135653999833,0.4959800424466443,0.1187911351097126,0.0922690625173273,95400557239.0,0.0573174697785201,216.60808791764708,-1.3862209776666106,95.0,100.0,-2.7027027027026973,0.0,-33.72115656851642,-0.1155340825543582,2.316213494461228,-0.1882628567842714,-33.72115656851642,0.4039256562566651,-2.2563007261854007,0.6989453702012982,0.9483014632231112,-4.662418327014596,-0.518081,금융,Infra
한국파마,2020,Aug_20,1.0,10.5,9000.0,2036,2020-08-10,10906701,39834705114,26166194186,32351637190,6583633723,4392705500,17224726749,4755883318,1185680424,741786609,87.2,16606611094,1.476313086767078,1.2313041494639734,0.0713980966549152,0.0446681508226569,0.0281264070539606,68.01200555511699,22.827085476954792,62.71,1,68.5,-0.0734882797454243,0.0322214693319571,-0.0380240358521695,-0.0389116053353327,16606611093.0,-0.1852471400504209,-438.8000459534006,19.151647552924143,94.74,125.0,12.72727272727272,0.0,-5.641049411328448,0.491523723542997,4.700352526439477,0.5620796948710316,-5.641049411328448,0.5821813758537298,-1.0050879973309002,0.3044324139843235,7.068731127990935,0.5926862270331902,-1.094556,의료/의약,Growth
한독크린텍,2019,Sep_19,1.0,8.19,15100.0,728,2019-09-05,4021000,13224605333,15655503340,9265803669,1062072543,1650000000,18655603763,-2001003495,2832493846,2563208910,27.5,23181928558,0.5642229855221224,1.4272486020014332,0.1221854272785478,0.1105692696613649,0.1400308595911262,637.4555856752052,6.549787385133828,55.12,6,55.64,-0.0178791392651131,0.1875808125430469,-0.0017839757438766,0.0054533001146686,23181928557.0,-0.125271307174994,-398.4678669485204,3.303330635561198,92.86,100.0,1.4084507042253502,0.0,-5.788308157643629,0.0595888370245267,5.037513397642024,0.3711340206185465,-5.788308157643629,0.4574579280694602,-0.9454250690664856,0.6719169290231974,4.025591930135897,2.670629244150673,0.125882,기계제조,Sensitive
한선엔지니어링,2023,Nov_23,710.0,3.66,7000.0,1141,2023-11-24,17002500,36874280706,23254657065,31776714347,4536075619,6312500000,16818716658,355536813,4740280453,3402334635,161.9,25300714406,1.546096611898141,1.160418295716003,0.1873575732658305,0.1344758325951912,0.1448618532655436,200.10790383767093,5.02420648759872,73.67,6,78.4,-0.2173476379559573,0.0641584499833651,0.0124124736468122,0.0002783446885281,25300714405.0,-0.1272065496928353,-123.26934615497724,2.158800447923252,72.73,225.0,-5.47945205479452,0.0,-4.605983743586794,-0.3818089258442292,-1.0183299389002087,-0.52087931491126,-4.605983743586794,1.018780022625032,-2.983660203303496,0.8630997806762908,-0.2293825453470011,-2.4919351616730765,-0.750107,부품제조,Sensitive
한솔씨앤피,2016,Jan_16,136.97,5.97,13000.0,790,2016-01-27,3460340,34677906434,15975391616,25688578720,5551748666,1266670000,13540137909,4606162755,3998937784,3281029107,50.8,46007577316,1.609250223817265,1.34993480223183,0.0869191124004109,0.0713149724112719,0.1690122116696152,948.1811345127936,4.854531806339301,57.8,6,60.2,-1.160703110173941,-0.0874820890611676,0.0004483856173927,-0.0023036503775334,46007577315.0,-0.1490476299424978,-134.13785379471392,2.177769912275332,92.86,0.0,-1.4285714285714235,0.0,3.2672520891512624,-0.5461611175296643,-2.61374636979671,0.1704007573366972,3.2672520891512624,-0.1816859472652199,2.510578038626909,0.8963732483151077,-0.3392269197040498,-1.8589068050024142,-0.178494,화학,Sensitive
한싹,2023,Oct_23,840.74,11.6,12500.0,1437,2023-10-04,5447675,7956457680,11191001598,4873457481,187099189,1951337500,10822219790,-131422,590566592,592903151,72.0,8176918465,0.3961784976321593,1.6326104641354928,0.0722236126638447,0.0725093632201211,0.0464169250385162,108.83599902710787,23.8531992815469,60.2,6,72.79,-0.3247170923137497,0.1968691663945987,-0.0123283198333571,-0.0281817489264891,8176918464.0,-0.1580376351384193,-296.0007364609673,16.56665827851536,76.92,171.43,0.0,0.0,78.17836324885089,-0.1440311785139369,-1.6032064128256418,0.3721754541426758,78.17836324885089,-0.3004442090932757,1.5961247715254867,0.3613650049832273,-5.573305909690374,3.259973037276831,-0.159558,소프트웨어,Growth
한주라이트메탈,2023,Jan_23,998.9,3.24,3100.0,565,2023-01-19,19435815,100738991220,86389832095,113503783523,31713615081,7845407500,17246165707,-1662280601,7806350847,3241953337,72.3,175127123705,6.198112808869497,0.887538618477741,0.0445753386559909,0.0185120001311792,0.1383717977114584,166.80305595623338,5.368888169701809,7.82,6,61.5,-0.1411393964544149,-0.0175874481118465,0.0071424632549286,-0.0028152326712152,175127123704.0,-0.0683019608825881,-40.61578302736467,0.3117500476841854,93.33,100.0,-5.405405405405405,7.692307692307687,-411.23677111433904,0.361228175797712,0.6666666666666599,0.7413509060955503,-411.23677111433904,1.607890180287308,-3.777908071160762,0.0906735025394844,6.4362368091575695,1.0119162926536358,0.166768,화학,Sensitive
한중엔시에스,2024,Jun_24,725.94,12.7,30000.0,1000,2024-06-24,8766113,42477531188,80125322103,64618760102,44488487911,3559056500,-31272820658,13246613944,-12672781604,-18648295992,13.3,121551317604,-7.541723587511787,0.657356023559562,-0.104258693807717,-0.153419118439785,1.2890096332831231,-2127.316404887777,-1.0649284190094688,36.64,24,73.5,-271.6116238920926,-0.1898099190664167,0.053053799720163,0.0755082523749112,121551317603.0,61.30396842121197,184.31564788179185,0.967435075377676,76.0,285.71,1.3698630136986356,0.0,2.8887618849690933,-0.0167714884696024,2.540650406504064,-0.2278702892199779,2.8887618849690933,-0.1505537080637276,1.079545038413943,0.5841862452514057,3.064655622325274,-0.43363450650095814,-0.453575,자동차,Sensitive
한컴라이프케어,2021,Aug_21,418.0,3.27,13700.0,109,2021-08-17,27674406,87077433389,89745218846,93007040547,43423256024,3937890000,132548397425,-162975013946,3314093895,2380179496,-6.6,22456262979,-5.1505041762894646,0.9362456097610852,0.1475799378596153,0.1059917893830254,-0.0898563203524721,86.00652516263582,12.188054093741965,36.13,1,70.0,-0.6871629286494745,-0.0023351201440238,-0.1639401495509295,-0.0496155496524691,22456262978.0,0.0183935965728228,-27.71763820332765,6.187558487749282,94.74,100.0,-6.666666666666665,50.0,-12.812523981275426,0.523168908819116,-0.6756756756756688,0.4791707412477919,-12.812523981275426,1.145164317938674,1.430094931729564,1.3184332465782544,-2.766873006592363,-3.029340100943523,-0.030916,의료/의약,Growth
한켐,2024,Oct_24,1019.86,3.0,18000.0,464,2024-10-22,8027134,21953382275,12548287686,6484617497,4608494820,3189567000,20100537787,61568639,3134292514,2642455604,26.7,18088097901,0.4750457114841633,3.385455238517363,0.1732792763039347,0.1460880861250708,0.1131591537700189,329.1904188967071,7.468529991837259,19.06,24,66.84,-0.0195416737665026,0.152871862514166,-0.0130953004412237,-0.0083605565987658,18088097900.0,-0.0883644200222244,-189.1730343607071,3.345026097945591,86.21,275.0,0.0,-7.14285714285714,-5.249921408362157,-0.1258811681772331,1.8000000000000016,0.0348887919755735,-5.249921408362157,-1.0191509687987763,1.9613131358535263,0.9842997943111164,-2.9843987047981524,0.46017924977079816,-0.93386,화학,Sensitive
한화시스템,2019,Nov_19,23.6,4.24,12250.0,16,2019-11-13,110230389,1224084911439,861262342225,1044325966862,199345126774,510335620000,62250981718,-55433618,35170702467,36497790330,-9.4,654697833562,2.1722329943420244,1.172129153426244,0.0537205114543415,0.0557475349069467,0.0637481282479719,331.104613356667,23.931172850975287,48.99,1,76.15,0.2140375566500467,-0.0543224611351309,0.0140533274544761,0.0192151476658368,654697833561.0,-0.0109904945698633,-43.04183784564162,5.598379335900976,60.87,0.0,-2.7027027027026973,0.0,-6.324354946696198,-0.1392896229230888,2.306920762286868,-0.5597704940974224,-6.324354946696198,0.2796487607823694,-1.4086291201135026,0.7449523785150847,1.7639500206169778,1.0217809530796753,-0.432185,방산,Sensitive
해성디에스,2016,Jun_16,188.69,12.2,12000.0,158,2016-06-24,17000000,98407840980,130558337275,70215387992,34054862319,75000000000,41219022039,779325,8218760110,5765896050,21.7,67070604650,0.8971814534807709,1.4015138817037105,0.1225389297276895,0.0859675573239371,0.0496119936734467,339.17035588235296,15.172109451434032,9.62,6,42.38,-0.1008340781737681,0.0252355726765112,0.0461114668131028,0.0262739829537257,67070604649.0,-0.0833589603874662,-524.7826198235294,8.847528842037221,93.33,0.0,0.0,-16.666666666666664,20.90585252618178,0.2421562434196555,-0.501002004008011,-0.0198682421834073,20.90585252618178,-0.2714486687872219,-0.0862135193041457,0.6542277316011758,-3.051605365991217,-1.1969993288680865,-0.354072,금속,Sensitive
해성티피씨,2021,Apr_21,1508.0,15.7,13000.0,2053,2021-04-21,4630000,9508252801,25941037087,2742826190,13018600104,1800000000,558421115,2599373757,251974143,-61648215,160.0,12369243102,3.179120294592132,3.466589620467347,0.020371023588279,-0.0049839925120423,-0.0124346038090782,-13.314949244060475,78.13445998703129,46.65,1,78.4,-3.326191801309665,-0.1643452154287881,0.1038618109091861,0.0940644586340525,12369243101.0,0.6255920137703913,314.5809490280778,93.43309547572755,93.33,175.0,7.692307692307687,0.0,-7.396201950349823,0.9529309846953548,1.8886679920477207,0.1374705420267075,-7.396201950349823,1.3857640682604533,-1.0273912043995637,1.4226285469766786,2.729157219667022,-0.39228665870583157,-0.21756,기계제조,Sensitive
해태제과식품,2016,May_16,342.99,24.63,15100.0,265,2016-05-11,27529394,183054949969,565130759175,256816622718,314508409634,11912277000,173454965961,-84914068023,46856034352,16899464557,62.9,798303775280,5.687476107197443,0.712784663358825,0.0586944917497922,0.0211692153792866,0.1682322591339736,613.8698351660047,3.774554958350864,30.21,6,73.61,1.3790323204178891,0.0551052247508085,0.0230188567140839,0.0149733085732345,798303775279.0,0.1354047818087257,458.5831365557847,-2.711472452110824,95.0,100.0,4.225352112676051,0.0,27.48683959305021,0.1159481395593964,-2.4437927663734094,0.0596402749730495,27.48683959305021,-0.4254885039138956,2.091485041524699,0.7384860670743176,-1.5541723013284492,-0.3851596489379494,-0.178494,식품,Protective
핸디소프트,2016,Nov_16,262.22,0.0,5600.0,1170,2016-11-24,7459009,27276770720,10234222644,9204787832,4332845782,2732004500,-244128111,98210838,1414223688,1140623108,28.9,17100047827,5.234793889649415,2.963324219725481,0.0827029083373101,0.0667029191695605,0.4410613439838161,152.91885396572118,16.9516038752704,56.41,2,60.99,-5.691590357487668,0.4703982801635176,0.0058720990564576,-0.0266341501220147,17100047826.0,-2.3528620579223047,-368.0367039374802,9.859020957269175,94.12,100.0,-4.000000000000004,0.0,49.627619151015104,0.4493677500261306,-6.712062256809325,-0.1473350003631579,49.627619151015104,-0.8479770075943138,3.2311957912697364,0.3548201278352536,-0.5428804956559508,4.898405086927447,-0.896085,소프트웨어,Growth
핸즈코퍼레이션,2016,Dec_16,57.64,1.73,12000.0,7,2016-12-02,21646800,321210,340736,369427,70064,8317,168234,13859,33958,17672,-24.2,341188,2.3081298251142277,0.8694816567278515,0.0995287055816734,0.0517954910489231,0.0928102515624179,0.0008163793262745,6.550886389068849,40.79,1,79.74,-0.4752085796063392,0.0778068368399211,0.0324539028104884,0.0247061964885197,341187.0,-0.0164870928205732,-2.9888944324334277e-05,2.384458557767454,94.12,0.0,0.0,0.0,29.65419163849024,0.8739076154806291,-1.7726798748696535,0.1091056454378236,29.65419163849024,-0.2375701207422031,1.776798319617079,0.3006065873986774,-0.1919570502431189,4.714290006752721,-0.250237,자동차,Sensitive
헝셩그룹,2016,Aug_16,93.06,0.0,3600.0,0,2016-08-18,80735294,138257825,49977218,77697777,2304403,2136012,104813534,1283315,6817666,5038908,-25.3,36628150,0.7391671924850993,1.779430896716646,0.1861318685218882,0.1375692739054525,0.0465561748386194,0.062412703916084,15.875354263467878,40.67,2,75.23,0.0855501464746272,-0.0869210927617256,-0.0088481817497501,-0.0043544979315089,36628149.0,-0.2302066040989595,-0.2914505395868132,13.24534499022424,93.33,10.53,-1.388888888888884,0.0,-17.313879136575405,0.0946372239747583,0.9842519685039351,0.2577778709224487,-17.313879136575405,1.097379472228055,-2.8328190963997413,1.172154200216724,1.700559101479393,-0.4999947257940287,-0.681366,게임,Growth
현대사료,2018,Jun_18,839.16,31.92,6600.0,1690,2018-06-01,6150486,64661416548,20176892999,33954627312,2145326720,2289260000,46449095515,0,4134207549,5604218356,159.8,87143007495,0.7406887994177331,1.9043477035940792,0.0474416441185738,0.0643105914874644,0.1149857908988171,911.1830115538836,11.789044197064817,69.31,2,73.05,-0.1201564616953423,0.1573341153137752,-0.0014847281486325,0.0313346115054078,87143007494.0,0.0360559532087315,340.01107538493704,3.249916943281772,93.75,100.0,1.2345679012345734,0.0,-25.601189795217937,0.0299102691924346,-2.463503649635024,-0.2020630638822407,-25.601189795217937,0.3303476715982301,1.52454036176477,0.6034642903600007,-1.5639441258258668,-0.3300689154878351,-0.610035,식품,Protective
현대에너지솔루션,2019,Nov_19,26.63,3.07,18000.0,126,2019-11-19,11200000,219400683176,100522737998,67121114639,5449895959,40000000000,142422999923,0,10367268149,9864408808,-3.9,195507417327,0.3978172194768857,3.268728243802429,0.0530274927199309,0.0504554197629293,0.0540743700748465,880.7507864285715,23.858976831795268,71.43,6,77.14,0.1730804566209387,-1.8540423398276469,0.0130350781091868,-0.0030904818783247,195507417326.0,-0.0537305049067233,-781.1961616964286,6.768893703896957,93.33,-150.0,-2.7027027027026973,0.0,-6.324354946696198,-0.1392896229230888,2.306920762286868,-0.5597704940974224,-6.324354946696198,0.2796487607823694,-1.4086291201135026,0.7449523785150847,3.5077177481769084,1.0217809530796753,-0.335084,반도체,Growth
현대오토에버,2019,Mar_19,797.36,54.81,48000.0,345,2019-03-28,21000000,665941667337,129244510100,344857829713,8767160350,10326210000,416061218141,-72643747,49052711901,40088827796,84.8,996485669234,0.8294926730389437,1.931061469276237,0.0492257073187082,0.0402302100609398,0.0940357436887525,1908.991799809524,9.001769122677155,28.48,6,86.63,-0.139764866264474,0.1385504447097576,-0.0002616266431854,0.0027791142024679,996485669233.0,-0.0437369966551602,-718.6056251428572,3.299697022235419,93.33,200.0,11.764705882352944,0.0,34.09368519728431,0.3500350035003485,0.1988071570576677,-0.1913181822758902,34.09368519728431,0.1430613425188021,0.7367811483807829,0.7422605359341361,-0.4369713301893951,-1.0391427365524897,-0.178494,자동차,Sensitive
현대중공업,2021,Sep_21,1835.0,53.09,60000.0,405,2021-09-17,88773116,6915712508,6850755782,5729979520,3000447133,353865580,1665719181,876514819,-374211312,-345140867,85.8,3933056435,3.014546431100273,1.2069349434603214,-0.0951451671707324,-0.0877538557363721,-0.1191743783202371,-3.8878985277479727,-13.457748270848638,79.72,6,83.78,-8.69210641437449,0.0358875461114394,-0.1171233464311647,-0.0891848015461597,3933056434.0,-0.1278893398395452,-3.958666315148834,-69.01544817970931,93.33,100.0,3.571428571428581,0.0,27.503652718855086,0.3717472118959231,1.263362487852282,0.4087591240875987,27.503652718855086,0.0083436518010016,0.7928710550356044,0.713811150843191,-0.1170412729510572,0.8183172709364639,-0.169902,선박,Sensitive
현대힘스,2024,Jan_24,680.82,16.25,7300.0,1231,2024-01-26,34824000,44149989645,204234868293,32572027361,40821434051,14800000000,26796788267,194608259,11092990558,7277173431,300.0,134349576051,1.756185902194945,1.355457219646783,0.0825681098821556,0.0541659575333348,0.174130898604276,208.9700617677464,15.774952264770512,53.75,1,83.2,1.3632091341043977,0.4551857041702606,0.0566137856330884,0.0240026360522037,134349576050.0,0.1480900148078126,83.59050933264416,-28.853694392173608,77.78,176.92,-1.449275362318836,0.0,33.80111797587524,0.5358965634569612,1.905717151454356,0.3903131375853741,33.80111797587524,-1.0446668700299755,1.5023236552707877,0.252570256960305,-3.476100349712996,0.6919429208277819,0.012031,선박,Sensitive
현성바이탈,2016,Dec_16,54.22,0.0,7000.0,5,2016-12-09,21740000,30019095920,7807266740,5031968405,1198663536,10000000000,21656245212,0,6482721161,5413600285,-27.3,21871590614,0.1968215718343672,5.965676551182559,0.2963991634358048,0.2475174476580937,0.1710120783038367,249.01565248390065,4.873837688574309,68.55,1,69.19,-0.0340919041455381,1.0979072610350178,-0.1392989619421757,-0.1136772889249168,21871590613.0,-0.0631955627360492,-33.699525206991694,1.3423959993578751,93.33,0.0,0.0,0.0,29.65419163849024,0.8739076154806291,-1.7726798748696535,0.1091056454378236,29.65419163849024,-0.2375701207422031,1.776798319617079,0.3006065873986774,2.982630146740939,4.714290006752721,-0.178494,전자/회로,Growth
호전실업,2017,Feb_17,40.13,2.5,25000.0,331,2017-02-02,8000000,166340,78281,150811,17281,3661,87637,-24858,29544,12746,-3.0,246792,2.52998193859121,1.1029699425108248,0.1197121462608188,0.0516467308502706,0.1918422636965683,0.00159325,2.590339832114812,40.79,6,50.02,-0.5388947796997479,0.1318549912782105,0.0355688686300995,-0.0353490325180199,246791.0,-0.2766209766646808,-0.00163575,0.2252407726791503,94.12,-100.0,4.166666666666674,0.0,9.679237043402322,0.3862966351529939,1.2875536480686731,0.2731959821703711,9.679237043402322,-0.0341643276381309,-3.390431187241572,0.410122775434063,-0.2004655040309888,1.1242735426668204,-0.320982,옷,Protective
화승엔터프라이즈,2016,Oct_16,48.46,0.21,15000.0,0,2016-10-04,27271944,156471727472,137257140962,206578613735,11307785295,10364739500,13024187525,-260654557,17711772468,13200223278,-0.3,301963366067,9.420781397809328,0.7574439804922045,0.0586553683603794,0.0437146513828141,0.5707396994852802,484.0220879743666,4.282037246188951,70.0,6,71.25,-9.201566875927428,0.0048339522052299,0.0586553683603794,0.0437146513828141,0.0,0.5708533061532535,484.0662612096886,52303.07797586087,96.15,21.05,0.0,0.0,-28.74493300739548,0.2934702861335347,0.2926829268292685,0.1371471318586614,-28.74493300739548,-0.6892587375687764,1.6063350459146308,0.4306130955507692,-0.4298042864134266,1.8207994579945819,-0.52392,옷,Protective
화인베스틸,2014,Jul_14,85.0,44.8,4700.0,248,2014-07-22,32100000,79325086255,123390400168,100828172101,44103035130,12833220000,10516334867,0,24100039630,16947609781,9.8,224271237201,6.207022277578051,0.7867353399557787,0.1074593422267549,0.0755674690723311,0.7258215361078301,527.9629215264797,2.397683990530434,37.4,6,55.1,1.0893893277930946,0.2055783116638,0.0511313052865963,0.0479999857189347,224271237200.0,0.5162723857982326,318.5358201557632,-0.4806053987532865,95.45,33.33,-3.9473684210526327,0.0,-1.1332091781158904,0.0787944449916366,-2.3126734505087843,0.146422205245722,-1.1332091781158904,0.4040057661489182,0.0559174383927052,0.5803138750699599,0.6773252352030523,-0.15306943447647114,-1.300531,화학,Sensitive
휴네시온,2018,Aug_18,751.89,8.0,10000.0,827,2018-08-02,4803836,9069030488,1523758289,1707721976,34864634,1785795000,5760111687,0,-625389864,-513356160,63.5,2036635879,0.2309313754173647,5.310601266163012,-0.3070700415565054,-0.25206084469653,-0.0680310771513255,-106.8637980147532,-14.151496013053388,47.15,6,67.6,-0.0034099608704154,-0.347818654503766,-0.5462387190059316,-0.4655466712168334,2036635878.0,-0.4297306784708761,-730.1937149811109,-17.008141860104853,92.86,100.0,-8.750000000000002,0.0,37.32887639595837,0.4464285714285809,-1.9588638589618013,0.8844710416878065,37.32887639595837,-0.3271201557418446,-0.1469540434627547,0.5023373592949243,-1.7612185728504204,0.14957196600423606,-0.703861,IT,Growth
휴메딕스,2014,Dec_14,688.8,66.0,28000.0,571,2014-12-26,6203318,20360041434,9106352138,2738010117,2364090768,2486659000,9594728909,300331307,6107774268,4989626220,40.0,21596793987,0.412067241712841,7.436072389793876,0.2828093036251826,0.2310355056867913,0.4029833121681734,804.3479666849257,3.989062401118849,38.19,6,51.77,-0.8821123649112528,1.970202567420813,-0.037013074609138,-0.1570402665567871,21596793986.0,-0.8899561794174291,-668.521711284187,2.0358517539901517,94.44,189.29,1.4084507042253502,0.0,-8.809233816348138,-0.9788254095085992,-1.6441005802707909,-0.0095729404882227,-8.809233816348138,0.1369764005791252,0.8428454022463727,0.310137450143344,-1.9359515156396223,-0.6424815515465698,-0.770679,의료/의약,Growth
휴젤,2015,Dec_15,6.7,8.61,150000.0,92,2015-12-24,3284058,58465173558,120161454478,23551083524,904366056,1462029000,56575995376,8053799080,9038432911,27415192446,12.2,42570369356,0.3700223159417137,2.482483385463789,0.2123174651226298,0.6439970538366029,0.4148046008180029,8347.962321615514,17.057290790792926,24.36,2,53.22,-1.330373032743132,1.519761714902577,-0.1715288989213065,0.3180883165458146,42570369355.0,0.0050848764131627,4343.645957227309,14.302057053820768,93.33,-200.0,-2.777777777777779,0.0,18.84582865363502,-0.2305354710258944,-3.1865042174320624,0.2996223070917514,18.84582865363502,-0.1361147410359642,1.759594433882827,0.2124048711981352,0.8230348460291692,-1.3551251352238445,-0.178494,바이오,Growth
흥국에프엔비,2015,Aug_15,666.88,63.87,20000.0,1002,2015-08-07,6720250,16069430000,29390169000,13405821000,6981971000,2758125000,20152850000,-2004067000,1506389000,1120379000,160.0,7566098000,0.9751701208040902,1.198690479307459,0.1990972096845692,0.1480788379954898,0.0535889381634051,166.71686321193408,16.643647158867996,52.76,6,65.38,0.1745697802373631,-0.3560435290321713,-0.0281031121194491,-0.0265014498457078,7566097999.0,-0.2412280385287698,-743.6022341430751,13.570269694975256,93.75,183.33,4.477611940298498,0.0,-6.121665707157941,-0.6256410256410216,1.2884043607532147,0.1398822044593961,-6.121665707157941,-0.7778169543703028,3.1385035251307647,0.8850122957688944,-3.042477970009305,-3.432384321201776,-0.460456,식품,Protective
힘스,2017,Jul_17,729.64,27.48,20000.0,796,2017-07-20,4968000,41817916,19164125,28477059,6627963,2072000,23073834,-325276,4926579,3515429,65.0,22590447,1.4143526507341213,1.468477345220235,0.2180824044783177,0.155615734385424,0.1416337618195368,0.7076145330112722,5.2525330457504085,38.37,6,60.29,0.1819783103303989,-0.0112075389621688,0.0888358030449464,0.0582988143372912,22590446.0,-0.0914463982089275,-0.2889800724637681,1.8614110802577304,93.75,136.36,-4.878048780487809,0.0,1.975978968710801,0.0715380684721544,0.0888099467140302,0.1654030286219132,1.975978968710801,0.8375674271991596,0.3858270503699135,0.0353786687804946,2.092575017037457,0.013693921527768715,-0.649799,반도체,Growth
