기업명,year_key,month_key,(희망)공모가격 하한가,(희망)공모가격 상한가,단순 기관경쟁률,의무보유확약비율,(확정)공모가격,청약경쟁률,수요예측 시작일,수요예측 종료일,상장일,공모후 발행주식수,유동자산,비유동자산,유동부채,비유동부채,자본금,이익잉여금,기타자본항목,영업이익,당기순이익,종가대비등락율,매출액,부채비율,유동비율,영업이익률,당기순이익률,ROE,EPS,EV/영업이익,최대주주 소유주 비율,최대주주 보호예수 기간,보호예수 비율,부채비율 변화율,유동비율 변화율,영업이익률 변화율,당기순이익률 변화율,매출액 변화율,ROE 변화율,EPS 변화율,EV/영업이익 변화율
DSC인베스트먼트,2016,2016-12,2500,2800,11.2,0,"1,700",11,2016-12-05,2016-12-06,2016-12-19,17500000,1833938590,9424633533,1807552839,280075244,6500000000,2403479033,267465007,1696693373,1311509021,109.4,3480121402,0.22763502578301634,1.0145974991329147,0.48753855886318304,0.37685726142952525,0.1430069811002794,74.94337262857142,5.405186456162341,34.46,2,68.23,-0.11026109047971658,-0.04872958944364614,0.11614643479675574,0.08421033195985794,3480121401.0,-0.013265927101997727,0.6918485142857094,0.36289915104006454
GRT(그레이트리치과기),2016,2016-10,4000,6000,140.75,4.32,"5,000",7,2016-10-10,2016-10-11,2016-10-25,67500000,793157289,723506841,360476429,189137469,286411054,553308724,42799075,279633009,200645240,30.0,941632061,0.6227786478800583,2.200302780407315,0.29696632111595017,0.21308242179744558,0.22735518829760343,2.972522074074074,3.4582835390509996,38.42,6,75.0,-0.8676916250664344,1.02413694475356,-0.018562772504030434,-0.02022062557737822,941632060.0,-0.2724235897926798,0.0444652740740743,1.9788236649760407
ING생명보험,2017,2017-05,31500,40000,3.97,0.13,"33,000",0,2017-04-06,2017-04-21,2017-05-11,82000000,24660260,6008470,20091232,6430082,82000,1766107,1800991,321884,240741,-4.2,4265748,7.267909494346274,1.2274140281691037,0.07545780950961004,0.05643582321318559,0.06597274175700406,0.0029358658536585364,12.884815647873147,59.15,1,59.15,0.5466082382144837,-0.021227629694990924,-0.011742534566702392,-0.00871849809115778,4265747.0,-0.015016709478175821,-0.0007811341463414634,2.4396907967972172
JTC,2018,2018-04,6200,7600,478,24.17,"8,500",465,2018-03-20,2018-03-21,2018-04-06,35114625,154135415237,78548060055,59905678491,38714374965,6102640791,118545100027,4066918027,24908650677,19130774616,91.8,416562952262,0.7661913129471885,2.572968358252661,0.05979564563229219,0.04592529055240509,0.1486293386290799,544.8093099670009,5.3822032985428105,58.96,5,65.74,-0.3508909983692161,0.30659933492109426,0.009478607355536899,0.01794624571646939,416562952261.0,0.01964612943717417,119.93743108462638,0.8640425609426083
JW생명과학,2016,2016-10,27000,32500,225,7.41,"30,000",220,2016-10-10,2016-10-11,2016-10-27,7917277,36186829815,145344105206,75706826871,20993524053,39586385000,16909169240,0,11853577522,8398705961,43.2,67092448816,1.7116453183768252,0.47798634958852837,0.17667528509070005,0.1251810913033346,0.14866136059699978,1060.807391354376,7.156538516709926,50.0,6,56.06,-0.06916981287907009,0.006183125749949336,0.028553473321549394,0.023043732133684852,67092448815.0,-0.08739289046979337,-564.0205268806435,2.7165698480956175
LG에너지솔루션,2022,2022-01,257000,300000,2023,66.59,"300,000",69,2022-01-11,2022-01-12,2022-01-27,234000000,9860210,13752096,8977353,5412775,100000,303807,1586903,692737,858057,68.3,13412546,7.228641037619743,1.098342685199078,0.05164843423463375,0.06397420743235475,0.4310306373103064,0.0036669102564102565,13.312668444157017,81.84,6,91.29,-29.833409588696,-0.2204853923196335,0.37689407646346906,0.37318021290232606,13412545.0,1.7838936024803833,0.005597555555555555,29.232932498062063
SKC코오롱PI,2014,2014-12,12500,15000,23.01,0,"8,000",46,2014-11-19,2014-11-20,2014-12-08,29366322,75787122656,179441735795,36762916710,19159566806,18368700000,60479446202,-43368702000,20028343746,11433421958,-5.3,65437069512,1.576193899701721,2.061510060636318,0.3060703038103984,0.17472393007916273,0.32225482149338436,389.3378938635897,9.951216009801353,27.03,6,58.59,0.5039436769999543,-0.5138125426400615,0.010951464890137708,-0.017412001267688187,65437069511.0,-0.20970009439397552,-485.45815611502184,4.575501930613005
가온칩스,2022,2022-05,11000,13000,1847.12,14.6,"14,000",2183,2022-05-02,2022-05-03,2022-05-20,11488320,29916404375,7076710460,13808071614,1323047300,4714160000,16368724338,23350724,6202436087,6182765868,93.6,32235607297,0.7169027952902082,2.1665881530240445,0.19240946912693122,0.1917992675315721,0.29293551644042615,538.1784166875575,3.5247434418262955,7.3,6,71.35,-0.6561796996115555,0.013962540201552187,0.0769834824058142,0.08349955450843478,32235607296.0,0.11946477503645503,376.99369794713243,-1.985351851902859
강스템바이오텍,2015,2015-12,8000,10000,11.35,0,"6,000",41,2015-12-07,2015-12-08,2015-12-21,13817150,9725685992,5258574223,2463290508,1215054054,5878575000,-14190382611,524451764,-3185874764,-3838642428,56.0,1340395841,-0.4723483341803425,3.9482496930077886,-2.3768163601755012,-2.863812547445826,0.49293271084803425,-277.8172364054816,-3.5487633665816,25.3,1,37.45,0.9023253836139005,2.7973597898368365,19.016191205152904,14.973571027466946,1340395840.0,-0.06352101376580332,-9.050415317196382,-3.978219653314988
경보제약,2015,2015-06,13000,15000,524.56,34.44,"15,000",264,2015-06-10,2015-06-11,2015-06-29,23906860,96928613178,73815393122,88702899776,15081480014,10758085000,49452192871,962713886,6707517932,4993011747,128.3,43348799729,1.6965719153031942,1.0927333088633209,0.15473364831166767,0.11518223752939842,0.08162117960216735,208.85267856171828,9.982772642403425,60.0,6,68.0,0.1023990676068105,-0.04580770195227046,-0.008232307099673764,0.06431705707803262,43348799728.0,-0.056458592289750684,-152.38061280318703,7.5131880810072476
고바이오랩,2020,2020-11,18000,23000,64,0.85,"15,000",566,2020-11-03,2020-11-04,2020-11-18,15415766,26577142033,4193523801,2737712873,97030419,6677883000,-103591362874,-594948628,-5883016882,-46992569579,108.7,626634194,-0.029071777030452873,9.707790139393483,-9.388279379468399,-74.992028888548,0.4819334113054251,-3048.3447646390064,-4.748570861231807,36.37,2,72.41,1.5956150537822922,9.317827821124569,3.3639417378660195,1.4437166315438077,626634193.0,-0.3229929638481196,-189.79949857827341,-12.04245069353269
골든센츄리(금세기차륜),2016,2016-10,3200,4200,182,0.55,"3,500",346,2016-10-04,2016-10-05,2016-10-19,29800000,54475387658,22101682136,15804685645,0,4820281110,50009501102,0,5941529650,4504016008,9.0,21319158034,0.2882500168228098,3.4467871668952768,0.27869438560961884,0.21126612977946652,0.08214542947818339,151.1414767785235,10.228407115497605,42.49,2,73.47,0.12579339573811835,-1.7472561509918547,0.01944026943224092,0.026270691587586353,21319158033.0,-0.20464294927188215,-333.18217755033555,7.446467272660227
공구우먼,2022,2022-03,26000,31000,56.9,1.02,"20,000",15,2022-03-07,2022-03-08,2022-03-23,0,16344383721,11192426655,3503857874,0,251850000,23645247029,115840473,6757494882,5709351000,0.0,31593596970,0.14591542053978898,4.664682275580223,0.21388811436749805,0.18071228184056942,0.23776145669493692,0.0,3.556488450478415,0.91,6,64.46,0.016322163123313,0.2611359550281076,0.04930401161100684,0.04774419122062118,31593596969.0,0.031141200378232814,0.0,-0.3947770636925867
교촌에프앤비,2020,2020-11,10600,12300,999,3.9,"12,300",1318,2020-10-28,2020-10-29,2020-11-12,24982540,47170322827,122944683999,54096905670,29652578861,10549150000,74205611863,-5100972419,15321841368,5393043158,152.0,215550906243,1.051418709839027,0.871959721961672,0.07108224054844388,0.02501981203419384,0.06770604632428114,215.87249166818106,5.636758678064393,74.13,6,81.33,-0.0070803794085365634,0.020292341190137564,-0.032451277577037474,-0.052640695342304714,215550906242.0,-0.33371818152870303,-965.6758870795363,3.5976060423361704
국일신동,2014,2014-12,1400,1700,25,0,"1,700",91,2014-12-15,2014-12-16,2014-12-29,11090000,19343211278,28988295780,9241649167,6235997795,4000000000,32628580096,-3774720000,1776558374,1302523594,61.5,26677140531,0.47110588882931365,2.0930475641804893,0.066594782598066,0.04882545760428899,0.039645983461121026,117.45027899008116,18.49298091006606,63.48,6,74.69,-0.02788197443851914,0.28797600177744664,-0.012055484491383911,-0.00837940595062417,26677140530.0,-0.024707708780880924,-65.60062037871955,7.190877333402931
그리드위즈,2024,2024-06,34000,40000,124.6,0.64,"40,000",569,2024-05-23,2024-05-29,2024-06-14,7947161,55235585173,62981546278,31343402643,10840655263,1303550000,1791216480,1508059427,-2299440714,-1376739403,23.8,26193304940,9.164817170652984,1.7622714994326214,-0.08778734563153602,-0.05256073665211947,-0.29910742461630974,-173.2366316726187,-33.06589862572991,28.8,36,69.67,0.8366698569299214,0.05051897468907596,-0.0998560030013152,-0.08407896516953015,26193304939.0,-1.0613700426408712,-696.2319216887641,-81.37429510920231
그린리소스,2023,2023-11,11000,14000,753,4.6,"17,000",590,2023-11-03,2023-11-09,2023-11-24,8183944,8685,36231,16297,5968,3247,15055,-2261,2219,1666,207.6,8905,1.3880057353032853,0.5329201693563232,0.24918585064570467,0.187085906793936,0.10385886166697837,0.00020356933038642494,10.20775123929698,50.64,3,68.56,0.4306907850909045,-0.23978272660363387,0.10045154727715774,0.048955550007011545,8904.0,-0.13741960083563287,-0.00021982066348450087,4.587006130746994
그린플러스,2019,2019-08,8500,10000,863.94,5.48,"10,000",700,2019-07-18,2019-07-19,2019-08-07,3923873,34611930084,34610425055,23586385716,17447258327,1934769500,10952693256,2804637420,1397023733,1013987653,7.0,11313519404,2.6149236611271554,1.4674537464432602,0.12348268324939357,0.08962619117809575,0.06461771474992399,258.41500298302213,20.177689490977315,38.43,6,53.49,-0.13060087412942734,-0.09469384406702752,0.013325646574075173,0.04066317375322243,11313519403.0,-0.09226866179147143,-320.04430851864976,15.478760240193157
금양그린파워,2023,2023-03,6700,8000,1613.16,17.84,"10,000",1312,2023-02-23,2023-02-24,2023-03-13,12119500,104165975638,13436725328,48988090692,6624376725,4510980000,50068982368,-1351819108,8455090896,6780648438,62.0,164839298341,1.0447944266128812,2.1263530414548453,0.051292931849959165,0.04113490233362313,0.12738840813738353,559.4825230413796,7.331705159825877,11.53,6,71.43,0.06687810253660675,0.005798472529138898,-0.016866909665813577,-0.0076231038017037026,164839298340.0,-0.05785994235549821,-136.60260307768465,2.7271615679782446
금호에이치티,2015,2015-11,12700,15700,46.05,8,"10,000",32,2015-10-27,2015-10-28,2015-11-11,9765000,82234835532,34669880674,42798454697,5265945501,4600000000,62740950530,1499365478,10640096331,8234773093,-11.4,101204340601,0.6982013300522094,1.9214440361035823,0.10513478243931036,0.08136778565126714,0.11962137262767691,843.2947355862775,6.4698959357570125,37.0,6,46.21,-0.06037064650869772,-0.06483209346914331,0.014021516484090585,0.0062893049720804395,101204340600.0,-0.09387383506277716,-534.2901096774194,2.6102654296150822
까스텔바쟉,2019,2019-06,16000,19000,32.53,2.88,"12,000",3,2019-05-27,2019-05-28,2019-06-10,6596700,67900587370,16332898960,18534395151,2096541010,3000000000,16398353319,-9682063,968709862,815834084,60.4,18149985589,1.0640716884926071,3.663490867482477,0.053372486564788095,0.044949571998252454,0.0420778749212911,123.67306137917444,65.65696568597544,15.16,1,52.56,0.17675033058430523,-0.7563902025404174,-0.10444751445834796,-0.07649099483272859,18149985588.0,-0.5617414367128575,-1576.3627445540951,61.3488775683866
꿈비,2023,2023-02,4000,4500,1547.13,12.01,"5,000",1772,2023-01-26,2023-01-27,2023-02-09,7938930,8924235129,6877761486,4556137349,3204927196,612893000,5487695358,1338314532,1506944353,1282603809,160.0,20487739026,1.0433076839103623,1.9587282922800227,0.07355347269347827,0.06260348237413164,0.17241841007552122,161.55877542691522,5.33591837946255,58.76,2,76.07,-0.1938010531842289,0.5242201760869483,-0.04143882900277966,-0.024130602733534068,20487739025.0,-0.19765258335776537,-66.23979465746643,3.0466813044426484
나노브릭,2019,2019-08,18000,22000,39.3,0,"16,000",2,2019-08-01,2019-08-02,2019-08-19,4560103,4574712110,13194250458,7029124663,4739847824,3990423000,-20900129986,22909697067,-298619714,-551353098,-7.5,1563320811,1.9614986571841968,0.6508224465103642,-0.191016272475119,-0.3526807128265115,-0.091892334913345,-120.90803606848354,-20.09241118287321,11.35,2,38.24,-8.906002167528564,0.2051163871878141,-0.011275274690139836,-0.4722496720429631,1563320810.0,-0.6556482160148939,-309.3420764837987,-18.91241605194866
나노씨엠에스,2021,2021-03,14500,18500,1295,6.63,"20,000",1243,2021-02-22,2021-02-23,2021-03-09,3942587,12749494756,5918352006,7062090458,1999756621,1559293500,-3107878033,11154584216,483245767,955679386,19.8,3955606601,0.9433528396879919,1.8053428842103343,0.12216729714169065,0.24160122135462075,0.09948775947716217,242.3990608197105,19.878083449409708,21.34,3,54.3,-5.365284163982337,0.6979165034909993,0.1680955417496158,0.666686106126596,3955606600.0,0.8777399329370016,671.3358893538684,31.770646797272747
나노팀,2023,2023-03,11500,13000,1723.21,24.75,"13,000",1637,2023-02-14,2023-02-15,2023-03-03,19154328,11263053155,29057528964,7579657989,17004314026,8521414000,2864827822,591499224,2462049585,3765415401,129.2,26647370578,2.052471490290724,1.4859579642439722,0.09239371583748911,0.14130532654162573,0.3143677415081094,196.5830072973586,6.391670663286011,53.32,1,78.21,319.2775198986643,0.2365987166135053,-0.072880385807757,-0.025883998828653054,26647370577.0,58.72230190927201,-39.46954035662333,3.9255112797369898
나라셀라,2023,2023-06,20000,24000,178.47,0.79,"20,000",4,2023-05-16,2023-05-17,2023-06-02,6439038,74386774287,47153316306,37582198137,34695315003,25815190000,31217964196,17033141,12251474988,8944026358,-12.5,107162501611,1.2669110569795499,1.9793087678329697,0.1143261383769564,0.08346227666900523,0.15677470619275838,1389.0314606001705,4.020950742767822,0.65,6,73.12,-0.4919049973279881,0.33151608131421817,-0.03061987730608301,-0.018693184353040418,107162501610.0,-0.06480416407013997,-13.342038205085828,2.446767561944336
나래나노텍,2022,2022-02,17500,20500,102,0.2,"17,500",24,2022-01-17,2022-01-18,2022-02-08,11059422,38009656315,88822108968,61563227235,5461750407,5213000000,22707710842,3055606829,18950476011,14711543852,-20.6,104466916609,2.1637490406017084,0.617408443678708,0.18140169755299723,0.14082490734423164,0.47492875067500145,1330.2271901732297,3.155951734736612,35.48,2,46.16,-2.5773839569862527,-0.013530882175763592,0.11316674568046876,0.11386167126199775,104466916608.0,0.34428711030096204,1128.3466699254266,-4.971338680507201
나무가,2015,2015-11,32000,37000,108.34,3.62,"37,000",0,2015-10-28,2015-10-29,2015-11-12,2950723,138993663200,43161168562,145743020938,22970835553,1320931000,17963200070,-7956785678,10325647608,7746897428,-10.8,176904194062,14.894386164842743,0.9536900107150158,0.05836858567853483,0.04379148538041403,0.6839111159682029,2625.42347350124,1.3017077263595882,65.29,6,69.16,-3.9215353297959226,-0.03049894398585329,0.050219135208011065,0.035446358828829856,176904194061.0,0.3888365953023516,2007.947928016286,-9.584021173844937
나우아이비캐피탈,2018,2018-10,9500,11000,63.17,0,"8,500",81,2018-09-10,2018-09-11,2018-10-04,9480000,53009431413,0,800706373,0,37525000000,14796220778,-114595738,2921834972,2205757706,-15.5,4923582944,0.015337255997423886,66.20333395672873,0.5934367319962834,0.44799848628283817,0.04225053246230682,232.6748635021097,17.868471539398083,72.5,6,73.63,-0.011391454991337124,27.788808821727258,0.0751541883090695,0.04727945797477179,4923582943.0,-0.06806259385396662,-348.742373628692,10.859336233394924
남화산업,2018,2018-11,3100,3700,822.09,6.14,"3,700",858,2018-11-08,2018-11-09,2018-11-29,20588000,8875301672,124735765760,2279009410,11193405699,3500000000,115029665679,1608986644,1741510264,2672915876,97.0,6321035394,0.11214055467160228,3.8943681553293805,0.2755102851746506,0.4228604507636775,0.0222485921418005,129.82882630658636,68.98532544221628,85.0,6,88.0,0.0004937860582659159,-2.2236046878656417,-0.032513883890682105,-0.17813409415465553,6321035393.0,-0.05034476055173992,-285.112098406839,42.10782480807087
네오오토,2015,2015-11,11400,12800,113.08,3.54,"12,000",34,2015-11-02,2015-11-03,2015-11-18,5250000,33881751338,70447936448,31519497659,25402895253,1428000000,42202502874,1492792000,5946816089,5035646645,-16.7,59130647433,1.261485737487637,1.0749457908421167,0.10057079276424705,0.08516136493695273,0.11159749435543846,959.1707895238095,7.971878424438022,40.0,6,74.05,0.039024504796632886,-0.11754547269348392,0.024599443720250483,0.022358149569778413,59130647432.0,-0.059670136936674514,-342.05873942857136,2.8687215254323712
네오이뮨텍,2021,2021-03,5400,6400,1374,24.67,"7,500",664,2021-02-23,2021-02-24,2021-03-16,98475340,94799676644,14903487552,6123669183,2622703264,1942143,-56690250062,4002529207,-20517362576,-19720068815,91.3,0,-0.16601012001380705,15.480861851122633,0.0,0.0,0.3742958592829615,-200.25387894065662,-4.920554061226822,26.85,3,73.9,-0.013432268740164288,-20.99770006177308,0.0,0.0,0.0,-0.0280767125077227,-56.12807206352372,2.222236708770976
네오크레마,2019,2019-08,10000,11500,96.6,0,"8,000",1,2019-08-07,2019-08-08,2019-08-22,7256000,15810515139,18136720357,6785652160,2477450249,2829750000,12189167835,126019723,277537886,258621099,4.6,4030128738,0.6116302806482657,2.3299919839981893,0.06886576187581828,0.06417192000877467,0.017076405763283505,35.64237858324145,88.93968835303444,48.13,2,65.73,-0.1421612361270549,-3.5079038996565473,-0.08133670270198823,-0.09961343339603768,4030128737.0,-0.27675817956053617,-455.2002753583241,81.85196854774935
네오펙트,2018,2018-11,10000,12500,338.01,0.89,"11,000",400,2018-11-12,2018-11-13,2018-11-28,11874545,11860131880,3256302866,1237295129,1872835654,4932272500,0,-25024801818,-2388739829,-6253729697,-30.0,2026286330,-0.1547904066121617,9.585531860604293,-1.178875755925373,-3.086301084111839,0.31124651346894205,-526.650048233427,-5.026208303323769,29.74,1,55.46,1.3293173478976577,0.3009373004050957,-0.23096732981031698,-2.1009366946161174,2026286329.0,0.0734543471342261,-157.01324564435942,-9.096544639622941
네패스아크,2020,2020-11,23400,26500,707,1.3,"26,500",830,2020-11-02,2020-11-03,2020-11-17,8626115,11860309670,146424263646,16618893403,109137363617,3142857500,5537302954,0,7422357873,888435070,46.0,36149526285,14.487780230151031,0.7136642243495591,0.20532379358121372,0.024576672540482226,0.1023523787040815,102.99365009624843,4.382477489306584,69.56,6,70.37,-1.8418583720094368,-0.33375114091553415,-0.12749970214706574,-0.06045298272118135,36149526284.0,-0.49478526690060093,-436.38387396875646,2.6451439814157505
넥스트바이오메디컬,2024,2024-08,24000,29000,356.95,1.34,"29,000",65,2024-07-29,2024-08-02,2024-08-20,8008066,18226209235,11631729976,33841735196,1743273845,3174033000,0,-70533596241,-563729170,-354965658,-18.3,2370874495,-0.5282844384498672,0.5385719476096571,-0.23777267467715535,-0.14971929503168407,0.005269714364536463,-44.32601554482693,10.159257556248154,31.5,12,56.66,-0.0019620110472780006,0.006737205806367608,0.8327415049355842,1.3908694643520687,2370874494.0,-0.1061048457068243,894.916129936991,9.030203640710276
넥스트엔터테인먼트월드,2014,2014-12,12700,16300,214.69,34.64,"16,300",33,2014-12-09,2014-12-10,2014-12-23,13765197,70212514990,26846613446,47769211943,4310289355,4660440000,31004563251,-417404367,7304573957,4239311260,11.3,53250846349,1.4775333057265507,1.4698277851805506,0.13717291757442973,0.07961021374601326,0.12027234178281453,307.973163042999,6.157734510292125,37.17,6,56.3,-1.4270262567133216,0.13867850442294793,-0.013961511861090098,-0.06962120157317586,53250846348.0,-0.5161926748114721,-1062.8282976262526,4.515356448259093
넥스트칩,2022,2022-07,9900,11600,1623.41,11.58,"13,000",1727,2022-06-16,2022-06-17,2022-07-01,17385317,24688525847,3488800606,3538964324,1468217254,7353658500,-58222391590,0,-9819311428,-9802536933,10.0,2810543713,-0.09843338478945397,6.976200827900745,-3.493740866787223,-3.487772450454678,0.1927025962226495,-563.8399882498547,-2.359650678654491,0.03,3,64.23,0.04369847438458051,-1.2063400489215441,-2.9431361903571034,-2.604718552630848,2810543712.0,-0.33346411835183476,679.0286641882917,0.0665130643431735
넥스틴,2020,2020-10,61500,75400,30.25,5.3,"75,400",13,2020-09-18,2020-09-21,2020-10-08,3134160,17237474834,5873387798,11448518947,2507963890,1402280000,-11579227125,145217831,2529464161,2105993309,-5.0,13713755603,-1.391233996450383,1.5056510727544328,0.18444722468633307,0.1535679481220517,-0.20993322759014235,671.9482441866401,3.6190984383747513,37.39,1,56.02,-0.007820070223214959,0.5463502139085337,0.3717993110365394,0.4301095540874647,13713755602.0,-0.42098600407367576,1500.7915301069504,4.436390840147558
넥스틸,2023,2023-08,11500,12500,132,0.43,"11,500",4,2023-08-02,2023-08-03,2023-08-21,26002000,287366485555,300645831475,230370423611,72377068023,5488000000,239252370065,39178483879,181300504021,144193113559,-6.6,668403649813,1.06631696848746,1.247410501099059,0.2712440365514501,0.21572759753681936,0.5078673415166736,5545.462409006999,1.5734364718752123,7.59,6,68.58,-2.04871061320271,0.4586182517246362,0.23127053367631406,0.2183835200345593,668403649812.0,0.5190198366006086,5588.844439120067,-4.405234364480295
넷마블게임즈,2017,2017-05,121000,157000,241,47.1,"157,000",29,2017-04-11,2017-04-20,2017-05-12,84730000,721474035426,1235948993027,421228041692,225840920703,6777638800,293898589918,659390024088,294668353287,209247419950,3.2,1500015761165,0.6739836552985816,1.7127872886334061,0.19644350473900576,0.13949681421179616,0.21795102092009738,2469.578897084858,4.446877485963843,24.47,6,79.28,-0.4309003434092935,-0.3218443015792172,-0.013590346757561794,-0.017679360004522443,1500015761164.0,-0.453073533267314,479.2850398796179,-0.7925459673492332
노랑풍선,2019,2019-01,15500,19000,978.43,11.67,"20,000",1025,2019-01-15,2019-01-16,2019-01-30,4765650,53998988625,46519172709,59994298343,545127413,2000000000,36855804039,-623045000,5027885075,4298227609,70.8,87368791853,1.5834438130464425,0.9000686751310341,0.05754783794492125,0.04919637227251427,0.11242263747210912,901.9184390376969,7.951402027223146,65.95,6,72.28,-0.32190113021214195,0.04230408117035089,-0.09214945208864705,-0.07530591825043459,87368791852.0,-0.19510995122820285,-1287.91386022893,5.107848349434942
노머스,2024,2024-11,27200,30200,288,0.38,"30,200",2,2024-10-23,2024-10-29,2024-11-12,10710405,34120166655,25381023228,13629115542,715591436,4773252500,-62848342605,2507709267,3075954443,3364722599,-35.8,27712485598,-0.2581497771115083,2.5034762197043525,0.11099525634835117,0.12141540271085718,-0.06055211795584613,314.1545626892727,14.680478447190058,22.98,24,74.47,-0.13956142655963005,-1.3618010706546908,0.11582939471774636,0.8621900662501314,27712485597.0,-0.5566382440080067,3239.765702137314,203.81516326394424
노바렉스,2018,2018-11,19000,24000,48.64,18.99,"19,000",631,2018-10-30,2018-10-31,2018-11-14,9003740,51072307072,31184937499,23273329506,644639849,4007470000,39491885496,370413784,6158470461,5402178944,5.8,51632811146,0.5452039011726483,2.1944564080886346,0.1192743591586742,0.10462686079060228,0.12314126635862718,599.9927745581281,9.473013727263536,20.7,5,59.36,0.06659457923186174,-0.24959760327098923,-0.003139457891477196,0.00626941600261087,51632811145.0,-0.07244441725256257,-283.2574382423304,4.185056621949095
노바텍,2018,2018-11,12500,16500,66.32,0.03,"10,000",326,2018-10-16,2018-10-17,2018-11-02,4626800,17335299411,3354972723,1034934698,710613859,1890000000,15005127896,139739161,2515203739,2958739893,83.0,10742091268,0.10246916228692937,16.75013838505973,0.23414470015653566,0.27543425383229575,0.1736872899036913,639.4786662488112,7.532083100565079,70.25,6,75.18,-0.09318380843227236,9.105903391056728,-0.025048087438218014,0.08866754137846844,10742091267.0,-0.12940589450908863,-219.6945595227803,4.654436218622962
노브랜드,2024,2024-05,8700,11000,1075.61,3.57,"14,000",2070,2024-04-30,2024-05-08,2024-05-23,7651263,171702405155,118275553234,153247951984,31756286134,3478064000,71128014081,-8382650640,10411712773,4820429371,287.9,359249623614,2.793637316383611,1.1204221846496634,0.028981833490205652,0.013418049885500693,0.07279039393264013,630.0174717559702,10.082272010347937,60.66,60,77.08,-0.05114318867105849,0.2190387052831113,-0.031073060961933102,-0.03936867901753698,359249623613.0,-0.4431657823554724,-3205.439080057763,7.194863893734204
노을,2022,2022-03,13000,17000,31.50,0,"10,000",8,2022-02-15,2022-02-16,2022-03-03,11453530,16487019736,5388773996,2805550104,15847319306,4440025000,-30482300148,382244045,-7359846122,-10602469785,-7.9,1175769354,-0.7269231021243474,5.876572908996959,-6.259600232785111,-9.017474174616053,0.41319005976420775,-925.6945051001744,-0.43790648181706643,1.06,1,67.13,0.9842996838265676,1.8452359440957826,-4.060093595468135,-6.29399788091022,1175769353.0,-0.13154028655579908,-142.13058218732567,-2.1818565261203653
노터스,2019,2019-11,17000,20000,699.46,0.59,"20,000",22,2019-11-07,2019-11-08,2019-11-27,6971092,18634444072,31719440469,11018310275,13061443081,645609200,16461512493,2374661117,2785586994,3254546760,82.5,20185119755,1.2360138489810009,1.6912252066708113,0.13800200483378305,0.16123494928455034,0.16705589995231038,466.86326331656505,9.432170397691051,48.79,6,63.75,0.08623395986187332,0.10034687383116325,-0.0227417997978501,0.057694870575175555,20185119754.0,-0.03228259654765006,-86.21608494049428,5.8398758197675384
녹십자랩셀,2016,2016-06,13600,15900,733.72,51.66,"18,500",800,2016-06-08,2016-06-09,2016-06-23,10560000,7793217994,9069614549,4962733602,2940460490,4250000000,4162969451,0,3219922268,2260239717,160.0,34489289880,0.9394060133025437,1.5703478403231848,0.09336006276740424,0.06553453912400471,0.2686613484292801,214.03785198863636,2.782563585475971,38.64,6,63.98,-0.2878251452514886,0.04182764455315757,0.00040261766428578705,0.01159848534570454,34489289879.0,0.006942901089402431,56.210803409090914,0.565589307936806
녹십자웰빙,2019,2019-10,9400,11300,657.93,3.17,"11,300",657,2019-09-24,2019-09-25,2019-10-14,17752276,27468345952,17554809017,10795290598,2658126861,6581890000,18365226612,-389993128,5196088589,3767943172,10.6,32678698045,0.5478417481495936,2.544474898812724,0.15900537352634914,0.11530273228178727,0.15343585230798606,212.25127256921874,6.075673454996978,45.77,6,51.03,0.08391462865245619,-0.07204924536721213,0.002952905367651526,0.009926404823925136,32678698044.0,-0.10663648662680625,-107.59352958460087,2.6452471946430216
뉴로메카,2022,2022-11,14000,16900,1652.13,7.67,"16,900",1181,2022-10-20,2022-10-21,2022-11-04,9855420,20478420097,2188188485,8775265601,175205096,4155210000,-2225003163,16757104,-2321393934,-2142105260,24.6,4603981720,4.597142509173979,2.3336524531709157,-0.5042144116071773,-0.46527232084666054,-1.100228522414119,-217.35301590393917,-5.908578326198039,22.32,3,65.85,4.877995839334736,-0.269861573420342,-0.09491152963944582,0.4317538448332218,4603981719.0,-1.3114303344574438,451.74792814512216,-0.7355967082803456
뉴트리,2018,2018-12,14500,17000,28.68,0,"14,500",0,2018-11-27,2018-11-28,2018-12-13,9100084,24546037353,6984272401,7394098131,551151570,3611112000,8306119277,62471024,10209895170,2840733056,-4.1,69474763064,0.6632259718454585,3.3196796848137478,0.14695833018667032,0.040888704483714795,0.23712885217213378,312.16558616382,2.310019805325778,51.89,6,62.12,-1.7651018612179192,0.5790623942973929,0.07050552795916903,0.006169837192061767,69474763063.0,-0.06357903772483683,81.79122478429869,0.7998446666414154
뉴트리바이오텍,2015,2015-12,21000,24000,93.92,28.32,"21,000",2,2015-12-01,2015-12-02,2015-12-16,10314000,22561238211,42751363056,29712121460,16911594837,4117000000,10399287474,1361970566,8108840509,6379407315,38.1,56166884783,2.936324386437544,0.7593277457946956,0.14437048699297453,0.11357951112380105,0.40176997369164813,618.5192277486912,2.3047542924610753,51.78,6,54.91,-0.5045987601063202,0.11122996788165351,0.070586010643936,0.0657524719993336,56166884782.0,0.16751016178401526,400.97399689742105,-1.274216253582158
뉴파워프라즈마,2016,2016-11,15000,17000,501.2,7.80,"17,500",521,2016-11-16,2016-11-17,2016-11-30,7903379,45124589155,42678869260,24738224389,3440041613,3076189500,51103124798,2745663315,4350929653,3968911168,-4.0,24433455687,0.4950070633943457,1.8240835900520378,0.17807262749636124,0.16243756997957878,0.06972178706827663,502.1790259583907,13.704012054501494,38.65,6,47.68,-0.04781750643540689,-0.41634707901754453,0.020330447956908082,0.0017253560928813527,24433455686.0,-0.08885465579032574,-525.249945244939,6.955495158598153
닷밀,2024,2024-11,11000,13000,1082.35,0.14,"13,000",116,2024-10-24,2024-10-30,2024-11-13,9147948,9327001956,20359283663,9334398112,3464777631,3955974000,-4949802391,688210343,47982526,119876072,-33.8,10010175106,-41.879646266833035,0.9992076451088483,0.004793375289832817,0.011975422081093014,-0.392241468671379,13.104148821134531,351.9429109672134,24.57,24,65.52,-22.587000302228958,-0.5288091644739739,-0.03830437321034479,0.07656533169058605,10010175105.0,-1.2625149642914741,145.70236603881003,351.1121501583742
대림씨엔에스,2016,2016-03,23500,27700,85.25,15.9,"27,700",26,2016-03-15,2016-03-16,2016-03-30,12731947,126699757689,211850620700,114903202482,24548992097,12922030000,164305711777,-8550622960,54190097149,36352275797,-16.1,295451548042,0.8267404349625719,1.102665155993785,0.18341449726063574,0.1230397201771721,0.2155139716160261,2855.2016276065237,3.674069512415961,50.81,6,69.51,-0.0983395987231892,0.15228510875768297,0.052903537130560285,0.04813715162573946,295451548041.0,0.08005921413934736,1337.9299008234952,-1.4666879242456639
대명에너지,2022,2022-05,15000,18000,254.74,0.34,"15,000",151,2022-04-27,2022-04-28,2022-05-16,17000000,82546653186,71671824256,48126804154,47416135170,1500000000,50077191440,6952014307,36767076230,19587673856,-7.0,95870723865,1.6323976740261368,1.7151908304956343,0.38350681780366463,0.20431340315717558,0.3346649524114548,1152.2161091764706,1.5958717454428386,75.59,2,85.29,-1.062009885881377,0.4078847498709206,0.13562516286095538,0.015142083143190904,95870723864.0,-0.4686689784089131,-697.7178674705883,0.6515763504149312
대모엔지니어링,2019,2019-07,4800,5200,1,15.6,"5,200",1268,2019-07-09,2019-07-10,2019-07-24,8324420,37081103396,30932031156,22723834278,11173114946,3279960000,29781454108,148839630,1624485712,1574762505,117.3,14493937691,1.020677212869779,1.6318154296654037,0.11208035708672345,0.10864973608778845,0.047417960652258354,189.1738409402697,21.001222156640303,53.11,1,68.02,0.2445560222861779,-0.08738573271367422,0.035194575100137085,0.047520228862341175,14493937690.0,-0.04786362456592265,-185.530726705284,12.425889612551632
대보마그네틱,2018,2018-11,22500,25500,995.4,42.25,"31,000",837,2018-10-18,2018-10-19,2018-11-06,3232600,11627752572,3460149986,4824351277,375697025,1304000000,7271557134,1311097122,3061834502,2549996735,88.7,10952817427,0.5259664358996069,2.410220961196396,0.2795476618145951,0.23281651063715844,0.25792312231940967,788.8376956629338,3.2293888678637668,14.06,6,74.63,-0.14566627314476888,0.08023201834575167,-0.07271422421279411,-0.05282937660767292,10952817426.0,-0.3458720956661268,-374.4423129988245,1.6726584906003554
대성하이텍,2022,2022-08,7400,9000,1934.89,4.47,"9,000",1136,2022-08-04,2022-08-05,2022-08-22,13278546,87308076029,55457028314,89150126187,22633300695,900000000,21981182928,351950415,11691678673,7457425500,62.2,102716207251,4.811379732199559,0.9793376606765969,0.11382506213873249,0.07260222801818257,0.32098233974311846,561.614615033905,2.6498912882841252,48.97,2,65.85,-2.108613244122088,0.02426642957877101,0.2143524566256329,0.18137561903562083,102716207250.0,0.8333938872879314,1156.7654073721624,5.8224441741156525
대원,2017,2017-12,13000,15000,247.25,0.2,"15,000",455,2017-11-16,2017-11-17,2017-12-01,11050000,253339931940,123814541314,99614249394,32013703566,5025000000,222901429863,17035363901,11587688525,18257210543,-11.3,132228366820,0.537340745825908,2.543209766486071,0.08763390794029925,0.1380733270936727,0.07453084933150547,1652.2362482352942,21.188567483867537,41.28,6,83.71,-0.26198669680371023,0.6485366900081233,0.022280991637058115,-0.004220761758853747,132228366819.0,-0.08466493264857725,-1792.0546618099547,7.506450643929904
대유,2018,2018-08,8900,10000,148.39,0,"9,000",11,2018-07-24,2018-07-25,2018-08-10,9052400,26317893519,13798746027,4838996474,4152702278,3000000000,21941507940,6183432854,3477572501,2778688460,37.8,9829900265,0.2888904692706546,5.438708967945407,0.3537749526698784,0.28267717729484004,0.08927530106452931,306.9559961999028,8.95019177459271,60.32,6,61.34,0.050199067170070444,-2.855493575682897,0.11255595773184993,0.09111630470359386,9829900264.0,-0.09672555348669974,-296.02531394989177,4.680658883803708
대유에이피,2018,2018-12,2600,3300,299.23,0.005,"3,000",11,2018-11-21,2018-11-22,2018-12-07,10884000,31693582433,42504682410,43195550382,3111680180,4000000000,11594248459,234678267,4423978424,3296229888,64.5,95125178211,2.92548139008929,0.7337233153118248,0.0465069133871901,0.03465149763702449,0.20824089624382028,302.85096361631753,6.304514083905035,73.5,1,76.85,-0.9155492855362484,0.0440558701625714,0.007485364166929805,0.0031774615051217772,95125178210.0,-0.32421956674816377,-294.53185942668136,3.293357156171553
대유위니아,2016,2016-07,6800,8300,76.75,1.32,"6,800",409,2016-06-27,2016-06-28,2016-07-14,24111530,112040885599,97965245876,118604272282,39999886478,8732235500,11731178383,412379783,16385056443,11824282580,12.8,434503643857,7.597515155474808,0.9446614649142273,0.037709825164072744,0.027213310514586853,0.5664111635313765,490.3995134278082,3.137125153875187,47.15,6,66.78,-10.236616204359892,0.021204955395966896,0.0890637913523376,0.07423487243173989,434503643856.0,2.236261987556043,1236.3608083767392,5.153642001394887
대창스틸,2014,2014-12,2000,2500,219.91,18.9,"2,500",812,2014-11-18,2014-11-19,2014-12-05,14566000,98377621893,119775570422,121121990881,12780658115,6000000000,78163585799,86957520,4428411798,2090333182,65.8,141893456278,1.589338700036639,0.8122193267914007,0.031209415248323942,0.014731709529328715,0.024810916341338213,143.50770163394205,19.025002001180198,76.75,6,82.76,-0.10795633554522666,-0.009567333158072677,0.004065988784989014,0.0018398364418619542,141893456277.0,-0.026845466758526875,-152.36033221200054,9.830518092569143
더네이쳐홀딩스,2020,2020-07,45000,50000,97.21,8.46,"46,000",151,2020-07-08,2020-07-09,2020-07-27,7182381,100086463694,32344825614,42387579087,7063677760,3091190500,34533924324,323155918,8127498927,7324135272,-6.5,49935483053,1.3031228005936208,2.3612215146463953,0.16275999409825914,0.1466719619839541,0.19300313634301836,1019.7363899241769,10.209786947536314,35.88,2,46.7,-0.6073433728984514,0.17165243056024648,-0.006429666361973341,0.07808315459650139,49935483052.0,-0.3377797320420878,-1227.7073001279105,8.315073024978858
더본코리아,2024,2024-11,23000,28000,734.67,10.2,"34,000",773,2024-10-18,2024-10-24,2024-11-06,14466030,139505,87644,74522,5284,5872,128944,11901,15781,13010,51.2,221266,0.5439451460975893,1.8719975309304635,0.07132139596684534,0.05879800782768252,0.08867411411083924,0.00089934833537605,9.336734047272037,42.55,18,84.22,-0.04578685059719256,-0.04136227895918143,0.008997028731822516,0.007867549879706344,221265.0,-0.07436512755985501,-0.0005464526203802979,4.150792029611647
더블유씨피,2022,2022-09,80000,100000,33.28,5.8,"60,000",7,2022-09-14,2022-09-15,2022-09-30,34009698,214414990470,415602343301,128305387781,95954344694,12350084000,-58140615766,0,40855746362,-9963986760,-30.5,185498673958,-4.897513171959175,1.671130060695327,0.22024818555441764,-0.05371459831705327,0.2175992803690997,-292.9748673451908,9.931469558793713,19.99,2,60.37,3.1863448336167375,0.703222721800686,0.13300311982933966,0.22497383158726897,185498673957.0,-0.4828970542054929,623.773386638129,-6.805114199479499
덕산테코피아,2019,2019-08,17000,19000,348.6,7.17,"19,000",1,2019-07-17,2019-07-18,2019-08-02,18393808,29710037170,58826960662,15510369875,7899381876,7560000000,52444209560,-674052589,4617793738,3776177705,-17.9,14744394080,0.3945675006800076,1.9154950790623877,0.31318979355440557,0.25610938533731864,0.06364685174936852,205.29613579743793,14.103541599328143,58.06,1,75.5,-0.03741221040591469,0.07635786995419713,-0.03318856714016172,-0.00870633266423293,14744394079.0,-0.2744652323384731,-815.8883687380014,11.606422414367326
덕신하우징,2014,2014-08,9600,11000,650,80.1,"13,000",899,2014-07-15,2014-07-16,2014-08-01,8012000,43492241733,33124486182,31124196411,4625179409,2976000000,45809335304,-9201983209,4060617025,3309726640,61.2,23128811215,0.9031416979087961,1.3973771775077493,0.17556531493354574,0.14309972999621806,0.0836141070634104,413.0961857214179,10.064320728448898,35.57,1,73.25,-0.11649104703026025,-0.07292675864432319,0.046536944467276686,0.03089725923586753,23128811214.0,-0.23552934005355414,-1049.4223328756864,7.24425339923323
덕우전자,2017,2017-08,13500,15500,282.69,11.35,"15,500",586,2017-08-09,2017-08-10,2017-08-28,8119624,22233564653,39259610618,20316624792,1513486793,600000000,39153241975,165502242,13826468469,10695576476,2.3,77312103555,0.5468636855490889,1.0943532639218119,0.178839636140075,0.13834284651679596,0.2679336909462479,1317.2502170051223,2.8686329972782003,51.73,6,71.18,-0.0172891124468455,-0.3784241223811746,-0.001707690014996932,0.017247999285692664,77312103554.0,-0.10307157132283135,4.345215369578682,1.0765606257215676
데브시스터즈,2014,2014-10,43000,50000,651,73.84,"53,000",285,2014-09-18,2014-09-19,2014-10-06,10800000,50135248029,3871155833,7034423620,43562368,4050000000,40624253555,-209178012,26402144593,23878304614,15.1,43697861002,0.15918079305083438,7.127129490248129,0.6041976423466495,0.5464410400524438,0.5370125727304446,2210.9541309259257,1.7774471959540032,29.43,6,52.55,-0.4336094041181782,4.362337080197934,0.21117252296012962,0.1822397823451608,43697861001.0,-0.7502607769918007,143.68863861111095,0.9453130065209818
데이원컴퍼니,2025,2025-01,22000,26700,114.98,0,"13,000",133,2025-01-06,2025-01-10,2025-01-24,13564594,41154688033,20537860628,25281789356,13642523112,6101797000,-76783252091,1613202853,-1231658174,-2670836789,-40.0,65742872868,-0.5635630149416841,1.6278392108046327,-0.018734474480191193,-0.040625495547822583,0.03866952908836685,-196.897657902625,-18.48584020601807,17.33,30,67.62,1.4328041888160694,1.2153108565254407,-0.028359432144176952,0.027196419130252593,65742872867.0,-0.07786593314098518,386.04106882963106,38.42071362735115
데이타솔루션,2017,2017-08,2700,3300,395.83,23.09,"3,300",734,2017-07-18,2017-07-19,2017-08-03,15358580,23247351027,10353232963,14410828221,1949970000,6000290000,5245713909,15510681,-734067067,-436782258,72.1,11794843035,1.4528062002892632,1.613186325621666,-0.062236272650829726,-0.03703162956080831,-0.03878539201004578,-28.43897404577767,-23.485300654415546,69.15,6,75.29,-0.41329874770809916,0.13157722304233843,-0.10130306770541825,-0.06732586204182797,11794843034.0,-0.2989722408751132,-227.30221094658492,-27.983474415988894
덱스터,2015,2015-12,11000,14000,255.31,33.10,"14,000",501,2015-12-08,2015-12-09,2015-12-22,9630524,39921879550,8551306381,6399756587,24200000,4250865000,5348341606,1490604313,2919104989,2994413417,105.7,18755721792,0.5792665568349714,6.238030932472401,0.15563810454072233,0.15965332873924515,0.270014830628872,310.92943821125414,14.404836243455854,38.23,1,62.46,-3.4210269304039587,3.500421892759543,-2.549460549965751,-1.5223429624918516,18755721791.0,-0.5814569731594774,-15.068295660755325,13.674586094125267
덴티움,2017,2017-03,45000,50000,22.96,0.4,"32,000",364,2017-02-27,2017-02-28,2017-03-15,11068830,87526272910,85901991468,86962976790,23028473857,6184415000,92713110213,-35460711482,24916442792,17280068576,7.8,87579585703,1.733874136765635,1.0064774245407935,0.28450057843955406,0.19730703721984014,0.27239811648288476,1561.146803772395,2.5459819549910976,19.12,6,49.49,0.054972324476569856,-0.016621949037409545,0.1088087429633949,0.045489182905470826,87579585702.0,0.01044294282647995,251.43450048469435,-0.766912358519646
동구바이오제약,2018,2018-02,12000,14500,727.7,53.41,"16,000",836,2018-01-30,2018-01-31,2018-02-13,9604000,44131513914,31267506588,34579686250,4697414693,3811403000,20104850159,-880938966,11633745302,9471670285,160.0,75411721332,1.7050820585262767,1.276226556682538,0.15426972221973892,0.1255994441938407,0.41118042522199516,986.2213957725947,3.1049261111802187,40.85,2,49.11,-1.566474965399634,0.49656261854100847,0.03334082093235867,0.0006862925898941108,75411721331.0,-0.41399716940192666,-150.05916149521033,1.0182703147915393
동양파일,2016,2016-04,10000,11600,12.56,0,"10,000",2,2016-03-23,2016-03-24,2016-04-06,20000000,62648806685,100459297640,54515744857,33000000000,8000000000,36438179211,1893701271,34897506302,24764952434,-9.0,115637947234,1.888888254621998,1.1491873925474887,0.3017824783017196,0.21415939167345044,0.5345121367051185,1238.2476217,2.1661249607301527,40.0,6,60.0,-4.757447003420221,0.44900553787586783,0.056745997808092224,0.12187589131930686,115637947233.0,-0.16422044543765335,752.8454046500001,0.19756147469354501
동양피스톤,2017,2017-12,5700,7300,62.8,0,"5,700",20,2017-11-22,2017-11-23,2017-12-08,13168460,84734845109,149629762208,124930504065,43681847255,4934230000,56911722273,0,8710099281,5760314191,-15.0,127181325005,2.7263279992150893,0.6782558490672012,0.06848567807150595,0.045292138533495695,0.09313971212817386,437.43263760530846,7.548967454415862,51.4,6,56.41,-0.3231249498972102,0.025550385656199937,0.017242446174949064,0.004197054598144033,127181325004.0,-0.09713073863139178,-372.94607326900785,3.0405588897754168
동운아나텍,2015,2015-06,10000,12000,101.68,7.08,"10,000",48,2015-06-16,2015-06-17,2015-06-30,5877000,25482864,9131114,10712207,2473290,2531000,17450785,53389,1776208,1733176,28.0,11688430,0.6581174188953887,2.3788621709793323,0.15196292401973577,0.14828133461893514,0.08650666073576402,0.2949082865407521,12.064173227459847,20.7,2,35.0,-0.018750926826946346,0.05287992256747698,0.028838041924267477,0.018991223716577244,11688429.0,-0.21914788049713158,-0.6830357325165901,8.37411992883554
동인기연,2023,2023-11,33000,37000,26.37,0,"30,000",4,2023-11-01,2023-11-07,2023-11-21,6067280,99368244,103613083,117305322,21042303,425000,76376909,-12168207,15793193,13530284,-2.8,109175774,2.140487403924349,0.8470906716406268,0.14465840196379098,0.12393119374633424,0.20933790857283713,2.230041138698066,4.092503776785353,68.36,6,68.84,-0.7059244741845605,-0.014679899911782313,-0.025555232245160098,0.011800265337406385,109175773.0,-0.3351585218877314,-2.4011613111641457,2.8826412190172137
동일제강,2015,2015-09,2700,3300,309.7,3.1,"3,000",789,2015-09-10,2015-09-11,2015-09-24,15000000,63200996126,70696504225,15104055493,5362972717,5000000000,85272011047,23158461094,5316272913,4174389861,6.5,58803746928,0.18043677173941775,4.184372611401661,0.09040704361083159,0.07098850122784135,0.03680130905045529,278.2926574,21.336465226159845,6.67,6,68.0,-0.06524304771446154,1.1342419630761982,0.015616713767552637,0.019291284652835895,58803746927.0,-0.02041472174378226,-142.72309666666666,9.255434585225297
두산로보틱스,2023,2023-10,21000,26000,272.03,60.3,"26,000",524,2023-09-11,2023-09-15,2023-10-05,64819980,37108,28671,26203,7152,24310,-92134,-846,-9932,-9333,97.7,23652,-0.4857288481141692,1.4161737205663474,-0.41992220531033314,-0.3945966514459665,0.13591087811271296,-0.0001439833829013832,-3.2645992750704793,34.09,1,81.62,-0.14535475035498396,-1.219165900794852,-0.12566585437382027,-0.11546687434048092,23651.0,-0.07922105049667891,4.9598904535299156e-05,-0.03160864912551409
두산밥캣,2016,2016-11,29000,33000,9.81,0,"30,000",0,2016-11-03,2016-11-04,2016-11-18,100254913,1703060577,4700776304,860017644,2259667556,50110207,556034633,-562223346,234818539,124974790,19.7,2150141629,71.02866764960227,1.9802623688962362,0.10921073097366647,0.05812398044594112,2.8454129998401236,1.2465702304285078,13.9859131011798,59.33,1,76.04,63.5106657972033,0.015523290641782372,0.013789737163626331,0.021464299981802673,2150141628.0,2.5016341590894955,-0.23099012613975334,5.87989170378753
두올,2016,2016-07,7500,9000,71.69,0,"8,500",2,2016-07-13,2016-07-14,2016-07-29,18235986,136038583421,82872838879,107060815445,18733281704,38289965000,35566931273,2137074864,6534071564,5588573104,-16.9,78266613103,1.655316800358039,1.2706664231498093,0.08348478750959962,0.07140430488087375,0.07353969032523729,306.4585103322628,14.251041519660957,31.69,6,67.11,-0.3199845385404798,0.07538622163585407,0.012348978361340149,0.014450795850044752,78266613102.0,-0.21742182035257285,-837.508466994875,10.848460934997611
듀켐바이오,2024,2024-12,12300,14100,47.73,0.38,"8,000",172,2024-12-02,2024-12-06,2024-12-20,28455220,12305695647,38323815318,16032541978,7704332982,13887610000,6279154881,-827347455,3810839528,3417789047,13.5,26244798355,1.2273831438214906,0.7675448886325068,0.1452036124055029,0.13022729307229994,0.17672657721349502,120.11114470385398,7.056879673732617,47.28,24,61.66,-0.6850188857684392,0.11311056910334383,-0.0062867610333846025,0.014923927659340419,26244798354.0,-0.10165403097310807,-20.478409831306877,2.9103317955743684
드림씨아이에스,2020,2020-05,13000,14900,926,6.82,"14,900",669,2020-05-07,2020-05-08,2020-05-22,5419150,22882521868,2138027307,13603801147,667970836,2011860000,8249588677,120800905,4335671709,4150870541,104.7,22108907456,1.374631949490347,1.6820682411287822,0.19610519957300598,0.18774652475527553,0.39980454218674166,765.9633966581475,2.4791492330214155,65.16,2,73.77,-1.0202686325813588,0.11197520004718409,0.010000863206462873,0.009753104666091417,22108907455.0,-0.33948558188790967,135.35002297408266,0.6585546888180822
드림텍,2019,2019-03,11000,13000,395.96,0.5,"13,000",562,2019-02-25,2019-02-26,2019-03-14,27585500,132485274611,153618000902,118869788564,32125659242,2515280000,133752928493,-1653868082,33237164279,28062281992,18.5,466151357346,1.1216891702992842,1.1145411816701378,0.07130122814236445,0.060199936243392344,0.20846428327265268,1017.2837901071215,4.064962539309174,39.48,6,84.96,-0.44618025764538105,-0.00028623828977614174,0.011570734228966442,0.023504647582421212,466151357345.0,-0.020174959247277663,113.48160276232079,1.3658286854227577
디바이스이엔지,2017,2017-12,15500,17500,11.4,0,"12,000",2,2017-12-04,2017-12-05,2017-12-20,6782000,53379589779,17317601487,35212250175,1072333569,2720000000,28533778568,3158828954,11333906697,8452062736,0.8,98337397603,1.0543979766951181,1.515938047517862,0.11525530442402346,0.08594962793424737,0.2456094828209862,1246.2492975523444,3.0362529392542785,41.32,6,47.24,-1.2702269027459312,0.3217675083668714,0.02866365159751129,0.021797809826135675,98337397602.0,0.06236016903703365,576.7586343261574,-1.1893708896136537
디아이티,2018,2018-08,9400,10400,105.14,2,"10,000",11,2018-07-18,2018-07-19,2018-08-07,18900000,172949953349,38495118287,82655259031,681901355,1514250000,126577581337,-8678227,7567894510,7098591967,6.5,43278518433,0.6506488820932494,2.0924252779140744,0.1748649164530886,0.16402114083432445,0.05542174590989034,375.5868765608466,16.927814081013135,28.73,6,74.77,-0.09027836820775381,0.15410513031459083,0.042987130461618395,0.034953212767630526,43278518432.0,-0.03518970342958251,-211.6657550793651,6.124639718978587
디알젬,2018,2018-11,5000,7000,785.43,1.09,"6,500",832,2018-11-05,2018-11-06,2018-11-22,11325610,23523514,13580785,15186959,5555349,4890305,6612405,8940,2064475,2406257,4.0,27959166,1.801853600482989,1.548928524795517,0.07383893353614339,0.08606326097137518,0.20902798469376674,0.21246158043584407,7.925497281391153,42.98,6,71.35,0.06599096596316945,0.10026774849499098,-0.010671882583287828,0.0051207532888031815,27959165.0,-0.16049415351768312,-0.1400474676419195,4.169960720682466
디앤디파마텍,2024,2024-05,22000,26000,848.5,10.87,"33,000",1544,2024-04-12,2024-04-18,2024-05-02,10429232,22593814919,58667060228,7676482933,17937153954,4649464500,-290188007888,17916749900,-9506668082,3014576074,10.6,16871613646,-0.09570833732622938,2.9432508501872285,-0.5634711819194534,0.17867740082554046,-0.011264314593778297,289.05062942314447,-5.853495439202607,13.56,5,76.27,0.17801507388260188,2.3359438878221486,111.87804546925463,224.60235591308097,16871613645.0,-0.5105427239454884,13427.649066872804,-5.58374781671087
디앤씨미디어,2017,2017-08,17000,20000,539.1,33.5,"20,000",563,2017-07-19,2017-07-20,2017-08-01,4034223,11883822296,415570868,3148817224,157393664,107187500,7472296208,22378068,1348278210,1107574632,36.5,6385012960,0.43492120554442454,3.7740590992143277,0.21116295588537068,0.1734647429752437,0.14569781254070516,274.54472199479306,6.670123576350018,52.65,6,76.05,-0.007455325444797045,0.3666743353971351,0.01565269467845018,0.014043337495325103,6385012959.0,-0.31961433643043236,-472.06522941344593,4.8376411463839135
디어유,2021,2021-11,18000,24000,2001,36.13,"26,000",1598,2021-10-25,2021-10-26,2021-11-10,21977166,5646685825,8010768755,15496662512,429125912,8349900000,-31940805263,181753956,-454001430,-2249956752,155.8,13047733322,-0.6803231870793085,0.3643807704160448,-0.034795425289272326,-0.17244043056937028,0.09611440938173607,-102.37701949377822,4.996314315573851,4.33,6,76.42,-0.145008704860922,0.09139278854322586,4.794052078807399,13.511628436921141,13047733321.0,-0.96538824299861,945.766925771958,4.927450598302791
디에스단석,2023,2023-12,79000,89000,342,7.7,"100,000",984,2023-12-05,2023-12-11,2023-12-22,5861404,316354,335905,338838,127099,4253,126138,47263,65371,34384,300.0,811123,2.6227216949801297,0.9336438061846665,0.08059320226402161,0.04239061153487202,0.19354475553604197,0.005866171313221201,2.850224105490202,40.64,6,78.89,-0.4316093694783887,-0.02052434144856552,0.015334584615925087,0.018414673913589873,811122.0,-0.001415903752597647,0.0012287158503321042,0.9614223213447672
디에이테크놀로지,2014,2014-11,6600,8500,55.28,1.69,"6,600",489,2014-11-05,2014-11-06,2014-11-19,5243700,19912784247,8163063103,10102340490,5308415635,941670000,10255276695,-3720387,3467955659,2286072432,1.2,22107182072,1.3767930443777106,1.9711060290148665,0.15687009080150305,0.10340858570552239,0.2042371313770457,435.96552663195837,3.6520337831112966,45.84,6,51.2,-0.06705841480977859,0.20384106333133967,0.0621450603440262,0.031324876786149716,22107182071.0,-0.026220675136094218,39.198211949577626,0.22808421406995905
디자인,2018,2018-11,9000,10100,771.73,3.86,"10,100",665,2018-11-01,2018-11-02,2018-11-15,2660910,15972855405,1144545980,4397252236,383260000,1126000000,7773401147,7141377,1310470467,1042847459,50.5,17125005407,0.5367416394317099,3.63246285355917,0.076523798729099,0.06089618275820963,0.11708779879396441,391.9138411295384,9.414091701923107,42.77,2,57.73,-0.3315424455816214,-0.8695839294232726,-0.027160164011351975,-0.01212713992793514,17125005406.0,-0.1712742864453634,-444.33172410942115,6.941557914791739
디지캡,2018,2018-09,8500,10500,979.06,4.07,"12,000",931,2018-08-22,2018-08-23,2018-09-07,3531115,13594118551,18827281455,5457129464,11039984027,1576790500,8008269890,1203308545,271908733,-589288559,-9.2,8712730578,1.529157335125933,2.4910749581219758,0.03120821085488178,-0.06763534734885268,-0.05462258127715763,-166.88455601134487,58.564821877199506,22.31,1,48.09,0.30452129784745674,-1.1941472855344317,-0.12063828376769574,-0.19301115180811726,8712730577.0,-0.24221273207225705,-746.0104921533284,52.089658014346256
디케이앤디,2018,2018-11,5800,6600,256.3,0,"6,000",975,2018-11-02,2018-11-05,2018-11-20,7601025,20767174803,30652400117,8457501380,3304836579,3193512500,18167976451,1924342298,2045350805,2132024795,3.8,25312913256,0.5051285407517985,2.4554740070287755,0.08080266322230548,0.08422676494949231,0.0915588871276201,280.49174881019337,19.38896587522061,45.79,2,68.15,-0.15083692325189269,0.22638690335842337,0.008799211206909005,0.054242487954197866,25312913255.0,0.015256073678749302,74.93944790340777,9.56792353586351
디케이티,2018,2018-12,6000,7400,771.42,3.4,"7,400",780,2018-12-06,2018-12-07,2018-12-21,8077587,41297178608,22587975323,31064906800,11710582303,2400000000,19008770853,-299106025,8047733434,6541201117,42.6,190348374345,2.0263461997872323,1.32938363130708,0.04227897118476964,0.03436436554558797,0.3098675971550106,809.7964301715351,2.6230571627554236,59.42,2,70.86,-3.0521321120679143,0.2728365108278372,-0.008216447243213097,-0.004679600891531882,190348374344.0,-0.44992146399634886,-538.0224611632161,1.605382601013931
디티앤씨,2014,2014-12,14500,18500,559.02,74.32,"18,500",621,2014-12-02,2014-12-03,2014-12-17,9864110,10603023100,32455585920,9469644818,10148088813,3623160000,14500761122,5316954267,8104723132,6638491880,40.8,21337812167,0.8369027736995663,1.1196854057129644,0.3798291534562462,0.31111398994629647,0.2832015344919762,672.9945104018508,2.892248755105284,45.3,2,81.38,-1.0075753546457746,-0.2323954336998475,0.11600224550730742,0.0985196632749222,21337812166.0,-0.10105590461754893,236.85559690636057,0.7951914465780225
디티앤씨알오,2022,2022-11,22000,25000,74.53,0,"17,000",5,2022-10-26,2022-10-27,2022-11-11,6315256,20071117255,19815213544,16890526268,1533278474,2436628000,1875245606,0,3600186721,3411670347,-18.5,22965462438,4.2728072354354625,1.1883062100335973,0.15676526134491942,0.14855657081630763,0.7912268908468557,540.2267694294578,5.961503588635674,42.56,2,64.31,-12.259128721486018,-0.10902328167544773,0.0069251532749594336,0.016412748041493785,22965462437.0,-4.016058238077567,-145.02395358161255,2.292186212274452
딥노이드,2021,2021-08,31500,42000,1179,7.29,"42,000",835,2021-08-02,2021-08-03,2021-08-17,4621921,8022438801,1225005744,618360427,12524575030,1990998500,-35829931447,2160202860,-2072814787,-2050964482,20.0,34177241,-0.4148820177104721,12.973726083865325,-60.648979448048486,-60.009656191967046,0.06474263571700604,-443.747195592482,1.879324161729844,36.07,3,55.43,0.037247948049469404,4.328483958059547,-55.832594460008465,-46.93214803583352,34177240.0,-0.387693804601345,2498.7273209559403,1.4249261274232266
라닉스,2019,2019-09,8000,10500,51.68,0,"6,000",770,2019-08-29,2019-08-30,2019-09-18,9435500,9199370588,2107141619,1611143800,1311870502,3970670000,4412709052,118853,303613009,272994941,34.8,4200487967,0.348662853515677,5.709838307418618,0.0722804139388694,0.06499124462317499,0.03256336962131083,28.932747708123575,27.612446293432704,32.85,1,61.85,-0.9597000633635966,2.738517522732971,-0.008847167293119546,-0.002356273884272758,4200487966.0,-0.11399662492152933,-41.09311991945313,21.948258676726894
라메디텍,2024,2024-06,10400,12700,1115.44,8.17,"16,000",2140,2024-05-27,2024-05-31,2024-06-17,8650735,7579735572,2847940217,1932495983,1521996989,3656897500,0,-26635033187,-1713494359,-1627684107,53.4,979078233,-0.15033826151328705,3.9222516572755017,-1.7501097473586669,-1.662465829735181,0.07083621270114053,-188.15558527685798,-4.069568586773503,28.83,36,69.22,-0.022938986005268613,-3.430778426362364,-0.541959754116446,1.1833423385973787,979078232.0,-0.31723375803497783,771.843760674671,-1.6441116587495643
라온테크,2021,2021-06,12800,15800,1526,8.7,"18,000",779,2021-05-31,2021-06-01,2021-06-17,4886005,13834872036,10957169331,12133597211,8160478079,2185502500,-6037102069,89134656,1054035431,844745812,13.9,18399628060,-5.393824463287427,1.1402119087534626,0.05728569227393393,0.04591102652973954,-0.22451925307828113,172.89090207644077,4.267376546092596,39.76,1,45.18,-2.2172229972216235,-0.1970476060933548,0.15318724695186253,0.1592634175416463,18399628059.0,-0.5187784534841264,465.9555649247186,6.988903911430916
라온피플,2019,2019-10,14000,17000,330.36,0.5,"14,000",2,2019-10-01,2019-10-02,2019-10-18,10178456,31858476409,2807392082,3126633618,886630737,4047100000,19324819061,1521829679,4056476546,4524761655,11.1,15603637419,0.16121574925962717,10.189385870346642,0.2599699311815956,0.28998120973320984,0.18176296797474625,444.54302843181716,7.5564603390165885,46.09,6,57.06,-0.021637864702543003,-5.3810593591151985,0.0010347066298895258,0.002783495387418178,15603637418.0,-0.1856477568516642,-169.5465671807197,2.9692317304719245
라이프시맨틱스,2021,2021-03,9000,12500,1402,3.69,"12,500",1774,2021-03-08,2021-03-09,2021-03-23,9776917,6370436270,3309072509,4374937785,1804005023,4373458500,-22066422774,21193530243,-2243590701,-7750471697,40.0,1931849944,1.765126800271422,1.4561204257216653,-1.1613690328113808,-4.011942915686416,-2.2140624589383364,-792.7316655137811,-1.5602515955516076,38.08,3,52.32,4.540325324871066,0.8450106478900091,1.9185357248419126,-0.6010307475903565,1931849943.0,-3.3375726479456937,-387.3491837968963,-2.5459776465208295
라파스,2019,2019-11,24000,29000,202,0,"20,000",813,2019-10-25,2019-10-28,2019-11-11,8191416,14121014674,22284594463,4891354464,8722541055,3436508000,-3390267180,-64332897,482219719,825907099,-9.8,9199702711,-752.4783096490248,2.8869334205749353,0.052416880648046844,0.089775411765477,-45.650209149563096,100.82592545659993,47.26416759825618,23.93,2,40.79,-737.1027535800408,0.09083252993400137,0.4317885620713742,0.5116543844703298,9199702710.0,-50.19533946008805,618.5031650205533,52.5532247143764
래몽래인,2021,2021-12,11500,13000,1545,17.64,"15,000",2055,2021-12-15,2021-12-16,2021-12-30,6248519,36549023969,8995728471,6505581478,13191571537,2494259500,-10273648741,462934924,2055057036,2045801235,60.0,21741780397,-2.6921719403390623,5.61810256202282,0.0945211016979807,0.09409538674589346,-0.2796164844829988,327.4057796735514,12.577558175859796,0.32,1,53.16,-2.28928618216058,-0.01904933010166676,-0.012174944332459567,0.003106203416615466,21741780396.0,0.0538305034170537,-177.16227749327481,6.164644134022903
랩지노믹스,2014,2014-12,12000,13200,423.83,22.6,"13,200",306,2014-12-01,2014-12-02,2014-12-16,4113248,15690115753,10970354238,7096298048,3522820883,1851888000,7244164654,127541099,1571328898,1370776038,8.0,11326371298,1.1512995059594966,2.211028292057442,0.13873189008711587,0.12102517231110464,0.14861626332514388,333.2587867300975,10.208780020794856,20.85,1,23.2,-0.053593371345103336,0.3016140349450507,0.046662889218370765,0.046770997183718604,11326371297.0,-0.011086720265002514,26.948193738865257,1.7553698164137792
레몬,2020,2020-02,6200,7200,426,6.3,"7,200",800,2020-02-12,2020-02-13,2020-02-28,34500000,27018784687,38220553013,44062697678,123799373,15200000000,-17611684351,2184920400,6641705735,7163376505,44.4,37498936328,-194.85679648878582,0.6131895256265748,0.1771171767888445,0.1910287919193909,-31.58957353411081,207.6341015942029,3.1697942500007494,58.78,3,63.16,-196.99090066564492,-0.5258736210147595,0.1872805301441418,0.2666458488720663,37498936327.0,-31.0892846753305,276.5389898550725,84.64198988214558
레뷰코퍼레이션,2023,2023-10,11500,13200,643.70,24.4,"15,000",657,2023-09-11,2023-09-15,2023-10-06,10969920,27113768673,14942043852,13524728359,483694709,4631360000,6531715887,16884313570,1878997667,1929682988,53.3,18040053709,0.4994555051006293,2.004755138387471,0.10415698851620309,0.10696658774565071,0.06880080554229244,175.9067511887051,14.926782480672447,69.0,1,88.63,0.03133235870631956,0.04970487352546549,-0.027487579596059103,0.13029021030468946,18040053708.0,0.09676888070692469,240.73704594017093,8.592017860148957
레이,2019,2019-08,17000,20000,1,10.27,"20,000",779,2019-07-22,2019-07-23,2019-08-08,6653267,35147754347,7158981758,10903339426,4122706236,2811633500,1839963937,10703355,1035027842,966709424,23.8,13460898045,3.222882077403298,3.223577013771304,0.07689144056658666,0.07181611663414096,0.2073460008540779,145.29845623210372,26.357445989361125,34.38,6,60.75,-0.8771051037893893,0.13896188934043208,-0.04046449081586442,-0.030086054039540303,13460898044.0,-1.2282628390590435,-643.9965262178716,22.012653692148575
레이언스,2016,2016-04,22000,25000,430.31,20.70,"25,000",328,2016-03-24,2016-03-25,2016-04-11,16591014,52129394735,41950689819,27120839554,6941044915,6295507000,38620417100,2483775827,19746131463,14481565495,-7.8,86609301204,0.7186097068432608,1.9221158191362677,0.22799088768179596,0.16720566144379856,0.3055201935308235,872.8559625710641,3.039491568131266,32.5,6,65.16,0.29600587981073934,0.0975444310000122,0.08600859346469306,0.12593115300240904,86609301203.0,0.2651043024859335,678.9512430644685,-1.1270055837316586
레이저쎌,2022,2022-06,12000,14000,1442.95,12.11,"16,000",1845,2022-06-09,2022-06-10,2022-06-24,8425772,13410454427,2276465754,1460655986,540905159,3388886000,-27653294517,406217053,-566087802,-442247838,8.4,3347118735,-0.0838940850994589,9.181117631759735,-0.16912689594204072,-0.13212792046350874,0.018536519780525472,-52.487515446655806,-24.175329317553462,18.87,3,55.81,0.08097135221107819,5.047785501797336,-0.08685681384751841,0.6996913243444464,3347118734.0,-0.32395619738427256,903.3557649079514,-9.611182648098731
레인보우로보틱스,2021,2021-02,7000,9000,1,19.6,"10,000",1201,2021-01-18,2021-01-19,2021-02-03,15584500,6876454292,5340436290,3768252250,1228864183,6427500000,-5422904730,6215178879,-838185670,-778378673,160.0,3801754116,0.692143040747631,1.824839165690142,-0.22047340370394433,-0.20474198205615884,-0.10781205297229582,-49.945694311655814,-8.613573826667784,60.73,2,62.94,0.5439613826352724,-5.105047076226031,2.9671099298763415,3.040392361540172,3801754115.0,0.5794973437523071,302.7897537938336,-7.132356267793694
로고스바이오,2016,2016-11,22200,25500,190.16,0.53,"25,500",208,2016-10-19,2016-10-20,2016-11-03,3561724,7287360765,1325906260,471570139,599262224,1416192500,-4304036338,-9885320,-762259604,-718316314,-16.3,2198387857,-0.3695419083745852,15.453397410729606,-0.34673572344063397,-0.3267468530235791,0.24788939022022982,-201.67657965636866,-9.894837168886625,50.8,1,65.52,-0.013546918051513979,-6.410573481184082,-0.2594726355480409,-0.26293428518064454,2198387856.0,0.13100882948871323,-128.29740288691656,7.068659619807214
로보티즈,2018,2018-10,9200,11300,958.60,37.1,"14,000",1043,2018-10-10,2018-10-11,2018-10-26,11251000,23607649585,24736544460,4948305491,5679242919,4750000000,13732067744,66867774,1098021456,1742824794,40.0,11563289912,0.5729465391524469,4.770855321672783,0.09495753062980022,0.1507204962656306,0.09395821082610116,154.90399022309128,34.3496435601528,46.94,1,79.31,-0.1979276122865632,-3.698760972647606,0.015769475766123114,0.05128895833036981,11563289911.0,-0.04367196112487949,-3.408844191627395,9.02082942912013
로스웰인터내셔널,2016,2016-06,2100,3200,386.96,26.6,"3,200",328,2016-06-13,2016-06-14,2016-06-30,91190476,94063023,11536315,40411023,0,25984204,39496077,-291964,22489729,17739946,6.7,95460854,0.6199120465098064,2.3276575552170504,0.2355911146573233,0.18583477160177092,0.2721338242249758,0.19453726724707524,2.898581614745113,35.09,6,67.1,-0.4384927659101078,0.42427580179864655,-0.012937766989763233,-0.010295746461631866,95460853.0,-0.17755492134927597,0.017769849123279058,0.6174466320468337
로지시스,2015,2015-07,2000,2500,345.68,13.28,"2,500",397,2015-07-13,2015-07-14,2015-07-29,9340922,11024463731,4308062850,2903849655,1851310072,3580600000,6977415558,0,407766334,371804076,117.2,5919398041,0.45038385299564454,3.7964994888828016,0.06888645284126113,0.06281112934537325,0.035215337006988714,39.80378767749051,25.939774748545084,64.47,6,68.89,0.0016760778315954017,0.2907002148182487,0.009110001706218035,0.008314741656196022,5919398040.0,-0.1164084460140913,-147.0424358537626,19.91695652553159
롯데렌탈,2021,2021-08,47000,59000,217.63,4.07,"59,000",65,2021-08-03,2021-08-04,2021-08-19,36634063,859097922059,4529678875540,2081916404847,2584104669434,58846000000,291250004983,-1300884247,49175184951,18589479980,-5.9,588853171133,13.377541131983525,0.41264765485246996,0.08351009616944588,0.03156895622083918,0.05329627301200184,507.43702602684283,14.697570004834368,37.8,6,68.51,-0.5902016882771743,0.014314652759284396,0.022584596893474015,0.017619223555718128,588853171132.0,0.03056254014624978,301.1559307795043,-6.7044486972692106
롯데정보통신,2018,2018-07,28300,33800,79.33,25.9,"29,800",34,2018-07-11,2018-07-12,2018-07-27,14286000,264690813781,294014683930,295967564838,40304465294,50000000000,9196834195,20308787241,5737241108,4542054543,-2.7,183860574277,4.229537786868195,0.8943237206613517,0.031204303209433078,0.02470379830401839,0.05712872198170589,317.93745926081476,38.7701097778232,70.0,6,76.0,-0.6599153240936442,0.039232392348184875,-0.004080736985348936,0.008281506917394238,183860574276.0,0.024330663500371316,146.52445289094217,-2.584802646842739
루닛,2022,2022-07,44000,49000,7.1,1.65,"30,000",8,2022-07-07,2022-07-08,2022-07-21,10507767,74856956727,4302897983,93097323093,4610177245,4635370000,-240932348666,0,-13424330409,-21760186203,33.3,2976258789,-0.4134944970079671,0.8040720639434638,-4.510471488102844,-7.311254748217394,0.0920882963711419,-2070.866836217438,1.3816440047963363,13.86,2,61.72,0.01439549410656571,-0.21867573447497812,2.3731076312992174,3.7861662786193087,2976258788.0,-0.25127992090790513,4940.6862792066095,1.4262306789977839
루미르,2024,2024-10,16500,20500,13.1,0.24,"12,000",130,2024-09-26,2024-10-04,2024-10-21,17154696,16575008,29768191,13081435,1420181,7341348,0,-38949032,-224979,-472312,24.3,8155222,-0.4588003347540427,1.267063437612158,-0.02758710921664671,-0.05791528421911752,0.014942948682984809,-0.027532519375452646,-141.5313562599176,47.94,36,71.45,0.005269593925836813,-1.0786991225371576,0.22172332888028778,0.4302809366320074,8155221.0,-0.17425114386219787,0.3175701277364519,-130.89455402604722
리드,2015,2015-11,4500,5100,42.89,0.95,"5,100",46,2015-11-04,2015-11-05,2015-11-20,4621148,20229853887,1929553496,13840258719,5170010649,1407875000,1043743808,363866964,852223301,1141978573,-22.6,21456642734,6.752038869120593,1.461667321234994,0.03971838985087703,0.053222612090680486,0.40560623120776335,247.1201037058324,3.6952029019915287,21.56,1,23.76,14.253322373363613,0.22191014193300407,-0.0012782306079710745,0.005437890500983325,21456642733.0,0.9372789871992779,-171.4966560257321,2.4990906562978443
리메드,2019,2019-12,14500,16500,24.76,0,"13,000",92,2019-11-19,2019-11-20,2019-12-06,5822956,11100322964,14188133652,2625702592,7994477298,2602478000,-2746735171,998587732,2115785019,2597999611,3.5,11163399101,12.430996121184057,4.227562937942973,0.18952874477187429,0.23272478100037428,3.0409770287967026,446.16507680978526,6.932782203426689,27.86,2,39.67,17.008339889486777,-0.7417688676882914,0.2940002582120237,1.154867728753694,11163399100.0,-0.15614276919722858,1713.6960200283154,20.02163488363339
리파인,2021,2021-10,21000,24000,64.19,3.2,"21,000",11,2021-10-14,2021-10-15,2021-10-29,17377619,47670964784,9300364726,8818614060,2040042106,1300000000,44812673344,0,12864818837,10076011037,-31.9,29412788992,0.23548095086560158,5.405720724328875,0.43738860808130464,0.3425724449232128,0.21850849899404176,579.8269047675634,3.584401298475899,0.86,1,53.6,-0.13600479883990316,1.968357509988587,0.06383601479162404,0.04593024590569139,29412788991.0,-0.22734809433089012,-344.76371325668947,1.8033108165393554
린드먼아시아,2018,2018-03,5000,5500,640.8,27.4,"6,500",1039,2018-02-26,2018-02-27,2018-03-14,13500000,16870877277,646419614,595138367,978598749,5000000000,10642076378,301483397,2389261589,1877636903,160.0,5057277096,0.09870675923125204,28.347823317195076,0.47244031593399566,0.3712742781061171,0.1177677337744983,139.08421503703704,6.673007195362399,74.07,1,74.83,-0.024408271673407103,3.6101562123523756,-0.08999234018540153,-0.07097353776707521,5057277095.0,-0.07716457854447524,-68.44792851851852,2.6392353222656535
링크제니시스,2018,2018-02,22000,25000,754.6,35.9,"30,000",1154,2018-01-18,2018-01-19,2018-02-05,2136300,10890798166,2952773979,1132235374,653727786,212730000,7972001304,-2831220000,2112492249,1605145760,35.0,8168614077,0.3336059379692682,9.618846413113392,0.2586108523535283,0.19650160294872257,0.29983046058026963,751.3672049805739,5.707764840655754,44.2,1,44.62,-0.3598838953513227,4.665595546157694,0.09303423207984307,0.016898532278857237,8168614076.0,-0.18994651747332436,-105.70594907082341,0.07967547827544674
마녀공장,2023,2023-06,12000,14000,1800.47,37.14,"16,000",1265,2023-05-22,2023-05-23,2023-06-08,16378260,58349783101,4438641337,10263915580,373970269,1431826000,50000308022,298117967,24494754918,17297237363,160.0,101835609615,0.20564148520409403,5.684943786433598,0.24053231488086477,0.1698545079505488,0.33437373099744633,1056.1095844735644,2.129049209252431,70.54,6,82.87,-0.05491676613821106,0.9090175402422993,-0.04224455060300655,-0.05638157545734071,101835609614.0,-0.09816579882239801,191.12161975692175,0.27938797853337416
마니커에프앤지,2019,2019-08,3400,4000,1,5.32,"4,000",1216,2019-08-01,2019-08-02,2019-08-20,10378000,28629158,27609373,24468962,7525155,3850000,11116340,1057858,1015645,689868,73.8,22811185,1.9966126853899333,1.1700193085427981,0.04452399119116346,0.03024253233665853,0.04305163977629333,0.0664740797841588,23.87095294123439,74.2,6,74.95,0.08390244633808042,-0.05685879177960085,-0.018006954227025668,-0.010766651431124125,22811184.0,-0.22282838237009323,-0.32638504528810947,20.087629173434937
마이크로디지탈,2019,2019-06,20000,23000,621.48,3.43,"23,000",1116,2019-05-20,2019-05-21,2019-06-05,3630800,9712046534,1992213051,1901035058,928282318,1454900000,-3455741115,0,-1226973650,-1656521744,70.0,4723394345,-1.4140639927823555,5.108820320345718,-0.25976523668806656,-0.3507057897364697,0.8279126871100907,-456.2415291395836,-7.233197069065012,26.36,1,63.3,5.408530667080743,4.002905583670691,-0.3679633777849821,-0.3441674522285674,4723394344.0,0.7877224373906645,-448.04058003745735,-8.095939230272608
마이크로투나노,2023,2023-04,13500,15500,1716.98,10.69,"15,500",1636,2023-04-10,2023-04-11,2023-04-26,5918890,30045614488,19406036632,7111502230,16257668793,2444445000,15019101820,680185821,6288212703,5792009387,33.2,41424950659,1.2880023909849676,4.224932161485099,0.15179771135427583,0.13981934304951613,0.31922920722010656,978.5634446661452,4.1478368065629345,0.17,1,44.4,-0.8193282153166361,0.9101239566854185,-0.0025193216440999033,0.007091468770659332,41424950658.0,-0.03172589114851648,267.55338416493635,0.07460146160467751
마이크로프랜드,2016,2016-12,7300,8500,124.3,0,"7,300",1,2016-11-28,2016-11-29,2016-12-12,10731366,31176968775,11858980395,10721822458,4276239438,4320683000,-6747857799,485601702,5851957099,4850951800,-18.5,36224562020,-7.724695979344835,2.9078049834464066,0.161546662614418,0.13391333199064584,-2.498464676655952,452.0348854004234,4.7911983631580615,6.54,4,47.24,-5.735716654280264,0.10591345055205359,0.09324453978018458,0.07194330502061139,36224562019.0,-2.135606191125778,240.9439493536983,-4.361476479322606
마인즈랩,2021,2021-11,26000,30000,197.55,12.91,"30,000",90,2021-11-08,2021-11-09,2021-11-23,6044583,8684124507,8572894087,44299397863,816993865,2220845000,0,-61589708987,3690857983,-1200609928,26.7,3043680004,-0.7599335526763513,0.1960325631029221,1.2126300984825868,-0.3944599716205909,0.02022288868897504,-198.62576591304975,-7.548210541375361,5.94,1,62.39,0.5477326953843049,-0.2543515409015822,2.6724737299148016,1.4109191024324117,3043680003.0,-0.3249928089160846,3173.9671950902157,-10.863279983009317
마크로밀엠브레인,2020,2020-07,5200,6400,1,19.39,"6,800",888,2020-06-15,2020-06-16,2020-07-01,8969539,14165853271,10913041914,7154276363,4555619763,3763769500,9549900644,14909535,5342680932,4160232247,136.0,32614660282,0.8785554356140185,1.9800539638448966,0.16381225147847456,0.12755712342329772,0.31212869992102027,463.81784470751506,2.502301602726517,42.22,2,70.12,0.17233826678410014,0.12807992749390285,0.09788563754240827,0.07759260298129661,32614660281.0,0.12066920076008447,246.15287418896332,-1.436377912537707
매직마이크로,2015,2015-11,5200,6400,75.03,1.33,"5,500",36,2015-11-05,2015-11-06,2015-11-19,6222125,24107473968,65040454465,25398925879,28000578222,2271062500,20150224678,1517780054,2412466224,2523581056,-11.8,29388902546,2.2306426388083924,0.949153286357366,0.08208765945662543,0.08586850264483503,0.10541684985230589,405.581864073769,14.818207184151648,50.25,1,54.24,1.1456012929574921,-0.2849676169344022,0.031799239370537,0.021815870523562958,29388902545.0,-0.06650996493425847,-142.8940987202925,5.667236773561267
맥스트,2021,2021-07,11000,13000,1587,39.1,"15,000",6762,2021-07-12,2021-07-13,2021-07-27,8553491,3155863225,2757952580,1185776379,1314294171,3751745500,-26193324421,416841157,-1228088399,-1235744069,160.0,749858679,-0.11351193266357203,2.6614320211551457,-1.6377597984699728,-1.6479692822225773,0.05610709567765458,-144.47248135293532,-2.7797227445351025,30.12,2,67.66,0.01235161859720578,-0.7896087251606687,-0.36908563439018205,2.8515024490221395,749858678.0,-0.3744886850872289,898.4905815648838,-1.050401201936384
머큐리,2018,2018-12,5200,6100,749.57,10.83,"6,100",930,2018-11-29,2018-11-30,2018-12-14,14763600,61311490767,25258827049,26788270123,10641899677,6025000000,11333767320,18075000000,9041041534,10641131529,27.9,102610358752,1.056341807010545,2.288743934770125,0.08811041734929885,0.10370426201041415,0.30031047596211397,720.768073437373,5.435230867063507,64.28,6,67.4,-0.7634005234256755,0.5538945500809607,0.03356638628752643,0.0715860729362014,102610358751.0,0.12082624798051403,419.8323543715625,0.33784230198335674
메가엠디,2015,2015-12,3600,4600,16.67,7.50,"3,000",281,2015-12-07,2015-12-08,2015-12-18,20401568,22093446579,44104708608,11860180201,1072878396,8399270000,39543313779,1669447309,14106926569,11365548875,26.7,57416624303,0.2606839170535029,1.8628255392896285,0.2456941128157358,0.19794874764879122,0.2290885623053853,557.0919291595626,3.7758115723838923,62.21,6,68.27,-0.2722804495940909,0.9112929353741381,0.1353858054872189,0.13370536488355617,57416624302.0,0.11912011109023748,352.9732814164087,-2.0024730708692866
메가터치,2023,2023-11,3500,4000,765.86,9.26,"4,800",630,2023-10-20,2023-10-26,2023-11-09,20771000,24269265,24563556,21562168,2132104,7707500,11741168,0,215154,349843,16.5,21826468,1.2182979317658156,1.1255484606186168,0.009857481292896313,0.016028383520412005,0.01798801851108775,0.016842857830629242,116.83979382209952,56.95,2,65.94,0.3199116644633123,-0.2500679788802238,-0.15519337630625424,-0.1180432585711799,21826467.0,-0.3263016252607336,-0.29972967117615906,113.77753153349806
메드팩토,2019,2019-12,34000,43000,86.41,3.15,"40,000",18,2019-12-05,2019-12-06,2019-12-19,10097421,20884874416,4031136195,1885313328,663583717,4280710500,-62995222995,2786401,-10819917721,-10826659503,-10.3,0,-0.0434137644142689,11.077667624699464,0.0,0.0,0.1844036996232414,-1072.2202731766854,-2.0672166039292934,34.2,3,48.94,0.520787157109574,-0.38498570023240397,0.0,0.0,0.0,-0.5939715404431877,2649.3002695440746,-1.6162412185576571
메디아나,2014,2014-10,5500,6500,86,74.52,"6,200",12,2014-09-17,2014-09-18,2014-10-07,7220780,18663291947,10739446506,10008527972,3701775218,2868790000,9401027059,305473349,1137246068,672313389,-5.6,18148522663,1.090257381354624,1.8647389505442449,0.06266328610419301,0.03704507532013434,0.0534630507278222,93.10813914840224,13.798627847179333,12.42,6,67.6,0.11509472328617765,-0.1357271818344643,-0.04742712575680211,-0.05824923729846452,18148522662.0,-0.2091027133679597,-351.25279388099347,9.643096971409307
메카로,2017,2017-12,25000,30000,719.26,38.04,"33,000",664,2017-11-21,2017-11-22,2017-12-06,9834640,40812990,23128407,17572006,11798331,3917320,25397323,494582,14178184,10679155,16.7,45342775,0.9852767725427279,2.3226141625492276,0.31268893445537904,0.2355205432397995,0.35825000482233266,1.0858714706384778,2.4383277858433776,61.08,6,61.9,-0.20431810063073452,0.1465405379752811,0.24830984130018718,0.174737657381347,45342774.0,0.20442380993707704,0.7883778155580681,-5.231535556745019
메탈라이프,2019,2019-12,10500,13000,1,21.6,"13,000",1397,2019-12-09,2019-12-10,2019-12-24,3465288,13655012240,7489773246,3613208744,741185627,1372144000,12142901580,75637162,1865119406,1677938746,160.0,13045678323,0.3203955572845054,3.779192736283271,0.14296837311339552,0.12862027596079337,0.12346243215689068,484.21336004395596,9.002314308127465,56.09,1,79.21,-0.07885957515469366,-1.6551371493342026,-0.09595610692579143,-0.06558650955301137,13045678322.0,-0.195570692813695,-595.7492906794472,6.154935738706232
멕아이씨에스,2015,2015-12,7500,9000,3.77,0,"4,500",174,2015-11-30,2015-12-01,2015-12-14,5361500,4994507201,15153090851,3241509204,8692747323,2397500000,1966113298,-36738417,-319067410,2674625172,46.7,6940682426,2.7581700084292313,1.5407968593261474,-0.045970610729107,0.38535478326753225,0.6181424805567425,498.8576279026392,-25.741712464460097,34.1,1,37.85,-58.69763071026805,0.9800972320034459,-0.08072711029852978,0.38904729995692666,6940682425.0,0.7235046757565654,504.7440546488856,-31.886162466983112
명성티엔에스,2018,2018-09,16100,18700,745.56,10.84,"20,000",804,2018-08-29,2018-08-30,2018-09-13,6370000,32306050141,22585836402,23400051029,14227497100,2500000000,14648801168,-45754774,4518954226,3431153096,43.0,33236692182,2.200049468508739,1.3805974226706887,0.1359628148690239,0.10323389214580776,0.20061648766875234,538.6425582417583,3.8204278137337346,61.97,6,69.86,-0.056941325021751865,0.06590901329368526,0.023288464681926815,0.012454995001857316,33236692181.0,-0.22433618001179173,-381.62128383045524,1.902343275401739
명신산업,2020,2020-12,4900,5800,1195,29,"6,500",1476,2020-11-24,2020-11-25,2020-12-07,40779120,220940842605,180517522721,218720748609,58667148620,11922105000,82937858806,-26209884886,22761536270,11889601165,160.0,354760905712,4.040605656874021,1.0101503584370444,0.06416021580596071,0.03351440638910802,0.17319136921685566,291.56100389120706,5.450882867714271,58.47,1,69.14,-1.1494085512583228,0.12522520774346968,-0.012670672855138773,-0.010112782069343844,354760905711.0,-0.4402030280049972,-538.3578190260114,4.118045167537077
모니터랩,2023,2023-05,7500,9800,1715.41,5.7,"9,800",3570,2023-05-03,2023-05-04,2023-05-19,12396900,17069533856,4238528812,2597865705,4947329145,972885000,2728842928,418845735,1135173414,718990851,44.9,14134540020,1.831103013095194,6.570599020244582,0.0803120166905863,0.05086765115685739,0.17448804700570159,57.99763255329962,12.124022328451042,49.7,2,75.26,-1.056921246194925,5.598217703648295,-0.06503379895765599,-0.13349582594671733,14134540019.0,-0.7466745420098795,-122.19961248376612,10.747015590978485
모델솔루션,2022,2022-10,24000,27000,1725.78,8.41,"27,000",1514,2022-09-19,2022-09-20,2022-10-07,6396700,29877309226,25248817834,9413442820,15055872752,2683350000,27887700501,78968203,4010460255,3506329206,14.4,32283470111,0.7983458610029043,3.17389820040358,0.12422643046769341,0.1086106665096477,0.11439892549045669,548.1465765160161,7.644212768292351,62.92,1,84.77,-0.010732338639418804,0.2054263143899373,-0.02185905463968943,-0.013575422226072609,32283470110.0,-0.16601089159395968,-619.0708160457735,4.660670039327114
모바일어플라이언스,2017,2017-02,3000,3500,471.31,19.13,"3,500",637,2017-02-13,2017-02-14,2017-02-24,15000000,25835413446,15398279167,18655559992,3434327393,6922491000,-8248442297,0,4059594693,3601660799,70.9,47459834011,-16.659652156892154,1.3848640007096498,0.08553748190647038,0.07588860926410373,-2.7162843817482987,240.11071993333334,4.715693727014141,42.67,6,48.55,-12.70139129920041,0.21357195690146757,0.05032692607448816,0.04463047241492418,47459834010.0,-2.4616414797208725,128.164402,0.47303393095708923
모비릭스,2021,2021-01,10500,14000,1,5.74,"14,000",1662,2021-01-14,2021-01-15,2021-01-28,9279000,21159982177,12560954903,2581717668,869963714,742500000,8972501317,10357194951,2682243192,2520452969,160.0,21315972219,0.17196331362616388,8.196086829816744,0.1258325524373306,0.1182424588991251,0.12556936646829325,271.62980590580884,11.285052670943642,51.81,6,67.51,-0.002964440137823765,0.8052456077314636,-0.058480645751362054,-0.03517570101058215,21315972218.0,-0.2936419302022203,-395.3518054747279,7.92802196420898
모아데이타,2022,2022-03,24000,28000,114.19,0,"20,000",23,2022-02-21,2022-02-22,2022-03-10,5385072,13805628714,10454185515,4133849940,1477875495,2280536000,4088209855,372923707,2086930352,458277627,-19.8,14369563898,0.8323940210049707,3.339654054786517,0.14523268533504105,0.03189224323389414,0.06797687468740995,85.10148555116812,8.935654597255098,1.2,1,56.83,-1.9054227751766593,1.9593298047265952,-0.0785906149756363,-0.1199744966955984,14369563897.0,-0.35130596783411283,-303.65789761028265,7.107901168417327
모트렉스,2017,2017-08,31200,38300,357.12,11.24,"38,300",423,2017-07-20,2017-07-21,2017-08-04,5532051,92489046054,44155878900,66489888376,7754944853,497070000,61001781061,-595729336,21231062198,20303568832,-12.8,235228963581,1.2190644933480215,1.3910242341057169,0.09025700693821738,0.08631406831416218,0.33337484609866275,3670.1702193273345,2.9390941980697596,39.25,2,69.49,-0.22205836737075746,0.1832810983815094,0.07122156259941242,0.11307153454225802,235228963580.0,0.4365625440405082,4468.4282178526555,-10.843101706611943
미디어젠,2019,2019-11,9400,10600,576.27,1.88,"10,600",573,2019-10-14,2019-10-15,2019-11-05,4638281,8202681038,8016164324,2923040496,5623577404,1840190500,-3987277414,9340050,-1176422327,-1067555464,-13.7,5955863185,-3.9979559993404346,2.806215325865263,-0.1975233967702366,-0.1792444572415073,0.4993834779869428,-230.16187764389437,-6.5216608745984805,20.73,3,26.21,2.0252337562538756,-1.1590033042050072,-0.1812892653263235,-0.13944182914421915,5955863184.0,0.002563163436286653,-115.31624215954145,33.69559227639309
미래반도체,2023,2023-01,5300,6000,1576.56,3.66,"6,000",938,2023-01-10,2023-01-11,2023-01-27,14438000,131182479234,4520961069,43739846973,38522808248,1073000000,52367785082,0,17260031120,14207628091,160.0,392883181527,1.5393234791512789,2.999152679134363,0.043931712864155384,0.03616247464648372,0.2658573984120872,984.0440567253082,3.0962160328943833,68.12,1,75.07,0.15770247745880606,0.9269258030772756,-0.015837497644876845,-0.008846837259877657,392883181526.0,-0.11182225712973953,-38.614543427067474,1.1023257219606049
미래에셋벤처투자,2019,2019-03,3700,4500,441.4,3.7,"4,500",1021,2019-02-27,2019-02-28,2019-03-15,30667215,334012220324,0,214712265723,0,26532215000,81702109703,570096017,23349615097,19531859963,18.0,83493736661,1.9733781431137425,1.5556271049503465,0.2796570860375282,0.23393203782821412,0.17951347779575771,636.8970890574838,5.109289986383025,67.2,6,69.27,-0.056044201801848104,0.03340026030120247,0.15657176429399136,0.11918611406176156,83493736660.0,0.10875340979861638,431.2957826460604,-8.853570230024513
미래에셋생명,2015,2015-07,8200,10000,40.3,2.07,"7,500",38,2015-06-22,2015-06-23,2015-07-08,145180000,15808493361502,9964436700777,14059495115741,10020236863059,631533800000,241295151457,610157723863,36302076957,29228546071,-3.5,1023730726605,16.237321871826026,1.1243997904165721,0.035460571821838975,0.02855100986167591,0.01970924389101004,201.32625754924922,46.641906618307324,19.87,6,52.29,-1.7636853281650744,0.006652605146358681,-0.003147833659572205,-0.0022583172281348714,1023730726604.0,-0.07426710282057827,-632.327075072324,36.764454377491575
미래테크놀로지,2015,2015-12,14300,16100,101,5.70,"16,100",1,2015-11-12,2015-11-13,2015-12-01,5545000,16355045501,2623151735,1435029318,0,2000000000,15543107918,0,3246373206,2649241023,-14.9,11509551725,0.08180017615508121,11.397011403079919,0.28205904830754824,0.23017760259468314,0.1510132090267633,477.77114932371506,5.403928262337931,33.62,6,73.56,-0.023053405924692905,2.157595939614618,0.014115273388301264,0.006045637015754585,11509551724.0,-0.10215193697471509,-225.05852786293957,2.099792328983754
미코바이오메드,2020,2020-10,12000,15000,159,0.57,"15,000",41,2020-10-06,2020-10-07,2020-10-22,16716042,33969562360,10124616859,45498852297,6397636819,7074688000,-66600859604,-121258598,2366099126,-15294578193,-8.0,21685370455,-0.8700540650326272,0.7466026206168679,0.10911038531299096,-0.7052947619566041,0.2564163810780094,-914.964092157701,-3.2975414306458775,36.07,1,37.97,-0.3312313362670676,-0.1611744845673695,2.9536126878009368,2.86688791220163,21685370454.0,-0.07182775602727443,-39.21614392928666,-3.2117231528219174
미투온,2016,2016-10,3800,4300,73.1,0,"3,800",1,2016-09-20,2016-09-21,2016-10-10,30175943,15774,4467,1910,0,11400,4714,696,2522,2648,17.0,8794,0.11362284354550863,8.258638743455498,0.2867864453036161,0.3011143961792131,0.15752528256989887,8.77520215358307e-05,7.268437747819191,20.01,6,51.25,-0.11012893962139579,3.7326585075613314,-0.04813466216884599,-0.0012374942643713083,8793.0,-0.20467157905634933,-8.052772369035826e-05,4.517504414485858
미투젠,2020,2020-08,21000,27000,1,1.35,"27,000",1010,2020-07-30,2020-07-31,2020-08-18,12889592,62977189251,5241384943,31187705245,2794924114,6307976600,31330155943,-3402187708,11809585837,9481754383,-5.6,27732814794,0.9926008913374276,2.019295384391786,0.42583437435838667,0.34189657463300044,0.27695319725210676,735.61322833182,2.898996231327363,38.31,3,72.42,0.4819622591208875,-1.0935722027458006,-0.02203981947607514,-0.02162784901038839,27732814793.0,-0.52208088479691,-2161.9412092329994,1.8831867760677288
미트박스글로벌,2025,2025-01,19000,23000,849.95,0,"19,000",459,2025-01-02,2025-01-08,2025-01-23,5559750,33067245107,13247974519,25232969476,3043902287,452975000,14668675825,2238236909,2181038430,1903021695,-25.3,80247650004,1.6288625938299515,1.310477751675302,0.02717884486201508,0.02371436041934116,0.10962177429712634,342.28547956293,8.270531878248473,20.8,24,61.03,2.567586346503754,0.02182353229737699,-0.011700389128136136,-0.028384022681268124,80247650003.0,0.22559307955268637,-284.7382966860021,2.1296341663227967
민앤지,2015,2015-06,21200,24000,728,45.40,"28,000",1108,2015-06-17,2015-06-18,2015-06-30,5689460,15023502056,6287994804,2400396009,21961283,2400000000,12981037412,153607731,2966825874,2442425153,60.2,6327647178,0.15593257970823543,6.258759804495242,0.4688671461195051,0.38599262637332843,0.15722439299494206,429.28944978961096,6.366784021110368,29.25,6,45.88,-0.5188541529022177,-1.6008628085184933,0.12809029820618845,0.08710156579607103,6327647177.0,-0.32648459443100414,-499.37571175471834,4.553529838898903
민테크,2024,2024-05,6500,8500,946.72,3.43,"10,500",1529,2024-04-12,2024-04-18,2024-05-03,24370300,28705764023,9084267321,17108451600,4428681642,1885530000,-23386213848,1874123392,-4737405164,-7501425172,22.7,7285537916,-1.0973462869504433,1.6778703703963485,-0.6502478222776159,-1.0296323014839965,0.38220783457280477,-307.8101283939878,-3.4307595697128344,24.0,36,71.96,1.94870636966496,1.1322957596635972,-0.41842200521402484,-0.43337261137927696,7285537915.0,-0.14590492791186044,-16.29009244859526,-8.21242495619915
밀리의서재,2023,2023-09,20000,23000,619.24,6.1,"23,000",449,2023-09-07,2023-09-13,2023-09-27,8111910,29504,2097,17002,1291,3283,1048,0,4958,5128,80.9,25997,4.223735857769568,1.7353252558522527,0.19071431318998347,0.1972535292533754,1.1840221657815746,0.0006321569149559106,2.6841468334005647,40.56,6,80.56,4.458673991822227,0.3850488348335206,0.09974769743611046,-0.09404038303115439,25996.0,1.3405928571555263,-0.0010135714030357831,0.8760393735780654
바이브컴퍼니,2020,2020-10,23000,28000,1,7.59,"28,000",1358,2020-10-12,2020-10-13,2020-10-28,5394170,8530687433,22999486932,10623813104,7779268263,2362335000,-5290749856,4284710718,-1644957065,-1932465778,11.8,7995737809,13.568633424762304,0.8029779279332473,-0.20572924028954986,-0.24168698676247452,-1.4248113793920874,-358.25081115352316,-7.980204029215802,40.4,2,56.44,8.302023218461345,-0.23857133778118123,-0.18460407463621803,-0.19403951479593223,7995737808.0,-1.1775675610702179,-214.2877425071883,35.33000539077361
바이오노트,2022,2022-12,18000,22000,3.29,8.44,"9,000",14,2022-12-08,2022-12-09,2022-12-22,103956048,799373978558,932134507656,118245081293,93365008742,46778024000,1456121306722,5121627917,276993399439,298287963079,18.3,394268351629,0.14032304313991742,6.760314846223732,0.7025504286472535,0.7565607582920681,0.197800939947285,2869.366129414616,5.487128571501267,66.29,6,87.76,-0.03130828408631786,1.343128679173569,-0.052789629494253476,-0.3224959237982412,394268351628.0,-0.3349154085375299,-3590.6379947994947,2.7801898923824604
바이오다인,2021,2021-03,22500,28700,1364,8.7,"30,000",48,2021-03-02,2021-03-03,2021-03-17,5918200,6022606924,18416186794,4224248428,10815498447,2444100000,-6798887092,0,-1233125807,-2020484316,42.0,2728975264,-3.453612440118806,1.425722711779867,-0.45186404701688054,-0.7403820557312314,0.4639685645508935,-341.40183096211683,-7.622131326459215,40.14,30,70.76,0.39746496148792954,0.9080993359782114,-0.03667777182577847,-0.24483244271507137,2728975263.0,-0.004036963838764895,1.0090164239127262,-3.7488711451911176
바이오리더스,2016,2016-07,11000,15000,352.2,6.50,"15,000",1222,2016-06-22,2016-06-23,2016-07-07,12354310,6295320251,1610725512,2948216695,546042606,5559155000,-37984356354,263869500,-1299094450,-1204985453,-5.3,237373799,-0.10864784197565526,2.1352976739045295,-5.472779453641385,-5.076320377717845,0.03746690150986805,-97.53563355622451,-3.3960475021658354,9.48,1,32.13,0.01989047711690385,-0.15307054906243645,-2.0615445937746446,7.533160334766967,237373798.0,-0.5633981954742057,1411.1820325861988,-2.2948809145295312
바이오솔루션,2018,2018-08,24000,29000,174.79,4.72,"29,000",302,2018-08-02,2018-08-03,2018-08-20,7667110,4484222556,2976031484,1638783086,1463973983,3062722000,0,-11107762169,-66711716,-63630681,-1.7,2076211256,-0.3856732848837563,2.736312446905496,-0.03213146822473445,-0.030647498329524517,0.007909305567570498,-8.29917413471308,-65.31831636589891,22.78,3,28.32,-0.014911962357865183,-0.07970790757094237,0.33003356847877047,0.32982224926170917,2076211255.0,-0.2182820959583403,227.28280499431992,-62.88427682931855
바이오에프디엔씨,2022,2022-02,23000,29000,74,4,"28,000",4,2022-01-24,2022-01-25,2022-02-21,8731414,6656415948,13931162353,5342769416,404723772,3697850000,10614782501,27275015,2256941973,1878577869,-20.7,7364712237,0.40080406247998007,1.2458737088795224,0.30645351785249936,0.255078244545945,0.13100348568524198,215.1516202301254,6.575306450291268,2.92,1,62.56,-0.018126793378678452,-1.043605822739009,-0.03206897401644915,-0.02981728230696573,7364712236.0,-0.06723938385125294,-66.75278093559643,2.327185935457523
바이오인프라,2023,2023-03,18000,21000,1594.95,2.29,"21,000",1034,2023-02-13,2023-02-14,2023-03-02,4796867,12597236366,19784420827,7433207763,8319768256,2063683500,13310230284,0,5844734608,5160578501,40.0,29223267972,1.024656196224705,1.6947241040005354,0.2000027722293098,0.1765914238593904,0.3356710967360008,1075.8227194958708,2.8450703563579154,43.05,5,68.12,-1.564009992036999,-0.3669035023087124,-0.044230032107031164,-0.027434694828809586,29223267971.0,-0.36973790360971204,-223.79319418278646,1.3895337624803632
바이오플러스,2021,2021-09,28500,31500,1220,7.8,"31,500",1206,2021-09-08,2021-09-09,2021-09-27,13910746,30831065927,14978953706,9123489642,661134385,6239500000,23063015557,6722880069,10027571637,7739937562,3.0,18242788553,0.27160351349308454,3.379306289237085,0.5496731822477315,0.4242738186387178,0.21484670542837803,556.3998912782966,3.5926340803263415,28.6,6,49.95,-0.05851355725175944,0.6215213477402433,0.04375583553473095,0.02606436442934601,18242788552.0,-0.1253675953169856,-141.1191942545712,1.2790811967331588
바이옵트로,2021,2021-11,7500,8500,205.12,0.56,"7,500",68,2021-11-03,2021-11-04,2021-11-18,8143866,14961946885,7747697416,19050209728,278080746,2818663000,0,-1819275971,2045085200,-2113187718,-16.1,6085122705,19.34014542227964,0.7853953892701206,0.33607953350219255,-0.34727117602142094,-2.11448383527099,-259.4821326873502,1.6534048689022833,2.78,1,39.02,15.424454563815825,-0.07499571525492588,0.15053025563654382,-0.48596228174421385,6085122704.0,-2.8337948082419566,-533.9223200627318,-0.18234353826616378
바이젠셀,2021,2021-08,42800,52700,1271,12.75,"52,700",886,2021-08-06,2021-08-09,2021-08-25,9432400,15404418710,5183823331,1289827015,1717218133,3772960000,-41807808675,4092490737,-2674268784,-703136110,12.9,0,-0.08859270040969892,11.943011373505772,0.0,0.0,0.020715594104698525,-74.54477227428862,-6.574207124649292,11.6,4,53.43,1.4843749070567285,11.629405132054854,0.0,0.0,0.0,-0.26717374817365713,1033.8406213688988,-10.880189552410418
박셀바이오,2020,2020-09,30000,35000,94,3.88,"30,000",96,2020-09-03,2020-09-04,2020-09-22,7523000,6590120501,1537443872,442618093,534195197,3254142500,-19358087179,200221677,-2045678588,-2028726422,-29.0,0,-0.06142041645702451,14.888954168893408,0.0,0.0,0.1275629877195971,-269.6698686694138,-3.495539878525629,22.85,3,47.73,0.007552657705317739,-4.64769555071639,0.0,0.0,0.0,0.0379012862401599,-103.01323700651335,-1.2337424290096584
배럴,2018,2018-02,8000,9500,298.48,9.6,"9,500",369,2018-01-15,2018-01-16,2018-02-01,7761300,16923872579,2415174896,2541082050,3454634549,2727273000,12992887001,-2376829125,5858635279,4743592178,42.1,30536195060,0.4493418213726682,6.6601047294006115,0.19185871938165436,0.15534326292713954,0.35550285173037777,611.1852625204541,2.2775493336867267,20.17,36,67.44,-0.18599372468016384,0.8576910938501108,0.00413224617195429,0.0022036898591980825,30536195059.0,-0.07953801544166073,132.7707809258759,0.40241729241497426
뱅크웨어글로벌,2024,2024-08,16000,19000,155.74,0.6,"16,000",239,2024-07-23,2024-07-29,2024-08-12,10000988,26635553253,9816393656,13332532585,16611516688,4279494000,-25374410440,27602814076,-3633759729,-3801868433,-1.6,11230711680,4.6011862736373255,1.9977864732891633,-0.3235556064956339,-0.33852426643366557,-0.5841930290926906,-380.1492845506864,-1.7909543066544342,31.97,12,65.0,1.1770037259008292,0.13996257937957846,-0.26106868170903824,-0.22909863786176599,11230711679.0,0.1991161580559292,417.6353719252538,0.44465895815243806
버넥트,2023,2023-07,11500,13600,1520.08,8.43,"16,000",1311,2023-07-10,2023-07-11,2023-07-26,10540000,11582949409,27642054666,6943072596,8051368361,342000000,40889913205,3244330198,-14142263265,-8481198407,-26.9,5056493961,0.33713371026269273,1.6682742760997626,-2.7968516078684584,-1.677288348886451,-0.19069052955196142,-804.6677805502846,-1.7133440853110862,37.0,1,66.41,-3.339775996311074,0.9619715629595376,-1.4910460904937375,0.837873731442081,5056493960.0,0.5175945478728684,46.978786622390885,-1.3489084072230138
범한퓨얼셀,2022,2022-06,32200,40000,751.39,10.75,"40,000",771,2022-06-02,2022-06-03,2022-06-17,8767055,43090627637,20045734280,31194800122,6197643650,3300000000,7822951255,0,1152978862,944061703,19.9,8476420249,3.3617376283287506,1.3813400781052134,0.13602190879292728,0.11137504692636907,0.0848751092544458,107.68287674709467,22.328178766732673,51.33,6,64.2,0.26360840491029425,-0.09662411494177925,0.0022001645203029163,0.04010151116142707,8476420248.0,-0.2377450400480643,-266.8915803539501,18.30780216331456
베셀,2015,2015-06,8000,9000,437.68,0,"9,000",681,2015-06-03,2015-06-04,2015-06-19,4119655,34526414822,12802556645,21743649839,6208571836,1744827500,12475018698,558235931,1884343309,1507611621,15.6,13249623767,1.8914647672817788,1.587884972286138,0.14221862764837254,0.11378524005752623,0.10201673044173404,365.9557950847826,10.283025231895257,32.77,1,33.5,-0.7226111299052096,0.34635670057365786,0.010539358681744965,0.007795835625659761,13249623766.0,-0.3668540449198202,-1105.0008901230808,8.501818266398928
베스파,2018,2018-12,44800,59700,24.81,0.4,"35,000",3,2018-11-15,2018-11-16,2018-12-03,7986521,43101594309,3294319857,16121886211,1517136843,3178975000,-112559435937,453737428,21523263919,-113665542208,-14.3,81590904025,-0.16193476206545943,2.673483347103125,0.26379489449467464,-1.3931153670410628,1.0435046474027878,-14232.172207147518,1.3360841190361654,41.32,1,67.2,-10.50054394201636,1.7295688961654085,0.04646329096763982,-1.571802613737923,81590904024.0,-4.043264602217912,-14928.334038187591,1.174451639442178
벡트,2024,2024-12,3500,3900,963.77,2.52,"3,900",1170,2024-11-25,2024-11-29,2024-12-16,13707500,24519733449,18636388816,21457429480,7166680625,1016500000,11833943626,1679649534,2287784889,1524811777,98.2,34891483577,1.969988064756496,1.142715322534524,0.06556857589478016,0.04370154607026041,0.10494163803420514,111.23923231807404,6.352001112461234,61.39,6,68.93,-0.23200681921686517,0.004522996989434258,0.007159976299579762,0.010945843198182023,34891483576.0,-0.06853888272939548,-53.35409155571767,3.1188687117766882
보광산업,2015,2015-12,6000,7000,15,0,"4,000",173,2015-12-03,2015-12-04,2015-12-17,11490000,9922869295,61961284122,18796401586,25696961728,4200000000,18305985184,-1338441,9127196461,7062472352,57.8,27486410874,1.9770745047504255,0.5279132417765955,0.3320621416466424,0.2569441453951541,0.31382284879440553,614.6625197563098,3.001008055435129,69.63,6,77.37,-0.18632281989568966,0.1557952559680723,0.013377629565094973,0.13226328558011285,27486410873.0,0.0010938350541613295,272.62096083550915,1.0853796826345987
보라티알,2017,2017-06,12500,14300,558,13.3,"14,300",1026,2017-05-23,2017-05-24,2017-06-08,6750733,16969033016,10118684740,6772164774,4887600000,2506201000,8451383405,0,8500275468,7406092758,23.1,38351960540,1.0640816755816722,2.5057029151370145,0.22163861633969026,0.19310858307427745,0.6758873565802115,1097.0797923721764,1.8149944716591624,73.51,6,75.0,-16.65542445307926,1.465949896999882,-0.026048713447358096,0.04299030246838509,38351960539.0,-0.19701717435818733,942.2387333345874,-1.4713370656612272
보로노이,2022,2022-06,40000,46000,28.35,0,"40,000",5,2022-06-08,2022-06-09,2022-06-24,12638949,31754512985,17297016934,10436491666,24341784779,5656974500,-96902159026,18629597893,-7789035131,-12323339807,-26.6,10117870112,-0.47893679659671146,3.0426424895685824,-0.7698295238799365,-1.217977664329202,0.16970653792666165,-975.0288419551341,-1.8324803051912182,42.4,3,74.4,-0.15308970099660368,1.7644292960514079,3.6022868001434682,3.068590460918724,10117870111.0,-0.2823178029322987,1120.9550791762829,-0.77348376140257
뷰노,2021,2021-02,15000,19500,1457,5.6,"21,000",1102,2021-02-08,2021-02-09,2021-02-26,10831450,10582227742,2255725214,12194192281,680146068,897745000,-25241964699,865507517,-7064232026,-7284592717,53.1,739685001,-0.5483409076784942,0.8678088304781258,-9.550324822660558,-9.848236353517732,0.310263725732996,-672.5408617498119,0.005150650893980135,35.26,1,61.89,-0.4257963410352976,-2.7000980124224396,27.598546038352822,26.626913438755125,739685000.0,-0.045977338768104725,-126.67229032124055,0.9050182151771453
브랜드엑스코퍼레이션,2020,2020-08,12400,15300,47,0,"13,000",8,2020-07-30,2020-07-31,2020-08-13,19066690,34201527896,11878899081,13014183743,16192648665,100000000,13465703393,1380412895,3317782722,2001405588,-10.0,25661505577,1.9541419219017921,2.6280194418183265,0.12929025976455863,0.07799252393802755,0.13390807012567518,104.96869608726003,5.085804581810708,48.6,1,61.32,-0.2645609896232135,-0.18226133583847526,-0.02534011171994674,-0.04103717629513118,25661505576.0,-0.48585554739564507,-295.175180589814,3.649295125229557
브레인즈컴퍼니,2021,2021-08,20000,22500,1428,8.76,"25,000",1190,2021-08-03,2021-08-04,2021-08-19,4108796,24483506497,3620481224,1267356949,1251200834,1845398000,19559998485,0,207097803,233189183,160.0,2682570048,0.1176599454611784,19.318556241253546,0.07720126568713556,0.08692752801510442,0.010893943644697689,56.753653138291604,123.5427395528672,35.94,1,70.09,-0.08056777891619753,11.213763398874368,-0.18264833879271983,-0.16489093228391585,2682570047.0,-0.16624448878874898,-852.1060327648294,117.34299538985893
브릿지바이오,2019,2019-12,70000,80000,58.8,0.17,"60,000",33,2019-12-09,2019-12-10,2019-12-20,6225058,27311416249,3936323284,39966063421,43566810982,1031298500,-59654516761,1412852494,-11848308518,-7051754437,-9.5,0,-1.460100338166048,0.6833651831380854,0.0,0.0,0.12326008307165172,-1132.801403135521,4.412877567339524,23.26,1,39.71,-0.3259764672091243,0.4445064960898204,0.0,0.0,0.0,-0.678899228051451,5410.539025821125,1.5145111851800377
브이씨,2022,2022-02,15000,19500,190,11,"15,000",46,2022-02-10,2022-02-11,2022-02-24,6987800,29408504302,29935128511,9634831976,18783609427,2978900000,16855537662,1711389103,7548473769,5412302482,2.3,40518812202,1.3189766033561627,3.05231107042193,0.18629553431547555,0.133575052867242,0.25119957293966483,774.5359744125476,4.096880025867385,35.05,2,55.8,0.19207223920235705,0.9133710146910357,0.027270419732990825,0.02865607646743419,40518812201.0,-0.019510754848198586,162.71477188814788,1.3677415939245847
브이원텍,2017,2017-07,15200,17700,557.47,8.3,"17,700",754,2017-06-26,2017-06-27,2017-07-13,7366090,29113475691,5917272119,7689183089,473080000,2924110000,22245135741,157107380,4341969018,2598035979,6.8,9715768879,0.3222833958763707,3.7862898248123638,0.4468991669187276,0.2674040532824412,0.10258231679024372,352.70217700299617,6.188087618685077,54.5,6,63.62,-0.01596892938259742,0.12909328075030002,0.08095582238656479,-0.05846958395625629,9715768878.0,-0.24821443479542749,-729.1922725625127,3.4772524757353365
블루엠텍,2023,2023-12,15000,19000,582,0.11,"19,000",1709,2023-11-22,2023-11-28,2023-12-13,10650189,16564958212,30371245149,14439601279,10873516398,920818900,-23361800914,455179300,176442923,286239267,168.4,41854695636,-1.151339253166374,1.1471894474046855,0.004215606404941532,0.006838880623797926,-0.01301927751847469,26.876449516529707,122.55003100351041,25.89,2,66.18,0.5850115383453165,0.539603591856538,-0.007328742849666578,0.1925972589834233,41854695635.0,-0.6480396824155963,1372.454028656205,121.22727777004
비나텍,2020,2020-09,27000,32000,1,22,"33,000",1386,2020-09-07,2020-09-08,2020-09-23,4871300,31669729335,31468583290,25429871212,14160970626,2300653000,8569714339,-617114682,4163414051,4762231101,23.5,23710325934,3.861295840688265,1.2453751366249743,0.17559497337106492,0.2008505118932626,0.46446052392445203,977.6098990002669,5.655808069664412,0.23,1,55.25,-1.1483865266120903,0.3168341686162238,0.03527692829750201,0.09783115559703467,23710325933.0,-0.3303080622816611,73.2484041221029,2.516488435128584
비디아이,2017,2017-11,9500,12000,53.95,0,"10,000",1239,2017-10-23,2017-10-24,2017-11-09,5280500,45979392135,22231554851,33433758035,14559179322,2080000000,10504627306,123536673,4334022751,3051378835,69.5,34987493123,3.7765437585088937,1.375238526487709,0.12387348632734449,0.08721341721376692,0.24011169827855114,577.857936748414,4.664952352715511,47.34,6,50.77,-1.9854911194729126,0.26582200065326234,0.05608292879492752,0.047903742860935905,34987493122.0,-0.1655985844648815,-170.72657418805034,2.1340281409468815
비비씨,2020,2020-09,27100,30700,977,3.5,"30,700",464,2020-09-02,2020-09-03,2020-09-21,5358683,28261788906,26198944911,17688190583,4268756309,2190055000,8182571382,-65664922,4938397387,4232572949,-27.4,17360435368,2.1303026092813195,1.5977772725471544,0.2844627615792867,0.24380569146334788,0.4106518652879488,789.8532062822152,6.5818492069034455,31.9,2,54.2,-0.9822933618614891,-0.05311325255191979,0.039222318631526254,0.08317256427706982,17360435367.0,-0.399545318349335,-141.3142727420152,2.9113522165768475
비씨엔씨,2022,2022-03,9000,11500,1,22.74,"13,000",2686,2022-02-16,2022-02-17,2022-03-03,12367923,25805230833,41124619364,24396121450,14777223483,4896461500,13928403698,254713492,7109202493,5630178736,73.8,46809410956,2.0531556576525225,1.0577595658345929,0.151875495713512,0.12027877772895425,0.2950892589127711,455.22427136714873,3.9043064663483906,64.32,6,75.82,-2.606704494754108,0.4030838094242919,0.019848231757439383,0.07779389364663837,46809410955.0,0.09118679183428058,292.59546611019493,2.212896434249598
비씨월드제약,2014,2014-12,12000,15700,356.75,54.5,"15,700",681,2014-11-26,2014-11-27,2014-12-15,6673848,24554270225,18606423083,13393906614,1921867000,830000000,26355924294,658995400,2578538084,2226918761,11.8,17488601802,0.550038347472779,1.833241856362849,0.14744106551188774,0.12733543745877554,0.07997576525529915,333.6783758035844,10.798723457597767,51.51,6,67.83,-0.08644953031576352,-0.9583417615623564,0.014169940823754057,0.01755741209498722,17488601801.0,-0.048666938381765695,-165.96555390533314,4.395565831866109
비아이매트릭스,2023,2023-11,9100,11000,980,4.20,"13,000",806,2023-10-19,2023-10-25,2023-11-09,7206940,19634,5918,5387,6720,2985,7272,638,-1222,-862,-10.3,11818,1.1112436897659477,3.644700204195285,-0.10340159079370452,-0.07293958368590286,-0.07911886186324002,-0.00011960693442709388,-11.002454991816695,57.05,6,72.4,-0.31025460495356305,0.14367736069034143,-0.2683750171648676,-0.18827274829778326,11817.0,-0.4542805694958403,-0.0005622358448939494,-13.948104783620334
비즈니스온커뮤니케이션,2017,2017-11,8100,9000,513.97,14.9,"9,000",1,2017-11-15,2017-11-16,2017-11-30,9544940,13853894805,2093784783,3390891900,212928999,3795000000,6148858689,0,2662738590,2581737239,55.6,6252466845,0.36241674501937404,4.0856197170425865,0.4258700855214211,0.41291498267832877,0.259631328214262,270.4822910358787,4.635775639170047,41.9,6,54.95,-0.58839912445857,1.4915500755227704,0.020978800625075122,0.1887193256446963,6252466844.0,-0.09691304896722569,-4.590608427082827,2.576610512017154
비트나인,2021,2021-11,8700,9700,1662,5.96,"11,000",590,2021-10-25,2021-10-26,2021-11-10,10353956,13474457503,1624674713,3841619995,771788917,4110413000,-28537651988,127753544,828710631,795009400,3.6,9243251502,-0.18985623883402591,3.5074935887821983,0.08965574839337527,0.08600971203996566,-0.03271712900391077,76.78315418763611,12.65305754717656,23.41,3,58.14,0.22130122938442787,2.9777858043237133,0.16388139950029706,0.9693961009718399,9243251501.0,-0.408486780949251,1064.462790550781,7.895860852486474
비플라이소프트,2022,2022-06,16500,19000,111.05,9.41,"10,000",26,2022-06-02,2022-06-03,2022-06-20,6595145,8495294589,872246185,6446132201,511567600,2624659000,-8470179502,1358883035,-820599525,-1899039453,-9.5,16994279855,-1.5507604196182763,1.3178902206942187,-0.04828680779659904,-0.11174580324692435,0.4232656342233501,-287.94506458917886,-2.9366833633007525,31.83,3,34.55,-0.27087742015093563,0.23962542758078542,0.016271795194355204,0.03977486791516813,16994279854.0,-0.34182889985663817,55.28360589494241,-2.221653935063384
비피도,2018,2018-12,22100,28700,74.62,0,"18,000",159,2018-12-11,2018-12-12,2018-12-26,4090000,26597554274,12283275535,1164320847,791340602,1833849500,17920828266,0,2909648319,621641791,102.8,11325257044,0.09899738543778785,22.843835822858885,0.25691675762374866,0.054889861535578933,0.031468080540899265,151.99065794621026,12.69059498320766,41.78,1,55.55,-0.8933703084011637,10.462592161792383,0.036068645703395186,-0.12259875376067891,11325257043.0,-0.09965877095993798,-440.9739630806846,6.5616577035984625
빅텐츠,2023,2023-08,21000,23000,726,2.8,"23,000",181,2023-07-28,2023-08-03,2023-08-17,3144610,11092,13201,12205,468,1327,-3086,180,-1091,-940,14.6,879,-8.025965801139963,0.9088078656288406,-1.2411831626848693,-1.069397042093288,0.5953134895503484,-0.00029892419091715665,-10.650779101741522,42.83,1,63.84,13.030372227029053,0.04834994483676147,-1.2948288344192782,-1.1105698624469955,878.0,2.671995805669284,-0.0007209161072438236,-17.91625047247605
빅히트엔터테인먼트,2020,2020-10,105000,135000,1,43.85,"135,000",606,2020-09-24,2020-09-25,2020-10-15,33846192,367787924,452872695,229964391,388652140,13358096,-9802387,-89323,49754830,33169756,91.1,293995796,178.46152476960154,1.5993255407964444,0.1692365356135909,0.11282391262492747,9.568973564975165,0.9800144134382975,4.0607934546254105,34.74,6,69.29,183.50348908829486,-0.08863311281948949,0.0010853895028185845,-0.01050898256817788,293995795.0,11.496274185263697,-1.1597859812412574,2.303465298287736
사이냅소프트,2024,2024-11,21000,24500,1163.2,0.19,"24,500",60,2024-10-29,2024-11-04,2024-11-19,5037023,20447620,22017573,4076725,2214999,1998362,34396961,-226055,2486673,2807912,-24.5,6197501,0.1739522071610628,5.015697649461271,0.4012380151290012,0.4530716493631869,0.07763253599713436,0.5574546711420615,14.546934397888263,39.03,24,69.79,-0.055645035736252235,1.2000237803739005,-0.10438995268324808,-0.035378551594120955,6197500.0,-0.10865594028314622,-0.6763780907889442,9.360631090791417
산돌,2022,2022-10,16000,18800,462.19,7.8,"18,800",113,2022-10-12,2022-10-13,2022-10-27,7671826,13786878513,23001661323,4243390328,6139991589,3068563000,11445025519,-35467877,6447579879,7901124847,10.9,11267172911,0.717177468937408,3.2490243525388927,0.5722446908314781,0.7012517611481963,0.5457286233739066,1029.8884316458689,4.095359563516623,2.89,6,77.32,-2.6276185662840725,1.7031640465436608,0.17366866924106056,0.6653069552253369,11267172910.0,0.4322819872120518,973.5499226650865,0.16495887841993007
산일전기,2024,2024-07,24000,30000,413.86,42.4,"35,000",423,2024-07-09,2024-07-15,2024-07-29,30445200,123005571049,157801401083,69911845720,72261431259,11972600000,81475120103,31669234554,23250534111,16467642394,43.4,70643765420,1.1363230296705895,1.7594381865076585,0.3291236526361253,0.23310821975717952,0.13161799245469946,540.8945381866436,5.962602600488707,36.02,6,85.89,0.5002402816489501,-0.19171944581296674,0.11189129861803734,0.051083764114117775,70643765419.0,-0.24821586826127162,-741.7750346195787,3.2610233480014728
삼기이브이,2023,2023-02,13800,16500,37.51,4.83,"11,000",117,2023-01-17,2023-01-18,2023-02-03,14280614,65609947315,36375919546,31973017857,21898214605,1207692900,12522236708,0,7610576768,12114613391,144.1,80285397375,3.923635007612196,2.052041118184148,0.09479403499060031,0.15089435672111848,0.8823507284364512,848.32580664949,6.322074642398509,3.5,6,72.76,-20.606500386083503,-0.7402353277023561,0.03126329985126772,0.15273995681478217,80285397374.0,1.020489128646663,863.4287427697436,1.480390992263401
삼성바이오로직스,2016,2016-11,113000,136000,295.63,24.63,"136,000",45,2016-10-26,2016-10-27,2016-11-10,66165000,192854,5767640,1911669,1273991,137844,1601530,4839,-203642,1904946,5.9,91278,1.8264168424383949,0.10088252725759532,-2.2310085672341637,20.869716689673307,1.0921521626085804,0.02879084107912038,-13.626039814969408,74.93,6,79.93,6.064298854269947,-0.8148416887276071,-1.09413612907498,21.817780865271743,91277.0,0.5094131348535356,0.030297498677548555,-8.349758037169323
삼성에스디에스,2014,2014-11,150000,190000,651.5,48.11,"190,000",134,2014-10-29,2014-10-30,2014-11-14,77377800,3263510318467,2262258161563,1247561511145,263939761739,38688900000,2829145593955,-151034139427,275142333681,201800173267,72.4,3926294548786,0.5563534583484692,2.615911351314278,0.07007684478640892,0.05139710502091497,0.07427861709848,2607.98540753291,14.589783961780817,22.58,6,63.76,0.008492611701754416,0.2140766982431508,-0.0016758004302427215,0.0051376680363824576,3926294548785.0,-0.05178229413317714,-1604.8832051570348,6.909487793199139
삼양엔씨켐,2025,2025-02,16000,18000,1242.26,0.99,"18,000",1282,2025-01-06,2025-01-10,2025-02-03,10830140,54917,72865,35222,11549,4849,32668,-15823,8002,6261,-0.2,81155,2.155941735041947,1.5591675657259667,0.09860144168566323,0.07714866613270902,0.2886051442795243,0.0005781088702454446,10.123844038990253,60.6,30,80.61,-2.485287773154774,0.16697528674805096,0.02387754890349636,0.029685607199410838,81154.0,-0.09500141309752491,0.00014598149239068004,-0.021242823116153886
삼양옵틱스,2017,2017-06,16700,20600,33.2,8.7,"16,700",2,2017-05-18,2017-05-19,2017-06-02,10059880,25358848820,17288160105,7461534448,1237033746,5000000000,24714315793,383004106,19558642362,15966108170,0.6,62786098080,0.2890147103858578,3.3986104328443085,0.3115123086177296,0.25429368376509887,0.530482721504066,1587.1072189727909,1.7357258291586528,59.64,1,62.27,0.02556130694753539,-0.8987835983129298,0.003851688169802303,0.025379053328944218,62786098079.0,-0.01862468539592932,285.0160928360974,0.16195680370356125
삼양패키징,2017,2017-11,26000,30000,16.73,0.36,"26,000",2,2017-11-13,2017-11-14,2017-11-29,14209804,104229406787,396663554003,79162369609,188558401129,71049020000,46416008644,1461566,23341716608,15156744462,-8.5,169372196247,2.2791246274523385,1.3166534466036262,0.13781315425561436,0.0894877955050929,0.12903036802158319,1066.6399383130126,9.989504798121144,51.0,6,74.13,-0.39826009573809706,0.09569649670678415,0.0057530922484334834,0.011390732300694428,169372196246.0,-0.10769117229064104,-637.808638247227,4.66613601918651
삼영에스앤씨,2021,2021-05,7800,10000,1767,15,"11,000",2392,2021-05-06,2021-05-07,2021-05-21,5557158,12478034356,5670549553,2010835833,1690708607,2209504000,4021792505,-53617280,182225063,1258837682,160.0,13557858486,0.5991804211880231,6.205396855984911,0.01344054912419743,0.09284930089068935,0.20377194026289056,226.52544376100158,79.2812977049156,9.57,1,64.47,-1.3731783058021079,4.482269388597521,-0.0496186042566312,0.04919483623121817,13557858485.0,0.060448393451351806,112.70628223995071,70.71233940571376
삼현,2024,2024-03,20000,25000,649.11,11.71,"30,000",1645,2024-02-29,2024-03-07,2024-03-21,10585856,56206648490,37752043071,44596126800,2682599888,4267928000,42577006693,-164969820,8000270581,7223298574,56.7,72737982928,1.012826955132229,1.260348207862751,0.10998752314755691,0.09930573110818887,0.15474087424127442,682.3537533478634,5.8347982609314695,68.59,12,88.3,-0.01626439574827554,0.21658955091893284,0.06986116919570479,0.05088500638178799,72737982927.0,0.07094622059994772,368.48928929318515,-8.565957192195599
상신전자,2017,2017-10,11600,13300,601.54,0,"13,300",1002,2017-09-20,2017-09-21,2017-10-16,3921000,33362191515,10968995482,21837933846,3021910748,1600000000,17656339428,215002975,3619229955,2714325859,65.4,41436578243,1.2767401486489076,1.527717399927506,0.0873438422877354,0.06550555026725786,0.1394010645399465,692.2534707982658,5.379968293006682,24.48,6,76.66,0.011041892147742649,0.007784646166029363,-0.004910252010885838,-0.006814680372904697,41436578242.0,-0.14981405977814233,-636.9523654679928,2.6694449448715494
새빗켐,2022,2022-08,25000,30000,1670.90,42.37,"35,000",1724,2022-07-20,2022-07-21,2022-08-04,0,13507038742,10378853595,6707864679,2531630122,2048387000,12074504491,0,5540032480,4422891976,107.1,33388663651,0.6542211845844734,2.0136122877203917,0.16592555299331588,0.1324668762497038,0.31317184436477097,0.0,2.6437385681175645,36.66,6,65.82,-0.025707576900453333,0.6360486529286284,0.041335386136265986,0.030821335735960922,33388663650.0,0.09737122424244093,0.0,-1.216650320507188
샌즈랩,2023,2023-02,8500,10500,1325.79,1.3,"10,500",868,2023-02-01,2023-02-02,2023-02-15,15111000,6149222397,2727127977,4657602967,0,1200000000,-2691813020,83355298,-990908981,-732699111,137.1,3160411860,-3.3068816296354546,1.3202547405969136,-0.313537926351156,-0.2318365907537127,0.5202137767824315,-48.48779769704189,-4.257451983877013,13.28,1,74.27,0.8171263919327547,-0.9465443780738114,-0.4038173783465271,-0.36736177432325245,3160411859.0,1.4867520463374424,-97.04266792402885,-14.217554174411081
샘씨엔에스,2021,2021-05,5000,5700,1,25,"6,500",1104,2021-05-03,2021-05-04,2021-05-20,50153846,17108009408,29608746665,18392769412,3857361695,20000000000,5268456206,-801831240,7806361322,6034564109,28.0,35942186926,0.909407453538028,0.930148637476976,0.21719216301646363,0.16789640879182824,0.24664473001020454,120.32106389208916,3.1341906884386463,71.2,1,72.76,-0.38366475729895766,0.41671754591245347,0.167073631560639,0.14140608777657715,35942186925.0,0.21632972281664162,109.23693686422374,-14.301180935000069
샘코,2017,2017-09,14000,18000,19.26,0.96,"11,000",207,2017-08-31,2017-09-01,2017-09-15,7920191,20471325672,22441688828,10284908796,8844432286,3105565500,6975983304,633648,1445632196,717649732,-6.8,14273267786,1.8973412922323496,1.9904236467280774,0.10128249659954919,0.05027928731946794,0.07117999851883657,90.61015472985437,16.452091675744608,44.67,1,63.55,0.1360866357867525,0.3958820680577153,0.016536523161427202,-0.020659865956111682,14273267785.0,-0.1497601817000449,-167.47021252391514,8.205329547419625
샤페론,2022,2022-10,8200,10200,26,12.99,"5,000",9,2022-09-29,2022-09-30,2022-10-19,22231781,23519680460,1427238684,1561270790,1712367083,9701185500,-82655401706,4221115007,-4068060017,-3926648287,72.6,2000000000,-0.047628257941133435,15.064446610187334,-2.0340300085,-1.9633241435,0.05712892650706017,-176.62319932892467,-5.327669990223746,21.54,2,70.87,-0.007844211928654692,-5.830712004284871,17.984054299095323,43.620861586671474,1999999999.0,-0.3039427991284258,895.4116855055382,-2.99642364912355
서남,2020,2020-02,2700,3100,1,4.87,"3,100",881,2020-02-04,2020-02-05,2020-02-20,20365160,6311779983,5225922162,1941133977,1913041001,8380080000,-45076634541,808449230,-2552549441,-2501845895,53.2,862165281,-0.10739421723717088,3.251594201011711,-2.960626572713962,-2.9018170299065895,0.06971239839271101,-122.84931201129773,-3.0101384300669456,11.18,3,42.27,-0.0033763202357713074,0.142502639508852,-2.6300017999264975,-2.6032221938537643,862165280.0,0.027140977944727092,-51.67953465624626,1.4334594959911793
서울바이오시스,2020,2020-03,6500,7500,1,9.5,"7,500",942,2020-02-20,2020-02-21,2020-03-06,38223653,109376337103,446056531324,258286784545,134889417434,18081826500,52516322334,3469315629,3216201907,2505289715,48.0,259091660913,5.308352389670488,0.4234685769760857,0.012413374848370606,0.00966951119218479,0.03382442929785323,65.54291697342481,50.44977620803332,63.88,6,65.08,1.832913939619854,-0.11472376806766688,-0.030802162208172147,0.00035051906965168425,259091660912.0,-0.015632918334749495,-28.665109297638296,40.81045617295995
서전기전,2014,2014-12,10500,12000,11.54,0,"6,500",8,2014-12-08,2014-12-09,2014-12-24,4849390,20437162899,10445409752,9664183524,756907681,1800000000,18661481446,0,3281986228,3377291885,41.5,35431408351,0.5093028690274629,2.114732491187323,0.09262929081133663,0.09531915445028255,0.16505607836426842,696.4364353042341,6.234481202704181,57.9,6,59.4,-0.323535823675844,0.7342058313512216,-0.0337538696671026,-0.008629527451932129,35431408350.0,-0.22028941908039282,-479.155869294901,4.1000631461381785
서진시스템,2017,2017-03,21000,25000,588,36.65,"25,000",742,2017-03-13,2017-03-14,2017-03-27,5645085,98157413283,129165508759,130032830349,24785837366,2151092500,39679489368,7001066149,24390510140,19626660876,49.4,165870701012,3.170457561889007,0.7548663904304138,0.14704531898153284,0.11832506136560006,0.4019250152926904,3476.7697698086035,2.972641978820046,44.59,6,67.01,-0.159600453811521,0.14974514872078526,-0.14171295448055032,-0.11638680269520085,165870701011.0,-0.13891290626214703,244.38898245110568,1.4697302593047457
서플러스글로벌,2017,2017-01,7400,9400,81.31,1.04,"8,000",548,2017-01-12,2017-01-13,2017-01-25,18494000,78076551656,16517608011,36087017365,7692580643,1411900000,49446057531,-93051465,13814258082,9712530233,-10.8,73384486084,0.8623988775056862,2.1635634462748565,0.18824493866711045,0.13235127410829714,0.19132371131294196,525.1719602573808,3.678414096317735,65.12,6,69.08,-0.188406350978371,0.2699147545856033,0.03917396331579137,0.031192736658320286,73384486083.0,-0.0497208926694685,3.211865686168494,0.7746678107426992
석경에이티,2020,2020-12,8000,10000,1,6.46,"10,000",1751,2020-12-10,2020-12-11,2020-12-23,5455000,8100518421,11272205017,6440931381,2021311687,2212500000,7871789164,6851018,961770097,855846878,160.0,4666230391,0.8385814601103715,1.257662586640123,0.2061128612198437,0.1834129064117186,0.08481171231042958,156.89218661778185,11.344166765043434,41.45,1,42.0,-0.18103584389353056,0.31589905775244564,0.000449649615103187,0.009910479545278711,4666230390.0,-0.035540647481767024,-46.77230082493125,3.7123875967429587
선진뷰티사이언스,2021,2021-01,10100,11500,1,17.83,"11,500",1987,2021-01-12,2021-01-13,2021-01-27,6115650,34107699326,55333258111,27581967600,28828311454,2417800000,26827896402,15433298,3617433535,2880283087,160.0,35724708021,1.9278230072573035,1.2365941335526767,0.10125858923391536,0.08062439825419672,0.09843376235060398,470.96924889423036,9.130970358796102,53.92,2,67.54,-0.1552206808910468,-0.09868342384446938,0.0030087303276753047,-0.010783482798444904,35724708020.0,-0.06442254994904885,-237.54128375561066,2.650860868262571
성우,2024,2024-10,25000,29000,516.19,3.3,"32,000",816,2024-10-10,2024-10-16,2024-10-31,15045670,97020008155,75247203638,34992323955,15915447196,6022835000,109714074764,-4251714135,10330714847,11074478805,-12.5,69965791081,0.45663256779322237,2.7726083091756744,0.14765379891210037,0.1582841933735728,0.0993358691485245,736.0575371518848,11.747438820968165,26.79,6,82.27,-0.09736593547285888,0.29891560342619306,-0.04955239394934435,-0.011497071811228915,69965791080.0,-0.16518862686013364,-918.9026329169787,7.948893523133611
성일하이텍,2022,2022-07,40700,47500,2269.68,38.66,"50,000",1207,2022-07-11,2022-07-12,2022-07-28,11618219,54358167171,146521328670,46052831231,38821075308,4461824500,-1347706529,-505004063,7889081449,7366311105,76.4,46984122552,32.529781961133146,1.180343655710126,0.1679095196524891,0.156782987632626,2.823299926620145,634.031008108902,14.7045749307994,32.97,2,65.44,49.57273775442394,-0.1284639596548407,0.06926899524697809,0.23009102435692133,46984122551.0,0.6110336879193792,1507.8489354521548,6.741125343783237
세경하이테크,2019,2019-07,46000,52000,10.71,0,"35,000",1,2019-07-17,2019-07-18,2019-07-30,5624000,100093379999,64309481597,58202513258,1936441756,2400000000,77753392374,1158650987,17920829443,15953621290,-4.7,102486476218,0.7396069822892272,1.7197432618640751,0.17486043138882468,0.1556656241752804,0.19620243976861976,2836.703643314367,5.818029065765491,36.68,6,42.61,-0.1956740075112251,0.2566984418239078,0.02444001099072987,0.03174558075311984,102486476217.0,-0.2927874168981448,-2817.0976706970127,3.5386237927121464
세미콘라이트,2015,2015-06,11300,13700,187.7,4.50,"11,300",143,2015-06-09,2015-06-10,2015-06-25,5200000,15987195294,21651585538,14191831912,2764364058,2064112500,4803829229,616501170,1953705076,1617757471,32.3,13348947140,2.265525463794443,1.1265068099123918,0.14635649205215145,0.12118989265845576,0.21614935043677724,311.10720596153845,10.586339318084466,33.18,6,45.06,-1.0594256037665306,0.192526172245579,-0.03251113631613256,-0.00857885462630223,13348947139.0,-0.8523325515595233,-890.1751159615385,8.37588641856602
세아메카닉스,2022,2022-03,3500,4000,1,6.73,"4,400",2475,2022-03-10,2022-03-11,2022-03-24,26489500,29540721732,25608488715,15440220629,838077165,624000000,37288078697,-732556381,5068648491,5399333244,72.7,78848221733,0.4378296648258637,1.913231840516338,0.06428361197749931,0.06847755250947202,0.1452233086296654,203.82918680986805,7.668890972025387,44.93,3,71.3,0.0005595234331693399,-0.3360008822112981,0.004203245164508651,0.017032393248697875,78848221732.0,0.011358652589962659,43.22803997810453,0.9319034478037587
세원,2017,2017-10,5200,6200,90.67,0,"5,700",640,2017-09-26,2017-09-27,2017-10-20,3633000,19831473543,14098394447,13563458357,2240000000,1470000000,16287409633,0,1031645097,-293176115,95.6,22005481082,0.8899641717805047,1.4621251469220697,0.046881278948446306,-0.01332286778496343,-0.016510072192915323,-80.69807734654556,17.5703928470277,37.49,6,57.14,-0.1516358035600851,0.0031847260208359707,-0.02599524644799575,-0.07591398214641017,22005481081.0,-0.16336771033320202,-810.3612730525737,11.602554571534432
세종메디칼,2018,2018-05,10800,13700,836.68,36.36,"15,000",922,2018-05-14,2018-05-15,2018-05-29,6777741,11319912692,14418000040,2696071833,1287391424,2748420500,18927939784,78089191,5187327835,2704537927,100.0,14549536200,0.18311027643231131,4.1986688015667575,0.3565287417890338,0.18588482064466083,0.12432113853802775,399.03235119193846,4.193767999049167,67.74,6,68.9,-0.1173328245379609,2.1373571417098716,0.06314868536533769,-0.0625431850370175,14549536199.0,-0.04207411725532838,-69.14262849524641,-0.8951918634731673
세진중공업,2015,2015-11,3500,3900,8.89,26.5,"3,500",2,2015-11-12,2015-11-13,2015-11-30,38832000,180966322708,342482868943,237275290913,133667812455,20516000000,108518536296,22506190029,25653893205,14823041303,-10.4,282379347081,2.4478113069912397,0.7626850735770612,0.09084904214911024,0.05249336205437163,0.09781556194478006,381.7223244489081,5.944754157364163,62.09,6,65.56,-0.3608538716860803,0.016240294338868755,0.03221843804862431,0.020955150719887218,282379347080.0,-0.033169348576965935,-79.53807921302018,1.8090776204240724
세틀뱅크,2019,2019-07,44000,49000,1,14.8,"55,000",309,2019-06-27,2019-06-28,2019-07-12,9267000,110201373655,11129781115,61267520435,1271328878,4170000000,53574886068,1047419389,3505219336,3191352220,-6.2,15356642059,1.0637250712806317,1.7986915885051191,0.22825428388139785,0.20781575866252988,0.05428180091243602,344.3781396352649,16.772789323960296,40.81,6,46.3,-0.0033223773968156234,0.011620118304543459,-0.0021276017661690516,-0.0020251395847136477,15356642058.0,-0.16334942151458454,-950.0421680155391,12.58754701924488
세화아이엠씨,2015,2015-03,14500,16300,216,10.45,"16,300",732,2015-03-03,2015-03-04,2015-03-19,11335440,121529738161,218590251238,157718434129,39686121264,5337720000,75560908183,8300707035,24107384767,13556693426,1.2,181969447320,2.2130720471240095,0.7705487239468737,0.1324803977923078,0.0744998329426151,0.15198200068271725,1195.9565244930943,5.919988227066406,39.33,6,50.92,0.1671054050880083,-0.4172286398783137,0.05339950230502924,0.0558848817908634,181969447319.0,0.09944467153348566,833.5828929446056,-1.6272290178154165
센코,2020,2020-10,10000,13000,848,1.8,"13,000",366,2020-10-13,2020-10-14,2020-10-29,7770644,12454948474,8131370385,4414381797,4993688268,3198642000,-8276668690,0,-1447339818,-1340255340,17.3,6071501917,-1.8527019725057805,2.8214479505294134,-0.2383825020210399,-0.2207452716513735,0.2639323150150674,-172.47673937964473,-7.723306341040636,30.01,2,65.12,0.03138999597471548,-0.10458334034899286,-0.3567354427359643,-0.0991737814659182,6071501916.0,-0.37327563755553916,137.8351215163119,-13.036259567149266
센트랄모텍,2019,2019-11,5000,6000,862.63,6.18,"6,000",580,2019-11-07,2019-11-08,2019-11-25,8400000,72593397278,158180932824,87362292731,58601068402,3150000000,66797430521,14863538448,7279735149,4008050916,65.7,152901508105,1.7210434323224435,0.8309465675485948,0.047610617051604784,0.026213285700541326,0.04725863841344647,477.14891857142857,11.650282219491224,56.25,6,68.99,-0.20636991828015594,0.09626024773914588,0.01473001675220259,0.011952079276658586,152901508104.0,-0.00804417047854121,-54.83064511904763,3.8075147620372007
셀레믹스,2020,2020-08,16100,20000,1,5.41,"20,000",1176,2020-08-03,2020-08-04,2020-08-21,7804083,3225514112,2542491806,1288945388,590897513,3222241500,-35206352967,190264268,-1355055467,-1307403584,29.0,954454556,-0.059125996587765135,2.5024443564710595,-1.4197171132786757,-1.369791338708849,0.04112127657332144,-167.52814955966,-2.869375543429323,23.28,2,55.67,0.007781538345448681,-0.6015954211348329,-0.435729965124682,-0.9310721474931065,954454555.0,-0.03276992239966565,121.50525064892315,-1.8503200076632045
셀리드,2019,2019-02,25000,31000,778.77,10.49,"33,000",818,2019-01-29,2019-01-30,2019-02-20,9446889,11329961712,4272871106,1007381997,232744164,4082944500,-19065665323,275677955,-1390272355,-10345446758,54.8,0,-0.08432192468129004,11.246936857856117,0.0,0.0,0.7034348679645122,-1095.1167900882501,-10.33085827057246,21.38,3,51.94,1.7582742713260413,10.11243941044641,0.0,0.0,0.0,-0.24648501600175876,-522.6222967158817,-13.97526279523454
셀리버리,2018,2018-11,20000,25000,698.98,16.8,"25,000",808,2018-10-22,2018-10-23,2018-11-09,7612607,13746719506,2165614591,20419834545,9275177351,2415221500,0,-44242140559,-859399890,-2038983483,14.8,3352346328,-0.7099497778957365,0.6732042551914811,-0.2563577285622263,-0.6082257868077883,0.04874811554070863,-267.8429982002223,16.03756058079086,25.62,2,37.11,0.18375992698037313,0.44073999255967733,0.999007918106458,4.802539683957155,3352346327.0,-0.3193629643247755,1703.6663773658615,7.995060420573827
셀비온,2024,2024-10,10000,12200,1050.19,6.02,"15,000",1065,2024-09-24,2024-09-30,2024-10-16,12739009,7794,2087,1757,3652,5385,-39393,1112,-3224,-3156,37.7,545,-0.1644272859922179,4.435970404097894,-5.915596330275229,-5.790825688073395,0.0959387159533074,-0.00024774297592536435,-1.3870967741935485,30.45,36,68.35,-0.03560237805783559,-1.420242998634702,-2.487316248698071,-3.3210772176451147,544.0,-0.0256883345990863,3.744404293928985e-05,0.09971663052586455
셀트리온헬스케어,2017,2017-07,32500,41000,38.06,12.5,"41,000",7,2017-07-13,2017-07-14,2017-07-28,136688120,1811039117810,38154466990,1024477014228,178946215742,112084120000,203799007030,-50755227031,10645201522,-1804190391,22.7,69947522276,4.539029011939291,1.7677694010291856,0.15218840032669065,-0.025793485348644632,-0.006804981260013771,-13.199321133394768,60.663046490516216,36.82,6,70.97,-0.45625837734617747,0.06302886560738008,-0.08348028951838521,-0.18798122386738925,69947522275.0,-0.46535577968856456,-912.2996191329576,57.03068155509921
소룩스,2020,2020-11,8000,10000,1,0.7,"10,000",1660,2020-10-23,2020-10-26,2020-11-06,8158160,20221366202,26099030922,18679870257,4351703251,647916000,20543161129,-78067113,1271984130,1094439331,160.0,24138003507,1.0908711496156192,1.0825217693587752,0.05269632716853014,0.045340921865497846,0.051837200388320036,134.15271715680987,18.309052028817373,39.8,2,75.68,-0.28489682283368434,0.1346151272677535,-0.043921457010412994,-0.03613949849046942,24138003506.0,-0.23358362397089552,-576.0489200996303,15.354371491160293
소마젠,2020,2020-07,11000,15000,69.46,0,"11,000",4,2020-06-22,2020-06-23,2020-07-13,16861261,10986213686,17288128348,43764903679,3403043967,1441606883,-31808870401,381377004,-4824814263,-22911512005,37.3,19951558098,-1.5730049409737454,0.2510279416260109,-0.24182643978485333,-1.1483570301858637,0.764076526278552,-1358.8255353499362,3.9159239262097993,62.93,3,71.53,1.7998168335899802,-1.2835238500973338,-0.09617187391348225,-1.0247201007708366,19951558097.0,0.40409702235868367,-1197.7509319735932,2.8032150421727273
솔루엠,2021,2021-02,13700,15500,1,20,"17,000",1147,2021-01-14,2021-01-15,2021-02-02,42508362,406036320434,112632162187,381200578562,21708405600,19966110000,51697599804,-1433864116,45766308817,33957246969,71.5,812097884190,5.7370051181935615,1.065151375073164,0.05635565577497851,0.041814229085043765,0.4835158989221899,798.8368728251633,2.5293606028371873,15.74,3,46.45,-2.443107587291692,0.17843134641811886,0.0001875370059621767,-0.0003073763525468509,812097884189.0,-0.6467441388944872,-106.45815531541768,1.298349417216644
솔트룩스,2020,2020-07,24000,30000,528,5.58,"25,000",953,2020-07-07,2020-07-08,2020-07-23,5031515,26322420040,12295248289,1457537561,547122273,2129507500,-3351142655,676084065,-2435760639,-2238878013,37.2,1336388765,-3.6745593047939837,18.0595140353985,-1.822643756661633,-1.675319391808865,4.103883309993937,-444.9709506977521,-15.031447634374882,13.08,3,59.36,-6.127857955772772,8.78235160904865,-1.8240121184518248,-1.720294737744472,1336388764.0,3.5928794190643485,-609.1881614185787,-1557.2328274875824
수산아이앤티,2016,2016-10,10500,11500,157.55,0.64,"11,500",13,2016-09-22,2016-09-23,2016-10-11,6751000,22593870527,24183209304,1144052038,386500000,2500000000,34050922923,814152461,2862451407,2698067816,30.0,7607722943,0.04096210223773277,19.748988487007967,0.3762560004414714,0.3546485375735902,0.07220827974444105,399.6545424381573,15.806915597711665,39.76,2,48.96,0.0020895830667909676,-14.215272437335653,0.06278166951252118,0.049604412059216396,7607722942.0,-0.045688102252650825,-236.62328558732037,5.767528691959752
수산인더스트리,2022,2022-08,35000,43100,130.37,10.62,"35,000",3,2022-07-14,2022-07-15,2022-08-01,14286000,183267009931,215363414725,60306250278,63054588223,2000000000,265256701538,3608134170,51306310392,53317628945,-7.1,294110712658,0.4554331985492074,3.0389389007967664,0.17444556822947277,0.18128421254413538,0.1968421955018108,3732.1593829623407,5.365218899036672,60.0,6,68.0,-0.15561792730839075,1.553399657130967,0.048297403242960585,0.08581244122430949,294110712657.0,0.07795351640060669,1968.6343077138456,-1.1061549195561282
수젠텍,2019,2019-05,12000,14000,75.21,3.01,"12,000",1,2019-05-07,2019-05-08,2019-05-28,13268034,12898820863,11473154229,3806369213,5109253256,5713003000,-78901368662,88644718285,-4603321664,-40915428995,-15.4,5448790067,0.5768257677903263,3.388746635230837,-0.8448337350854299,-7.509085226608346,-2.647159390897652,-3083.7597337329707,-3.357652093677371,18.35,2,28.59,2.13387518957011,2.656002782260953,0.0782653128780364,-1.415909000154512,5448790066.0,-3.2859896088068328,-1503.9864671736598,-13.690260845179818
슈프리마아이디,2019,2019-08,23000,27000,1,12.38,"27,000",707,2019-07-16,2019-07-17,2019-08-01,2992520,22034373845,2962465247,2275308980,40964400,1163300000,5661197958,2787837512,1112975414,1006420917,3.7,5501789867,0.24096884542045638,9.684123799748727,0.20229333378864214,0.18292609156822964,0.10470097721214884,336.31217736222317,20.378316921203798,59.35,6,71.13,-0.05199117085385263,0.6069236635458886,-0.08464192662531386,-0.014554519707805719,5501789866.0,-0.34990411533862364,-856.8454977744509,16.2333027478172
슈피겐코리아,2014,2014-11,22500,27500,255.6,30.86,"27,500",360,2014-10-20,2014-10-21,2014-11-05,6224444,41544060024,12862664288,5687913139,1087607140,2165000000,36278012543,9188191490,13956846684,10556720844,55.1,46348945863,0.1422496117105451,7.303919558677354,0.3011254392981058,0.22776614758842548,0.22163455781395028,1696.0102531246164,3.4127482454617755,66.09,6,67.54,-0.04186287712305731,1.3874677023685873,0.061193078174936105,0.04725663039028133,46348945862.0,-0.08319123280280763,-231.9319050826066,0.9446663408157341
스마트레이더시스템,2023,2023-08,5800,6800,1813,6.8,"8,000",1366,2023-08-07,2023-08-08,2023-08-22,14836340,10812369114,1575135175,3614845875,148816683,6206120000,-22660766311,1043464533,-5515471027,-7737792622,30.9,4024884536,-0.24421634967493275,2.9911010006754437,-1.3703426713655171,-1.9224880994201021,0.5020895044561715,-521.543225755139,-1.5635730273594999,19.42,1,75.51,2.3171680100570664,1.9374007227362535,-0.06309631466289312,-0.4249715477335956,4024884535.0,0.003021973179385462,-169.74615019607256,-3.848324339501205
스코넥엔터테인먼트,2022,2022-02,9000,12000,1724.66,26,"13,000",1751,2022-01-13,2022-01-14,2022-02-04,12072009,3337434965,3195512561,4918537165,737952289,4889460000,-41008086423,1145544398,-2584052563,-2657623315,88.1,3607518734,-0.16173837495810464,0.6785421870447532,-0.7162963669865172,-0.7366900939286987,0.07599053789712433,-220.14755911795626,-0.33917966087441387,1.22,2,65.83,0.12528356300997903,0.266214663106792,0.47621311083872886,1.1443756579130628,3607518733.0,-0.20107074682116505,514.1198646389346,-0.6565173443464526
스톤브릿지벤처스,2022,2022-02,9000,10500,20,0,"8,000",22,2022-02-09,2022-02-10,2022-02-25,17878830,56880205003,15154595674,6391747994,5777013371,7528665000,47008375330,1072205881,22360688445,18373825986,-18.6,31251538408,0.21882622394893947,8.899006196175762,0.7155068065153537,0.587933488141388,0.33040954945304574,1027.686150939407,2.677289630829164,61.38,2,74.74,-0.00911578785409689,1.684737525093043,0.11648076341254854,0.06490757443962614,31251538407.0,-0.01109701683513753,310.7130969420258,-0.058725210928699756
스톰테크,2023,2023-11,8000,9500,574,12.73,"11,000",500,2023-10-31,2023-11-06,2023-11-20,13446090,35567,22202,16256,393,1000,40071,0,7008,5612,73.3,29425,0.4053711864819459,2.1879306102362204,0.23816482582837722,0.19072217502124045,0.1366414258235738,0.00041737040284573433,5.867579908675799,72.81,6,78.13,-0.04499262422367761,0.3409116313877316,0.00685444586325798,0.002953955703570793,29424.0,-0.13359378202796884,-0.0002952531181927237,2.8594470723491296
스튜디오드래곤,2017,2017-11,30900,35000,536.68,27.2,"35,000",320,2017-11-09,2017-11-10,2017-11-24,28037240,101130973945,170398801430,108139871627,10712837155,11018620000,24528837529,2386021503,22858913591,16189171199,105.1,137420019674,3.1331876699666275,0.9351867393908572,0.16634340211293777,0.11780795285436134,0.42677791787415825,577.4167214390575,6.679104235868494,75.66,6,79.03,-1.8245156415080528,-0.02862284280066474,0.058664569912920614,0.06508572718881916,137420019673.0,0.04566749851924279,286.98955781667524,-1.5051550574325612
스튜디오미르,2023,2023-02,15300,19500,1701.62,15.79,"19,500",1592,2023-01-16,2023-01-17,2023-02-07,5150550,18733796384,5976860233,3710215156,233303706,432055000,11128336493,484370894,2753795691,1673734977,160.0,19624992676,0.327405284993938,5.0492479805933925,0.1403208519087857,0.085285890529114,0.1389595679202833,324.9623781926202,7.54127759836051,66.68,2,75.36,-0.6469322795846677,3.5788291887209343,0.27278740050740014,-0.06139975390039068,19624992675.0,-0.06179857736271965,-84.84832357709371,13.057073876117595
스튜디오삼익,2024,2024-02,14500,16500,966.90,4.27,"18,000",2650,2024-01-17,2024-01-23,2024-02-06,4225498,17009889727,14123846297,11874506138,180887624,1674999000,13579894156,811469623,2260522008,1937996182,121.7,71141473670,0.7503499035735299,1.4324713406451566,0.03177502364493822,0.027241439936845774,0.1206244505155276,458.64326098367576,8.43979496526981,24.49,30,77.3,-0.2095823217795324,0.22066091964629364,0.004097124238885488,0.005006077285125837,71141473669.0,-0.03208443438539878,3.0119704233678135,1.4562858521593398
시스웍,2017,2017-12,3300,3900,78.86,1.28,"2,800",830,2017-12-08,2017-12-11,2017-12-26,18000000,17244331637,7038576544,3515216295,1397183444,1339740000,18034564279,-3875887,5716349411,5150373646,21.1,25261163586,0.2536030509799579,4.90562463013389,0.2262900278341913,0.2038850517897121,0.2658884740064452,286.13186922222224,3.388615189394342,54.73,6,67.58,-0.22013173038624823,2.042761631016818,-0.024872856689808348,-0.01728593837975065,25261163585.0,-0.1272358857002983,-10.944089555555536,1.1486423896973919
시지트로닉스,2023,2023-08,18000,20000,1703,5.7,"25,000",918,2023-07-18,2023-07-19,2023-08-03,3895500,9285710096,15168258286,7808000657,6176474869,1789625000,-22754437458,113409459,-1326574819,-1357947720,-7.6,3594864137,-0.6706731209727553,1.1892558036192287,-0.3690194589960383,-0.3777466041131779,0.06512500478097924,-348.5939468617636,-7.892123916457365,30.24,3,43.67,0.026696205567905418,-0.04491299043897068,-0.03524702361132176,-0.07687504734704736,3594864136.0,-0.15901104412340603,772.9617869336413,-5.45170426107574
시큐레터,2023,2023-08,9200,10600,1544,2.5,"12,000",1698,2023-08-08,2023-08-09,2023-08-24,7911521,4087468865,4663337467,1411308319,603497423,3268809500,-25514738849,864888837,-5537591447,-5441928110,102.5,2770382559,-0.09423328770502075,2.896226720959334,-1.9988544286096193,-1.9643236968559041,0.2545212010119781,-687.8485325388127,-1.2164134271135587,40.0,3,76.59,0.10909591923960478,1.30651564158104,-0.31604037586012823,0.4591900677589711,2770382558.0,-0.02810665580802213,-100.05320001046573,0.4105936176320719
시큐센,2023,2023-06,2000,2400,1800.86,12.33,"3,000",1932,2023-06-14,2023-06-15,2023-06-29,11515472,11563658442,6950991051,7301744226,3113937213,10104752004,-2190919235,185135285,2171898590,2219605920,205.0,39515795103,1.2860504411862446,1.5836844025327819,0.05496279612592463,0.05617009386283334,0.2740603377122544,192.7498864136876,3.7289807596403475,0.14,6,25.46,0.36536201621296494,0.013881309847082024,0.034035817123750006,0.03438616114219484,39515795102.0,0.19283254699015293,151.2780651110089,-9.086210945192233
시프트업,2024,2024-07,47000,60000,225.94,26.4,"60,000",341,2024-06-03,2024-06-27,2024-07-11,58025720,204627321836,28007025742,12375918578,10246583816,10155144000,95797270484,5036873658,25935298118,24699857814,18.3,37375662309,0.20382599774004054,16.534313840732185,0.6939087233714336,0.6608540501515692,0.22254271765757191,425.6708544762564,8.097529638120662,39.05,12,86.37,-0.06459902955312571,0.7113677706968335,0.035151764535156005,0.028029206004814622,37375662308.0,-1.0302416110707182,-1413.0065168514927,6.467293044577232
신도기연,2020,2020-07,14000,16000,1,13.76,"16,000",955,2020-06-22,2020-06-23,2020-07-06,8061280,40005182150,29901438561,12583866014,6330411137,3361140000,43288225119,-663608400,9942427,3556909615,40.0,8207231147,0.41130729383398756,3.179085195717501,0.0012114228077558494,0.4333872838832085,0.07734807185483122,441.23385057956057,5128.762178490222,59.96,6,62.5,-0.2769697348210496,1.1369561921991211,-0.19860031719844343,0.26062221635542315,8207231146.0,-0.26795575917051817,-1376.2000372149337,5125.962712584869
신라젠,2016,2016-12,15000,18000,74.98,0,"15,000",173,2016-11-23,2016-11-24,2016-12-06,61616527,58740658767,80390404428,46335821063,30446000504,25774930500,-68813521969,4732961669,-30298890569,-34336452208,-14.3,4255678450,-2.0044526605590494,1.2677159359523142,-7.1196381317296185,-8.068385008740497,0.8963813514430194,-557.2604280017275,-2.0578060931310795,13.85,1,24.86,47.32355637977951,-0.8402833272588683,6.016590876719074,22.792504899385158,4255678449.0,-40.79002837394347,349.21368820414045,1.5988267585884883
신성에스티,2023,2023-10,22000,25000,583.50,21.14,"26,000",1891,2023-09-22,2023-10-04,2023-10-19,9046771,56056004152,38737148958,45325426387,4617981037,3500658000,32768333241,-1316382664,7661497240,7334816490,50.2,66424930568,1.4288892719974111,1.2367452138978154,0.11534068872163643,0.11042264443906735,0.20985033130907882,810.7662380312269,5.853913964994132,25.45,6,80.07,-0.4319772335728007,0.11395089899127941,0.041229654008295674,0.0232263938992852,66424930567.0,-0.14021622092558106,-215.77593729298553,1.239071775284713
신신제약,2017,2017-02,5900,6700,40.88,0.06,"4,500",72,2017-02-08,2017-02-09,2017-02-28,15170500,36959837826,34264322166,20679274010,17460006928,5911500000,25714717403,1458661651,4570531867,3401488537,78.2,44343798429,1.1527707529397457,1.7872889448694915,0.10307037351159704,0.07670719824433198,0.10281097088032898,224.2172991661448,7.238737200998056,61.4,6,66.44,-0.012539322764731464,0.39847426885928106,-0.0014484018562244821,0.0014242279960931803,44343798428.0,-0.0348859718128908,-31.916914010744563,2.007816510635701
신테카바이오,2019,2019-12,15000,19000,75.61,0.1,"12,000",123,2019-12-02,2019-12-03,2019-12-17,13154876,27885810830,2354505764,586697401,1100146376,5753438000,-30162605534,787122023,-3695727401,-21584254297,39.2,327731222,-0.07140972513216491,47.53014208426671,-11.276702227046284,-65.85962169023982,0.9137334989448281,-1640.7797608278481,-7.726076552419403,26.45,1,49.61,1.8804821467963235,46.47444651949686,-0.971380004459963,-78.93302340572716,327731221.0,1.6124666767049993,-1925.5872928790814,-7.170187473880637
신화콘텍,2014,2014-08,8100,9100,442,19.1,"9,100",99,2014-07-21,2014-07-22,2014-08-08,8051958,23352056879,15471607317,16299681609,4453786298,2912503000,15009953420,-1448988000,3473566953,2722078967,-22.0,16770614629,1.259811678869264,1.4326695109250462,0.20712222120908172,0.1623124153299033,0.16524018485962533,338.06422822871156,5.202201809696915,55.58,1,74.04,-0.3254561027989329,-0.3143801462640461,0.04010596826465429,0.03605859083711968,16770614628.0,-0.32705526156261516,-462.5359323781868,3.4885325292899996
신흥에스이씨,2017,2017-09,11000,14000,482.4,33.1,"16,000",731,2017-09-11,2017-09-12,2017-09-27,6552183,30666003,79610734,33603548,25976962,13597958,32443953,506139,4397652,3278818,30.3,60478580,1.2799786457220013,0.9125822963694191,0.07271420724494523,0.05421453347614974,0.07043942764519674,0.5004161208562093,11.528021544224053,63.47,1,72.94,0.01701850199422794,0.01571818078633247,0.0016994333936398015,0.009480957453960069,60478579.0,-0.03479713097423558,-0.18295444434320585,5.0724034049101405
실리콘투,2021,2021-09,23800,27200,1437,8.37,"27,200",1700,2021-09-09,2021-09-10,2021-09-29,10024764,34993038194,24239825740,11864165872,5920926757,4214000000,22392133483,3396172591,5774689932,5245529571,6.6,65245728740,0.5927908536474988,2.949473108479143,0.0885067887740478,0.08039652054317756,0.17483754608935798,523.2571630613947,7.177488625894936,6.2,1,62.69,-0.12272107623186834,0.28802843310663695,0.007704819755655498,0.022890886751133425,65245728739.0,-0.06130462684434884,-46.92732217935509,2.7443253354020847
싸이맥스,2015,2015-06,14300,16300,238.72,2.93,"16,300",178,2015-05-28,2015-05-29,2015-06-17,5354863,35055071776,4213689295,12113693191,862798080,1857500000,22833113495,-40362695,5835834041,5993174527,-14.1,54713633669,0.5264243100926178,2.893838503524635,0.10666142329907992,0.10953713224855054,0.24312833875913345,1119.2022143236904,4.505314855645669,41.25,6,42.42,-0.29801281141047453,0.8022614619157156,0.005378925724029579,0.007339395559214215,54713633668.0,-0.02348184619499724,171.81689727636353,0.3940309836097695
싸이버원,2021,2021-03,7600,8300,1,9.9,"9,500",1880,2021-02-24,2021-02-25,2021-03-11,4640830,7056036891,7128971619,1965533994,41857307,2000000000,11807734276,-1630117067,1431792286,1275097504,123.2,14536156341,0.16484270005764476,3.5898829084306336,0.0984986851002389,0.08771902792511387,0.10470829244473422,274.7563483256228,8.505156319161786,57.35,2,58.23,-0.09642939541432297,1.275881143904762,0.004214115911442537,0.002646074472540283,14536156340.0,-0.0713442982398907,-135.3478129989678,3.379984033153179
싸이토젠,2018,2018-11,13000,17000,608.85,0.7,"17,000",705,2018-11-08,2018-11-09,2018-11-22,5633864,2783835961,2502185827,1353617080,497717128,2198932000,-12327258815,462277629,-1315617910,-1295455434,-8.2,369965594,-0.19152956625561288,2.0565904509715556,-3.556054755729529,-3.501556509603431,0.13402119201672352,-229.9408423774518,-2.610702966182636,22.92,1,44.96,-0.020747072037622466,-3.2244041589788046,10.119531656723293,9.225372309919397,369965593.0,-0.17907792206684753,235.12884212327455,-0.9298539793927032
쏘닉스,2023,2023-11,5000,7000,716,1.39,"7,500",774,2023-10-17,2023-10-23,2023-11-07,17306490,13356386067,20870251508,6162577992,7526941721,13598490000,-13459107138,0,-2758864194,-2514471056,25.7,6887755932,98.21522902148472,2.167337449414628,-0.4005461606417444,-0.3650639019187592,-18.0400303159222,-145.29064275887254,-7.444048136426682,23.3,3,70.32,98.37325180036585,-0.6798469624047376,-0.18568239850039525,1.4980704092087578,6887755931.0,-18.376565409812617,1559.8612170347656,-0.6706002245018245
쏘카,2022,2022-08,34000,45000,56.07,5.46,"28,000",14,2022-08-04,2022-08-05,2022-08-22,33635652,106191773950,347776237628,146824135510,155030886539,2908565200,-27922323575,4033443697,-6889641150,-9377087016,-6.1,65505223142,-14.387535491330155,0.7232582952464748,-0.10517697398060716,-0.14315021865771937,0.44694691952513144,-278.7841608065157,-22.078506879708822,18.5,1,83.72,-0.8066533326466985,0.07078613007365053,-0.07561729843738355,-0.15599693102483064,65505223141.0,0.6310985117981063,-387.6186673295348,-4.281522977885139
쓰리빌리언,2024,2024-11,4500,6500,254.59,0.5,"4,500",23,2024-10-24,2024-10-30,2024-11-14,31444038,14138227851,4254806325,1452888680,218054950,2814803800,-93221037167,272450376,-3548487811,-3480148331,-8.9,2219373697,-0.018538483291740303,9.731115704611312,-1.5988690033573918,-1.5680767667492097,0.03861092051742129,-110.67752592717258,-4.71245539977987,17.17,36,67.45,0.10911370580431894,8.057512455640875,1.4602027106860418,0.29690221626921653,2219373696.0,-0.02009175674773654,51.261176379445914,-3.301306995975639
쓰리에이로직스,2024,2024-12,15700,18200,129.1,0.13,"11,000",58,2024-12-04,2024-12-10,2024-12-24,9286800,25955978903,22445897121,20060011822,7075318715,3686839000,-25730268078,867727644,1134870389,688486962,-17.0,9807922200,-1.281437151991156,1.2939164310229287,0.11570956272471247,0.07019702521702303,-0.03251306522930833,74.13608153508206,18.73918439773478,27.08,36,67.8,-0.040180000939602056,-0.48234931613428444,0.6773691487875991,1.4033807059497918,9807922199.0,-0.8225697445712946,2106.8128811862,21.304655538486735
씨메스,2024,2024-10,20000,24000,577.59,1,"30,000",464,2024-09-30,2024-10-08,2024-10-24,11454376,10792887173,7987467735,3202678791,2983503726,4552188000,-35431744025,2517971566,-7544904822,-7293188182,-23.0,1898523410,-0.21811836803204182,3.369956176476269,-3.974091013183767,-3.8415055319228326,0.2571502375878597,-636.7163241367317,-1.6692287958725425,38.24,36,66.45,-0.0017531907592133467,-5.610169653360757,-2.666596806218621,-1.788226906143115,1898523409.0,-0.48161746139697525,732.685456894378,0.259062321610684
씨앤씨인터내셔널,2021,2021-05,35000,47500,1029,4.12,"47,500",898,2021-04-28,2021-04-29,2021-05-17,5909052,49032893736,71085736850,55058505109,24641366759,494240000,40462274529,-743011661,14361541772,9744697340,-13.4,89611803733,1.981918166383396,0.8905598442770827,0.1602639515525262,0.10874345715698909,0.242324011712851,1649.1134855472587,2.8143746235381557,74.6,2,75.71,0.0633581064263331,-1.593160300089211,0.04072932224757604,0.027407092147945858,89611803732.0,0.045664231116386955,525.9385326106456,-0.6456203680159005
씨앤지하이테크,2018,2018-01,16000,20000,249.23,0,"16,000",625,2018-01-10,2018-01-11,2018-01-25,4202740,27746469210,4939036788,7944364156,714464967,1438050000,18247511611,4341115264,7955843490,6425477950,16.6,61248763014,0.360383966873488,3.492597854926428,0.12989394558354567,0.10490788113600416,0.2674309886227244,1528.8782913051962,3.0200037123907775,35.76,6,45.21,-0.3273369702894596,1.3635572272095295,-0.01673382230777984,-0.019081250693564006,61248763013.0,-0.09477482173226526,220.61834660245472,0.6854063909527981
씨앤투스성진,2021,2021-01,26000,32000,1,1.4,"32,000",674,2021-01-12,2021-01-13,2021-01-28,9191670,63948646874,41632923099,28327142170,7996912566,3795835000,29761560456,-9135247859,54936597155,22930581601,-10.3,116106893223,1.4873407259426286,2.2575043571364968,0.473155345303111,0.19749543687262838,0.9389256825151928,2494.7133220622586,1.2606808361572608,39.02,1,42.34,12.36899206300647,1.6341928130779344,0.4327098700994731,0.20655514122340712,116106893222.0,0.8321794798015547,2541.5128141023342,-4.693980178461867
씨어스테크놀로지,2024,2024-06,10500,14000,1084.39,1.32,"17,000",1437,2024-05-27,2024-05-31,2024-06-19,12293880,5870794146,11275861492,6728865826,2309303237,5477440000,-35970745550,413285791,-9803411085,-9916946238,8.8,1885010467,-0.3004708486036071,0.8724790028232612,-5.200719707727756,-5.2609502236785195,0.3296854961351158,-806.6571528272603,-0.8271086976457236,27.54,36,71.42,-0.16531268774587818,-3.4582088603695587,1.7296141262808948,1.6676385040833166,1885010466.0,0.0009724149063897181,-156.88054129371687,1.4266676619031042
씨에스베어링,2019,2019-11,7400,8400,1,4.44,"8,400",699,2019-11-04,2019-11-05,2019-11-21,9461400,31725127595,38027398574,35349122767,3224617223,3980000000,-494762512,-6356616609,4888037782,3458893224,6.5,47069514969,-13.433872144534549,0.8974799121356651,0.10384720949895625,0.07348478577436007,-1.2046104252493797,365.57943052825163,6.378589440084651,42.95,6,73.09,-8.161545083872236,0.020928050242805085,0.05170871629438601,0.03737042263210825,47069514968.0,-0.8356619376507775,118.38056545542943,-1.8281543856438809
씨에스윈드,2014,2014-11,31000,43500,109.3,4.27,"43,500",66,2014-11-13,2014-11-14,2014-11-27,17285715,137305907134,130067022587,89257454861,14572587727,7142857500,124105146142,-12689006978,42298881843,38345743546,-23.4,175680591301,0.8757668798619954,1.5383130445274908,0.2407715134025692,0.2182696634957292,0.323431748116704,2218.348708514516,3.866364310527621,52.16,6,72.92,-0.5644317718733719,0.4388303844957069,0.1213404509394222,0.12767188250757258,175680591300.0,0.028901290197247187,664.3992861157319,0.020435662668020438
씨엠에스에듀,2016,2016-04,19000,23200,302.17,28.83,"23,200",186,2016-03-24,2016-03-25,2016-04-07,4205350,15186397513,13504554976,9962924477,3650179674,1666667500,12644378498,766802340,8845569418,7033323979,7.5,48197050215,0.902854561594941,1.5242911404235469,0.18352926949971435,0.14592851528517553,0.4664673513974962,1672.4705384807448,1.704565034255209,47.57,6,72.14,0.16128712196067474,0.5890441834734159,-0.00519548778684531,-0.005928831890441466,48197050214.0,0.005823766419112697,226.56119752220388,-0.042229827909142204
씨유박스,2023,2023-05,17200,23200,86.44,3.63,"15,000",113,2023-05-03,2023-05-04,2023-05-19,9966633,23484754615,13696811413,31256681593,1854481200,4210816500,-26803355996,2774308237,-6337998299,-8299242678,-7.2,16807020347,-1.670742578400548,0.7513515004823628,-0.3771042200309654,-0.49379619389116697,0.41876808124494397,-832.7027470561021,-0.6422222037582784,1.25,1,50.97,0.1795499528547877,-0.08719095031650081,-0.0029000280890598695,-0.3564592411350601,16807020346.0,0.30745241616814944,-663.5826455132842,1.2463340327477819
씨유테크,2021,2021-10,5100,5600,1565.03,14.15,"6,000",1408,2021-09-23,2021-09-24,2021-10-08,17657500,81079591088,22950614206,29385845041,6395791524,7000000000,60232912478,1015656251,9248689944,6608597740,40.0,123941579305,0.5242840579863437,2.7591376383723305,0.07462136593596636,0.053320264087787034,0.09683130156533074,374.26576468922553,7.379268755060344,69.38,2,70.27,0.030480042227969295,-0.07252720428994097,0.0017505471186595872,-0.001533909671856147,123941579304.0,-0.0055805681539907726,12.202769248194784,0.028957444867454996
씨이랩,2021,2021-02,23000,31000,1371,12.82,"35,000",195,2021-02-08,2021-02-09,2021-02-24,2956642,3040033389,2211075995,2774988057,925615515,1143571000,-1278702698,-19269603,-666195381,-799450309,16.6,2493977045,-23.967437761421454,1.0955122424153914,-0.2671216971846668,-0.32055239265444,5.177743346864674,-270.39131183281575,-2.327404026237162,53.23,1,57.07,-31.627530110145848,-0.040138572042866194,-0.30385914902998,-0.32923251342028204,2493977044.0,5.079177893156024,-291.203832252941,-8.301030573990227
씨트리,2015,2015-12,8300,10200,4.7,0.60,"6,500",200,2015-12-07,2015-12-08,2015-12-21,7270545,11575689513,9235915507,9467205863,5665513488,3017272500,298508977,123080157,124287342,-154529142,84.6,13555833975,4.400502538800315,1.2227144608992222,0.009168550030135642,-0.01139945666824973,-0.04493613248994129,-21.254134593761542,45.69158514147,13.32,2,27.32,-0.402598030043154,0.08096550877206465,-0.01608411557278711,-0.029144071050293624,13555833974.0,-0.13295499772518046,-63.14576898980751,34.58500764615544
씨티케이코스메틱스,2017,2017-12,46000,55000,188.65,6.6,"55,000",145,2017-11-21,2017-11-22,2017-12-07,10125709,69046463640,17914023817,25569460406,1496637932,4051985000,44758360284,11084043835,19806584159,12630894316,-23.1,72704157967,0.45189705974334676,2.700348874933548,0.27242711713943646,0.1737300130995684,0.21088610305223338,1247.4083855263864,3.0239635788882016,50.21,6,69.56,-0.5995648216456846,0.962446841084073,0.07296603547177907,-0.0004834595786874507,72704157966.0,-0.4316200639774726,-1056.149565329203,1.6645667033084295
아모그린텍,2019,2019-03,8800,9900,164.22,3.05,"9,900",22,2019-03-12,2019-03-13,2019-03-29,16509416,28541746453,24583533557,40139921481,9858569089,6546890000,0,-18519884600,-2182454664,-2733434847,3.0,66046158170,-4.175938621905,0.7110563598513782,-0.033044384782873436,-0.041386735015899866,0.22830001501879907,-165.5682337279526,-1.4326938797753648,40.29,1,64.3,2.403674933114271,-0.10399472845248026,-0.04838841137178903,0.0056742656148492734,66046158169.0,-0.335965989523233,151.68867626813693,-4.839198057435935
아모센스,2021,2021-06,12400,15200,116,2.57,"12,400",26,2021-06-10,2021-06-11,2021-06-25,11193501,31564971103,27471873456,33095094874,12854811580,4462377500,-4095350734,-124323860,-10221726607,-16756652279,28.2,43612305050,189.32573660242866,0.9537658442489588,-0.2343771235040465,-0.38421845072827676,-69.04182794992987,-1496.9983277796644,-1.2803060195366465,39.92,2,67.48,186.42291945965047,-0.2993033279096232,-0.26122898881961854,-0.3649444865896729,43612305049.0,-68.9693568175178,-1390.1929906469836,-13.798201317968815
아셈스,2022,2022-02,7000,8000,1618,7.4,"8,000",2435,2022-01-17,2022-01-18,2022-02-07,11019106,30241516416,42057802749,15070280220,21807490353,4479553000,17317121308,7118264473,4355732200,4403938934,68.8,30260452548,1.2753881601586643,2.0066990112012664,0.1439414097687671,0.14553447034588612,0.15230670095327428,399.6639050391202,8.132168591999298,46.55,6,60.25,0.004752233446890575,0.6205666499622913,0.0018613864713315775,0.11463066037231495,30260452547.0,0.10593768547136816,304.1717361644402,2.145790599069347
아스타,2017,2017-03,13000,18000,18.4,0,"8,000",485,2017-03-06,2017-03-07,2017-03-20,9402523,6946058769,629341696,467844372,1073461504,3800011500,-3040602700,1022656037,-3025362676,-3040602700,57.5,155889362,0.8648988768527057,14.846943096282454,-19.407114361017143,-19.504876156975996,-1.7062245081490264,-323.3815753495099,-1.9945028861723155,15.69,2,73.36,1.039812298376526,-5.377533902600414,-4.978902756701526,-10.665407051821141,155889361.0,-1.8482691006661693,-194.19422318881854,0.6819561790471231
아스테라시스,2025,2025-01,4000,4600,1242.4,9.7,"4,600",1791,2025-01-06,2025-01-10,2025-01-24,36514642,13182763954,5066323692,10293566219,382692793,2989800000,-289812119,598034513,1487060781,649969609,44.3,11363344551,3.237169957191018,1.2806799580952888,0.13086470926987206,0.057198794429127925,0.19707859175925294,17.800245967083562,5.092480906468072,35.47,6,67.92,-0.8084338365650852,0.09632240792308111,0.04199690704220167,0.007373951138594001,11363344550.0,-0.15994481195493235,-6.0760479590625565,0.7730422473569138
아스트,2014,2014-12,7000,10000,74.59,5.74,"9,500",2,2014-12-09,2014-12-10,2014-12-24,12550845,49437906871,53173914411,64795364552,11885090248,4982602000,-4983385414,1098541157,-2056047826,-5700118819,-5.3,50570383191,69.85189153887845,0.7629852415032679,-0.040657153382336136,-0.1127165439397827,-5.19251069313569,-454.1621555361412,-12.612238953822857,19.54,1,41.2,55.1806814098856,-0.07858242561485818,0.02685050410118689,-0.005672370804546606,50570383190.0,-3.8343531753062265,65.11379122282199,-5.980798239529887
아스플로,2021,2021-10,19000,22000,2142.7,11.47,"25,000",2818,2021-09-16,2021-09-17,2021-10-07,0,37649692686,43860542659,33029108725,18932952829,1898006500,22117894227,-263277013,3264091532,2600292203,13.4,30361832512,2.187634603219564,1.1398942974656365,0.10750640728651419,0.08564345389799112,0.10947389367631692,0.0,9.052495465068962,27.27,1,57.26,-0.04246691483023968,0.050847132573552445,0.0007814858681207126,-0.06540305758135105,30361832511.0,-0.21354101317602964,0.0,3.458780599240244
아시아경제,2015,2015-07,3200,3600,280.85,15.82,"3,600",12,2015-07-15,2015-07-16,2015-07-31,25244030,42695424945,20193818496,15162200175,6627033018,9994515000,3208771154,7755406403,2612447206,2011381459,16.9,20022865681,1.0396275022280723,2.8159122325398265,0.13047319238019914,0.10045422523653197,0.09596884221330963,79.6775102469772,15.732379262480682,58.22,6,60.23,0.019143999294735092,-0.12380534057805637,0.009425603739944471,0.0064236097675685055,20022865680.0,-0.27648602049576304,-201.3079714688978,11.440977620464457
아시아나IDT,2018,2018-11,19300,24100,7.04,0,"15,000",1,2018-11-07,2018-11-08,2018-11-23,11100000,86835191531,117729670230,53119468064,9510001957,5000000000,134302729862,132661878,8358385697,9685029152,-17.0,121219900257,0.449164801270705,1.6347150055489683,0.06895225684297109,0.07989636298550515,0.06945890158260046,872.5251488288288,16.981196714928288,70.27,6,76.22,-0.0031537155540348194,0.31783358097916303,-0.013818669064010025,0.006679278799548452,121219900256.0,-0.07443940491319986,-874.9142454054054,10.731669206625003
아우딘퓨쳐스,2017,2017-07,26000,30000,182.6,0,"26,000",3,2017-06-27,2017-06-28,2017-07-12,5930000,19585273179,12622364038,8626945881,374608882,2450000000,14824790454,0,9608322226,9122506069,-10.4,56780136889,0.5210804025073241,2.2702441222141707,0.16921977917706318,0.16066368573280598,0.5280820102155087,1538.3652730185497,2.41520651661792,48.49,6,56.76,-0.6899027372529238,0.6280150319941631,0.08711297226972634,0.0916005184346355,56780136888.0,0.31465084062850474,1246.0505222596964,-4.403956475898369
아이디피,2020,2020-08,8800,9800,894,7.4,"9,800",1149,2020-08-06,2020-08-07,2020-08-24,6636863,22754371210,4966264186,2850988883,449414497,2659431500,19469076128,-24761028,635421879,953158905,27.6,5098838277,0.14931420630745015,7.981220602325302,0.12462091254517348,0.1869364849831655,0.04312205176112542,143.61587771210586,38.43152529533847,45.2,6,70.88,-0.019331343697151893,0.956689593345617,-0.04000253393741855,0.04451503550610805,5098838276.0,-0.1289019169710901,-401.12735896461925,32.84805595545011
아이빔테크놀로지,2024,2024-08,7300,8500,1011.5,0.6,"10,000",1094,2024-07-15,2024-07-19,2024-08-06,14965620,8918170555,6549757130,1396724130,2420097943,6332300000,-26694798340,682850238,-1314068310,-1257080998,33.6,99398351,-0.19394767900408263,6.385062277831485,-13.220222436084478,-12.646899926941444,0.06387720915966204,-83.9979231064266,-8.866438314763103,22.55,36,79.95,0.006653200428202444,-1.8374263175461074,-12.573946063806488,-11.524894196003949,99398350.0,-0.20854729683282763,253.00886979623965,-4.454389221970926
아이스크림미디어,2024,2024-08,32000,40200,31.26,0.89,"32,000",12,2024-08-09,2024-08-16,2024-08-30,13063433,88370,23589,34074,559,5302,65319,2711,-7312,-6486,-29.7,12545,0.47227676866852125,2.593473029289194,-0.5828616978876047,-0.517018732562774,-0.0884470626738668,-0.0004965004222090778,-10.575218818380744,26.64,18,62.73,0.0835443034867625,-0.4326173777740645,-0.8595266038239746,-0.7627218734347418,12544.0,-0.4684938221891768,-0.0028109762571599667,-13.029323679593844
아이스크림에듀,2019,2019-07,15900,18000,124.73,2.5,"15,900",5,2019-06-25,2019-06-26,2019-07-11,12705371,57479415311,13727922795,19805741848,2084435227,5593685500,29060363192,-83493587,390885700,365816965,-26.4,28966319582,0.6332029384114224,2.902159169402903,0.013494489656977368,0.012629045397514803,0.01058174981248974,28.79230878027883,126.16772890642969,62.23,6,63.03,0.048288172559620035,-0.09788046748352253,-0.11187975973362334,-0.09287431108438984,28966319581.0,-0.2976941752816977,-802.4392196024814,122.2675192208497
아이쓰리시스템,2015,2015-07,28500,31500,768,37.60,"36,000",1507,2015-07-14,2015-07-15,2015-07-30,3317400,19743470956,24603323536,8199359907,8249040151,1428480000,15928418073,10541496361,428391151,343633438,61.1,5905696900,0.5895823179685997,2.4079283236664,0.07253862808299559,0.0581867718270472,0.012317319507864265,103.58516850545608,65.12364778982095,47.99,6,60.47,-0.5231076727767556,0.31240047493243894,-0.07815474328456097,-0.11193283719458783,5905696899.0,-0.22842023138469172,-1481.7355468137698,60.434257403509335
아이씨에이치,2022,2022-07,34000,44000,57.28,17.49,"34,000",2,2022-07-13,2022-07-14,2022-07-29,5664755,15348176588,32597629385,15309556890,7024825986,2300172000,8796125824,-3544508,1056559555,1514618703,-20.6,23271486803,2.0134210362169744,1.0025225875756878,0.045401463341989634,0.06508474150455852,0.13654127698083213,267.37585350116643,24.24039702806909,48.92,3,64.32,-0.7877401660305812,0.015581160342077571,-0.1265714196827593,0.009202243354302232,23271486802.0,0.0165748240340427,105.51259004140516,20.568192560705047
아이씨티케이,2024,2024-05,13000,16000,783.2,5.11,"20,000",1108,2024-04-24,2024-04-30,2024-05-17,13133596,7977786095,2435026039,790934957,213603001,5552248000,0,-44760362603,-2364614723,-9030707393,43.5,6187514371,-0.025620664706053935,10.086526109883394,-0.382159067635077,-1.4595048757099687,0.23032750960968212,-687.603562116575,-3.978776789507455,24.79,36,69.45,1.197245492263364,9.890854035314202,0.9169131615716142,2.737028604371525,6187514370.0,-0.09119867094858408,132.58092140187648,-13.313797817898765
아이언디바이스,2024,2024-09,4900,5700,1152.8,2.5,"7,000",1965,2024-08-30,2024-09-05,2024-09-23,13653263,14939659,2760874,2016781,2049343,5281632,-10321047,371085,-1015682,-801640,55.7,2471281,-0.8710018357742491,7.4076753995599915,-0.41099413623946446,-0.3243823749707136,0.17171879451538344,-0.05871416964574695,-13.423895471220323,19.59,36,71.93,0.14894323360887896,-0.17413018107713985,0.15338466279569718,0.3056831590125951,2471280.0,-0.816645197337649,0.22889341544215475,-9.349941414246423
아이엠비디엑스,2024,2024-04,7700,9900,865.73,3.5,"13,000",2654,2024-03-14,2024-03-20,2024-04-03,13992625,8494513453,3208164526,767274922,310510812,1141762500,-42975918189,1515623064,-4923399541,-7563224846,176.9,2926965114,-0.02673176982963179,11.071016671388096,-1.6820834377050933,-2.5839818895771094,0.18758680818930226,-540.5150817662876,-2.158039817106121,16.33,36,81.21,1.459258342519649,10.798772199334959,1.6202093286419725,1.3921913824933774,2926965113.0,-0.1322894144053626,205.33632595742404,-5.749820989901275
아이엠텍,2016,2016-02,6500,7500,112.3,25.00,"7,500",139,2016-01-20,2016-01-21,2016-02-03,16787750,26419056634,20587074368,14840563951,1827581641,6979375000,16610761422,6747848988,11728755692,9739795692,64.7,67931989633,0.5494150441019676,1.780192229973835,0.1726543820571745,0.14337568713383603,0.32104292886862457,580.1727862280532,2.5866329052017907,37.02,6,54.3,0.07506177464022379,0.16548095646752703,0.04964560327346576,0.032111143581674564,67931989632.0,0.07074154932441612,271.63041759616385,-1.027111568143778
아이엠티,2023,2023-10,10500,12000,753.50,25.2,"14,000",476,2023-09-06,2023-09-12,2023-10-10,7874611,7530819663,6489775457,4025536676,3145668875,3123605500,-1856477907,-57951499,-738698858,-550600734,48.2,4113702647,5.93065442377163,1.8707616571718946,-0.17957030961844336,-0.13384553557888698,-0.45535198448936587,-69.92100739960361,-9.272235221189417,36.31,3,70.57,2.0976185031592935,-0.09820577249284623,-0.20318741819154118,-0.09391263274919417,4113702646.0,-0.23361775429530662,-15.372666789508713,-39.09963329860613
아이지넷,2025,2025-02,6000,7000,1138.59,0.33,"7,000",146,2025-01-09,2025-01-15,2025-02-04,18234437,12972055470,2939472515,8472645757,1839276677,8187706500,-47554052625,-1732710110,109292111,172235534,-37.8,10798324882,-0.25090411748234637,1.5310513199826206,0.010121209742650156,0.01595020856309887,-0.004190741826653529,9.445618419696753,51.235221826761126,11.02,36,70.31,1.0428307463874853,1.3450910226289468,0.25871101615852904,0.9859522141897477,10798324881.0,-0.2723975473782549,701.2883307008601,36.68667813902631
아이진,2015,2015-11,12000,13500,408,7.50,"13,500",268,2015-10-29,2015-10-30,2015-11-16,10000000,6513148151,799148898,1457070267,405190746,4219242500,-18747486466,291648129,-2030337652,-1975580681,-3.0,60071077,-0.13080802702568145,4.4700302370523906,-33.798922100231366,-32.88738573806493,0.13876777170744656,-197.5580681,-2.6843003333122444,16.28,1,34.78,0.0015401171972959649,-0.2537499944809678,-13.82579292679172,-13.862970740223599,60071076.0,-0.0904485788806351,95.02546059999997,-1.4297472175161965
아이콘트롤스,2015,2015-09,28000,32000,272.96,29.1,"32,000",280,2015-09-08,2015-09-09,2015-09-24,8230000,63284138273,87149659281,73103740762,8187886460,2808865000,70276714702,-6552775383,6453125131,6791310313,3.9,82692025689,1.2218277593145923,0.8656757864010111,0.07803805841290956,0.08212775363058261,0.10207461390682103,825.1895884568652,10.714524967112403,29.89,6,64.82,0.10301916424595414,0.11960499973145344,0.021984969815699133,0.034965485622050006,82692025688.0,0.0012991180833189092,69.65026391251524,2.12504956370692
아이퀘스트,2021,2021-02,9200,10600,1,18.4,"11,000",2853,2021-01-20,2021-01-21,2021-02-05,9860000,17933534126,6375527379,3999146019,1839945732,980000000,20877672354,-4435594825,3228057619,3557803597,81.8,10502220195,0.33515473348574604,4.484340916985157,0.3073690666414369,0.3387668065361869,0.20421236164733175,360.8320078093306,5.72169766899071,44.59,6,72.8,-0.04094029675459243,1.3373833423483972,0.14076303025946862,0.12359095925102745,10502220194.0,-0.011116187603757766,44.18750081135903,-0.7097107854888653
아이큐어,2018,2018-07,44000,55000,642.1,5.71,"65,000",331,2018-06-28,2018-06-29,2018-07-12,6130861,17944481720,37811677227,12619011366,23849332956,2454067000,0,-8746994200,988404153,2041795628,-6.8,8881589452,-5.795132084477316,1.4220196178243145,0.1112868544917291,0.22989079139885468,-0.3244588032100546,333.0357070564803,19.514097109424025,20.76,3,31.6,-1.3848605093814834,-0.29310158804545416,0.11934860456426041,0.22145057767668366,8881589451.0,-0.2840108634273901,278.2490263602453,73.36380946313773
아이티센,2014,2014-12,7000,8500,54.13,0,"7,500",2,2014-12-09,2014-12-10,2014-12-23,4311520,79006773931,48012323617,71280163390,19497745717,1630760000,11601340085,21592455508,-816051087,-1903702635,16.9,63516029656,2.6067212506007413,1.1083977669737493,-0.012847954940189059,-0.029972003056714488,-0.05466552559202389,-441.5386302278547,-44.41044074119345,47.26,1,53.05,0.16970152331627686,0.07636167101916058,-0.05399659217592292,-0.047727467154952415,63516029655.0,-0.140251406329219,-1008.0319038297399,-49.7023810659518
아이티아이즈,2021,2021-11,12500,14300,1601,9.11,"14,300",633,2021-10-25,2021-10-26,2021-11-11,5976990,21683496528,4204221078,14653654969,2390843910,2000000000,8627532590,-1784313863,2864897855,2370272073,40.2,31909430902,1.9274089452248828,1.4797329795106902,0.08978216702763056,0.07428123930757528,0.2680327317657672,396.56617678798193,3.086748350055922,22.59,6,76.22,-0.23210031683576093,0.05061289117592449,0.030296272081030307,0.012704985684587777,31909430901.0,-0.2214226621554256,-132.2185442839958,0.9653159364948207
아이패밀리에스씨,2021,2021-10,39000,48000,63.10,0,"25,000",21,2021-10-12,2021-10-13,2021-10-28,4120276,28601118452,3467291927,10911078138,2457797836,1638250000,12761496982,3713985887,2914270358,2232976435,1.6,39080864648,0.7380519559764299,2.6212916899926615,0.07457026307500442,0.05713733447589611,0.12327533210018435,541.9482663297313,6.416540714442528,1.89,6,63.86,-0.3062281635753702,0.5410706788957178,-0.07221654852504064,-0.0532804336994783,39080864647.0,-0.48050306587956093,-1580.9921463999012,5.120288344586745
아주스틸,2021,2021-08,12700,15100,1776,16.3,"15,100",1420,2021-08-02,2021-08-03,2021-08-20,26452189,241255132245,199984033734,223289870363,64044077139,11226094500,79382989151,11992642393,14477868019,12121973463,121.9,174043623801,2.800478691545393,1.0804571289006262,0.08318528253326804,0.06964905233678748,0.11814590192957944,458.25974791727066,10.630378607887764,62.63,6,77.09,-0.30095957756079184,0.10439364365669046,0.033256482487995356,0.04909912942827349,174043623800.0,-0.01254319967965603,15.603870628627362,6.148487164270564
아주아이비투자,2018,2018-11,2000,2400,40.55,0,"1,500",63,2018-11-06,2018-11-07,2018-11-21,118714050,321640877969,0,182731728698,0,53962000000,84747470923,-17865427,13961478777,10830801901,-23.3,51649080259,1.3175399336138636,1.7601807866688253,0.27031417998130125,0.20969980194589624,0.07809269971506942,91.23437285645633,9.949458183458155,67.09,2,75.88,-0.12233056878861226,0.06452107876590985,0.03696604417654867,0.02264355617402178,51649080258.0,-0.02143347700831895,-18.641347515310954,1.8817377240857187
아진산업,2015,2015-12,6500,7500,11.61,8.70,"6,500",0,2015-12-09,2015-12-10,2015-12-22,12550300,132799707408,344233139942,282758813840,111923875899,3957650000,72733241159,5659266452,26054651289,15146826611,-2.8,245474042834,4.792737514885824,0.4696571809893967,0.10614014821363114,0.06170439218798759,0.18393196868607753,1206.8896051090412,3.1606701121257137,50.39,6,54.81,-0.18311277097085732,-0.18965381125905056,0.016492065110631074,0.012030628394411165,245474042833.0,-0.04822926497427216,36.31655442499391,0.7739782226842413
아톤,2019,2019-10,30000,43000,810.88,8.7,"43,000",653,2019-09-30,2019-10-01,2019-10-17,4215577,17852539370,10462026170,4751349930,9580643579,1435500000,10473073018,652405818,2934995872,2741202038,-0.3,17667710668,1.1409933649377897,3.7573615147306145,0.1661220249274234,0.15515321082119046,0.21823156250718803,650.2554781943255,4.764085757119593,27.06,2,54.32,-0.062457707411135654,1.6443188070473087,0.04022620624769613,0.009054506873368146,17667710667.0,-0.2113879161372468,-321.28770818324506,1.6693350640103857
안트로젠,2016,2016-02,17000,22000,531.1,30.60,"24,000",1443,2016-01-27,2016-01-28,2016-02-15,7463435,13989068141,4120792353,961666941,534178226,3371217500,-5834296012,135075288,-116387065,-40787402,62.9,2739561084,-0.642544284981626,14.546687158085431,-0.04248383643633332,-0.014888298070159038,0.017520337420288728,-5.464963786781824,-142.74795336577995,21.44,1,55.86,0.16098130532820842,4.861785803596943,0.8219759413078235,0.756887777983627,2739561083.0,-0.7381811783672125,184.21356801526375,-134.57418124957292
알리코제약,2018,2018-02,10000,13000,389.27,9.38,"12,000",697,2018-01-25,2018-01-26,2018-02-12,9360575,30182547392,26104457386,27609819738,7479490187,3211662500,17065426225,23863388,7386881327,4656094415,95.8,52317033550,1.7284563664642145,1.0931816172077031,0.14119457518439518,0.08899767626446396,0.22935349973159164,497.4154274710688,2.8696406392126135,59.13,6,71.87,-0.4737391730424374,0.22827598257219184,0.057152625181932384,0.042399438819369015,52317033549.0,0.06988202408704997,257.8343063326772,-0.9519324674721954
알멕,2023,2023-06,40000,45000,1697.23,50.28,"50,000",1355,2023-06-14,2023-06-15,2023-06-30,5971381,138309168279,95246180428,91314889514,65339350852,2473190500,20506241067,7000000000,11276436299,5479090840,99.0,156754943320,5.225390615425741,1.514639825061553,0.07193671893319657,0.03495322523140446,0.18276166536897034,917.558407343293,6.81962867540161,28.66,2,68.47,0.053649641420543404,0.645431860689658,0.15447749858903295,0.19855330353337924,156754943319.0,0.9784994167216996,3186.5777348656866,12.564067016802149
알비더블유,2021,2021-11,18700,21400,1719.61,15.98,"21,400",3706,2021-11-05,2021-11-08,2021-11-22,7930590,30946953263,57003756300,41314388054,12267218738,3555000000,8360325125,539284807,4563907399,3837149098,82.0,24553529760,4.302150535789257,0.7490599454734937,0.18587581678113885,0.15627688301871268,0.30809066835092913,483.8415676513349,7.530631050606029,35.65,1,67.64,-2.698256232979534,-0.4090940111115998,-0.01872520652236856,0.056517870796420594,24553529759.0,-0.12969657747020302,14.93728146329596,3.5796832334744857
알에스오토메이션,2017,2017-08,5250,6000,656.89,61,"6,000",1059,2017-07-24,2017-07-25,2017-08-11,9103140,39128585819,22340166136,33465181570,6417566196,2846000000,17523647644,-2470861,1770974382,1559527321,158.3,19137914479,1.9581873418651319,1.1692327363338433,0.09253748019112987,0.08148888546404921,0.07657061838348163,171.31751472568806,12.188772693946287,40.78,6,70.08,-0.41411937693965317,0.038252281371093266,0.04910561977528257,0.03899607829038624,19137914478.0,-0.0831136897363738,-158.69521571677467,5.664874662363597
알엔투테크놀로지,2016,2016-06,5100,5800,570.26,0,"5,800",1433,2016-06-07,2016-06-08,2016-06-22,6328942,9163814509,12722744126,2114911323,3593332829,2812721000,9541116955,0,2490679625,1696410908,50.9,10255885284,0.46206241111408525,4.33295448813482,0.2428536938576779,0.16540852993417707,0.13731853325090826,268.04020450811527,6.495542148661532,27.08,1,51.53,-0.04350253509379892,0.8320836481735676,-0.0005010213810643926,-0.04399712718901275,10255885283.0,-0.08939591965743318,-64.75783819791678,0.8921789326069982
알체라,2020,2020-12,8000,10000,1315,3.71,"10,000",1322,2020-12-03,2020-12-04,2020-12-21,13368794,9783585911,1124285337,739574206,306397998,5654397000,-19446941242,740913249,-2581797636,-1909334845,160.0,1379541460,-0.08014111068271756,13.228673785034628,-1.871489702092752,-1.3840358556530805,0.14629090004337666,-142.8202757107335,-3.8197800270973676,39.61,3,62.9,-0.005009953602419154,1.4472785755541047,-1.2445349099836935,2.0356375455561366,1379541459.0,-0.5841173761707275,699.0474671836517,1.6440953835994394
알테오젠,2014,2014-12,23000,26000,409,14.4,"26,000",565,2014-11-27,2014-11-28,2014-12-12,5860445,14402056605,664776247,1938484176,1445211579,2201166500,4041215725,5440754872,880002129,806080867,-17.3,3671645010,0.2896221902479315,7.429545612653998,0.2396751664725888,0.21954215748106867,0.06899524162966347,137.5460168980342,13.276260036184526,35.17,1,54.36,-0.08781405117250235,-1.163533725468044,-0.033646646365567856,-0.07101693165331721,3671645009.0,-0.19695842227614213,-136.497882498684,9.279075532465788
알피바이오,2022,2022-09,10000,13000,1556.04,10.98,"13,000",1518,2022-09-15,2022-09-16,2022-09-29,7823942,64918717772,90258202644,80420056339,3770053631,3293971000,30201302328,60343189,6742481495,6041548870,40.8,68070663686,2.5089722290558267,0.8072453654887262,0.0990512084045791,0.08875407617397092,0.18004583128249843,772.1873283314217,10.528291475273823,9.45,6,63.05,-0.35728668665838814,0.11445169121479548,0.047906087630782725,0.05559098623176152,68070663685.0,0.04138593751655201,284.89316791970083,-0.5139967782317605
압타머사이언스,2020,2020-09,20000,25000,830,2.88,"25,000",1251,2020-09-02,2020-09-03,2020-09-16,8466126,5823779568,709292896,426589259,1020431197,3793563000,-31986519581,0,-2019987971,-2020843538,11.0,76405050,-0.05132560155025338,13.6519601587062,-26.437885597876058,-26.449083378651018,0.07167902139649665,-238.6975504498752,-2.517862522459546,27.11,3,49.66,0.0028742600049799505,-2.6526807053342836,-18.36224359694329,-16.768219438606906,76405049.0,-0.08330517359404827,227.37592294279577,-0.4091492716110845
압타바이오,2019,2019-06,21000,25000,856.41,30.5,"30,000",663,2019-05-28,2019-05-29,2019-06-12,10896019,18876621768,530625561,1671100071,1028386842,4334200000,0,-37809847761,-1832811143,-1796542162,29.7,32712200,-0.08064031896479006,11.295925417981746,-56.028366878412335,-54.91963738299472,0.053667136625001124,-164.88060107090487,-9.115920360813739,34.14,3,44.86,-0.01698155847050202,-5.669037177361627,-53.71629192011818,-52.125471764733796,32712199.0,-0.07458873913836815,208.01076705170945,-3.669294455870344
애경산업,2018,2018-03,29100,34100,24.3,8.51,"29,100",2,2018-03-07,2018-03-08,2018-03-22,26122335,147507945161,94136841924,113216403832,12887259345,21322335000,88850345798,416239751,41813596216,32922430093,16.8,440581470694,1.1402920161529715,1.3028849192196978,0.09490548059167263,0.07472495391406471,0.2977009806186927,1260.3172761163962,2.763242924888343,62.83,6,76.2,-0.45151002849435007,0.14601539898565008,0.01602611400271009,0.03220864609230179,440581470693.0,0.03451219027139113,435.4901886067995,0.591383369439153
애니젠,2016,2016-12,22000,26000,93.9,0,"18,000",813,2016-11-22,2016-11-23,2016-12-07,4943165,7619490936,4895631986,4170892589,282409380,2006915500,-860719467,150449002,-74881236,-513662448,-30.0,2107392438,3.4344804081249576,1.826825019684054,-0.03553264909266985,-0.24374313902705577,-0.39614731413366344,-103.91367635917474,-107.66143006774087,20.72,2,36.68,4.65990965733991,0.5231763457582539,0.28232941496744596,0.44768404851862387,2107392437.0,-0.8222468576154214,416.764296558986,-105.04443529463184
애드바이오텍,2022,2022-01,7000,8000,102,0,"7,000",27,2022-01-06,2022-01-07,2022-01-24,9093844,9615826118,10039286685,11416925665,3274541203,3846522000,-16349064167,-826390969,-1253406566,-2814744765,-15.0,7862259945,-1.102223765255446,0.84224303460944,-0.15942064683286175,-0.3580070850735526,0.21117554843138048,-309.52199806814366,-3.9601244078691065,17.43,1,60.35,-0.25703640001615125,-0.47701562068254844,-0.05792579191337795,0.3903059382933942,7862259944.0,-0.4414165593732728,498.1587835683128,5.402896394113949
액트로,2018,2018-08,20000,24000,132.07,1.86,"20,000",545,2018-08-09,2018-08-10,2018-08-28,5000054,46795966106,27382491855,35203171787,2839073332,1882027000,21781334465,-1890929309,12013568692,9269805789,-10.0,46358682872,1.7472666740411176,1.3293110742731722,0.25914387441011677,0.1999583511592568,0.42575885516976786,1853.9411352357395,3.0079499080122294,8.94,6,46.75,-0.3360921003991233,0.2216629289504506,0.10257794028341272,0.12213975392267466,46358682871.0,-0.13061153790297864,437.19011074680384,1.1067703815913619
앤디포스,2016,2016-10,13000,14500,406.09,10.60,"14,500",524,2016-09-26,2016-09-27,2016-10-12,15076923,32908681581,10644596395,8769920425,2446270478,6000000000,26337087073,0,12137201227,9944868506,5.5,35498396724,0.3468522343301914,3.752449279606776,0.3419084338193279,0.28014979333633977,0.3075375491784328,659.6086287633093,2.664295208442621,70.74,6,71.67,-0.08120877623251371,0.810261844147186,0.057458431031603474,0.04069503788237355,35498396723.0,-0.25503779630136636,-252.94404826502068,1.167932665319324
앱코,2020,2020-12,21400,24300,1141,3,"24,300",978,2020-11-17,2020-11-18,2020-12-02,9688732,56696662985,20675333679,37125821054,16682363753,3820290000,17950547759,511814098,12818970491,10026431807,18.9,73994012671,2.4148016650942914,1.5271490670208734,0.17324334805299804,0.1355032852668848,0.4499658241462961,1034.8549022720413,1.8381984632497428,36.64,2,56.88,-2.6177146166328544,0.28299669907092406,0.1081333168708582,0.09427448940039371,73994012670.0,0.07768676949195663,676.2538741911737,-0.023097742794919718
앱클론,2017,2017-09,8000,10000,564.87,21.72,"10,000",799,2017-08-31,2017-09-01,2017-09-18,6800000,11876384469,3372028408,2712611123,651387404,3049418000,-18093987631,537548780,-217978569,-221320268,160.0,2423294695,-0.23188761921219078,4.37821122545032,-0.08995132513175415,-0.09133031506925327,0.015256079816328651,-32.547098235294115,-54.52102197257749,19.35,1,47.42,0.047790718301595564,-4.58751637504953,0.4247179992164279,0.4203705255679935,2423294694.0,-0.09552904766040751,202.25810029411764,-47.061784244272616
야스,2017,2017-09,23500,26500,28.90,7.15,"23,500",0,2017-09-14,2017-09-15,2017-09-29,12930000,67074759584,30132104637,30447094729,6376827385,5655000000,43341119960,164938922,12463249908,11097493777,-18.7,50257046328,0.7490465614743469,2.202993756251994,0.24799009927203536,0.22081468346891667,0.2257374846957024,858.2748474091261,4.8448793495058595,47.46,6,48.38,-0.09123559124147607,0.17364278735674654,0.05450407560983192,0.06338352234583067,50257046327.0,-0.11839288933878042,-152.08100085073465,1.7815644628949157
에브리봇,2021,2021-07,32600,36700,576.74,0.67,"36,700",159,2021-07-13,2021-07-14,2021-07-28,6095671,18582869302,26820420636,5853848983,20819080345,2614212000,2420413937,69758892,1847311705,1732697356,-17.4,10456764649,5.225493418219703,3.174470225652557,0.17666188032420352,0.1657010953350376,0.3394527282025977,284.2504715231514,10.139252925915933,35.66,2,65.29,-4.756226509429895,0.26765717877762985,-0.0868025128877806,0.18404961792155525,10456764648.0,0.998407961603698,432.2424832311324,8.82946147562014
에스디바이오센서,2021,2021-07,45000,52000,1143,11.59,"52,000",274,2021-07-05,2021-07-06,2021-07-16,103271353,1648493636159,183898678713,666486099549,14482315796,46659287500,1012157600832,15537012468,576314729367,437546860320,17.3,1179116264970,0.6338399430931726,2.473410379112945,0.4887683653330514,0.37108033645107286,0.4072651106811153,4236.8657677991305,1.9979081582587277,31.56,6,67.18,-0.40086928843241976,0.60329640097236,0.05093140369868471,0.002424490606938723,1179116264969.0,-0.5062267978221975,-1782.3626164944308,0.971784094803045
에스디생명공학,2017,2017-03,15000,18000,26.66,0,"12,000",2,2017-02-14,2017-02-15,2017-03-02,22064400,42833,18861,12253,1274,4716,36718,237,21286,16618,1.7,79476,0.3246142401190276,3.495715335019995,0.26782928179576226,0.20909456942976495,0.3987905257853183,0.0007531589347546274,2.262848820821197,57.13,6,58.22,-0.19732766269699797,0.7089520689146496,-0.08745115339463355,-0.03592780643110274,79475.0,-0.4134596296735073,-7.564221098239692e-05,1.1160695177588953
에스바이오메딕스,2023,2023-05,16000,18000,854.29,2.65,"18,000",994,2023-04-17,2023-04-18,2023-05-04,10992276,14321769716,3743329932,6762600546,6502801199,5074888000,-45843849195,1632524193,-8433101115,-8589831908,4.6,5319321448,-0.33895271928617554,2.117790281797904,-1.585371592493389,-1.614836025980282,0.21948425983594347,-781.4425245508755,-0.5691498106743619,0.27,2,73.1,-0.05831083298686501,-1.0249084488206326,0.22447132664934988,0.1826649793484545,5319321447.0,-0.04552646243303268,38.4630534204199,0.8346903000719227
에스브이인베스트먼트,2018,2018-07,5600,6300,786.73,5.1,"7,000",974,2018-06-21,2018-06-22,2018-07-06,26617000,33172228465,714491162,8279985815,2315622950,11300000000,9690777923,717700152,7561825679,6148693302,9.6,17961441215,0.48808620891771104,4.0063146491030555,0.4210032807770988,0.342327390569588,0.2832392616726541,231.0062479618289,3.080090952993258,45.04,6,47.73,-0.08880890984250034,-0.09488807165212076,0.1811162168583094,0.1463072762242635,17961441214.0,0.1613834916736919,151.60984667693577,-4.23761182362207
에스비비테크,2022,2022-10,10100,12400,1644.01,26.26,"12,400",1657,2022-09-28,2022-09-29,2022-10-17,5944490,6084660818,10961762683,6155120503,4157993076,2345245000,-11643784836,2821704061,-404045587,38874041,150.4,3983248247,-1.5923074070841328,0.98855267172013,-0.10143620531417007,0.009759381938918356,-0.006002011221289612,6.539508183208316,-16.66472828473189,37.46,2,65.9,0.07608768597998106,-0.1666736206794418,0.22708121790009667,0.4251254197003589,3983248246.0,-0.43171371660198665,480.2427047568421,-13.703303883196861
에스씨엠생명과학,2020,2020-06,14000,17000,1,6.8,"17,000",814,2020-06-02,2020-06-03,2020-06-17,11741474,19200466341,16987795598,14418492690,6697933239,4586323000,-94581766871,693434105,-2852072689,-2637587806,112.4,11078709,-0.2364608140884156,1.33165558660071,-257.43727802580605,-238.07718083397623,0.0295355929044747,-224.6385595198695,-5.284520295758844,26.24,1,62.43,0.04145804715715448,-0.09900151907211319,-185.02030089763,14.468224358731362,11078708.0,-0.4594378898104575,3399.587286485496,-3.90357845114192
에스앤디,2021,2021-09,30000,32000,173.11,0.01,"28,000",4,2021-09-07,2021-09-08,2021-09-29,4090110,37258689402,11144234387,10507547233,559099083,1518210000,34482421773,0,2542443001,2024409973,-22.5,14964151599,0.3074014474462595,3.5458978747185994,0.16990224832859233,0.13528397915557633,0.05623262352074279,494.952451890047,14.685197449191508,26.6,1,40.01,-0.005993288633547922,0.10806532735385632,-0.0003402701986902623,6.987190613227945e-05,14964151598.0,0.0030278375194929402,52.9844828134207,-0.8296986653157727
에스앤케이,2019,2019-05,30800,40400,317.3,11.59,"40,400",185,2019-04-17,2019-04-18,2019-05-07,21081100,117344126206,11418796284,12080856840,3072646902,17391025700,77652788099,2199389248,32033239835,24585582147,-16.7,61790852819,0.15583098116046162,9.713228768465399,0.5184139459740574,0.39788384567238416,0.2528257130230191,1166.2381065029813,3.5466103126998925,33.13,1,75.68,-0.08665709556148185,3.356462163631649,-0.02822332079129175,0.032150407677449366,61790852818.0,-0.09823309964213289,-47.34477916237779,1.2127670790863014
에스에스알,2018,2018-08,6600,7500,928.44,37.02,"9,000",1231,2018-07-19,2018-07-20,2018-08-06,5662567,7191899434,5330437070,3999123568,660000000,2099983500,2740354486,332446943,-1349324693,-1336286979,160.0,1902331383,0.9006992619932295,1.7983688955119579,-0.7093005482946396,-0.702447003157073,-0.2583302799829202,-235.98607822212082,-5.827517258664739,52.54,30,74.92,-0.32035083557559907,-0.406313125779477,-0.9418405462106472,-0.9245270114081869,1902331382.0,-0.7586039589705842,-680.1620125642663,-9.292588604238686
에스에이엠지엔터테인먼트,2022,2022-12,21600,26700,44.73,3.46,"17,000",6,2022-11-17,2022-11-18,2022-12-06,8945226,25478957507,18109617995,13606680266,2675252246,3574465000,-44714824259,422471978,1979950427,-17791430141,37.9,31910254166,-0.39987174186214625,1.8725329771043508,0.062047466519699924,-0.5575458612284122,0.4369438428427973,-1988.9302004219905,13.791579131289028,7.45,1,73.04,2.038982532325271,0.5874177250203054,-0.02547718714529009,-0.2686314406332734,31910254165.0,-0.005163775923539782,-749.5150451201569,20.542992408869054
에스엔텍,2015,2015-06,5600,6300,189.14,19.88,"6,500",23,2015-06-10,2015-06-11,2015-06-26,6500000,13839,18260,12854,5150,2700,12759,-1364,1006,838,100.0,6239,1.2773323873714082,1.0766298428504746,0.16124378906876102,0.1343163968584709,0.05945370698829372,0.00012892307692307693,14.010934393638172,57.22,6,60.73,-0.050066526328048644,0.01947762799744912,0.04179207183481677,0.0273396526724244,6238.0,-0.20254086150899053,-0.0004053846153846154,10.592677560218883
에스엔피월드,2017,2017-09,4300,5100,534.27,4.97,"5,100",624,2017-09-14,2017-09-15,2017-09-28,7876580,11020374448,8299186936,5555467627,1751282304,2908290000,8721141453,0,1538191990,1219861241,3.3,13087204107,0.628298121067226,1.9836987969185766,0.11753404145177668,0.09321022511962876,0.104894314561295,154.8719420103649,7.809695753909107,40.57,3,75.24,0.16082638201123667,-0.2001030460218065,-0.056616733171291844,-0.04872617391545289,13087204106.0,-0.2642803069896065,-334.6311272151112,5.552680510044416
에스엘에스바이오,2023,2023-10,8200,9400,235.14,6.8,"7,000",345,2023-09-18,2023-09-22,2023-10-20,7674103,6251703687,5579586766,1411453023,2728117333,3432801500,3865448707,191667011,677048172,990121873,-10.4,4416778965,0.5526857287623496,4.429267984925348,0.15329002817780807,0.22417283745599437,0.13219396746074957,129.0211863197562,11.360668878668799,14.77,2,40.87,-0.22346797420857312,1.4644787219501576,-0.07213521332063835,-0.03866847989054284,4416778964.0,-0.3023541673634664,-239.236012339162,8.594207305549075
에스오에스랩,2024,2024-06,7500,9000,1072.3,4.3,"11,500",2229,2024-06-03,2024-06-10,2024-06-25,17529140,23078483720,2760453200,4507111169,1458076876,1546914000,-59294554272,3423101194,-8326528029,6020142042,25.4,4103272029,-0.10980651002735785,5.1204602803530275,-2.029241047181861,1.4671564545203104,-0.11081809701792754,343.4362462733483,-2.3867990122392944,19.4,36,72.33,1.1057192287429836,4.936507883921166,2.083181004998905,10.162311968069053,4103272028.0,-0.4416024983081515,1502.287590720366,-8.45717452500155
에스와이스틸텍,2023,2023-11,1200,1500,1114,5.8,"1,800",1001,2023-10-23,2023-10-27,2023-11-13,30610000,45413266606,18504174789,30232858348,5700461753,11700000000,14641050741,1643070553,7415958936,5666583221,125.8,63366010569,1.2840610474592378,1.502116210226091,0.11703370418001421,0.08942622661765318,0.20249280516858525,185.12196082979418,3.773500033576777,55.54,6,77.46,-0.0678752415843229,0.12483102257655965,0.03374164200991922,0.03015157749441516,63366010568.0,-0.06323894107517974,-8.621206893172172,1.0954299642510241
에스와이패널,2015,2015-12,7000,8000,4.88,0,"5,000",363,2015-12-14,2015-12-15,2015-12-29,6200000,83179627279,110793877426,111411123634,44578961807,2000000000,32121171926,3862247338,10444531113,5002393123,22.2,186462491858,4.106794187137454,0.7466007393683226,0.05601411312766325,0.026827878750057457,0.13169938936332617,806.8376004838709,3.636680177698275,25.0,6,57.52,-0.6652001203829823,-0.09714419796241036,0.018496676513003123,0.007289634391603742,186462491857.0,-0.021219291990148076,55.721599516129004,0.23109430935398434
에스제이그룹,2019,2019-11,32000,38600,946.62,12.61,"38,600",512,2019-10-31,2019-11-01,2019-11-18,3294600,36398659308,11902105957,14561668961,3683959421,1225000000,14591759761,-29705977,6708888261,5389815988,20.2,52520076245,1.1557335923243472,2.4996213967976635,0.12773949964778844,0.1026239178111079,0.3414073367801228,1635.9545887209372,4.479898265367756,51.24,6,66.88,-1.3643424144221201,0.5542067544210394,0.014507440499241048,0.051180395934077326,52520076244.0,0.01058980596746445,564.3333330298062,3.1065750164444683
에스지이,2018,2018-01,6300,7200,17.03,0,"6,000",0,2018-01-11,2018-01-12,2018-01-26,12600000,43926142020,61635632773,70632403417,11743785490,1000000000,23502580743,-1413604857,5585139083,3657177310,-12.3,64759798681,3.567771447019822,0.6218978810712215,0.08624392287739824,0.05647295674921525,0.15839495558646796,290.2521674603175,4.151299643830194,49.66,6,62.57,0.6693052686374585,0.10792532631919438,-0.1302698338480766,-0.11330688140292165,64759798680.0,-0.21771063512779734,-285.1070422222222,2.055922831086763
에스케이디앤디,2015,2015-06,20200,24300,570.59,36.7,"26,000",575,2015-06-04,2015-06-05,2015-06-23,9870000,233630780625,139440844897,150232534612,100096795561,8570000000,69202936834,136268526,6366115823,6437850631,160.0,45673675515,3.2130905329644603,1.5551277306769107,0.13938260390078003,0.14095319806013207,0.08263273385028401,652.2645016210739,19.280562710710832,59.98,6,76.04,-0.36958968606903,-0.19104783618361965,-0.004568327540069916,0.03160433594410064,45673675514.0,-0.1742844981757165,-1284.987380141844,14.506983983094024
에스케이바이오사이언스,2021,2021-03,49000,65000,1275,58.54,"65,000",335,2021-03-04,2021-03-05,2021-03-18,76500000,293143944185,232708478444,147236438323,125159250466,10200000000,43140085148,-1102839631,26798675323,23011427658,160.0,158601808833,5.2145875245346165,1.9909741604990154,0.16896828302392,0.14508931409622142,0.4405176312466782,300.80297592156865,9.457808297803078,68.43,6,74.43,-0.21925797417814952,-1.7608060113522366,0.045032193995989636,0.0652937932253575,158601808832.0,-0.02521459026738404,108.94147566013075,-0.7513894197071362
에스케이바이오팜,2020,2020-07,36000,49000,835.66,81.15,"49,000",323,2020-06-17,2020-06-18,2020-07-02,78313250,98680712282,40392422972,145640745107,6457652570,32500000000,-498947611145,7382811247,-79258736469,-71519466822,159.2,123852416023,-0.3313222832828718,0.6775625338190958,-0.6399450169327441,-0.5774571794281226,0.15579383746671704,-913.2486114674082,0.16433850706280806,75.0,6,80.0,-0.2360581173772653,-1.9558633580444644,125.9628338734597,125.10897109881348,123852416022.0,-0.2006666526219792,850.1372614723562,0.5858180600902033
에스케이아이이테크놀로지,2021,2021-05,78000,105000,1,57.9,"105,000",288,2021-04-22,2021-04-23,2021-05-11,71297592,566775183,1424853888,272644813,510733673,62741592,151517495,-16406114,125218840,88162352,47.1,469309226,3.959397092304496,2.078804202301109,0.2668152106602737,0.18785556966655498,0.4455952855456966,1.2365403869460276,9.649111787012242,61.2,6,76.0,-0.16793816740592815,-3.044525249041995,-0.03943840396800635,-0.05425539510903796,469309225.0,-0.23520975616195283,0.343324245789395,4.756057888084346
에스켐,2024,2024-11,13000,14600,283.9,0.43,"10,000",75,2024-10-28,2024-11-01,2024-11-18,7781835,9892700225,19559810576,9666140750,1475441556,2886667500,-1744787133,-5774939245,1651012511,582704454,-29.1,16092531845,-2.404800499925786,1.023438462242545,0.10259495068285199,0.03620961944413042,-0.12577100126375731,74.88008342505334,11.090726674087572,29.31,24,63.9,2.6106630451506145,0.7475875752433794,0.02378651860656425,0.07150915809327507,16092531844.0,-0.2649759840750766,185.59857180215207,12.974824416437517
에스트래픽,2017,2017-12,8000,10000,605.02,13.4,"10,000",1611,2017-11-20,2017-11-20,2017-12-05,11850592,51761170657,14747697062,41286502133,4514545936,4628346000,20893944650,-1612125000,4479031237,3477925240,50.0,50755633667,1.9155470831712953,1.2537068529142281,0.08824697700330654,0.06852293999161037,0.1454580152605509,293.4811391700938,4.623280918190212,32.72,6,58.92,0.35490343394303303,-0.450285425577279,-0.023820687867453727,-0.023979202668878735,50755633666.0,-0.33342581630936347,-399.2619622715895,2.8507971002947796
에스티팜,2016,2016-06,24000,27000,717.41,60.03,"29,000",236,2016-06-09,2016-06-10,2016-06-23,18656000,92889038,136668228,75913298,23851399,6910200,82751257,0,8663954,9674805,68.3,30891335,1.1126820859045377,1.2236201093515922,0.28046550917919216,0.31318830992574453,0.10790372277800482,0.5185894618353345,14.980754630045357,32.6,6,58.41,-0.32252018440654306,0.33863448565545395,0.0307656476015353,0.1307295163692378,30891334.0,-0.1896523620113107,-0.8315834584048026,11.76436202812399
에스퓨얼셀,2018,2018-10,10600,14000,942.85,37.53,"16,500",857,2018-09-18,2018-09-19,2018-10-15,5744316,24122140021,1388689504,15478917110,972235286,2213808000,6491020077,257952612,2186980909,1741641126,104.5,14940372958,1.8354964789209292,1.5583867947336014,0.14638061011917075,0.11657280115403128,0.19431928398488119,303.1938225543302,4.142549709381116,47.25,6,63.32,-0.20740681236431646,-0.08292209534463613,-0.01524294655499292,-0.020862236465580483,14940372957.0,-0.2884667698046515,-182.3710358204528,2.299537118135492
에스피시스템스,2019,2019-08,4300,4900,1,13.06,"4,900",786,2019-07-29,2019-07-30,2019-08-14,8145700,18537986759,24965149355,12714486878,10779508367,672570000,18252237341,-4973943406,475701372,455276128,159.2,6397721286,1.6840530704380352,1.4580208337842133,0.07435481333658085,0.07116223224607662,0.032634260510404724,55.891590409664,42.06239890558903,73.04,6,76.23,-0.42848873891713324,0.42074161220510375,-0.014233471736851896,0.002153746979273327,6397721285.0,-0.20519689772561323,-341.20983033993394,37.32808390557735
에어레인,2024,2024-11,16000,18500,1000.1,0.49,"23,000",418,2024-10-15,2024-10-21,2024-11-08,8174789,21556408879,31567191877,14188590024,3098669063,706147700,-23499202461,143609287,672094098,1068987651,-23.5,9497688650,-0.7632530830321907,1.5192777324975444,0.07076396403034332,0.11255239989363096,-0.047197078278456046,130.76639054537065,53.320423100933105,19.34,24,65.01,-0.3069416595078516,-1.405896744532119,0.05607601960429022,1.0340161265852261,9497688649.0,-0.6645540567083654,1973.0574724313988,-88.69030546353162
에어부산,2018,2018-12,3600,4000,23.89,0.4,"3,600",36,2018-12-13,2018-12-14,2018-12-27,52070000,104867,186445,120636,27078,50000,110569,0,30291,26428,45.0,496364,0.9199409599611382,0.8692844590337876,0.06102577946829343,0.05324318443722752,0.16458967795776272,0.0005075475321682351,4.740616024561751,44.38,6,46.38,-0.13208897684373333,0.11817154257091378,-0.0003497575587533275,0.0025645674165191493,496363.0,-0.040050383008641055,-3.910120990973688e-05,1.1967253306652554
에이디엠코리아,2021,2021-06,2900,3300,1515,12.22,"3,800",2345,2021-05-17,2021-05-18,2021-06-03,21836250,18889317489,1846578357,5903072327,419672905,1720125000,9058790527,-941484422,3530521258,3561501286,160.0,13120162537,0.6427232032950537,3.199912933914489,0.26909127444447606,0.2714525278140615,0.36203570301903526,163.1004080828897,4.082442665184485,34.0,2,80.1,-0.55157041338,-0.044100186338172254,0.18572175059216156,0.2074452580638707,13120162536.0,0.2200093329892367,133.18391349247239,-8.796148260589906
에이디테크놀로지,2014,2014-12,16000,18000,33.19,15.8,"15,000",12,2014-12-01,2014-12-02,2014-12-16,4009695,26125192635,4167057402,10216314416,650673496,1489847500,15223157940,215298648,8116440439,7910209285,-6.7,51917711912,0.6419419131124483,2.557203270299194,0.15633278394004121,0.15236051423852665,0.4672771261598098,1972.7708179799213,2.3933228206370383,36.35,6,53.5,-0.5856302225027145,0.7573672037408741,0.06064716247359633,0.08227365563169364,51917711911.0,0.12635548569411442,1208.8845807474136,-0.29304988230786
에이럭스,2024,2024-11,11500,13500,973.12,0.33,"16,000",540,2024-10-11,2024-10-17,2024-11-01,13237930,23108503938,15621093792,5963315978,1852285197,2338586000,3435003505,1685014536,2194565338,1781602847,-38.3,23851996357,1.047863800255059,3.8751097582708036,0.09200761668555038,0.07469407676968479,0.23886545487687996,134.58318989449256,14.086614793238843,24.26,18,65.38,-0.5147279203383546,0.21023824198230523,0.00034377744598645954,0.0024919580304204603,23851996356.0,-0.49683874013547813,-164.55475546403406,8.380000710922818
에이비엘바이오,2018,2018-12,13000,17000,60.08,10.99,"15,000",0,2018-12-06,2018-12-07,2018-12-19,44587000,76130822424,7358942812,7062372071,492850035,19293500000,0,56641043130,-17122390800,-110275397208,-9.0,754993284,0.09949651100244922,10.779780739195779,-22.678865048023393,-146.06142802192133,-1.4522428484123284,-2473.2634446811853,-4.434809602056274,32.92,2,48.98,1.3364767229155898,3.7595803693160343,112.41780490920326,900.2193801258322,754993283.0,-2.3217017149735213,-797.1169437504207,-13.34228382826808
에이비온,2021,2021-09,14500,17000,139.36,4.3,"17,000",31,2021-08-24,2021-08-25,2021-09-08,15259371,8634090004,5310017636,5668499056,37218525918,6455485500,-88222507214,-19271929,-2354540930,-12191497379,-7.6,278078547,-0.524379123489852,1.5231704051994113,-8.4671793469922,-43.84191988388087,0.14906528754336645,-798.9515019328123,12.29238233458953,17.27,1,39.92,-0.0459724248427672,0.22324603338324,-3.024533756423182,-38.57780699005711,278078546.0,-0.0012461101740798564,-111.13263141711411,10.44600029913364
에이스토리,2019,2019-07,11600,14300,614.25,3.56,"14,300",131,2019-07-03,2019-07-04,2019-07-19,9318240,10803134230,8719415361,4114015608,1306792348,3696070000,4252312334,8064413,987154886,1367143448,-20.3,12755797290,0.6813101536868742,2.62593418678153,0.07738872479369731,0.10717820430337052,0.17182839167691094,146.7169173577843,14.285237134509812,13.44,6,46.18,-0.32333330284836936,0.5216656013489791,0.05186829805945198,0.05722848397541225,12755797289.0,-0.1775544337994992,-102.25367075756796,3.4987425019367357
에이에스텍,2023,2023-11,21000,25000,630,5.53,"28,000",1356,2023-11-07,2023-11-13,2023-11-28,5663710,22970762367,25621398578,23030331484,2723637931,2388750000,9767569953,15796384,8321169694,6451946030,150.4,34800460815,2.115816896747427,0.9974134494311823,0.23911090540540592,0.18539829297947186,0.530059510718592,1139.1730914895006,2.7445890866121303,36.69,18,77.49,-6.963079084845333,0.32282665031962565,0.09868996454047607,0.12820615018696763,34800460814.0,-0.008658645912856255,814.3845786595712,1.8966243614271274
에이에프더블류,2019,2019-07,19500,22500,866.03,13.72,"22,500",552,2019-06-12,2019-06-13,2019-07-01,10313056,15329145291,22375866886,9741845794,5577778730,4010000000,20900844372,-2742175719,2049042260,1676625638,-3.3,6506802237,0.6910484686200068,1.5735360233726154,0.3149077204695748,0.2576727518267127,0.07563041625294484,162.57311489436302,10.924805256578749,51.8,6,62.93,-0.02925835957502987,-0.02331936432039372,-0.02906992677978093,-0.029592620360520683,6506802236.0,-0.3331787284212818,-682.2537355561727,8.861201391264625
에이엘티,2023,2023-07,16700,20500,1835.71,15.64,"25,000",2512,2023-07-11,2023-07-12,2023-07-27,8489671,13507731122,170372203708,62708027046,51818741213,3781335500,34921645468,5441377542,8025839545,14260090631,-9.8,44318854365,2.5943692948455985,0.21540673113653042,0.18109311849311382,0.32176126471043537,0.3230331374680565,1679.6988518165192,8.641235123396676,0.12,6,54.35,0.7056625466537481,-0.3566010695770906,0.04745693614168156,0.18596636674165837,44318854364.0,0.13437306136431812,1010.4262854237815,-1.3468808781823096
에이제이네트웍스,2015,2015-08,30200,34300,174,20.06,"34,300",83,2015-08-04,2015-08-05,2015-08-21,9364459,164694392112,1320511285353,615674385340,576651043759,34082240000,120173303886,104020572771,18504184591,7058099711,3.5,237627842262,4.616475749023481,0.26750242666186147,0.0778704398224428,0.02970232630912833,0.027327728952860984,753.7114221974809,15.827784624913981,49.75,6,80.07,-0.01748165718436301,0.01289086211183077,0.0017415621386064062,0.001953275437019935,237627842261.0,-0.08528026156883516,-2242.559398893198,12.147796474007237
에이직랜드,2023,2023-11,19100,21400,490,27.18,"25,000",760,2023-10-23,2023-10-27,2023-11-13,10597676,40705169,27845151,33316213,3888601,3954495,3147431,1509443,2482194,2327401,21.2,35634471,4.32042965526155,1.2217825897559245,0.06965710252861618,0.06531319070233987,0.2702707316339597,0.21961428147076775,12.628145100664977,24.28,18,81.15,-17.272765024005828,0.30179290095366706,-0.09478151690191619,-0.008643386917262269,35634470.0,-1.2967654844526386,-0.2662977241425384,12.341137135150328
에이치디현대마린솔루션,2024,2024-05,73300,83400,201.13,45,"83,400",255,2024-04-16,2024-04-22,2024-05-08,44450000,597262316831,59355829665,387790345478,28860949538,20000000000,198358444164,1608407316,201472478355,151116175331,96.5,1430463166385,1.894154924765485,1.5401680928770922,0.140844226603997,0.10564143060942546,0.6869952191170946,3399.688983824522,1.1910651689962928,55.79,6,89.77,-0.18700256879072796,0.0949539517224749,0.034418556807114656,0.026973999644451907,1430463166384.0,0.04016668179915528,1039.1376271091112,-0.09260061454275448
에이치브이엠,2024,2024-06,11000,14200,837.2,5.89,"18,000",960,2024-06-11,2024-06-17,2024-06-28,11918376,47459967,37740826,38880929,15938588,4723188,-1217158,0,3728072,-6055728,12.2,41457405,15.635780926004626,1.2206489973529182,0.08992535832862669,-0.14607108187306947,-1.7272322256227128,-0.5081000968588338,8.14932651515314,47.66,12,71.71,5.948407671504473,0.41244479566406134,0.056201279942163306,-0.13406387149969004,41457404.0,-1.661117583610189,-0.4723478265830849,2.6130603970641157
에이치비인베스트먼트,2024,2024-01,2400,2800,839,21,"3,400",893,2024-01-08,2024-01-12,2024-01-25,26867010,14443422810,50902859284,3967318781,3207548435,10000000000,46785735919,1385678959,10934327329,8787523756,97.1,17711892944,0.12334008431886159,3.640600518206757,0.6173438019059427,0.49613690551222656,0.15106257556962702,327.07486824920227,5.320072568498832,56.2,6,69.46,0.023070941317742816,-1.558159965263409,0.03409573931502452,0.027063369111662627,17711892943.0,-0.001794729614789159,48.97158626881071,0.05867126033380643
에이치시티,2016,2016-10,19200,22500,95.67,11.60,"17,000",127,2016-09-28,2016-09-29,2016-10-17,4579934,16154854303,23183279008,14031300351,3257178944,1704690000,20354293431,-9329415,3627817779,3053963954,3.2,14467989015,0.784070320670559,1.1513440592730706,0.2507478942124425,0.21108420464196764,0.13850393987061824,666.8139658781109,6.077938683590094,38.21,6,45.4,-0.0977340503106836,-0.0020835503994451887,0.031079798891084504,0.01094268207743751,14467989014.0,-0.12229991586308256,-401.79707327660174,2.584475206712013
에이치엔에스하이텍,2024,2024-10,22000,26000,251.27,0.3,"22,000",133,2024-09-30,2024-10-08,2024-10-25,8036064,66531,35609,7337,2823,3756,78589,9635,5622,6541,-22.8,35031,0.11045879539030223,9.067875153332425,0.1604864263081271,0.18672033341897176,0.07111328549684715,0.0008139556877595799,16.360725720384206,16.85,12,31.76,0.007671058673994091,0.362086441320848,-0.012768117340696022,-0.1874354913898474,35030.0,-0.27521646261861527,-0.0029365122029889256,10.125128127950845
에이치엔티,2016,2016-11,14000,16000,132.1,0,"10,000",996,2016-11-14,2016-11-15,2016-11-28,6930100,46249665738,40124832355,43389970815,7223062951,2655300000,31707090773,1258359754,6922489216,5209866326,5.5,107210019522,1.420886225506003,1.0659068183104516,0.06456942407868392,0.048594957348467895,0.14625930809770554,751.773614522157,5.165983392844335,38.85,6,41.38,-0.5390566034008788,0.12057146627639248,0.046287785080555345,0.03772542048800691,107210019521.0,0.09580304688750421,528.6858983275855,-6.671808983551132
에이치엘사이언스,2016,2016-10,23900,30700,274,5.60,"27,000",174,2016-10-12,2016-10-13,2016-10-28,5146952,9224280130,8167233021,2688319493,175375672,1463830000,13063987986,0,2975679155,3532940206,41.5,23705271943,0.1971180508841488,3.4312439998365925,0.12552815939657241,0.14903605470104098,0.24318450364704342,686.4140574848959,4.882185621924014,37.44,6,72.51,-0.15682487762729852,1.7591249217547202,-0.019302796399599975,0.025114670458008387,23705271942.0,0.03540549671091969,272.3950775138373,0.7642154838077486
에이치와이티씨,2022,2022-08,13000,15000,1480.78,6.6,"15,000",432,2022-07-21,2022-07-22,2022-08-09,10076847,17248889410,18915796365,6414005985,12755166323,3762023500,7467719551,290249835,7358783978,7479105747,5.7,35745325285,1.6639916793087506,2.6892537129430196,0.20586703070479556,0.20923311474629375,0.64922833034812,742.2069370508453,2.3095546108990566,37.93,5,61.0,1.994588848228797,-1.228141499131636,0.0168334419728072,0.0486747354343042,35745325284.0,0.7472842386912942,380.97801703251025,0.11225917663047724
에이치이엠파마,2024,2024-11,16400,19000,1220.68,0.2,"23,000",672,2024-10-14,2024-10-18,2024-11-05,6962039,9321580294,16569242591,8124966266,1809527794,3122064500,-45823565448,8021439413,-1736644303,-1727931386,-28.7,2588352001,-0.2864612581489758,1.1472761841495134,-0.6709459541550199,-0.6675797516459973,0.04982492272270416,-248.19329308554578,-9.188023590919528,25.37,36,70.31,0.027638451398607544,-0.12601926028750854,1.5298717079849222,1.51550702856396,2588352000.0,-0.3009484064013936,1427.537805232059,-7.7105453736242655
에이치케이이노엔,2021,2021-08,50000,59000,1871,13.49,"59,000",388,2021-07-22,2021-07-26,2021-08-09,28904499,304453914367,1378800009196,372336578255,559367152797,11094460000,38834985536,565832814363,13034622711,8316499130,16.1,186838260894,1.5130900214716343,0.8176846760365575,0.06976420487233612,0.04451175626558763,0.013506022813681547,287.7233447291371,57.65799357404968,42.16,2,72.0,0.07848600731644662,0.07102715353946909,-0.07566109332655163,-0.002103296674516801,186838260893.0,-0.03241874036376756,-677.4075661716192,49.11799729504166
에이치피오,2021,2021-05,22200,25400,252.13,1.79,"22,200",95,2021-04-27,2021-04-28,2021-05-14,19938160,41435867137,48750151861,15795668644,3216109376,8473718000,49494560899,10513707494,25670235517,17080800418,-24.5,142787383616,0.2776172103258868,2.62324236288278,0.17977943755896042,0.1196240170905829,0.24942034128475488,856.688902988039,2.7726368513785227,70.03,2,73.49,-0.7613219444088831,1.7596076736298045,0.012949753433009248,-0.030151028172303362,142787383615.0,-0.008299071586077844,416.4568533405289,-0.9878848377451357
에이텀,2023,2023-12,23000,30000,136,0.71,"18,000",1622,2023-11-09,2023-11-15,2023-12-01,5345180,19674139,18381047,27933063,6510322,2337840,-46381629,3955106,-5922868,-8387901,68.9,47971262,-0.8591797590357358,0.7043316015862635,-0.12346700405755429,-0.1748526232226286,0.20923363833129663,-1.5692457503769752,-0.6098060939396251,33.68,3,74.84,0.3338131558898306,-0.04262862685711599,0.019089497264240862,0.04939644189252121,47971261.0,-0.15192648971995223,0.6808837120545985,-0.20944017032451223
에이티젠,2015,2015-10,12500,14500,695.79,40.60,"17,000",1167,2015-10-07,2015-10-08,2015-10-23,10072552,15748226073,1955198352,1816908028,7988658660,4517539500,-15088863699,18469181936,-2979565410,-2326575279,51.8,979275828,1.2415476467830937,8.6675967249345,-3.042621215398773,-2.375812015856272,-0.2945830827137372,-230.981709401947,-2.650674393820406,12.88,1,43.0,5.435094410677903,4.913943412760092,-0.02358729091388234,1.1043058739588627,979275827.0,-2.732419804327101,348.83035749033616,-3.1235221671333093
에이프로,2020,2020-07,19000,21600,1,10.46,"21,600",1582,2020-07-02,2020-07-03,2020-07-16,6345954,48668106464,9216185277,32334028590,954011383,2468499500,5425811882,7618251336,2191351989,2273414177,159.7,16657084545,2.1458762538554783,1.5051668037137713,0.1315567549098971,0.1364833186058611,0.14655310140097252,358.2462427241042,11.224235947244713,42.62,6,55.49,-0.21603758923641658,0.04463459948431381,-0.022582904537075205,0.023976627570247655,16657084544.0,-0.4813040766766469,-835.9444589418708,9.186814480301269
에이프릴바이오,2022,2022-07,20000,23000,14.43,25,"16,000",4,2022-07-13,2022-07-14,2022-07-28,10848445,59395196333,1981262105,4045276475,165685661,9179845000,-69266494314,0,4446348228,-52713117002,36.6,23395944000,-0.07008149371076446,14.682604934437762,0.1900478231611428,-2.2530878430038985,0.8772850142888232,-4859.048186352975,12.856729471167277,20.51,3,58.41,2.0229839154506264,14.137837699519354,0.1900478231611428,-2.2530878430038985,0.0,0.23272518360297467,-3916.972603170316,11.357166897038878
에이플러스에셋,2020,2020-11,10500,12300,3.66,1,"7,500",24,2020-11-05,2020-11-06,2020-11-20,22607693,96829059760,134635529101,60650167028,78060960600,10730769500,45523594035,18145448931,12017792250,9926864433,-8.3,139606055553,1.8644015761651234,1.5965176108302803,0.08608360290959993,0.07110625963664856,0.13342593353358898,439.09232282126266,7.718011703272704,27.29,6,36.58,-0.8692293366688977,0.031284081615947645,0.008568674737785636,0.01399345817431312,139606055552.0,-0.10543095112884918,-241.4120363364807,4.3481939416007265
에이피알,2024,2024-02,147000,200000,663.18,25.7,"250,000",1113,2024-02-02,2024-02-08,2024-02-27,7584378,191325551103,56713587286,70508188696,8856049886,3637689000,99630009765,4317075020,69834074349,57440565991,27.0,371789961905,0.7376902491852927,2.7135224240110722,0.1878320597769233,0.15449735570235015,0.5339098087038842,7573.53681356599,2.41536673005841,1.59,6,64.52,-1.0419792849149876,0.916875804418914,0.08919322421366696,0.07917722006023907,371789961904.0,-0.10175061230341198,3624.0136894548236,-0.11509871402381489
에이피위성통신,2016,2016-03,8700,9700,271.55,7.80,"9,700",870,2016-02-15,2016-02-16,2016-03-04,13097740,32636230895,8667270718,4226311775,532013112,4871000000,15962255372,29598172,7626181629,7773375238,10.8,27205303669,0.2280764171097035,7.722154122195588,0.28031966567202515,0.2857301404379336,0.3725940567816316,593.489811066642,4.792067446575104,23.78,6,57.6,-0.34095739120835467,3.8734398224421325,0.03224087131402245,0.08203150033461201,27205303668.0,-0.15596958439250064,55.834809364058174,1.4261558581257017
에이피티씨,2018,2018-08,11500,13000,20.99,8.7,"9,000",22,2018-08-07,2018-08-08,2018-08-23,23694595,34104006006,5652284609,8580504170,712230770,2139459500,18332519641,8833322762,7832371508,6498485342,-11.3,20289187000,0.317100808951185,3.9745923235184444,0.38603673513384246,0.3202930379615507,0.22175118220961737,274.2602412913156,3.8894421241235126,30.24,1,42.76,0.0682355161661744,-0.3315910417036454,0.07743324211283958,0.05644629850575983,20289186999.0,-0.25441625838442167,-183.6479951651421,2.002648438691618
에치디프로,2015,2015-10,7800,8900,362,6.21,"8,900",843,2015-09-23,2015-09-24,2015-10-13,5744821,30652875560,10019143338,15253458270,3359813754,2282795500,19375201310,282910,2697522355,2032871319,-2.8,37832698088,0.8594067610463016,2.00956891331896,0.07130134754665082,0.05373318377323975,0.09386116281076455,353.8615596552095,8.177410219831152,35.64,6,72.34,0.0821705615400149,-0.2708598510325846,0.014718022783698007,0.013406761876838293,37832698087.0,-0.07498559975685963,-109.87832223144983,2.6325294322131185
에코마이스터,2018,2018-03,6000,8500,15.54,0,"5,200",213,2018-02-26,2018-02-27,2018-03-15,10788540,36266922724,73593566626,46167480401,11667013200,4874170000,18751330604,28400495145,3222913032,574984385,16.0,19421081745,1.1116460678623656,0.7855512670172585,0.16594920274354677,0.029606197664454555,0.011051866989226283,53.29584772360301,16.142537894271047,14.09,3,23.96,-1.0415340030252798,-0.05609945290755425,0.09261138918743107,0.017708070521827636,19421081744.0,0.0029707235129564167,27.9738614307404,-3.9334918247127746
에코마케팅,2016,2016-08,27000,31000,941.86,0,"35,000",1103,2016-07-18,2016-07-19,2016-08-08,8133000,39696469243,1009247172,13210312565,135107039,700000000,26677587539,117816311,1997246938,1911178740,36.0,4260956148,0.4853691066625304,3.0049606356910603,0.46873210345932903,0.4485328347950883,0.06950902596035155,234.99062338620436,13.699005511255415,54.05,6,76.82,-0.035447164506527074,0.0977618540207077,-0.050806391126267614,-0.024681017553143447,4260956147.0,-0.2947744907944956,-909.1998364687076,11.23748662915792
에코아이,2023,2023-11,28500,34700,75,2.35,"34,700",19,2023-11-01,2023-11-07,2023-11-21,9877043,78225004191,7132689051,12243217420,11489733958,3884612500,46735571710,25718626,19806683734,15932218050,79.5,53305665235,0.4686055544285845,6.389252229010894,0.3715680809287625,0.29888414260964996,0.31458059108139935,1613.055450907726,3.111310439021927,70.31,2,76.48,-0.29327127353810506,3.354864983378752,0.03835701969580352,0.04008243077563217,53305665234.0,-0.09210202726323585,37.74039780934436,0.6534549366396445
에코캡,2018,2018-12,4200,5200,20.66,0,"4,200",0,2018-11-12,2018-11-13,2018-12-05,14678800,55765131412,41566698722,39125047481,9098924398,1055880000,37356272001,-61699760,2945035837,3392009735,26.9,41742993989,1.2574551031615826,1.4253051434399102,0.07055161969877072,0.08125937818197355,0.08844771148157789,231.08222300188027,16.674791402546862,66.64,1,72.75,-0.113290584387437,0.15610462706788142,0.010077387388951753,0.04822158571724141,41742993988.0,0.008548192097962093,41.5177694361937,9.607172907333393
에코프로머티,2023,2023-11,36200,44000,17.2,3.6,"36,200",70,2023-10-30,2023-11-03,2023-11-17,68223008,301517778335,435960247211,365573776913,49857711177,28951079000,16533235171,113824290,15514296769,9096566834,58.0,524113113573,9.110711579713232,0.8247795585369785,0.0296010467344262,0.017356113782360082,0.19949425877945162,133.3357631196795,20.758049317420532,47.56,30,84.14,0.6405905866660095,-0.23961678900559857,-0.029005949886552918,-0.006067791246014441,524113113572.0,-0.21217850516173578,-95.07270147044821,12.696621706924885
에코프로비엠,2019,2019-03,37500,42900,988.49,45.04,"48,000",277,2019-02-14,2019-02-15,2019-03-05,19850000,195522907092,216996774788,201715653666,64321085331,7825000000,47789799089,956084225,36024228638,26328736211,31.7,405968843748,4.702714955330421,0.9692996232000223,0.08873643678026086,0.06485408084011302,0.4654114390411903,1326.384695768262,4.066233988102193,11.23,6,59.93,-1.3841529173980094,0.051699587640268496,0.01183073058254952,0.0125569459899917,405968843747.0,-0.04422157646178382,562.6873661460958,-1.1028491816270636
에프앤가이드,2020,2020-12,5200,6500,1327,7.62,"7,000",1353,2020-12-02,2020-12-03,2020-12-17,12037235,11956579553,38632113449,6363385028,8300895652,5500000000,14878020306,-3159810659,3501449403,2903704850,83.6,15627949081,0.8516727918082365,1.8789652834755357,0.22405047424021615,0.18580204190262167,0.1686415085848327,241.22689720687518,10.25986903915287,27.17,2,60.01,-0.5198803280320776,0.5486807321482352,0.09335786349773817,0.07165398012849913,15627949080.0,0.0038363577887298717,41.090509489928564,-2.1319002527685296
에프엔씨엔터테인먼트,2014,2014-12,24000,28000,185.35,23.25,"28,000",577,2014-11-18,2014-11-19,2014-12-04,6317315,20202236912,11584948673,16518002547,1796434888,2433600000,12040009900,-1290484870,5755542683,4053131101,-1.4,29054993033,1.3892333868732185,1.2230435765170125,0.19809134617457955,0.13949860860047517,0.3074484306093242,641.5907867503837,2.3408302035174047,64.05,6,75.63,-0.6893130337296436,0.21772302678804878,0.08677470317670008,0.0829865295221098,29054993032.0,0.015440156755219037,197.76214847605354,0.5498443707192091
엑셀세라퓨틱스,2024,2024-07,6200,7700,1233.8,3.06,"10,000",517,2024-06-24,2024-06-28,2024-07-15,10830212,4114607379,5941096701,7033963338,2860562893,4581836000,0,-47131635356,-2057423909,-2265978033,-16.7,521729300,-0.23253990337805813,0.584962869620234,-3.943470127132979,-4.343206396497187,0.05325472898335704,-209.2274863132873,-0.07833964031182064,15.88,36,53.65,-0.03206245299812946,-0.2273422283833476,3.80263514927204,3.9142138086767027,521729299.0,-0.17687377341526125,647.6810496415029,0.19544266342635766
엑시콘,2015,2015-10,13500,16500,28.34,0,"10,000",9,2015-10-06,2015-10-07,2015-10-22,8883500,33086053700,39814930181,13963686117,12737197866,3411750000,37513723522,-56552204,6698222216,6985064325,-13.5,38864618529,0.6533297949128906,2.3694355074137334,0.17234756108571916,0.17972810719312438,0.17091384112268093,786.2964287724433,6.89736745186538,18.91,6,36.53,-0.15086521064199354,0.2960763839980354,0.02791615008793527,0.021163144054975352,38864618528.0,-0.005331514614306615,107.38608611470704,-0.3022177436529434
엔바이오니아,2019,2019-10,8200,10300,425.8,1.9,"8,200",910,2019-10-07,2019-10-08,2019-10-24,7425555,12290535821,10654474128,4231262821,6683475492,3141127500,-5315940809,457853420,1108111764,534987151,47.6,5214487547,-6.357014152122688,2.904696857874525,0.21250635925624545,0.10259630427304192,-0.311589778204772,72.04675623572918,10.856550780197294,33.22,1,50.08,-1.9537839076971553,1.5000551628385368,-0.03591908913926076,0.02681594857670512,5214487546.0,-0.08078437904885305,-15.15467086298601,8.18343118872239
엔비티,2021,2021-01,13200,17600,1,10.4,"19,000",4398,2021-01-06,2021-01-07,2021-01-21,8314948,14220621309,12999961937,8623048053,744444577,186449700,-8202049772,-18279140,-1515968807,725790985,92.1,19254657244,-1.1659986891523109,1.649140909524745,-0.07873257819078527,0.03769430822904759,-0.09034128667455002,87.28749536377137,-11.77668731280168,41.7,1,60.72,2.9092179663693734,1.241793240032769,-0.1284598617656862,0.021241630881064448,19254657243.0,-0.00653361106579553,-2.154588579507646,-7.85571246739019
엔시스,2021,2021-04,13000,16500,1467,20,"19,000",2573,2021-03-16,2021-03-17,2021-04-01,10419000,19479151379,5630505778,10473603033,350972391,855666600,9445264808,-528899,7260714854,4832009703,65.3,28800779945,1.0508885856200283,1.859832888226288,0.2521013273899378,0.1677735711403492,0.46910882354141215,463.7690472214224,1.967448387692874,43.73,2,70.79,-2.514408807219045,0.8620668979749038,0.13475847007798203,0.10780622612418624,28800779944.0,0.05909924848086012,280.2601457913427,0.7210290932197614
엔에스,2015,2015-12,6300,7200,179.61,0.42,"8,000",29,2015-11-16,2015-11-17,2015-12-07,4900000,15111933061,9412268246,10602128723,1933877384,800000000,9643811803,0,2717918962,2434772051,84.4,18555128182,1.2003286102301283,1.4253678158251881,0.14647804829699881,0.131218282467158,0.23313059416683554,496.8922553061224,4.410799353332596,49.6,6,60.21,-0.4362169365349391,0.1827203905307393,0.03425132592735344,0.0316766520914598,18555128181.0,-0.025131579707813517,74.7632722448979,0.31417414422191037
엔에스쇼핑,2015,2015-03,205000,235000,302.59,15.66,"235,000",237,2015-03-09,2015-03-10,2015-03-27,3369600,195272534277,167598174519,100274220202,9318379546,16848000000,234303455107,655345286,70195969594,55113058137,-8.3,291393216990,0.43522494061699923,1.9473852190884975,0.2408977474462248,0.18913637972187722,0.21887041196259963,16355.964546830484,3.608157427170134,40.71,0,53.93,-0.05350473136757172,0.184587621462033,0.040590095713345015,0.03179529623866467,291393216989.0,-0.023865677111424705,146.75949726970612,0.3509848679114178
엔에프씨,2020,2020-12,10200,13400,979,5.51,"13,400",643,2020-11-16,2020-11-17,2020-12-02,9175550,18895377114,43540125038,18273384915,21600311915,663000000,21860129463,-14975248,3020983204,2436958933,26.5,16969164047,1.7715222869508849,1.0340381490289425,0.17802781537338508,0.14361101856581043,0.10827004781120388,265.5926819645689,7.468365031664704,51.31,6,61.96,0.1196667467199366,0.033726155792180634,-0.029554811596839398,-0.05640213623911014,16969164046.0,-0.2191042272429245,-450.6986623145207,4.5172776641809484
엔젠바이오,2020,2020-12,10500,14000,1006,3.09,"14,000",1502,2020-11-23,2020-11-24,2020-12-10,12215562,12977811061,6481997335,8381171428,3752423971,9102119000,-19739005872,213656420,-2864929828,-4977869268,83.2,666983147,-1.1640916369331369,1.5484483490748615,-4.29535564861881,-7.463260939035391,0.47757451885224805,-407.502271938041,-2.5572050405557087,15.94,3,63.84,0.30559975609346246,0.14287391640625935,-1.4196521460611309,-2.8172037519455904,666983146.0,-0.5460455544035898,154.4711947759751,-1.7139884881562892
엔젤로보틱스,2024,2024-03,11000,15000,1157,14.7,"20,000",2242,2024-03-06,2024-03-12,2024-03-26,14945381,18409365,4057060,11299622,1641354,6183488,0,-46191148,-4926381,-7817567,225.0,3744252,-0.3234624569394961,1.6292018440970857,-1.3157183330609157,-2.0878848432210226,0.19540175556380954,-0.5230757917780751,-1.9335591380366237,28.27,36,74.59,0.744319138871725,1.2701576895059572,1.9352041542028084,1.0239920315111584,3744251.0,-0.004870233036911725,-0.06826570697662371,-4.719838422348799
엔젯,2022,2022-11,12000,15200,42.15,13.65,"10,000",1,2022-11-03,2022-11-04,2022-11-18,10520785,20034393659,8676793383,2754929285,1711245935,4178892500,-39060978898,924826671,3040255874,2562242835,8.5,11461520009,-0.13152342844816972,7.2721988793262256,0.26525765095839654,0.22355174819640278,-0.07545493528038473,243.54103187167118,7.974661616261053,3.61,1,64.47,0.06637183521257928,3.7950470861295265,0.0895148548028924,3.1939500737685522,11461520008.0,-0.8808564986663237,3082.4099422238933,-3.976546306126811
엔지스테크널러지,2016,2016-07,8900,10000,475.6,21.20,"10,000",563,2016-07-13,2016-07-14,2016-07-28,3127180,4147768456,3057898328,2033304998,326179284,1323085000,2425909547,0,1164584959,234141683,147.0,1164584959,0.6293645542611135,2.039914552946965,1.0,0.20105161172702385,0.0624545274912079,74.87310708050065,4.161295802893845,28.27,6,62.97,-0.14176811924587063,0.17920362945337343,0.6585380858613183,-0.07602800004366778,1164584958.0,-0.43641084635108107,-485.83602638799175,2.0269492747672673
엔지켐생명과학,2018,2018-02,45000,70000,258.68,13.25,"56,000",342,2018-02-05,2018-02-06,2018-02-21,7627597,22513565592,12575041154,7199250425,2751189873,3417687500,0,21720478948,-4788129388,-5014291085,52.1,17046518581,0.3958299949434721,3.1272096764157222,-0.2808860568947395,-0.2941533815936419,-0.1994692451166795,-657.3880456715267,-5.250101743491148,12.61,2,21.45,0.0355674456408816,-1.0759569663449282,0.004275045409689926,-0.004182362634301273,17046518580.0,0.035401016103150995,172.70658727774946,-0.9206163474882345
엔켐,2021,2021-11,30000,35000,1647.4,63,"42,000",1275,2021-10-15,2021-10-18,2021-11-01,15107973,118506658930,115043102004,86221882014,9219129895,6410769500,-10900489923,-583287869,-4162694769,-1294106235,90.5,91568987853,-18.813494166667923,1.3744383231017605,-0.04545965688386301,-0.014132582060178383,0.2550964162705532,-85.65717154776488,-33.177726614381996,29.2,1,61.56,-4.500270510426551,-0.3120721108414686,-0.13564159117586505,-0.017737618686825662,91568987852.0,0.3454723604218775,-118.79831900679197,-42.7356992696799
엔피디,2020,2020-03,5400,6300,307,8.78,"5,400",32,2020-02-25,2020-02-26,2020-03-16,21535185,104191647840,80699628356,85388852182,52689634963,6900000000,34519309349,-5014884816,20590925863,14048029144,-30.1,236896055152,3.7929039922011176,1.2202019956647647,0.08691966546166507,0.059300392887447366,0.3858879607138329,652.3291601163398,2.2734669321071315,32.04,1,65.19,-0.6819307945490483,0.16237975082693445,0.025566166941770767,0.026230971029604408,236896055151.0,-0.03571895046526097,254.20026876945798,0.34069834364205254
엘비루셈,2021,2021-06,12000,14000,1419,4.13,"14,000",824,2021-05-26,2021-05-27,2021-06-11,24600000,101575548944,85740390895,56540395308,10373204012,10800000000,105609307831,244988688,4894117172,5295595466,8.6,53530769750,0.57360595637471,1.7965128894248799,0.09142624316550202,0.09892619685335274,0.04539563157142251,215.26810837398375,24.601442157502966,48.78,1,75.61,0.10950690400458851,-0.2568136395489904,-0.007584187472491469,0.01738569892658784,53530769749.0,-0.10852338721266563,-480.04798829268293,19.070411774127525
엘비인베스트먼트,2023,2023-03,4400,5100,1298.41,2.68,"5,100",1165,2023-03-13,2023-03-14,2023-03-29,23217239,17967341445,89382912703,2484761072,8502342122,20000000000,76051681177,20259281,7528803714,5771470197,65.7,17314487264,0.11436329006806371,7.231013737082565,0.4348268360018819,0.3333318572476557,0.06007446263171012,248.58555304530395,12.799264612890664,79.51,30,80.11,-0.05180918189939655,3.792667627989411,-0.194647868442539,-0.16489199357288803,17314487263.0,-0.21230522934024365,-810.9264368170565,9.884055948177915
엘아이지넥스원,2015,2015-10,66000,76000,121.11,21.5,"76,000",4,2015-09-17,2015-09-18,2015-10-02,22000000,1054472814296,694868233044,1316118121397,53751649101,100000000000,279402821260,68455582,51099056435,34328312857,-4.2,754680928338,3.6099432397049935,0.8011992215233118,0.06770948425519797,0.045487187456293224,0.09046353426979728,1560.3778571363637,7.426189509481497,46.36,6,74.91,0.06969266558279452,0.040865137003460505,0.016270843149212566,0.00938134410956249,754680928337.0,-0.05070332400553537,-737.5352563636361,2.4539131685979143
엘앤씨바이오,2018,2018-11,18000,20000,937.08,15.97,"24,000",916,2018-10-16,2018-10-17,2018-11-01,7234332,24985724059,6426318414,2837893929,1395826146,3102166000,11408357334,420907734,3109573924,2922680606,12.3,10288139295,0.28354415968027424,8.804319218443911,0.3022484275180102,0.28408252670338674,0.1957401532840134,404.00144837145984,8.740207842699931,33.07,6,51.27,-0.08586592281510913,3.3067755184051464,0.03010731069077599,0.07442351862708305,10288139294.0,-0.18125091164965046,-114.78493715798498,5.2889751883506095
엘앤케이바이오,2016,2016-11,14500,18000,220.1,0,"15,000",317,2016-11-14,2016-11-15,2016-11-30,10254232,44144832570,29042388446,22493645578,6719511092,4600271000,4638721991,1204593425,4619290199,2321865376,-20.7,21244133422,2.797234159449694,1.9625468186969226,0.21743839144864133,0.10929442636598782,0.2223245237328441,226.42996335561747,9.519658313634345,20.45,1,31.81,-0.49507886935142675,-0.20698606381551232,0.041347906893246134,-0.08728395671084582,21244133421.0,-0.5731364047763595,-387.9038292677599,2.1990850045682855
엘에스머트리얼즈,2023,2023-12,4400,5500,397,14.67,"6,000",1258,2023-11-22,2023-11-28,2023-12-12,67652659,107526791893,58591107639,39410118588,1726854264,29438829500,15284350797,0,8244046068,7132402823,300.0,70818393999,0.9198132283709582,2.7284056923832973,0.11641108478280955,0.10071398714719108,0.1594788826652034,105.42679221226176,15.16014413906839,43.51,12,70.82,-0.4357542607537762,0.49917842511958277,0.027152424325298713,0.04879204315381434,70818393998.0,-0.0752476109454143,-18.894853016789767,8.303961331414161
엘에스전선아시아,2016,2016-09,10000,11500,7.35,0,"8,000",2,2016-09-05,2016-09-06,2016-09-22,30546620,178938446666,75503588437,129411333457,5907004532,15070065000,9462725243,1291534317,10592673441,8583826945,-20.6,183363607211,5.239956525275331,1.3827107864973553,0.057768679413089906,0.04681314397966891,0.33239308641186005,281.00742226144826,11.24585759935918,56.26,6,67.41,-15.452246420374554,0.04143988322290193,-0.4981425081796495,-0.258516889603542,183363607210.0,-0.6374443366206343,80.9622164416227,1.0127260477944855
엘이티,2020,2020-06,6400,7800,1,25.3,"7,800",1552,2020-06-04,2020-06-05,2020-06-22,7109450,34669237686,14457536644,2791658119,16017982184,2423270000,35409536407,-16264871635,-10800075,-5273518,159.6,4118893350,0.872111331095971,12.418869434635093,-0.0026220817297927853,-0.0012803239977068111,-0.0002445073232902301,-0.7417617396563728,-2807.12254563047,52.56,6,80.15,-0.2038847160784526,7.329510722794013,-0.23576303052613473,-0.1587321549698208,4118893349.0,-0.34066395290432966,-1038.4751845782725,-2809.8945795326576
엠83,2024,2024-08,11000,13000,1024.72,0.8,"16,000",638,2024-08-01,2024-08-07,2024-08-22,7785000,17876359,13223546,4349185,3432799,624000,8725718,822131,513389,579137,39.4,10818071,0.765051073801823,4.1102779026415295,0.04745661218159873,0.05353422065726875,0.05693527302656577,0.07439139370584458,45.41959605679124,19.11,30,64.72,-0.3272581714929228,1.1125975433529312,-0.05626057732806773,-0.08139286160132374,10818070.0,-0.5692453658838368,-0.6554950545921644,40.26087758161319
엠로,2021,2021-08,20100,22600,685,6.97,"22,600",250,2021-07-29,2021-07-30,2021-08-13,5426060,15378077097,21257835708,13024097576,9233816817,2687627000,8077516269,-2136374060,182234920,220544107,25.2,9445786396,2.579500488874415,1.1807403167293347,0.019292720834463383,0.023348411424314406,0.025559161643814457,40.64534984869316,78.89815196780069,38.52,1,43.48,-0.15425946482913977,-0.013563627182136662,0.008779582640596292,0.02308999701433258,9445786395.0,0.02527576481727238,40.20738196776298,-67.30162774348662
엠아이큐브솔루션,2023,2023-08,8500,10000,1888,29,"12,000",1695,2023-07-20,2023-07-21,2023-08-04,4831300,9925789000,1370563000,4862484000,833662000,358500000,3633235000,156971000,308790000,404342000,122.5,5651391000,1.372993410475459,2.0413000844835687,0.05463964535456846,0.07154734117671208,0.09746219664637601,83.69217394904064,18.135969429061824,7.31,6,77.46,-0.2834786036111183,0.17089685782179087,-0.07214918347448666,-0.05358637610219322,5651390999.0,-0.6509349830336716,-493.7668950386024,16.30374129944858
엠아이텍,2018,2018-11,3900,4500,472.57,0.24,"4,500",883,2018-11-12,2018-11-13,2018-11-29,27456200,22091088139,9738082372,9357746870,774286451,11873100000,5925858640,-2211250,3828829810,3020224486,6.0,15651491519,0.5693193873557588,2.360727261155334,0.2446303475519904,0.19296719947320184,0.16970654355059653,110.00154741005674,5.666780260990499,72.84,2,74.87,-0.1742361127020916,-1.8799903855757116,0.16322504840677876,0.10196832456682227,15651491518.0,0.03089384794378708,35.29459684879917,-4.511795088763079
엠앤씨솔루션,2024,2024-12,80000,93300,8.18,0,"65,000",2,2024-11-26,2024-12-02,2024-12-16,8853900,183562329286,109727708903,216651178673,1167059504,530260000,255599979021,931914188,16914371422,13383047506,-20.3,188481416429,0.8473368617585125,0.8472713160866654,0.08974026056500672,0.0710045996022177,0.05206152418368309,1511.5426541975853,4.461992593696752,72.89,12,73.93,-0.09032546374704653,-0.05550681465547469,-0.020951199593014017,-0.008206341182197804,188481416428.0,-0.0031100333144026757,-129.6816852460497,0.43406742160560174
엠오티,2024,2024-11,12000,14000,343.66,0.09,"10,000",6,2024-10-29,2024-11-04,2024-11-18,11580180,69064,29073,46456,14980,4889,14601,1525,2689,3020,-22.0,51596,2.9234356412086604,1.4866540382297226,0.052116443135126755,0.058531669121637334,0.14370687604092314,0.00026079041949261583,13.648568240981778,53.83,6,64.13,-0.45304423250878223,0.004312899580870555,-0.0062587094486247705,0.02260328176235346,51595.0,-0.0056335231021595045,3.2037498553563076e-05,5.8827689844762014
엠지메드,2015,2015-11,33000,40000,715.39,14.86,"40,000",1350,2015-11-05,2015-11-06,2015-11-20,2074820,3653325762,4377123383,565725090,0,857160000,-1480070290,385360627,347916977,290348437,-9.2,2659072063,-2.381502389249864,6.457775740510289,0.13084149987551502,0.1091916390834572,-1.222264150296858,139.93909688551295,21.45547515205043,40.67,1,59.3,-1.3764003356838281,-0.42875919668386864,0.05364863978723014,0.06483289664797781,2659072062.0,-0.8222830884405978,39.6517832872249,1.6208351638260758
엠코르셋,2018,2018-07,10100,11500,766.05,14.5,"11,500",51,2018-07-05,2018-07-06,2018-07-23,10073715,60363970238,8423538483,21328738209,0,4411814000,35816455870,1027057398,1410112512,1071564104,12.6,23849562768,0.5169935526252337,2.8301707136397063,0.05912529825880119,0.04493013622194216,0.02597395718228047,106.37228708574742,33.6560168838499,31.28,2,43.8,0.17220442610808634,-0.9377430396716373,-0.02151228117269021,-0.016409125067700578,23849562767.0,-0.12876963403391536,-659.6279512573068,28.12875620171465
엠투아이코퍼레이션,2020,2020-07,15600,18900,61.7,1.6,"15,600",176,2020-07-09,2020-07-10,2020-07-29,8399102,24522482,19496324,3825248,2361440,750000,36707849,374270,3173460,2686461,1.9,7834139,0.16353004176160474,6.4106907578279895,0.4050808901909961,0.34291719868641596,0.07101005893960104,0.31985097930707357,11.921410069766123,57.55,2,61.44,0.0065140712934355915,-0.5147728422251383,0.13522198942779173,0.10004269497154789,7834138.0,-0.09040223995393949,-0.39482220837418097,6.345592497040973
엠플러스,2017,2017-09,14000,16000,596.2,27.2,"18,000",1003,2017-09-06,2017-09-07,2017-09-20,5111890,33800949,10750459,28282522,2965585,2037195,2496853,8769253,3496215,2496853,30.0,28909563,2.3488987432517687,1.1951179247734696,0.12093627980471376,0.08636771852967823,0.18768672527217117,0.48844028333943024,3.8050580413389907,24.04,6,45.66,-0.20558086474320314,0.008438708931985062,-0.03012715043007609,-0.039987388556798203,28909562.0,-0.140073548462115,-0.2044357370757195,1.2530787587105712
연우,2015,2015-11,20300,25200,317,51.00,"25,200",680,2015-10-15,2015-10-16,2015-11-02,11552600,64154023012,117198041749,53648849484,35959028898,4996160000,77575600230,64360749,9406863701,7014179720,45.0,97964842946,1.0843669489855616,1.1958135846162556,0.09602285287371137,0.0715989482458145,0.08488031186486218,607.1516126239981,9.752898446827405,65.84,6,68.96,0.10924414887138278,0.13148083424301027,0.024029832852408922,0.020222591745579464,97964842945.0,-0.026881355553225378,-143.34648174436927,2.6179478208758393
영림원소프트랩,2020,2020-08,9500,11500,1,4.3,"11,500",2493,2020-07-27,2020-07-28,2020-08-12,8131000,22268744496,9817039147,10264749789,10225276233,3190000000,7471825997,36063720,1487177220,1679093288,18.7,10786474236,1.915333450244802,2.169438608222465,0.13787426618389598,0.1556665552860641,0.1569555615563839,206.5051393432542,7.797159252479674,20.0,1,39.14,-0.29600811165757857,0.1444512635442523,0.0254388601739563,0.04137861010763638,10786474235.0,-0.3155258066256932,-327.38264506210794,5.4355612207451705
영백씨엠,2014,2014-12,6500,7500,30.71,0,"5,500",251,2014-12-12,2014-12-15,2014-12-29,2693705,20960831831,2668616967,11420017240,647721532,1000000000,9270885644,1290824382,2173373211,1733844668,72.9,31475843556,1.0437676385986192,1.835446601392346,0.06904892658820279,0.05508493092219256,0.14996437932632165,643.6653857790664,5.319707617395492,57.62,6,69.5,0.02047502758899289,-0.020995869419154545,-0.06870436255459268,-0.055401856454084505,31475843555.0,-0.39536301857269396,-1278.124712988245,3.8489163225486216
영우디에스피,2014,2014-10,8000,9500,17,0,"5,000",32,2014-10-13,2014-10-14,2014-10-29,5584948,19640628331,17471388062,18193882822,2000000000,2055406000,7888522840,26595146,1460303287,1571744504,26.4,29847027656,2.0253582309570706,1.0795182382537167,0.048926255030505274,0.05266000092588918,0.1576391076544169,281.42509187193866,11.585356084321408,26.49,6,40.93,0.2475249253765901,0.12300648614362597,-0.04991031406487085,-0.061554457929369324,29847027655.0,-1.0653750749133857,-1551.949217432284,9.856425454133126
영창케미칼,2022,2022-07,15000,18600,1616.27,5.82,"18,600",682,2022-06-27,2022-06-28,2022-07-14,10123482,18187648333,63523781135,39106370451,14891695109,8056782000,13874978915,-111003750,2236050235,-813866771,-11.6,66430133756,2.474619242205384,0.46508147197626004,0.03366017962891786,-0.012251469701827767,-0.03729782449095872,-80.39395644700114,12.393891458346417,40.04,2,63.87,-0.6042235534696379,0.10313595968449563,-0.03487438995437492,-0.05349458566529977,66430133755.0,-0.1590705222938215,-327.930384723359,8.757560077959301
영화테크,2017,2017-10,12500,15500,61.83,0,"12,500",1011,2017-10-11,2017-10-12,2017-10-26,5345090,31902526753,17733459670,16691074889,1842112350,1479990000,24825480659,450682705,6518933075,5587199462,160.0,61373259242,0.6926700930013402,1.9113524422579204,0.10621780813848081,0.09103638182175067,0.20881923443888958,1045.295675470385,4.771148718074545,43.64,6,56.94,-0.14489040015525712,0.25976564519019374,0.031384818276808654,0.032106247268005386,61373259241.0,0.08354249638952982,543.6654907588086,-1.939959989131788
예스티,2015,2015-12,14500,18500,32.9,73.30,"14,500",9,2015-12-02,2015-12-03,2015-12-16,4327321,29493265424,27883106180,16800196561,9485949872,1825035500,16004593276,13260596395,8812099685,7584738376,24.1,58022640809,0.8454794485541038,1.7555309735164473,0.1518734680485818,0.13072032348488896,0.24395893996531132,1752.7561223214086,3.5281290818715925,27.49,6,46.79,-1.6747430346986216,0.9619402646194032,0.08539574224690893,0.11413444008257437,58022640808.0,0.1937330010115309,1597.8228280268554,-1.4393310440646876
오가닉티코스메틱,2016,2016-11,3200,3700,672.02,11.30,"4,000",672,2016-10-20,2016-10-21,2016-11-04,57015000,87091962,52432344,28026583,378788,3018101,106295335,1805500,22326058,18526384,43.3,76243733,0.2556303364891831,3.107476997820248,0.2928248279763532,0.24298894179276348,0.16672571450828147,0.3249387704989915,4.977096046243362,44.2,3,74.92,-0.037708840510712105,0.42272145094945346,0.011906385858898805,-0.011515745752119277,76243732.0,-0.20760805479964298,-0.282980531439095,2.556866675254853
오로스테크놀로지,2021,2021-02,17000,21000,1260,36.8,"21,000",1033,2021-02-08,2021-02-09,2021-02-24,9318923,21192216874,8528990571,5471385617,2130035651,3680961500,18168748009,-45580752,4012301005,3180352345,160.0,14542340997,0.3486230223970604,3.8732815336857658,0.27590475328750125,0.21869603701742987,0.1458600974358574,341.27895948920275,5.512992706537978,60.44,6,76.08,-0.08065687062075771,0.8758988485141672,-0.08965555921207058,-0.06269787672233215,14542340996.0,-0.26203839127090034,-471.0141882275452,3.5937560023617885
오브젠,2023,2023-01,18000,24000,98.49,1,"18,000",5,2023-01-10,2023-01-11,2023-01-30,3879775,8479818414,2440336189,3691480568,6212844000,1540270000,-10339194667,0,53698878,63394956,160.0,19227696096,-1.125628976589123,2.29713207418948,0.002792787951915422,0.003297064592839506,-0.007204852683619413,16.33985372863117,18.91715568060845,50.43,3,76.36,0.05389433521639608,0.03967472773523095,0.15946876251163838,0.16495627530161752,19227696095.0,-0.37339639136132574,852.8075506955945,19.195671408365364
오비고,2021,2021-07,12400,14300,1123,7.68,"14,300",1485,2021-06-28,2021-06-29,2021-07-13,11059101,7574330227,2232936233,4942200412,4542058872,4390463000,-19462645386,-10444412212,137162209,125302741,44.8,2936508177,-0.3716898525614143,1.532582573666784,0.04670928896923007,0.04267065965673965,-0.004910637292086824,11.330282723704213,2.354928360770276,23.35,3,49.48,0.007628234477052354,0.03142835179249892,0.12680087485576375,0.3626221141502764,2936508176.0,-0.15519616117334692,360.4963926995513,2.5053724888674096
오상헬스케어,2024,2024-03,13000,15000,993.21,2.74,"20,000",2126,2024-02-21,2024-02-27,2024-03-13,14104416,203332442188,144705112547,48546848731,53984158,6637074000,212701047979,2411898376,150061283068,120676291668,46.8,341250572142,0.2191694630340725,4.188375713420104,0.43973928637270393,0.3536295658364042,0.5441996869935304,8555.922603814295,1.9954295719989998,60.16,30,62.95,-0.17672390929129436,0.9654128643284934,0.1854745332851424,0.1439224875125199,341250572141.0,0.21762282501605412,5673.084362939948,-2.0591708242039646
오션브릿지,2016,2016-12,5400,6600,617.92,10.75,"6,600",1135,2016-11-15,2016-11-16,2016-12-01,8622720,11529962905,4398840271,4004363747,895027320,3144885000,7180537846,0,3153177605,2552260491,1.5,15929640570,0.4744978622253704,2.8793495380228755,0.19794405223042644,0.16022084615057952,0.2471821763685667,295.9925048012692,3.497872143805233,31.54,6,65.61,-0.36963071977121675,0.4332168462876762,0.049768735501214745,0.022522929534974756,15929640569.0,-0.3467464282266905,-109.44814211756847,1.2445157485441358
오스테오닉,2018,2018-02,5800,7500,442,1.7,"7,700",998,2018-02-01,2018-02-02,2018-02-22,6454995,15428618425,11234333204,6964062510,7870672583,2609497500,2070477210,58721776,536855435,142100215,70.1,5001782681,3.130551858897848,2.215462368817824,0.10733281896459107,0.02840991383727813,0.029987194879397897,22.013993039498867,22.032405308516623,25.5,3,39.26,0.9743924524498153,0.356964506684758,-0.11455658876100536,-0.20362313893353184,5001782680.0,-0.3058250847244622,-216.68494630902114,14.106883150180131
오에스피,2022,2022-10,6300,8400,1582.84,5.62,"8,400",1018,2022-09-27,2022-09-28,2022-10-14,9346160,14755351668,7092703968,3644806261,161465374,3614240000,12535893283,-146989332,1768649675,1557028060,19.6,10510626339,0.2378452413259805,4.048322629897941,0.16827252895837153,0.14813846575656484,0.09729513555383003,166.5954852046188,10.200880511286103,1.87,6,65.52,-0.014111017458546316,0.32834566030418033,-0.010360278407134021,-0.03512913680263097,10510626338.0,-0.10397372540981868,-141.1566035676684,4.887965980972949
오이솔루션,2014,2014-02,8500,9800,304,9.31,"10,000",1253,2014-02-12,2014-02-13,2014-02-27,5179609,36450986438,11679994618,22004988606,11948262277,2201332500,15917839408,-10834511400,5101259217,4349020421,130.0,40639501330,4.6609242593683815,1.6564874034091104,0.12552465089511963,0.10701461087539382,0.597010720846073,839.642610281973,2.779260878520457,19.07,2,69.04,-4.323537078590927,0.006566931265877818,0.02817205836693379,0.029730772604992614,40639501329.0,-0.919828547480312,-154.12274903375908,1.1928023280323348
오킨스전자,2014,2014-12,6000,6900,268.25,73.2,"7,100",9,2014-12-09,2014-12-10,2014-12-24,6200000,18545250127,35537475329,15922823114,14281451216,2156250000,18198941663,-319257537,5034902194,3727782661,78.2,35317120418,1.5075051724593598,1.1646961091148627,0.14256264764535764,0.10555171590660231,0.1860548471340088,601.2552679032258,4.742584901540989,30.74,6,37.54,-0.2513581874680244,0.08593212814183171,0.07085100866291419,0.0663749979085985,35317120417.0,0.09385663778005716,365.7780967741935,-2.889594119041739
오토앤,2022,2022-01,4200,4800,1713,8,"5,300",2774,2022-01-05,2022-01-06,2022-01-20,12875550,27874146376,13003246461,18493155748,6345711814,4955832000,1235464533,2280247,2061202483,1380648272,115.1,36733558625,4.010423773579182,1.5072682432263913,0.05611224613553215,0.0375854756163037,0.22291614700867565,107.23023653358497,7.781149793520795,26.97,2,70.36,-40.03775820797219,0.1739162494401636,-0.03982526126951615,-0.031863983577914486,36733558624.0,-4.633947982883778,-159.47095386216512,6.822578670261715
오파스넷,2018,2018-08,8500,9700,861.66,13.3,"11,000",1401,2018-08-06,2018-08-07,2018-08-24,4025902,26401367183,3807355463,11225243274,2420717629,1483751000,14475179069,34853254,-184799765,-104396457,29.1,11635924367,0.853204062316907,2.3519639208311025,-0.015881829339154212,-0.00897190921041675,-0.006527314700448128,-25.931196785217324,-89.62544807889772,24.43,1,58.62,-0.22752137349726742,0.29910463728781744,-0.06450316188077607,-0.052101135383066946,11635924366.0,-0.19816945885916826,-791.0098690926903,-94.41795154716345
오픈놀,2023,2023-06,11000,13500,510.36,0.58,"10,000",49,2023-06-14,2023-06-15,2023-06-30,9805000,21518816482,9030931112,6828209714,2572218010,840429000,-224803277,758666755,685179971,-560633830,57.5,16267964769,6.840194408747975,3.1514580517173614,0.0421183584258597,-0.03446244431684139,-0.4079436066010397,-57.178361040285566,30.866809838491324,49.62,3,73.64,-69.17841204543384,2.009355741789335,0.0207774230405448,-0.037288704928521044,16267964768.0,-0.5738239186885346,-60.31057501274859,16.350640691567477
오픈엣지테크놀로지,2022,2022-09,15000,18000,44.25,12.42,"10,000",78,2022-09-07,2022-09-08,2022-09-26,20837140,23122971264,8046278320,8020858502,2798059626,1767047400,-49338001101,2768767024,-6076710118,-6303500055,0.5,7007943098,-0.24148192154098774,2.8828549036533047,-0.8671175026712524,-0.8994793432039936,0.1406962588778287,-302.51272751442855,-3.348906079248324,3.32,6,73.5,0.16360059417054135,-0.28135892732751566,1.2647004724891344,1.9174646273764395,7007943097.0,-0.2399791363895283,398.55752454511514,-1.4898460621151142
온코닉테라퓨틱스,2024,2024-12,16000,18000,198.96,1.78,"13,000",92,2024-11-27,2024-12-03,2024-12-19,10803960,29098569226,6649338626,2730336593,140252574,4603730000,-41960573575,1778890915,-3813950482,-10941594104,33.1,4014900000,-0.08068449566035259,10.657502558696432,-0.9499490602505667,-2.7252469809957907,0.3075386098959411,-1012.7392274684468,-8.620279377030464,46.28,24,76.03,2.052227025393226,10.11795379522595,-1.055901560186489,-2.805151070804493,4014899999.0,0.37023459798099734,-1168.4657565374177,0.2054470899163494
온코크로스,2024,2024-12,10100,12300,635.05,1.07,"7,300",1313,2024-11-27,2024-12-03,2024-12-18,11857937,14340387387,971642359,1323452630,123268060,5196123500,-45547445888,1629128021,-3114740623,-2835394287,22.7,234291590,-0.03736153680466339,10.8355879628272,-13.294291199270106,-12.10198917938113,0.07322400843626756,-239.11362381162928,-4.451513218665848,17.3,36,70.42,-0.006856250271255998,-4.417794410978708,61.112079593528364,33.94502265010767,234291589.0,-0.04375746009107015,116.2963897514382,-2.030544420652883
올리패스,2019,2019-09,37000,45000,11.07,0.4,"20,000",419,2019-08-30,2019-09-02,2019-09-20,13875738,19668783179,14264253454,17924441025,36127097624,6577369000,-113915675687,414590954,-9678782316,-9037530266,24.0,512908833,-0.5055149671750325,1.0973164045432207,-18.87037557803182,-17.620149399922695,0.0845231593762387,-651.3188895610454,2.0786191236827483,17.42,1,50.93,0.19603244951208654,0.5373215051453021,19.10492527534454,39.36934808694082,512908832.0,-0.19768872530275264,1354.0117160615168,0.2097296766373682
올릭스,2018,2018-07,26000,30000,876.72,50.84,"36,000",847,2018-07-02,2018-07-03,2018-07-18,6441544,13792597888,5445902620,427869083,1960621103,2602772000,-14270959793,527600048,-2005961982,-1942489177,82.2,0,-0.21439534795387943,32.23555623905642,0.0,0.0,0.17436146291938748,-301.5564555640697,-8.399964941110236,30.68,1,50.47,0.10381339066578626,16.57537462697273,22.175272191282158,21.166549248810185,-1.0,-0.3800557007802269,500.1030074466618,-4.947768645281553
옵티팜,2018,2018-10,10000,12000,94.57,11.6,"10,000",463,2018-10-11,2018-10-12,2018-10-26,14217258,6522714000,13791121000,5566155000,1235006000,5964441000,0,-11641827000,-69126000,-76068000,17.0,6881782000,-1.1979388049359336,1.1718527421532459,-0.010044782005590993,-0.011053532355427708,0.013398419624806205,-5.350398789977645,-195.47889361455893,32.99,3,48.67,-0.043943430460909205,0.19248972894458483,0.10768413326493359,0.10202123920234399,6881781999.0,-0.24286665458688622,104.86002293831905,-187.63992079211317
와이더플래닛,2021,2021-02,12000,15000,1,9.48,"16,000",1357,2021-01-18,2021-01-19,2021-02-03,6763282,4357164887,3948612839,7392081871,2146807711,2866641000,-13631690692,320557746,-3581862780,-3670465811,25.0,21601677207,-0.9132937850225616,0.5894367734337016,-0.16581410534360272,-0.1699157790308333,0.3514259793561049,-542.7048304358742,0.34426552097006907,31.11,3,43.79,0.5352047001337218,-0.4634514696140386,-0.09620176650107559,-0.09807110001493861,21601677206.0,-0.020034583274537554,-171.95229594152664,1.3501960152959303
와이랩,2023,2023-07,7000,8000,1821.64,14.11,"9,000",1917,2023-07-03,2023-07-04,2023-07-20,15831354,15476166918,3886366782,7350663460,863419821,6370677000,-15104555877,50844807,-435498328,-572434054,15.0,29780532001,-0.9459922896513523,2.105410892801233,-0.014623591277193315,-0.019221753794753507,0.06592557962864241,-36.15824988816497,-25.599295570659457,21.92,1,62.47,0.7186495416986886,0.5788707418536887,0.03498653345368071,-0.04017155434061223,29780532000.0,0.12079362451498897,-64.81635935877625,-15.736546394573347
와이바이오로직스,2023,2023-12,9000,11000,227,4.7,"9,000",835,2023-11-10,2023-11-16,2023-12-05,14823148,12366943501,9455781531,12760087490,819835856,6160949000,-98688407723,6554881118,-5777533001,-5710658169,42.2,856156961,-0.15795645221192273,0.9691895538092428,-6.748217049186615,-6.670106568227739,0.0664241823158723,-385.2527256018762,-1.426699195759384,29.75,5,73.74,0.0520456034848511,-0.14432165163872046,-2.2114257472092156,-2.1395346479899455,856156960.0,-0.16546559586311038,883.3307808165985,-0.773856592284847
와이엠텍,2021,2021-09,21000,25000,1696.19,30.73,"28,000",2939,2021-08-25,2021-08-26,2021-09-10,5393000,20645818495,12583143347,4115989979,497129583,2387500000,21356711367,348864282,3524168291,3018119692,110.7,13045645016,0.19147076235538532,5.016003100186362,0.2701413603296532,0.23135074488830473,0.12526917426274173,559.6365088077137,8.119885294093068,54.42,6,57.07,0.06299830663475106,-2.3137348868907353,0.007330599402232518,0.004429165036263644,13045645015.0,-0.05817072823992142,-157.2164238828111,2.4028154701886244
와이엠티,2017,2017-04,16500,18500,706,42.75,"21,000",842,2017-04-11,2017-04-12,2017-04-27,3602600,38317049936,41789564097,21285231635,15605509578,1542850000,26784404863,-141964571,11079762474,7742772715,47.9,49939560590,1.3088650438158134,1.8001706813936675,0.22186343538270206,0.15504286828968272,0.27470970264222105,2149.2179856214957,3.9004331474985374,46.52,6,62.31,-0.7143118658816909,0.6868733676170442,0.04789709573108522,0.06675516276334116,49939560589.0,0.09737910916739159,1025.2474543385333,0.44563207712372677
와이제이링크,2024,2024-10,8600,9800,800.57,0.52,"12,000",961,2024-09-25,2024-10-02,2024-10-18,14221573,36170236083,46762365257,19856463347,19345719042,5585620000,34275594213,3869204738,1387885843,2251318723,81.7,24375402366,0.8964511049602819,1.8215850149601165,0.05693796648607905,0.09236026914330034,0.05148175519476742,158.303073998917,31.50865697748889,28.82,18,75.11,0.12077704392493205,-0.13235315527111657,-0.13171413224916836,-0.05293485429169345,24375402365.0,-0.11938922728303489,-337.7217760651371,27.00130907515982
와이즈넛,2025,2025-01,24000,26000,64.85,0.27,"17,000",10,2025-01-03,2025-01-09,2025-01-24,13065612,45545681170,7840939062,6322664832,542514804,6069306000,33959891719,-1341961647,-2924199555,-1771407779,-36.5,21528184354,0.17745334981344646,7.203557737156357,-0.13583122045574061,-0.08228319443348074,-0.04578791247075057,-135.5778649327716,-15.90911964829979,20.57,36,33.25,0.01589080367881049,-0.6367214077901409,-0.23411582770330708,-0.20360649644108375,21528184353.0,-0.1491749460106977,-462.17639441612073,-30.008623867248573
와이팜,2020,2020-07,9700,11000,407,8,"11,000",712,2020-07-16,2020-07-17,2020-07-31,37141356,44855751088,11236692173,7125109184,1941124023,16713610000,8098366930,1912831345,-621477876,257514763,70.9,11073619873,0.3392440878792422,6.295447540470981,-0.056122377608003704,0.02325479526598881,0.009635794590185886,6.933369987891664,-75.66835742677347,27.25,6,75.46,-0.30102773829693197,-0.3062655470662152,-0.15152374148862802,-0.06710614397659401,11073619872.0,-0.882387622207635,-298.2213336260529,-79.54951831567529
용평리조트,2016,2016-05,8100,9200,28.1,0.1,"7,000",291,2016-05-10,2016-05-11,2016-05-27,48133333,288887149807,681763528753,407963278133,249869544732,190000000000,123713634518,-895778823,26430358769,11572555466,67.1,176303475146,2.1029260666833305,0.7081204738060272,0.14991399770828429,0.06563997366709058,0.03699454892141239,240.42705428273584,11.835550868946285,35.99,6,69.72,0.3868253334616396,0.2549915341046881,0.021159769059907102,0.035999504789034686,176303475145.0,0.023860762880807736,158.16145295818183,-5.692500244100511
우리손에프앤지,2016,2016-07,1935,2210,455.1,40.40,"2,210",639,2016-07-11,2016-07-12,2016-07-27,61221800,71538893007,169210621087,88619766986,54884179951,25799610000,64901651822,-11975540537,5964360816,3247475787,31.7,44581091230,1.8228343239624598,0.8072566137338365,0.1337867838458471,0.07284424174917174,0.04125050534937122,53.04443493984169,16.304440686440188,69.33,6,73.15,-0.06727562055023384,0.03478684227454454,-0.03607187595847075,-0.02384993407201441,44581091229.0,-0.15410705690862264,-191.79834942781818,12.768776500605352
우양,2019,2019-11,3800,4200,1,6.3,"4,200",1037,2019-11-05,2019-11-06,2019-11-20,12858000,40527777577,62740006221,63815096922,19972766642,1000000000,17257273251,-11992397,3217599059,1758582166,13.9,56362235234,4.592303304864216,0.6350813448820166,0.05708785405052589,0.03120142696078085,0.09638559033825218,136.76949494478146,6.054178869648905,45.24,6,67.04,0.15962013834952593,-0.011526921654125166,-0.005215076611449744,-0.00541008082254785,56362235233.0,-0.1369259092778125,-169.1434052729818,3.351049125998826
우진아이엔에스,2018,2018-09,15000,17000,129.06,0.77,"15,000",11,2018-08-30,2018-08-31,2018-09-14,7622000,72606698385,30056831315,24054256336,1290227191,3111000000,70354520080,1507080290,3459144492,2593872251,31.0,34343902011,0.33804994627265855,3.0184553357542634,0.10072077689052547,0.07552642824828726,0.03459760283355368,340.3138613224875,22.352071835049554,53.21,6,60.32,0.06095829249371992,-0.441915291326914,-0.06170114633599194,-0.04441857657194839,34343902010.0,-0.19104370394886097,-1869.8446095512988,18.97641384741022
우진엔텍,2024,2024-01,4300,4900,1,15.5,"5,300",2707,2024-01-08,2024-01-12,2024-01-24,9271339,23247344297,16697709144,5461452996,1617661521,3574769500,11741164720,9040321,5874298651,4532708708,300.0,30398728955,0.4619331991750289,4.256622608310735,0.193241587820855,0.14910849446073493,0.29577267458900636,488.8947225422347,5.594870277561583,40.99,6,87.64,-0.09218449341453655,1.5233441216153372,0.04140417268364838,0.02167681570490354,30398728954.0,-0.1079987063383066,-24.66649197057734,1.377119794077995
워트,2023,2023-10,5000,5600,793.26,12.11,"6,500",1781,2023-10-05,2023-10-12,2023-10-26,16120000,30037710935,5229105496,1382767439,88385597,1200000000,32596541298,-877903,982044017,1198587470,33.1,7519073723,0.04353082283976275,21.722894311658724,0.13060704724785951,0.1594062665370145,0.035465718071311145,74.35406141439206,34.41359329110398,64.58,6,73.6,-0.04579352283164181,11.263507323455293,-0.16302496121742485,-0.09765808905441675,7519073722.0,-0.14461342490680013,-289.7956724565757,29.55203999808703
원방테크,2020,2020-09,43000,54300,406,1.8,"54,300",348,2020-09-08,2020-09-09,2020-09-24,4294143,131261969433,107412145248,74946339767,50496886679,1945456000,118645219518,-19843687483,16291675112,11320769091,-19.5,186441905151,1.2451312827577576,1.7514126752697885,0.08738204589148191,0.06072008909065409,0.1123683130563378,2636.327921776243,6.950229946065966,57.12,6,58.62,0.14364751357958117,-0.5294070504522315,0.0027869182180488283,-0.0017517240682413254,186441905150.0,-0.05040392345358148,-686.2195173751779,1.7671761500972778
원준,2021,2021-10,52000,60000,1464,44.31,"65,000",1623,2021-09-15,2021-09-16,2021-10-07,5020191,46039895014,30024723423,40982401164,10047533381,400000000,24816263657,-181579765,4760102002,-557509029,33.8,16219177209,2.038369438381723,1.1234064795218157,0.29348603450479754,-0.034373447050731955,-0.022269465490561104,-111.05335016137832,5.259274671316171,40.64,6,61.06,0.47048536232369154,0.05056616303261774,0.35800488576290507,-0.10328512977974669,16219177208.0,-0.19544628398437683,-989.9846489904469,11.426878535581649
원티드랩,2021,2021-08,28000,35000,1503,10.77,"35,000",1731,2021-07-26,2021-07-27,2021-08-11,4703068,7963901523,7264273277,5320950114,6590550828,1988000000,-32388792477,-28535694,408960610,-2575015341,160.0,5702561553,-0.39144804233147656,1.4967066693683346,0.07171524694632261,-0.4515541510718701,0.08462281278539897,-547.518203223938,8.110008095889723,13.88,3,73.97,1.0777724866914378,1.30735130054906,0.4283684649765689,0.1790115091185855,5702561552.0,-0.22626024445199622,1422.8661645972375,2.517805660536439
웨이비스,2024,2024-10,11000,12500,1159.89,0.04,"15,000",1126,2024-10-07,2024-10-14,2024-10-25,12420111,25371319815,30516519838,33444212245,7940290164,5442705500,-87372657393,1355501234,-1704801368,-2481911023,-27.4,14561982570,-0.5136181763639172,0.758616158429418,-0.11707206486513463,-0.1704377141690261,0.030802704861168987,-199.83001947406106,-8.507347258299479,19.63,60,65.64,-0.0381635293969847,-0.19458362811536833,0.44659841355596264,0.7188395794546247,14561982569.0,-0.16121238179451106,1009.4575433343551,-6.738795549968364
웹스,2015,2015-08,6500,7200,438.83,33.54,"7,200",1114,2015-08-05,2015-08-06,2015-08-24,6734000,17736637436,18884166221,7345120230,8086348290,2303000000,16443792001,174236,873021513,704497492,11.1,6502495093,0.8231448398057943,2.4147511382533215,0.1342594650997609,0.1083426410822514,0.03757927992688047,104.61798217998218,24.271263447089876,49.31,6,55.6,-0.06530020147727422,0.23422993732884345,-0.018695754488364247,-0.011019044858026336,6502495092.0,-0.14684721231366354,-389.51763142263144,19.467142848220327
웹케시,2019,2019-01,24000,26000,614,6.8,"26,000",1075,2019-01-09,2019-01-10,2019-01-25,6630322,16964176308,22893720890,14649666979,3961179070,2815611000,16080844134,-530875272,4635786590,4891551403,9.6,59045319690,1.01335466611144,1.1579905763262606,0.07851234635257845,0.08284401589629195,0.2663434228461825,737.7547279000929,4.583267744643957,36.62,6,39.76,-0.3210837728342273,0.08252501460355233,0.029385020937889958,0.036079218982925786,59045319689.0,0.014388204469836186,191.60660764288673,0.23601701503929373
위니아에이드,2022,2022-06,14200,16200,955,1.39,"16,200",111,2022-06-09,2022-06-10,2022-06-23,15393405,151432536709,128597334341,160500526507,20655361485,4982795000,64933494817,-33626826,34435723653,24919142327,-32.1,486454667882,2.592286559190376,0.9435018065339211,0.07078917302393554,0.051226031883909624,0.3565854714238533,1618.8193792731367,2.871261950360849,64.56,6,66.7,-0.13031916322499582,-0.19260220653054527,-0.004480924949636908,-0.008257351384874496,486454667881.0,-0.20742559202957062,1.5419656664655577,0.5498247852636746
위더스제약,2020,2020-07,13900,15900,1,16.52,"15,900",1082,2020-06-18,2020-06-19,2020-07-03,8792415,59570540000,26863740000,22630260000,5964615000,1550000000,56165247000,124157000,6734650000,5281582000,116.4,38207533000,0.4943839843162976,2.632340061492886,0.17626497895061688,0.13823404929075112,0.09131459929981298,600.6975330441068,8.588331242158093,52.49,2,78.61,0.0394017730098723,-0.4023541854141679,-0.035105926245118324,-0.02919559330511426,38207532999.0,-0.07389007214722812,-384.41110889329036,3.7935940135463495
위드텍,2020,2020-10,21000,25000,1,22.78,"25,000",1185,2020-10-14,2020-10-15,2020-10-30,5091800,64131267423,21356693367,28294515417,190513191,2000000000,51845474004,82645688,2676249129,3479292692,64.4,22851103829,0.5282036305119985,2.2665617868991124,0.11711684253972937,0.15225928331674204,0.06451722611267194,683.312913311599,21.299561227059442,66.45,6,79.95,-0.09576715053239404,0.23043892002888144,-0.09787965857287065,-0.04506662350853094,22851103828.0,-0.1728717188762764,-1597.821487293295,17.276026573944296
위세아이텍,2020,2020-02,10000,11200,1,6.85,"12,000",1076,2020-01-20,2020-01-21,2020-02-10,4292500,6288973396,8964448838,4659536999,1869427181,1700000000,6916771123,107686931,372156877,326740569,3.3,12680273993,0.7483518333848361,1.3496992077431083,0.02934927724790844,0.025767626880962777,0.037451102060167,76.11894443797321,23.442958045888805,28.61,1,41.73,0.0009275534594865853,-0.7840104350641766,-0.07425974947793676,-0.06517411626714875,12680273992.0,-0.14014193098536398,-274.49447175305767,18.50053682270458
위지윅스튜디오,2018,2018-12,9000,13000,177.33,0.43,"11,000",6,2018-12-06,2018-12-07,2018-12-20,8798060,14979626600,6630005195,2508666563,0,3266280000,3342053674,27268267,3962028114,3694117040,-15.0,18295740482,0.3780616416273364,5.971150897824598,0.21655467390882507,0.2019113161139558,0.5567116702969811,419.87859141674414,4.821006989956962,32.96,6,54.78,141.91115263749123,-2.96581162609165,0.025688063356102075,0.16350288017739242,18295740481.0,6.8898149465357115,363.1732315987843,2.5447825926861376
위츠,2024,2024-11,5300,6400,997.37,0.15,"6,400",223,2024-10-28,2024-11-01,2024-11-20,12416000,56607,33410,56913,6842,5163,19426,107,1714,358,129.5,48793,2.5815921606737935,0.9946233725159453,0.03512798967064948,0.007337118029225504,0.014496274700356334,2.883376288659794e-05,15.322053675612603,50.1,6,69.85,0.6023506931322145,-0.021043967485040116,-0.06789208387205954,-0.06913926190125051,48792.0,-0.29964676520720007,-0.0005842461340206186,12.82800257360363
윈하이텍,2014,2014-07,6600,7500,444,84.8,"8,300",590,2014-07-10,2014-07-11,2014-07-25,6600300,24333262171,21074112619,19323731560,1600757258,2435550000,14886576438,0,1890660798,1509890455,83.7,14270888847,1.207963057705052,1.2592424033342347,0.132483744934882,0.10580213126089945,0.08716542165907033,228.76088283865886,12.949380448306096,47.1,1,75.97,-0.18573616411651028,0.08252543313971694,-0.0298154581700302,-0.01828813264037389,14270888846.0,-0.4266113318891069,-850.4167442388983,10.483441389340559
윌링스,2019,2019-07,10000,12500,1,18.18,"12,500",532,2019-07-10,2019-07-11,2019-07-25,4862000,19323322879,23607635156,13334517631,8322094138,1926315000,19037267530,245274286,259692622,159017342,136.8,10613331626,1.0211116967257854,1.4491205016728363,0.024468529878385995,0.014982792171540877,0.0074976856781850225,32.70615837104072,81.92125791698464,59.63,1,75.84,-0.0734079984006164,0.019541231817957083,-0.07016807166268017,-0.06405922559020043,10613331625.0,-0.1966823683004776,-850.4929660633484,77.81793367331237
윙입푸드,2018,2018-11,2000,3000,131.15,0,"2,000",0,2018-11-14,2018-11-15,2018-11-30,40710000,381311518,123979755,158501715,10336345,39000125,297453088,0,95418530,61804890,17.0,288855603,0.5018173507530154,2.405724871809747,0.33033297263061917,0.21396465693622013,0.18369534785806904,1.518174649963154,3.5260783518672945,51.1,3,74.94,-0.03975832819260117,0.3502037872835002,0.04445699948347759,0.014260054061002475,288855602.0,-0.18092889199210474,-0.9417476295750431,1.6102134468314346
유니온커뮤니티,2016,2016-12,4400,5000,25.52,0,"5,000",1,2016-11-21,2016-11-22,2016-12-07,14689733,20814686112,16761235317,11993048149,10868825546,5817136500,4921596619,136190952,2648308771,3184539735,-33.2,19860874855,2.1022559372129708,1.7355626237301118,0.13334300680784386,0.16034236952045888,0.292833284555261,216.78676766963702,5.55601669077431,24.64,1,29.59,-0.7401134253791217,0.27850645815411235,0.08586170022795646,0.10798671671041303,19860874854.0,0.0037510819364457437,64.36919112144517,-0.16107468516940848
유니테크노,2016,2016-09,10300,11500,233.84,0,"10,300",1003,2016-08-31,2016-09-01,2016-09-20,6008760,17161976382,30052164145,11070854438,10021386472,2231880000,22197722425,1692297192,6600416668,5306977655,10.7,30447671841,0.8074543283319746,1.5501943845537896,0.21677902673373076,0.17429830703356994,0.20316201091080857,883.2067939142186,3.957613728182289,68.6,6,77.53,-0.43963067325435023,0.492895296003252,0.1240824689784465,0.10064820720307192,30447671840.0,0.007461840406369186,205.28260040341104,-0.10231611309981048
유니트론텍,2016,2016-02,12300,14000,455.8,21.70,"14,000",1113,2016-01-14,2016-01-15,2016-02-02,3310650,34001193068,4734564248,20107792487,415653677,1400000000,17037049001,-224737849,6142464711,4921245133,77.5,66704703092,1.1268996006443806,1.6909460891832009,0.09208443222553936,0.07377658403205174,0.27021530062424665,1486.4890982133418,2.964984254510274,35.06,6,40.89,-0.1187256919493982,-0.3784251031895287,0.001866139587967261,0.00828641574631514,66704703091.0,-0.11974240113121415,-222.2387951006599,1.103480140690179
유라클,2024,2024-08,18000,21000,1065.86,0.59,"21,000",1080,2024-07-29,2024-08-02,2024-08-16,4330068,22049492055,4857838803,6197452301,4262348308,2051919000,11281202098,3114409151,54014122,103978448,0.0,11032550251,0.6359496198303664,3.5578316676099577,0.00489588724013327,0.009424697430276857,0.006321827437059849,24.0131212719985,304.504259997043,28.0,60,44.29,0.04107422491510837,-0.0978916285200615,-0.06286809660291802,-0.08900273623239247,11032550250.0,-0.26925820098489955,-1015.8451777200728,299.2335455143958
유바이오로직스,2017,2017-01,6000,6800,31.09,0,"6,000",10,2017-01-09,2017-01-10,2017-01-24,24231986,6143853825,7343673844,4202726958,4957267626,10467993000,-29492049477,320184908,-6020798250,-5554507682,-15.5,2089467684,-0.48973788930318973,1.4618731805322291,-2.881498620966468,-2.658336247329107,0.29697101273974214,-229.22213977839044,-0.7187640085764375,24.21,3,56.31,0.9083780975804446,0.928437599664838,-1.1833782285041945,-0.893776295882158,2089467683.0,0.14349082781707903,-112.51592597486646,-4.988764197553859
유앤아이,2015,2015-11,25000,30000,377.40,4,"30,000",638,2015-10-28,2015-10-29,2015-11-12,7043754,19015399856,16116605592,10880647888,14045185313,2268711000,4878733202,27726767,475991392,117914363,-18.8,7643176234,3.473900943781121,1.7476348882653963,0.06227664748623667,0.015427403397486543,0.016433665972482556,16.740272729570055,21.44192609054577,20.13,1,38.93,-0.18344310174201528,0.4373074771759382,-0.0745673103747701,-0.08387286524489107,7643176233.0,-0.20318932206714113,-203.73744667971084,17.118784791639523
유일로보틱스,2022,2022-03,7600,9200,1756.45,15.92,"10,000",2535,2022-02-24,2022-02-25,2022-03-18,8580846,20639996231,15634529974,11543047098,4847217095,3183173000,10910432162,-2015042696,2533626884,2639543278,160.0,25059614585,1.3569714309245846,1.7880890596535968,0.10110398447694242,0.1053305616112691,0.21853124371630003,307.6087460373954,7.848141388761803,48.65,2,72.56,-0.5096473103888755,-0.31226339929909463,0.007197998084612245,0.019165223082199173,25059614584.0,-0.06543866701899578,18.322197834572535,4.616917917804205
유일에너테크,2021,2021-02,11000,14000,1,22.1,"16,000",683,2021-02-04,2021-02-05,2021-02-25,10590044,37541449507,13111844966,23815545296,6597374126,4404697000,11067408396,291459550,6571145326,4857544050,115.6,45082847260,1.9293173546836098,1.5763422185132736,0.14575710553734889,0.10774705559269063,0.3081500959104178,458.689694773695,3.0801898370615945,41.98,1,68.26,-6.256455501888993,0.383508495990293,-0.09674511170739825,-0.06589811793444567,45082847259.0,-0.9739986324778469,-312.21530845386474,2.131087696069452
유지인트,2015,2015-04,12400,14000,643.70,55.4,"15,000",857,2015-03-26,2015-03-27,2015-04-13,11548800,77333867004,34365445537,25763705307,23562764853,4913500000,43898329651,38316049,15961073097,13670800158,65.3,77318964313,1.0097507275193245,3.001659353050758,0.20643154287978985,0.17681044074333863,0.2798517785792397,1183.742047485453,3.9078100828147595,47.46,6,64.72,0.3603410391000438,1.058715128890308,0.055843847744531716,0.06421565584189785,77318964312.0,0.1494915282519912,760.8318873822388,-1.8278526181395613
유진테크놀로지,2023,2023-11,12800,14500,914,21,"17,000",1506,2023-10-11,2023-10-17,2023-11-02,6261485,28087878257,27634598890,26645788308,5916377063,2642733500,10039265382,917448916,4436005255,4046949430,24.7,23231897516,2.394374084496927,1.0541207463007216,0.19094459468689057,0.17419797187090863,0.29758189377330185,646.3242234070672,5.220983845746143,43.04,2,66.66,-6.060357766962109,0.10531068172471536,0.13106630454456608,0.14464969704587857,23231897515.0,0.012491879409884221,458.3887170535424,-2.4108660898173255
유테크,2015,2015-06,8000,9000,351.10,22.76,"9,000",21,2015-06-15,2015-06-16,2015-06-30,4915300,26015795911,40956137506,14902463942,25962001555,1937500000,19818250389,43517717531,3201790733,2565338765,20.6,14285029621,0.6260501670768284,1.7457378868523217,0.22413609337520324,0.17958232030746168,0.039301401423073035,521.9088895896487,8.154020701889513,24.86,6,53.66,-1.08860047776501,0.1885559811793649,0.0944686687734812,0.0981073987245086,14285029620.0,-0.13843294332562203,-329.4511173275283,4.618757859763386
유투바이오,2023,2023-11,3300,3900,1276,2.34,"4,400",1287,2023-10-18,2023-10-19,2023-11-02,11287196,41480391623,2745727567,7867867554,2592602961,5051020000,19085165067,-8655062,555562560,1236029732,94.3,16887814423,0.4335491661530316,5.272126321179809,0.03289724449146974,0.07319062733876419,0.051229020614371006,109.50724449190038,60.77740133352399,44.76,2,68.85,-0.4080802936879669,2.0008594463007645,-0.1947086520254957,-0.11749763830119436,16887814422.0,-0.5933070277964971,-1056.4151729091973,58.62279208666211
유티아이,2017,2017-09,28000,33000,5.05,0.4,"25,000",3,2017-09-11,2017-09-12,2017-09-27,5542865,27991371987,26693649268,19412878900,4863250000,2229632500,18147501090,352417906,10408020359,7672666983,-25.4,27102631472,1.1710879950627178,1.441897007197629,0.38402250238146174,0.283096753572682,0.3701318373665985,1384.242081125916,2.9216787925193564,38.75,6,43.31,-1.066522120998734,0.5326731177873115,0.06807017092200046,-0.047355867165771226,27102631471.0,-0.5785532101280972,-933.7942670442092,1.4244221422157366
유틸렉스,2018,2018-12,38000,50000,597.2,18.63,"50,000",322,2018-12-10,2018-12-11,2018-12-24,7265388,33316479877,17661332214,6455316383,468199362,3258289000,-24334432118,4459527337,-9223296570,-8778674091,56.2,287345000,-0.41666220343835486,5.1610917111264385,-32.09833673806748,-30.5509895456681,0.5283069793933511,-1208.287030369197,-4.7764154618309105,38.4,3,59.92,0.3545073063371686,-15.16211940172997,41.62528848255665,41.49466290091269,287344999.0,-0.4772141578700758,112.01663338558114,0.43257173605116783
육일씨엔에쓰,2015,2015-12,6000,6700,8.74,0,"6,000",21,2015-12-10,2015-12-11,2015-12-24,8522980,26910853987,33979466975,29498305226,9376200362,3900990000,17516911619,597913755,6090605603,3308561851,-14.0,69628233058,1.765753615190178,0.9122847492702936,0.08747321791042081,0.04751753284108162,0.15028114084329167,388.1930792985552,3.614716960683819,52.89,6,63.48,-0.9510469696181727,-0.0697686733374916,0.011260318453809204,0.021418770631394832,69628233057.0,-0.0022262372633731764,60.82425360613303,1.3692815285539952
윤성에프앤씨,2022,2022-11,53000,62000,67.49,4.86,"49,000",1,2022-10-26,2022-10-27,2022-11-14,7979048,142919885499,58858646980,136554045876,19038457052,628350000,38799845881,0,14674964787,13773971464,-17.4,107961598638,3.9462242552918396,1.0466177298677815,0.13592763512335349,0.1275821369613536,0.34934318338003184,1726.2675276549282,3.147266805840275,58.41,2,70.21,-0.5685022667950901,0.09454388743057074,0.19665135828848002,0.1659959827447293,107961598637.0,0.4629840126879764,2091.645369472649,10.18030087947377
이노뎁,2021,2021-06,14000,18000,1573,6.48,"18,000",629,2021-06-03,2021-06-04,2021-06-18,6950135,18315877537,11625770921,9330550024,2393622775,2934317500,2171305486,800525191,-2837139113,-2704433501,0.3,8541843525,1.9850793525053816,1.963000840238569,-0.33214599456151944,-0.31661004946821475,-0.4579013969767525,-389.1195640084689,-6.421072401958035,40.81,6,45.22,0.20549000928954841,0.05730860273322791,-0.416623328233489,-0.3927128437030809,8541843524.0,-1.046472730621651,-1119.7981870855747,-10.133838041537985
이노룰스,2022,2022-10,11000,12500,1495.69,5.95,"12,500",781,2022-09-22,2022-09-23,2022-10-07,5141760,14850410445,7032610419,3171258979,757264350,2042847000,7524071834,-47369277,1560613497,1466098756,26.8,8111075582,0.4126795396649039,4.6828122658348175,0.19240524653269098,0.18075269317592707,0.15400925718401615,285.13558703634556,11.504768842198473,8.56,6,57.67,-0.16024102852551836,1.7066597513487203,0.0028758108548386507,0.008032354222171911,8111075581.0,-0.1986866406635135,-265.9327401512322,7.294694018206427
이노메트리,2018,2018-12,21000,25000,765.22,10.53,"26,000",791,2018-11-27,2018-11-28,2018-12-12,4825108,23533936980,564769396,9027756801,0,1791321000,7788278325,6594027,3827111198,3179260894,13.7,16055968824,0.941745745105017,2.6068421534564554,0.2383606520385954,0.19801115266540206,0.33164998631460946,658.8994264998835,3.937943998824985,40.62,1,74.16,-0.11398300477651324,0.644722266090668,0.09765800467572469,0.11433666161345714,16055968823.0,0.08763998756064642,415.0299703136178,0.7629275530407611
이노션,2015,2015-07,64000,71000,273.09,52.4,"68,000",204,2015-07-01,2015-07-02,2015-07-17,20000000,1021734128525,95245092195,666494228756,23012032973,9000000000,417377077906,1095881085,17933301864,15536117173,-11.0,227079849778,1.612982171682857,1.5329977131715742,0.07897354997166031,0.06841697838090244,0.03634409345955166,776.80585865,23.836823928622184,28.0,6,71.0,-0.13471592141790878,0.043204488023995236,-0.03313604828354104,-0.044153668236057556,227079849777.0,-0.15983526062633083,-3414.9518822499995,18.718484725098822
이노스페이스,2024,2024-07,34600,43300,598.87,1.2,"43,300",1151,2024-06-11,2024-06-17,2024-07-02,9375694,13656240993,10385146619,2333201305,1884677305,8022600000,-167647552754,1399304426,-15929213281,-83246975113,-20.4,231425455,-0.02665736342098207,5.853005895262861,-68.83086081001764,-359.71399564926855,0.5261281972466939,-8879.020061128274,-1.244475081870178,21.01,36,70.51,1.253112389965462,5.643138508546788,6.628885750884422,-218.177807030666,231425454.0,-0.05139780712221875,-3713.1190074036112,-4.490321790711453
이노시뮬레이션,2023,2023-07,13000,15000,1869.47,5.96,"15,000",2113,2023-06-21,2023-06-22,2023-07-06,7819826,8595157829,34714595210,15283774865,13123314259,3446413000,-22203228627,9327572512,-1795251839,-4812607844,133.3,16878208538,-3.0126584687174014,0.5623713974407591,-0.10636507037806336,-0.2851373611817143,0.5103917446294416,-615.4366918138588,-8.30115507543563,0.8,1,55.94,5.761686222246466,0.05657101061874359,-0.07853902348121775,-0.05807866562227201,16878208537.0,-0.0814699738527459,-207.81359700330933,12.791544836196323
이노진,2023,2023-02,2500,3000,1603.33,6.28,"3,000",1643,2023-02-06,2023-02-07,2023-02-20,12030000,6084322421,1632611343,1154020903,62508357,930000000,5455404504,0,1224277390,1095326274,160.0,6882126368,0.19051718011567337,5.27228094845003,0.17789231474919642,0.15915521096691376,0.17153592592510877,91.04956558603492,5.309584704492501,4.75,1,57.8,-0.007231972691952748,0.9657015715666395,-0.07767906380122963,-0.08141257625948586,6882126367.0,-0.18204119978175778,-96.62566059850373,3.0560997296833694
이노테라피,2019,2019-02,20200,25200,128.89,2.83,"18,000",463,2019-01-16,2019-01-17,2019-02-01,4969184,8831818630,3115748142,439879288,1361636589,2227092000,-13206148503,108974231,-1914864994,-1923696250,7.5,301690640,-0.1657315769946364,20.077823327748952,-6.347114361917227,-6.37638691740652,0.17697163663196974,-387.125179908814,-5.298572445990414,29.41,1,51.65,-0.045621835620076615,13.748774683319642,6.704100913244187,8.481525197263466,301690639.0,-0.1497194944495172,219.00129880479375,-4.128163923914524
이닉스,2024,2024-02,9200,11000,670.6,28.06,"14,000",1997,2024-01-11,2024-01-17,2024-02-01,9071428,61791284198,31306105807,14203275336,510973586,3000000000,75123515790,259625293,7866179932,8076980002,165.0,93373486764,0.18772211369303335,4.350495412940575,0.08424425610110978,0.08650185702515788,0.10304486258655131,890.3758043386333,9.964575150910749,66.14,18,81.05,0.017684865265707006,-0.2072003826470059,0.0022350280866490907,-0.008002663847120006,93373486763.0,-0.04532580203871696,-300.39711002501485,2.197780572458961
이더블유케이,2017,2017-08,4200,5000,588.13,25.95,"5,000",1160,2017-08-03,2017-08-04,2017-08-22,6586600,17750273205,22458934731,16877890119,12602942104,2427500000,6914012058,1256041775,4425796531,3263307275,139.0,28569861116,2.7818525565021304,1.051687923066754,0.15491137716876818,0.11422202095243815,0.3079302380930873,495.44640254456016,2.42405533961046,64.53,6,68.99,-2.2109247418735283,0.06413027521041992,0.04589862360926325,0.06024455345444423,28569861115.0,0.1368605558057653,358.2795082440106,-0.4703686304033239
이루다,2020,2020-08,7500,9000,1,7.8,"9,000",3039,2020-07-20,2020-07-21,2020-08-06,7065000,17409766172,11095954881,10226411201,3170894743,2910000000,9790110620,244499183,701387081,801854175,96.1,5140929992,1.0349717873222477,1.7024316575787182,0.1364319455996202,0.15597453695105679,0.06194502477889793,113.49669851380042,21.540766173593095,43.95,2,49.4,0.22914880774302837,-0.6818894103603548,-0.027863030320778276,0.018832590156647927,5140929991.0,-0.18004083469975013,-301.9672280254777,17.475921989556852
이삭엔지니어링,2021,2021-04,9500,11500,1427,20,"11,500",2262,2021-04-06,2021-04-07,2021-04-21,7803000,19632023798,13112516830,7157353576,7716128425,220000000,17398058627,0,5297023874,4702461742,127.4,44844543577,0.8442179876848698,2.742916580763873,0.11811969643318553,0.10486140267936214,0.2669114595176446,602.6479228501859,3.373792350591169,63.77,2,73.6,-0.7990990642501016,1.2337956340938132,0.016054820802779673,0.02307645773611071,44844543576.0,0.05915203101717781,259.2951304626426,-0.4929591133180824
이에스브이,2015,2015-12,13000,15000,23.29,2.38,"10,000",559,2015-12-10,2015-12-11,2015-12-24,5227400,18369045701,1282279701,6034474893,5497990191,1800000000,6658931418,-340071100,5240171819,4215015076,36.0,44970161508,1.4204536883621257,3.044017255305531,0.11652552811196366,0.09372915138964237,0.5191633937407519,806.331077782454,1.5493500210360183,42.09,1,67.77,-2.436782803641395,1.2765962125690455,0.03293955125363994,0.01372450558772155,44970161507.0,-0.24450415214025012,292.7181354019207,0.2959853469868914
이에이트,2024,2024-02,14500,18500,630.64,1.52,"20,000",381,2024-01-29,2024-02-02,2024-02-23,9465149,2274984641,5171821308,12417253609,1641757629,4150624500,-34237236016,21732990,-4353776321,-4808043488,13.0,2186117279,-0.4676224194899646,0.1832115790363737,-1.9915566117255872,-2.199352950633716,0.15992226557117206,-507.97335446066404,1.5187287544164123,30.21,36,57.25,-0.048395093863043304,-0.10511537913012647,22.940486763056803,24.05534958066601,2186117278.0,-0.16124314568268933,349.56565712806,1.2571178334134832
이엔드디,2020,2020-07,12350,14400,1,8.57,"14,400",808,2020-07-14,2020-07-15,2020-07-30,9353300,31205441628,14756981039,30428324342,2067218031,3410335000,7452236307,-340816372,5485043299,2971894193,45.8,25308128772,3.0884146773753005,1.0255392731215025,0.21673049589776286,0.1174284444248599,0.28245232961225586,317.7375036618092,2.4552003621293563,20.06,3,28.94,-0.6162946950690618,0.15265872876318531,0.04883973797028146,0.011208148744813379,25308128771.0,-0.5472166321106532,-344.495144922113,1.3840904715023865
이엔셀,2024,2024-08,13600,15300,949.3,0.47,"15,300",928,2024-08-02,2024-08-08,2024-08-23,9349954,20656201,19982269,2609400,2758742,4415688,0,-65312205,-2929307,-2903334,12.4,1790340,-0.08815187246259092,7.916073043611558,-1.6361735759688103,-1.62166627567948,0.04767651982460672,-0.31051853303235505,-12.040502412345308,21.35,60,66.69,0.014423645658805537,-0.444450444319493,-0.5193976691022442,-1.14156231864479,1790339.0,-0.03922761462387184,0.2299675485034472,-8.806461777748641
이엘피,2017,2017-04,17000,20000,527.12,11.26,"20,000",738,2017-03-23,2017-03-24,2017-04-06,4839500,19887973041,7912518477,3483441755,2846400000,2007750000,16348534698,33770428,7055563159,6263218209,12.0,18779581958,0.3441991724130735,5.709288238407764,0.37570395202510715,0.333512120930461,0.34057636946096015,1294.187045975824,3.0430809389909963,22.26,6,31.14,-0.3400693258514559,3.1382641108535,0.18266630276239362,0.1436824642348479,18779581957.0,0.08032285701820913,663.479948341771,-0.9450601698049144
이오플로우,2020,2020-09,18000,21000,150,5.79,"19,000",686,2020-08-27,2020-08-28,2020-09-14,11132576,3172127583,4099759398,1145132220,5328945832,934464000,-54730046470,666650040,-2782521501,-2593643257,5.3,0,-0.12185597857683134,2.77009722335819,0.0,0.0,0.0488179065223502,-232.97781726349768,-0.28672156844548313,21.75,2,43.0,0.007621674665814093,-2.496333700200894,0.0,0.0,0.0,-0.137319403777789,610.3776188008958,0.1239745797412054
이원다이애그노믹스,2018,2018-06,4700,5700,749.79,27.87,"6,500",831,2018-06-11,2018-06-12,2018-06-26,35957859,8665160890,4163466938,2814809727,0,2854509400,-13806396445,-101174,-980772394,-951902114,70.8,2001594453,-0.2570135824394645,3.0784179857283833,-0.48999555955504037,-0.4755719184639447,0.0869159183670959,-26.47271390657603,-10.21013454524292,25.72,3,51.33,0.041628193264270474,-0.3076834452507682,1.1091141180422293,1.4040634799832268,2001594452.0,-0.5210940561960555,142.6183175143993,-8.090249449075419
이즈미디어,2017,2017-07,7500,10000,129.22,1.38,"7,500",14,2017-07-10,2017-07-11,2017-07-26,7045100,40622105286,15891971656,25653083644,8585909934,2799750000,19095180739,-2773630935,594872643,-1475670124,24.8,11128678545,1.7906206130839242,1.5835174378929335,0.05345402336805479,-0.1326006603598954,-0.07717415338528939,-209.46049367645597,37.445129854458614,46.06,6,57.45,0.08120950959471829,0.11469206513108832,-0.046712937626371444,-0.22926901384170545,11128678544.0,-0.27698191341330053,-800.9180355140452,32.61512605243934
이지케어텍,2019,2019-03,10100,12300,1,38.37,"12,300",1272,2019-03-05,2019-03-06,2019-03-22,6386000,29049283271,13276349175,8071217486,2034984530,2523500000,29619051846,-756385348,3030227270,3195823800,159.8,40354588699,0.3219954248520281,3.5991203707975514,0.07509002985018876,0.07919356640795581,0.10182268676245139,500.44218603194486,10.63267786841612,35.4,1,43.34,-0.040502031350199585,-0.27270787792922624,-0.006036560598957949,0.014079537617036578,40354588698.0,-0.023558042348379202,-64.1674924835578,4.223712526525748
이지트로닉스,2022,2022-02,19000,22000,1343.51,2.73,"22,000",887,2022-01-13,2022-01-14,2022-02-04,7972631,16296547229,19581676951,10634928815,5336432781,2990000000,9721342172,-57866378,341581866,157582927,15.9,12279467534,1.2622114157418525,1.5323607249739735,0.027817319037182285,0.012833042358202956,0.012453726514790691,19.76548607354335,58.278452592093984,0.35,1,55.16,0.08799402334173245,-0.19511360799494715,-0.156534603544576,-0.21859535942602243,12279467533.0,-0.27180748049192266,-425.7709483857964,51.34554981499279
인바이오,2020,2020-12,5100,5800,1,8,"5,800",1414,2020-11-25,2020-11-26,2020-12-11,10084400,45591770549,16889147911,27590024102,959491701,4202750000,-1417267145,446285434,3265028024,1979806606,110.3,26775491423,8.834023126031113,1.6524730235989555,0.12194091874613958,0.0739409998017574,0.6126078446708838,196.3236886676451,10.392377158046715,24.67,1,55.68,-28.453109723991638,0.28351146625203416,-0.009933343957871488,0.043697796104668056,26775491422.0,-0.5108716062742775,95.15030185236604,4.03791778283252
인벤티지랩,2022,2022-11,19000,26000,14.37,20.8,"12,000",5,2022-11-08,2022-11-09,2022-11-22,8473148,16107761619,9209106805,2384751648,2238725934,3567074000,-15596539696,3188129815,-6414418228,-6325278432,24.6,1098118883,-0.5229388006778294,6.7544818063167975,-5.841278505726233,-5.760103509667085,0.7154211215516653,-746.5086685609646,-3.2260744632568414,19.44,3,60.71,1.1964753435142117,-2.4712193423608957,-0.7074644645246426,-0.7802542266307126,1098118882.0,-2.330796613085645,347.6845715429496,-0.45442189269189814
인스웨이브시스템즈,2023,2023-09,20000,24000,672.42,7.46,"24,000",618,2023-09-06,2023-09-12,2023-09-25,4901526,20797655,9800088,9242910,1166302,1984263,11480250,-800881,316611,180579,114.6,14011366,0.8219768230788765,2.250119821571345,0.022596726115069722,0.012888036755302801,0.014259653154797929,0.03684138368336718,63.76446491120018,60.14,6,81.83,-0.37448693812949807,0.28831429959593846,-0.1387442470569543,-0.11069085329342247,14011365.0,-0.36409861372020147,-1.0631654305210254,61.605787175000316
인스피언,2024,2024-10,8000,10000,1069.68,2.4,"12,000",1538,2024-09-23,2024-09-27,2024-10-18,10137772,17589216934,10046012793,5741307581,0,782027200,19300543333,1811351613,592648553,610369849,31.8,6863673499,0.26223294038930034,3.063625608948193,0.08634567962569106,0.08892757633196387,0.02787850641514746,60.20749421075952,36.94250502287146,30.93,6,82.25,-0.04900445893947619,1.543338330610093,-0.16438304715739638,-0.22542735542319609,6863673498.0,-0.23927770579027932,-438.5129531419724,32.24950122638318
인카금융서비스,2022,2022-02,23000,27000,13,0.7,"18,000",25,2022-01-24,2022-01-25,2022-02-17,5137980,167881993795,22834367690,146424906412,7480384754,2246995000,30524085429,-14400000,15688207845,11726343887,-20.0,233841817443,4.698439803739857,1.1465398743204627,0.0670889750026172,0.05014647942452957,0.35798327954558196,2282.2867911124604,2.3464165367194623,0.93,1,56.6,-2.449482181949115,0.045823956113017816,0.01837319031162661,0.01264770704456035,233841817442.0,-0.17876916430886602,85.29798734132874,0.6358638169132405
인크로스,2016,2016-10,38000,43000,492.1,6.10,"43,000",1048,2016-10-13,2016-10-14,2016-10-31,2939035,49412502,6603752,31226352,56998,1316200,6158321,1575198,3965962,3250798,10.2,13706638,3.4568310905565136,1.5823975211705805,0.28934608180357574,0.23716961081192922,0.3592153524324899,1.1060766544120775,6.236293741594095,40.05,1,68.63,-2.0401046441134225,0.17496568258773215,0.08058047921766356,0.24585389920049944,13706637.0,0.3992513651788322,1.1844217574816225,2.363969882841673
인터파크INT,2014,2014-02,5700,6700,484,86,"7,700",492,2014-01-16,2014-01-17,2014-02-06,32605628,195852212892,146049599036,201850640648,40908862774,13515095000,29050514447,-615023890,16643329432,10919723800,129.9,281820617760,5.786796541663348,0.9702828401399011,0.05905646493960052,0.03874707211556572,0.26029967532069176,334.9030357581213,5.956879536096897,73.31,1,88.5,-2.929574850809356,0.056174285330484186,0.01582316295989422,0.008124148233733912,281820617759.0,-0.0920032835324257,0.28969103125388074,0.26112398468483367
인텔리안테크,2016,2016-10,18000,20500,319,1.30,"19,000",745,2016-09-28,2016-09-29,2016-10-18,7165110,43351394318,27772371273,20205204750,15416639620,2835805000,24753318082,-756749351,7092996234,5807500801,-10.3,42472182841,1.32756962641905,2.145555803783676,0.1670033362908031,0.13673657468327247,0.21643634138452958,810.5250025470649,5.005207961456814,24.44,4,54.26,0.07523197685325766,-0.6197379957454938,0.07926651134642454,0.0466075597926628,42472182840.0,-0.035948164388725085,62.22907115173393,-0.6691573879199781
인포마크,2015,2015-09,12000,14000,251.2,12.00,"14,000",381,2015-09-09,2015-09-10,2015-09-23,3503708,30166262542,13135524276,19399777309,2339277675,1444304000,8912432603,265050260,3029454532,2783784770,43.6,34275795725,2.0466476370116182,1.5549798361863247,0.08838465943448202,0.08121721789728048,0.26208252960686435,794.5253343029727,7.117694491280122,17.12,6,56.26,-1.0332237896054304,0.27354278068140125,0.029859005817889694,0.03324847929511273,34275795724.0,-0.1960264328556855,-172.82329691857888,3.6233566762070795
일진하이솔루스,2021,2021-09,25700,34300,1471.01,61.52,"34,300",654,2021-08-19,2021-08-20,2021-09-01,36313190,45875930865,32438662892,20160906252,3880965653,14525265000,16306010262,23441446590,1147007298,1054483667,159.8,18028796428,0.4429826086585712,2.2754895187536035,0.06362084693677146,0.058488855382620664,0.01942934923874914,29.03858534598585,47.316806045291614,59.56,1,76.0,-0.0847179720028064,0.22200113122017973,-0.06916638887744998,-0.07873975431046973,18028796427.0,-0.2733061910631287,-399.97549215588054,43.7864957380331
잇츠스킨,2015,2015-12,208500,253000,11.53,8.7,"170,000",219,2015-12-10,2015-12-11,2015-12-28,8735650,172149977839,13054500459,28502982671,996038990,4027000000,135187724330,-2795817693,78142609868,62079081728,-10.6,225334026008,0.21623851406091812,6.039718012183751,0.3467856641643003,0.27549803652731975,0.4550621556672314,7106.406704481064,1.9925807046887818,74.96,6,90.09,-0.7127856268380394,4.0790605189164,-0.06432652759001445,-0.04140921301267936,225334026007.0,-0.4974331680639378,-1641.6000383486062,1.1832817754556735
잉글우드랩,2016,2016-10,5700,6700,226.37,0,"6,000",350,2016-09-26,2016-09-27,2016-10-14,17366154,28900208,19779963,10592819,13585794,3239039,2397040,278764,2854247,1629960,21.7,30705746,4.087786100155152,2.728283000021052,0.09295481699093062,0.053083224227804135,0.27557113519327564,0.09385843290345117,8.584245862393828,74.61,6,75.82,0.13686588804166,-0.007515677968820356,-0.010660003315162772,-0.03960617392939837,30705745.0,-0.8770574019973527,-0.18750893260534254,4.405367128106304
자람테크놀로지,2023,2023-03,16000,20000,1702.43,11.16,"22,000",1030,2023-02-15,2023-02-16,2023-03-07,6197730,16522620918,4781821376,1996875030,158442096,2733915000,10591890831,0,850103649,943895366,94.1,9439520991,0.16174009687174468,8.274238833063079,0.09005792241052499,0.09999398983274108,0.07083214163335651,152.29694839884925,22.525635774561884,57.59,2,85.86,-0.03570379819361208,0.0802221280639408,0.06967789777932003,0.018284307248447457,9439520990.0,-0.039217881951003036,-36.54881722824325,-39.87199687243879
자이글,2016,2016-09,20000,23000,18.9,0,"11,000",611,2016-08-18,2016-08-19,2016-09-06,13530910,33405927,27297036,7113619,88639,5600000,32295280,0,7188865,5741804,17.3,34501352,0.1900568619627563,4.696052318798631,0.20836473306901132,0.16642257961369167,0.1515176560247081,0.42434721685385535,7.442162984003733,64.15,6,67.41,-0.15695874765933934,1.5675478505853992,0.04458531377427036,0.03408507840702335,34501351.0,-0.33963807125399104,-0.5725008887059333,4.577086448276587
자이언트스텝,2021,2021-03,9000,11000,1691,23.36,"11,000",2342,2021-03-09,2021-03-10,2021-03-24,9427956,15684362189,6514969026,6577210913,1161333809,3992982500,-475810882,384964927,-1748812602,-1759481778,160.0,13563389810,1.9831558001002756,2.3846524608173225,-0.12893624871790071,-0.1297228644643665,-0.45090215519354665,-186.62388517723247,-8.268917136382804,18.91,1,69.14,-0.01206552676464212,0.9464737264302545,-0.003943563896301738,0.01849897983120674,13563389809.0,0.1782931588996884,146.6597457603748,-5.686641003015149
자이에스앤디,2019,2019-11,4200,5200,768.58,5.1,"5,200",665,2019-10-21,2019-10-22,2019-11-06,26782520,109575573334,103222316525,71938295165,46915763829,17982520000,31842343147,0,7761543704,5764961170,17.7,133320542676,2.385436737544884,1.5231883530555446,0.05821716254832806,0.04324135691534199,0.11570450586068722,215.25088639903936,12.103755959859503,61.17,6,73.34,-0.29038099049208865,-0.6104485200989345,-0.009945783724081898,-0.00714050769052043,133320542675.0,-0.1723955537815759,-184.86224193989216,9.46784656852254
장원테크,2016,2016-07,15000,17500,216.32,11.30,"17,500",854,2016-07-04,2016-07-05,2016-07-15,6045000,31446616038,53068912791,36221501329,5401303171,2400000000,35877883128,1614841201,3974225223,3246650299,-2.0,36459751155,1.0433683133979976,0.8681753898705163,0.10900308140076223,0.08904751667661238,0.08138452195504353,537.0802810587262,10.792726109423114,34.74,6,64.43,-0.06701829076070176,-0.022301824915357926,-0.01976392388083592,-0.016543359048913714,36459751154.0,-0.49544317392615267,-2999.8288267990074,9.2560721530174
저스템,2022,2022-10,9500,11500,283.4,9.64,"10,500",82,2022-10-13,2022-10-14,2022-10-28,6941600,19744647602,31276612663,13778824518,8198832553,2585000000,24475255821,-28179623,4319989154,3890230882,18.1,22960666629,0.8130214235126358,1.4329703942601586,0.1881473749783783,0.16943022364544605,0.14391165715520673,560.4227961853175,6.723073174178622,25.79,2,49.49,-0.12600243567166036,-0.034765695495649895,0.027669877540243443,0.041562621901649055,22960666628.0,-0.10953443181299719,-265.30642575198806,3.579230659004706
전진건설로봇,2024,2024-08,13800,15700,870.2,6.55,"16,500",1087,2024-07-30,2024-08-05,2024-08-19,15360574,110456801755,51135059601,55114870159,1478650358,8774543000,81391509055,-8745519943,8002054349,7987597765,24.5,41700190448,0.6950767705515778,2.0041197853926707,0.1918949113428759,0.19154823225473053,0.0981029914421643,520.0064636256432,13.121423107070177,20.04,6,83.8,-0.0019398098384153517,-0.04667477097893258,-0.015876523359660777,0.008762797984204457,41700190447.0,-0.27606395800199524,-1364.5443567408354,9.948904936905976
전진바이오팜,2018,2018-12,15000,17000,14.69,27.2,"10,000",24,2018-11-28,2018-11-29,2018-12-14,4733428,2550141653,1074668784,2769010588,432473190,2109214000,-13942713660,-1032305278,-1613432097,-1756111764,27.5,1245091612,-0.2488366482647508,0.9209577110508326,-1.2958340426117978,-1.4104277525242856,0.1364945118057253,-371.0021075634825,-0.26237649529046153,10.69,1,29.76,0.09125572785975247,-0.8984195780681946,-0.4161414961959451,-0.4407124325461206,1245091611.0,-0.13371203288981365,271.4393826207983,-0.17901638822699117
제너셈,2015,2015-09,9000,10500,326.77,4.15,"10,500",797,2015-09-09,2015-09-10,2015-09-25,4384587,13843834056,13478967618,9234002648,5003541254,1522793500,8055209011,3507255261,2541095035,2222163720,0.0,16305050828,1.088059872421136,1.4992235310868627,0.15584710908329588,0.13628683181925252,0.16982192928251014,506.81255041808953,5.149456274467909,44.04,6,54.49,-0.20934812809629366,0.22228437810979518,-0.018351587549655046,-0.019903066981340506,16305050827.0,-0.2902167431263135,-639.9914890501659,3.200447919822673
제노레이,2018,2018-05,17500,20500,907.12,30.41,"23,000",1028,2018-05-09,2018-05-10,2018-05-28,4028700,24703577548,13029610281,10583989488,2851612582,1777612000,14704977882,484343810,6203087701,5169983224,62.4,44491538033,0.7918697811812018,2.334051595195613,0.13942174119490053,0.11620149476885584,0.3047093433528107,1283.288213071214,3.9170147078660498,33.65,6,39.88,-0.8175911312876151,0.7912981120508371,0.01947087293042249,0.031955142765409214,44491538032.0,0.025504491783218508,482.82641249038136,0.6934512965832704
제노코,2021,2021-03,27000,33000,1452,21.85,"36,000",2095,2021-03-09,2021-03-10,2021-03-24,2442140,28806826723,4431712823,24248325778,1229800928,1000720000,2209236902,85010092,1641595961,1212648644,122.5,24389761911,7.732437609358342,1.1879923994231318,0.06730676449365525,0.04971957694482801,0.36803058914040215,496.5516489636139,4.727358634138355,43.06,1,62.22,4.4485559705655415,-0.17384262273839912,0.09966573389799072,0.07698515551899338,24389761910.0,0.5752250664273839,833.1109039612799,11.589848527992391
제노포커스,2015,2015-05,8000,9000,842.79,60.4,"11,000",1207,2015-05-13,2015-05-14,2015-05-29,7356170,8376169203,8565038471,3490844688,3788987937,3060085000,-2109342813,128719962,1391658801,2181557522,130.0,6148463824,6.743944316847,2.3994677367897843,0.2263425208045918,0.35481342729617726,2.020967130733548,296.56159686358524,6.942344662396886,50.1,1,63.2,11.084855938270987,-6.1759173244889976,0.12500501066832315,0.29379213493439715,6148463823.0,2.1167218111667467,276.6231757830501,-2.7095069111004033
제놀루션,2020,2020-07,12000,14000,1,21.36,"14,000",894,2020-07-08,2020-07-09,2020-07-24,4065584,7677851519,10623868095,10416208569,4213536876,1620792000,-6599219363,0,737161437,-1079249933,76.8,3301702672,-2.938627879504526,0.7371061618188303,0.2232670564952676,-0.3268767785035733,0.21678531277187182,-265.4600010724167,4.981234753602554,25.14,2,32.34,-0.19687815964561084,0.0763854217435167,0.1857983987242002,-0.2542322569847406,3301702671.0,0.1438579407571156,-194.86967456581885,-12.844881023367506
제닉스,2024,2024-09,28000,34000,1051.52,1.6,"40,000",895,2024-09-05,2024-09-11,2024-09-30,4372640,38157939625,23231132338,26514874619,3936298584,398000000,22743331803,498992887,2891995483,3445427331,15.0,30740261859,1.2881030020658315,1.439114465872557,0.09407842705651169,0.11208191221023261,0.14574365522388263,787.9512905247174,10.697768700491432,36.59,30,71.43,-0.7544213566449245,0.32538555141465286,0.04206381452878331,0.06098994233004832,30740261858.0,-0.0190836300096012,71.68835943503245,4.367340121033784
제이아이테크,2022,2022-11,13000,16000,616.71,3.8,"16,000",29,2022-10-20,2022-10-21,2022-11-04,8196186,28871915969,18067375372,16186206811,728426896,651545000,22554642649,-29536702,6849442630,5459738427,-25.6,31496649226,0.7298135414680973,1.783735763797291,0.21746575582858796,0.1733434686281825,0.23557063699519157,666.1315918159983,4.383518376005435,55.91,2,62.7,0.05251176055537732,-0.0329271712469803,-0.05712486151467211,-0.05785247066701241,31496649225.0,-0.031951914572134504,87.9428960006519,0.22092136679998386
제이앤티씨,2020,2020-03,8500,10500,1,6.72,"11,000",3,2020-02-19,2020-02-20,2020-03-04,57848466,157278683573,265060901957,127321898650,49729910904,25924233000,168745579470,3867693198,32626056531,37013933125,-5.9,224901706090,0.8917801649531701,1.2352838375851536,0.14506807039491232,0.1645782674062417,0.18643295129785573,639.8429497681062,7.518155794983595,71.38,6,72.13,-0.09598320834845908,0.21617605647704585,0.033904967881527484,0.04199874113299032,224901706089.0,0.008666921135878858,153.84084530435086,-0.5185689941585236
제이에스코퍼레이션,2016,2016-02,19000,23000,433.6,35.9,"23,000",478,2016-01-20,2016-01-21,2016-02-04,12687732,117182,48500,59656,7198,1188,73500,704,18716,20559,64.1,195684,0.886751910016978,1.9642952930132762,0.0956439974653012,0.1050622432084381,0.2726947156196944,0.0016203841632216065,5.280401795255396,55.85,6,79.3,-0.3218963367925872,0.35223915435561737,-0.03662731246646997,-0.012618594061173827,195683.0,-0.06465063015087752,0.00011822443916690542,2.6575841311717436
제이엘케이인스펙션,2019,2019-12,11000,14500,69.81,0,"9,000",8,2019-11-26,2019-11-27,2019-12-11,14894862,21083839055,1706248497,710930540,2133847117,1283486200,-23200006378,1443284771,-7749966319,-7658330535,0.0,115892489,-0.13895105489908754,29.656679336071285,-66.87203274234622,-66.08133625467308,0.3740654753757944,-514.1592137610943,-2.5735995582460287,25.81,3,52.43,0.09044732620916832,24.492443511097605,-54.14973065959763,-48.784318956467715,115892488.0,-0.058643037578277823,-92.72228859857853,-1.2534529045258036
제이오,2023,2023-02,10000,13000,352.61,5.79,"13,000",142,2023-02-01,2023-02-02,2023-02-16,31359350,45947902046,38618020423,18203871051,10529400840,2725935000,-7775335336,149615148,-2790215030,-7732192791,65.4,32726222377,-5.864190120287371,2.52407314451263,-0.08525930667637839,-0.23626902921842233,1.578067709975697,-246.5673807333379,-20.010160499350476,7.01,1,75.44,-37.427127505240115,-0.2147756626516495,-0.035256929779270856,-0.05069641167223615,32726222376.0,9.1660117785283,219.1656145296379,-13.147932958364134
제일모직,2014,2014-12,45000,53000,465,58.25,"53,000",195,2014-12-03,2014-12-04,2014-12-18,135000000,1652382108,7135024213,1214332521,3141923748,12500000,2465060997,1953589055,135270960,429259241,113.2,3614930239,0.9830983419380717,1.3607328136442127,0.03742007481655305,0.11874620327908353,0.09687309975121555,3.1796980814814817,32.7575856044786,23.24,6,88.27,-0.1829185703866063,0.40845515767129437,0.002983988198594252,0.10473773284115949,3614930238.0,0.08542953792215253,2.84494142962963,-2.790458145632847
제일엠앤에스,2024,2024-04,15000,18000,645.91,4.9,"22,000",1438,2024-04-05,2024-04-12,2024-04-30,18103287,175708,45691,155522,16195,9078,-24334,333,1763,-4363,22.7,143173,-11.506868592106144,1.1297951415233858,0.012313774245143986,-0.0304736228199451,0.29236748643034244,-0.00024100595654258809,28.180374361883153,39.04,30,82.23,-6.794243129876879,0.03189612744331516,-0.020000085636528123,0.26972682333439846,143172.0,-0.7976718397421056,0.000784829848855625,13.940254301853138
제일전기공업,2020,2020-11,15000,17000,1196,8.32,"17,000",1396,2020-11-10,2020-11-11,2020-11-26,11110000,61747175782,49232683812,36685902116,708601869,4800000000,68785355609,0,11585204880,10058604977,68.5,77852155628,0.5081786134689331,1.6831309091638749,0.14881032884121337,0.1292013675904224,0.13669302667295613,905.3649844284429,6.351666316754858,60.52,2,73.9,-0.0880010892108739,0.24318646712372516,0.03340810557374947,0.032542399630720156,77852155627.0,-0.08567828057102114,-366.1495594959496,2.585068685764809
제일홀딩스,2017,2017-06,20700,22700,114,2.88,"20,700",21,2017-06-12,2017-06-13,2017-06-30,70718000,1950912,5117145,2769541,1984076,5033,707632,-358856,450742,371782,-8.0,6196497,13.435545732301891,0.7044170857192582,0.0727414214837835,0.059998737996645526,1.050798594722011,0.005257247094092027,5.134733395157318,29.74,6,66.5,-2.9141374329608123,-0.23106363330921564,0.004061669029342643,0.02589717218864608,6196496.0,0.47861245144248443,0.002791623066263186,-0.2872505724932166
제주맥주,2021,2021-05,2600,2900,1356,5.18,"3,200",1748,2021-05-10,2021-05-11,2021-05-26,55995890,25714288173,37175017654,23393186039,5566984685,23691515000,-41430974723,908700365,-4395696565,-10611327531,53.1,21554912796,-1.7206692881765104,1.099221291624423,-0.2039301483889891,-0.4922927608860088,0.6304722980877403,-189.5018997108538,-7.718716385738514,21.96,2,67.84,0.8905987972467739,0.8578433082256505,1.0966729862975821,1.414981223601795,21554912795.0,0.00106747933207052,59.713577389340514,-9.339819201070435
제주항공,2015,2015-11,23000,28000,378.67,77.9,"30,000",449,2015-10-21,2015-10-22,2015-11-06,25906758,228856155510,114347984499,166886205150,59728332424,112033790000,2601365410,501793426,30678400478,32314604393,60.3,286765702030,1.9682173261060412,1.3713305740537416,0.10698071722255885,0.11268643413158037,0.28066233055236356,1247.342658351925,3.8003807440550355,57.2,6,73.32,-0.32405902548551446,0.06144281903157678,0.0491720055760225,0.05000578959094841,286765702029.0,-0.1189716016592911,11.87307257820521,1.0872057436388074
제테마,2019,2019-11,36000,48000,12.41,0,"21,000",590,2019-10-30,2019-10-31,2019-11-14,8508012,16610761881,39363432424,41206973055,9436858432,3237039500,-27028829691,1776522528,-4309768802,-6961077219,-17.6,6356016501,-2.3003959008009085,0.4031056068794277,-0.6780612985070034,-1.0951949570780386,0.3161931676487925,-818.1790551071155,-1.236809458439251,24.88,2,50.77,0.9796208410512852,-0.04016413671986491,-0.27200646244014803,0.3102418110580947,6356016500.0,-0.600964830964495,1033.1967216313283,-2.3452962689297836
젠큐릭스,2020,2020-06,22700,26100,77,0,"22,700",12,2020-06-10,2020-06-11,2020-06-25,6216726,5061432587,1014304628,8322446747,441102152,2696363000,-41556695084,2288299392,-1498581367,-2901415156,-4.6,221133241,-0.23962433187141371,0.6081664131794534,-6.776825411788724,-13.120664911703619,0.07933426015542948,-466.7111202906482,1.7935707350884205,17.69,3,53.47,-0.17343985809273438,-0.009741370915361425,41.23857783954561,53.94387530347398,221133240.0,-0.19230870318035392,1007.0962318429346,1.8172270652104483
지노믹트리,2019,2019-03,17000,25000,372,22.8,"27,000",13,2019-03-11,2019-03-12,2019-03-27,20008001,8950782820,5618895032,1281402427,1295585144,7974589000,0,-8678742864,-1717048561,-1669396314,1.1,261525636,-3.6596938577617464,6.9851458303816685,-6.565507639182264,-6.383298935940643,2.3707834315029763,-83.4364369533968,-6.9844793871266635,17.66,2,55.31,-2.9920577428364474,-0.9681534754067904,-2.1419174156254543,-1.7246212243637,261525635.0,1.6956281779990323,22.17055142090406,-2.849546623580708
지놈앤컴퍼니,2020,2020-12,36000,40000,1,7.56,"40,000",1175,2020-12-07,2020-12-08,2020-12-23,13188237,30747727876,3790703730,24314623730,4576038311,4649179000,-119926760751,-5798708,-10590670659,578563588,72.0,52631580,-0.25060561137235937,1.2645775734568605,-201.22273849654522,10.99270795214584,-0.005018620946891503,43.86966870552902,-0.533277801458258,26.56,2,59.16,0.39142985825144105,0.7975496543291498,100.33357096931883,1858.3059840780604,52631579.0,-0.7347515964058828,6463.87292918682,-3.377320163370478
지누스,2019,2019-10,80000,90000,45.68,13.73,"70,000",0,2019-10-16,2019-10-17,2019-10-30,14646140,385887640595,208271517965,291669941857,85126919853,6224570000,211439405663,-301678813,42247308222,32618625149,18.6,338460162367,1.7334968721370503,1.3230284825996677,0.12482209996752967,0.09637360249691923,0.150065699625496,2227.114116688766,5.144997539436372,35.7,6,44.52,-0.1872696795651112,-0.09675876477601175,0.039441421609259106,0.026236295912487884,338460162366.0,-0.09736091770753608,-750.3853043873673,1.8249594568957619
지니너스,2021,2021-11,24700,32200,66.03,0.10,"20,000",162,2021-10-21,2021-10-22,2021-11-08,10869315,15817938681,8460800202,3449646841,3611151433,4434657500,0,-16850058379,-3420026285,-4853267596,-33.0,3121323171,-0.5687128706365793,4.58537914461256,-1.0956975928590895,-1.554875073844124,0.39090703903158275,-446.51089751286077,-5.034446865077237,37.26,1,68.26,3.139518684123342,3.998769904303132,-0.1034584412930728,0.8569755601061708,3121323170.0,-0.4244659099442395,395.4599942130668,-8.281159252887319
지니언스,2017,2017-08,12000,13500,620.04,14.5,"13,500",923,2017-07-17,2017-07-18,2017-08-02,4854900,21971799477,5175596305,4887489470,2131663182,625000000,12967333020,260897288,4208086975,3657962582,12.6,20614790949,0.5066798498214934,4.495518529884423,0.20412950028989402,0.17744359334274226,0.2640512357531218,753.457863601722,4.783228875634159,50.45,6,61.44,-0.9898983047073983,0.4480143287203431,-0.02553104042174284,-0.014668549957406962,20614790948.0,-0.035815721284982005,141.1964285567159,1.9936424461315965
지아이이노베이션,2023,2023-03,16000,21000,26.7,2.49,"13,000",262,2023-03-15,2023-03-16,2023-03-30,22004200,98452520296,47261273773,11398092233,4723879823,10002100000,-34150030071,9284604270,-45844682268,-44667883758,55.8,3500000000,-1.084681333898724,8.637631481078751,-13.098480648,-12.762252502285714,3.0052415156636583,-2029.9708127539288,-2.8267579924630923,0.07,1,40.06,-0.39214212366768086,-16.96003470387714,-11.022143306965331,-5.8697565127555515,3499999999.0,-2.5672892203213866,1420.8782978704066,4.623909327630667
지아이텍,2021,2021-10,11500,13100,2068,25.28,"14,000",2968,2021-10-05,2021-10-06,2021-10-21,7871428,12081452588,20552846208,4323846188,6528321237,2900000000,14337335600,89218071,1912563145,1905555335,160.0,8380495876,0.6263315620095654,2.7941448568475304,0.22821598784830666,0.22737978315306076,0.10997890123928039,242.08508735644918,11.388973706800149,3.24,12,69.13,-0.27331933492428784,0.6910261909430386,-0.20152429574341996,-0.13390028604002793,8380495875.0,-0.06557227947678371,-99.8493275934176,5.208391223198708
지앤비에스엔지니어링,2021,2021-10,14300,17400,1134,4.38,"17,400",1479,2021-10-14,2021-10-15,2021-10-29,7164618,30979453428,14560331021,14178966268,4901099921,3048434000,12933076101,201205607,5830306653,5406574699,10.3,29272937464,1.179039818364212,2.184888012458032,0.1991705362733118,0.18469532501304428,0.33409563614389115,754.62148840315,4.538306445062385,31.05,6,50.54,-1.2140771250863676,0.6073525934665709,0.026745687987136668,0.07726312558867932,29272937463.0,-0.09226950031210612,118.96550102182698,1.6709590042453857
지오엘리먼트,2021,2021-11,7600,8700,1613.84,15.34,"10,000",1537,2021-10-28,2021-10-29,2021-11-11,6193410,20158981249,8713326726,3106491272,1385309914,2300000000,21835850174,154653690,3881616944,3104069580,59.0,11549968592,0.1849200498741865,6.4893088323474934,0.3360716449643485,0.26875134380452004,0.12778942739843366,501.1890993814393,6.281018230478953,72.96,1,75.97,0.03070530417689868,-1.20900091966067,0.11802419073748635,0.08234284643258358,11549968591.0,0.012249887384370606,104.50607080751962,-1.149487856063728
지투파워,2022,2022-04,13500,16400,1729.63,10.87,"16,400",2029,2022-03-17,2022-03-18,2022-04-01,3686835,20598044883,5199532315,7833004055,418006969,1479592500,5792651247,176828311,2762814162,2266371069,114.9,26979753452,1.1076562234538663,2.629648183298432,0.10240323978183698,0.08400266047768479,0.3042487777475598,614.7199614303325,6.350975905414517,42.41,2,73.04,-3.5335824469721446,1.0087952637348379,-0.00021151595853305394,0.00980803002902296,26979753451.0,-0.23648006982711783,28.40993643599461,5.013816693022917
지티지웰니스,2018,2018-09,9000,9800,946.89,3.95,"11,000",514,2018-09-04,2018-09-05,2018-09-21,5652665,19900951648,8849919052,9241411684,5882905500,2414332500,6227646185,365972173,550113693,818140423,28.6,10377595527,1.678996413548152,2.153453641985808,0.05300974503860137,0.07883718544159829,0.09082425469421894,144.73534571746248,24.770431438797143,52.02,2,56.57,-0.360709945922171,-1.0192786790810944,-0.03181668974157466,-0.006941779951125104,10377595526.0,-0.22028736118897424,-220.16263337735384,18.752276460675084
진시스템,2021,2021-05,16000,20000,934,1.50,"20,000",354,2021-05-06,2021-05-07,2021-05-26,6811080,11409636655,7509348992,2667630991,3935714730,2671665000,-15518299267,314757644,3309482340,-2224057324,-13.0,13258238376,-0.5269239332344486,4.277067065682474,0.24961704912402308,-0.16774908256484344,0.17747200925343806,-326.53519324394955,3.7213191250931406,24.23,2,58.95,0.6261804830446349,4.147076541309382,2.4474270391296957,3.3930437953934875,13258238375.0,-0.1387969661307236,266.7633880383141,-1.3687577109871931
진에어,2017,2017-12,26800,31800,274.55,7.3,"31,800",134,2017-11-23,2017-11-24,2017-12-08,30000000,250412000000,101358000000,204817000000,49658000000,27000000000,70382000000,-87000000,46558000000,33507000000,-9.3,423927000000,2.615499254843517,1.222613357289678,0.10982551241133497,0.07903955162091586,0.34438563132740635,1116.9,2.0897590102667642,60.0,6,68.0,-0.26384207020717954,0.06245261940570046,0.037182798289782534,0.024385562934387393,423926999999.0,-0.1604402022840114,-194.19999999999982,0.5994091565970308
차백신연구소,2021,2021-10,11000,15000,206,1.93,"11,000",42,2021-10-05,2021-10-06,2021-10-22,26429162,23147281314,1147772639,5127502088,20657897978,11194126500,-31622770592,534557164,-2017672925,-3148949459,18.2,500000000,-1.2961338793442312,4.514338739748554,-4.03534585,-6.297898918,0.1582856991827054,-119.14677654176096,0.7386460384801962,40.29,3,60.64,0.14019319095603966,-0.695213066602836,50.394134115728015,73.91574271836795,499999999.0,-0.21248489334009252,116.96890540835157,1.1101279056581679
차이나크리스탈신소재홀딩스,2016,2016-01,2900,4200,36.3,0.9,"3,000",180,2016-01-14,2016-01-15,2016-01-28,61622771,131987158,34722462,16032478,0,30008466,86995099,40255,19792757,16978018,29.0,45250584,0.13697842397830146,8.232486456554003,0.4374033493136796,0.37519997531965554,0.1450569367951251,0.27551532857878136,7.612741469013135,38.19,1,69.66,-0.003502795165065631,-0.39810977320909835,0.004508078514587788,0.010921596046352067,45250583.0,-0.06336903266419158,-0.0629360532975708,2.218360626945178
창해에탄올,2014,2014-07,6000,6900,553,93.2,"8,300",675,2014-07-14,2014-07-15,2014-07-30,6175230,137139703720,164713562357,177346244276,22957120209,2661825000,76333458367,18545356586,6452000788,3385863020,75.9,60475954424,2.053537526322528,0.7732878938590464,0.10668704362670647,0.055986929883926125,0.03471233141008178,548.2974755596148,15.739288467055284,30.37,6,64.67,-0.007154012197457149,0.03582064055653189,0.04267750307211726,-0.08939320735859144,60475954423.0,-0.1760655283872301,-2658.788324159586,4.50404789269624
천랩,2019,2019-12,63000,78000,51.11,0,"40,000",638,2019-12-12,2019-12-13,2019-12-26,3808948,15390838063,2190033748,1888882238,664821241,1683024000,-3124942838,1236142151,-3381219178,-3248280165,-3.7,3507187594,-12.410071890213686,8.148119429243106,-0.9640827835341619,-0.9261780494881621,15.785462446482093,-852.8024444019713,-4.444304714043592,25.24,1,60.77,-9.041933811395703,2.0556616834424952,-0.09601722615076103,-0.12726922837010424,3507187593.0,10.652791921272,-29.75354008508384,-1.2804126259225543
천보,2019,2019-02,35000,40000,891.1,15.8,"40,000",426,2019-01-21,2019-01-22,2019-02-11,10000000,59299764200,61881475202,20148282954,2154916956,3988147000,86469726234,632585274,17660130477,14851179447,18.3,83618876773,0.24484671913295097,2.9431671341615404,0.2111978916547985,0.17760558405151108,0.16303770658587363,1485.1179447,5.598941617151451,59.78,6,64.32,-0.09236993966538382,1.1331971967456838,0.005037998523367532,0.00818073771040409,83618876772.0,-0.038745734295085904,2.885202199999867,1.3323768895150208
청담글로벌,2022,2022-06,8400,9600,24.79,2.27,"6,000",42,2022-05-17,2022-05-18,2022-06-03,21257999,32010983591,5174218110,7076469521,3860000000,7662870000,9342281658,-55727077,9364857608,5817839989,27.3,135548008229,0.6452413454353835,4.523581073302838,0.0690888618014855,0.04292088142801123,0.34324705014007934,273.6776866439781,2.8028970945139435,5.64,1,58.65,-4.003379429130843,-1.5207232575535627,0.01611167461825634,0.029464874493080842,135548008228.0,0.11360998820300577,229.12388517846858,1.576845461173518
체리부로,2017,2017-12,4300,4700,265.38,0.4,"4,700",591,2017-11-16,2017-11-17,2017-12-04,27872369,98801622813,172552967604,135765015664,52721046503,11767320000,58317503000,80519671,24515056511,19847171007,-15.3,223920088679,2.686312857485738,0.7277399286537897,0.10948127367948433,0.08863506228533097,0.28286288146645117,712.0733442858768,3.3803115327438293,63.41,6,67.24,-0.5174125740346529,0.16441280893819088,0.028146924869013545,0.03605355634767097,223920088678.0,-0.022873081012434127,118.94160073009937,0.9378414695718393
칩스앤미디어,2015,2015-08,9300,10500,123.2,0,"10,500",83,2015-07-20,2015-07-21,2015-08-05,3397702,12229430310,5264866195,1059339522,495866059,1507601000,6386996825,-1238204751,177238140,275642706,56.2,2364028005,0.23364088684525905,11.544391628956896,0.07497294432432072,0.11659874816076893,0.04141022066089602,81.12621589533161,89.93036670323893,42.82,6,44.57,-0.359801717329976,7.240925997548524,-0.11282179688764044,-0.11638597809138873,2364028004.0,-0.3541050024726043,-659.9952026399019,82.22016375795516
카카오게임즈,2020,2020-09,20000,24000,1,55.7,"24,000",1521,2020-08-26,2020-08-27,2020-09-10,73204731,272652082702,448809716437,148001564262,74011393182,5720473100,126029132231,9784148013,28735476116,27807203725,160.0,202954279341,1.5686219873247764,1.8422243309492137,0.14158595822322714,0.13701215769034786,0.1964704748372931,379.85528182597926,17.380914089566986,53.64,6,68.31,-0.4537225492951036,-0.4862537516663674,0.05207594340305979,0.11433938724243262,202954279340.0,0.09364383084075656,258.7433749876084,5.456448974081672
카카오뱅크,2021,2021-08,33000,39000,1732,45,"39,000",182,2021-07-20,2021-07-21,2021-08-06,475100237,28014225745490,602137612440,351558976296,25415329378312,2048251185000,32833067812,5739818080,53979324306,46656185491,79.0,224910114524,12.347417644839656,79.68570747544511,0.24000398746068802,0.20744369629504303,0.022357507823386906,98.2028251250904,52.78826735897601,27.26,6,72.99,0.63843999952784,-9.972318441117693,0.14456717905619781,0.1115474446616689,224910114523.0,0.013289471035360028,59.32046964438791,-99.34863085658256
카카오페이,2021,2021-11,60000,90000,1714,70.44,"90,000",29,2021-10-20,2021-10-21,2021-11-03,130367125,1538410363512,64211611909,551713340822,24168381766,11114446000,-191008350116,25211151093,10780817525,11986010978,114.4,107143736899,-3.72298599122018,2.788423352641638,0.10062013736894984,0.11186851723585785,-0.07748770140015405,91.94044110430448,95.23769885280569,47.83,1,61.09,-0.37039094450121146,0.6973714274024889,0.16160901389567842,0.1579230581134348,107143736898.0,-0.09152723377100119,110.35222081487186,294.9457403503274
카페24,2018,2018-02,43000,57000,672.71,42.9,"57,000",731,2018-01-23,2018-01-24,2018-02-08,8863869,48506353362,19153304522,54893962469,3327590888,3970307000,0,-6880460471,2876178375,2275605893,48.6,83479623012,-20.006351533410246,0.8836373105583835,0.03445365792543836,0.027259417458951475,-0.7819539126292353,256.728285695558,3.2814739895956557,36.02,6,50.81,-13.11966878104025,0.19457346836151745,0.07971373995519945,0.07864043630548942,83479623011.0,-1.5032156190565371,678.6986067822077,5.455409676478276
캐리소프트,2019,2019-10,7000,9000,924.83,2.4,"9,000",1067,2019-10-14,2019-10-15,2019-10-29,5761200,3991749377,11749472179,3546495170,9176423431,2411950000,-1454594027,-632161448,89362250,-73307635,53.9,5334067169,39.124024615728075,1.1255476704906946,0.016753116743513582,-0.01374329056560105,-0.22542702710016413,-12.724369055057974,33.77604027427689,26.38,2,64.17,70.27123994221456,-0.5580738512996946,0.05401044317986775,0.20579471653383932,5334067168.0,-7.152980882895369,367.1451956189683,40.142243043753965
캐스텍코리아,2014,2014-05,5000,5800,595,85.45,"6,500",807,2014-05-08,2014-05-09,2014-05-27,12373089,70371825567,110415546929,63124274503,43489380449,4899044500,27233717544,42040955500,8566983319,7455819657,50.8,135599601286,1.4373508364166399,1.1148140096826864,0.06317852882864265,0.05498408244781305,0.10051834940829536,602.5835308385804,8.658090576585609,23.58,2,56.65,-0.01377082031992316,0.015639149391534213,-0.024022579847233966,-0.0024294047231581337,135599601285.0,-0.00878071195216934,12.498332631406697,2.5531396594229516
캡스톤파트너스,2023,2023-11,3200,3600,952,3.44,"4,000",1345,2023-10-26,2023-11-01,2023-11-15,13346380,34240222045,1128472798,5763131638,4785088225,2340500000,18514212785,300087634,1207846478,940668827,129.5,3371858096,0.4986206276626561,5.941252811098812,0.3582139116212677,0.2789763982404555,0.04446597502074028,70.48119617454321,20.549362383453502,35.73,24,66.69,-0.12828170525482935,0.3322038785322796,-0.22304311258453458,-0.22232313608888676,3371858095.0,-0.25996073371050293,-388.3789191526091,17.572498953266027
컨텍,2023,2023-11,20300,22500,198.93,1.25,"22,500",9,2023-10-20,2023-10-26,2023-11-09,14389041,49814351873,29732675048,4168394891,3030992010,6169890000,-85823438343,1992346328,-4067648306,-52132058866,-29.2,3156092272,-0.09270249125952831,11.950487699846862,-1.2888242660352738,-16.517913410992946,0.6712754568997126,-3623.0391494471382,-17.786109952840157,27.65,3,71.3,3.4111939952222206,11.41545913401898,-0.5295720704900229,-12.63924434555466,3156092271.0,0.4427588599440112,-3106.9358821063893,-39.07142591889562
컬러레이,2017,2017-08,3800,5800,60.49,0,"3,800",0,2017-07-25,2017-07-26,2017-08-10,54657894,258246769,79660677,66813131,63698,34371405,236659212,0,40079227,33666785,6.6,66162040,0.24675008949265684,3.865209804342203,0.6057737488142748,0.5088534906118373,0.12421764512309692,0.6159546688718011,6.762371365096437,52.62,1,74.39,-0.0026585525114038444,0.1310687211898407,0.027799582854079907,0.01501539080738501,66162039.0,-0.34131473219376407,-1.405721266904283,4.926990182234631
컴퍼니케이파트너스,2019,2019-05,3600,4000,865.66,27.8,"4,500",850,2019-05-08,2019-05-09,2019-05-23,15610000,27063776537,1739605009,4433706622,1143973819,7695000000,15584486630,-637097653,8156161804,6198119643,136.7,14861383788,0.24633798344625973,6.104097281202563,0.5488157711521985,0.4170620805853049,0.2737396504095046,397.060835554132,2.8476263300232096,41.64,6,74.38,0.0004537981956356796,-28.80075078958678,0.09180656690221212,0.07892720259507441,14861383787.0,0.14162964296177952,183.34583536194748,-2.7689267552949826
케어랩스,2018,2018-03,15000,18000,934.42,40.19,"20,000",886,2018-03-12,2018-03-13,2018-03-28,5977430,7587433430,23712055327,7441470265,5126340193,2167700000,7538341875,9025636424,4799733563,4001533596,160.0,28848365280,0.6709388372675041,1.01961482876395,0.1663780084734146,0.1387091974592468,0.2136238692618175,669.440477931151,3.902649606094396,37.84,1,82.6,0.14659532008509069,-0.03720331452889658,0.07755870709210193,0.06499700716877055,28848365279.0,0.14183985733947352,544.5011747523602,-7.658585589352162
케어젠,2015,2015-11,80000,90000,833.46,62.00,"110,000",263,2015-10-27,2015-10-28,2015-11-17,10710000,48724674488,25523984679,5684886370,1547633310,4545000000,58749967643,2010797844,10337827573,9757743690,-2.7,18748442271,0.11074856294946472,8.570914406509061,0.5513966133064027,0.5204562357211527,0.14941626695949856,911.0871792717087,6.48261339374924,60.6,6,74.66,-0.019076271481322044,1.7192870527225965,-0.006776769690642115,0.02525660551374098,18748442270.0,-0.12446469422367717,-410.535535760971,2.945180922235208
케이디켐,2015,2015-11,14700,17800,66.2,3.00,"16,000",5,2015-11-04,2015-11-05,2015-11-19,4034800,28977403932,15794374033,6814816724,1965841301,1400000000,34639836046,-48716106,3524896903,2971201365,-21.9,22514525492,0.2439673463798304,4.252117863999067,0.15656101232302178,0.13196819831071926,0.08255373464213461,736.3937159214831,10.210545423149359,69.64,6,70.5,-0.0892670215304541,1.1954097163422164,0.013610153069110426,0.00787279112672605,22514525491.0,-0.08536319013649246,-595.1944587092296,5.04073680453159
케이쓰리아이,2024,2024-08,12500,15500,239.23,0.5,"15,500",34,2024-07-30,2024-08-05,2024-08-20,7486442,7976397520,6695427976,2032269408,583646749,3022221000,2085884871,372638218,191527654,219774608,-31.9,3506428302,0.4772921549557867,3.9248721102630504,0.05462186518707834,0.06267762779425569,0.04009941066963763,29.356349518235767,62.94605028159537,45.76,24,63.69,-0.039393878199858734,0.09770490371217644,-0.03082122821476397,-0.028083007792109038,3506428301.0,-0.18839218671609168,-128.9607773625976,52.404319452142744
케이엔알시스템,2024,2024-03,9000,11000,873.2,14.71,"13,500",2267,2024-02-16,2024-02-22,2024-03-07,10867713,13671832354,22616750878,30439860130,866063754,870059300,-10149814953,1797737063,-6655066594,-6716915237,100.4,8127683890,-4.184154784892081,0.4491424170679985,-0.8188146443771204,-0.826424271404581,0.897741051589662,-618.061521959588,-0.7487016512339951,35.39,36,75.58,30.585864674748244,-0.026045318907908732,-0.8770972584315175,-0.8561860405397324,8127683889.0,2.1875675567035477,-758.2264456192394,-0.8972352111865755
케이엔에스,2023,2023-12,19000,22000,965,9.26,"23,000",1450,2023-11-16,2023-11-22,2023-12-06,4442278,25553533,15141586,15597395,99675,311106,22308961,137340,3863017,2876182,300.0,19566070,0.6897565263037216,1.638320565709851,0.1974344873548955,0.1469984519119067,0.12638443386805887,0.647456552696612,6.471120629290526,64.56,1,86.4,-0.21767405348514102,0.021389795892227115,0.022530277483466865,0.007924111747477897,19566069.0,-0.11842031952350332,-0.43998507072272386,2.9184531801060385
케이엔제이,2019,2019-10,8400,11000,1,5.3,"11,000",1105,2019-10-10,2019-10-11,2019-10-25,5862750,18712603805,27358592258,27607467691,7991226735,2480506500,1905399459,-468626150,3254586252,3400683377,35.5,38285948677,9.087605726864735,0.6778094975766389,0.08500732943716159,0.08882327575816178,0.8681236834772147,580.0491880090401,3.2177674291361815,31.6,2,53.7,-82.76659537280042,-0.04247901757754313,0.06712594141387439,0.05559329749115368,38285948676.0,-2.530278265196623,290.37697394567397,-4.502183327577706
케이옥션,2022,2022-01,17000,20000,1637,36.2,"20,000",1408,2022-01-06,2022-01-07,2022-01-24,8909420,52399536721,49890950771,27283696862,6277179829,3790710000,29040002060,15603585722,10491757934,8217629859,160.0,23082767351,0.6929155211882204,1.9205438685979783,0.4545277338050835,0.3560071344151027,0.16966551050222883,922.3529544010721,6.550819341558781,49.68,2,78.56,-1.3662735369730843,1.0931768745293509,0.3918920091761019,0.4423271377348649,23082767350.0,0.2557132622657705,1156.7445140087682,-9.465024091470273
케이웨더,2024,2024-02,4800,5800,1362.5,3.4,"7,000",1989,2024-02-01,2024-02-07,2024-02-22,9939614,6925177459,8152644322,2947287458,3320066155,4454807000,-12249270327,1684657861,-2057246152,-2027030543,137.1,9950753269,-1.0257861151024739,2.349678325472656,-0.20674275568755437,-0.20370624094508438,0.3317667893487069,-203.93453337322757,-4.2826514267311655,40.53,5,64.42,0.26960652655630457,-2.557589405039094,-0.25092083848487373,-0.24443797927183417,9950753268.0,0.5036635317601846,-275.23322998257277,-18.330198117826143
케이카,2021,2021-10,34300,43200,40,0.81,"25,000",8,2021-09-13,2021-09-28,2021-10-13,48086533,233528347875,251417333240,228406421239,58485346040,23442184500,128119169234,2311320356,38477578164,26543858363,-8.0,910583602776,1.8644750861429578,1.022424617522642,0.04225595326634202,0.029150380351764017,0.17250534261511904,552.0019162745627,5.1472551882514574,72.0,1,77.6,0.6764313903947896,-4.128319039175463,0.013763783575235757,0.010913362008477676,910583602775.0,0.005202646404009276,50.20549622489938,0.6121565048901472
케이티비네트워크,2021,2021-12,5800,7200,50.19,0.99,"5,800",327,2021-11-29,2021-11-30,2021-12-16,100000000,45669622832,189620205115,18781993565,20669248608,40000000000,112580051151,43258534623,77402377113,63059531179,-7.8,104348626167,0.2014477484969545,2.431564182681052,0.7417670932162048,0.6043158735801586,0.3219974803727976,630.59531179,2.5301365807938248,52.0,6,80.0,-0.020721914626493226,1.3827626905030137,0.0751353723781989,0.0703106339048476,104348626166.0,0.08677591428594925,272.94828859999996,-0.8753753493639294
케이피에스,2017,2017-09,16000,20000,75.3,0,"14,000",453,2017-08-23,2017-08-24,2017-09-06,4270000,19743295937,7310116050,16995869769,3807776165,1462594000,-3707753099,8701442,2723327656,2555349432,0.0,17547374309,-9.302052229285735,1.1616525782641163,0.15519858458841976,0.14562574360138703,-1.1425878884860103,598.4424899297424,2.29490051967511,37.63,2,46.63,-5.782489902836481,0.20712374678399936,0.26334728254245965,0.3133100475906957,17547374308.0,-1.415147045677321,934.4375220140514,-2.9614790136155973
켄코아에어로스페이스,2020,2020-03,13000,15000,120.75,2.55,"10,000",265,2020-02-17,2020-02-18,2020-03-03,8995904,38268481188,40740893310,14737440216,25238727319,4571242000,-22446160651,2516194787,1735834354,-7135590009,2.5,34734675846,-2.602831321728619,2.5966844056441394,0.04997410546440716,-0.205431311368398,0.4645952406062478,-793.2043304374969,22.486711864558476,39.44,2,60.33,3.261814486964677,2.0564030432492126,0.06718446154853508,-0.13629344618035166,34734675845.0,0.29653457133876326,-570.806583863056,-0.44386083577212077
코난테크놀로지,2022,2022-07,21000,25000,1482.6,6.86,"25,000",1386,2022-06-21,2022-06-22,2022-07-07,5680444,20953217199,1828811624,5654690056,3915783917,2222222000,-4287326653,107359263,-1176228385,-1147570972,22.4,2618518531,-4.88851820154203,3.7054581226370225,-0.44919612791543007,-0.4382519957045131,0.5861696714300525,-202.02135114790323,-11.232134012817587,23.93,2,76.31,7.572657404253724,0.2116836457848006,-0.5746982478048315,-0.5443623139923738,2618518530.0,2.7937907810542737,-535.4412846953513,-17.62085736138294
코디엠,2015,2015-12,4700,5800,39.79,2.51,"4,700",600,2015-12-10,2015-12-11,2015-12-29,3793630,18391438384,5661092036,15307448484,664241200,1381815000,4925290159,-31045713,2165094261,1733875279,29.8,36025208175,2.5448595287253752,1.201469885933212,0.06009942400561853,0.04812950061460679,0.2762681414856694,457.0491268257579,3.732327447151272,41.2,6,71.87,-2.080602246696567,0.2111277689362604,0.009898296188709105,-0.0020908033232554454,36025208174.0,-0.1331043389491922,-47.39194439099225,1.2886312201925216
코리아센터,2019,2019-11,24000,27200,37.77,6.04,"18,000",4,2019-11-18,2019-11-19,2019-11-29,24031048,79949643680,218779405809,92912750686,53450207837,2218616600,48008855066,14716239453,4217260505,2492501109,26.9,121992208671,2.2536894797220772,0.8604808606968379,0.03456991680815865,0.020431641792157482,0.038379406813276354,103.7200337247048,36.129162707723225,69.5,2,87.98,0.12627410526537508,0.011945492546946879,-0.016266849144136362,-0.005263334366408103,121992208670.0,-0.041496204472790066,-99.08291673338591,22.154644305649697
코리아에셋투자증권,2019,2019-11,8000,10000,945.66,2.25,"10,000",231,2019-11-04,2019-11-05,2019-11-20,6388000,1920350416749,0,1868923304726,0,23700000000,33254372611,-5527260588,4625762958,3419727827,-17.1,49045431460,36.341206636105724,1.0275169729506581,0.09431587857010974,0.06972571603919987,0.06649659474307207,535.3362283969943,11.117541579613297,24.19,6,76.33,35.74262718007289,-1.64310501369023,0.04478913314747335,0.03566995625662828,49045431459.0,-0.04868255082191798,-351.62945413274895,5.147505834382333
코리아오토글라스,2015,2015-12,10500,12000,57.68,4.47,"11,000",430,2015-12-14,2015-12-15,2015-12-29,20000000,120690026253,250419483801,111179911172,31362267427,100000000000,128576331455,0,27635421780,24854483893,23.6,318394155729,0.6236086548928728,1.085538070508866,0.08679625955044787,0.07806199782810964,0.10873603463135956,1242.72419465,8.270810312742041,19.9,6,67.84,-0.10347168556100783,0.07946698109601935,0.024094847138230555,0.01876733153972985,318394155728.0,-0.008923468913305449,-31.294418149999956,0.23348968432634365
코미코,2017,2017-03,11000,13000,580.68,30.91,"13,000",745,2017-03-07,2017-03-08,2017-03-23,8075000,38497655707,45719357968,30207739257,19457430818,3500000000,12793683759,60630408,12834781242,7777370325,65.4,69143837080,3.0368237743173103,1.2744302173516342,0.18562437064564483,0.11248103451362582,0.47555466072024616,963.1418359133127,2.6920477216186587,43.34,6,64.71,-1.099972899141679,-0.1412369572340777,0.018585154216759853,0.027457497332164862,69143837079.0,-0.11073027366472538,76.86777077399381,0.4024257282591561
코셈,2024,2024-02,12000,14000,1267.6,8.90,"16,000",2518,2024-01-29,2024-02-02,2024-02-23,5661970,12984,2496,2606,873,2522,538,207,502,876,59.7,8916,1.0648913376186104,4.982348426707598,0.05630327501121579,0.09825033647375504,0.2681359044995409,0.0001547164679431364,23.906374501992033,18.47,3,67.64,-0.22164270981826784,-0.4603429886056265,-0.08581249345185807,-0.03875565155019704,8915.0,-0.38832928295263963,-0.00014835825693177465,17.88671158064372
코스메카코리아,2016,2016-10,48000,54000,573,30.80,"54,000",391,2016-10-11,2016-10-12,2016-10-28,5340000,48215244535,34910426608,45140765577,8782876251,2000000000,27213838613,-11809298,7398533150,6728678985,15.7,77652232459,1.8465717312427128,1.0681087021609244,0.09527779067918478,0.08665145575245,0.23041819842101613,1260.0522443820225,3.9470025642853273,60.3,6,67.32,-0.2100149374355207,0.08526316510034548,0.030858094493024943,0.03594862235838834,77652232458.0,0.01055699602886298,318.6334348314607,0.3671515024174621
코아스템,2015,2015-06,10800,13200,868.62,41.74,"16,000",752,2015-06-11,2015-06-12,2015-06-26,15729940,14935232538,20944877965,4544405644,2654628114,6577470000,492436033,4355402575,64738307,-377726061,160.0,3380088734,0.6300953440294152,3.28650954778191,0.0191528424531591,-0.11175033874125508,-0.03306046899560475,-24.013191467990342,443.0309977831209,28.55,1,47.13,3.3963330000066927,2.0161726589858384,0.1580174078841229,0.3752735006744042,3380088733.0,-0.8940015231478067,378.11536566573045,451.7148195467423
코윈테크,2019,2019-08,28400,34500,163.5,2.9,"34,500",0,2019-07-18,2019-07-19,2019-08-05,9152858,33192389949,13758420633,13798520620,6498035816,3500000000,22275101386,0,6570181148,5880505883,-37.0,19981636981,0.7874481706995059,2.40550352194205,0.32881095549115463,0.29429550184459935,0.2281467605087309,642.4775608886317,4.056852245864439,53.32,6,68.53,-0.16429381634808782,0.3098917516400421,0.19203275124996175,0.15972375273047226,19981636980.0,-0.28257749345168176,-487.1593170133307,2.0467766243083263
코츠테크놀로지,2023,2023-08,10000,11500,1836,17.3,"13,000",1725,2023-07-26,2023-07-27,2023-08-10,5081792,29220818502,5088075725,17300986355,925278206,405179200,24872435527,-9194985061,2785574622,2296576120,56.9,41835502370,1.1332888302173505,1.6889683572032388,0.06658398881801213,0.054895387646805495,0.14279854524382604,451.9224950568618,5.773541135456252,17.0,6,72.39,0.2396062830507628,-0.22453636263921117,-0.017771204543485616,-0.01633519716028168,41835502369.0,0.0027137236061482994,4.800192530508923,-0.25432505661688154
코칩,2024,2024-05,11000,14000,988.32,0.16,"18,000",734,2024-04-15,2024-04-19,2024-05-07,8503460,20744148059,18158713615,13305924000,3361762006,3479230000,17590684959,1165260709,3668321605,4195570793,58.1,25900014771,0.7496089194378386,1.5590159735618512,0.14163395802798479,0.16199105792394144,0.18869069692298868,493.39572279989557,6.0614030235770455,65.57,30,80.22,0.012389514985071681,-0.3974695911762347,-0.008222506664023022,0.03862953315649262,25900014770.0,-0.08490351230066173,-68.76510655662514,3.0525751423199474
쿠콘,2021,2021-04,31000,40000,1594,30,"45,000",1956,2021-04-13,2021-04-14,2021-04-28,7955874,69623298005,72374504976,64762343708,10728840569,3311808000,39392628623,10098825033,11238744762,18897442285,45.6,51374145182,1.4296689619062952,1.0750583443816832,0.2187626620780783,0.3678395468781661,0.35788399603251964,2375.281745915031,5.917619815414756,45.32,2,57.15,-1.17128380673287,-0.24191979913830508,0.06752323176664854,0.14583792782340263,51374145181.0,-0.035797217329050335,1224.3935319991244,-0.007818534230962015
쿠쿠전자,2014,2014-08,80000,104000,599,95.2,"104,000",175,2014-07-23,2014-07-24,2014-08-06,9803360,278389512596,195162057809,81137353240,16834423735,4901680000,387226973958,-77064926877,25123363676,19234322376,99.0,142254758225,0.3109586047327256,3.431089399385984,0.17660824839520056,0.13521039729003412,0.06104899016526594,1962.0132664719035,14.949423105664238,33.1,6,94.18,0.016222435367558852,-0.12915946037154313,0.04056925647770118,0.022308455277474867,142254758224.0,-0.12704473074651684,-3897.1778346403685,9.662764874533185
퀀타매트릭스,2020,2020-12,19700,25500,185,1.5,"25,500",167,2020-11-25,2020-11-26,2020-12-09,14589324,22240845242,5510220244,2311753978,2455404589,6441162000,-116844729826,1162097,-7252056257,-7233190003,-5.5,1407810769,-0.043179843188396974,9.620766506149383,-5.15130045648912,-5.137899327292332,0.06551659771576897,-495.78650820284753,-3.169295177049259,32.73,2,59.54,-0.0053787540963948985,-5.170357774602566,12.81073700291136,73.50686222938134,1407810768.0,-0.5512455369490203,3878.036842625471,-1.160324131474737
퀄리타스반도체,2023,2023-10,13000,15000,818.5,26.29,"17,000",1632,2023-10-06,2023-10-13,2023-10-27,10193520,7256819362,8646586217,9074092624,9424539077,4169760000,-10379800574,2197683414,-3292521363,-2539505707,21.5,6040367765,-4.610415016244466,0.7997294784942456,-0.5450862416156212,-0.42042236595506366,0.6329211497712233,-249.12941819901272,0.7882184611356157,26.92,3,81.82,-0.3337634265645759,-0.39094398710167566,-0.20483846035069392,-0.20900180912478813,6040367764.0,0.09436150379454367,-25.352501981651102,-0.2970822479258405
큐라클,2021,2021-07,20000,25000,1219,7.23,"25,000",1500,2021-07-07,2021-07-08,2021-07-22,13355968,8909941033,1946579773,594697903,736094900,5657984000,2042165196,-48872630753,-2436953361,-2415690291,22.6,0,-0.032322385065802366,14.982297714609563,0.0,0.0,0.058672448189834525,-180.86972737580683,-3.908867586653826,17.03,3,59.03,0.1194969916846434,12.942072081636216,0.0,0.0,0.0,-0.6700046633994536,1961.2284273217786,-3.0523219540745794
큐라티스,2023,2023-06,6500,8000,52.89,0,"4,000",155,2023-05-30,2023-05-31,2023-06-15,26876911,11011536585,53481441762,36549389258,7600279713,11635955500,-16528162931,1474815558,-21482059260,-35758464934,46.3,8409446476,-12.919112180202694,0.30127826506949834,-2.5545152491675127,-4.252178194611533,10.46367120391405,-1330.4529279425005,-0.9469906553083403,16.5,3,57.23,98.04399570660739,-1.844345878876652,8.13585233808827,8.574243076889234,8409446475.0,-20.31064980058777,-572.3529417498909,-0.4523714158811673
큐로셀,2023,2023-11,29800,33500,20.88,4.7,"20,000",178,2023-10-20,2023-10-26,2023-11-09,13598293,26180914323,62211970214,9948815372,34334357943,5982368000,-143477929383,7236485383,-139745251263,-12610702106,8.5,0,-0.33996228650508775,2.631560979278368,0.0,0.0,0.0968124640005891,-927.3739068572798,-0.31564372186776996,11.32,5,85.21,0.8088433894585276,2.243392768043841,0.0,0.0,0.0,-0.23253651573229403,1932.1854088597738,-2.5396227618654033
큐리언트,2016,2016-02,18000,21000,709.15,35.24,"21,000",959,2016-02-15,2016-02-16,2016-02-29,7227262,5001273394,494374231,860117201,112365585,2816411000,-29825490089,0,-6426665925,-7536642922,85.7,0,-0.03600577356952772,5.8146417583386985,0.0,0.0,0.2790410919663474,-1042.8074867079677,-0.7038120374990552,13.52,1,54.93,1.513039620426337,-8.695350435678389,30.870615969899667,49.73150061780007,-1.0,-0.22178530169502653,438.55536591865643,-3.9664879572250245
큐리옥스바이오시스템즈,2023,2023-08,13000,16000,191,1.2,"13,000",10,2023-07-27,2023-07-28,2023-08-10,8010968,11384,36200,2653,1693,3284,-37457,5760,-2426,-2030,33.3,2152,-0.15295815295815296,4.290991330569167,-1.1273234200743494,-0.9433085501858736,0.07144616900714462,-0.0002534025850558884,-17.822753503709812,0.89,2,63.35,0.018578370971318064,-0.6292908563796873,0.45081669323226947,0.6454713309803555,2151.0,-0.34229978277407164,0.0011818796430094342,-13.982459308805687
큐알티,2022,2022-11,51400,62900,86.97,13.79,"44,000",7,2022-10-18,2022-10-19,2022-11-02,3961829,35518206323,32230347945,13511229656,11528731325,1326540000,35604079628,1637184322,7290281763,6792418592,-12.8,31683144251,0.6492451842335192,2.6287915480163013,0.2300996929233089,0.2143858746527537,0.17611629121548675,1714.465362336436,5.858291171098046,61.62,2,75.0,-0.25424096026867693,0.9057667360509121,0.0003515967916863927,0.04074368568344436,31683144250.0,-0.2270396620302265,-1437.031737614117,3.732944225444005
크래프톤,2021,2021-08,400000,498000,243,22.05,"498,000",7,2021-07-14,2021-07-27,2021-08-10,48898070,1440577687875,657110625704,509713774841,166919475985,4278618500,231950183760,181052651003,227177957356,194018137317,-8.8,460993100237,1.6215272582449005,2.8262482965550095,0.4928012094740813,0.4208699375701151,0.4649574904416281,3967.80767251141,6.255250638274429,13.28,6,58.53,-0.7795721818996464,-0.35203472764612265,0.029524258879185028,0.08786114222090652,460993100236.0,-2.1798470426352754,-7408.248456002457,4.686389571075032
크리스에프앤씨,2018,2018-10,34000,38200,7.89,0,"30,000",0,2018-09-11,2018-09-12,2018-10-01,11715480,134609005146,80796642252,72898297195,4090000000,9957480000,128049774595,-775186232,19936407762,18427653080,-20.0,123422285171,0.561008065486225,1.8465315422378983,0.1615300489241336,0.1493057194206761,0.13428095415173671,1572.931973764626,6.942943375527855,59.6,2,67.06,-0.1677005949321182,0.30706135390405986,-0.003296976468845636,0.031609016407446,123422285170.0,-0.13822855012035942,-1250.572925309078,4.29703765224839
클로봇,2024,2024-10,9400,10900,933.9,0.87,"13,000",1037,2024-10-07,2024-10-14,2024-10-28,23955983,23825955342,4777978936,5885893813,1347565650,10432991500,-45674517979,3094362088,-5907215539,-5574612240,-22.5,11551156056,-0.22501080888568503,4.047975736391356,-0.5113960464529975,-0.48260210605538373,0.17340914340677221,-232.70229570625426,-3.617690039225772,16.21,36,71.77,0.006605773406551579,-0.23596796051743585,-0.27321349382556426,0.4448429067381951,11551156055.0,-0.4400269319494486,704.3468908372492,0.9129190608950943
클리노믹스,2020,2020-12,10900,13900,494,1.19,"13,900",341,2020-11-17,2020-11-18,2020-12-04,13205141,11901306848,9917097637,1637521531,1678785092,1117364900,-17159203046,198036474,-5765827798,-6724218652,36.7,6973715142,-0.209312555891226,7.267878084468374,-0.8267942811822984,-0.9642233035161734,0.42440689369921825,-509.2121812254788,-3.208923074049809,24.14,2,53.21,4.637109563317293,-1.7624036631689988,0.2685335016498527,0.44031069709558524,6973715141.0,-0.8511238637396812,-73.00664998578964,-2.084784784035987
클리오,2016,2016-11,36400,41000,153.08,10.42,"41,000",5,2016-10-25,2016-10-26,2016-11-09,17988000,40637901116,35396898967,27946452462,3775200521,7312207500,33147105356,400434434,15451834876,11892942165,-10.2,90300608069,0.776354605373772,1.4541345156869951,0.17111551302282516,0.13170389900267815,0.29106744299200976,661.1597823549033,2.867824271719845,69.03,6,73.75,-0.5418210551956157,0.45540240632596984,-0.039475624852415764,-0.03354396448012248,90300608068.0,-0.3769210062969331,-322.5097686235267,1.6931247035049093
타이거일렉,2015,2015-09,6000,6900,230.02,1.36,"6,000",242,2015-09-10,2015-09-11,2015-09-25,5589290,15323422748,18912162100,6053586975,7322490168,2290000000,18477204664,92303041,1892888374,1421879713,23.8,13916104167,0.6412460606533763,2.5312963720984616,0.13602142893473787,0.10217512717185455,0.06816458629362461,254.39361940425349,11.019935455000052,44.74,6,74.34,-0.08004838672110637,0.4032919639426149,0.0009724283766061048,-0.004861689862279861,13916104166.0,-0.07455106837759744,-241.59899092729128,5.46639170685639
탑런토탈솔루션,2024,2024-11,12000,14000,841.12,1.2,"18,000",984,2024-10-14,2024-10-18,2024-11-01,19592224,214426877273,176126874997,215654799724,43591378363,8508612000,98171840731,8749642966,14863499071,10427172986,-23.7,255556736319,2.245914954168558,0.9943060740935443,0.05816124937691551,0.040801792729831345,0.09033322655619179,532.2097678140062,8.834230321929557,58.27,6,87.84,-0.8628840041213564,0.11921641440024955,0.00040399591721686917,-0.0032768212119907644,255556736318.0,-0.1600086510149747,-623.9111237703285,5.649920485259222
탑머티리얼,2022,2022-10,27000,30000,451.49,20.61,"30,000",11,2022-09-27,2022-09-28,2022-10-18,7988047,26475079948,17904752888,7951729310,2244367004,2975505000,1811143827,400917817,8269640026,7579613965,23.3,37807938027,1.9654872917715522,3.329474497415959,0.21872761270647328,0.20047678769434946,1.4611116319376194,948.8694752296775,4.133642627070258,2.14,6,67.79,4.0203847005912685,-1.9844818930064139,0.06765191026961542,0.06618679072896974,37807938026.0,2.995123225461491,412.5129788294936,-1.3027309797411553
태웅로직스,2019,2019-12,3700,4500,1,2.53,"4,500",619,2019-11-21,2019-11-22,2019-12-10,17650000,67835495741,12633033365,53070188627,411603068,1500000000,26859852052,-2001208794,10032649367,6782338066,35.8,155888340803,2.029003965474132,1.278222246726442,0.06435792000428377,0.04350766728969815,0.25730983190652357,384.26844566572237,2.6898914158972222,25.4,6,77.34,-0.12014214680642876,0.043608313432327295,0.016444516471878765,0.013509395820472093,155888340802.0,-0.09360666845898047,-30.348528951841388,0.8519879113979913
테고사이언스,2014,2014-11,10500,12500,591.09,76.71,"13,500",622,2014-10-22,2014-10-23,2014-11-06,3560000,12058755000,5119266000,457104000,2634788000,1505660000,10217548000,-466690000,519536000,446674000,130.0,2778141000,0.27467570344577247,26.380768927858867,0.18700850676765507,0.16078161619586623,0.03968136505445112,125.47022471910113,27.112902666995165,55.74,6,58.58,0.08045862453045893,3.638048504160615,-0.10147689978029056,-0.09229222821610383,2778140999.0,-0.10186630729916778,-322.8913202247191,19.634214641297532
테라셈,2014,2014-10,3600,4100,18.4,0,"3,000",54,2014-10-14,2014-10-15,2014-10-30,13966340,12352963879,9009596249,6925826752,131939880,6056170000,4913623671,-302208665,2931515764,2026014611,-8.5,13190836332,0.6616086610071865,1.7836085598636702,0.2222388095960495,0.15359258200217657,0.18992251853258868,145.064104912239,4.879657708707446,59.75,6,61.78,-0.22946219058887918,0.23606787700681098,0.018212008359030224,-0.003109747545654268,13190836331.0,-0.3973222006606061,-218.28925609715932,3.0212901363517055
테이팩스,2017,2017-10,23000,26000,16.81,0,"23,000",2,2017-10-17,2017-10-18,2017-10-31,4717650,27173801077,129300662394,18687716232,62194789006,3575000000,4493087196,3323414,6381993525,4023875613,17.4,53962227525,10.020863656445798,1.4540996202879415,0.11826779244876993,0.07456837490883397,0.4985343711809998,852.9406829671552,11.844568305637697,45.39,6,70.79,-12.659997956780732,-0.09939004481533797,0.034279384833960175,0.06683855796972864,53962227524.0,0.37873133435292455,748.7589715218381,-1.5244395927108965
텔콘,2014,2014-11,12500,14500,162.88,8.81,"14,500",482,2014-11-10,2014-11-11,2014-11-24,5022000,31364095,3605331,9359316,384433,2000000,23340463,-114786,3494397,2747946,-19.0,26620141,0.38626313180811755,3.3511097392159854,0.13126891401514365,0.10322807831859343,0.1089344797366588,0.5471816009557945,7.218892701659256,69.69,6,75.72,-0.0442331995130778,0.29648059825402573,-0.0801262135413919,-0.06592762178277956,26620140.0,-0.24159136274430465,-1.0237451214655517,4.936072947002076
토니모리,2015,2015-07,26400,30200,417,55.2,"32,000",771,2015-06-24,2015-06-25,2015-07-10,11760000,58205748234,43761063028,39776373831,9990346190,2000000000,50200091241,0,4667389651,4574733980,57.8,49903260587,0.9533837745845024,1.4633246479757522,0.09352875135008461,0.0916720455975924,0.08763842880808653,389.00799149659866,11.184001153581853,63.95,6,80.0,-0.008254691129958025,0.026969303647903287,0.021046556682971923,0.03505884592945433,49903260586.0,-0.14639876288236908,-598.5922848639455,7.846653205002827
토마토시스템,2023,2023-04,18200,22200,363.22,1.89,"18,200",266,2023-04-10,2023-04-11,2023-04-27,5194222,13199327799,4121796244,3150954940,1440720977,2145611000,4983430364,0,7457456006,4576290898,-19.5,27089927107,0.6440804145402907,4.188992876870527,0.2752852001610962,0.16892961283817898,0.6419223377085739,881.0349072488623,1.706942436637688,19.35,1,51.81,-4.702983317998148,3.194283641574926,0.20995763735227235,0.11268316228521018,27089927106.0,-0.14316867807890787,633.5337752217753,-0.15779580576870833
토모큐브,2024,2024-11,10900,13400,967.71,0.13,"16,000",39,2024-10-17,2024-10-23,2024-11-07,12731194,11895455197,4003714711,1706735884,283506523,5335597000,0,-56451486345,-4494712267,-4261303127,-37.1,2928075020,-0.03893588534803962,6.969710608721226,-1.5350399960039276,-1.4553258020691013,0.08336552844143809,-334.7135490198327,-3.0945089862856845,18.07,36,67.83,0.0032372453733883477,-2.0120509317659296,0.2617694297990296,4.829309995706796,2928075019.0,-0.39713487653252,1515.0892647618125,-0.4645650319266741
툴젠,2021,2021-12,100000,120000,29.54,0.03,"70,000",164,2021-11-25,2021-11-26,2021-12-10,7852427,14337280215,12163881529,4946055952,1418784610,3408356500,-69819321605,86547286287,-15544181434,-15597313149,30.1,1346864344,0.3160875566332134,2.8987298878417542,-11.541014878926813,-11.580463332096347,-0.7745860332692025,-1986.3047627185838,-1.2954249966457256,1.43,1,36.08,0.20197239927852695,-8.406686361234552,9.187741988181816,9.030826237691347,1346864343.0,-0.2298716174629195,-114.55685879028238,0.5299959854786072
트루엔,2023,2023-05,10000,12000,1688.87,7.78,"12,000",2963,2023-04-27,2023-04-28,2023-05-17,10999650,43372278817,11717357069,3748346739,236755045,842465000,48780183444,0,9009323935,7633486968,43.3,38831800711,0.08030812358790673,11.5710423386741,0.23200891460199274,0.19657823815102243,0.15383070447387587,693.9754417640561,5.672404996280112,1.38,6,61.91,-0.05185320691753423,3.8142080566126593,-0.04091387978778127,-0.0402106236776803,38831800710.0,-0.0508937575303432,-80.5707537057998,1.2975771307301516
트루윈,2014,2014-07,8000,9400,472,44.6,"10,500",1018,2014-06-24,2014-06-25,2014-07-11,7439388,16827941000,24796169000,17630491000,8160467000,2550000000,11563431000,7398000,4040784000,3593138000,37.6,15254810000,1.8264478664814934,0.9544794299829766,0.26488589500623083,0.23554131450998078,0.25445659033191326,482.988385603762,3.9183366396224097,28.5,2,42.59,-1.1102944044899303,0.07377970933984834,0.09235207761839126,0.08352442628508705,15254809999.0,-0.4652994150535785,-559.9768421811041,2.4997484329711552
트윔,2021,2021-11,17800,20400,1627.34,9.3,"22,000",2261,2021-11-02,2021-11-03,2021-11-17,7254294,41514927706,12546976949,4429436493,458868267,2999147000,41633717589,4540735306,2703519626,3216959496,86.8,15038598227,0.09940912950115426,9.372507715509084,0.17977204957481707,0.21391352089081914,0.06542045941052003,443.45590294520736,18.18873420488348,50.42,6,68.52,-0.05381237923812003,3.156552407133,0.03691940542549235,0.12902681623875273,15038598226.0,0.03167208628780035,229.79018468234125,0.5811996687276952
티디에스팜,2024,2024-08,9500,10700,1331.2,3.37,"13,000",1608,2024-07-31,2024-08-06,2024-08-21,5530000,25445,9353,10370,683,500,26545,-3300,938,809,300.0,7363,0.4654874710465361,2.453712632594021,0.12739372538367513,0.10987369278826566,0.03407033059591493,0.00014629294755877034,25.31449893390192,50.08,6,81.78,-0.015009369223675295,0.021521872534408626,-0.03953362660807169,-0.04613815452778479,7362.0,-0.17024433490855226,-0.0007014466546112115,20.740136892434613
티라유텍,2019,2019-10,10550,12050,1,11.5,"12,050",1164,2019-10-16,2019-10-17,2019-10-31,5433750,13923117378,9482183272,5786379079,2708733086,427500000,7057152884,7696744,1707427033,1478830813,71.4,14807378066,1.1338381931954338,2.406188254850076,0.115309207706428,0.0998712132835739,0.197378777876755,272.156579342075,8.732547978230352,50.89,6,79.91,-0.7583903949896111,0.23907545034411726,0.040022088514673176,0.03288154667838983,14807378065.0,-0.016774932999540138,-8.574766781688481,4.577638823046011
티로보틱스,2018,2018-11,16000,18000,56.9,0.4,"16,000",177,2018-11-14,2018-11-15,2018-11-29,5399459,28453228502,18725561994,23753587760,6086668708,2287729500,-3183622228,34767443476744,2320564612,2808274186,-18.4,33808161772,0.0008583037011624107,1.197849722302329,0.06863918327325022,0.08306497717736962,8.07751813496463e-05,520.1028817887126,7.471687682531979,21.44,1,40.12,8.118561039672052,0.2315491806478419,-0.022109555215021823,-0.020773506576118497,33808161771.0,1.9756112978666927,-833.3472427515422,5.381512068067604
티슈진,2017,2017-11,16000,27000,299.49,22.45,"27,000",299,2017-10-17,2017-10-18,2017-11-06,63315495,8274067,23697373,2629177,14652685,2232,-56686767,-1285,-2875741,-3285740,58.1,0,-0.30487098889986947,3.147017869089833,0.0,0.0,0.05796405520816317,-0.05189472182125402,-5.108101877046646,27.54,1,63.2,0.014850998682019001,-4.69634072565144,-0.4516772842571689,-0.5498111948256934,-1.0,0.17607110475385096,-0.15137480959439706,-8.565266461994495
티쓰리엔터테인먼트,2022,2022-11,1500,1700,1744.08,3.85,"1,700",1384,2022-11-01,2022-11-02,2022-11-17,65587752,82010225340,26723472603,24695521728,4649407871,4807775200,45769637627,10841926469,7771586162,9203380020,22.6,35655624287,0.4777799620666242,3.320854130691075,0.21796242016251868,0.2581186055226508,0.14984498572421764,140.32162620850306,10.215259367795452,35.39,30,68.42,-0.1129273453626517,0.3597013750595415,0.08501341544309884,0.11094129240274286,35655624286.0,-0.039644830247697715,-13.763755266379633,2.6405555988573246
티앤알바이오팹,2018,2018-11,18000,23000,101.9,1,"18,000",500,2018-11-12,2018-11-13,2018-11-28,8118084,12053797627,915573613,382013000,5438224149,3237777000,0,-10297407405,-2212091392,-2126330036,-30.6,515080089,-0.8244393566096326,31.553370243944578,-4.294655218171324,-4.128154206325767,0.301195659548129,-261.925108929644,-3.2318439088252644,36.29,3,62.5,-0.747467500569251,-29.449893334423166,5.961095399984029,5.8784737859256735,515080088.0,-0.4886684392475762,237.9594151772758,-1.0508516381121198
티앤엘,2020,2020-11,34000,38000,338.91,0.28,"36,000",1109,2020-11-09,2020-11-10,2020-11-20,4064000,14314709178,30680492090,3978606997,4013289128,2020000000,33175532594,115046549,4390989459,3904326134,50.0,18332812143,0.22633149381760623,3.5979198721546912,0.2395153250221138,0.21296929808397044,0.11057100248025802,960.7101707677166,8.427099515612843,56.63,6,59.19,-0.0826891810618404,0.8892841455528662,0.0029719115461548096,-0.010162331578755346,18332812142.0,-0.11267169894772998,-832.182839074803,4.12491363807226
티에스아이,2020,2020-07,7500,9500,1,4.75,"10,000",1621,2020-07-06,2020-07-07,2020-07-22,9267115,42854095717,17440019642,28402210851,6597033739,3894882500,-11839904768,1619416048,489983358,815584531,72.0,8064278218,-5.532947099890768,1.5088295746347216,0.06075972886281687,0.10113546543812955,-0.1289338132401166,88.00846120934077,51.62393856037862,43.2,2,61.59,-1.2820785563508545,-0.08539113455139313,-0.03507942363128863,0.2996316198974851,8064278217.0,-1.826363580976981,1394.6183037547285,47.43547256419883
티에스인베스트먼트,2016,2016-12,1450,1550,30.87,0,"1,300",2,2016-12-01,2016-12-02,2016-12-15,22421004,6356102491,8274876920,169158039,688113971,8600002000,5336285382,-162579981,1788331527,1380262372,46.9,3688129879,0.062239743087453725,37.57493600998768,0.4848884355137972,0.3742445134210524,0.10020993853113143,61.5611313391675,7.701987686872558,60.39,2,61.15,-0.19163958368083822,35.17165130214698,-0.06511577977278032,-0.046971988633495776,3688129878.0,-0.12684070043784457,-50.6963194868526,4.3289854372629275
티에프이,2022,2022-11,9000,10500,1295.18,4.83,"10,500",87,2022-11-03,2022-11-04,2022-11-17,11381000,32437194208,24353013179,14764283275,7513040087,900000000,34097595205,-484711180,5484503641,5040950585,-11.8,33228734268,0.6454784638068217,2.197004324817115,0.16505304104471102,0.15170456221242667,0.14605996361673226,442.92685923908266,6.2927999111889,9.23,6,77.09,-0.19667779698754229,0.2319847214391786,0.013613011997105767,0.014827851705393663,33228734267.0,-0.18347582968598422,-422.33862323170194,3.550049544434194
티엘비,2020,2020-12,33200,38000,1,6,"38,000",1551,2020-11-30,2020-12-01,2020-12-14,4916315,38352050780,47221557946,30054619791,19702389338,2000000000,33812656957,3942640,13426110769,10942238927,43.4,142451317497,1.3892164440190924,1.2760783881712823,0.09425052014196185,0.0768138836429536,0.3055074755872839,2225.699314832349,2.667682414753955,23.23,1,75.88,-0.5927459704864597,0.3457801185129469,0.023806203991644764,0.015865955931597897,142451317496.0,-0.052771690431613116,376.84648929126797,0.25282534071725715
티움바이오,2019,2019-11,16000,20000,37.3,0,"12,000",5,2019-11-05,2019-11-06,2019-11-22,23189926,64150350413,3488878751,1244638730,6590630,10307463000,-25276401785,1112740372,-3036048479,-2710742306,12.1,1000000000,-0.09030105680545727,51.54134197077412,-3.036048479,-2.710742306,0.1956339123620487,-116.89309858082342,-21.866580940060146,34.5,3,72.98,-0.06288281900500786,6.429200636282353,1.606503173936487,9.47068613318859,999999999.0,-0.46036371693918005,476.10640322871234,-16.381190309441756
티웨이항공,2018,2018-08,14600,16700,23.03,0,"12,000",1,2018-07-17,2018-07-18,2018-08-01,46974812,195267470106,73832538266,160214726995,27293070334,31047280369,22436375701,383079402,46392131874,36309855536,-3.7,203849000858,3.480957137758363,1.2187860240344444,0.22758086465342298,0.1781213318837566,0.674068239291648,772.9643609004758,1.7587510585761101,58.32,6,67.67,-18.053002689961456,0.27612141109374866,0.146937264792393,0.11013243279972537,203849000857.0,-3.843939074337265,-72.33350575197619,0.9834764474186306
티이엠씨,2023,2023-01,32000,38000,31.33,5.36,"28,000",0,2023-01-04,2023-01-05,2023-01-19,11054364,163231563836,49137249332,105360356713,11830112406,4411557000,53761331667,531644285,44337906884,36874455090,0.4,237972319831,1.9962763218782655,1.549269278583028,0.18631539548585863,0.15495270675256267,0.6281364187012705,3335.73736942261,2.1466584856613187,23.18,2,71.57,-0.6422455767539021,0.33385085812737536,0.04505761645952314,0.0371520561012124,237972319830.0,0.10578752121591939,2374.417679388882,-0.755934477890194
파두,2023,2023-08,26000,31000,362,21.88,"31,000",78,2023-07-24,2023-07-25,2023-08-07,48059180,40747036867,39105031258,16024890787,14327091472,4177071900,1648530491,5803268522,-4313488564,-4104436260,-11.0,17663847173,2.610054104656824,2.542734138322836,-0.24419870268088398,-0.23236366459702046,-0.3529522591407925,-85.4037929902258,-11.475650191615994,7.1,1,61.08,2.677380427247433,-3.7598004461067944,-0.2709236102339629,3.800506149001727,17663847172.0,-0.9151505366647728,4647.5105030298055,-38.6935097300622
파로스아이바이오,2023,2023-07,14000,18000,303.31,0.83,"14,000",347,2023-07-10,2023-07-11,2023-07-27,12918962,13669277565,2813606520,646385582,66214567,5738481000,-74967655091,1423845107,-2229761675,-2032976451,-37.6,0,-0.010509500649545584,21.147250102184366,0.0,0.0,0.02998254682135265,-157.36376119072105,-7.072632072214623,32.67,3,66.2,0.005513236326631124,4.621549302305574,0.0,0.0,0.0,-0.029834116857096332,147.81068765431775,0.7936522406160043
파마리서치프로덕트,2015,2015-07,40000,47000,728,57.90,"55,000",561,2015-07-08,2015-07-09,2015-07-24,8814498,19470267655,25250014837,6467003356,8943279358,3342249000,24990952433,-1938896621,3894357455,3025655544,108.2,8420450633,0.5838487819157796,3.0107093785463626,0.4624880098148068,0.35932228284105894,0.1146328939349221,343.25897447591456,7.5262736193794,54.03,6,63.74,-0.208192115936913,1.2203004938714124,0.0015774518249074831,0.0024545836678948607,8420450632.0,-0.24218869722020953,-659.3763295425332,5.356374923523527
파멥신,2018,2018-11,43000,55000,764.16,18.81,"60,000",322,2018-11-05,2018-11-06,2018-11-21,6812226,22320785700,2599789998,1464175173,2425130706,2994485500,0,-31656000679,-2284901041,-2565584500,6.0,1975000,-0.1356978462132963,15.24461424534754,-1156.911919493671,-1299.0301265822784,0.08951321952022193,-376.6147071456525,-9.204455441009184,8.26,2,46.02,0.0625673328369831,13.543587269855225,-1138.5360831491926,-1267.9670317533426,1974999.0,-0.15553202944294897,575.117800114089,-8.609821409246155
파버나인,2014,2014-08,12100,13600,241,18.7,"12,500",174,2014-07-15,2014-07-16,2014-08-04,4083000,16290259376,49946175140,25329630571,11289514397,1475000000,27784493036,-487590,2243392895,1906385270,-4.0,21928168475,1.2515512543850393,0.6431305553524648,0.10230644194282168,0.08693773363577735,0.06515550480751635,466.90797697771245,13.202007376420793,35.52,1,51.34,0.08127896429047166,0.10362019500018915,0.02414588674203076,0.031357827700416806,21928168474.0,-0.17824708780690018,-1163.8977117315699,10.242250812544054
파워넷,2018,2018-06,5500,6500,590.6,6.78,"6,500",1142,2018-05-24,2018-05-25,2018-06-07,12009614,41559580457,13221114046,20129664448,1325886619,10117117000,14269690513,8938335923,1593802370,1443987428,19.2,27478784774,0.6438247177601736,2.0645938020655477,0.05800119558081881,0.05254917347605119,0.04333026895362468,120.23595662608307,20.909206852289973,33.17,1,64.74,-0.032261961968218955,0.07929802229107819,-0.0007882958122201397,-0.0028808899008819708,27478784773.0,-0.17100907703576684,-445.64182404197174,16.51031004901359
파인메딕스,2024,2024-12,9000,10000,1260.25,2.36,"10,000",1631,2024-12-05,2024-12-11,2024-12-26,5625900,7177546714,10584264363,3037228756,2707329651,499890000,2880201198,8637165472,-716427292,-700095551,60.0,3722528735,0.47802577283222825,2.3631893711729366,-0.19245715560608023,-0.18806988497296315,-0.058257518352564236,-124.4415206455856,-16.77386219675171,26.48,12,74.57,0.01028832459565071,-0.11813186443416779,-0.27848924120609,-0.30387222942669034,3722528734.0,-0.15141527559706663,-333.4512709077659,-31.22286502990593
파인텍,2015,2015-08,9000,10500,382.64,45.68,"10,500",1042,2015-07-28,2015-07-29,2015-08-17,4997621,74688372033,44690608968,76623091999,17211688318,1950000000,17650083046,-355882362,5673539430,4741443684,62.9,64411686125,4.876003002557339,0.9747501710577635,0.0880824547736523,0.07361154425919789,0.2463829889251845,948.7401473621148,4.502339500617518,28.81,3,42.71,-1.8043956870101256,0.1191188920509384,0.043801981650483365,0.04593750123710758,64411686124.0,-0.18967952737693644,-218.7654371950175,2.394318133330574
파크시스템스,2015,2015-12,9000,11000,14,57.30,"9,000",7,2015-12-03,2015-12-04,2015-12-17,5931155,16544275352,2193610151,5472198746,4772158418,2450577500,4785775523,1257175316,1741767907,2706297286,-3.8,13840489119,1.2061368085346422,3.0233323239755006,0.12584583478404163,0.1955348010269983,0.31863051231293477,456.2850382429729,4.8763835324243345,42.59,1,43.94,-0.9444688747757501,0.5776158338391135,0.1311370027934418,0.2424106710355079,13840489118.0,0.44617216666695236,577.1541182113771,74.33813718899796
파티게임즈,2014,2014-11,10500,13000,224.12,34.02,"13,000",736,2014-11-04,2014-11-05,2014-11-21,4770000,23538896307,8425510465,3285469774,8879482159,1801800000,17136952466,79429892,1457323831,1502390310,130.0,11571409576,0.6396485060457322,7.164545080669489,0.1259417723855011,0.12983641276652017,0.07899757619939002,314.9665220125786,13.586173791870147,18.14,6,85.35,0.3282089688635971,0.7131910056804225,-0.21178916835911496,-0.19368010458617504,11571409575.0,-0.4766184577254597,-1518.9813146750525,11.862119893175496
팍스넷,2016,2016-08,4600,5200,753.07,5.19,"5,200",947,2016-07-11,2016-07-12,2016-08-01,11077521,25082780814,4750511140,5463879466,173188933,4112710500,13338460949,-216710575,4638238229,3631436147,141.3,20588046634,0.32708121479472047,4.590654125897586,0.2252879212610783,0.17638565773417705,0.21070784711800322,327.82029002698346,5.2166840857194785,44.36,6,47.93,-0.09088610362054705,0.7793972105741176,0.04067541079417067,0.05519802531145197,20588046633.0,0.044850061695653864,123.90824382097762,-0.7643471848260859
팜스빌,2019,2019-10,11000,14000,1,6.28,"14,000",674,2019-10-01,2019-10-02,2019-10-22,7929338,22381111950,14895750845,5291288450,2110626029,3150000000,25347724373,114643330,2532848359,3240913307,2.5,12179211736,0.2586963286587398,4.229803791928977,0.20796488425546164,0.2661020579369949,0.11326966508473156,408.72432314021677,11.79500075866958,66.73,1,72.19,-0.010936835779078502,-0.395594821629329,-0.07445418532097717,0.023335027465849173,12179211735.0,-0.08845440512797505,-198.483001859676,6.969283806713812
팬젠,2016,2016-03,12500,16500,614.46,14.04,"16,500",1073,2016-02-23,2016-02-24,2016-03-11,8634182,1026751588,13738099443,4782054476,3229742705,2990909000,-8362752429,2016749445,-1817795236,-2431385461,35.2,2456141239,-2.387950149595571,0.21470930395147594,-0.7401020784700891,-0.9899208654588287,0.7246847547624466,-281.59997797127744,-3.714969495057033,33.62,1,41.31,1.373170916192826,-0.5107507745373122,-0.14585781691170518,-0.3664616105583727,2456141238.0,-0.19593832248740983,-36.05810938430534,0.3490312436739491
펄어비스,2017,2017-09,80000,103000,62.40,6.22,"103,000",0,2017-08-29,2017-08-30,2017-09-14,12066300,64154114055,5518888782,9911549874,4103289679,5133150000,48858536902,-920877301,35186514622,29316257600,-4.0,53074796538,0.26407811861863745,6.472662184073675,0.6629608951361214,0.5523574184407927,0.5523989142130518,2429.5979380588915,1.5818038212059888,34.07,1,71.96,-0.8553594754273739,2.0561927095004027,-0.1717472760626063,-0.1726239121713411,53074796537.0,-0.6518585160775204,405.38635406048274,0.8125758129517803
펌텍코리아,2019,2019-07,240000,270000,5.75,0,"190,000",0,2019-06-18,2019-06-19,2019-07-04,1882710,63517295992,80703110404,38117401706,17231995494,931450500,88308212798,741968398,6557281120,5298582498,-19.8,42327818360,0.6151188432212046,1.6663595405035658,0.15491658616161194,0.12517967387157347,0.058885156871805656,2814.338107302771,13.55302717233511,61.5,6,69.62,0.0216013346587568,0.0817268226033625,-0.0075007762832855485,-0.01234391262616033,42327818359.0,-0.1847954780549888,-8220.65944250575,10.207403730411203
펨트론,2022,2022-11,10000,11000,129.06,9.98,"8,000",14,2022-11-08,2022-11-09,2022-11-24,10677142,34815002101,30228282870,37457342940,14446475256,4772071000,6041562350,353206723,1510903427,1783658105,15.1,24295312857,4.648030943104203,0.9294573338201655,0.062189091200143834,0.07341572901318247,0.1597280961614789,167.05388998291866,8.696430585963586,0.49,1,63.19,-0.1105141415223132,0.0016320031416708902,-0.007785694470264198,-0.0043340291756620575,24295312856.0,-0.31163180182593864,-254.35578968604145,5.852295747595415
펩트론,2015,2015-07,9000,12000,699.59,67.40,"16,000",1093,2015-07-06,2015-07-07,2015-07-22,6500000,5037467196,5947482839,650605139,3656864438,2830212000,-16760381373,277857130,-500145196,-496134960,160.0,817569181,-0.3155120905770804,7.742741171308209,-0.6117466357871433,-0.6068415634174938,0.03634072757560794,-76.32845538461538,-13.351083868053388,12.63,1,35.1,0.01873446862960748,1.0186714469132303,0.43887599710470293,0.6197509248089011,817569180.0,-0.19533872900075389,392.3303090769231,-10.598919132373224
포바이포,2022,2022-04,11000,14000,1846.32,54.73,"17,000",3763,2022-04-14,2022-04-15,2022-04-28,10224235,35108383668,9349614017,6411828667,1542080294,4290492500,6260993405,1061866838,4013969721,3763916757,160.0,22276034842,0.684893427162475,5.475564849181582,0.1801922895825214,0.16896708878832342,0.3241025085773544,368.13676103884546,9.094261108403613,27.88,30,79.34,-2.4814918709919027,2.8880009177856083,0.05063993726096602,0.07218704966290963,22276034841.0,-0.05509325400878218,235.6778351632176,7.124212169671599
포스뱅크,2024,2024-01,13000,15000,839.03,4.85,"18,000",1397,2024-01-05,2024-01-11,2024-01-29,9335485,44620988524,20869239720,20562435516,4256217351,3905242500,24984098604,939235611,8323875572,7769366120,29.7,63460787949,0.8320428126401136,2.1700244841755056,0.13116565112127898,0.12242782308728689,0.2604672088190179,832.2402231914035,4.886134472481997,28.84,6,71.72,-0.6322509293083078,-0.08160365046838747,8.635890149524816e-05,0.04626523065463915,63460787948.0,-0.06322405455922975,85.84166125273612,2.1869155842727466
포시에스,2015,2015-02,7500,9100,344,0,"9,100",1163,2015-01-26,2015-01-27,2015-02-11,6212799,19464720893,5573801436,910578702,0,2436899500,15730632807,20798316,557943444,682574811,75.8,2309409077,0.05006389651002552,21.376209272463303,0.24159576125195945,0.29556253926510395,0.037528172604079015,109.86590923028413,43.24442537405279,50.68,5,63.84,-0.014714950943924984,4.465933147530528,-0.07843557525534542,-0.027064361826098615,2309409076.0,-0.19740735810603344,-557.2680791701132,37.50875626138398
포인트모바일,2020,2020-12,13000,15000,1447,17.64,"15,000",1842,2020-11-16,2020-11-17,2020-12-03,6165000,42042577711,20255466523,18057554946,3925681443,520695000,33208237353,-676319138,4016494648,3100687242,103.7,28951897970,0.6650982857544082,2.328254175979291,0.13872992548405283,0.10709789200048082,0.09381065339163078,502.9500798053528,10.037311481312349,33.52,6,63.92,0.04041188464952794,-3.582816802089793,-0.006493084366655272,-0.029494794069266014,28951897969.0,-0.19128627496563352,-874.7492562854827,5.933965776858098
푸드나무,2018,2018-10,18700,22700,791.08,14.3,"24,000",1287,2018-09-11,2018-09-12,2018-10-04,6811042,11408660002,5476535822,3920155689,453518172,2705744000,9609499906,17022057,3457978961,3091766175,41.7,26043325195,0.35465289786339,2.9102568640354836,0.1327779358092065,0.11871626037959167,0.2507054408554033,453.93438698513387,3.618160232930347,24.59,6,77.84,-0.0024697701538844985,-0.03739263542354676,0.008417307025342644,0.006104994638489042,26043325194.0,-0.32286224027949023,-121.85955908068104,2.0394074411383474
풍원정밀,2022,2022-02,13200,15200,1556,10.7,"15,200",2235,2022-02-10,2022-02-11,2022-02-28,21040488,24826401681,43740653836,32651024972,7948563716,9020244000,11952474296,35119723,2512637109,2163368277,41.1,30416414228,1.9325924281823168,0.7603559674555382,0.08260793301160983,0.0711250267958443,0.10297910118325346,102.819301386926,11.130722669351455,63.21,3,81.02,-0.8043370238318626,0.0953071191447028,0.06636020477042427,0.05517115976422724,30416414227.0,0.04940236747304071,74.67512521572692,-26.62100660348512
퓨런티어,2022,2022-02,11400,13700,1535,11,"15,000",2683,2022-02-07,2022-02-08,2022-02-23,7965980,10401568079,3244176326,2075562557,548143435,3170355000,-896005886,8747689299,742757963,903698817,108.0,16143185043,0.2380418116584911,5.01144523152043,0.04601062064403916,0.05598020555378949,0.08199017124946033,113.44477603508922,14.839340622457925,10.55,1,75.49,-0.4330239942515302,2.9406334359724564,0.1456339411375714,0.20052517580835025,16143185042.0,0.5097913478969234,387.10538427161504,18.230904463831166
퓨릿,2023,2023-10,8800,10700,533.08,11.89,"10,700",1415,2023-09-20,2023-09-26,2023-10-18,16789366,38428,40767,33533,141,6894,21359,1252,7599,6422,35.1,63867,1.1412980850703272,1.1459756061193451,0.1189816337075485,0.10055271110276043,0.217658024063718,0.00038250402069976914,5.990393472825372,50.01,2,73.48,-0.0021755805981598098,-0.17720079158856872,0.01501576002149893,0.016445323862274736,63866.0,-0.291149444669768,-0.0003056696721007809,3.2790085127357487
퓨전데이타,2016,2016-12,10000,11500,345.36,12.05,"11,500",573,2016-12-06,2016-12-07,2016-12-21,3363300,16305799148,2322089530,11213124577,1715062462,1000000000,4693800431,5901208,3809155948,2925772005,72.2,21316407738,2.268221717175396,1.454170872358444,0.17869596016450529,0.13725445867618355,0.5133202034612675,869.911100704665,1.4963161699884282,43.17,6,72.68,-2.728849788692955,0.0109280307437718,-0.08353655333777549,-0.010002032837345548,21316407737.0,-0.48636241443017136,47.46672286147532,0.9345885605473278
퓨쳐켐,2016,2016-12,19000,22000,62.51,0,"15,000",474,2016-11-16,2016-11-17,2016-12-01,5622139,10275901711,5528849047,1858603666,40588673624,1356722500,-42980015538,210694870,-1773059312,-13616432534,-26.3,773322977,-1.024984646406453,5.528828926241879,-2.29277981481727,-17.60769166179838,0.328799281773187,-2421.9309650650757,15.026303041124661,22.1,1,36.36,0.150445814666879,0.8141574423096731,-0.6699619339604577,-0.65287288836684,773322976.0,-0.5476371756721556,1941.0388709706394,7.73777979863955
프레스티지바이오로직스,2021,2021-03,8700,12400,369.9,4.5,"12,400",126,2021-02-23,2021-02-24,2021-03-11,42886210,15577889859,42687699626,37949093185,3572571629,17710635000,-63653147736,1826763285,-12737859292,-12698545670,15.3,0,-0.9411982190196885,0.4104943900255676,0.0,0.0,0.2878460828168511,-296.0985750431199,-1.3145006776386676,0.46,1,51.79,0.41006193387172096,-0.8463167502114268,67.40958582315753,119.38781679224041,-1.0,-0.40120919608485794,218.21914918571724,1.0019318346518267
프레스티지바이오파마,2021,2021-02,25000,32000,819,17.33,"32,000",237,2021-01-19,2021-01-20,2021-02-05,60139905,49811379,110286707,8476816,13821811,152779419,-21890737,6910778,-10873118,-14996866,2.5,0,0.16181940771030598,5.876189715572451,0.0,0.0,-0.10883109411314093,-0.24936630678083047,-12.673407848604237,51.03,3,73.47,-0.6070091300141502,5.282920235954663,2.108230283432908,0.6929070676536221,-1.0,-0.0840044315231718,-0.22530102101092445,0.5650867266052337
프로테옴텍,2023,2023-06,5400,6600,94.1,2.77,"4,500",35,2023-05-31,2023-06-01,2023-06-16,13286715,10554270874,6855175717,1043814546,376282709,5613357500,-20856915682,708763546,1057532719,1252814775,15.8,7644000304,-0.09770328997168502,10.111251001861397,0.13834807390661769,0.16389517597800451,-0.08619418480788228,94.29078406513574,15.119484294650935,23.18,2,49.57,0.008955375835599494,2.0994862923218136,0.028526727783458175,0.2939480783208038,7644000303.0,-0.134434203246387,152.3782766470117,-7.167614676854512
프롬바이오,2021,2021-09,21500,24500,85.71,1.45,"18,000",48,2021-09-09,2021-09-10,2021-09-28,13835000,50707938802,15731193430,12355913287,921954471,1187500500,-17693735284,40434409,14899190288,12241592997,10.3,77793290684,-0.806390667662883,4.103940973375981,0.1915228184461461,0.1573605241450182,-0.743455691081157,884.827827755692,3.5680639985393547,43.44,2,59.09,-0.07056476614015228,2.406653045245091,-0.003327615371902959,0.22967123515369342,77793290683.0,-1.0126940773090558,1449.5390992410553,2.445151220890586
프리시젼바이오,2020,2020-12,10500,12500,1,1.46,"12,500",1557,2020-12-08,2020-12-09,2020-12-22,11243846,12486348672,7983218757,888617792,1086613478,4849423000,-16615929739,11685662,-2323506290,-5318262520,160.0,3603687735,-0.168035843086104,14.051427716630728,-0.6447579426578701,-1.475783394978311,0.4524324517712946,-472.99318400483253,-7.959666921753846,35.68,2,46.17,1.208095989756283,-2.022342627655293,-0.2198433141989149,-1.4104560803592956,3603687734.0,0.39627389377789435,-436.94319025714157,-3.667294422006888
플라즈맵,2022,2022-10,9000,11000,39.78,18.81,"7,000",2,2022-10-05,2022-10-06,2022-10-21,17706940,15025550066,11418064880,7346953607,12802693608,7941405000,-6202015814,3419869827,-6043225794,-6271282873,-4.3,7655896893,3.9055312331146963,2.045140185951905,-0.7893556925414564,-0.8191441134394076,-1.2155394519247797,-354.17089982797705,-1.041491406336157,14.87,3,54.38,4.120561659289836,-0.6892546774094854,0.8872297060589664,2.5961835143624468,7655896892.0,-1.5269799841760041,870.340188423296,-0.06361560603319594
플래티어,2021,2021-08,8500,10000,1631,18.29,"11,000",2499,2021-07-30,2021-08-02,2021-08-12,8269707,17917639234,11903402898,8185137616,1531562739,3207853500,8357219597,-993720000,384006886,642077062,160.0,8105441550,0.9191538931527565,2.1890455694935747,0.047376430220510315,0.07921555636904198,0.060737453011782606,77.64205696767733,52.3541178816257,9.85,6,70.86,-1.2749660414004789,-0.19588347384579707,-0.04498303571145533,0.011036386427715802,8105441549.0,-0.2454072663193079,-246.9930160766276,50.03620276292865
플레이디,2020,2020-03,6800,7700,1,7.32,"8,500",864,2020-02-24,2020-02-25,2020-03-12,12827140,64730684507,22574117909,39767826713,8272942658,4513570000,23708433045,11042030000,6949625367,5103451704,3.5,29937726967,1.223531197519651,1.6277149107029203,0.23213603940808497,0.17046891066998754,0.12997777630614257,397.86356927577,5.649805704843255,70.38,6,76.96,-0.4112716547951918,0.1890041602233652,0.03157212223183167,-0.0034788383387150124,29937726966.0,-0.0467746494130635,-72.85442522651192,0.7429800504479349
플리토,2019,2019-07,19000,23000,1,22,"26,000",710,2019-07-01,2019-07-02,2019-07-17,5169811,2902950608,451213254,777516261,372608317,2065675000,-16087918351,83382118,-734338772,-999705192,6.9,376806989,-0.08251209039064834,3.733620444498974,-1.9488459435130063,-2.6530962035844827,0.07172072203669093,-193.37364402683193,-3.001393046423538,34.11,2,60.41,1.244730855826958,3.5288293599344747,-1.4726062152706971,-1.5801068694977152,376806988.0,-0.19806741924129767,534.1782099964582,-11.708242101516866
피씨엘,2017,2017-02,10500,13000,6.61,0.46,"8,000",2,2017-02-08,2017-02-09,2017-02-23,8921164,7571584217,1845141420,1351313056,69685225,3688082000,-5183345436,0,-1797154721,-1783318993,14.5,119506868,-0.950333062915878,5.603131105247014,-15.038087359129854,-14.922313862329652,1.192645356038787,-199.89756863566234,-4.44910349819569,41.36,2,60.51,-0.00238083180571802,2.303555582278067,-9.43406231889373,-7.251533832713363,119506867.0,0.08036494764624225,9.062357782011418,-0.786071801593085
피아이이,2025,2025-02,4000,5000,1117.74,0.42,"5,000",83,2025-01-08,2025-01-14,2025-02-04,35826000,74135339730,27839466108,51240726188,6699691358,3211800000,27190893546,-627916497,3090007017,3147923092,-12.7,81744546988,1.9459563861938627,1.446805017126429,0.037800772416704556,0.03850927319301325,0.10572448911437692,87.86699860436555,14.250578736468935,38.16,30,71.02,-0.055927682326531114,-0.020859411126977978,-0.008728764303800957,-0.025697239128997094,81744546987.0,-0.10400193597402423,-65.97051412382068,4.100773052616022
피앤씨테크,2016,2016-07,9000,10200,306.39,10.89,"10,200",680,2016-06-16,2016-06-17,2016-07-04,6496600,21515739404,7329023614,6010760952,1447313893,1950000000,18653072933,732303040,1315263835,1052296325,1.5,4385083207,0.34956378806908406,3.57953669690373,0.29994045105014583,0.2399718033446201,0.04932166774711095,161.97646846042545,16.260378795407235,29.62,6,55.47,0.009038761252768479,-0.17087705905689843,0.06759621232465077,0.03583218532606658,4385083206.0,-0.20009382439190415,-590.5809657359234,12.606107387497845
피앤에스미캐닉스,2024,2024-07,14000,17000,986.08,4.4,"22,000",1586,2024-07-11,2024-07-17,2024-07-31,6471740,6995220786,2147001881,1152443307,164389983,2540620000,3286472328,402377728,-44547594,24178632,13.9,965797975,0.2113876907926821,6.069904474702286,-0.04612516815434408,0.025034875435517454,0.003881330479582612,3.736032658913986,-175.66356955215136,30.32,12,66.1,-0.02910519061807909,0.6366180583981018,-0.26574206508952897,-0.20967756628590917,965797974.0,-0.227055256408159,-214.20686770482126,-181.50065582718113
피엔에이치테크,2021,2021-02,14000,17000,1,9.23,"18,000",1528,2021-01-28,2021-01-29,2021-02-16,4516016,9771749949,8226969414,8564476091,2621251444,1997688000,-21820028925,-372260514,-1134095102,-4936177376,32.5,5519929239,-0.5538969198668126,1.1409629550216933,-0.2054546449594442,-0.8942464952493208,0.24443054203918127,-1093.0380618669199,-6.007425493669048,38.41,2,53.03,1.422572355770022,0.9362127434773031,-0.1383328461942433,0.17589683005798862,5519929238.0,-0.22435654203800906,595.7705468714016,-39.03501993779659
피엔케이피부임상연구센타,2020,2020-09,16100,18300,1,17.1,"18,300",1727,2020-08-25,2020-08-26,2020-09-09,7502644,25828581192,4049778480,2608999362,812650886,650240000,24073335334,1733134090,2238644652,1959651516,46.4,3894793546,0.1293301518780743,9.899803567679063,0.5747787721120969,0.5031464422581746,0.07407011524351993,261.19478893040906,11.818181773674368,59.48,1,70.24,-0.012404873243702458,0.7082263971552827,0.12065389960368511,0.07302433591889773,3894793545.0,-0.14538002800182054,-455.3369919990873,7.502190019332017
피코그램,2021,2021-11,11000,12500,1472,12.96,"12,500",1520,2021-10-19,2021-10-20,2021-11-03,3061578,10134414500,28025368425,3901954423,19275236289,213157800,12990934217,-10971103,1928182699,1498652351,48.8,13568480214,1.7567633058987062,2.5972662418256034,0.14210749240806608,0.1104510105305446,0.11359346744178563,489.50324015915976,7.7703177301457576,3.1,6,66.31,-0.4730355349588966,1.204075606092847,0.019501244400405224,0.029809194729692526,13568480213.0,-0.05459602752388708,-149.83940536546834,3.845818418774671
피플바이오,2020,2020-10,25000,30000,40,0,"20,000",51,2020-09-23,2020-09-24,2020-10-19,5504470,2365420334,728162895,498103547,1342356661,2494735000,-29780892268,2629950000,-1856058435,-1774703684,17.0,285760000,-0.07464490332982546,4.748852619593974,-6.495165296052631,-6.210469218924972,0.07197796744283923,-322.41136458187617,-0.6751527847236124,23.05,3,47.84,-0.003326259407109705,-5.293891178373967,-1.9572855865284584,-1.7400608479753128,285759999.0,-0.10043433569701503,404.4873913383123,-0.009842099162658657
피피아이,2019,2019-12,6000,7000,997,2.39,"7,000",1147,2019-12-10,2019-12-11,2019-12-26,9308185,26052121555,11558944248,17944412982,4313821660,4139092500,10992684661,221054000,2133902913,2268017945,37.6,30790985572,1.4497804612442713,1.4518235609675738,0.06930284540617238,0.07365850435987467,0.147726365333928,243.65845167452088,7.19471868540441,25.89,6,26.21,-0.17083224778243444,0.12891677076507735,-0.005404485175673324,0.006802533472474295,30790985571.0,-0.046964665046642234,-30.135612044668193,2.5981787482459797
픽셀플러스,2015,2015-06,33000,37000,131.67,2.25,"30,000",68,2015-05-26,2015-05-27,2015-06-12,8166558,101464236937,10176464861,10490802364,62000000,3883279000,96578441394,64062090,21792538114,19958176176,-3.3,123936524496,0.10497607781048228,9.671732763280565,0.1758362855713559,0.1610354676086156,0.19853788434003591,2443.8908259758887,4.6386473620096105,32.04,6,32.09,-0.11980828961855104,4.347182032092361,-0.13485031677901788,-0.0927988915802741,123936524495.0,-0.2570826897211328,-2200.066277371691,2.833355068413833
핀텔,2022,2022-10,7500,8900,558.92,8.45,"8,900",6,2022-10-04,2022-10-05,2022-10-20,9957595,7753145792,2712700817,6276314091,869724670,3948797500,-5058455157,560201326,-1611416827,-1688578382,21.9,4000263498,-13.005653694069457,1.2353023892028796,-0.40282767067860786,-0.42211678876759834,3.0731803179459587,-169.5769291681375,-2.0601794596997838,0.65,1,72.66,-19.44719373392993,-2.3633230785502577,-0.29888744200944845,-0.1277576735121848,4000263497.0,5.832392080843672,73.09572231045749,3.5008847366532043
필에너지,2023,2023-07,26300,30000,1811.55,57.14,"34,000",1318,2023-06-29,2023-06-30,2023-07-14,9413023,120088812961,20106035167,79067397424,36576586441,3750000000,6241576020,479738048,7546537894,5659754248,237.1,73012476124,11.043884570171027,1.5188158061788994,0.10335956667437786,0.0775176318960586,0.5405008589414797,601.2685030090759,3.2532619073601383,53.78,6,72.21,-7.978681397193078,0.030839130694035655,0.014739700516885265,0.057891804326376986,73012476123.0,-0.3871953172104524,205.7302233299547,2.0432404499718313
필옵틱스,2017,2017-06,41000,48000,647,13.25,"48,000",589,2017-05-17,2017-05-18,2017-06-01,5775200,74909837549,40896497206,70042999647,14398426854,2307600000,25621042025,3224979568,15612996360,15131225627,16.7,182780381672,2.710485079525181,1.0694835733267807,0.08541943187326075,0.08278364170479212,0.48569716306754784,2620.034912557141,2.008897429474582,37.69,6,44.49,0.6940083082725801,0.6784922572276315,0.22083241898483164,0.19474217544702976,182780381671.0,0.9229138464749163,3798.2197144687634,3.899935003737825
핌스,2020,2020-09,15000,19000,1,4.28,"19,000",1161,2020-09-02,2020-09-03,2020-09-18,7264943,22815744983,12906771352,13169222221,2315915796,2906156000,12770281556,1324759562,4551767565,4275496761,-3.7,23706316157,0.9108263323766258,1.7325051244573422,0.19200653255676564,0.18035264242173416,0.25148210042652364,588.5107097192641,4.446048272238611,37.99,2,49.96,-0.39069261828064283,-0.017012045139783494,0.019501483500992345,0.033619094922699044,23706316156.0,-0.3037808831213512,-174.61831455525532,2.1616965379471402
핑거,2021,2021-01,13000,15000,1,12.57,"16,000",939,2021-01-14,2021-01-15,2021-01-29,8839014,22426917538,10995072195,7594297591,7528151687,3900007000,4596075341,247283249,2784379279,3995353563,81.9,42254193080,1.7295913252553357,2.953125982918833,0.06589592833374727,0.09455519728978339,0.45695830991781733,452.0134896267842,6.572215428054836,30.75,2,49.93,-6.044815396109947,1.5437789229038363,-0.012167463227113373,0.04167008044038703,42254193079.0,-0.16120862365469052,92.93523338689135,3.4365405553407182
하나기술,2020,2020-11,31000,35000,1393,16.47,"35,000",1802,2020-11-09,2020-11-10,2020-11-25,3234533,53390964088,58520110807,56277704590,35661508487,1205266500,12871445530,4758261658,4551023610,3495749052,160.0,55092903425,4.88130297392322,0.9487054327636357,0.08260634904086106,0.06345189370458379,0.18559882853604334,1080.7585057873887,4.388432917402509,35.68,1,61.57,-0.7689967245073648,0.025162716520569894,-0.01425696386102189,-0.009355491173141259,55092903424.0,-0.10017443586150357,-253.90275381330184,1.5602500886361645
하나제약,2018,2018-10,24500,28000,101.5,0.1,"26,000",147,2018-09-10,2018-09-11,2018-10-02,16200000,79398183027,62152590496,48712869792,11540376656,6059270000,69506408062,2531871571,31929642579,24302485917,27.5,139331265576,0.7715126368387374,1.6299220999711943,0.22916351507324514,0.1744223438761769,0.3111811578110131,1500.1534516666666,2.5461458540869812,58.3,6,64.21,-0.3439451143823896,-0.14381759394198768,0.03909101473393095,0.03445487634511182,139331265575.0,-0.0177669824531006,424.1751552469134,0.20212276638522297
하스,2024,2024-07,9000,12000,946.4,5.98,"16,000",2,2024-06-13,2024-06-19,2024-07-03,7836009,8016182007,21166457265,9694279322,4337398206,2985854500,8756046732,2016393012,1613779678,1795726428,7.2,16039074617,1.0198704344558718,0.826898188172507,0.10061551034182087,0.11195947839139603,0.1305195539616488,229.1633952947221,9.388494569950831,37.18,36,71.35,0.29115389927536117,-0.32047766228688057,-0.09345561999927551,-0.06533135364876022,16039074616.0,-0.1107109904374163,-108.18534001173302,5.601514269990088
하이로닉,2014,2014-12,43000,47400,500,65.37,"51,000",230,2014-12-02,2014-12-03,2014-12-17,2774729,17039907071,2640133631,3101078851,135946903,1098614500,11750863647,220630063,5939279942,4897335050,43.7,16520698090,0.24766633160109086,5.494831924543024,0.3595053858889325,0.29643632631749156,0.37469736067319065,1764.9777870199216,2.768519939887353,49.87,1,72.58,0.06976480607569102,-1.4742104831150238,0.08886629006868568,0.06575336787875505,16520698089.0,-0.014918054255063151,649.2986179911625,0.5808144962920436
하이셈,2014,2014-12,1500,1900,50.03,0,"1,500",72,2014-12-08,2014-12-09,2014-12-26,17553680,11821335630,48226507626,10875930486,9803126734,6533500000,16572491481,-59986,2540432887,2448702010,48.0,24679830441,0.8949674772676807,1.0869263687568589,0.10293558916756741,0.09921875338057555,0.10597720375522995,139.4979292091459,15.496880959721256,30.32,2,42.01,-0.07212486621403769,0.4752104478522341,-0.014524248808612014,0.03369503586535849,24679830440.0,0.043048193566796886,18.67567444547241,5.79171577094127
하이젠알앤엠,2024,2024-06,4500,5500,1099.21,10.47,"7,000",2549,2024-06-07,2024-06-13,2024-06-27,30888000,50838474767,56682127501,26647553338,34841392093,13693000000,42386839602,335625206,4336496285,2646634321,116.6,77247394706,1.0899306713197647,1.9078102264084114,0.056137767513124597,0.03426179395529089,0.046913276882630486,85.68487182724682,10.614942066530562,74.53,18,88.17,0.11178836971888173,0.8794534115183297,-7.872203578417752e-05,-0.011216210078391006,77247394705.0,-0.010605199348447482,-43.183739575239585,1.8095430688720402
하이즈항공,2015,2015-11,23000,26000,47.27,0.89,"18,000",3,2015-11-04,2015-11-05,2015-11-25,17468478,10625255773,48343341432,15745895478,24934013037,6962500000,8591955233,-155122000,1927981011,1201045938,-6.7,14969815125,2.6416668760583084,0.6747952688905814,0.12879123722645172,0.0802311804101188,0.07799337281865028,68.75504196759442,9.485927810312857,45.37,6,55.46,-1.4931561862768268,0.007128915846705719,-0.03132109239560557,-0.019114620265016646,14969815124.0,-0.24312721943592958,-109.20336734545506,7.4773959534976235
한국맥널티,2015,2015-12,10500,11500,60.5,0.20,"8,000",480,2015-12-08,2015-12-09,2015-12-23,4975000,12428870423,12540871499,6560511469,3211898789,1843750000,15391306415,-3443135941,2256709471,1825138973,65.6,19705970041,0.708560513847406,1.894497171711293,0.11451907550375434,0.09261858052167125,0.13233392524563073,366.86210512562815,6.7342880682224955,68.77,6,76.13,-0.45212624765375,0.6218286361353895,0.07958035183894292,-0.18234933395795883,19705970040.0,-0.36006358583835774,-706.5308347738692,-9.248742675167218
한국바이오젠,2019,2019-08,4700,5700,1,8.4,"6,000",1456,2019-07-17,2019-07-18,2019-08-01,7951375,11227566062,8233098080,6772735205,1332266760,1100000000,10198586814,11150328,659203987,450339859,120.0,4537119153,0.7166392873005996,1.6577594903918882,0.14529131036025936,0.09925678471596446,0.03981877326994732,56.63672748424015,17.226325084408206,25.15,2,52.65,-0.09120218577752315,0.13491213521842016,-0.02951251729004517,-0.030357896685918137,4537119152.0,-0.15511853045337223,-211.2500637939979,13.406620439660582
한국유니온제약,2018,2018-07,13500,16000,918.99,9.1,"18,000",1015,2018-07-09,2018-07-10,2018-07-26,5745000,43327220683,19569678376,32299562888,4974325917,2100000000,22403652291,1119357963,3007798838,2409505806,8.3,12638436704,1.4547037383783268,1.341418174395698,0.23798820284854116,0.19064903851893358,0.0940367966961982,419.4091916449086,8.518857687649655,35.71,3,43.14,-0.12445222172894543,0.09032652509471495,0.08344652536321837,0.12985776682986117,12638436703.0,-0.03879617485051344,-118.62370791993038,5.557507831666063
한국자산신탁,2016,2016-07,9100,10300,149,6.37,"10,300",6,2016-06-23,2016-06-24,2016-07-13,85000000,98363884368,252323469323,38791107000,78186173243,36743760000,174623970725,2430151985,58386241766,42198415522,-6.8,95400557240,0.5471395635927343,2.5357328515528055,0.6120115380365885,0.4423288159191889,0.197375273258617,496.45194731764707,4.002827830307382,52.86,6,69.47,-0.06991356539998339,0.4959800424466443,0.11879113510971268,0.09226906251732736,95400557239.0,0.05731746977852012,216.60808791764708,-1.3862209776666106
한국파마,2020,2020-08,6500,8500,1,10.5,"9,000",2036,2020-07-22,2020-07-23,2020-08-10,10906701,39834705114,26166194186,32351637190,6583633723,4392705500,17224726749,4755883318,1185680424,741786609,87.2,16606611094,1.476313086767078,1.2313041494639734,0.07139809665491526,0.04466815082265694,0.028126407053960686,68.01200555511699,22.827085476954792,62.71,1,68.5,-0.07348827974542438,0.03222146933195713,-0.038024035852169596,-0.03891160533533273,16606611093.0,-0.18524714005042092,-438.8000459534006,19.151647552924146
한독크린텍,2019,2019-09,13300,15100,1,8.19,"15,100",728,2019-08-22,2019-08-23,2019-09-05,4021000,13224605333,15655503340,9265803669,1062072543,1650000000,18655603763,-2001003495,2832493846,2563208910,27.5,23181928558,0.5642229855221224,1.4272486020014332,0.12218542727854782,0.11056926966136499,0.14003085959112627,637.4555856752052,6.549787385133828,55.12,6,55.64,-0.017879139265113198,0.18758081254304693,-0.0017839757438766896,0.005453300114668602,23181928557.0,-0.12527130717499407,-398.4678669485204,3.303330635561198
한선엔지니어링,2023,2023-11,5200,6000,710,3.66,"7,000",1141,2023-11-02,2023-11-08,2023-11-24,17002500,36874280706,23254657065,31776714347,4536075619,6312500000,16818716658,355536813,4740280453,3402334635,161.9,25300714406,1.546096611898141,1.160418295716003,0.18735757326583058,0.13447583259519127,0.14486185326554366,200.10790383767093,5.02420648759872,73.67,6,78.4,-0.21734763795595735,0.06415844998336517,0.012412473646812278,0.00027834468852810934,25300714405.0,-0.12720654969283537,-123.26934615497723,2.1588004479232517
한솔씨앤피,2016,2016-01,13000,16800,136.97,5.97,"13,000",790,2016-01-13,2016-01-14,2016-01-27,3460340,34677906434,15975391616,25688578720,5551748666,1266670000,13540137909,4606162755,3998937784,3281029107,50.8,46007577316,1.609250223817265,1.34993480223183,0.08691911240041092,0.07131497241127192,0.16901221166961528,948.1811345127935,4.854531806339301,57.8,6,60.2,-1.160703110173941,-0.08748208906116761,0.00044838561739272975,-0.002303650377533467,46007577315.0,-0.14904762994249782,-134.13785379471392,2.1777699122753313
한싹,2023,2023-10,8900,11000,840.74,11.6,"12,500",1437,2023-09-08,2023-09-14,2023-10-04,5447675,7956457680,11191001598,4873457481,187099189,1951337500,10822219790,-131422,590566592,592903151,72.0,8176918465,0.3961784976321593,1.6326104641354928,0.07222361266384475,0.0725093632201211,0.04641692503851622,108.83599902710789,23.8531992815469,60.2,6,72.79,-0.3247170923137497,0.19686916639459873,-0.01232831983335711,-0.0281817489264891,8176918464.0,-0.15803763513841937,-296.0007364609673,16.56665827851536
한주라이트메탈,2023,2023-01,2700,3100,998.9,3.24,"3,100",565,2023-01-04,2023-01-05,2023-01-19,19435815,100738991220,86389832095,113503783523,31713615081,7845407500,17246165707,-1662280601,7806350847,3241953337,72.3,175127123705,6.198112808869497,0.887538618477741,0.044575338655990976,0.018512000131179224,0.1383717977114584,166.80305595623338,5.368888169701809,7.82,6,61.5,-0.14113939645441498,-0.017587448111846538,0.007142463254928677,-0.002815232671215282,175127123704.0,-0.06830196088258814,-40.61578302736467,0.31175004768418546
한중엔시에스,2024,2024-06,20000,23500,725.94,12.7,"30,000",1000,2024-05-30,2024-06-05,2024-06-24,8766113,42477531188,80125322103,64618760102,44488487911,3559056500,-31272820658,13246613944,-12672781604,-18648295992,13.3,121551317604,-7.541723587511787,0.657356023559562,-0.10425869380771702,-0.153419118439785,1.2890096332831233,-2127.3164048877766,-1.0649284190094688,36.64,24,73.5,-271.6116238920926,-0.18980991906641675,0.05305379972016308,0.07550825237491124,121551317603.0,61.30396842121197,184.31564788179185,0.9674350753776759
한컴라이프케어,2021,2021-08,10700,13700,418,3.27,"13,700",109,2021-07-29,2021-07-30,2021-08-17,27674406,87077433389,89745218846,93007040547,43423256024,3937890000,132548397425,-162975013946,3314093895,2380179496,-6.6,22456262979,-5.1505041762894646,0.9362456097610853,0.14757993785961532,0.10599178938302546,-0.08985632035247211,86.00652516263582,12.188054093741965,36.13,1,70.0,-0.6871629286494745,-0.0023351201440238167,-0.16394014955092956,-0.04961554965246916,22456262978.0,0.0183935965728228,-27.717638203327652,6.187558487749282
한켐,2024,2024-10,12500,14500,1019.86,3,"18,000",464,2024-09-23,2024-09-27,2024-10-22,8027134,21953382275,12548287686,6484617497,4608494820,3189567000,20100537787,61568639,3134292514,2642455604,26.7,18088097901,0.47504571148416336,3.385455238517363,0.1732792763039347,0.1460880861250708,0.11315915377001898,329.1904188967071,7.468529991837259,19.06,24,66.84,-0.019541673766502676,0.15287186251416607,-0.013095300441223728,-0.008360556598765861,18088097900.0,-0.08836442002222444,-189.1730343607071,3.345026097945591
한화시스템,2019,2019-11,12250,14000,23.6,4.24,"12,250",16,2019-10-21,2019-10-30,2019-11-13,110230389,1224084911439,861262342225,1044325966862,199345126774,510335620000,62250981718,-55433618,35170702467,36497790330,-9.4,654697833562,2.1722329943420244,1.1721291534262441,0.05372051145434152,0.055747534906946734,0.06374812824797198,331.104613356667,23.931172850975287,48.99,1,76.15,0.21403755665004676,-0.05432246113513095,0.014053327454476156,0.019215147665836804,654697833561.0,-0.01099049456986334,-43.04183784564162,5.598379335900976
해성디에스,2016,2016-06,12000,15000,188.69,12.2,"12,000",158,2016-06-09,2016-06-10,2016-06-24,17000000,98407840980,130558337275,70215387992,34054862319,75000000000,41219022039,779325,8218760110,5765896050,21.7,67070604650,0.8971814534807709,1.4015138817037103,0.12253892972768958,0.08596755732393714,0.0496119936734467,339.17035588235296,15.172109451434032,9.62,6,42.38,-0.1008340781737681,0.02523557267651122,0.0461114668131028,0.026273982953725787,67070604649.0,-0.08335896038746621,-524.7826198235294,8.847528842037221
해성티피씨,2021,2021-04,9500,11500,1508,15.7,"13,000",2053,2021-04-06,2021-04-07,2021-04-21,4630000,9508252801,25941037087,2742826190,13018600104,1800000000,558421115,2599373757,251974143,-61648215,160.0,12369243102,3.1791202945921317,3.466589620467347,0.020371023588279056,-0.004983992512042392,-0.012434603809078288,-13.314949244060475,78.13445998703129,46.65,1,78.4,-3.326191801309665,-0.1643452154287881,0.10386181090918611,0.0940644586340525,12369243101.0,0.6255920137703913,314.5809490280778,93.43309547572755
해태제과식품,2016,2016-05,12300,15100,342.99,24.63,"15,100",265,2016-04-21,2016-04-22,2016-05-11,27529394,183054949969,565130759175,256816622718,314508409634,11912277000,173454965961,-84914068023,46856034352,16899464557,62.9,798303775280,5.687476107197443,0.712784663358825,0.05869449174979229,0.021169215379286687,0.1682322591339736,613.8698351660047,3.7745549583508637,30.21,6,73.61,1.3790323204178891,0.05510522475080859,0.023018856714083998,0.014973308573234579,798303775279.0,0.13540478180872573,458.5831365557847,-2.711472452110824
핸디소프트,2016,2016-11,4500,5600,262.22,0,"5,600",1170,2016-11-07,2016-11-08,2016-11-24,7459009,27276770720,10234222644,9204787832,4332845782,2732004500,-244128111,98210838,1414223688,1140623108,28.9,17100047827,5.234793889649415,2.963324219725481,0.08270290833731012,0.06670291916956052,0.4410613439838161,152.91885396572118,16.9516038752704,56.41,2,60.99,-5.691590357487668,0.4703982801635176,0.00587209905645765,-0.026634150122014755,17100047826.0,-2.3528620579223047,-368.0367039374802,9.859020957269177
핸즈코퍼레이션,2016,2016-12,12000,14000,57.64,1.73,"12,000",7,2016-11-15,2016-11-16,2016-12-02,21646800,321210,340736,369427,70064,8317,168234,13859,33958,17672,-24.2,341188,2.3081298251142273,0.8694816567278515,0.09952870558167344,0.05179549104892318,0.09281025156241794,0.0008163793262745533,6.550886389068849,40.79,1,79.74,-0.4752085796063392,0.07780683683992118,0.03245390281048845,0.024706196488519773,341187.0,-0.016487092820573215,-2.9888944324334274e-05,2.384458557767454
헝셩그룹,2016,2016-08,3400,5300,93.06,0,"3,600",0,2016-08-03,2016-08-04,2016-08-18,80735294,138257825,49977218,77697777,2304403,2136012,104813534,1283315,6817666,5038908,-25.3,36628150,0.7391671924850993,1.7794308967166461,0.18613186852188823,0.1375692739054525,0.046556174838619485,0.062412703916084084,15.875354263467878,40.67,2,75.23,0.08555014647462722,-0.08692109276172566,-0.008848181749750134,-0.004354497931508994,36628149.0,-0.23020660409895952,-0.2914505395868132,13.24534499022424
현대사료,2018,2018-06,5700,6600,839.16,31.92,"6,600",1690,2018-05-16,2018-05-17,2018-06-01,6150486,64661416548,20176892999,33954627312,2145326720,2289260000,46449095515,0,4134207549,5604218356,159.8,87143007495,0.7406887994177331,1.9043477035940792,0.04744164411857381,0.06431059148746447,0.11498579089881712,911.1830115538837,11.789044197064815,69.31,2,73.05,-0.12015646169534233,0.15733411531377528,-0.001484728148632597,0.031334611505407804,87143007494.0,0.03605595320873159,340.01107538493704,3.2499169432817716
현대에너지솔루션,2019,2019-11,24000,28000,26.63,3.07,"18,000",126,2019-11-04,2019-11-05,2019-11-19,11200000,219400683176,100522737998,67121114639,5449895959,40000000000,142422999923,0,10367268149,9864408808,-3.9,195507417327,0.39781721947688575,3.268728243802429,0.05302749271993098,0.050455419762929395,0.05407437007484652,880.7507864285715,23.858976831795268,71.43,6,77.14,0.17308045662093874,-1.8540423398276467,0.013035078109186839,-0.0030904818783247107,195507417326.0,-0.053730504906723354,-781.1961616964286,6.768893703896957
현대오토에버,2019,2019-03,40000,44000,797.36,54.81,"48,000",345,2019-03-13,2019-03-14,2019-03-28,21000000,665941667337,129244510100,344857829713,8767160350,10326210000,416061218141,-72643747,49052711901,40088827796,84.8,996485669234,0.8294926730389437,1.9310614692762367,0.04922570731870825,0.040230210060939804,0.09403574368875257,1908.9917998095239,9.001769122677155,28.48,6,86.63,-0.13976486626447404,0.13855044470975764,-0.0002616266431854086,0.0027791142024679583,996485669233.0,-0.043736996655160246,-718.6056251428572,3.299697022235419
현대중공업,2021,2021-09,52000,60000,1835,53.09,"60,000",405,2021-09-02,2021-09-03,2021-09-17,88773116,6915712508,6850755782,5729979520,3000447133,353865580,1665719181,876514819,-374211312,-345140867,85.8,3933056435,3.014546431100273,1.2069349434603214,-0.09514516717073244,-0.08775385573637211,-0.11917437832023718,-3.8878985277479727,-13.457748270848638,79.72,6,83.78,-8.69210641437449,0.035887546111439406,-0.11712334643116472,-0.08918480154615978,3933056434.0,-0.12788933983954529,-3.958666315148834,-69.01544817970931
현대힘스,2024,2024-01,5000,6300,680.82,16.25,"7,300",1231,2024-01-08,2024-01-12,2024-01-26,34824000,44149989645,204234868293,32572027361,40821434051,14800000000,26796788267,194608259,11092990558,7277173431,300.0,134349576051,1.756185902194945,1.355457219646783,0.08256810988215568,0.0541659575333348,0.17413089860427605,208.9700617677464,15.774952264770512,53.75,1,83.2,1.3632091341043977,0.4551857041702606,0.056613785633088415,0.024002636052203763,134349576050.0,0.14809001480781264,83.59050933264416,-28.853694392173608
현성바이탈,2016,2016-12,7000,9000,54.22,0,"7,000",5,2016-11-24,2016-11-25,2016-12-09,21740000,30019095920,7807266740,5031968405,1198663536,10000000000,21656245212,0,6482721161,5413600285,-27.3,21871590614,0.1968215718343672,5.9656765511825585,0.2963991634358048,0.24751744765809378,0.17101207830383672,249.01565248390065,4.873837688574309,68.55,1,69.19,-0.03409190414553817,1.0979072610350178,-0.13929896194217573,-0.11367728892491688,21871590613.0,-0.06319556273604923,-33.699525206991694,1.3423959993578753
호전실업,2017,2017-02,30000,35000,40.13,2.5,"25,000",331,2017-01-16,2017-01-17,2017-02-02,8000000,166340,78281,150811,17281,3661,87637,-24858,29544,12746,-3.0,246792,2.52998193859121,1.1029699425108248,0.11971214626081883,0.051646730850270675,0.19184226369656834,0.00159325,2.590339832114812,40.79,6,50.02,-0.5388947796997479,0.13185499127821054,0.035568868630099545,-0.03534903251801992,246791.0,-0.2766209766646808,-0.00163575,0.22524077267915033
화승엔터프라이즈,2016,2016-10,14600,16500,48.46,0.21,"15,000",0,2016-09-08,2016-09-09,2016-10-04,27271944,156471727472,137257140962,206578613735,11307785295,10364739500,13024187525,-260654557,17711772468,13200223278,-0.3,301963366067,9.420781397809327,0.7574439804922045,0.05865536836037948,0.04371465138281416,0.5707396994852802,484.0220879743666,4.282037246188951,70.0,6,71.25,-9.201566875927428,0.004833952205229974,0.05865536836037948,0.04371465138281416,0.0,0.5708533061532535,484.0662612096886,52303.07797586087
화인베스틸,2014,2014-07,4500,5100,85,44.8,"4,700",248,2014-06-30,2014-07-01,2014-07-22,32100000,79325086255,123390400168,100828172101,44103035130,12833220000,10516334867,0,24100039630,16947609781,9.8,224271237201,6.207022277578051,0.7867353399557787,0.10745934222675498,0.0755674690723311,0.7258215361078301,527.9629215264797,2.397683990530434,37.4,6,55.1,1.0893893277930946,0.20557831166380003,0.05113130528659637,0.04799998571893477,224271237200.0,0.5162723857982326,318.5358201557632,-0.48060539875328656
휴네시온,2018,2018-08,8700,10000,751.89,8,"10,000",827,2018-07-19,2018-07-20,2018-08-02,4803836,9069030488,1523758289,1707721976,34864634,1785795000,5760111687,0,-625389864,-513356160,63.5,2036635879,0.23093137541736475,5.310601266163012,-0.30707004155650547,-0.25206084469653006,-0.0680310771513255,-106.86379801475321,-14.151496013053388,47.15,6,67.6,-0.003409960870415424,-0.34781865450376603,-0.5462387190059316,-0.46554667121683346,2036635878.0,-0.42973067847087615,-730.1937149811109,-17.008141860104853
휴메딕스,2014,2014-12,22700,25500,688.8,66,"28,000",571,2014-12-08,2014-12-09,2014-12-26,6203318,20360041434,9106352138,2738010117,2364090768,2486659000,9594728909,300331307,6107774268,4989626220,40.0,21596793987,0.412067241712841,7.436072389793876,0.2828093036251826,0.23103550568679138,0.40298331216817346,804.3479666849257,3.989062401118849,38.19,6,51.77,-0.8821123649112528,1.970202567420813,-0.037013074609138,-0.1570402665567871,21596793986.0,-0.8899561794174291,-668.521711284187,2.0358517539901513
휴젤,2015,2015-12,190000,210000,6.7,8.61,"150,000",92,2015-12-09,2015-12-10,2015-12-24,3284058,58465173558,120161454478,23551083524,904366056,1462029000,56575995376,8053799080,9038432911,27415192446,12.2,42570369356,0.37002231594171375,2.4824833854637895,0.21231746512262983,0.6439970538366029,0.4148046008180029,8347.962321615514,17.057290790792926,24.36,2,53.22,-1.330373032743132,1.519761714902577,-0.17152889892130657,0.31808831654581465,42570369355.0,0.005084876413162798,4343.645957227309,14.302057053820768
흥국에프엔비,2015,2015-08,14500,17500,666.88,63.87,"20,000",1002,2015-07-22,2015-07-23,2015-08-07,6720250,16069430000,29390169000,13405821000,6981971000,2758125000,20152850000,-2004067000,1506389000,1120379000,160.0,7566098000,0.9751701208040902,1.198690479307459,0.19909720968456923,0.14807883799548988,0.05358893816340513,166.71686321193408,16.643647158867996,52.76,6,65.38,0.17456978023736314,-0.3560435290321713,-0.02810311211944916,-0.026501449845707875,7566097999.0,-0.2412280385287698,-743.6022341430751,13.570269694975257
힘스,2017,2017-07,15500,18800,729.64,27.48,"20,000",796,2017-07-04,2017-07-05,2017-07-20,4968000,41817916,19164125,28477059,6627963,2072000,23073834,-325276,4926579,3515429,65.0,22590447,1.4143526507341213,1.468477345220235,0.21808240447831775,0.15561573438542406,0.14163376181953685,0.7076145330112722,5.2525330457504085,38.37,6,60.29,0.1819783103303989,-0.011207538962168861,0.0888358030449464,0.05829881433729121,22590446.0,-0.09144639820892755,-0.2889800724637681,1.8614110802577306
