date,link,성장_긍정,성장_부정,민감_긍정,민감_부정,방어_긍정,방어_부정,금융_긍정,금융_부정
2025-01-01,https://n.news.naver.com/mnews/article/018/0005916847,0.2421445906123664,0.4069130605372326,0.2413651782311127,0.4193184554756485,0.2341823367315932,0.3891002307175923,0.2808414539537776,0.4203517788699824
2025-01-01,https://n.news.naver.com/mnews/article/011/0004434667,0.3093638692639621,0.2978685862175803,0.1994133308296148,0.1721955586975488,0.2613083067582816,0.2440165982644715,0.207490957656274,0.1280817978536438
2025-01-01,https://n.news.naver.com/mnews/article/011/0004434666,0.2731742637646931,0.3292474933966741,0.2782082714460915,0.2927477875091692,0.2898071422075376,0.2824169326104075,0.3116557537734505,0.2540451269102213
2025-01-01,https://n.news.naver.com/mnews/article/009/0005422481,0.3809654492838048,0.3026358797203587,0.290143001421359,0.2385776759987828,0.3196037247130844,0.2306671028128514,0.384824510384158,0.299399048651387
2025-01-01,https://n.news.naver.com/mnews/article/021/0002681379,0.3330210322172604,0.3235269245203274,0.3158398400667547,0.2818676008851542,0.2719325440728611,0.2965433656151197,0.4025415777748111,0.3300852899451155
2025-01-01,https://n.news.naver.com/mnews/article/421/0007998808,0.3860815070163222,0.3057187691396336,0.3116142094913974,0.2438317277473297,0.2845252218808042,0.1904861484773479,0.3076032712450147,0.2041699252080205
2025-01-01,https://n.news.naver.com/mnews/article/057/0001864076,0.1742425760588187,0.2708639400037905,0.2466335296853437,0.3200957574072852,0.3391415284093306,0.3445050544219758,0.267976676288683,0.2410190246714057
2025-01-01,https://n.news.naver.com/mnews/article/421/0007998807,0.1992959337196907,0.3655797518727293,0.1977700843107827,0.2883913105342762,0.1728389638240173,0.2833512482242217,0.2198326494498061,0.2985213768516597
2025-01-01,https://n.news.naver.com/mnews/article/421/0007998805,0.4019058473009399,0.2711060247433246,0.326899073110189,0.2261376235361636,0.3155893994186357,0.1831823861417626,0.3592287092134641,0.224878732173049
2025-01-01,https://n.news.naver.com/mnews/article/421/0007998804,0.4121279409269917,0.3293720010054267,0.2957998909976547,0.2536052467177073,0.3370962668228665,0.2468454730239131,0.3373436578379485,0.2715047028437433
2025-01-01,https://n.news.naver.com/mnews/article/421/0007998803,0.3415493766941586,0.3258997885985207,0.3158231057810838,0.2760873106858739,0.3094951638285118,0.2568455242735492,0.4015139584798798,0.3119526560963804
2025-01-01,https://n.news.naver.com/mnews/article/648/0000032027,0.2780483980850811,0.3158149496347555,0.3058999333012929,0.276181216956436,0.299495121924581,0.2598552702272602,0.36049361203372,0.2317958534386854
2025-01-01,https://n.news.naver.com/mnews/article/421/0007998799,0.4349730887751071,0.3149764314423164,0.2942228767948233,0.1974135999157223,0.2990770691202396,0.1942559420941289,0.3418178511171618,0.2657937732575995
2025-01-01,https://n.news.naver.com/mnews/article/057/0001864065,0.0912435258298554,0.1786586824305565,0.1348147822200663,0.1763434261045582,0.0266105558501059,0.1537811021243222,0.0596866598182433,0.1569845848446005
2025-01-01,https://n.news.naver.com/mnews/article/421/0007998780,0.3320076523546399,0.3157586018821194,0.2118355103614616,0.1961861476004666,0.281156882535577,0.2139289084792526,0.2762464571009186,0.2423512359292458
2025-01-01,https://n.news.naver.com/mnews/article/421/0007998778,0.300285991459935,0.3870940553983123,0.2220553953846798,0.3679722602264874,0.2988319499380575,0.4122373383011958,0.2427702901610424,0.3696014857019203
2025-01-01,https://n.news.naver.com/mnews/article/421/0007998777,0.3285959337748909,0.3067619668605518,0.3254319852943994,0.2403708899375616,0.2697993959307817,0.1412962598766452,0.3015751232307382,0.1857307691141432
2025-01-01,https://n.news.naver.com/mnews/article/421/0007998775,0.3494446750783271,0.2797721130424001,0.3047400176917113,0.2229208456400866,0.2806898231949337,0.2088317854789043,0.3179742676097661,0.2126677412405714
2025-01-01,https://n.news.naver.com/mnews/article/421/0007998766,0.335959911601581,0.2506129073470569,0.2808474873206438,0.189340677433188,0.2741152482170142,0.1917979132285469,0.3223110595480782,0.2055858961045454
2025-01-01,https://n.news.naver.com/mnews/article/009/0005422462,0.2885218974737206,0.362480483555879,0.3233796222347271,0.3291602232755458,0.3245073838657425,0.3628013434617435,0.438177719505293,0.3956768877306206
2025-01-01,https://n.news.naver.com/mnews/article/011/0004434648,0.2189619016459953,0.2566744364800449,0.1855972223913678,0.2006590820344057,0.1919126670373074,0.2194564986351325,0.2166824207333998,0.2354410985676037
2025-01-01,https://n.news.naver.com/mnews/article/366/0001044232,0.290877365080251,0.3041266345019992,0.3737184523539185,0.3484201371923716,0.2927611080867802,0.2284258257500961,0.3413683667460749,0.2310241477047387
2025-01-01,https://n.news.naver.com/mnews/article/082/0001305656,0.1259694998967365,0.3511571485542171,0.2282325992041201,0.4102154241005478,0.2522957298013864,0.392549758293593,0.255499057316617,0.4371023507019483
2025-01-01,https://n.news.naver.com/mnews/article/015/0005076855,0.3123529774895218,0.3124674459038685,0.3278807524652865,0.2668850649337712,0.333717323592169,0.2500939828589237,0.3619845280048683,0.2159804161311951
2025-01-01,https://n.news.naver.com/mnews/article/029/0002926551,0.3489617855137655,0.3504441561756755,0.3422658429872198,0.2903097340334352,0.3141238737825663,0.2764776864054832,0.4426394390789833,0.345870794335147
2025-01-01,https://n.news.naver.com/mnews/article/014/0005289825,0.2663205889976922,0.381641726780951,0.2953599143705517,0.4218621378593469,0.3135932627428611,0.4435060082770183,0.2789717415190317,0.3923705965220186
2025-01-01,https://n.news.naver.com/mnews/article/014/0005289824,0.2847632041919792,0.3012982860430078,0.3294421021204952,0.2459111613810446,0.2985549425859684,0.2273361202753644,0.3806168387563694,0.3257958474414252
2025-01-01,https://n.news.naver.com/mnews/article/014/0005289823,0.145856084394667,0.4146138235874592,0.2394313421377804,0.4457979238723675,0.2326733391087032,0.4071331584494833,0.3263486152898147,0.562946276785362
2025-01-01,https://n.news.naver.com/mnews/article/014/0005289822,0.3080386223282069,0.3325256177705508,0.2765588025138348,0.2958109852994624,0.2953444636551851,0.2997681131973241,0.3215989657328277,0.3268411535703405
2025-01-01,https://n.news.naver.com/mnews/article/015/0005076851,0.2877668101002402,0.3695784932047198,0.3531456419320699,0.3748820365528753,0.3741202424834949,0.4150491071826683,0.3704150327203137,0.394877391456603
2025-01-01,https://n.news.naver.com/mnews/article/015/0005076850,0.4794016482997207,0.3357525292388769,0.4146141744049569,0.2621062067263752,0.3975554618027175,0.2537744190809192,0.4793100911723231,0.2971762457514062
2025-01-01,https://n.news.naver.com/mnews/article/015/0005076849,0.4094803484582137,0.2883058605540801,0.336166301401043,0.2310413268471982,0.331381598292839,0.2256079024471897,0.3632313885192302,0.2292788153702642
2025-01-01,https://n.news.naver.com/mnews/article/015/0005076848,0.4420604473015032,0.3042931435948856,0.3600905241862522,0.2445125198014868,0.3475835219646183,0.2036490129762825,0.3591318668775289,0.1946938320738407
2025-01-01,https://n.news.naver.com/mnews/article/015/0005076847,0.493506089225385,0.3614302672642245,0.4084683161603245,0.2720822792425994,0.4068765837509174,0.2626742633250677,0.4350475630653793,0.2987638877056251
2025-01-01,https://n.news.naver.com/mnews/article/469/0000841795,0.2184561699696621,0.3401941532975914,0.2811871107632737,0.2732629268347405,0.2595344627923069,0.2730742447573577,0.3969530390477287,0.4206717000356076
2025-01-02,https://n.news.naver.com/mnews/article/001/0015139231,0.2363446445361635,0.345766638060947,0.2925624690127137,0.318304946098375,0.1546361678770583,0.273586049124566,0.1234474536418973,0.2241047463070037
2025-01-02,https://n.news.naver.com/mnews/article/009/0005423107,0.4285153695644571,0.3188828741578303,0.2737371602930941,0.1662600991921673,0.2566291928471351,0.1548953527809449,0.2894985628653787,0.1650945498407862
2025-01-02,https://n.news.naver.com/mnews/article/003/0012995324,0.2946534922305339,0.3410044707631626,0.2342096533852344,0.2919271110482443,0.3729808467105476,0.4171639528272161,0.2883102751336042,0.2992446198305818
2025-01-02,https://n.news.naver.com/mnews/article/014/0005290521,0.3193031476650454,0.2647395396480767,0.2809963093347055,0.2101173710068322,0.2988226080300734,0.2352642221546709,0.2936814849563532,0.2162708210772573
2025-01-02,https://n.news.naver.com/mnews/article/215/0001193850,0.3000756332358073,0.4246438803892026,0.359181247491135,0.2960944711442543,0.2936113004247627,0.3004253890196378,0.4365951375317187,0.3753766145949055
2025-01-02,https://n.news.naver.com/mnews/article/018/0005917706,0.2922408938619515,0.2585902484273703,0.3509016588128766,0.2544867737543064,0.2907794140019346,0.2154116395410059,0.3625660293899822,0.2722558700893677
2025-01-02,https://n.news.naver.com/mnews/article/057/0001864311,0.0475534357800809,0.3327073018387048,0.112999865713172,0.4172470373539069,0.2643732255482426,0.4407068859209364,0.1204796786613707,0.3727904701713852
2025-01-02,https://n.news.naver.com/mnews/article/009/0005423086,0.346766312508149,0.3557162360565433,0.4055967774508623,0.3791203397384546,0.3353573949884135,0.3241278087746266,0.4141706781368761,0.3846802865571589
2025-01-02,https://n.news.naver.com/mnews/article/057/0001864295,0.1046828387418298,0.1309921505390034,0.0970252270093444,0.1060528346588533,0.0197946128011327,0.0748194255261843,0.0474406740839881,0.111228782470367
2025-01-02,https://n.news.naver.com/mnews/article/243/0000070658,0.2997304622319595,0.4365959012411289,0.3089985453385887,0.3653749311912019,0.3194721864404403,0.3843555397522705,0.4591249964419886,0.4640331584385996
2025-01-02,https://n.news.naver.com/mnews/article/057/0001864292,0.0578267284404226,0.0886254055979142,0.1618589284614807,0.1432189050463591,0.0686613352685965,0.1161306937043527,0.062413123760881,0.1177328513656287
2025-01-02,https://n.news.naver.com/mnews/article/057/0001864291,0.0956675455096659,0.1476672433158747,0.2118446636285716,0.183186907173908,0.0407540988160053,0.1085684695699409,0.050417284424079,0.1227367521150936
2025-01-02,https://n.news.naver.com/mnews/article/008/0005136317,0.1081180420423148,0.2661069525053584,0.1186717845778721,0.2308929416619357,0.1538824136129068,0.2488224982835097,0.2658619812170635,0.3196408975310891
2025-01-02,https://n.news.naver.com/mnews/article/215/0001193846,0.2831236785182913,0.202631201912229,0.3061762521875967,0.1551234517392805,0.3490449954137464,0.2165211112641391,0.4059357464562592,0.2210411235641675
2025-01-02,https://n.news.naver.com/mnews/article/057/0001864283,0.0478859542951213,0.1342746681391156,0.0691569800914673,0.1139051091458905,0.0951683940382993,0.1180099363883488,0.0713107761752562,0.1020170851109652
2025-01-02,https://n.news.naver.com/mnews/article/001/0015139143,0.2367129478476946,0.2136371052468884,0.3345858205345268,0.1906923913114926,0.3255717386739595,0.2173241004612456,0.2561961593085007,0.226239998790813
2025-01-02,https://n.news.naver.com/mnews/article/243/0000070654,0.3947776582438287,0.3315297260196022,0.3382694030889938,0.2929407785741678,0.3864439065761479,0.2956091609253911,0.5227100483984738,0.3633959735157465
2025-01-02,https://n.news.naver.com/mnews/article/277/0005526981,0.3825300961933545,0.2559321659740426,0.4369586968671786,0.2955050763050008,0.3508950422824663,0.2433697245392145,0.3694581954429268,0.2370400210032739
2025-01-02,https://n.news.naver.com/mnews/article/031/0000898286,0.2321205019611464,0.3189082181115263,0.2811280994857622,0.3117780797227681,0.2513970313383792,0.266454325816036,0.3514710513666542,0.3869707552077632
2025-01-02,https://n.news.naver.com/mnews/article/005/0001749420,0.3997706317761276,0.3072578764565816,0.2616289676771435,0.2068644980004641,0.2518559758908631,0.1987313963052026,0.2633091115625398,0.2041870982823821
2025-01-02,https://n.news.naver.com/mnews/article/029/0002926865,0.3739483174696273,0.3618548422596002,0.3808685194935268,0.3128395919636066,0.3438831166016816,0.3076096361596132,0.5366996791105016,0.399454803598923
2025-01-02,https://n.news.naver.com/mnews/article/003/0012995239,0.1358648130935731,0.2874801988958065,0.1408405915150719,0.3090203369229012,0.1973343053276459,0.3373184788748847,0.147850116677926,0.2863300304644507
2025-01-02,https://n.news.naver.com/mnews/article/008/0005136298,0.494150085636874,0.3777697656496597,0.2414073900214008,0.2306870955420196,0.3267977442667242,0.3177308635119082,0.3890801925928895,0.3503542690950023
2025-01-02,https://n.news.naver.com/mnews/article/031/0000898273,0.4807632020252543,0.3346933909018978,0.4010646310624411,0.2714170398115447,0.4622908540410376,0.2866185344420902,0.6022803023197378,0.3861700895417474
2025-01-02,https://n.news.naver.com/mnews/article/031/0000898272,0.3190140905829405,0.2969857115104958,0.3432827503951747,0.3001473527923903,0.3606757439854692,0.3121701636745925,0.4151797881308093,0.3076964738005143
2025-01-02,https://n.news.naver.com/mnews/article/031/0000898270,0.3728735753747517,0.3750626678486508,0.2726974005108245,0.3204209370280626,0.3495614259499804,0.3473744393832011,0.4242714992848773,0.3732128835260766
2025-01-02,https://n.news.naver.com/mnews/article/014/0005290457,0.3032815781615076,0.321890979958873,0.3390991971664321,0.2834591211053894,0.3506485814699017,0.3008230048741389,0.4033261837832597,0.3095465617730799
2025-01-02,https://n.news.naver.com/mnews/article/014/0005290456,0.2631002317415217,0.3794673773146719,0.3324528425577698,0.3707299137389062,0.3980048622971627,0.4178368519085664,0.3905364640790472,0.4091670760423432
2025-01-02,https://n.news.naver.com/mnews/article/014/0005290453,0.440684333542382,0.356979133193922,0.3843840827594319,0.3171751400817622,0.401907268460059,0.3179768555202242,0.5651782865099387,0.4023048908373423
2025-01-02,https://n.news.naver.com/mnews/article/014/0005290452,0.2901388777116567,0.2877290497211845,0.317967039093465,0.2084303714417688,0.273376689997186,0.1382874192545516,0.4217607555576231,0.2597128325194426
2025-01-02,https://n.news.naver.com/mnews/article/018/0005917663,0.3361708250124146,0.2582041936366365,0.3759760983373285,0.2159677993435408,0.297405537578215,0.1738013756727811,0.315707285121944,0.2032127729615935
2025-01-02,https://n.news.naver.com/mnews/article/008/0005136293,0.4146091776591416,0.3801546983491796,0.3592943521527632,0.3116163815490786,0.3755311828417119,0.3241496271342038,0.5089176895465428,0.4136031037930414
2025-01-03,https://n.news.naver.com/mnews/article/003/0012997160,0.2024200781000429,0.0524388316155551,0.2180225686824577,0.0,0.1983922220378639,0.0,0.2259060219670704,0.0
2025-01-03,https://n.news.naver.com/mnews/article/215/0001193978,0.2784039087632714,0.3983400336112256,0.3041877838479864,0.3354342814972955,0.2627569376342496,0.3043699727833379,0.3831294951453552,0.3997266916612997
2025-01-03,https://n.news.naver.com/mnews/article/009/0005423590,0.2849926684151684,0.2844220796009979,0.3079911517347886,0.251145129034453,0.2674935946138735,0.21773778669419,0.3012225738301868,0.2509470060281097
2025-01-03,https://n.news.naver.com/mnews/article/009/0005423589,0.3985445139909558,0.3702928331781864,0.3093615193224107,0.2732081829537034,0.3410689090425186,0.3122076809883049,0.3728958286573894,0.3110702756703812
2025-01-03,https://n.news.naver.com/mnews/article/014/0005290916,0.2816383201169034,0.2953010859283858,0.3055450102780102,0.2595798905220079,0.2840300081523768,0.241789343978172,0.2814158752299715,0.201009379196477
2025-01-03,https://n.news.naver.com/mnews/article/057/0001864534,0.1489031640084447,0.2048375596200435,0.165959260885938,0.2044901917207111,0.1715925071078742,0.1953910217159389,0.2078967751301822,0.1867479384479984
2025-01-03,https://n.news.naver.com/mnews/article/277/0005527541,0.350385011420289,0.3532483805745302,0.3080320237852456,0.286222024860235,0.3181696368713743,0.2880087444267126,0.2964268270148947,0.336825107921631
2025-01-03,https://n.news.naver.com/mnews/article/057/0001864533,0.1600486182849434,0.2295033124732064,0.2462439143370152,0.2395936885892394,0.229092670196647,0.2117790291242164,0.2637262407976499,0.2644977871612511
2025-01-03,https://n.news.naver.com/mnews/article/057/0001864532,0.1935788760829514,0.2577951478513008,0.2416477511734007,0.2740051469867431,0.2288866710872908,0.274354366552246,0.2314664550485196,0.2907497978348241
2025-01-03,https://n.news.naver.com/mnews/article/057/0001864529,0.1044061364570126,0.1880354849676736,0.1098206847122829,0.12022304733104,0.101312006425665,0.1708226910019554,0.0980202236060331,0.1630457182263605
2025-01-03,https://n.news.naver.com/mnews/article/057/0001864527,0.0421299126808969,0.1297148883394516,0.1813612362732213,0.1698173234863109,0.065480442462903,0.1417732143513951,0.0533769405554847,0.1338714457281324
2025-01-03,https://n.news.naver.com/mnews/article/243/0000070714,0.4321056032898226,0.3008563401245911,0.3642919480696847,0.2784197372574294,0.4496923253782479,0.283808890656152,0.3531036617045182,0.2386322560382092
2025-01-03,https://n.news.naver.com/mnews/article/057/0001864525,0.0352397001362278,0.2272711214005683,0.2101259864473225,0.2200188575699833,0.0277488337473731,0.2163589235379357,0.041692151403842,0.2060978647541123
2025-01-03,https://n.news.naver.com/mnews/article/014/0005290915,0.3656995495071975,0.2574912485920746,0.299403183342754,0.2298411339709275,0.3647916495900952,0.2442908703452909,0.276746517132113,0.2114374807107432
2025-01-03,https://n.news.naver.com/mnews/article/020/0003607939,0.1433859508651715,0.2033851980294978,0.2324649542939795,0.2181222258402956,0.2048366831749788,0.2193211754573524,0.2383236025960368,0.2350539760825418
2025-01-03,https://n.news.naver.com/mnews/article/243/0000070713,0.2016601570016203,0.2484229262639996,0.1377584311266261,0.0852124272048284,0.1849923381650708,0.1919956734327305,0.279212067044802,0.2171696476034025
2025-01-03,https://n.news.naver.com/mnews/article/003/0012997096,0.227418152488377,0.2160218174219526,0.2606192096079598,0.1769690566810737,0.2893684922052535,0.2526092223758167,0.2456515973434995,0.1626369753632758
2025-01-03,https://n.news.naver.com/mnews/article/014/0005290914,0.4069535912725853,0.2985398148135936,0.349822271690642,0.3136776304481372,0.2952584588747077,0.247378386084289,0.383994171474576,0.2477463890352346
2025-01-03,https://n.news.naver.com/mnews/article/001/0015141025,0.1897263088079349,0.2426074962698011,0.1263726515137044,0.0847946386724597,0.1798679390696486,0.1939910260995397,0.2696900157186414,0.2169704073225525
2025-01-03,https://n.news.naver.com/mnews/article/277/0005527528,0.1784853718902224,0.3118330781708531,0.1824662648065639,0.2284491525601546,0.0993800554636948,0.2529020082055839,0.2512307618774215,0.2295145650376966
2025-01-03,https://n.news.naver.com/mnews/article/648/0000032124,0.2814810708312112,0.3065014774038939,0.4083462804313669,0.3355125129074587,0.3154179128403995,0.2420999006463341,0.2370278748619732,0.2002830343835621
2025-01-03,https://n.news.naver.com/mnews/article/014/0005290909,0.3009004549120945,0.2666580484267157,0.3132886127601533,0.1587117862794027,0.3056672356314193,0.17855219331949,0.4714500805769907,0.2878376744490994
2025-01-03,https://n.news.naver.com/mnews/article/018/0005918371,0.2409366171264415,0.1821170429238732,0.2355153790229719,0.1455536819382715,0.2070510729233596,0.1650315381755676,0.296486532440074,0.231793762426829
2025-01-03,https://n.news.naver.com/mnews/article/008/0005136755,0.175069516169692,0.2874813806636647,0.2323477041819073,0.3062838030517773,0.2625130640963812,0.3388622176461833,0.2529130216872793,0.332697498549707
2025-01-03,https://n.news.naver.com/mnews/article/648/0000032122,0.2206931496891558,0.2950046165099118,0.2552043176475527,0.2988844440884768,0.2642428707906584,0.2676036190704957,0.2307225837739267,0.2346863218050695
2025-01-03,https://n.news.naver.com/mnews/article/277/0005527524,0.0,0.1911620674590518,0.0,0.2435843335198651,0.0510658901024865,0.2534687855597496,0.0,0.2467201278203203
2025-01-03,https://n.news.naver.com/mnews/article/015/0005077756,0.1508830966745751,0.2724754731909844,0.2497973353035875,0.2975792663969663,0.2740566191110613,0.3129535494004664,0.2981766649551769,0.3495458962572061
2025-01-03,https://n.news.naver.com/mnews/article/009/0005423533,0.2509626433330868,0.3902537077880676,0.2619420403121703,0.3938533369468793,0.2700006030530556,0.3786137183824624,0.3013625404634138,0.4554151733495304
2025-01-04,https://n.news.naver.com/mnews/article/011/0004435803,0.249242489540108,0.3357577537815278,0.3073225450238512,0.3003395871139094,0.3039359570442543,0.273259036025799,0.3644411015493271,0.3448538282710713
2025-01-04,https://n.news.naver.com/mnews/article/015/0005077924,0.4823743797883151,0.3087377317170753,0.3179948889212013,0.1899794719400404,0.2848072245999904,0.1633766756367927,0.3010942201481996,0.1776085699678177
2025-01-04,https://n.news.naver.com/mnews/article/277/0005527650,0.0893106473063725,0.227216249662307,0.1235087641038392,0.2468722461337524,0.1187252968153531,0.2319227716696418,0.1063152489720543,0.1957844834424733
2025-01-04,https://n.news.naver.com/mnews/article/009/0005423701,0.2328602982720893,0.3856267522098943,0.2273128253009274,0.3793650556351524,0.2482762875404902,0.3832412405586439,0.2272611581682391,0.3500031551688419
2025-01-04,https://n.news.naver.com/mnews/article/648/0000032131,0.3755484510690293,0.2672879082090402,0.3327977611355625,0.1869596950741052,0.3809150804175115,0.1973333627556576,0.3592220770226348,0.2022678076546505
2025-01-04,https://n.news.naver.com/mnews/article/015/0005077889,0.2561228564594479,0.2944327070670732,0.2618920219265576,0.2645465703630668,0.2593657578117013,0.2884331478155518,0.3780736135484021,0.3018522310115624
2025-01-04,https://n.news.naver.com/mnews/article/648/0000032130,0.3824518974357653,0.2542134096346863,0.2214377374631049,0.0774582207050719,0.3205342122791702,0.1896043157860354,0.2726841610220956,0.1680257973137376
2025-01-04,https://n.news.naver.com/mnews/article/648/0000032129,0.181534286366459,0.2813482407783935,0.1819569946154914,0.2867336295566482,0.2448768446448472,0.2966013080928751,0.2383023456282002,0.2860335896531359
2025-01-04,https://n.news.naver.com/mnews/article/003/0012997461,0.1885955162100613,0.3149219755864964,0.2854431362051856,0.2994550565265128,0.3229592463287435,0.287652696470047,0.3825909949224553,0.4423164382644285
2025-01-04,https://n.news.naver.com/mnews/article/016/0002411285,0.3022452098331326,0.3368735296213885,0.3769300085888827,0.265630377293799,0.3480458811545233,0.2408597962603831,0.4529742531379696,0.2946824957451796
2025-01-04,https://n.news.naver.com/mnews/article/277/0005527599,0.1079628399753547,0.2666603392387799,0.1492935654138781,0.3127106592055795,0.1436823646585361,0.2572058975985944,0.118297345485089,0.2324437763490083
2025-01-04,https://n.news.naver.com/mnews/article/277/0005527597,0.2835799297194916,0.1836606636957706,0.391281588574552,0.20458718352829,0.2790303676138355,0.19844666335487,0.3354215510116207,0.1481465670098047
2025-01-04,https://n.news.naver.com/mnews/article/648/0000032128,0.2866794974963528,0.2721602023197524,0.2677961214543361,0.1997228096753693,0.2952926214946099,0.1994750450293739,0.4005721654580514,0.3153803173460381
2025-01-04,https://n.news.naver.com/mnews/article/003/0012997360,0.2001021505589195,0.2245076757439091,0.2913758036077571,0.2490644069682211,0.2742246983168073,0.2931194897495306,0.3115545618253364,0.3234654728392718
2025-01-04,https://n.news.naver.com/mnews/article/215/0001193995,0.3136654635742712,0.3346372052843341,0.2866050692917622,0.2986883338824996,0.2839844923155728,0.2805621039842766,0.368082682249612,0.3501435997689511
2025-01-04,https://n.news.naver.com/mnews/article/421/0008003140,0.2277607933243903,0.3612138958037031,0.2311415928347377,0.3023803850557095,0.2090891045663368,0.319448583253758,0.2778809106650995,0.3384188179851981
2025-01-04,https://n.news.naver.com/mnews/article/011/0004435713,0.2439023405525446,0.2891702101691923,0.3198797004715793,0.2911157963078695,0.3032993393982613,0.3106202686841871,0.340071189514815,0.299597443414311
2025-01-04,https://n.news.naver.com/mnews/article/648/0000032127,0.2690628176772759,0.31943092094611,0.294398171652643,0.3450595523603335,0.3101711212973829,0.3144002631524542,0.2939862055922346,0.2963007126413894
2025-01-04,https://n.news.naver.com/mnews/article/001/0015141256,0.3071997522749138,0.3321415427172865,0.2733162250678219,0.2945485231296775,0.2672988692456337,0.2810760054341914,0.3392371914581288,0.3106489471689272
2025-01-04,https://n.news.naver.com/mnews/article/417/0001049674,0.330289729916251,0.2486304131159474,0.2801730321371491,0.1844094910949445,0.2864820117303837,0.1817573532761307,0.3402462875594624,0.179809153197023
2025-01-04,https://n.news.naver.com/mnews/article/001/0015141239,0.2120144771310026,0.2561299307896392,0.288061734645989,0.2563217607618473,0.2440353032499161,0.2568064046862268,0.2949115326917634,0.265554093860758
2025-01-04,https://n.news.naver.com/mnews/article/015/0005077836,0.487550414445858,0.3109138395429739,0.3327494714362723,0.1357710083608167,0.3164070186893519,0.1437681589011262,0.3577917815159233,0.1925941076200123
2025-01-04,https://n.news.naver.com/mnews/article/008/0005136820,0.3103463128259823,0.1770021135579124,0.2505038347375576,0.1818280795902921,0.2483177847277096,0.1769330584271266,0.3129797335978192,0.196366656936296
2025-01-04,https://n.news.naver.com/mnews/article/018/0005918459,0.3102967275930273,0.3512647509875448,0.3070337794340634,0.3285792275634465,0.2930213484655414,0.2932170073511466,0.3921740456721274,0.3696464077760846
2025-01-04,https://n.news.naver.com/mnews/article/018/0005918457,0.2253299279233708,0.3842036765330779,0.2043247099599759,0.369890171683009,0.2748684414769271,0.3926174950508952,0.2390347279678469,0.3827800126033512
2025-01-04,https://n.news.naver.com/mnews/article/016/0002411218,0.2780888844180679,0.2720080293384689,0.2867531091997488,0.2333100933114317,0.2997118217664204,0.2310369810848734,0.3279781910507376,0.2491184677993915
2025-01-04,https://n.news.naver.com/mnews/article/018/0005918455,0.3562919464457894,0.3719230214910897,0.3686280645294787,0.2784526554588388,0.2578545689622462,0.2531956517850603,0.2897668847393981,0.2398531551874242
2025-01-04,https://n.news.naver.com/mnews/article/421/0008003127,0.3365918393591158,0.2770498254616875,0.2773865454188121,0.2214960663054962,0.2954158360582135,0.2262241692927612,0.3426243546502959,0.2805585774384795
2025-01-04,https://n.news.naver.com/mnews/article/215/0001193989,0.2351008748743588,0.263357080115317,0.2967015999783134,0.1942580378537775,0.2740256659223785,0.1813357057024401,0.3991358025978694,0.300928557317505
2025-01-04,https://n.news.naver.com/mnews/article/421/0008003124,0.2677700086191402,0.2231716355018778,0.2498784790076403,0.1995813917934282,0.2551037987544148,0.1530020785852096,0.2917129295142511,0.1846660802825384
2025-01-04,https://n.news.naver.com/mnews/article/011/0004435704,0.2482197512898465,0.362044207908299,0.3584835156868537,0.4036227282628988,0.3705731753119276,0.4115170676780382,0.3576875810693966,0.4037360167184848
2025-01-04,https://n.news.naver.com/mnews/article/018/0005918452,0.3660639342706435,0.2982106334949373,0.4170924364820105,0.3542916857826179,0.3444700456970364,0.2661280908537776,0.3226842859243244,0.2668873625967408
2025-01-04,https://n.news.naver.com/mnews/article/018/0005918449,0.3008777808632396,0.2304854420255659,0.4398007103589627,0.2862967991786798,0.3242224457118252,0.1624828528673162,0.3274432059128305,0.1219906134510344
2025-01-04,https://n.news.naver.com/mnews/article/018/0005918446,0.5022727549335918,0.328624309938359,0.3010205129487315,0.1321910043237729,0.3010731655178131,0.1500202029868013,0.3436517019920855,0.1881268658569672
2025-01-04,https://n.news.naver.com/mnews/article/215/0001193988,0.2953271226651087,0.3967368215932404,0.3339078832770417,0.4355426623948788,0.3069731656156849,0.3902097870070302,0.2751464228303175,0.3774873941738305
2025-01-04,https://n.news.naver.com/mnews/article/421/0008003121,0.3106084332916058,0.2363443589235431,0.2650797183528557,0.1712416024065324,0.2809472932174774,0.1745221425368126,0.3229593055483123,0.1784946703316627
2025-01-05,https://n.news.naver.com/mnews/article/417/0001049792,0.1734633814791437,0.3940269240743675,0.2022130177912301,0.3691140666693886,0.1995296801667647,0.3476305571514298,0.2426229518783614,0.3716672896055096
2025-01-05,https://n.news.naver.com/mnews/article/009/0005424069,0.2477946130712626,0.3392394789378663,0.3309068030040858,0.259993323785784,0.3249583204578373,0.2549915494377645,0.4038445243926337,0.3585116578027437
2025-01-05,https://n.news.naver.com/mnews/article/277/0005527827,0.4346491760926003,0.2958612750223474,0.2599536083527019,0.1206965779221479,0.2794145357780188,0.1358721136354312,0.2950651174573146,0.1539160973428271
2025-01-05,https://n.news.naver.com/mnews/article/021/0002682038,0.2741170103840232,0.3011920472386213,0.3129698460618679,0.2373556771937461,0.2803312460692657,0.1763270290300734,0.4438344615426555,0.3166021957175863
2025-01-05,https://n.news.naver.com/mnews/article/014/0005291254,0.3262036204208375,0.420514842509962,0.2486971558655519,0.4213746340871679,0.2361742764240324,0.3698466684476762,0.3056966889942283,0.3754877316193292
2025-01-05,https://n.news.naver.com/mnews/article/014/0005291253,0.2345512762714628,0.3393807995664114,0.2872758040742998,0.2988462450709478,0.2960185693362397,0.2850869670936382,0.3660236901266151,0.3801302662945785
2025-01-05,https://n.news.naver.com/mnews/article/014/0005291234,0.2179636222761178,0.3184108215536432,0.2793436122263739,0.341332748134969,0.34961087446206,0.3744020080279933,0.2909243566609304,0.3484926439943728
2025-01-05,https://n.news.naver.com/mnews/article/014/0005291226,0.3862005759614531,0.2620270611448591,0.4594207814682709,0.3025336873218665,0.3489520056899577,0.1748650372989877,0.4424896294781983,0.2570387425100243
2025-01-05,https://n.news.naver.com/mnews/article/014/0005291225,0.3134321036855788,0.2787638324444941,0.4145928519961737,0.3645784620826927,0.3866989122730698,0.3238955316646663,0.3817368541676392,0.2648511406553261
2025-01-05,https://n.news.naver.com/mnews/article/014/0005291224,0.1034918544626806,0.3701627383281042,0.1199407948045521,0.4094807727480227,0.2093955942138226,0.4380626263373091,0.1366685018515628,0.4179449391253617
2025-01-05,https://n.news.naver.com/mnews/article/014/0005291223,0.3731347386777274,0.3265183127880978,0.4348455851420964,0.2809342533568077,0.3475813110132654,0.1952157439605298,0.4702625147964418,0.2762029930415947
2025-01-05,https://n.news.naver.com/mnews/article/014/0005291222,0.2210550931019324,0.2937146124241493,0.256647403411405,0.2806797334292985,0.2544585519108813,0.2606591173750764,0.3142802847961353,0.3323216016079753
2025-01-05,https://n.news.naver.com/mnews/article/014/0005291221,0.4317162068074857,0.3922232064749971,0.3311432199133964,0.2602750009637565,0.3695084816203334,0.2892111506827125,0.423465036502291,0.3708481699399856
2025-01-05,https://n.news.naver.com/mnews/article/014/0005291220,0.3739454531445518,0.3473232412036757,0.3567692037903111,0.3175924242821039,0.3573130958695831,0.3119769620248988,0.3796701218554605,0.3199473377064391
2025-01-05,https://n.news.naver.com/mnews/article/014/0005291219,0.1266683232771205,0.208997785065022,0.2054483926586716,0.1814996325276256,0.2674911891475091,0.208823338288971,0.27394779963443,0.240750351582471
2025-01-05,https://n.news.naver.com/mnews/article/011/0004436012,0.162486695700687,0.0810908235909148,0.1200123526990302,0.0572375881684525,0.14881087212912,0.030072730506901,0.1907326702727685,0.075355809139843
2025-01-05,https://n.news.naver.com/mnews/article/015/0005078108,0.2974488408798206,0.3358349494643624,0.3308784139825908,0.3215671373521308,0.3460763245180372,0.3408820998590083,0.3859852309559293,0.3325794303516327
2025-01-05,https://n.news.naver.com/mnews/article/015/0005078106,0.4276995907166538,0.3407711462043312,0.3029128161045116,0.2244899992746558,0.3084111268927758,0.1935353521223347,0.336426115187081,0.2488472815541947
2025-01-05,https://n.news.naver.com/mnews/article/015/0005078105,0.1109911629961166,0.1397980549242409,0.1633440135968814,0.2273259895677877,0.1314453373840937,0.1832515288865548,0.242496213515872,0.2192095543711462
2025-01-05,https://n.news.naver.com/mnews/article/015/0005078104,0.1034001025212073,0.3245812363405952,0.1529266655988994,0.3589762045967057,0.2395622522494478,0.3931582506790995,0.1430300992949975,0.3254005488978509
2025-01-05,https://n.news.naver.com/mnews/article/015/0005078102,0.2559642506603668,0.303817026415054,0.2891911716321159,0.2663469993998978,0.3239197481987265,0.2664930430117351,0.4267418003026731,0.3438094091654277
2025-01-05,https://n.news.naver.com/mnews/article/015/0005078101,0.1772777807431829,0.3573359295671963,0.1783510902098485,0.3655255030507718,0.1985372887525227,0.3646579285699485,0.1980153540486556,0.3802385793989642
2025-01-05,https://n.news.naver.com/mnews/article/015/0005078100,0.357330738934041,0.2802812360284534,0.3747747574068192,0.2655954025639804,0.3663992659507632,0.2715193370876393,0.4216528922869165,0.2948533997469476
2025-01-05,https://n.news.naver.com/mnews/article/119/0002910700,0.0631358435423623,0.1425524958954386,0.0656342207213208,0.1004095062954781,0.05883849028712,0.1443983387990058,0.0890439888924723,0.1176084727215696
2025-01-05,https://n.news.naver.com/mnews/article/015/0005078099,0.2115768077639883,0.250919879578397,0.2632034298858353,0.2155755881142044,0.2354140236714152,0.1615728582104314,0.3518652563211848,0.2979720431335316
2025-01-05,https://n.news.naver.com/mnews/article/015/0005078098,0.3934956470331868,0.2889178090821286,0.3458083536203066,0.1906363857014678,0.308607422020546,0.1531777855020142,0.3910822125485585,0.2408686481335444
2025-01-05,https://n.news.naver.com/mnews/article/011/0004435992,0.2163161831890032,0.3937451867851231,0.2228661721566674,0.3824829624027202,0.2466487805936106,0.3627956215988912,0.298233457435111,0.4147985786219085
2025-01-05,https://n.news.naver.com/mnews/article/011/0004435987,0.2445749326968138,0.3015905821028896,0.2935377656463137,0.2380772496562966,0.2785846690386455,0.1946378763258825,0.4287684078035916,0.3390084957708101
2025-01-05,https://n.news.naver.com/mnews/article/011/0004435985,0.4344376379470979,0.3358564991416011,0.2994972021132157,0.2616082045704228,0.3158516195252489,0.2510446480955657,0.3668138770478634,0.2808103376172855
2025-01-05,https://n.news.naver.com/mnews/article/011/0004435978,0.2928354958870182,0.3330388582634364,0.271313941052735,0.3201009106744016,0.2496188072517706,0.3010535213771212,0.3121413914424559,0.355928668545296
2025-01-05,https://n.news.naver.com/mnews/article/011/0004435977,0.2420170703723351,0.2643092662667548,0.2976376781826994,0.2412010422103273,0.241996002766973,0.1988020984886774,0.3305132448221495,0.2586991715873515
2025-01-05,https://n.news.naver.com/mnews/article/011/0004435961,0.4320844717839659,0.2930247985015689,0.4419054178852093,0.2902476282804199,0.4919059312293227,0.3265938600759824,0.434954239593512,0.2669263735528634
2025-01-05,https://n.news.naver.com/mnews/article/009/0005423997,0.1645471411239669,0.0541015359115991,0.1168775573437779,0.0597400511339937,0.1242887037528353,0.0,0.1603218389462155,0.0521238526501958
2025-01-05,https://n.news.naver.com/mnews/article/029/0002927205,0.2353022216193095,0.4044421649663324,0.2003104685220912,0.314025144020885,0.1859083307726853,0.3608767033478155,0.2944014505754616,0.3664525061851217
2025-01-05,https://n.news.naver.com/mnews/article/003/0012998709,0.2067362607533102,0.2619406160286097,0.0975595127620841,0.1175759796052958,0.211381562844218,0.2217789580319414,0.2554100407069891,0.232964234828259
2025-01-05,https://n.news.naver.com/mnews/article/469/0000842384,0.2839659148211254,0.4113682813472397,0.0815745784407407,0.2703428610254938,0.2189792763188683,0.2692488148930375,0.2759028186074831,0.3623461392863147
2025-01-06,https://n.news.naver.com/mnews/article/009/0005424744,0.1642610518576489,0.2861122706583798,0.2701503943208188,0.2284741926752651,0.1790832101603521,0.2248958174657831,0.2775083379893848,0.3034882821604192
2025-01-06,https://n.news.naver.com/mnews/article/018/0005919768,0.1300178670373739,0.214605030738523,0.1810800700386309,0.2508085049320207,0.2189152633288492,0.235322154684193,0.2170370516109397,0.2382667050657582
2025-01-06,https://n.news.naver.com/mnews/article/003/0013000992,0.160074724622195,0.353093309169249,0.2198700750066655,0.389132711680758,0.2457433894941844,0.4116081536426284,0.1926796404103807,0.3789906919973695
2025-01-06,https://n.news.naver.com/mnews/article/014/0005291844,0.0650034592820622,0.3130628343775802,0.1359789963251401,0.2944191698660919,0.116254799497187,0.264649267781495,0.171423558310346,0.3175594643802383
2025-01-06,https://n.news.naver.com/mnews/article/215/0001194256,0.1440738614272167,0.3292366712759236,0.2081559885446403,0.3481133173787843,0.2792322894783718,0.3852794799808247,0.204465155257935,0.3770935114843863
2025-01-06,https://n.news.naver.com/mnews/article/009/0005424726,0.4097119042740472,0.3379100052948973,0.3461847985504949,0.2771210257312071,0.3246703723869907,0.2420538994553887,0.3353140486978019,0.2419245448700216
2025-01-06,https://n.news.naver.com/mnews/article/057/0001865011,0.3502977458694732,0.3543415461576381,0.3926032251864564,0.3375325890261626,0.2959865436891138,0.2600834923438679,0.2825021711348708,0.2442704004763818
2025-01-06,https://n.news.naver.com/mnews/article/057/0001865009,0.3201098857253128,0.1855046499624739,0.1609189059821105,0.0409498604113245,0.2765239247604741,0.1406929218690334,0.2212409427943014,0.1395509621260026
2025-01-06,https://n.news.naver.com/mnews/article/057/0001865001,0.1685387196623624,0.1975178978488179,0.3268962360684374,0.2413330816226767,0.1657698275491072,0.2161419781424731,0.1241466278921203,0.1581131717485367
2025-01-06,https://n.news.naver.com/mnews/article/009/0005424711,0.1722001633596764,0.269255644152759,0.2430390252748399,0.2633274951643492,0.2149919509720067,0.2486273629151369,0.3260258339141433,0.2806218243892915
2025-01-06,https://n.news.naver.com/mnews/article/009/0005424710,0.1924900055925046,0.3189820889856136,0.2305539087590618,0.2797715344386924,0.2307561508510411,0.2963344158462878,0.2997388280205134,0.3177008544816767
2025-01-06,https://n.news.naver.com/mnews/article/011/0004436498,0.4605951010655577,0.3133678309219409,0.381195039883321,0.2506841121038067,0.453250185481642,0.2705886415156855,0.4333594599488703,0.2601015548887696
2025-01-06,https://n.news.naver.com/mnews/article/014/0005291795,0.2312094568694789,0.3070357942804254,0.3119987753308721,0.2821329628606753,0.2735823710447257,0.3024454926662479,0.3935783536241861,0.367918184894442
2025-01-06,https://n.news.naver.com/mnews/article/014/0005291791,0.2328982787527871,0.2951873004055739,0.3307945741193834,0.3133547927322223,0.3036692375575588,0.3487450162829901,0.3846784479786282,0.3420057686203603
2025-01-06,https://n.news.naver.com/mnews/article/018/0005919735,0.2472213099013948,0.2915736384008385,0.3335652344124528,0.2411708074371007,0.335362777634815,0.2701240449352153,0.386586214440815,0.313876458294055
2025-01-06,https://n.news.naver.com/mnews/article/018/0005919734,0.1219982909539205,0.3124996984811649,0.1239173893573988,0.2387853229694498,0.0526261478749634,0.2900096822140477,0.1185485521260381,0.2492762436018111
2025-01-06,https://n.news.naver.com/mnews/article/018/0005919727,0.1737476472521669,0.3314352670846351,0.2035885417998919,0.3025608327718591,0.1949963420699084,0.2844980119749875,0.2744198441921178,0.3940806923477916
2025-01-06,https://n.news.naver.com/mnews/article/277/0005528521,0.2593606291076326,0.3030177346839942,0.3086517145939021,0.268970978771252,0.2458803303288798,0.2363194287677125,0.3122024838983206,0.2552632941307099
2025-01-06,https://n.news.naver.com/mnews/article/014/0005291761,0.2668612289208934,0.3438479067448032,0.3407469124043962,0.4109388221156847,0.3427055213849549,0.378103626755807,0.2882522815807761,0.33028779067108
2025-01-06,https://n.news.naver.com/mnews/article/014/0005291760,0.2243771543015849,0.3476507950719323,0.3318192569088921,0.4031272504648658,0.2816895695765552,0.3540139602468946,0.2734286722883766,0.3281779417208976
2025-01-06,https://n.news.naver.com/mnews/article/014/0005291759,0.2183712636181864,0.1948175932192805,0.2120606693270122,0.160184911322345,0.267326878465523,0.1825101270752979,0.3685424674312071,0.2778743376759122
2025-01-06,https://n.news.naver.com/mnews/article/014/0005291758,0.2997916957131311,0.2316561847364577,0.2672805231362972,0.1623359641137323,0.3030029711939433,0.1387098747950897,0.4419340154513693,0.263376637725754
2025-01-06,https://n.news.naver.com/mnews/article/008/0005137623,0.3103881891642182,0.3172425002483955,0.2857704994491949,0.2941606856881298,0.2612699199952036,0.2634086878145519,0.3123631660739401,0.2971583716159912
2025-01-06,https://n.news.naver.com/mnews/article/243/0000070827,0.1667705942524905,0.2625287954914206,0.2146560770300944,0.235269245901312,0.1675679249262396,0.2882791242087791,0.3322353729592583,0.3273548629836322
2025-01-06,https://n.news.naver.com/mnews/article/029/0002927555,0.3406169270742757,0.3118488520468813,0.2745043593915589,0.2252103665453146,0.3107697167681331,0.2560113293241202,0.3416056299987223,0.276188031317689
2025-01-06,https://n.news.naver.com/mnews/article/366/0001045373,0.3313653477194822,0.2580022140139766,0.3421157680740239,0.2368243863970605,0.3132226842999353,0.2434949640073183,0.4197169418194985,0.245408353465604
2025-01-06,https://n.news.naver.com/mnews/article/003/0013000898,0.1803083471050427,0.2743814503593029,0.1812145685716913,0.2892293315302684,0.2258473688057168,0.3320240516821205,0.1163030341033525,0.2416717617412201
2025-01-06,https://n.news.naver.com/mnews/article/011/0004436487,0.1802792055868359,0.3871996536009661,0.2069645367168667,0.3755968674885688,0.22210046001534,0.3686759366265936,0.2308914105296235,0.3994174527788567
2025-01-06,https://n.news.naver.com/mnews/article/009/0005424684,0.1933967150854583,0.2642351665774847,0.2213964970200053,0.2077532176241329,0.1999862289842126,0.2337977763463394,0.2913103857232129,0.2458315001786367
2025-01-06,https://n.news.naver.com/mnews/article/215/0001194247,0.3061467710583213,0.2855922218567499,0.3151881520643808,0.2661728509260457,0.3233382615337007,0.2920262213757524,0.3265682010609471,0.2753566411953511
2025-01-06,https://n.news.naver.com/mnews/article/366/0001045370,0.3461530373238957,0.2385142244457958,0.351235093736029,0.2458241492021361,0.3179197005830989,0.1709869832710941,0.372211181191391,0.184728268775003
2025-01-07,https://n.news.naver.com/mnews/article/009/0005425406,0.171030291636494,0.3568579338983907,0.1747774652694899,0.2852021093047799,0.1461198710425421,0.2958625374041406,0.2118901038589326,0.3345851369020854
2025-01-07,https://n.news.naver.com/mnews/article/008/0005138184,0.120166984933268,0.3834110107802804,0.1833350465801299,0.309201681746419,0.0855661807871512,0.3202389683861012,0.1952212972145213,0.3407727928980282
2025-01-07,https://n.news.naver.com/mnews/article/011/0004436978,0.1559976340961561,0.3545706722564185,0.1616571963231271,0.289921833023184,0.0795109807211941,0.3194400985164786,0.1896390784569876,0.3330275536254246
2025-01-07,https://n.news.naver.com/mnews/article/014/0005292447,0.1986851109515055,0.3238742738425922,0.1923091036486606,0.2624191164643254,0.1543410922105135,0.2871470929025668,0.2499366942542393,0.3113782585952357
2025-01-07,https://n.news.naver.com/mnews/article/421/0008009151,0.1882960806802859,0.3174006645786261,0.1793854915966229,0.2597068346795345,0.1273768181060365,0.2688570092140952,0.2149863876122824,0.2981170068912337
2025-01-07,https://n.news.naver.com/mnews/article/215/0001194398,0.4508160774335861,0.3091605785647721,0.3525039458894338,0.2141914845319403,0.3290294974826267,0.1915188261872821,0.3680074482098556,0.216122386532297
2025-01-07,https://n.news.naver.com/mnews/article/366/0001045629,0.1634063406705725,0.3326970323400615,0.1739931989459146,0.2709059653081105,0.1148594596479459,0.2869249411578022,0.2146989366142974,0.312020921523394
2025-01-07,https://n.news.naver.com/mnews/article/469/0000842837,0.1234378712747947,0.3186899780519825,0.1184896715522614,0.2854526149566684,0.0571660035633484,0.2849010890907713,0.2258573825878012,0.3275336380213343
2025-01-07,https://n.news.naver.com/mnews/article/277/0005529162,0.1769513389978715,0.2881724412919053,0.1638798734772878,0.2456328461172404,0.1138931662553961,0.2597336038672048,0.2110849550473717,0.2679822713297134
2025-01-07,https://n.news.naver.com/mnews/article/421/0008009131,0.1736564611292666,0.4000886668829858,0.1658644782561573,0.3289637393204916,0.1777894566185534,0.3199830688787229,0.2298349722503414,0.3449217899998398
2025-01-07,https://n.news.naver.com/mnews/article/001/0015147196,0.1945125453824724,0.315223971033142,0.1858973820012734,0.263490594087629,0.129059100419962,0.2723863578196629,0.2307417264372519,0.3079608846264214
2025-01-07,https://n.news.naver.com/mnews/article/009/0005425382,0.4147122314615549,0.2967617222442084,0.3010757465532254,0.2208779432701934,0.3101465746457996,0.213820291212037,0.3363966185734606,0.1965316071208708
2025-01-07,https://n.news.naver.com/mnews/article/057/0001865247,0.0853432694650866,0.2401283965324598,0.219023212524224,0.2975991629572339,0.2689480260901323,0.2985858110393884,0.2764050932268684,0.3191666989957025
2025-01-07,https://n.news.naver.com/mnews/article/057/0001865245,0.0779985144572759,0.3600893507343531,0.1779583266258698,0.4389860996773981,0.128500674004566,0.3890411014285392,0.1459405280978985,0.4307233261919441
2025-01-07,https://n.news.naver.com/mnews/article/009/0005425376,0.2085054382682595,0.3840398321742148,0.1935062394898513,0.3088133985468476,0.1891330201242428,0.305001472656255,0.2165536230008595,0.3165355248682587
2025-01-07,https://n.news.naver.com/mnews/article/057/0001865236,0.3048240336057989,0.1863234269005882,0.1552492733027393,0.0939481518365205,0.1957902058152664,0.1051286837514695,0.1693020193295735,0.1220972995541738
2025-01-07,https://n.news.naver.com/mnews/article/057/0001865233,0.0429719352324312,0.2211321242967158,0.1476683702664852,0.187796621878635,0.0824720273215508,0.143673520067808,0.0330201619049516,0.1451111761678214
2025-01-07,https://n.news.naver.com/mnews/article/057/0001865232,0.0346245818129679,0.1177806364308306,0.1112420974177973,0.1970712287423748,0.1686301227618667,0.1752983151342624,0.0977674016505784,0.1660473464011595
2025-01-07,https://n.news.naver.com/mnews/article/014/0005292419,0.3344553275738137,0.2921368339316454,0.3743977504066703,0.2549980229302198,0.3326427697611733,0.2419859357923687,0.338140551743916,0.2404425319249428
2025-01-07,https://n.news.naver.com/mnews/article/009/0005425373,0.1323403677878363,0.3591881324869159,0.149723968970663,0.3038441300663005,0.0986978913654739,0.321587037681633,0.1785658384098768,0.3585080341789664
2025-01-07,https://n.news.naver.com/mnews/article/421/0008009086,0.2612827676923077,0.2942981973011467,0.284787362679355,0.2071122821254075,0.2782533575462318,0.2777888448106754,0.3634922184204489,0.2739896782822796
2025-01-07,https://n.news.naver.com/mnews/article/001/0015147102,0.0,0.1760560334703907,0.0437605875159429,0.18321441518762,0.0558362665176327,0.1651885674574644,0.0439449790219078,0.1670185748197566
2025-01-07,https://n.news.naver.com/mnews/article/018/0005920457,0.2674454159550448,0.2083711604312284,0.2918734648210836,0.217028490243729,0.2665649528095737,0.1933939350794538,0.3686698001568867,0.262771152626621
2025-01-07,https://n.news.naver.com/mnews/article/014/0005292365,0.3303094336747083,0.2879364255335748,0.3423353096926229,0.2403023671348921,0.3134030679790007,0.2689411881598211,0.3505142329817678,0.2881653631363229
2025-01-07,https://n.news.naver.com/mnews/article/014/0005292364,0.2666445127704183,0.3287453407074008,0.3109871718160369,0.2975791773445092,0.3268410170477713,0.2723341217206902,0.4146030400421304,0.3258117294877159
2025-01-07,https://n.news.naver.com/mnews/article/014/0005292363,0.1735435540660512,0.2921876542085217,0.2164318957127042,0.2943964746884173,0.2786017179188342,0.2877223426947938,0.3308584947097719,0.3451723766043568
2025-01-07,https://n.news.naver.com/mnews/article/014/0005292362,0.322705948146463,0.2374933549593474,0.306406443133668,0.1638325446124325,0.2965571322402466,0.1053587970214164,0.4454552811903475,0.2564920100290252
2025-01-07,https://n.news.naver.com/mnews/article/008/0005138161,0.2229135640068086,0.331423271123291,0.2644143545581939,0.2968325439718672,0.2704281737246131,0.2971514908136722,0.3325263405666116,0.3152221814148506
2025-01-07,https://n.news.naver.com/mnews/article/011/0004436944,0.1971777650099504,0.3059313993477551,0.2602515282639902,0.328965800161899,0.3009753873233043,0.3065573417071698,0.3536174409046113,0.3419148952304041
2025-01-07,https://n.news.naver.com/mnews/article/014/0005292343,0.2565692851511552,0.268225633586994,0.3014241181862074,0.2162696324138122,0.2720196208243626,0.1640968789855161,0.4192588022701439,0.3217605812492552
2025-01-07,https://n.news.naver.com/mnews/article/014/0005292342,0.4012902267104189,0.2870631893155412,0.3553834463174098,0.2921947838728024,0.4016323103921206,0.2803843011823449,0.3535091873101611,0.2637697180472905
2025-01-07,https://n.news.naver.com/mnews/article/014/0005292341,0.2388717695542729,0.3067114109857652,0.3017479809782105,0.3120920527877958,0.3057088745950572,0.2605959633705383,0.380585846272172,0.3532094833104495
2025-01-07,https://n.news.naver.com/mnews/article/003/0013003081,0.1823309084397079,0.2791928145620116,0.1439632819191593,0.2532899083078157,0.2169864157918812,0.3239192752808535,0.1817500686992412,0.2537567529258368
2025-01-07,https://n.news.naver.com/mnews/article/119/0002911513,0.2997397603280916,0.3614340470269113,0.2986125281036758,0.2996577580947472,0.2934751452361177,0.3291580074344746,0.3707444851393741,0.347565568910162
2025-01-07,https://n.news.naver.com/mnews/article/018/0005920444,0.195674089458619,0.4090168542025461,0.2223089840428493,0.332857528629279,0.1278323138462143,0.3357036447248052,0.2368131255331061,0.3790709503769905
2025-01-08,https://n.news.naver.com/mnews/article/003/0013005600,0.3973253316491502,0.2998167531916823,0.4358709285464793,0.2424256569134917,0.3762879508165798,0.1463501894428693,0.3072762385414527,0.1115965195077827
2025-01-08,https://n.news.naver.com/mnews/article/003/0013005597,0.0,0.2403469691090217,0.0,0.2388972595288253,0.0,0.2414065137080852,0.0795159686228454,0.2933671826568472
2025-01-08,https://n.news.naver.com/mnews/article/015/0005079946,0.3436061230254893,0.3339312022214166,0.2293924112834122,0.2697854035329812,0.2577536424048839,0.2748683685700915,0.255083699312136,0.274448510719971
2025-01-08,https://n.news.naver.com/mnews/article/648/0000032258,0.1999535396737068,0.3618691090584102,0.1970362843376093,0.2796891107637594,0.1359264224078305,0.3003914209165019,0.2830914880060278,0.3412196232134154
2025-01-08,https://n.news.naver.com/mnews/article/215/0001194553,0.4371149528289368,0.3345680267494815,0.2703155679584701,0.2185761190179986,0.2836324976391913,0.2453423633969788,0.3053502312741374,0.2258725471469218
2025-01-08,https://n.news.naver.com/mnews/article/018/0005921343,0.1620245038333022,0.2918074260403526,0.1861909242554972,0.2525970889474267,0.1504043707256057,0.2334059308400388,0.2039595425610609,0.2788034782606072
2025-01-08,https://n.news.naver.com/mnews/article/057/0001865505,0.4909647566907416,0.3265118963638432,0.3611915873532634,0.231510721971824,0.3606983485712105,0.2637913094123646,0.4260613929188633,0.2923440517794626
2025-01-08,https://n.news.naver.com/mnews/article/057/0001865503,0.1349118455230947,0.3094339347380833,0.2091737975808952,0.3658278480359301,0.4010015442949672,0.3859809097736006,0.2322604265609209,0.2756552609563418
2025-01-08,https://n.news.naver.com/mnews/article/011/0004437463,0.2207491499536515,0.3883964954128113,0.2045919251227249,0.3558772197548221,0.1679477931602576,0.3220636090363549,0.2867319402970296,0.391169998728696
2025-01-08,https://n.news.naver.com/mnews/article/119/0002911941,0.1497178434037521,0.3230844762334978,0.1711604643084734,0.255210779046764,0.1497879866897831,0.3120561416501882,0.2414174010356372,0.3411596435986522
2025-01-08,https://n.news.naver.com/mnews/article/119/0002911940,0.1763293302347446,0.3936887765441771,0.1645017289124006,0.2837839506672274,0.112349089060025,0.3160007174879357,0.2299846068656647,0.3305340605868599
2025-01-08,https://n.news.naver.com/mnews/article/031/0000899780,0.1882521328096458,0.3498616359212313,0.1973007319424493,0.2771228491456244,0.1536184506978153,0.3026449962141986,0.2329110542519196,0.3267509000575723
2025-01-08,https://n.news.naver.com/mnews/article/057/0001865492,0.2535704826177576,0.1748918381140577,0.2851809664417841,0.1208399812581954,0.1828484593952364,0.0521706631099313,0.1742232654462547,0.062665360057778
2025-01-08,https://n.news.naver.com/mnews/article/277/0005529827,0.14403477431978,0.371316619851713,0.1589166023027891,0.2755352738345108,0.0954990667768808,0.3061067443366054,0.2288683274803152,0.3253210232547766
2025-01-08,https://n.news.naver.com/mnews/article/057/0001865487,0.0403414343492245,0.0782120047458347,0.1157828781855145,0.1211858650007272,0.1344198299633078,0.1575372413317783,0.1052176312647967,0.1499607934358044
2025-01-08,https://n.news.naver.com/mnews/article/057/0001865484,0.1175414509140751,0.1199843820890787,0.1897659642576232,0.1199557533006815,0.0617886575715888,0.0708492893222259,0.1027121665970994,0.087093226869055
2025-01-08,https://n.news.naver.com/mnews/article/009/0005426046,0.3418925371317397,0.2848853448623401,0.2399042114689497,0.22100760731116,0.2448488397201818,0.2510304601459148,0.2195375814876868,0.2002605664717228
2025-01-08,https://n.news.naver.com/mnews/article/057/0001865483,0.107287782238403,0.1630632388162801,0.1224149656620323,0.1380175760714473,0.1280828649443376,0.1287374693961454,0.1686512516867551,0.1549971176882104
2025-01-08,https://n.news.naver.com/mnews/article/366/0001045963,0.1269567028101741,0.324622361440707,0.1103760509223072,0.2666503932065533,0.1025329028841113,0.2788613370506139,0.2323101730335235,0.3185960143516904
2025-01-08,https://n.news.naver.com/mnews/article/015/0005079926,0.1481719386940174,0.3285017017491572,0.1547703218217324,0.2646986818980784,0.1374925838398026,0.2922300047901384,0.2195906029545558,0.3354583098740648
2025-01-08,https://n.news.naver.com/mnews/article/014/0005293049,0.1199010442098926,0.3452078625543435,0.1456725963576768,0.2821924908956086,0.1223358194718379,0.3204736794954707,0.2343709838772832,0.3448848808933072
2025-01-08,https://n.news.naver.com/mnews/article/008/0005138710,0.2483411312240885,0.3596689368452556,0.2765755759968078,0.3007254659727834,0.2367643829265286,0.3173705847716239,0.3612662699359046,0.3600295604358449
2025-01-08,https://n.news.naver.com/mnews/article/421/0008011607,0.2122001233561589,0.338870165185466,0.2099497413943724,0.3108600659695988,0.1775275554125696,0.296065452747447,0.3092528792592778,0.3566011410772706
2025-01-08,https://n.news.naver.com/mnews/article/008/0005138708,0.1601986404825545,0.3448006573481851,0.1531140537614347,0.312917871698716,0.1184951055353637,0.3485562436096887,0.2679455922826464,0.3768210516046121
2025-01-08,https://n.news.naver.com/mnews/article/001/0015149562,0.1613255470319772,0.2530561595694477,0.2615136488818855,0.2974625088390233,0.2705771614342296,0.2671625513355121,0.2743388157775729,0.3393757441160882
2025-01-08,https://n.news.naver.com/mnews/article/018/0005921323,0.333067436854653,0.2624575327435264,0.342304220865489,0.3054416420023279,0.4210420899079778,0.321736936954102,0.307035031038658,0.2144484855463404
2025-01-08,https://n.news.naver.com/mnews/article/016/0002413231,0.3988722955804853,0.4023277790648451,0.392020577516407,0.3561220447885426,0.331774023367423,0.3078142029280498,0.2900460561199622,0.2751358338495882
2025-01-08,https://n.news.naver.com/mnews/article/018/0005921319,0.2051078961749056,0.3821390996316631,0.2135375815185199,0.3458329634913664,0.2000145636520221,0.318843030344313,0.2975470592534565,0.3934660319846595
2025-01-08,https://n.news.naver.com/mnews/article/001/0015149556,0.1320571480186009,0.3373555215238412,0.1520887066568099,0.257020601129904,0.1429447444315605,0.313279891625951,0.2160820465470187,0.3371869090307415
2025-01-08,https://n.news.naver.com/mnews/article/001/0015149553,0.1759483836119916,0.2785206742901784,0.2079385415971696,0.2006828790127355,0.1989269628292662,0.2289011351102579,0.3457086957457061,0.3497608150353949
2025-01-08,https://n.news.naver.com/mnews/article/421/0008011590,0.1236610273706481,0.3499029447990023,0.1227426859973701,0.2579531314765574,0.0833818242085431,0.316311383361367,0.1744073583320074,0.3155524842377966
2025-01-08,https://n.news.naver.com/mnews/article/014/0005293040,0.1025664729249649,0.3629932394604562,0.1359409228407805,0.2645453988559971,0.084417310261085,0.3032636364677546,0.1930684311298898,0.3121550308170092
2025-01-08,https://n.news.naver.com/mnews/article/009/0005426031,0.2176483540223259,0.3327520539987815,0.2529917749655171,0.3408054609370733,0.2655154079065367,0.2927628839006388,0.3647807391263872,0.3652440091496093
2025-01-08,https://n.news.naver.com/mnews/article/018/0005921310,0.3021517435079697,0.3421321487082171,0.3352620162100413,0.2781675562377969,0.2957384235225643,0.3140259949855837,0.449418903363924,0.3506327673512324
2025-01-08,https://n.news.naver.com/mnews/article/008/0005138697,0.1572660715367169,0.2618044044798901,0.2155233448457213,0.2509588039158469,0.232675477428317,0.2404295263245579,0.312193226316674,0.2622901193551675
2025-01-09,https://n.news.naver.com/mnews/article/011/0004437959,0.0419004454362001,0.1754176242434229,0.0498448129789937,0.1590577167510093,0.0691283394044657,0.1579247495475566,0.1026649621186566,0.1987798947528169
2025-01-09,https://n.news.naver.com/mnews/article/001/0015151947,0.0454668869763994,0.1649708765452263,0.0446987608289277,0.1528784319461748,0.0967551801621318,0.1518004850779049,0.1184991062904069,0.2168956146262284
2025-01-09,https://n.news.naver.com/mnews/article/243/0000071035,0.260162906352501,0.2871728549367989,0.2751797473561365,0.2039885610649529,0.255472151340909,0.2084080489256838,0.3883699954705168,0.3025605352293743
2025-01-09,https://n.news.naver.com/mnews/article/011/0004437950,0.373331073559652,0.2818256020626594,0.3421508814311846,0.288491940023855,0.4613625153890333,0.3135998147160652,0.3602807098703135,0.2506824326911371
2025-01-09,https://n.news.naver.com/mnews/article/417/0001050952,0.2875291908200065,0.3254078750045392,0.2267086638923838,0.2894084497935399,0.2780803859059861,0.3297880851309356,0.2968487549079918,0.32426911253129
2025-01-09,https://n.news.naver.com/mnews/article/057/0001865730,0.1961491765150591,0.1129529604355276,0.2223752090599223,0.1766301419722504,0.2469328264472509,0.115250251563852,0.1836091503998807,0.0716985799634207
2025-01-09,https://n.news.naver.com/mnews/article/057/0001865727,0.2992768103908985,0.1271760530470724,0.1259902617729723,0.0208756446362974,0.1397967390591845,0.0331813931848587,0.1393465874477207,0.0693909098982512
2025-01-09,https://n.news.naver.com/mnews/article/277/0005530470,0.0693976358317556,0.3874186546828156,0.1085917145648429,0.3608935137102431,0.0766852540882247,0.3591573582374649,0.2427717098357503,0.4499497115821058
2025-01-09,https://n.news.naver.com/mnews/article/277/0005530468,0.2791614637125766,0.384725133030624,0.3673231891261001,0.3738810611063008,0.2602352269217478,0.3452059649616695,0.4152433011490402,0.3841821737661253
2025-01-09,https://n.news.naver.com/mnews/article/009/0005426683,0.2526523376731767,0.3895490068430572,0.1930227573745349,0.3583360761215744,0.2047471571203317,0.3418593243422267,0.2307602672374482,0.3764747061799358
2025-01-09,https://n.news.naver.com/mnews/article/003/0013007915,0.2388515465277976,0.3018513733807127,0.2788866597995252,0.2287501067408772,0.254353261322094,0.2294114474665719,0.3903333829716214,0.3140702951133385
2025-01-09,https://n.news.naver.com/mnews/article/001/0015151840,0.273629772540216,0.2882496258259085,0.2860596188989469,0.2259230348190571,0.2540455138255427,0.2230915724935897,0.3657592054415112,0.2890239788271006
2025-01-09,https://n.news.naver.com/mnews/article/014/0005293615,0.3063970023558378,0.3609534146812172,0.2259299793009014,0.3040511914762786,0.2306287648857083,0.2691732483422975,0.2762106026872201,0.3312128701704047
2025-01-09,https://n.news.naver.com/mnews/article/008/0005139244,0.3285079495366236,0.2090790745157039,0.233505375922458,0.0754591525040818,0.3037968070545184,0.1453458034440179,0.2782884980174426,0.2195886637704852
2025-01-09,https://n.news.naver.com/mnews/article/003/0013007879,0.199818811963658,0.2863701537039058,0.2086771147795363,0.288970044558286,0.269268616551037,0.342121106864831,0.1678416409320058,0.2445151534571188
2025-01-09,https://n.news.naver.com/mnews/article/018/0005922131,0.1110578890779235,0.3408874940483943,0.1704218381011359,0.287386664416704,0.1396444487102959,0.2926420008014524,0.269529850398864,0.4010325611654708
2025-01-09,https://n.news.naver.com/mnews/article/417/0001050951,0.290470217543588,0.3422438318408082,0.2646337556140375,0.3374328403265508,0.3061817259251417,0.3641359988675425,0.3609204780333135,0.3491937435241315
2025-01-09,https://n.news.naver.com/mnews/article/008/0005139237,0.1944511195954028,0.2677510557275092,0.2804252411261277,0.2694186078154457,0.2472639672539128,0.3177747075694995,0.3097347358094324,0.3145800494564811
2025-01-09,https://n.news.naver.com/mnews/article/277/0005530454,0.2938155478819108,0.2319830611423379,0.2887203730562587,0.1592603786189746,0.2363047065389106,0.1852512599773279,0.3256854534130757,0.1840369110679621
2025-01-09,https://n.news.naver.com/mnews/article/014/0005293547,0.2513632108405154,0.2556459654419311,0.2893178811699931,0.2139114544380778,0.3158534589307097,0.2124276150185421,0.2790037209851213,0.2300150353563211
2025-01-09,https://n.news.naver.com/mnews/article/014/0005293546,0.2781787484995883,0.1075346448151475,0.2310558448172184,0.1241472456760355,0.2837631637011145,0.1040753921857802,0.3218045298889849,0.1533247648631791
2025-01-09,https://n.news.naver.com/mnews/article/009/0005426652,0.1701019738143631,0.3187259812977099,0.2602511592112678,0.3272578522116707,0.2606461016442553,0.3243036387729106,0.3430462199172422,0.4268242471405767
2025-01-09,https://n.news.naver.com/mnews/article/009/0005426651,0.3167890731833485,0.3441517244284574,0.3516726546842624,0.2771366106388784,0.3352019746119717,0.2591834228909223,0.4158394828205363,0.3662772498595423
2025-01-09,https://n.news.naver.com/mnews/article/014/0005293545,0.3709404389114804,0.314155675112267,0.3497166909691178,0.2793992486953421,0.3401200178643119,0.2858895727202907,0.5604374246598212,0.3491968193324379
2025-01-09,https://n.news.naver.com/mnews/article/014/0005293544,0.1044940295733032,0.3560899206472092,0.1333686430030432,0.3362897010557293,0.1718103368746017,0.3297731089296693,0.2664591000119304,0.4183334990071943
2025-01-09,https://n.news.naver.com/mnews/article/215/0001194692,0.2477647118079451,0.273141026814607,0.3263342701750453,0.3072590262199864,0.3048360224629411,0.2492858705542409,0.3248211088162334,0.252782068134692
2025-01-09,https://n.news.naver.com/mnews/article/014/0005293543,0.34062474859773,0.4065226040869897,0.3112953342996035,0.3466589797024069,0.2604439622621068,0.3239202506314589,0.3289944320182053,0.3329975596882743
2025-01-09,https://n.news.naver.com/mnews/article/014/0005293542,0.260858479127199,0.2872096971141304,0.2644374172253287,0.2327156923771407,0.254099904045739,0.2789109428253537,0.3092283686305073,0.2801819659681022
2025-01-09,https://n.news.naver.com/mnews/article/014/0005293541,0.3348471620092452,0.3064554937617296,0.3842709105988556,0.1995779659090493,0.3326103366242238,0.1623586036775974,0.4112938248424231,0.2447573400291291
2025-01-09,https://n.news.naver.com/mnews/article/014/0005293540,0.3439253366437011,0.2688018221956951,0.3552143431815371,0.2396110278214394,0.3535413170292971,0.2467959007522774,0.373545094723637,0.2532506523024904
2025-01-09,https://n.news.naver.com/mnews/article/014/0005293539,0.4483560119826288,0.3241729011962092,0.4041468423835731,0.223772308252415,0.3272431430445558,0.1578806670214677,0.4370301083017773,0.2468064301349799
2025-01-09,https://n.news.naver.com/mnews/article/009/0005426638,0.2998725837954006,0.2773377953947012,0.3180247728569038,0.2813260132417373,0.3279467994844159,0.2881736581890105,0.3477824475850457,0.2902165379087988
2025-01-10,https://n.news.naver.com/mnews/article/001/0015153758,0.2249765994108869,0.1788144292924046,0.2758273026157462,0.1654642400931642,0.2369328584232697,0.1640663128135829,0.329907096049938,0.1956239760375894
2025-01-10,https://n.news.naver.com/mnews/article/215/0001194831,0.1989346704186341,0.2570214405137497,0.2282645002650503,0.2804463229255013,0.2339968393571062,0.2642152727574063,0.3097239788939163,0.2741296497193795
2025-01-10,https://n.news.naver.com/mnews/article/001/0015153730,0.2423611325551728,0.1786928829167792,0.2636109293529092,0.0975146904503494,0.211197694403433,0.0869889373676277,0.2984598941518816,0.1629795803180184
2025-01-10,https://n.news.naver.com/mnews/article/277/0005531061,0.3042641353790384,0.2395673096062136,0.2550945645965681,0.1942587338903366,0.2586423100633894,0.1684477801350092,0.3328173457996888,0.2197523917159377
2025-01-10,https://n.news.naver.com/mnews/article/277/0005531058,0.2731107461226347,0.3091902608534946,0.3104946556821585,0.2612448346393557,0.253229465581182,0.2979339256956514,0.3846535118503146,0.3317067835894918
2025-01-10,https://n.news.naver.com/mnews/article/008/0005139676,0.1492409684654742,0.2643292280743691,0.2039354084524742,0.2647022525918912,0.1457803063166569,0.2971593638282843,0.2698274310973367,0.3482278744762517
2025-01-10,https://n.news.naver.com/mnews/article/014/0005294007,0.1742093603097599,0.218012041346954,0.2239942328238877,0.2209946161089316,0.1599909906377435,0.2577390528090298,0.2734909803849742,0.2640593539555251
2025-01-10,https://n.news.naver.com/mnews/article/009/0005427234,0.415469513316781,0.3355243258184585,0.3155259183238568,0.250286280248824,0.3350854114941083,0.2533897359199366,0.340646705953843,0.2467287401006976
2025-01-10,https://n.news.naver.com/mnews/article/009/0005427226,0.1756896396534411,0.4556668530993576,0.1677039776051848,0.5049450571743661,0.1718564399756527,0.4589402900512144,0.1284565644534493,0.4452256161686006
2025-01-10,https://n.news.naver.com/mnews/article/057/0001865980,0.0,0.0906045624883558,0.1315916150887522,0.1517366792622539,0.1914665465597439,0.1863144070385229,0.045111773303964,0.1194801039659474
2025-01-10,https://n.news.naver.com/mnews/article/057/0001865978,0.2325891102994392,0.0900487973366178,0.1028620552299528,0.0550407639964058,0.197085557516718,0.0199642619443518,0.1674591465646202,0.0460503529162391
2025-01-10,https://n.news.naver.com/mnews/article/057/0001865967,0.1013803130095106,0.3680772814088018,0.149574999039194,0.4097148897205521,0.1910195062193384,0.376690765884642,0.1997382680194861,0.4560410884912783
2025-01-10,https://n.news.naver.com/mnews/article/243/0000071083,0.2581007202391625,0.3558848473180388,0.2547101548260788,0.3233123882127025,0.2852423898904249,0.3102875952628811,0.3845451504167694,0.3510148256191008
2025-01-10,https://n.news.naver.com/mnews/article/119/0002912711,0.3217369850259379,0.2832251204753753,0.2698662744777355,0.2358175330780348,0.3975147197970692,0.2934083143236298,0.3412404622947024,0.2723800036429838
2025-01-10,https://n.news.naver.com/mnews/article/648/0000032346,0.3307834978426219,0.3289380307546353,0.2807800162410115,0.2960267756370249,0.3213197542342055,0.2904304760902718,0.3487117075152803,0.3143722654492882
2025-01-10,https://n.news.naver.com/mnews/article/011/0004438348,0.4260168626504197,0.2625924518880953,0.414483510649397,0.3004841940958739,0.4908571513509389,0.3201779574123574,0.4234124090808715,0.1801080738695792
2025-01-10,https://n.news.naver.com/mnews/article/215/0001194824,0.2680225266133064,0.2856329787846591,0.2763350389859499,0.2704112858881144,0.2648800914502588,0.2411807133440798,0.2795463666257468,0.2560406479992665
2025-01-10,https://n.news.naver.com/mnews/article/215/0001194822,0.1338820040925927,0.276668640800992,0.2351433832836718,0.3485357923412177,0.2416567893283311,0.3178779464818999,0.2425857059849563,0.3444321319684041
2025-01-10,https://n.news.naver.com/mnews/article/031/0000900437,0.0993466491043836,0.3498656006327093,0.1536318231588531,0.3330000451875876,0.16468863551176,0.3372834030085129,0.3038972468806047,0.4411284958802576
2025-01-10,https://n.news.naver.com/mnews/article/008/0005139655,0.1368095957223737,0.3041657438478449,0.2643104214817701,0.3605808170881783,0.2566257082235877,0.341916005237212,0.2983968330370318,0.3405978776212587
2025-01-10,https://n.news.naver.com/mnews/article/011/0004438345,0.1628688102141413,0.4114013044186647,0.1939961963186197,0.4016267114718767,0.4036554423881204,0.4819622919835857,0.2373721474678887,0.3810367569256177
2025-01-10,https://n.news.naver.com/mnews/article/015/0005080777,0.3196930530603791,0.3091876047672518,0.3388518488931574,0.260661726930157,0.3652587584427986,0.3083968985497008,0.3171545559539067,0.2615749969182384
2025-01-10,https://n.news.naver.com/mnews/article/015/0005080775,0.3943248205451831,0.4387776743551637,0.2819087283697571,0.3804839365841231,0.2777330829974405,0.3971512605915178,0.3153229397955691,0.3848792787811129
2025-01-10,https://n.news.naver.com/mnews/article/015/0005080774,0.189236149670377,0.2454515570077209,0.2534849937545874,0.1951326165782019,0.1786077079092116,0.2261880490320804,0.3024088716678612,0.2596432841581983
2025-01-10,https://n.news.naver.com/mnews/article/018/0005922742,0.4763584616983026,0.3667671583420182,0.3437588684421824,0.2599035910774593,0.3701311392784452,0.2999493675317979,0.3827535740346245,0.2479796040323636
2025-01-10,https://n.news.naver.com/mnews/article/648/0000032345,0.2149809002175963,0.4249538553507578,0.2508723710523871,0.3993602007585332,0.1682865366575058,0.3591062014075603,0.2869107824887373,0.4507132092247883
2025-01-10,https://n.news.naver.com/mnews/article/366/0001046510,0.1366218741056226,0.2638450241009559,0.1625021796701699,0.2053330133283993,0.1495318021646112,0.2114176459038116,0.1894049556825307,0.2132294586880056
2025-01-10,https://n.news.naver.com/mnews/article/003/0013009826,0.1382740124421644,0.2496433223387116,0.1527346412783029,0.2534976421868337,0.1994192649220934,0.3209641329163835,0.1361521778738656,0.2245084258943107
2025-01-10,https://n.news.naver.com/mnews/article/015/0005080749,0.231917788484393,0.2885790932757728,0.3031190552530925,0.230177423090895,0.250176695444822,0.1960910451523253,0.4587879023673649,0.3279172974975882
2025-01-10,https://n.news.naver.com/mnews/article/015/0005080748,0.2587030107632571,0.2201932535406111,0.2739434907460722,0.1477210310810341,0.2787996886026374,0.1776012562357224,0.3788916502180857,0.2660335792906366
2025-01-10,https://n.news.naver.com/mnews/article/001/0015153619,0.2142429151659806,0.1830608454104263,0.179076267813675,0.066083334764604,0.2082211536141015,0.1140910923815846,0.2096556574013957,0.114531397768705
2025-01-10,https://n.news.naver.com/mnews/article/648/0000032344,0.1975131839342092,0.2529792678018815,0.1925351363621302,0.1447556756020879,0.2601078973325095,0.2554082876618815,0.2267399127834494,0.1964372143605327
2025-01-10,https://n.news.naver.com/mnews/article/243/0000071079,0.236922724715958,0.2747602378999118,0.2572985430106855,0.2439788353519497,0.2183407590089203,0.2817833752359311,0.316311067805561,0.3075976321986073
2025-01-10,https://n.news.naver.com/mnews/article/015/0005080737,0.2771813596631624,0.3172495744017003,0.2813542055108123,0.3236694515943263,0.2667765305564986,0.3268389191850581,0.2681005507299633,0.2876024800078454
2025-01-11,https://n.news.naver.com/mnews/article/057/0001866066,0.0965252913790097,0.2599462553679043,0.1277289126379756,0.2369221420595046,0.0235883371717241,0.161201583261882,0.0331245500201336,0.1532629446700579
2025-01-11,https://n.news.naver.com/mnews/article/014/0005294100,0.3446404084941436,0.4235932858429451,0.3659429739881844,0.4003171579539449,0.3989219129986178,0.4211269806461622,0.4469979520748972,0.4068235391264149
2025-01-11,https://n.news.naver.com/mnews/article/009/0005427370,0.0977306511227455,0.3036087995377836,0.2050130395412391,0.3703616207966506,0.1786122224700565,0.3174090923745615,0.2608280250604099,0.3937541269366262
2025-01-11,https://n.news.naver.com/mnews/article/015/0005080889,0.2106253918216367,0.3169833599512546,0.2901955229806297,0.2806575917583992,0.3065484396622384,0.2599180640007106,0.3858146292444707,0.3444676047074906
2025-01-11,https://n.news.naver.com/mnews/article/243/0000071113,0.1475615288058047,0.1996886237301054,0.1485478546468106,0.1631539153217412,0.1389088363447223,0.1967308427830134,0.2275109571331299,0.2196600820652879
2025-01-11,https://n.news.naver.com/mnews/article/001/0015154146,0.2354033699739238,0.2126818553513511,0.2166114314653645,0.1819668601708527,0.2087710668246986,0.197421440420098,0.2986267302318691,0.2336660067858195
2025-01-11,https://n.news.naver.com/mnews/article/243/0000071110,0.2924514927778081,0.3284729235819965,0.3455345871570068,0.3299566293501731,0.3468619302875887,0.3374951075728659,0.4332743914888282,0.3785471922285536
2025-01-11,https://n.news.naver.com/mnews/article/648/0000032358,0.2972510077470027,0.3446272077685132,0.3153160533200619,0.2991826776505359,0.2517133432683987,0.2871427057640311,0.3831640222834066,0.3348743543989704
2025-01-11,https://n.news.naver.com/mnews/article/009/0005427341,0.4612575992864194,0.3084981059073346,0.3184543385153331,0.1795730845712316,0.3246787350774322,0.2317611356918402,0.3491775994368277,0.1846753404201062
2025-01-11,https://n.news.naver.com/mnews/article/016/0002414458,0.3167758142814778,0.3295418153417704,0.2454770098332701,0.2880245132786965,0.2583412574861337,0.3039096293523834,0.278458228785195,0.2807555314900073
2025-01-11,https://n.news.naver.com/mnews/article/243/0000071107,0.1441919897352673,0.2461741524954635,0.127236111006974,0.1871602579113317,0.0964153756245768,0.1829940401308648,0.147209089226864,0.2260141821675881
2025-01-11,https://n.news.naver.com/mnews/article/648/0000032357,0.335136272318765,0.2570633179232008,0.3117569675820174,0.1979687847132849,0.3014286910587878,0.13202308634341,0.2735633522080056,0.1283861620891045
2025-01-11,https://n.news.naver.com/mnews/article/648/0000032356,0.3496901362754305,0.2382694685217201,0.1934442462827852,0.0977898465109835,0.3208798806897225,0.1863843510175302,0.2636376898062263,0.1806568620279272
2025-01-11,https://n.news.naver.com/mnews/article/011/0004438463,0.3496708786028339,0.2955268182844924,0.3677747888204154,0.2856706680486997,0.3598825350460748,0.2490275234896834,0.3701996102287108,0.2484028011588562
2025-01-11,https://n.news.naver.com/mnews/article/009/0005427327,0.2607586987491723,0.175813319997965,0.2533163287980483,0.2221112263597364,0.2190961442463116,0.143892438258152,0.2533066437735715,0.1365648834093142
2025-01-11,https://n.news.naver.com/mnews/article/648/0000032355,0.2059019990155771,0.2745610228021058,0.1708682707804064,0.2423949846484365,0.221186666021165,0.2964785976920548,0.2324252895350366,0.2643660071611862
2025-01-11,https://n.news.naver.com/mnews/article/009/0005427322,0.323855037336017,0.3136121120825598,0.2108692646522835,0.2188322293402274,0.2238548187465388,0.2333407996959861,0.2550308794252524,0.2726806368272099
2025-01-11,https://n.news.naver.com/mnews/article/648/0000032354,0.3034882312872671,0.3484953191153482,0.2178016678936943,0.272567927679718,0.2344190425769476,0.2552898480564863,0.2591462692396207,0.247606189941623
2025-01-11,https://n.news.naver.com/mnews/article/003/0013010175,0.3415424393229845,0.3712155211836079,0.294202747094801,0.2950800026922733,0.3259288615678558,0.2860377202429918,0.4647398260397059,0.3861433687612907
2025-01-11,https://n.news.naver.com/mnews/article/018/0005922886,0.2523075154609247,0.3533851670184442,0.3049124024988683,0.3801554673798347,0.2876331413774734,0.3354624519817039,0.3091766896467733,0.359681019048355
2025-01-11,https://n.news.naver.com/mnews/article/422/0000704551,0.0965000124662096,0.2378278667984295,0.1596656588166977,0.2947853794477511,0.1355188551647791,0.2650249638331876,0.1993577992600735,0.3119652070911022
2025-01-11,https://n.news.naver.com/mnews/article/016/0002414429,0.2661279066238108,0.2650494358216105,0.3556689136567251,0.221200303633476,0.2928932693780838,0.2228333305690992,0.3993304729152201,0.2935723675123298
2025-01-11,https://n.news.naver.com/mnews/article/215/0001194852,0.3291096929592388,0.3193672133187674,0.1950607353010865,0.1957892376661594,0.2323498474110302,0.2215135117427655,0.2843451207020536,0.2546104614727255
2025-01-11,https://n.news.naver.com/mnews/article/009/0005427308,0.3687879269414262,0.3183955320780703,0.4100153494773964,0.3215959796859351,0.3505479197151884,0.2634694088993727,0.3885707586576046,0.3085381660981487
2025-01-11,https://n.news.naver.com/mnews/article/243/0000071097,0.1645704987247276,0.2492679327979076,0.1948824319374778,0.2767494330087871,0.1845794820384786,0.2654770069220194,0.2462176915156026,0.301265977315311
2025-01-11,https://n.news.naver.com/mnews/article/009/0005427302,0.2804832401380494,0.3910317101856277,0.2318359255666032,0.3499940178706143,0.2556785257729813,0.3557840531275393,0.2767627973534014,0.3724419402036473
2025-01-11,https://n.news.naver.com/mnews/article/015/0005080847,0.2443472723146374,0.3444846419615945,0.2945893206013095,0.3073259533895566,0.3243947505934111,0.29772936694039,0.4109202641702629,0.3915584518684573
2025-01-11,https://n.news.naver.com/mnews/article/003/0013010113,0.3414739478048262,0.3086451768489464,0.3727046638364075,0.2921190758062891,0.3374266776071589,0.2784935649488544,0.3516168971969129,0.2479053300696614
2025-01-11,https://n.news.naver.com/mnews/article/018/0005922852,0.2426888533625177,0.3254958623097563,0.3218476121478058,0.2404045209659328,0.3073858897087776,0.2637997008570325,0.4118696054930367,0.2968771730354217
2025-01-11,https://n.news.naver.com/mnews/article/001/0015153910,0.1641178194519998,0.27109178101708,0.2438133918225675,0.3223615814860174,0.2309309118932394,0.3046243141293604,0.2873262551623875,0.338073529038545
2025-01-11,https://n.news.naver.com/mnews/article/421/0008016184,0.2542732814427346,0.2549519182087174,0.2138116418771482,0.2477656045230764,0.2940809193094134,0.251084947236096,0.2908420961182049,0.2801154642751879
2025-01-11,https://n.news.naver.com/mnews/article/277/0005531100,0.1585210466831279,0.273089339888647,0.1912163847607081,0.3012359448824102,0.1952028156048622,0.2913780064252989,0.2437977877630077,0.3219894306558974
2025-01-11,https://n.news.naver.com/mnews/article/421/0008016174,0.2777910594771027,0.2828842629379589,0.2404349437665769,0.2824625271628184,0.3257993575839826,0.2936506066554082,0.3277619304805019,0.3050597677191916
2025-01-12,https://n.news.naver.com/mnews/article/009/0005427754,0.2828317739450333,0.262816524879419,0.2943253381523374,0.2466244698455828,0.2777327759101668,0.2578135241547633,0.3573617300251492,0.3127876239261913
2025-01-12,https://n.news.naver.com/mnews/article/011/0004438715,0.3081341074514886,0.3417723633854474,0.3314542923818838,0.3202782693125245,0.2863729046676167,0.2879267800683658,0.3379701197606999,0.3242811096527564
2025-01-12,https://n.news.naver.com/mnews/article/011/0004438714,0.1700390426344088,0.3475691149089983,0.1743658230344065,0.3176177236946658,0.1512455340248411,0.3100563461285402,0.1933762507296308,0.3126046420370808
2025-01-12,https://n.news.naver.com/mnews/article/277/0005531344,0.264942338048495,0.3062133136174157,0.3519766030388161,0.3386858681474563,0.346902896598207,0.3624380297360026,0.323213544729566,0.3329013922497309
2025-01-12,https://n.news.naver.com/mnews/article/057/0001866173,0.0716282534533367,0.1684499842003189,0.1068848530798052,0.2011134160001126,0.1268882222453491,0.1829356175123585,0.1058809421871043,0.2165663313196397
2025-01-12,https://n.news.naver.com/mnews/article/001/0015155086,0.261154945644601,0.338300725856493,0.1985420321764448,0.1964927243375364,0.2363765875385957,0.2700700830188319,0.3700416114252232,0.3237605821954015
2025-01-12,https://n.news.naver.com/mnews/article/009/0005427726,0.2551231005345954,0.3377441929420831,0.2988190161584471,0.296021294141813,0.286532532948507,0.3284240618967913,0.3385919039395331,0.3551507083936573
2025-01-12,https://n.news.naver.com/mnews/article/009/0005427725,0.315782287299689,0.323633423080322,0.38973339946952,0.3204533990631892,0.2984466313530518,0.2627213981271661,0.3715196400140084,0.2943365086974549
2025-01-12,https://n.news.naver.com/mnews/article/014/0005294369,0.1755534293739686,0.202384481690179,0.1533709605835989,0.1326052793800987,0.1489375907239059,0.1526647925674402,0.2238805915265136,0.1658903089163923
2025-01-12,https://n.news.naver.com/mnews/article/469/0000843605,0.1450474059853552,0.3464731016467607,0.2353786373318592,0.3250760692160147,0.2835118981849291,0.3315705438094867,0.3998214739438657,0.4590560972394671
2025-01-12,https://n.news.naver.com/mnews/article/014/0005294331,0.1199093996722074,0.2536163729432835,0.2327422964332738,0.118353078569716,0.3072579436394735,0.2019648779082697,0.3730093298838767,0.2806864695344795
2025-01-12,https://n.news.naver.com/mnews/article/014/0005294330,0.3128881276716088,0.2624518719527578,0.23803457685854,0.2221829513194255,0.3226017785834044,0.2288623592073124,0.3441930247482682,0.2923304622394254
2025-01-12,https://n.news.naver.com/mnews/article/014/0005294329,0.271025592476721,0.1990188608752124,0.2593814456804145,0.1581091672560066,0.2772168123369861,0.1109688729400331,0.4451954200369365,0.2650985597972566
2025-01-12,https://n.news.naver.com/mnews/article/014/0005294328,0.3589582661686425,0.3175842854388606,0.2974043788125337,0.2743326359209816,0.2996368813985152,0.2798322642752037,0.3846683702423579,0.3061506842744049
2025-01-12,https://n.news.naver.com/mnews/article/014/0005294327,0.2823955707813069,0.3723679760128162,0.3160715494524552,0.3299120650677237,0.3102756093263552,0.3396734545816183,0.3592231262048569,0.3607792937963848
2025-01-12,https://n.news.naver.com/mnews/article/014/0005294326,0.3317125817985588,0.3144463903529686,0.3499951078270812,0.2535220558388985,0.3092209406257576,0.2745563107898355,0.3918213373858685,0.2867832490454282
2025-01-12,https://n.news.naver.com/mnews/article/469/0000843599,0.2149820501023316,0.3493141929187356,0.234657144258769,0.2900930483203345,0.274517016182375,0.3281635847096814,0.3435619347987244,0.375453260174774
2025-01-12,https://n.news.naver.com/mnews/article/417/0001051327,0.2643077287181025,0.3983993990679758,0.2380145997045403,0.3539826522714273,0.3187508767987546,0.3530714950632709,0.2757362244543475,0.3566960665047191
2025-01-12,https://n.news.naver.com/mnews/article/015/0005081141,0.2286370128491232,0.3105081197880608,0.2935409532416079,0.280292636070574,0.3114511209698159,0.3074573119376466,0.3816925037942105,0.3508104396158485
2025-01-12,https://n.news.naver.com/mnews/article/015/0005081139,0.2036227016166783,0.2689827164443186,0.2960403521757858,0.2380019656644092,0.3738485095341124,0.3163972519532702,0.3534210500437032,0.3098764754183973
2025-01-12,https://n.news.naver.com/mnews/article/014/0005294290,0.2831296200662472,0.3409400587348407,0.2966544027262142,0.3236036628868903,0.2847405489023595,0.2810152254404914,0.3268683211909052,0.3238704673037745
2025-01-12,https://n.news.naver.com/mnews/article/014/0005294289,0.4401664703018914,0.3476675220217396,0.3935061626099435,0.3098895737738442,0.3990574616795461,0.328679100716499,0.4253924923005222,0.3344163960329932
2025-01-12,https://n.news.naver.com/mnews/article/014/0005294287,0.2177683680311732,0.2558139920113675,0.3429400775250766,0.2850009216715655,0.3088908256429024,0.2969463500907278,0.3809842697709241,0.2962935853001979
2025-01-12,https://n.news.naver.com/mnews/article/015/0005081138,0.274998825872492,0.2948336632411102,0.3264276811628095,0.2778099813889946,0.3599358064059361,0.2448484655354856,0.4035439780105687,0.2496863457031576
2025-01-12,https://n.news.naver.com/mnews/article/015/0005081137,0.1682163611932935,0.2896679536408429,0.1681693974173986,0.3522212163323208,0.2204492524519803,0.3794949716083783,0.138263543022556,0.3007524027972166
2025-01-12,https://n.news.naver.com/mnews/article/015/0005081136,0.1559935102860793,0.2340018296219931,0.2351353939174659,0.2683531246737144,0.2309175514172061,0.2328161655463477,0.3099834848836059,0.2831670074126838
2025-01-12,https://n.news.naver.com/mnews/article/011/0004438683,0.3081046500427175,0.3758771820263339,0.3137956668550327,0.3657997568165194,0.3089870896672723,0.3728638303073788,0.2902375861365048,0.3589660316357009
2025-01-12,https://n.news.naver.com/mnews/article/011/0004438678,0.4081505456264048,0.2751989039633821,0.38174849060625,0.2147720753172523,0.3733168490562155,0.2278475704173829,0.3876462637087845,0.2066319815517943
2025-01-12,https://n.news.naver.com/mnews/article/011/0004438676,0.2391359296539958,0.3874301740875705,0.2591793696969024,0.3683592160629602,0.2493309916488426,0.3888796203167567,0.2786910214772944,0.3903682663122581
2025-01-12,https://n.news.naver.com/mnews/article/011/0004438673,0.3141280734162899,0.4139831652887243,0.3473495355863774,0.3147072707143409,0.3154923321238957,0.31284814526656,0.439273837484405,0.392863269992365
2025-01-12,https://n.news.naver.com/mnews/article/011/0004438671,0.3227329076137342,0.2739345875479413,0.3426006906954861,0.2345938942623297,0.3519372073173766,0.2131655246540184,0.44703101198219,0.2935596569975471
2025-01-12,https://n.news.naver.com/mnews/article/015/0005081111,0.3538392199533882,0.3216885738185902,0.3344058591982572,0.2793729472449986,0.3353967548933887,0.2544599821905908,0.3650116066918861,0.2541411597528629
2025-01-12,https://n.news.naver.com/mnews/article/015/0005081109,0.378237830359894,0.2575664179927899,0.4190538912948014,0.2373815575149244,0.3487683469809745,0.1720047521427652,0.3413520685570192,0.1722660237181327
2025-01-12,https://n.news.naver.com/mnews/article/015/0005081108,0.1982963796151431,0.3179479243269997,0.2536614010671904,0.3836464741886898,0.2087755477823968,0.3049875976756356,0.2451820619615576,0.3295108318538494
2025-01-12,https://n.news.naver.com/mnews/article/015/0005081107,0.4328284043338824,0.2943362251190854,0.3207817027320271,0.147795076516631,0.3134590910354279,0.0967756635600598,0.3510208055491026,0.1605313851138981
2025-01-13,https://n.news.naver.com/mnews/article/009/0005428398,0.1777159347442432,0.3255918937077534,0.2031861845984389,0.3600471409250926,0.2316157679806466,0.3487987804684509,0.2258070272683344,0.3565558104401918
2025-01-13,https://n.news.naver.com/mnews/article/018/0005924216,0.2557225037245115,0.3436092721271803,0.3253988822502266,0.3502584940462275,0.312665638588302,0.3355962533613676,0.3785934070193658,0.4167239512520502
2025-01-13,https://n.news.naver.com/mnews/article/011/0004439165,0.3191043834016817,0.2460219239238879,0.3380457260565691,0.2547885227727724,0.2835599143623648,0.218448291099945,0.3096583343195637,0.2408926252556679
2025-01-13,https://n.news.naver.com/mnews/article/009/0005428363,0.3168063502347741,0.3116359719539404,0.285793421854836,0.2837873583178185,0.3037897297754489,0.2553582323249318,0.2689391555832579,0.2516322240219579
2025-01-13,https://n.news.naver.com/mnews/article/057/0001866414,0.1133581154532704,0.2106023148076599,0.164559448720666,0.2724401199739269,0.3338402682711702,0.3529309239869131,0.0855359910372654,0.2432105994674591
2025-01-13,https://n.news.naver.com/mnews/article/057/0001866412,0.0908642524877832,0.2973963739216382,0.1677484374078409,0.3323350323430563,0.3728648688408379,0.4462458582756211,0.1866942865583292,0.2536226520998987
2025-01-13,https://n.news.naver.com/mnews/article/057/0001866410,0.1251238152558699,0.2173051690294055,0.2031332115853431,0.2274678494331302,0.0439469697975832,0.1230112296419948,0.0295613303194265,0.1046315727234289
2025-01-13,https://n.news.naver.com/mnews/article/018/0005924185,0.0953623374320661,0.3024035909179906,0.2223126175306315,0.3328242952287897,0.1879899183080768,0.2876037681833988,0.311617236477221,0.3972909306624492
2025-01-13,https://n.news.naver.com/mnews/article/003/0013013298,0.1477245117260855,0.2775353570600204,0.1087709149106356,0.1415870877064898,0.1863202673893394,0.2403385319653396,0.3016615628302213,0.3078190692255069
2025-01-13,https://n.news.naver.com/mnews/article/018/0005924181,0.2053662623738545,0.2997427059861332,0.2773000370641031,0.3009954247298105,0.2672448080773175,0.3021135846868753,0.3335879783065114,0.3601585596715814
2025-01-13,https://n.news.naver.com/mnews/article/119/0002913403,0.2359585200089008,0.319832246954053,0.2466336841512771,0.2632772710144552,0.2533834900692948,0.2941709021742902,0.3293875430911128,0.2821639742319844
2025-01-13,https://n.news.naver.com/mnews/article/014/0005294955,0.2522084248945598,0.4404203508573747,0.2554425928677457,0.4845375476798534,0.2375563593328216,0.4446592726208322,0.1948613351619912,0.4135024558189117
2025-01-13,https://n.news.naver.com/mnews/article/014/0005294954,0.2191039649398596,0.3499912415593943,0.2745496105470102,0.3109207270450594,0.2987163026272159,0.3342148478945168,0.3485132256437171,0.3907500405800525
2025-01-13,https://n.news.naver.com/mnews/article/014/0005294953,0.1685770220411347,0.3296140857726475,0.242357985653692,0.3827610474196533,0.2795782134721177,0.3758847726878486,0.2714186914550185,0.3900862765537677
2025-01-13,https://n.news.naver.com/mnews/article/014/0005294952,0.1454000942887363,0.3214915138872357,0.1902207004706672,0.3369465189438859,0.2296166401996758,0.3118739940478972,0.2780338681560497,0.4260444744709357
2025-01-13,https://n.news.naver.com/mnews/article/014/0005294951,0.2348969121105907,0.3082747105591714,0.303888757093771,0.2194715457099488,0.3222970979608178,0.2376932199222459,0.4479367534603738,0.3218784128305001
2025-01-13,https://n.news.naver.com/mnews/article/014/0005294950,0.2681985996668261,0.2412457141632987,0.3509159123178418,0.224460843797811,0.3037394521602085,0.1992332821719319,0.4384997025288312,0.3314372918303356
2025-01-13,https://n.news.naver.com/mnews/article/018/0005924172,0.1676662869922812,0.2109279490910745,0.1641000487146132,0.1425968403064454,0.1761931978248484,0.1652156932118718,0.2191918058940463,0.1276279065811459
2025-01-13,https://n.news.naver.com/mnews/article/009/0005428336,0.1893066602467679,0.3127784721792934,0.154709734138051,0.2129044122320037,0.1609247869952685,0.2486086332447185,0.2020258942833769,0.2322428486288696
2025-01-13,https://n.news.naver.com/mnews/article/215/0001195086,0.2415263365961083,0.2595582427533529,0.2671035571580156,0.2446903329093711,0.2069558139655263,0.2795796625723291,0.3459708041918601,0.2218756213970478
2025-01-13,https://n.news.naver.com/mnews/article/014/0005294941,0.1736389892615974,0.3100161821552363,0.2451469153513719,0.3233890670631613,0.2568116856613508,0.2983965402950084,0.3457230651484382,0.3850021981385971
2025-01-13,https://n.news.naver.com/mnews/article/008/0005140490,0.2827903188890117,0.3216407508106433,0.2626610137888352,0.2600185361329926,0.2332837304783349,0.2293130901289745,0.3107199200154533,0.301839120165932
2025-01-13,https://n.news.naver.com/mnews/article/029/0002929137,0.2342222958004612,0.3566936598142015,0.2922819906253647,0.3188853306621608,0.2463900152890401,0.3384402313609073,0.3272671132147346,0.3762072152228918
2025-01-13,https://n.news.naver.com/mnews/article/011/0004439146,0.4679828804443111,0.4060696184447334,0.3954334860158349,0.323594934652994,0.3942746080683215,0.3097699224598355,0.3985951197438921,0.3195527817418445
2025-01-13,https://n.news.naver.com/mnews/article/020/0003609693,0.2807408830789291,0.311605114560056,0.3010107798727932,0.233871817167514,0.2577791275184833,0.2241386348700177,0.4606926178465143,0.3356463508105721
2025-01-13,https://n.news.naver.com/mnews/article/011/0004439141,0.1477153837533683,0.2173277638050091,0.1463652980124938,0.2239783848065787,0.2999089513139693,0.3125873034263944,0.1524966885083452,0.2049869426872987
2025-01-13,https://n.news.naver.com/mnews/article/277/0005531952,0.0,0.2247566438267492,0.0,0.301432798453861,0.0,0.2696201450321722,0.0,0.3138812168434867
2025-01-13,https://n.news.naver.com/mnews/article/014/0005294913,0.2631502587135833,0.3478312581742074,0.3324371459879816,0.2970215493062847,0.4535602411871683,0.3877462262364789,0.4734619474020903,0.4144962688761465
2025-01-13,https://n.news.naver.com/mnews/article/014/0005294912,0.0993671950842121,0.1852927278471934,0.1333407717112496,0.1156965833118099,0.1294905042016537,0.163670386583816,0.1877488142957506,0.1734077709188081
2025-01-13,https://n.news.naver.com/mnews/article/009/0005428319,0.3188731064673265,0.1736755106277551,0.4068545626513457,0.2390249192794947,0.4439523760784965,0.2774270355436404,0.369115609622768,0.2044033066411852
2025-01-13,https://n.news.naver.com/mnews/article/009/0005428315,0.2316897298777201,0.2833614650524444,0.1726070052175435,0.1551729343101566,0.2478791517922291,0.2553893003463774,0.3466156404725997,0.3085759577424842
2025-01-13,https://n.news.naver.com/mnews/article/469/0000843797,0.2038973453900194,0.3362485274731419,0.0513427636986379,0.2122388445389561,0.1620433144471939,0.201695795413641,0.310310570391883,0.3516115030319965
2025-01-13,https://n.news.naver.com/mnews/article/011/0004439131,0.2456281778747351,0.3199177384425881,0.30550974270367,0.3452946799422232,0.3236524460442296,0.331621402791047,0.3126197685710902,0.3122395746182745
2025-01-13,https://n.news.naver.com/mnews/article/011/0004439130,0.2129893673493186,0.3284332130988359,0.2769237390678024,0.3304905058863028,0.3145125357493778,0.3229512463719006,0.3791662612692325,0.3938027151797345
2025-01-13,https://n.news.naver.com/mnews/article/008/0005140471,0.4340669982893804,0.3646966206722898,0.2890958359374719,0.2462290329064371,0.332823035188028,0.2668283872955326,0.3504790577539358,0.3112508283574368
2025-01-14,https://n.news.naver.com/mnews/article/009/0005429072,0.2869935637671331,0.3096847477470312,0.2984135736709553,0.2726318620995875,0.2664062905941474,0.2660520953384109,0.3564909522412019,0.3167885252537364
2025-01-14,https://n.news.naver.com/mnews/article/277/0005532696,0.1076413403432659,0.2119834707425097,0.2281309609713158,0.3392113669888325,0.3097329435044158,0.3091710107599872,0.2260885667943896,0.2538066331600299
2025-01-14,https://n.news.naver.com/mnews/article/009/0005429050,0.388966661023838,0.2843183377141401,0.4527753192103559,0.3180728062814578,0.3480857527372215,0.2244418971312112,0.4141124487201952,0.2325393825121066
2025-01-14,https://n.news.naver.com/mnews/article/003/0013015754,0.1901755665533556,0.0654195178911786,0.1328377432268714,0.0822576266300936,0.1677714748243242,0.0635406558831902,0.1898109911320718,0.1156725928370229
2025-01-14,https://n.news.naver.com/mnews/article/003/0013015752,0.1322428926435705,0.2042915214909298,0.2181369581201908,0.0396586557773958,0.1620952411321513,0.0820168729621118,0.3837991812994367,0.0440325688790078
2025-01-14,https://n.news.naver.com/mnews/article/009/0005429043,0.248467502378382,0.4070936154593993,0.23396346166003,0.387170536667023,0.2763073645323224,0.3515295304023116,0.3220320518297623,0.4357014406302909
2025-01-14,https://n.news.naver.com/mnews/article/009/0005429034,0.2816866305152492,0.3287855686282542,0.2067491851427154,0.2753973963621556,0.2305673437013324,0.2955720926789686,0.2592302667557407,0.3265787617962988
2025-01-14,https://n.news.naver.com/mnews/article/057/0001866668,0.1181901321536944,0.2165926319437755,0.0983870556096506,0.2379918381503108,0.2727856831656119,0.3152987514364583,0.1401509338711865,0.1409507580024495
2025-01-14,https://n.news.naver.com/mnews/article/119/0002913829,0.3689348864235902,0.2778377328265688,0.3211952683774602,0.2300278655865932,0.3238892611425885,0.2733479171729786,0.3832017152352397,0.2854436112717255
2025-01-14,https://n.news.naver.com/mnews/article/057/0001866655,0.0404056871076809,0.1873802843803075,0.2468366955713873,0.2479842871969481,0.1205485170433918,0.209740929646637,0.0826570523888446,0.1717386276466248
2025-01-14,https://n.news.naver.com/mnews/article/119/0002913826,0.3357756288680508,0.2059070279864035,0.3115658056158716,0.2084824729535658,0.3964341213190567,0.2452925311011475,0.3848433330271317,0.2055590883318973
2025-01-14,https://n.news.naver.com/mnews/article/009/0005429019,0.2947302369872617,0.3776646913657058,0.2484778062184812,0.3555729541299793,0.2477113311267784,0.3214898985686837,0.3159545922132182,0.3515018185987026
2025-01-14,https://n.news.naver.com/mnews/article/018/0005924910,0.2035253901625833,0.3717476095659645,0.2057829141917595,0.4007139715423544,0.2696989140433339,0.4388052443946917,0.1380178947180043,0.3949376031276322
2025-01-14,https://n.news.naver.com/mnews/article/018/0005924905,0.3597532688699802,0.2791573986907137,0.3072323399120104,0.2038485341179117,0.27844787463363,0.1518863628565614,0.2937568045669814,0.1936469331770821
2025-01-14,https://n.news.naver.com/mnews/article/003/0013015644,0.2370245620746234,0.1658529879657817,0.2011731817932694,0.1459266051554025,0.2672906172298677,0.2134530760773109,0.2200342700619006,0.1400192819509541
2025-01-14,https://n.news.naver.com/mnews/article/008/0005141081,0.2930938575566029,0.355578314694791,0.3249091196031471,0.341946860839844,0.3439107994468773,0.3416976952752149,0.366277807093942,0.340374868784109
2025-01-14,https://n.news.naver.com/mnews/article/009/0005429016,0.324683152709606,0.2746733548209921,0.3688123325977421,0.3015956789937916,0.3705834807479229,0.253778613244869,0.357713351624369,0.2399262179748437
2025-01-14,https://n.news.naver.com/mnews/article/001/0015159426,0.1833260748514563,0.3426588828219789,0.1708251077362881,0.2700441607156928,0.1594984968341062,0.2636555916025843,0.2007237786560199,0.2796140406862345
2025-01-14,https://n.news.naver.com/mnews/article/366/0001047290,0.2032697416720244,0.2828967069448241,0.1684503684653446,0.2718653119025611,0.1725470834170512,0.2824186835931065,0.17415957970264,0.2809492276860097
2025-01-14,https://n.news.naver.com/mnews/article/014/0005295519,0.276422483213017,0.2671819390415798,0.2873752648665946,0.1886045071369692,0.2921023237246248,0.2121946167343145,0.4588063623508744,0.3176417709806555
2025-01-14,https://n.news.naver.com/mnews/article/014/0005295518,0.1899363399379393,0.3174586837605047,0.2324646711479632,0.3434361725808494,0.2596936056156882,0.3058446505480146,0.3351782499990586,0.3917868844534272
2025-01-14,https://n.news.naver.com/mnews/article/014/0005295517,0.2757973950292947,0.2545088396421547,0.3010355535455321,0.2058783051901896,0.3042926364183111,0.1924128350497712,0.3129898917230475,0.2368009821087293
2025-01-14,https://n.news.naver.com/mnews/article/014/0005295516,0.394928772413995,0.2854169584525802,0.3332834691285219,0.2663099545873912,0.3473304988487726,0.2728625528299543,0.4552276770262935,0.2834076822853231
2025-01-14,https://n.news.naver.com/mnews/article/014/0005295515,0.2688364220660852,0.3639579268397613,0.3885152524325407,0.2491570171497441,0.3975636314354394,0.2791315783099595,0.484154201793018,0.3294216798436065
2025-01-14,https://n.news.naver.com/mnews/article/015/0005082157,0.1753981521574495,0.232482755582513,0.258790630266871,0.1700424162062996,0.2729786821077704,0.2131528965725432,0.3833530647399038,0.3090122558759846
2025-01-14,https://n.news.naver.com/mnews/article/014/0005295508,0.3307054888559857,0.2647833790267016,0.3227810333885416,0.2335399831858899,0.2859951798035344,0.1686655583554801,0.3957479649287619,0.2353421053317609
2025-01-14,https://n.news.naver.com/mnews/article/014/0005295507,0.3192690330651075,0.3998021390910278,0.3733124172059415,0.4105203627621838,0.3302837720757736,0.3641851578456131,0.4044933817220295,0.4078705948096172
2025-01-14,https://n.news.naver.com/mnews/article/009/0005429014,0.2251513109051447,0.3165117653296455,0.2755465188863876,0.2557242488202799,0.2757331397480817,0.2361963652812201,0.3664676411105957,0.3141012102474313
2025-01-14,https://n.news.naver.com/mnews/article/648/0000032446,0.1258730023026665,0.194351469412378,0.2333763284444701,0.2420139611303691,0.1783643583880563,0.1908685020483646,0.1552442584783284,0.2257353789882904
2025-01-14,https://n.news.naver.com/mnews/article/008/0005141076,0.3714027318451504,0.275130782344286,0.324530061547035,0.206147581908592,0.3154440850769292,0.2330743290588648,0.3891277871199893,0.2593532133071171
2025-01-14,https://n.news.naver.com/mnews/article/009/0005429010,0.1951884336071155,0.1706897104431387,0.2619021354843427,0.2023164837938956,0.2217268408926187,0.1698179101558333,0.3023809019596232,0.2582345056217054
2025-01-14,https://n.news.naver.com/mnews/article/009/0005429003,0.2938166447052597,0.3773876189133852,0.247659352308278,0.3561922962553174,0.2476653829122836,0.3217589691566451,0.3150925643039799,0.352015620763583
2025-01-14,https://n.news.naver.com/mnews/article/001/0015159393,0.2661417967819694,0.2640546696427686,0.2457979548143118,0.247788357933244,0.26164007746937,0.2513389689057281,0.3058928800462664,0.2667192178883061
2025-01-14,https://n.news.naver.com/mnews/article/215/0001195216,0.2577029149304431,0.2731878987967054,0.2704413310452263,0.3014967644190117,0.4160601817127561,0.3490088715771527,0.2964009022438607,0.2400813895853142
2025-01-15,https://n.news.naver.com/mnews/article/001/0015162051,0.3677286464091504,0.2094171836388588,0.4013779428473994,0.2165124285288497,0.3416067720858439,0.1585873947225834,0.4752752464782506,0.2298258369576157
2025-01-15,https://n.news.naver.com/mnews/article/001/0015162047,0.1496596932782062,0.2136404439620917,0.2787568723317846,0.3383192590048119,0.3037845865401735,0.2948271581450696,0.3005441936117884,0.2334566288055247
2025-01-15,https://n.news.naver.com/mnews/article/215/0001195388,0.1087474547798053,0.2141886495460106,0.2619717330588534,0.3357190029759255,0.2877394751530063,0.2855318794420632,0.2517246711680335,0.2468643405155423
2025-01-15,https://n.news.naver.com/mnews/article/629/0000356964,0.0372276938458377,0.0857116714515942,0.2035762003324737,0.2301527361289904,0.2403084706373412,0.2272818366704305,0.2277937485873864,0.1347957863353792
2025-01-15,https://n.news.naver.com/mnews/article/001/0015162027,0.1558770100897926,0.172928875498865,0.2584803182547268,0.2622236215731785,0.2634701285232067,0.2466649508645913,0.2151661170179446,0.1858679217181191
2025-01-15,https://n.news.naver.com/mnews/article/011/0004440288,0.1455036126752629,0.2607047423295875,0.1601867682237679,0.1764146156752352,0.1573809906105674,0.1843944344799009,0.2253769940770592,0.1687617621749864
2025-01-15,https://n.news.naver.com/mnews/article/011/0004440286,0.2191940351687347,0.3019013710701633,0.2416380128793027,0.2153900356797122,0.2000276122534055,0.2939760072226028,0.2601965693693502,0.2799124008390501
2025-01-15,https://n.news.naver.com/mnews/article/011/0004440285,0.3667196212412867,0.2742774459883652,0.2490111655517617,0.1741656977449867,0.3862335810336601,0.2889911140369924,0.2943539169515625,0.1955584068364574
2025-01-15,https://n.news.naver.com/mnews/article/018/0005925922,0.2361500910623004,0.3640385747127364,0.2408994840580233,0.3161104222628838,0.2143660879337936,0.3206041051519088,0.2657104165082476,0.3355075306803378
2025-01-15,https://n.news.naver.com/mnews/article/016/0002416411,0.1925504336758226,0.3541447916259201,0.186726925137137,0.3370186890540224,0.2117665380059748,0.326729135588048,0.2329731599613434,0.3667018376472162
2025-01-15,https://n.news.naver.com/mnews/article/277/0005533411,0.1432682897841413,0.308416470976611,0.1123221744494374,0.2503664870302974,0.1846312090254923,0.2754860225852721,0.1636114951830437,0.2375848166427335
2025-01-15,https://n.news.naver.com/mnews/article/001/0015161893,0.1567950161253464,0.3017607334938035,0.1570296091522906,0.2516255411658607,0.1982891785419533,0.2907077470377862,0.2325168203557054,0.2530680865516554
2025-01-15,https://n.news.naver.com/mnews/article/009/0005429715,0.2537406460367702,0.2891161296393416,0.2670061852707872,0.259101136699606,0.290544169232434,0.2532817660237056,0.2613760043629145,0.2762389850717978
2025-01-15,https://n.news.naver.com/mnews/article/029/0002929799,0.3757292235055068,0.2887616043581661,0.3037143689008469,0.1141665164439789,0.3160364801176948,0.2284529455781025,0.4841953017472937,0.3074032240016875
2025-01-15,https://n.news.naver.com/mnews/article/014/0005296296,0.3230871061871458,0.335738849410322,0.3592472397104809,0.3314281627421573,0.3704575102540499,0.3094812544934537,0.3944662977714645,0.3170076541262659
2025-01-15,https://n.news.naver.com/mnews/article/003/0013018098,0.2341230844983942,0.3428740523539159,0.2807710004125563,0.367253946269385,0.2765674612165648,0.3268590223151238,0.3168457372136896,0.366249373839803
2025-01-15,https://n.news.naver.com/mnews/article/008/0005141776,0.1811803587521989,0.2826942898795725,0.1846772663442884,0.2205537592050075,0.1920289674496848,0.2172030175239858,0.1900365016746248,0.2160475657103311
2025-01-15,https://n.news.naver.com/mnews/article/011/0004440260,0.198164307983504,0.3301950958658756,0.2204761891160313,0.3131563995902606,0.2107201980809023,0.344688810284724,0.2527837772119309,0.3714994481890021
2025-01-15,https://n.news.naver.com/mnews/article/018/0005925901,0.3880287068814507,0.277606339826979,0.34424686500747,0.2385685294528337,0.2951240426524526,0.2012785420365325,0.3994522760513173,0.2618912158247227
2025-01-15,https://n.news.naver.com/mnews/article/008/0005141773,0.1488328312644333,0.3039361268618062,0.2749122643567638,0.3945153535911123,0.3251596927445382,0.3466641931060744,0.3279078590568072,0.3379963790882406
2025-01-15,https://n.news.naver.com/mnews/article/014/0005296240,0.2814104358823082,0.2742782553772518,0.3164577061321489,0.21201147372407,0.337727712768909,0.2452444390542976,0.3631198891118159,0.2797604954212576
2025-01-15,https://n.news.naver.com/mnews/article/003/0013018066,0.2005731825709668,0.219695977215399,0.1752339580033052,0.1788117669975345,0.2643114353281768,0.261921356343341,0.1634335931358749,0.1516185965837227
2025-01-15,https://n.news.naver.com/mnews/article/018/0005925893,0.5031526206987472,0.3256593549959663,0.4000282669970341,0.2819695866379689,0.3859704198532741,0.1841721095984511,0.4167023372906236,0.3107299686691125
2025-01-15,https://n.news.naver.com/mnews/article/014/0005296233,0.101339225625385,0.2639058849904377,0.1674339220019802,0.287135358867065,0.1847280990888107,0.3002814987575171,0.1950382156076633,0.318960058608369
2025-01-15,https://n.news.naver.com/mnews/article/018/0005925886,0.2601863002635239,0.2923426584040051,0.3334128285834969,0.3289940767175829,0.3627069792411729,0.3367481581584547,0.3708433887259559,0.3428781532969521
2025-01-15,https://n.news.naver.com/mnews/article/215/0001195378,0.1077572713932392,0.2703166342295264,0.2314794503937672,0.3225234386929811,0.2520003199640839,0.3016052273350937,0.2962731305601047,0.3483312334125774
2025-01-15,https://n.news.naver.com/mnews/article/014/0005296196,0.2971341012530263,0.2284412323258174,0.3108323881404568,0.195999859012058,0.3423594854086101,0.2262349484331179,0.3932589630742019,0.2635377602279511
2025-01-16,https://n.news.naver.com/mnews/article/277/0005534118,0.1225327189716505,0.2237922038067225,0.1693271007465667,0.193058542912724,0.1553651802880188,0.1377393359208739,0.2053087339694794,0.1580519132645103
2025-01-16,https://n.news.naver.com/mnews/article/009/0005430385,0.1575384130438867,0.2420936409110737,0.1465450220843584,0.2078319502034466,0.1830664776319651,0.1994488502572747,0.2685266965673694,0.2089668214308038
2025-01-16,https://n.news.naver.com/mnews/article/009/0005430384,0.2380387569838997,0.3704503258212021,0.2670732990396164,0.303242391118173,0.2428724859300183,0.3283267802326514,0.33867898933021,0.364770381917697
2025-01-16,https://n.news.naver.com/mnews/article/018/0005926711,0.1678438924322677,0.1926015413466918,0.2197173395013788,0.1955017438821367,0.1847832433966768,0.1648568183201303,0.2545998992849945,0.2079355344305098
2025-01-16,https://n.news.naver.com/mnews/article/031/0000902060,0.1819942255595036,0.2751039584135458,0.3117519841916,0.2061714190040606,0.2195598107482946,0.2172017044708899,0.3772071370320206,0.2891634706069471
2025-01-16,https://n.news.naver.com/mnews/article/057/0001867177,0.3358674326808378,0.3428217849338805,0.3666717613834387,0.2647825314000654,0.3214410302508877,0.2112118884212825,0.2539902797899964,0.1612274934750541
2025-01-16,https://n.news.naver.com/mnews/article/057/0001867176,0.0510319668130976,0.1329240060508043,0.0904342030441507,0.1071217902015395,0.2116441222847339,0.1435191985668151,0.0413955474119557,0.0771660808386891
2025-01-16,https://n.news.naver.com/mnews/article/057/0001867171,0.0732621689519359,0.3137528018881456,0.1793048202875178,0.3583901949577155,0.2174212417890371,0.3379952278467227,0.1601577610101062,0.3583746098966411
2025-01-16,https://n.news.naver.com/mnews/article/057/0001867168,0.0536022433984745,0.2472962251425234,0.1921900392589943,0.2317341466970473,0.1003524714642255,0.2001128004665598,0.0225908289720863,0.1866471398818006
2025-01-16,https://n.news.naver.com/mnews/article/029/0002930119,0.2527795064126358,0.2353561794453469,0.3207629262439298,0.1975493886173131,0.2693229704543152,0.1923385494084953,0.3591631258815331,0.251479510246473
2025-01-16,https://n.news.naver.com/mnews/article/243/0000071409,0.1540506513284317,0.3443108538463648,0.0959006557721749,0.231826153397845,0.0780431802317556,0.3262197136864277,0.2312387600448227,0.2919098326975389
2025-01-16,https://n.news.naver.com/mnews/article/008/0005142354,0.21477915318493,0.3908867318967925,0.1704968084919572,0.261465504116227,0.2029707191091453,0.3507371303417386,0.288954363330608,0.372155370444039
2025-01-16,https://n.news.naver.com/mnews/article/003/0013020419,0.131659071214207,0.3769714549107837,0.1281803873010966,0.2794198132128769,0.1328601953841396,0.3775034079579661,0.1915167356471752,0.362462897992843
2025-01-16,https://n.news.naver.com/mnews/article/469/0000844476,0.1881203928639818,0.2736955421741913,0.1556893789644655,0.2036641770999048,0.1360211105809125,0.2637916440692437,0.2523149051809469,0.2974569640271232
2025-01-16,https://n.news.naver.com/mnews/article/417/0001052556,0.1599158027563776,0.3255132282778653,0.1248869889436794,0.2019770309788592,0.1417004385856648,0.3009913631791484,0.2417262630593425,0.2848797326594914
2025-01-16,https://n.news.naver.com/mnews/article/018/0005926701,0.0724090044010801,0.2763326534741718,0.1880748523162771,0.3542214257241268,0.2247598692404382,0.3162235154470873,0.2147786865598692,0.3526002718454099
2025-01-16,https://n.news.naver.com/mnews/article/018/0005926699,0.3016926096177701,0.3067211269330011,0.3262388346053862,0.280827268639309,0.3466602559074566,0.2540821898142684,0.5064223731731419,0.3586591908892553
2025-01-16,https://n.news.naver.com/mnews/article/018/0005926697,0.2704466583622432,0.3734838739077631,0.2583532296244985,0.3717241188842877,0.2114185967783373,0.3347150223561737,0.2502656555162118,0.342150987854036
2025-01-16,https://n.news.naver.com/mnews/article/029/0002930099,0.1362629484886309,0.3399934424067863,0.0847829023666277,0.2174322803958459,0.0853177431562225,0.3159748740205982,0.2304098459889953,0.2987799208907211
2025-01-16,https://n.news.naver.com/mnews/article/648/0000032553,0.1710314403321728,0.2338715889104124,0.1912332995366941,0.1816701270674306,0.2028258209130427,0.1759698247277411,0.255679431298251,0.1899362876190037
2025-01-16,https://n.news.naver.com/mnews/article/014/0005296887,0.2863202686102727,0.2800619707311919,0.3530894482340247,0.2253487208822927,0.3260289638193196,0.2493791471103791,0.336115453805928,0.2258595191288338
2025-01-16,https://n.news.naver.com/mnews/article/018/0005926686,0.2733634242180258,0.3326999184907504,0.3409756338624498,0.3229931847439058,0.3546290705362281,0.2999479229638795,0.4245230948773145,0.3884996018687209
2025-01-16,https://n.news.naver.com/mnews/article/015/0005083321,0.2944185594640552,0.2851628122587989,0.2768411262430174,0.2687173948110776,0.3206148926486665,0.2855642598932956,0.3258861278708143,0.2944107271466158
2025-01-16,https://n.news.naver.com/mnews/article/003/0013020370,0.1849824387883462,0.1845578927462259,0.2196169584575558,0.1824936970628879,0.2752550339136583,0.254407968138139,0.2407313372531117,0.1682003736518187
2025-01-16,https://n.news.naver.com/mnews/article/014/0005296882,0.2943322411629688,0.3510736482895603,0.3485209291930687,0.3287370118610224,0.3593655852848087,0.363699433849562,0.3731402717743843,0.3313008051550277
2025-01-16,https://n.news.naver.com/mnews/article/001/0015164304,0.1532609658159691,0.180420566724378,0.3368247961796842,0.1617211672607554,0.1680036178537939,0.2208323620317677,0.2312041420180378,0.2176957794244535
2025-01-16,https://n.news.naver.com/mnews/article/018/0005926680,0.252714145834021,0.34424716774641,0.2551479528450481,0.3382875826450768,0.1911954511884735,0.2767876822934706,0.2578576043717044,0.3039692939384408
2025-01-16,https://n.news.naver.com/mnews/article/008/0005142341,0.4376913145776163,0.3432473673934391,0.2720641939043025,0.1791739589673737,0.335081853424171,0.2472418981145856,0.3574542407279718,0.2897474607233308
2025-01-16,https://n.news.naver.com/mnews/article/469/0000844467,0.075809882204844,0.2793719738227642,0.250024907582176,0.3264364084992601,0.2444480427889036,0.2925417323699568,0.2772655685615263,0.3560864139122381
2025-01-16,https://n.news.naver.com/mnews/article/009/0005430356,0.4669694191946496,0.3126296344054114,0.3200038223638193,0.1888898741917317,0.3510415710773257,0.2153903669598193,0.3574429690044672,0.2333427266045586
2025-01-16,https://n.news.naver.com/mnews/article/215/0001195519,0.2567728938196079,0.2663828972889873,0.2689599755017199,0.2725186205608852,0.3058680174573379,0.2628028626634559,0.3234568054145645,0.2740786519481353
2025-01-16,https://n.news.naver.com/mnews/article/014/0005296857,0.4250444183871041,0.329117745103017,0.4110835742445255,0.1844153063934059,0.391923848402774,0.1646588392753147,0.5620686348335194,0.3068836933143438
2025-01-16,https://n.news.naver.com/mnews/article/014/0005296856,0.2993548352850003,0.3631937075823705,0.3882333796425745,0.332011320343666,0.3794043995831657,0.3981569811459899,0.3663963178936431,0.328592593500693
2025-01-16,https://n.news.naver.com/mnews/article/014/0005296855,0.3768411053392716,0.3313044584996502,0.3748874080414552,0.2895919406417537,0.3492268801678004,0.2573455682899437,0.3756399992457048,0.2793122567513739
2025-01-16,https://n.news.naver.com/mnews/article/014/0005296854,0.3085459766693875,0.2925069093983045,0.2922266210073569,0.2559212659030083,0.3026673705210801,0.2429833486741376,0.4622698829508376,0.3404023789919283
2025-01-17,https://n.news.naver.com/mnews/article/011/0004441218,0.3125492758743673,0.2500095199232753,0.2843154999426805,0.2068720434665971,0.27040293886139,0.179997160145896,0.3119951835551192,0.2332910170241096
2025-01-17,https://n.news.naver.com/mnews/article/277/0005534659,0.186976990716934,0.3127428280543259,0.2543739741006638,0.3398143127896315,0.2891089043715939,0.3211809768263108,0.2636308765433471,0.323889586909291
2025-01-17,https://n.news.naver.com/mnews/article/009/0005430909,0.1391884212132397,0.3893359795649313,0.2145753895387937,0.4692055600877919,0.3104127126996396,0.5044303700494777,0.158251666324915,0.4290443421160814
2025-01-17,https://n.news.naver.com/mnews/article/018/0005927345,0.1388448460947424,0.2911143937513062,0.1715209917585483,0.2236314609025675,0.1661401346271182,0.2431813829609262,0.1958552980980958,0.2408816358147749
2025-01-17,https://n.news.naver.com/mnews/article/277/0005534645,0.0900995553916743,0.3432393371315686,0.2002425954193601,0.3276279132979393,0.1323710979429573,0.2998596810165047,0.2158014166834797,0.3582964896551137
2025-01-17,https://n.news.naver.com/mnews/article/277/0005534643,0.3093915561273387,0.209142798666058,0.1936847691662739,0.1062087398514976,0.2005176540337552,0.088825500541882,0.2716337631470853,0.1734775603869029
2025-01-17,https://n.news.naver.com/mnews/article/057/0001867393,0.3217408297008739,0.2124898330403844,0.2557601243272414,0.1908662399842409,0.2976416830742845,0.1881825091865379,0.2592458497966067,0.1934988262397231
2025-01-17,https://n.news.naver.com/mnews/article/057/0001867390,0.2156524481709055,0.2314108668700026,0.2575231010688656,0.1825471695850109,0.2185369753715809,0.1600278648760668,0.2062525407821751,0.1069283124600468
2025-01-17,https://n.news.naver.com/mnews/article/018/0005927333,0.3054722092348889,0.2547275989734458,0.2644877622272645,0.2083645810860274,0.2639113943780094,0.1632703435556866,0.3367992433057344,0.2503139532995261
2025-01-17,https://n.news.naver.com/mnews/article/648/0000032595,0.1549372645891303,0.2767728832585917,0.1877571534081743,0.1998790917602979,0.1400734530338224,0.2231489779720593,0.2064622619216782,0.2190800963247951
2025-01-17,https://n.news.naver.com/mnews/article/015/0005083749,0.2499026678317027,0.2950867325509936,0.2767552482102673,0.2941346509249483,0.2863945034340222,0.2726375038133621,0.3363053475269761,0.3083821905667017
2025-01-17,https://n.news.naver.com/mnews/article/277/0005534630,0.1014673210443723,0.2053230402581336,0.1544658217322451,0.1287830841082652,0.0934871354586502,0.1504582401523287,0.1798620636250181,0.1235146340308918
2025-01-17,https://n.news.naver.com/mnews/article/009/0005430879,0.3056287461935297,0.2593618746003809,0.2698455551642297,0.2359389416789272,0.2576689042028937,0.2180052785643258,0.3550015964868407,0.2548518283260705
2025-01-17,https://n.news.naver.com/mnews/article/277/0005534627,0.1665424660747993,0.2445292564379258,0.2072697257901383,0.3045466513191477,0.2571609100155892,0.3048404124464866,0.1891875428401766,0.2213870999608806
2025-01-17,https://n.news.naver.com/mnews/article/243/0000071463,0.1615406394272349,0.2245715913306788,0.1897688681111365,0.1532521668346211,0.168839973177915,0.1720019474782767,0.2229536102797709,0.1714839171634625
2025-01-17,https://n.news.naver.com/mnews/article/366/0001048075,0.1693567566441265,0.2695033131927893,0.1823836434571337,0.1590544934258533,0.1610027123638846,0.1651641741591241,0.2116004036247429,0.1660194982781951
2025-01-17,https://n.news.naver.com/mnews/article/366/0001048073,0.1092933485174919,0.2089650539720026,0.1227522167414268,0.1177743537750635,0.1270923660720461,0.1520561681807095,0.1626890833588567,0.1436885163052791
2025-01-17,https://n.news.naver.com/mnews/article/003/0013022201,0.2107216978025078,0.1791588695809175,0.1967064579386529,0.1644773029621314,0.2886218527194001,0.2270458990206396,0.2104339384215798,0.1072717234719842
2025-01-17,https://n.news.naver.com/mnews/article/031/0000902332,0.3069913891266472,0.2780849068218046,0.3082204249554022,0.1767677175337829,0.332434273049584,0.1509319006083511,0.4914734025734833,0.3157697865933628
2025-01-17,https://n.news.naver.com/mnews/article/648/0000032594,0.3356673783641159,0.2498589079325754,0.2850263566935483,0.2206530890917039,0.260286375208882,0.1581309231763364,0.3506418819725654,0.2582264653458395
2025-01-17,https://n.news.naver.com/mnews/article/648/0000032593,0.1439183890640555,0.2138835675092752,0.1917861550790314,0.1274735880127869,0.1865616592889508,0.186704985331404,0.224537551554334,0.1493209356148373
2025-01-17,https://n.news.naver.com/mnews/article/003/0013022188,0.263161698289241,0.274536600099568,0.2690864170537604,0.2375403626976473,0.2812858538586668,0.2594886552234307,0.3473180650334993,0.2808152024971543
2025-01-17,https://n.news.naver.com/mnews/article/011/0004441188,0.1799426490764831,0.2455182695528157,0.1910613094466262,0.1926649973509002,0.1640485795340685,0.2082509502385452,0.2238709241713644,0.2155661707284554
2025-01-17,https://n.news.naver.com/mnews/article/018/0005927310,0.2130212701999486,0.1658532100624421,0.2337426451362237,0.138004669691286,0.2378330396270628,0.1547658661743446,0.2869092964745759,0.2110717842801291
2025-01-17,https://n.news.naver.com/mnews/article/009/0005430871,0.2144378008038596,0.1915453271261846,0.205334195709025,0.1932779102811406,0.2272277590170338,0.1684748767884699,0.2501573568364969,0.1892722183269308
2025-01-17,https://n.news.naver.com/mnews/article/001/0015166168,0.3213716163740955,0.303860117248624,0.2876960643383929,0.2635976786896629,0.2802072869987191,0.2352547432417251,0.3414710910866657,0.3233343926048765
2025-01-17,https://n.news.naver.com/mnews/article/469/0000844650,0.3619123188997795,0.2727502350443144,0.2985786648538666,0.2368425580108853,0.2919020732502889,0.1992179279895588,0.3711173212875027,0.2744664992046616
2025-01-17,https://n.news.naver.com/mnews/article/421/0008028733,0.1272389927561683,0.2247261091659535,0.1569094996577348,0.1557344549688968,0.1123419938543994,0.1824309646587791,0.1898564359867545,0.1679135740712632
2025-01-17,https://n.news.naver.com/mnews/article/031/0000902322,0.2956861887864924,0.2937626582523961,0.2851120870762598,0.1836154511174723,0.2826912055056093,0.168794891908916,0.455395596374493,0.3230255873884521
2025-01-18,https://n.news.naver.com/mnews/article/009/0005431092,0.3467753833742442,0.3349254097349032,0.3145297471238145,0.3002465659511777,0.2833028868785494,0.2458906408578132,0.3978063417209748,0.2988227828094448
2025-01-18,https://n.news.naver.com/mnews/article/008/0005142937,0.2325238994197453,0.3254293437882166,0.2336381991806969,0.3625141449924947,0.365858227373841,0.4040155958876097,0.2382810617997426,0.3056878445830914
2025-01-18,https://n.news.naver.com/mnews/article/015/0005083892,0.3742866020325585,0.3094084279259408,0.3040254465585187,0.258498761357791,0.3632077848497874,0.2836675951685119,0.3105299567522119,0.2421297181622756
2025-01-18,https://n.news.naver.com/mnews/article/008/0005142930,0.2685190787813964,0.3643210278858212,0.3666239300398708,0.395206702262608,0.3769486562519383,0.4329523951683737,0.3710935446650833,0.4134912911201773
2025-01-18,https://n.news.naver.com/mnews/article/277/0005534784,0.3857275504871345,0.2691192896131961,0.3189567866333981,0.2815410415014499,0.4409294016039336,0.3190918759342895,0.3337611116189444,0.1789367348174526
2025-01-18,https://n.news.naver.com/mnews/article/648/0000032605,0.147815789859981,0.0984311606378013,0.264509804691854,0.123382138132709,0.1463279869178694,0.0997806565602679,0.166549835706531,0.1085046439678811
2025-01-18,https://n.news.naver.com/mnews/article/015/0005083875,0.2416876115033362,0.3422529179373816,0.3011453001356188,0.2954663195875005,0.3031910855336994,0.3134419396286791,0.3911861144918008,0.3657620921681793
2025-01-18,https://n.news.naver.com/mnews/article/417/0001052925,0.1750995985804963,0.0993398845551866,0.27527544696367,0.1327794979745226,0.2034074190379604,0.0906919332698834,0.1886679459499945,0.1080476161239464
2025-01-18,https://n.news.naver.com/mnews/article/009/0005431046,0.2684213209722136,0.2995549288953457,0.3155917460035179,0.2511474905871489,0.3126857991641847,0.2580986745148061,0.4178939816174523,0.3518955028703404
2025-01-18,https://n.news.naver.com/mnews/article/008/0005142909,0.1169640374727501,0.2088196361207397,0.2427227221342994,0.2065335895707222,0.1686974622598633,0.2325652915396543,0.2547457711711611,0.251609513242453
2025-01-18,https://n.news.naver.com/mnews/article/648/0000032604,0.1319914607012252,0.269990058105355,0.175890470655792,0.2098081848967967,0.1756625884254335,0.176957607362907,0.2647551658914874,0.2303104191424942
2025-01-18,https://n.news.naver.com/mnews/article/648/0000032603,0.311002718279208,0.2053458816072774,0.3623036805220526,0.1974911857760472,0.3355308472147708,0.1125805295282629,0.3188902380461397,0.0793416393899212
2025-01-18,https://n.news.naver.com/mnews/article/018/0005927477,0.3205567729532776,0.2398173635148395,0.3421618487286338,0.2377858762476201,0.2927133166731129,0.1268639045027621,0.4020105741978477,0.2051756540339335
2025-01-18,https://n.news.naver.com/mnews/article/648/0000032602,0.3738405374171897,0.2361099398482943,0.1682908311330104,0.0628602427548313,0.3106616414207734,0.1976853491547132,0.2617069123819148,0.1868277764819989
2025-01-18,https://n.news.naver.com/mnews/article/421/0008029250,0.2949586784969044,0.2944446512023476,0.2920866552225648,0.187277883589312,0.2972335621871932,0.206643692401415,0.3975426922078835,0.296833144464994
2025-01-18,https://n.news.naver.com/mnews/article/018/0005927466,0.5337588815288977,0.3495564660452044,0.5763836494530566,0.2961589765917863,0.5952885008408043,0.3897728727292228,0.6343212627088123,0.3719364139445452
2025-01-18,https://n.news.naver.com/mnews/article/648/0000032601,0.1695821553353822,0.2062641827640978,0.1226710350020321,0.1644858436284695,0.214217864901343,0.2313241518732176,0.1532410537932138,0.1764863711943548
2025-01-18,https://n.news.naver.com/mnews/article/215/0001195679,0.1689052422142352,0.1435268935556173,0.115562216545838,0.0883790657820487,0.1878798927572598,0.1660346237202343,0.1803136017690121,0.152610258749347
2025-01-18,https://n.news.naver.com/mnews/article/215/0001195678,0.4446941225994566,0.3492484761850125,0.2791543288877626,0.2198289633712926,0.2715065606544947,0.2087328876233873,0.3355028970401034,0.2457920902879329
2025-01-18,https://n.news.naver.com/mnews/article/003/0013022592,0.3141970936365925,0.2365824096136836,0.2716594310695374,0.2073949022548926,0.2111399623088342,0.2256525384541531,0.3481918441068841,0.2588340248339049
2025-01-18,https://n.news.naver.com/mnews/article/018/0005927425,0.2991322343780356,0.2349281432627174,0.426442696262573,0.3245665354767528,0.3869848955050569,0.2837876368615741,0.3963386178566038,0.2665865919287039
2025-01-18,https://n.news.naver.com/mnews/article/422/0000706446,0.2952624716277238,0.173574662516609,0.3798507539347727,0.1884841551889624,0.295282415758138,0.1459867832841623,0.3762498792733641,0.1272659080369364
2025-01-18,https://n.news.naver.com/mnews/article/018/0005927420,0.4671544879189609,0.3178521922436612,0.3751273863393438,0.2344003430122726,0.3532725129613239,0.248303582531078,0.372852998125443,0.2657490150247523
2025-01-18,https://n.news.naver.com/mnews/article/029/0002930268,0.2825173288814914,0.2400557699391335,0.2688212436277172,0.2003404544334233,0.2165349445019421,0.2032370750209683,0.3193384836188543,0.2460367627031299
2025-01-18,https://n.news.naver.com/mnews/article/421/0008029100,0.2817797631942875,0.2413833839471059,0.1951594394997751,0.1468172340295327,0.2925043158839648,0.2351416417128769,0.234466653599259,0.1651262916376891
2025-01-18,https://n.news.naver.com/mnews/article/421/0008029084,0.20452884091178,0.3846976100777758,0.1981783065187581,0.2954738114593994,0.217853404005049,0.3082154649389459,0.2324240688967659,0.3205875438307838
2025-01-18,https://n.news.naver.com/mnews/article/003/0013022541,0.1991669375658785,0.3064600883831204,0.3765829248032654,0.4057253258969949,0.2884216059268314,0.2941174029978868,0.2707251849110775,0.2436254454521297
2025-01-18,https://n.news.naver.com/mnews/article/011/0004441278,0.1747437123967571,0.0791330823714777,0.1766097272090162,0.0993225161161106,0.3176647010542318,0.2523716026981252,0.1590370216283096,0.0557052996996052
2025-01-18,https://n.news.naver.com/mnews/article/417/0001052880,0.3129586164414237,0.2577278013603858,0.2417634813127957,0.2062039003931023,0.2487024890179096,0.2267549993380144,0.3453807783385221,0.2822731851059208
2025-01-18,https://n.news.naver.com/mnews/article/421/0008029070,0.3616145737018787,0.2363790953438021,0.3717156458085977,0.2400996952286783,0.3584876642429834,0.1678376186932779,0.3716134748484585,0.1795580003514198
2025-01-19,https://n.news.naver.com/mnews/article/009/0005431440,0.2883301521620435,0.2466386216831872,0.2677115330901453,0.2504882635355769,0.2534405618149652,0.2248110622710984,0.3426236765452121,0.259523625904024
2025-01-19,https://n.news.naver.com/mnews/article/009/0005431431,0.3892239601374583,0.2795015923914044,0.3165596217869231,0.228994884761321,0.3276538938886901,0.2325047379421101,0.3611364091276918,0.2293506745572549
2025-01-19,https://n.news.naver.com/mnews/article/015/0005084155,0.3095174263907931,0.3787733824816107,0.1596562917270489,0.2706088091054422,0.2457872228324026,0.3298376111602251,0.1995678441592998,0.2732765193894958
2025-01-19,https://n.news.naver.com/mnews/article/001/0015168369,0.5179366833000266,0.3380749683018562,0.4738393997224621,0.3144534617949139,0.3545663709429404,0.277882751584693,0.4535817568182713,0.3126724474578777
2025-01-19,https://n.news.naver.com/mnews/article/014/0005297789,0.3488568367366425,0.356037693882402,0.3623296420213475,0.341680177186338,0.3378252773659378,0.3098134991509401,0.4099084308048657,0.3483166947982679
2025-01-19,https://n.news.naver.com/mnews/article/011/0004441644,0.2467625325349176,0.2428617473387775,0.3326648510730467,0.2787575510121579,0.2264952753842262,0.1869885617178351,0.3196015078573785,0.2818680277571791
2025-01-19,https://n.news.naver.com/mnews/article/014/0005297728,0.3494516576264962,0.3133617753571355,0.4146223814309148,0.290790847732517,0.4132766493176471,0.2960282832785854,0.5136901951629305,0.3800597833455728
2025-01-19,https://n.news.naver.com/mnews/article/014/0005297727,0.3586547403447899,0.3754050452010453,0.3922374195854199,0.3760708852590354,0.3465609163125605,0.328438406947533,0.4329737385881564,0.3844267674968664
2025-01-19,https://n.news.naver.com/mnews/article/014/0005297726,0.265411351711266,0.3815912774959632,0.2606978040830692,0.3595040569688385,0.2737069704791963,0.3327713214573544,0.3090058327868258,0.3602575192788159
2025-01-19,https://n.news.naver.com/mnews/article/014/0005297725,0.1472080656737443,0.2960375748708158,0.2171517002467709,0.2807147074731854,0.2014345055877256,0.3041320201907116,0.2703541602841301,0.3899531907662269
2025-01-19,https://n.news.naver.com/mnews/article/009/0005431399,0.262386045708006,0.3034324517620681,0.3463517491684869,0.3107009530617682,0.2680929342986503,0.2768120761868805,0.3181638479169718,0.2800784063434936
2025-01-19,https://n.news.naver.com/mnews/article/014/0005297702,0.2497029511456152,0.3643609452750705,0.3268423222070779,0.3081343179211573,0.3873852363777927,0.3333256598716763,0.4336615447286832,0.4111690905096234
2025-01-19,https://n.news.naver.com/mnews/article/014/0005297701,0.2134803974926966,0.3247368757170304,0.324705027707566,0.3754409097745322,0.3250611861674406,0.3778849376515744,0.3440718620941628,0.363405942175963
2025-01-19,https://n.news.naver.com/mnews/article/014/0005297700,0.3097701109383319,0.3421809783087896,0.3461034245946942,0.3635442278774898,0.3009170938172652,0.3100698068322983,0.3359080276777218,0.3341194027216467
2025-01-19,https://n.news.naver.com/mnews/article/014/0005297699,0.0860680478555627,0.2235816981819129,0.133493587890823,0.2144086736052589,0.2311022556708856,0.2189131576363437,0.2261852941396138,0.2800902557590053
2025-01-19,https://n.news.naver.com/mnews/article/011/0004441629,0.2783554880267497,0.2782327016296392,0.3634811107021916,0.2779627618616846,0.3038885899226237,0.2432915091899692,0.3859416759911222,0.2871865607602926
2025-01-19,https://n.news.naver.com/mnews/article/009/0005431392,0.3211512257663537,0.2648078925323077,0.3568667250365824,0.2665742947391142,0.2880528060116648,0.2119720917986506,0.3791448512660194,0.2824831205736051
2025-01-19,https://n.news.naver.com/mnews/article/629/0000357894,0.1559948899278898,0.2572213571191293,0.201549610628166,0.1817163172342314,0.1569720644808133,0.2808615917381066,0.2940217223734586,0.2908250731034011
2025-01-19,https://n.news.naver.com/mnews/article/009/0005431386,0.2769995314783272,0.2925383809283542,0.3067123466541089,0.2718265271723883,0.3120293037759266,0.2403403991517133,0.3815716308488703,0.3378663002653958
2025-01-19,https://n.news.naver.com/mnews/article/011/0004441601,0.1245115369769223,0.259729724016737,0.1586203928719532,0.2130341023151533,0.1273644336808811,0.2822746890228589,0.2647435734269265,0.3120483780376832
2025-01-19,https://n.news.naver.com/mnews/article/015/0005084094,0.2279054022372492,0.3416998372595045,0.2992159123177221,0.2981220369086896,0.3005432640070908,0.3165540621873543,0.3891981536125115,0.3677372510309901
2025-01-19,https://n.news.naver.com/mnews/article/011/0004441597,0.2423280679196042,0.3754204140898622,0.2319747394341222,0.2866797914577653,0.2643188075168225,0.3290754400676676,0.2489148756301829,0.3052149092105937
2025-01-19,https://n.news.naver.com/mnews/article/011/0004441596,0.2029560721942318,0.3763306378107759,0.2320377252151839,0.4094401022735969,0.2922460007246844,0.4109383798453607,0.2774056602474121,0.4033632641438901
2025-01-19,https://n.news.naver.com/mnews/article/015/0005084092,0.2640775495884617,0.3646772461773541,0.2886010347603186,0.3364082940033825,0.3327828887187791,0.3443724950743573,0.3741373379115984,0.3872188463936931
2025-01-19,https://n.news.naver.com/mnews/article/009/0005431357,0.273930636230014,0.2545179114352661,0.2505094070993622,0.2157693575819053,0.2375927216277084,0.2179561761826336,0.2880899613323278,0.2378078245950873
2025-01-19,https://n.news.naver.com/mnews/article/009/0005431356,0.3606230740946796,0.2702413242481957,0.3629240859773755,0.2483807060561481,0.3357425488090116,0.215108062098663,0.3874598628908099,0.2611674211288646
2025-01-19,https://n.news.naver.com/mnews/article/009/0005431355,0.1366527789508926,0.2867621256899072,0.1965116226428995,0.1765056983869409,0.0943592702879785,0.3264209473534001,0.2715099253860851,0.2956869750075844
2025-01-19,https://n.news.naver.com/mnews/article/009/0005431354,0.3934707684509216,0.2757640163396337,0.3174738486995466,0.2191342382185432,0.325983831108894,0.2332880356952131,0.359842328304168,0.2216537318734387
2025-01-19,https://n.news.naver.com/mnews/article/015/0005084090,0.2395638875212207,0.3541657294209352,0.2786936248354507,0.3774165694975351,0.2394728067861872,0.3316666796623764,0.3512073940280146,0.395075793552305
2025-01-19,https://n.news.naver.com/mnews/article/009/0005431353,0.2627044424860558,0.2970448947807683,0.2352768759570655,0.2806821403396486,0.2530527540580069,0.2988329000089337,0.3040307493937563,0.3230142174365317
2025-01-19,https://n.news.naver.com/mnews/article/009/0005431352,0.1311512641065207,0.468336764986823,0.134498606084352,0.3940511757768181,0.1071711978348816,0.3925811566180224,0.1530599678950347,0.4558165582613185
2025-01-19,https://n.news.naver.com/mnews/article/015/0005084089,0.1601419020086613,0.2043536849303756,0.2097119027711003,0.2544023878792817,0.2220131349871405,0.2375663028279771,0.2516008863528901,0.2551018151770859
2025-01-19,https://n.news.naver.com/mnews/article/015/0005084088,0.2239952026170616,0.2139575343156782,0.2870661425035771,0.21098112067117,0.3362872118900671,0.2496569482516806,0.2931213422741275,0.1757857911775516
2025-01-19,https://n.news.naver.com/mnews/article/009/0005431335,0.2367241787465405,0.3152146361918509,0.3033876470181627,0.2240789838300851,0.2804184954693748,0.2143790200586332,0.3884206754248976,0.3347570473271291
2025-01-19,https://n.news.naver.com/mnews/article/009/0005431326,0.4450776296039844,0.2550297351222699,0.3073245344105328,0.131152552432073,0.3089711732015223,0.1474463627862788,0.3163851472240441,0.1151546091678903
2025-01-19,https://n.news.naver.com/mnews/article/009/0005431325,0.1911860166284713,0.2598094573400454,0.2435513407763794,0.2838336520920686,0.2369652273891879,0.2444671887453688,0.3759434982950951,0.3442732805806132
2025-01-20,https://n.news.naver.com/mnews/article/009/0005432124,0.1786887221598968,0.2708058129654801,0.165219243446029,0.1911854226547021,0.1943115589292048,0.2377485475923494,0.1991559048801564,0.2126977315881363
2025-01-20,https://n.news.naver.com/mnews/article/243/0000071604,0.0654100602557014,0.1206405183514004,0.1168968729193809,0.0490892140615212,0.0948203430272176,0.0905418580750603,0.1121230794522018,0.1434509701801699
2025-01-20,https://n.news.naver.com/mnews/article/009/0005432107,0.2668684182278798,0.257100061722931,0.2308187768123356,0.2289387141473817,0.2199696511833452,0.24133248638334,0.2796486981083397,0.2569053547679031
2025-01-20,https://n.news.naver.com/mnews/article/366/0001048525,0.1691504294868036,0.3006285531070479,0.3376021983127238,0.2945653855642264,0.174637979947876,0.2089251857746606,0.3498518584477723,0.30391863111669
2025-01-20,https://n.news.naver.com/mnews/article/057/0001867810,0.2971390069747777,0.243592570234319,0.2644197425762946,0.2086986573867887,0.3272389509047161,0.2515326470979528,0.3158219260436052,0.2306418822545008
2025-01-20,https://n.news.naver.com/mnews/article/057/0001867808,0.0408264069612667,0.1885308457189329,0.117372340916362,0.2120708979947898,0.2889437201132408,0.2760320864687249,0.1195414451015855,0.1496689318883232
2025-01-20,https://n.news.naver.com/mnews/article/003/0013026387,0.181557318395145,0.196024958630238,0.1848252611711477,0.1732456110542483,0.2822856905342695,0.2629648002984315,0.1911378392530253,0.1584078932350402
2025-01-20,https://n.news.naver.com/mnews/article/057/0001867794,0.0839056804747774,0.2456138847137765,0.1308155025609697,0.1947044080168635,0.1791135107814563,0.1549978095917552,0.2403110898455865,0.2499346398745696
2025-01-20,https://n.news.naver.com/mnews/article/003/0013026376,0.2120799236205308,0.249247235425391,0.2557501582035683,0.2212599523348508,0.3112829759105703,0.2648833223089809,0.2539961882925014,0.2060329319139124
2025-01-20,https://n.news.naver.com/mnews/article/421/0008033310,0.3778739660435356,0.3190848440846688,0.4079107482114256,0.3487018076245662,0.3716042527544627,0.3088117911434878,0.3897454451731783,0.2939621736200934
2025-01-20,https://n.news.naver.com/mnews/article/029/0002930785,0.1286187193045826,0.3324131028586739,0.1432667967257044,0.3077609937610259,0.1425232112160313,0.3149752049817083,0.255835516971189,0.3545455441755634
2025-01-20,https://n.news.naver.com/mnews/article/015/0005084648,0.4260605932425995,0.2475812871538678,0.3734381175759778,0.2704719141825557,0.4419564066367613,0.2403695423284949,0.3559618916806819,0.1753001493131123
2025-01-20,https://n.news.naver.com/mnews/article/003/0013026358,0.1483977275085221,0.1664527889114242,0.1478189490662122,0.0984558757011346,0.1126389248091344,0.1583636223917787,0.1811346147569926,0.2305280841899196
2025-01-20,https://n.news.naver.com/mnews/article/008/0005143704,0.2407428343405592,0.3114545536929921,0.2432945741590244,0.2752992748593247,0.2320279089244813,0.2614997172038945,0.2780392087537623,0.290141713649071
2025-01-20,https://n.news.naver.com/mnews/article/001/0015170473,0.1402290257378972,0.3578956437854653,0.1604395168034796,0.3603154616011929,0.1840715799629859,0.3877146205397226,0.188494833483457,0.3812543369018074
2025-01-20,https://n.news.naver.com/mnews/article/001/0015170471,0.1921439695459712,0.0605560632952047,0.3192616274186398,0.1633848573614869,0.2102182474032199,0.095529325247503,0.2227274969442979,0.0906723989950853
2025-01-20,https://n.news.naver.com/mnews/article/014/0005298327,0.2662944693068279,0.205854852552691,0.3411658015798518,0.2301865684540967,0.2932720487389474,0.2419868920815722,0.3440890686829794,0.2366545037236858
2025-01-20,https://n.news.naver.com/mnews/article/018/0005928697,0.283776450692382,0.3008480941329663,0.2965670566681607,0.2910253057391951,0.355830146829322,0.2582549005558799,0.406832329569603,0.3532010164707937
2025-01-20,https://n.news.naver.com/mnews/article/011/0004442088,0.2135237340207662,0.3814862153221052,0.1848005796687511,0.3275457498074507,0.2264516501219702,0.3468497987608062,0.2270980812104386,0.3219667249317779
2025-01-20,https://n.news.naver.com/mnews/article/015/0005084613,0.1889313671716743,0.3822430263538566,0.1967467310719464,0.3199791432191367,0.2145889005701585,0.3255605371898545,0.2312017617681386,0.3452676168946881
2025-01-20,https://n.news.naver.com/mnews/article/015/0005084610,0.3805354522910515,0.3332469307070322,0.2228406665472051,0.2039817788769358,0.2904662721840124,0.2696574563617205,0.2479428870248253,0.2303274944413288
2025-01-20,https://n.news.naver.com/mnews/article/018/0005928691,0.3355107582438659,0.3121800256799396,0.4248653166199347,0.3539066135609885,0.3907861128569399,0.3464312591408454,0.4735717988115236,0.3777962187008211
2025-01-20,https://n.news.naver.com/mnews/article/469/0000845048,0.2413419734810346,0.3022487279493234,0.2721364335328979,0.3256420841444439,0.2921361359507389,0.3095149433211758,0.3100266683380805,0.3298239508452774
2025-01-20,https://n.news.naver.com/mnews/article/014/0005298308,0.3571186810898413,0.3309985525380836,0.3858691530754702,0.272176781890589,0.3344722400692928,0.2219779704414352,0.4157351239495839,0.2679481590931605
2025-01-20,https://n.news.naver.com/mnews/article/014/0005298307,0.2918207191714046,0.3524517168887204,0.3410085606689059,0.4350013400834141,0.3339951691960393,0.3967043281099937,0.3090695205040459,0.3435843938428061
2025-01-20,https://n.news.naver.com/mnews/article/014/0005298306,0.2622274229910442,0.3334896530920787,0.3039883569887064,0.2768354694498598,0.2751531990632034,0.258021974612821,0.3928626861619952,0.3551135748179614
2025-01-20,https://n.news.naver.com/mnews/article/014/0005298305,0.4170663123938983,0.2859821635563775,0.4246530235108425,0.2660520757323906,0.3690366409061628,0.1847790569285316,0.5291595398839398,0.293828855271423
2025-01-20,https://n.news.naver.com/mnews/article/014/0005298304,0.223020262970977,0.3422587501418174,0.2644813120932588,0.2774920890505791,0.240249515660712,0.2835348789757984,0.3958769060539478,0.4076204601343948
2025-01-20,https://n.news.naver.com/mnews/article/243/0000071597,0.1722218635281449,0.1500669451153367,0.1216425067730821,0.0793521529008648,0.1773305143042789,0.1412859460353553,0.1403202831557935,0.1276379647522185
2025-01-20,https://n.news.naver.com/mnews/article/011/0004442082,0.2016292243853361,0.3004030972340902,0.3690329095918044,0.272438530727132,0.1869130886355211,0.2099137109271683,0.3682981926563853,0.2924987985325341
2025-01-20,https://n.news.naver.com/mnews/article/018/0005928682,0.1931748843016059,0.3098288219326685,0.2556595973403288,0.2901188158236124,0.283833717649582,0.2750271323329056,0.3602981258551547,0.3706147247645427
2025-01-20,https://n.news.naver.com/mnews/article/015/0005084585,0.2890805910174248,0.247857721996309,0.342384664439008,0.2350842873131928,0.3493425707415414,0.2527339809035572,0.3424350685506887,0.2520680574483673
2025-01-20,https://n.news.naver.com/mnews/article/018/0005928679,0.2784851756711618,0.237522290954939,0.2984291954943438,0.2491612908538248,0.2975325343762792,0.2503908086791458,0.3359325179950355,0.2702932097302829
2025-01-21,https://n.news.naver.com/mnews/article/018/0005929522,0.1967891280204386,0.2543997352092986,0.2135330736524701,0.2432501613079167,0.2532676814646244,0.2701455018334066,0.2130919441274605,0.1806189603183626
2025-01-21,https://n.news.naver.com/mnews/article/648/0000032695,0.1926623977930718,0.2495096215413226,0.1758245755827888,0.1264366838652533,0.1717076964121919,0.239744473465399,0.2048631424815272,0.1945468993615653
2025-01-21,https://n.news.naver.com/mnews/article/009/0005432791,0.1185092643859578,0.2243868923106368,0.1979234729854589,0.2801820857145136,0.201639085575431,0.2430594415521902,0.238724580122756,0.2646546492861715
2025-01-21,https://n.news.naver.com/mnews/article/009/0005432790,0.2176807616082282,0.3477061009273678,0.3011516956046169,0.3684752661100582,0.2036968071261511,0.297459372775131,0.1753194251069609,0.2824736287504795
2025-01-21,https://n.news.naver.com/mnews/article/018/0005929491,0.150879703871048,0.2253594525645452,0.2102772396145506,0.2253445636356052,0.1690031282063268,0.2515918798787444,0.2393919003056402,0.283492828623226
2025-01-21,https://n.news.naver.com/mnews/article/057/0001868015,0.3735178758839104,0.2337050682870607,0.1705073561779687,0.1231365930790261,0.2067579458110568,0.1474064462604938,0.1775962407834969,0.1127639028119759
2025-01-21,https://n.news.naver.com/mnews/article/029/0002931118,0.1868949569194262,0.3508029485868433,0.2452179720894464,0.2823448631826313,0.2283174787372904,0.3253454781313366,0.2899111092572751,0.3505047588761751
2025-01-21,https://n.news.naver.com/mnews/article/119/0002916272,0.1484608565446654,0.3287613031867945,0.1549511374693685,0.27295685743739,0.2057843005200889,0.3088409281988721,0.2706811729808122,0.3164351423862592
2025-01-21,https://n.news.naver.com/mnews/article/057/0001868003,0.0671888251943333,0.203962475266877,0.1553770248721016,0.2429133786234785,0.1697447293157181,0.2631069160643294,0.1015244557152609,0.2420734784278076
2025-01-21,https://n.news.naver.com/mnews/article/018/0005929481,0.225631306754337,0.383591115981073,0.2069433912088986,0.3146767434316716,0.1822262812693246,0.3430740153171214,0.2846283642462594,0.3400816948330252
2025-01-21,https://n.news.naver.com/mnews/article/243/0000071660,0.1488136291898169,0.2149959634700963,0.2112855426750672,0.2817300747858206,0.2598630136241659,0.3140008012696731,0.2121846728712161,0.2536632958251359
2025-01-21,https://n.news.naver.com/mnews/article/011/0004442602,0.1098712083601874,0.2514078253971459,0.1335029766332974,0.2805585210047448,0.1767044816461438,0.2579229076175416,0.1840898388216284,0.3001953021812729
2025-01-21,https://n.news.naver.com/mnews/article/003/0013028996,0.2004015308013839,0.1896428897045659,0.2408797267871948,0.1390952469770552,0.320071942433914,0.2141728445422512,0.2152783739620102,0.1143168203624619
2025-01-21,https://n.news.naver.com/mnews/article/011/0004442598,0.1925408485303801,0.3853713054805703,0.2223035465569781,0.394143265030808,0.3895197638145116,0.4782488443355396,0.2668509890876994,0.3760404603824505
2025-01-21,https://n.news.naver.com/mnews/article/243/0000071657,0.1947674232179872,0.2998804627545418,0.1654628810117691,0.280684822432735,0.1608227459830742,0.258756351870503,0.2046360602076858,0.3162463500649957
2025-01-21,https://n.news.naver.com/mnews/article/015/0005085209,0.1755559375198989,0.3034328231197789,0.1836111730730986,0.2747494563604769,0.2200884511015477,0.2830794552930359,0.2171702684028851,0.2954818144820391
2025-01-21,https://n.news.naver.com/mnews/article/018/0005929470,0.2315285583820468,0.2552314153058675,0.2377570623758454,0.2253307599316404,0.2062814250558232,0.1936904223007264,0.3125007315806215,0.2571499882954572
2025-01-21,https://n.news.naver.com/mnews/article/015/0005085201,0.0382291749706806,0.1937266670255162,0.1960024861784606,0.2991144718047027,0.2492181308871036,0.2993323468059308,0.2033210215346819,0.2800392105965045
2025-01-21,https://n.news.naver.com/mnews/article/009/0005432751,0.2830304006622893,0.239548600246119,0.2078690685724306,0.1272681288696121,0.1833536281365836,0.1442993109074472,0.2303663179962796,0.233631527238897
2025-01-21,https://n.news.naver.com/mnews/article/014/0005299005,0.2803687687821266,0.3958388636336518,0.320112518904069,0.3417670638193248,0.2735218826656528,0.3290173100684137,0.3559918200342417,0.3647456318007892
2025-01-21,https://n.news.naver.com/mnews/article/014/0005298998,0.2834843541538702,0.3043053044138517,0.3815548581882049,0.3179636403642197,0.2809819658707233,0.2404553185152391,0.2902103644849134,0.2244632880893876
2025-01-21,https://n.news.naver.com/mnews/article/014/0005298997,0.3018638969449407,0.3163948679159129,0.3262078842171375,0.2741186602047602,0.3314199046062618,0.2997027629513248,0.3438428076862567,0.2976118587817516
2025-01-21,https://n.news.naver.com/mnews/article/014/0005298991,0.2973910416629658,0.3042506845549159,0.371224439957756,0.2068249514285187,0.3020558129438397,0.1406925973828181,0.4047788220989127,0.291756704702095
2025-01-21,https://n.news.naver.com/mnews/article/014/0005298990,0.2351679757733547,0.1760785829213396,0.2337690691698012,0.1193829853102157,0.2735314093993,0.1556504106078008,0.32781954078273,0.2077201371544498
2025-01-21,https://n.news.naver.com/mnews/article/014/0005298989,0.3526545341811987,0.3027631162315732,0.3950783106765118,0.2008192401161509,0.3150768466791795,0.1387936324488213,0.5166876158904162,0.2879143000142878
2025-01-21,https://n.news.naver.com/mnews/article/018/0005929457,0.2741796121636996,0.2411946285617291,0.2357136606201754,0.1640789833786345,0.2447097510128461,0.2065054585682511,0.2459301284544754,0.170106969045558
2025-01-21,https://n.news.naver.com/mnews/article/018/0005929455,0.1402018675088479,0.203728209958075,0.1414084414460981,0.1470036672795751,0.1217721373941364,0.1515787494325631,0.2320309241080985,0.225658266703478
2025-01-21,https://n.news.naver.com/mnews/article/014/0005298979,0.2424447315529574,0.3140870570567536,0.2926211051094111,0.2768369439659804,0.2409155121233902,0.2656882695233512,0.3495768052810722,0.3151884705731335
2025-01-21,https://n.news.naver.com/mnews/article/014/0005298978,0.1582813654557236,0.3782673209877723,0.214780206806673,0.3324415355080636,0.2107912275569883,0.3575980222776904,0.2724852127397617,0.3783084187632403
2025-01-22,https://n.news.naver.com/mnews/article/018/0005930281,0.2073397262120891,0.3010474646914415,0.2652686985409329,0.247821694249066,0.2552976658050061,0.2525046813074797,0.3350474486211544,0.2856647469650927
2025-01-22,https://n.news.naver.com/mnews/article/469/0000845573,0.1597851777439023,0.3117788740921152,0.1405857761217104,0.219786659938295,0.1667815442653104,0.2415686891409752,0.1842770937230007,0.2478301352591153
2025-01-22,https://n.news.naver.com/mnews/article/648/0000032744,0.1471174628161885,0.3528509181700703,0.1476797244543092,0.2293893370815367,0.1467574042900955,0.2772161311515566,0.180481292112587,0.2791298042206619
2025-01-22,https://n.news.naver.com/mnews/article/015/0005085795,0.1704932046557099,0.3074753842849553,0.1854526435306892,0.2304010317904117,0.2171260290958517,0.2509358299240586,0.2177817124438458,0.2538064849937754
2025-01-22,https://n.news.naver.com/mnews/article/018/0005930278,0.1586779311501448,0.3042444777432499,0.1481639746839042,0.2308065789190365,0.1519901256415438,0.240807447867167,0.199113411877335,0.2557195041122357
2025-01-22,https://n.news.naver.com/mnews/article/016/0002419762,0.1693382176745142,0.3058213037179647,0.1791211290478838,0.2227715070462622,0.1751271204609516,0.2399910077641094,0.2281303823742253,0.2577166531190465
2025-01-22,https://n.news.naver.com/mnews/article/003/0013031569,0.2584547406551474,0.3842482376565703,0.3272053896806853,0.3391879520213351,0.3523815263754059,0.3796965251548623,0.3393302627862283,0.3626622208047365
2025-01-22,https://n.news.naver.com/mnews/article/011/0004443131,0.1830115974623613,0.3044187413982436,0.154155858153812,0.1846641915385044,0.1612356650175348,0.2270750344350577,0.1925855601994332,0.2281504130087965
2025-01-22,https://n.news.naver.com/mnews/article/417/0001053843,0.236050031259106,0.272241059691733,0.266355883768292,0.2337022849730079,0.2337271464977773,0.2428065410420304,0.2785865711284698,0.2590205316094482
2025-01-22,https://n.news.naver.com/mnews/article/014/0005299650,0.1500024150022748,0.3823675461251519,0.1520409924964424,0.2895931242057262,0.1204087987784619,0.3714927615830448,0.2349487270822086,0.374923937583991
2025-01-22,https://n.news.naver.com/mnews/article/015/0005085783,0.1140073550107382,0.3288618061598296,0.118794505449496,0.25426815750956,0.0605595901289059,0.3115981221013106,0.2350416167581054,0.3507456065992176
2025-01-22,https://n.news.naver.com/mnews/article/057/0001868243,0.1649372337314258,0.2233142994101144,0.1992251159063252,0.2817259104796626,0.3573606672526279,0.3741306164186377,0.1876223166458996,0.2619316198984269
2025-01-22,https://n.news.naver.com/mnews/article/243/0000071708,0.2559526448609827,0.2088231529710053,0.2215216220623868,0.2117271867346764,0.2241712448516535,0.1634937792045466,0.2774730572071812,0.1959557424852107
2025-01-22,https://n.news.naver.com/mnews/article/417/0001053842,0.3404698483853919,0.248794095593612,0.2839243317247237,0.2225499289250158,0.2486301576938995,0.1666986468084986,0.3639089442485947,0.2503016169965746
2025-01-22,https://n.news.naver.com/mnews/article/057/0001868232,0.1176079986224917,0.1682632234456713,0.2026280740583934,0.2131890166952484,0.0978785126533675,0.231503545745615,0.1339866751282552,0.203178502699339
2025-01-22,https://n.news.naver.com/mnews/article/009/0005433501,0.153217159706806,0.3413081606994084,0.2171480095574205,0.3876785488839556,0.2665777840476604,0.4040244134898371,0.2434945819665538,0.4444661029925444
2025-01-22,https://n.news.naver.com/mnews/article/018/0005930255,0.2416828433532478,0.3616047737031139,0.3034970394713816,0.3416312415364671,0.267149721962276,0.3166984123527132,0.4029062462801251,0.3990042753909094
2025-01-22,https://n.news.naver.com/mnews/article/018/0005930254,0.1831483169874251,0.3128602111678127,0.1895541507367667,0.3328029045262858,0.2439890528771427,0.3640233517019835,0.2215932223152625,0.3574425624606916
2025-01-22,https://n.news.naver.com/mnews/article/277/0005537274,0.1392112151997659,0.3606696324472672,0.1670964109777444,0.2799426935575227,0.1178520193144938,0.3484630529574429,0.2103486562510477,0.3466823181966064
2025-01-22,https://n.news.naver.com/mnews/article/421/0008038589,0.146085703364983,0.3253167285552666,0.1301845718458622,0.2479758507070194,0.0582037433039492,0.286208875041234,0.1638319209233248,0.3028736013536914
2025-01-22,https://n.news.naver.com/mnews/article/003/0013031516,0.177621471869169,0.3297396579663409,0.1949487953195453,0.2452703185226024,0.1122670786108466,0.3277747551534244,0.1975309710729866,0.3275032951371253
2025-01-22,https://n.news.naver.com/mnews/article/003/0013031515,0.3454964959243108,0.2459873427649575,0.120593784244948,0.080519304251821,0.341074108294908,0.2466738492233187,0.3184881396734154,0.2090749651044787
2025-01-22,https://n.news.naver.com/mnews/article/011/0004443107,0.3541216786567449,0.2087019245476315,0.2553741565673403,0.1920439447669934,0.4569670270929676,0.3066897801224061,0.3263365187834804,0.1825035251367276
2025-01-22,https://n.news.naver.com/mnews/article/031/0000903603,0.1552510285545476,0.3291473962899947,0.187153852210736,0.2715572540525739,0.1248959423266872,0.2786466123785673,0.2336553268776528,0.3397725278243863
2025-01-22,https://n.news.naver.com/mnews/article/469/0000845544,0.1472717055833855,0.3710202422517244,0.1630517066741672,0.2722311924565927,0.0571388710851882,0.3440780832606496,0.231067278270009,0.3640091875891693
2025-01-22,https://n.news.naver.com/mnews/article/011/0004443106,0.1833012835259339,0.2712799427056982,0.2483632872533755,0.3156495103071572,0.2794173425330029,0.3118547671587086,0.2886315944147682,0.3441688362502025
2025-01-22,https://n.news.naver.com/mnews/article/011/0004443105,0.430486071429632,0.4250437918043205,0.3862394966626427,0.3445837024203279,0.3247539090296029,0.329318915929064,0.3296275196386729,0.3123988221549001
2025-01-22,https://n.news.naver.com/mnews/article/015/0005085770,0.2956755637776586,0.4297990283306822,0.3107302210964133,0.4473460907737264,0.3181646981642846,0.4359123851289783,0.3849511783083633,0.4639319684160532
2025-01-22,https://n.news.naver.com/mnews/article/648/0000032743,0.4001841296543174,0.2737796897282387,0.2411902990196199,0.1346843098944489,0.2834655596829774,0.1813549655282177,0.3094255408775668,0.2262606689911873
2025-01-22,https://n.news.naver.com/mnews/article/008/0005144885,0.0995572523565499,0.3342672167387214,0.1254298444466452,0.2589678679051384,0.0565781462042452,0.306025274801858,0.1780335447182126,0.3299199710284825
2025-01-22,https://n.news.naver.com/mnews/article/215/0001196192,0.3710044428343175,0.2801819837391298,0.3323043169937947,0.2450406194790922,0.3510739274869069,0.2605283000573928,0.331055779399652,0.2171972478150724
2025-01-22,https://n.news.naver.com/mnews/article/008/0005144884,0.3079983019386938,0.2485982971409729,0.2590982677822243,0.2027237697807701,0.2671158038787463,0.1571565801496724,0.3019567210339181,0.2210891508809146
2025-01-22,https://n.news.naver.com/mnews/article/003/0013031474,0.1628817074459077,0.2359157560047134,0.1279955420356551,0.2013820525067655,0.1995597100720915,0.298724858039766,0.1391500309164044,0.2269569983844486
2025-01-23,https://n.news.naver.com/mnews/article/003/0013034339,0.0609090222570785,0.1305722071190636,0.0763412068441932,0.1888037192463537,0.0629138192031913,0.1446387055232336,0.0726711238176391,0.1507507941624637
2025-01-23,https://n.news.naver.com/mnews/article/277/0005538141,0.1866892568773229,0.174506321442716,0.2884105192892972,0.1760257153498403,0.2071645849752475,0.1225154992532058,0.3001657587173789,0.2098423126069218
2025-01-23,https://n.news.naver.com/mnews/article/009/0005434256,0.0954837235079844,0.3043094251187439,0.0976843573032211,0.1545716097807501,0.0981318657878235,0.2240449112709038,0.1040414484713947,0.2061221553265694
2025-01-23,https://n.news.naver.com/mnews/article/011/0004443711,0.3598702114348384,0.3456497742086619,0.3698382700314569,0.3397063492594475,0.3717342152199599,0.3501136849159717,0.3410673063422118,0.3133893980411381
2025-01-23,https://n.news.naver.com/mnews/article/009/0005434241,0.2574812478126068,0.3294603037153719,0.2661668662515316,0.3328646088850048,0.234524699975527,0.2681379506223953,0.3345432615222741,0.3551915270798672
2025-01-23,https://n.news.naver.com/mnews/article/018/0005931283,0.1239445128965841,0.3071441875752563,0.107088704278637,0.1592605232009024,0.0937453232547655,0.2457536887752849,0.1166254481445089,0.2253240096921663
2025-01-23,https://n.news.naver.com/mnews/article/366/0001049373,0.1412856401417219,0.3302803869904867,0.1373325770809402,0.2390369504369472,0.1348040649176389,0.2792351025137363,0.1546589644279573,0.2746594957384707
2025-01-23,https://n.news.naver.com/mnews/article/648/0000032802,0.1740026109252228,0.326869464561937,0.1946155386138977,0.2388809995769374,0.1848918445651897,0.2640743299672612,0.2272049753374588,0.2616759072840821
2025-01-23,https://n.news.naver.com/mnews/article/277/0005538122,0.1046233731128691,0.3675274377248558,0.127405076249487,0.2325384175960955,0.1119965816643788,0.2869877627394911,0.149474666891968,0.2839374088233475
2025-01-23,https://n.news.naver.com/mnews/article/648/0000032801,0.1500850925202687,0.3166275420496911,0.1730957319512509,0.1991989186624377,0.1518096288496974,0.2564572670713921,0.1785260397530375,0.2294923914264882
2025-01-23,https://n.news.naver.com/mnews/article/277/0005538121,0.1296436279223942,0.3630742228114317,0.0997654158503757,0.2217876004435348,0.1305405915915349,0.2650571404253143,0.1301625588767206,0.2598692999413134
2025-01-23,https://n.news.naver.com/mnews/article/629/0000359566,0.1564267155301296,0.3076144177779418,0.1535041425493072,0.2126964851886577,0.1579348929443453,0.2676238886648013,0.2149074108743549,0.2516264020445889
2025-01-23,https://n.news.naver.com/mnews/article/243/0000071775,0.1296031892892614,0.3713977971790166,0.1598574193582085,0.2616020676764096,0.0806322418635888,0.300512505548752,0.1886271287248204,0.3028942949787533
2025-01-23,https://n.news.naver.com/mnews/article/011/0004443697,0.093466158644233,0.3450411729265097,0.0772235295447472,0.2198646297537466,0.0829059655483959,0.259365078683616,0.1132155485940032,0.2626948693640974
2025-01-23,https://n.news.naver.com/mnews/article/018/0005931279,0.31280871809333,0.1084604685501947,0.2839127896371687,0.1512704244107583,0.309668083949205,0.1093543880619161,0.327076902478221,0.094601894174363
2025-01-23,https://n.news.naver.com/mnews/article/009/0005434227,0.2724201086509835,0.2993675561914271,0.2662255625298488,0.2605780533123982,0.2982807643329674,0.2779497836670453,0.3161680678168011,0.2717773949891768
2025-01-23,https://n.news.naver.com/mnews/article/018/0005931277,0.1616406186504189,0.2055817714784401,0.1908425463982712,0.2202729913136151,0.2004134024806655,0.210716045751763,0.2028244967134523,0.2396002386198485
2025-01-23,https://n.news.naver.com/mnews/article/016/0002420400,0.1669333744855824,0.3852113644727785,0.1664231779950559,0.2902024055587761,0.1375148577668601,0.3234968867866087,0.2031474475297161,0.3351611153951689
2025-01-23,https://n.news.naver.com/mnews/article/011/0004443695,0.1788042322886022,0.3232446743914524,0.1739496698730718,0.2412392863339759,0.1745749009364612,0.2805616827514396,0.2140873677850342,0.2795325011558354
2025-01-23,https://n.news.naver.com/mnews/article/003/0013034268,0.1339890091721209,0.2494792550748785,0.1305197706190115,0.2501063122607074,0.1964424116055326,0.3369776074266408,0.1370202160545214,0.2281289556565449
2025-01-23,https://n.news.naver.com/mnews/article/629/0000359565,0.137181697595569,0.2194929438834645,0.0845004158789259,0.1378946124811442,0.1375618442521106,0.1703595794186062,0.1375437226545607,0.1230370395889038
2025-01-23,https://n.news.naver.com/mnews/article/057/0001868482,0.3127971933634955,0.1660991962467541,0.1364017795278221,0.043097033169112,0.2092929347660725,0.1098251905636228,0.2049915581533367,0.1369116394406939
2025-01-23,https://n.news.naver.com/mnews/article/057/0001868480,0.2876123096565536,0.3029207482904547,0.2763466597684328,0.2872765437567635,0.2582003815971725,0.2570363738805549,0.3090198885548194,0.2859586696447902
2025-01-23,https://n.news.naver.com/mnews/article/003/0013034252,0.3313359436066266,0.2193994418364011,0.3249706221985045,0.1314907883834826,0.2873319206117012,0.170669575210026,0.4350074322858059,0.2326049584522683
2025-01-23,https://n.news.naver.com/mnews/article/057/0001868478,0.3310551873302895,0.2514089271899067,0.3394054666129475,0.2783017515982411,0.2953374452763384,0.1855810732786042,0.3115940268022036,0.1752512305422062
2025-01-23,https://n.news.naver.com/mnews/article/029/0002931813,0.3044099382776485,0.2822784070242348,0.3177145954328979,0.244798257403986,0.3104867715110917,0.2330706937815669,0.4647646453381948,0.3228878896141003
2025-01-23,https://n.news.naver.com/mnews/article/029/0002931809,0.1879355033572073,0.3176667627407616,0.2032615927008506,0.2923791970417042,0.2360501501773814,0.3167948354996334,0.2597893603523563,0.363527147854387
2025-01-23,https://n.news.naver.com/mnews/article/011/0004443689,0.366846004279838,0.2189369001526484,0.3528614561113804,0.1988212013275479,0.3039923642567659,0.1558192197140192,0.4712575023071525,0.2603866356026222
2025-01-23,https://n.news.naver.com/mnews/article/629/0000359562,0.3502095316080859,0.2034899632809449,0.320944821027445,0.126832978801133,0.2958126921556558,0.1581966628407442,0.4735475504528124,0.2376975861977526
2025-01-23,https://n.news.naver.com/mnews/article/014/0005300346,0.3475813776916593,0.2618114649372904,0.361413930302001,0.2098082496449354,0.3235584486322311,0.231400878730779,0.4540395432314253,0.2521549525940901
2025-01-23,https://n.news.naver.com/mnews/article/243/0000071774,0.13782183794627,0.3069969177977341,0.1311241935578317,0.1954625514736414,0.1393154851288137,0.2438274256169113,0.1442351996970531,0.2100789828996205
2025-01-23,https://n.news.naver.com/mnews/article/016/0002420379,0.3558893869557746,0.238010353479565,0.3618408335067837,0.1605364485736063,0.3136140900234385,0.1970506923859184,0.4627831998958221,0.2596424835152787
2025-01-23,https://n.news.naver.com/mnews/article/009/0005434201,0.2658115275852852,0.3204656039678625,0.2914434595431264,0.3065810866243166,0.2941706539313167,0.307107354004605,0.3421984857145021,0.3206564324209872
2025-01-23,https://n.news.naver.com/mnews/article/001/0015178734,0.3896661009565118,0.2265061646584223,0.3601331741224363,0.1867339164192283,0.3369950320328533,0.1941989680081225,0.4951605683158007,0.2682984742413278
2025-01-23,https://n.news.naver.com/mnews/article/015/0005086383,0.1314006208289219,0.2925805984988128,0.1631421524317285,0.2069643192006702,0.1228003791851431,0.2327806534538384,0.1456692489239829,0.2178822535327742
2025-01-24,https://n.news.naver.com/mnews/article/023/0003884610,0.1347128226436876,0.3230263354826806,0.1909815539755784,0.3354560336550095,0.2419720990188689,0.3165035778312678,0.3366239772011552,0.4089101321844295
2025-01-24,https://n.news.naver.com/mnews/article/018/0005932140,0.1589153481648575,0.3028865734593269,0.1804222981411735,0.2510839698055028,0.1389006428838639,0.2844194842547874,0.2094963339964037,0.3061275520313613
2025-01-24,https://n.news.naver.com/mnews/article/018/0005932139,0.3006679274945215,0.3023808933952878,0.1745945945265713,0.1730525547327137,0.2398595965971804,0.1603566590039696,0.2449168680982574,0.2899991448682192
2025-01-24,https://n.news.naver.com/mnews/article/008/0005146029,0.4227712136931515,0.2923597252095637,0.341412961833593,0.1956939054164134,0.3468563142245372,0.1997211383013391,0.3559781497505384,0.1944239395101109
2025-01-24,https://n.news.naver.com/mnews/article/057/0001868701,0.1331986525444621,0.268421310631865,0.2470033829646042,0.3366022081634056,0.2791797944191974,0.3228814991168691,0.2221222306999345,0.3410580031014046
2025-01-24,https://n.news.naver.com/mnews/article/003/0013036188,0.2751353395594347,0.1789972837488493,0.2156585345771651,0.1368969042069437,0.2691276279953737,0.2092912013726123,0.2261336936876964,0.1417407961396393
2025-01-24,https://n.news.naver.com/mnews/article/057/0001868689,0.1453854829584885,0.1273482728121657,0.2175575401729707,0.1374233540179001,0.1611740246878364,0.1256376703522365,0.1122555051715535,0.1477270888779906
2025-01-24,https://n.news.naver.com/mnews/article/008/0005146021,0.319825196391453,0.3484174863883434,0.2292021192705951,0.2644807484836442,0.4279721973459031,0.38748240054023,0.2936852432939307,0.300612956990601
2025-01-24,https://n.news.naver.com/mnews/article/003/0013036180,0.2541812899449129,0.2560681643468596,0.2605483312189567,0.1995004618799591,0.2376971774940842,0.2145162229182166,0.3310322689150134,0.2611593847608544
2025-01-24,https://n.news.naver.com/mnews/article/003/0013036179,0.2149932744831523,0.2396085364563433,0.2800868757387396,0.2162796444995371,0.3407116515728062,0.2512604069689932,0.261265082019982,0.1774285332824583
2025-01-24,https://n.news.naver.com/mnews/article/243/0000071835,0.364154608437189,0.3177296146289391,0.4135306650960426,0.2706722873692501,0.3467048002256117,0.2404520733020124,0.4521401938457913,0.3018908533099912
2025-01-24,https://n.news.naver.com/mnews/article/277/0005538706,0.229049067066462,0.2511785752868921,0.2766543986891023,0.2092730956328838,0.2525054951831434,0.1888354954174222,0.4456253298835944,0.3319098052568091
2025-01-24,https://n.news.naver.com/mnews/article/243/0000071832,0.1781041946286625,0.1637346644090193,0.2756174348124384,0.2069122832218797,0.2455284724221849,0.1749139953372659,0.2672643859584278,0.1831762719640488
2025-01-24,https://n.news.naver.com/mnews/article/366/0001049688,0.1680057422483052,0.2677830928141024,0.1624843790763367,0.1894644884610108,0.1988651427015241,0.1816787900995891,0.1735218044195514,0.1933036993935641
2025-01-24,https://n.news.naver.com/mnews/article/215/0001196509,0.1548143556530657,0.2385963320936042,0.2414372155742715,0.2926775786000114,0.2466948900042259,0.2546415807134263,0.2992413318132684,0.29701994291712
2025-01-24,https://n.news.naver.com/mnews/article/648/0000032840,0.2193625497170705,0.4064941430346193,0.255754404869695,0.410364997206387,0.2136435472154738,0.3961461840648636,0.21265364211901,0.3874424678691719
2025-01-24,https://n.news.naver.com/mnews/article/018/0005932099,0.081511782150096,0.2997565530775214,0.0959627245603368,0.1413863896084767,0.1126169393487455,0.2055160305201955,0.0756725849355334,0.1882451151585507
2025-01-24,https://n.news.naver.com/mnews/article/469/0000845970,0.2374849169979039,0.3055814858506225,0.3039202780139645,0.3229888158422626,0.3509217825140869,0.2912475452850943,0.2968896402014523,0.2811743108023956
2025-01-24,https://n.news.naver.com/mnews/article/119/0002917679,0.2184946400654723,0.1372499103241148,0.307679942223951,0.1628980375834483,0.2472029656128988,0.1526296635952796,0.373155335962102,0.1708868348794706
2025-01-24,https://n.news.naver.com/mnews/article/008/0005146013,0.3131360123079493,0.3678739546653294,0.3450302303717242,0.3348019644684979,0.3391230510432265,0.329658571881361,0.3912573276618062,0.3489765555691075
2025-01-24,https://n.news.naver.com/mnews/article/008/0005146011,0.2625718102927495,0.3109475617499549,0.3534383950567138,0.2765256007581816,0.331350721137698,0.2498391630192415,0.4132886119919691,0.3484237445943485
2025-01-24,https://n.news.naver.com/mnews/article/648/0000032839,0.2760300613112421,0.2757725353783908,0.2801460528143136,0.2118967416147902,0.2939987587737383,0.2467174287194642,0.3075436927601431,0.2348254733182615
2025-01-24,https://n.news.naver.com/mnews/article/009/0005434773,0.2414127031851116,0.2312955025342606,0.3598601268663262,0.2178077942727878,0.2747238611547926,0.1408123822311702,0.3708083802604637,0.2546220530467426
2025-01-24,https://n.news.naver.com/mnews/article/018/0005932043,0.211555243294624,0.3339591899481336,0.2267334799318607,0.2572164117794255,0.2212000434804516,0.3122731709620593,0.3263759916989699,0.4060309389181042
2025-01-24,https://n.news.naver.com/mnews/article/011/0004444078,0.4161524873754685,0.3501407017898423,0.3860018196102118,0.2548611218477616,0.3725989420847335,0.2211736570828461,0.4148167562330358,0.2324143766160283
2025-01-24,https://n.news.naver.com/mnews/article/277/0005538692,0.1689041014618136,0.1830710309440062,0.2201616013138966,0.2820632379898927,0.2529327956595857,0.2299649337954797,0.3297921976592022,0.2651456177497563
2025-01-25,https://n.news.naver.com/mnews/article/009/0005434962,0.4171180266913982,0.3276327161285969,0.3118481437744473,0.251167839057094,0.3144632018609532,0.2352956820712596,0.3709311955524241,0.2725551636354631
2025-01-25,https://n.news.naver.com/mnews/article/015/0005086935,0.2042536433825138,0.2718789704439212,0.2580323923494548,0.2707372104272033,0.2562691888264363,0.2871825840914784,0.2633337249603686,0.2555613862490498
2025-01-25,https://n.news.naver.com/mnews/article/057/0001868788,0.1097201182698445,0.1751976746032149,0.2342238482676831,0.2233965358418121,0.1768695514537688,0.1580337475105067,0.1397691915501155,0.1625617600485429
2025-01-25,https://n.news.naver.com/mnews/article/057/0001868785,0.0494097145640004,0.1554137767577142,0.190599590475183,0.1456189343701267,0.0603304251252631,0.1042082198789457,0.0,0.1047149820684058
2025-01-25,https://n.news.naver.com/mnews/article/001/0015181148,0.3930701302912199,0.2235487470439632,0.3870322634264702,0.2680882552257954,0.3792671160378341,0.1505628835893029,0.3328585851318849,0.1441231340005872
2025-01-25,https://n.news.naver.com/mnews/article/648/0000032849,0.0785764764642668,0.1277584949346878,0.2184486085813504,0.1405219930640149,0.0710698027267072,0.130150101985005,0.0598720278866477,0.1043209788448458
2025-01-25,https://n.news.naver.com/mnews/article/018/0005932331,0.2126154423214646,0.2962614978766299,0.329903740116336,0.3481791512180581,0.3204394872205425,0.3501951918185434,0.3787539921435922,0.3680359129028829
2025-01-25,https://n.news.naver.com/mnews/article/003/0013036703,0.3048672343927904,0.2443105513872236,0.2683691643358728,0.1762071461107521,0.2378047978869919,0.2056834282214879,0.3217780183463251,0.2335333671443148
2025-01-25,https://n.news.naver.com/mnews/article/215/0001196557,0.2480963535423005,0.3221273076252767,0.3734826884421934,0.3622174771132725,0.4324287686154117,0.4109160154404621,0.3397441768513419,0.3385215020658422
2025-01-25,https://n.news.naver.com/mnews/article/015/0005086911,0.2635372860884593,0.4163848585161833,0.1522055061046982,0.3278139428633376,0.2065209904152587,0.3178028825926173,0.2272332392476916,0.3428769234139805
2025-01-25,https://n.news.naver.com/mnews/article/003/0013036657,0.2768022819501347,0.2980937788775602,0.2945921665697005,0.2396797757475848,0.3134608411183983,0.2654105739887349,0.3726500374690284,0.2907765469745174
2025-01-25,https://n.news.naver.com/mnews/article/011/0004444243,0.2537376941152343,0.3489034020417701,0.2339837475641384,0.2749649661792469,0.2578848086563041,0.3095153677966268,0.149432001332003,0.1962534116819325
2025-01-25,https://n.news.naver.com/mnews/article/648/0000032848,0.2630541744338817,0.1963747048050305,0.2378389251134779,0.1306141538386191,0.2500544276189627,0.1611657180578427,0.2015368714966988,0.1659369456333721
2025-01-25,https://n.news.naver.com/mnews/article/015/0005086897,0.2812618261551623,0.2702296029150294,0.311456848428943,0.282723102077825,0.3708625129812419,0.3024125972870686,0.3059164133724958,0.2251443971071874
2025-01-25,https://n.news.naver.com/mnews/article/119/0002917792,0.0,0.2520173219409631,0.0,0.1780132562817277,0.0,0.1834135107196385,0.18623420494661,0.1901425768806756
2025-01-25,https://n.news.naver.com/mnews/article/011/0004444232,0.2609162120557597,0.2347175597636225,0.2898491727224318,0.2245741307213579,0.2648927265295299,0.198604505611719,0.2996426756066425,0.2313045211476923
2025-01-25,https://n.news.naver.com/mnews/article/648/0000032847,0.3546152052614899,0.2586498353017726,0.2342737359768159,0.1011143727037332,0.3319804151765382,0.1924442294852006,0.2921130360191906,0.2110268247415544
2025-01-25,https://n.news.naver.com/mnews/article/018/0005932291,0.1620493969419724,0.3039258242826647,0.233070246450036,0.3397581173104414,0.2222634137617875,0.2866913722132016,0.2622558186110451,0.3419124818554691
2025-01-25,https://n.news.naver.com/mnews/article/215/0001196544,0.2346158493346723,0.3189530873390347,0.3240543437662977,0.3334895360244224,0.2726627031990116,0.2592674113906442,0.3337867010118592,0.2984497354038001
2025-01-25,https://n.news.naver.com/mnews/article/015/0005086881,0.3953338377341475,0.2926324519197468,0.3594813442279563,0.2465523233789028,0.3575994372614658,0.1986228186107489,0.3814689800191109,0.2071739864961856
2025-01-25,https://n.news.naver.com/mnews/article/648/0000032845,0.1440883777265154,0.2056674555852888,0.1114230035995759,0.1100270289454673,0.2337399630920527,0.1881569261742809,0.2736637288761886,0.2188385587274086
2025-01-25,https://n.news.naver.com/mnews/article/018/0005932271,0.3599063813392869,0.3130891951536249,0.3825024490569376,0.3027231610824766,0.3254122333446243,0.2465825518574472,0.4092236370238941,0.3025047803205808
2025-01-25,https://n.news.naver.com/mnews/article/001/0015180961,0.1333684925943471,0.283826970198499,0.2273913444966356,0.2505819181462608,0.1266229468665011,0.2094750357730059,0.2200745787553363,0.2873467059963236
2025-01-25,https://n.news.naver.com/mnews/article/008/0005146134,0.3309865975876656,0.2656060617459539,0.2881216097155237,0.1596270014161467,0.3104383366520267,0.1950289370837621,0.3755849776380976,0.1911682766128059
2025-01-25,https://n.news.naver.com/mnews/article/008/0005146133,0.1438583777141318,0.3112186060792934,0.2053310621342522,0.3658203226543326,0.240083790035704,0.3383403562516862,0.3104053641505917,0.4019619811949718
2025-01-25,https://n.news.naver.com/mnews/article/277/0005538761,0.2917713323860276,0.2698132009539223,0.3246043655626831,0.2655494161261913,0.2187182431523622,0.2139538028619598,0.2792327494392421,0.2263744189030314
2025-01-25,https://n.news.naver.com/mnews/article/011/0004444209,0.3697240974959456,0.338805943115754,0.3058636999279097,0.2640680043720158,0.3343124752932723,0.2654011565262203,0.3929175183441923,0.3242646567431287
2025-01-25,https://n.news.naver.com/mnews/article/011/0004444208,0.2585642098417736,0.2738751076507129,0.2592707715746186,0.2537844441812636,0.2774245833097863,0.2533716919893705,0.3250508375419887,0.2789371602031914
2025-01-25,https://n.news.naver.com/mnews/article/018/0005932238,0.3745376083452813,0.3028839393646129,0.3587353140740153,0.2620144135187661,0.3353635892311472,0.2430393013999725,0.3522904025984377,0.2409592024166007
2025-01-25,https://n.news.naver.com/mnews/article/011/0004444204,0.1261262969726005,0.2437798902321608,0.1493824286988361,0.2914686904103961,0.155099931399687,0.2852222771123012,0.17427892637186,0.2804078783269464
2025-01-25,https://n.news.naver.com/mnews/article/016/0002420986,0.2659838176662416,0.3055765756185,0.3367218241010516,0.2682570133662735,0.2814465330521695,0.2639717906159082,0.3516816602469981,0.3048281808676757
2025-01-25,https://n.news.naver.com/mnews/article/031/0000904416,0.2882312250304376,0.2960788248126225,0.3036656169186678,0.2358459609330661,0.2534072341963382,0.1911389579599226,0.3596551625089372,0.2715478501771302
2025-01-26,https://n.news.naver.com/mnews/article/015/0005087150,0.1041265746898793,0.3338981864947824,0.1316297835021456,0.3058861841755486,0.1516882848042634,0.3190029863622409,0.1505168100083006,0.3408634157578301
2025-01-26,https://n.news.naver.com/mnews/article/009/0005435251,0.2379316898106789,0.3036233449807327,0.2924414579776799,0.2247222378624479,0.3175926830436061,0.2326158416762561,0.4152653662205449,0.3413596394917095
2025-01-26,https://n.news.naver.com/mnews/article/016/0002421231,0.2439284169547544,0.2716426049022684,0.31779689856337,0.2777573255470305,0.2851670594447569,0.197600198878984,0.2643569960693187,0.1806174018045049
2025-01-26,https://n.news.naver.com/mnews/article/011/0004444438,0.3903196607013762,0.3395042631563242,0.351524443668854,0.2909562990037839,0.3593553345999959,0.2511164359154015,0.3214090369925423,0.2377143488017151
2025-01-26,https://n.news.naver.com/mnews/article/057/0001868862,0.2908549252445701,0.2697132599151288,0.2793777492230653,0.2880335947291443,0.2778376699048303,0.2407874873154841,0.264594696442188,0.2169648400767155
2025-01-26,https://n.news.naver.com/mnews/article/009/0005435238,0.1843444524552385,0.1662929705369244,0.1856200207710692,0.1359879651036032,0.2588719380359668,0.1769298900212605,0.3289311972907776,0.2617901954210627
2025-01-26,https://n.news.naver.com/mnews/article/021/0002686567,0.2540068150209559,0.2867472711391569,0.3309937991110197,0.1919790165980252,0.3510644423406977,0.2744655884595171,0.3839495808844857,0.266350722783024
2025-01-26,https://n.news.naver.com/mnews/article/009/0005435214,0.300382387961053,0.2614099263605913,0.1908680428467309,0.1679295630073963,0.2275300283264757,0.1890191112333075,0.2372315582216381,0.2081334754002447
2025-01-26,https://n.news.naver.com/mnews/article/015/0005087125,0.252010105254826,0.2975963194159237,0.3027834804875113,0.2187629028199761,0.2697501790920249,0.2042419212364723,0.3451571175831121,0.2851358262554931
2025-01-26,https://n.news.naver.com/mnews/article/015/0005087124,0.0622972842930322,0.2455784899376492,0.1902552194810368,0.336824094573066,0.2089281951857788,0.3126028206688478,0.1449372849662444,0.3129545998801551
2025-01-26,https://n.news.naver.com/mnews/article/003/0013037249,0.2687875535298326,0.2420723363267955,0.2405951584505299,0.222303508315499,0.2461475599011411,0.2215922006122954,0.2780013058968571,0.2407672129306001
2025-01-26,https://n.news.naver.com/mnews/article/015/0005087077,0.2047811768251375,0.2874709196784403,0.2215868899509378,0.2576740349512885,0.2414848328874297,0.2544868369905095,0.3073204771380032,0.2904746292092802
2025-01-26,https://n.news.naver.com/mnews/article/015/0005087076,0.2775781156810205,0.27228864683504,0.3087965455744882,0.2797163476227146,0.3667575788597823,0.2951015877615772,0.311353602404715,0.2412814497008278
2025-01-26,https://n.news.naver.com/mnews/article/015/0005087075,0.2122969744356533,0.3567462951326847,0.2352036800659593,0.3388890666969198,0.220251450674807,0.3221554678169396,0.2693170614187072,0.3571166928290679
2025-01-26,https://n.news.naver.com/mnews/article/015/0005087073,0.1771140429028741,0.2429919466824124,0.3032022750861408,0.2418974884461892,0.2885657855872341,0.2222588640705951,0.3871787545227288,0.3098371817981676
2025-01-26,https://n.news.naver.com/mnews/article/015/0005087072,0.274854897387101,0.3702675463000699,0.2907154013971139,0.3814620975012083,0.3136843912535833,0.3411544461318256,0.2830648182291859,0.3212577646221731
2025-01-26,https://n.news.naver.com/mnews/article/015/0005087071,0.0745769701422362,0.3977506582139514,0.1548625731765383,0.4825393682155245,0.3100563410201211,0.4992547786786123,0.0893856182878191,0.4325846426762129
2025-01-26,https://n.news.naver.com/mnews/article/014/0005301056,0.3656196414982395,0.3368899226246399,0.3947719177481651,0.2630732849551599,0.3470523840129623,0.2365986971168389,0.4393729508867627,0.3098916935595835
2025-01-26,https://n.news.naver.com/mnews/article/469/0000846135,0.1349509651530558,0.2371969042154836,0.2075289459079395,0.1930162954834343,0.1613817489262042,0.2030054305438858,0.3156080431243601,0.2958306785177869
2025-01-26,https://n.news.naver.com/mnews/article/014/0005301054,0.289962493425514,0.3797347896270493,0.3625694145344519,0.3842809631469785,0.3766834319247195,0.3826528736784697,0.3820242551430748,0.391459031477355
2025-01-26,https://n.news.naver.com/mnews/article/015/0005087038,0.2158172448837901,0.2503840499469087,0.2678097508252367,0.1788890432908098,0.2822546720782911,0.2248026914467313,0.311544934164626,0.2403846965826931
2025-01-26,https://n.news.naver.com/mnews/article/014/0005301044,0.1751540655776305,0.1474937610583651,0.1567443848760809,0.0725382644911308,0.2072941312689539,0.1150353299461815,0.265607152543279,0.1917227275242148
2025-01-26,https://n.news.naver.com/mnews/article/366/0001049905,0.2628148408012276,0.3417961699056653,0.2857657119419566,0.3258389046323988,0.28974505328468,0.3168768428886918,0.3298555566389218,0.3515836900665145
2025-01-26,https://n.news.naver.com/mnews/article/011/0004444414,0.2743251242379452,0.2601477218478491,0.2977980434827073,0.2477787063021522,0.2290931173518067,0.1652687080268535,0.3451358363275236,0.218435689207763
2025-01-26,https://n.news.naver.com/mnews/article/009/0005435143,0.2868358725701698,0.4065741321451825,0.2310111709411302,0.3673373943864709,0.2665189905391084,0.3637781027909953,0.2628496073637875,0.3606142469653451
2025-01-26,https://n.news.naver.com/mnews/article/009/0005435142,0.3806182035999162,0.3475533480664093,0.4357501740150727,0.3507852062519911,0.360494901263783,0.2748778005587599,0.3697731716594818,0.3229179296370645
2025-01-26,https://n.news.naver.com/mnews/article/009/0005435141,0.3880253055901617,0.2931363618879044,0.4087336588491321,0.2732935050186391,0.3130465039463662,0.1982502695530136,0.3689309133592918,0.2241961331401442
2025-01-26,https://n.news.naver.com/mnews/article/469/0000846127,0.2057578649147856,0.2776982009310544,0.1419181089005625,0.1888128827522463,0.2525556609562484,0.2904046043552516,0.267319653663049,0.3295934134152004
2025-01-26,https://n.news.naver.com/mnews/article/009/0005435119,0.2303214320866093,0.2553849786662602,0.2441456293547833,0.2546478458477941,0.2102808137202028,0.2447497545440796,0.2878601641411148,0.2729421442594177
2025-01-26,https://n.news.naver.com/mnews/article/009/0005435118,0.3143431169829693,0.3340651652337422,0.2643151490301419,0.350735745021668,0.3708686440303271,0.3711938739011748,0.2936049614449694,0.3075221867682134
2025-01-26,https://n.news.naver.com/mnews/article/009/0005435117,0.3718376680277286,0.3306887676186793,0.3477258085486986,0.2607961168253132,0.3204945557614551,0.2698493496446991,0.4311042453551935,0.3415039383457429
2025-01-26,https://n.news.naver.com/mnews/article/009/0005435116,0.2527630065479505,0.2561867495626498,0.3008466239146595,0.1965148299895169,0.2721256557121817,0.1698743572167962,0.3461690209744213,0.2486953476348286
2025-01-26,https://n.news.naver.com/mnews/article/009/0005435115,0.339419928427411,0.3249539651005642,0.4101858195980574,0.3234022793017888,0.3207909084414161,0.250969863029141,0.341510703503154,0.3073310901429851
2025-01-26,https://n.news.naver.com/mnews/article/009/0005435114,0.3113748927441326,0.3798109497268631,0.306014908572106,0.3099695500533809,0.2476252362896583,0.2371970459194621,0.2852707455396255,0.3162371746076173
2025-01-26,https://n.news.naver.com/mnews/article/009/0005435108,0.3793332540698101,0.3315774863394777,0.3679137493047933,0.2653878819207928,0.3319761320877307,0.2600493139755112,0.4478230831493039,0.340545444751591
2025-01-26,https://n.news.naver.com/mnews/article/009/0005435106,0.2431510232062452,0.3789558947841332,0.1996600782397164,0.3416829269883925,0.2623612316919457,0.3787303367447087,0.2369401197288103,0.3457914819691672
2025-01-27,https://n.news.naver.com/mnews/article/001/0015182315,0.3474255947547414,0.3646224928027599,0.1688189304857079,0.2904183560009864,0.2157115673636886,0.310243890937693,0.2506730632797309,0.3058726345807619
2025-01-27,https://n.news.naver.com/mnews/article/021/0002686649,0.1703285146673162,0.2932055168937957,0.2734063661602186,0.302831680529593,0.3055422422711362,0.303108305301622,0.336874930910748,0.362094001841346
2025-01-27,https://n.news.naver.com/mnews/article/009/0005435421,0.3296412887190203,0.3214269909368267,0.2624897339746558,0.2887757878243475,0.2695051996172494,0.2851217110276716,0.3114906087865625,0.2957228469762296
2025-01-27,https://n.news.naver.com/mnews/article/018/0005932865,0.3530215977131783,0.3283561229593817,0.1527673592835213,0.255637425029856,0.1989879251901422,0.2817033008276636,0.2802845345380633,0.2609266270512257
2025-01-27,https://n.news.naver.com/mnews/article/011/0004444590,0.3611603405336515,0.3442503781878131,0.1588937331669599,0.2397279173693674,0.2493181061365221,0.2929158231709215,0.2752530423713252,0.30148026332284
2025-01-27,https://n.news.naver.com/mnews/article/277/0005539135,0.3231893662564504,0.269276820808839,0.21428536319965,0.1803508720492058,0.2213862021762412,0.2445245983814135,0.287866374083567,0.2200870205575624
2025-01-27,https://n.news.naver.com/mnews/article/421/0008045236,0.259886946880089,0.3151452673683101,0.1274118257116883,0.2677748836778134,0.1667762139411372,0.3149935913066524,0.1944332063948564,0.3306963159082189
2025-01-27,https://n.news.naver.com/mnews/article/015/0005087255,0.2413574159857735,0.3644994718316812,0.1164262690355927,0.3008544690158033,0.1605986781870037,0.2992900052045703,0.2015855195363036,0.3355165241120289
2025-01-27,https://n.news.naver.com/mnews/article/009/0005435408,0.2278769689519288,0.2356590737490097,0.1733595624909532,0.1915102970901092,0.2152527985276973,0.215351515920258,0.2227546962195789,0.1942677261746281
2025-01-27,https://n.news.naver.com/mnews/article/243/0000071910,0.1866458996548756,0.1615004808803354,0.2054409102378341,0.1803467457449362,0.2624876500770554,0.2114576115881781,0.3062836638815528,0.2750400803448121
2025-01-27,https://n.news.naver.com/mnews/article/057/0001868942,0.4601291008669058,0.263430649465967,0.2371471085527601,0.0874224743246174,0.2599207198240098,0.1184643142599871,0.2310744222147109,0.1484865659143345
2025-01-27,https://n.news.naver.com/mnews/article/057/0001868937,0.0792010146168081,0.1684054018201891,0.1183166161972629,0.2357492386687865,0.2127880585993016,0.2722649460481766,0.1070926515943712,0.2119396526229149
2025-01-27,https://n.news.naver.com/mnews/article/003/0013037806,0.1706888345425151,0.2109699963352748,0.1934297445798697,0.1940239703407908,0.2727451842853123,0.2611456572500183,0.1846179405327788,0.1694090141689019
2025-01-27,https://n.news.naver.com/mnews/article/082/0001309463,0.3336927151703666,0.3637432473985551,0.1831032109545063,0.2850288247010322,0.2129112471034469,0.28862952787961,0.2534600289477766,0.318091766055187
2025-01-27,https://n.news.naver.com/mnews/article/003/0013037798,0.1540518333700179,0.2852463492560144,0.2078375494201435,0.3196520676628087,0.2404143797176119,0.3462917987320881,0.2021870600669476,0.2700110567722099
2025-01-27,https://n.news.naver.com/mnews/article/015/0005087239,0.3544039037709161,0.2879130604361691,0.3043669622108128,0.2342519542572378,0.3342621981845465,0.2400454869045445,0.4163102849339654,0.2907738073787786
2025-01-27,https://n.news.naver.com/mnews/article/277/0005539120,0.3601914698446352,0.3688677618475843,0.1867278250467979,0.2582965222102089,0.2419546024210741,0.3003922932448608,0.2791442972269929,0.3021230323725156
2025-01-27,https://n.news.naver.com/mnews/article/009/0005435400,0.3522964939620472,0.3396973098298836,0.368591125377637,0.3176025930617502,0.3593839498106529,0.316777056111837,0.4484236510237024,0.3392503402239428
2025-01-27,https://n.news.naver.com/mnews/article/008/0005146463,0.272417395503269,0.3077679304757152,0.2758609361488869,0.2599068614596374,0.2331319756420835,0.2543236478078164,0.3042708701815627,0.2876596411933174
2025-01-27,https://n.news.naver.com/mnews/article/009/0005435391,0.3473588872386619,0.3880138428775799,0.4190554274006712,0.3924816064653307,0.427177512667878,0.4079405688449425,0.4430716675171074,0.4011690421387349
2025-01-27,https://n.news.naver.com/mnews/article/009/0005435390,0.2393364945740025,0.321669405670579,0.3057906640062489,0.3164633600588827,0.3138755764522316,0.3297499600156408,0.371499960171215,0.3409957949603049
2025-01-27,https://n.news.naver.com/mnews/article/003/0013037787,0.1902082774349303,0.2583346549137896,0.1401632934912454,0.2275273838290975,0.1549518873566364,0.2868444653455071,0.1549399798340124,0.260543965893095
2025-01-27,https://n.news.naver.com/mnews/article/421/0008045195,0.3980019374786603,0.3026110770939603,0.1936701181722925,0.1743048260814122,0.2699646752153736,0.2502227499376658,0.3321540056316271,0.2433032627735377
2025-01-27,https://n.news.naver.com/mnews/article/018/0005932828,0.1534861898872391,0.2957395652569986,0.2717043283633516,0.3352465154532585,0.2787078044417633,0.3492981149178948,0.2185930109628632,0.3005720600237323
2025-01-27,https://n.news.naver.com/mnews/article/011/0004444575,0.1924944892492462,0.3816996238406747,0.104055160328926,0.3804912702727147,0.1716110722607533,0.3621673919186224,0.2194909762825454,0.4020592705771562
2025-01-27,https://n.news.naver.com/mnews/article/421/0008045182,0.1981301957613548,0.3511909039938539,0.105579038138418,0.3015321472865195,0.1351200954066594,0.3113218794615706,0.1553774240707187,0.3577364533606266
2025-01-27,https://n.news.naver.com/mnews/article/421/0008045160,0.2950416945222907,0.3075661447695069,0.1500080719842721,0.2276308100313186,0.2015854671402883,0.2583387630276016,0.2539161077361551,0.2971197360386051
2025-01-27,https://n.news.naver.com/mnews/article/417/0001054609,0.3723934227773851,0.2722993980463407,0.4378662866186681,0.2374715582636344,0.3184126688413918,0.2320660322378971,0.3663880763218995,0.2734515384146767
2025-01-27,https://n.news.naver.com/mnews/article/001/0015182231,0.3549838850960141,0.2530930445456755,0.4117742927246638,0.2170187119434734,0.3137968011120235,0.2168007153766062,0.3468273000121064,0.2568229536097349
2025-01-27,https://n.news.naver.com/mnews/article/009/0005435367,0.2981551560971152,0.2722388584675294,0.1407617036821053,0.1881211717379531,0.1859126617372298,0.2435468390344963,0.2453902880403961,0.2340628636425045
2025-01-27,https://n.news.naver.com/mnews/article/011/0004444563,0.326568833967524,0.2698341126326929,0.3026552082517353,0.2390140107480922,0.3213177615225888,0.2275363867952546,0.3558433790769551,0.2584982691476711
2025-01-27,https://n.news.naver.com/mnews/article/001/0015182190,0.2018998655250549,0.2456767572231628,0.1981512502514825,0.2100668972356417,0.2046767898078054,0.2096276120365511,0.2877407245634815,0.239758464977475
2025-01-28,https://n.news.naver.com/mnews/article/003/0013038299,0.2110061316487666,0.2138373587473915,0.1813049125730364,0.1825784725918218,0.2520769599460662,0.2458320324577991,0.1616087365757115,0.1155306802126269
2025-01-28,https://n.news.naver.com/mnews/article/009/0005435559,0.2295642898895014,0.2699251053124635,0.2496837360734612,0.2430932902125583,0.3093133373734443,0.2661361296983244,0.30139266025478,0.2510048442719473
2025-01-28,https://n.news.naver.com/mnews/article/015/0005087344,0.1156197180839369,0.3688157486793976,0.1946262462829435,0.4623794401518034,0.2380766354821754,0.4604027538444949,0.149711574164579,0.4378186598591582
2025-01-28,https://n.news.naver.com/mnews/article/015/0005087342,0.2991562608893307,0.4089229156056415,0.2290094580225994,0.3474825941256831,0.1826829833521889,0.3454318222380201,0.2680299884731482,0.3777956000544647
2025-01-28,https://n.news.naver.com/mnews/article/057/0001869013,0.1857563735861814,0.1912262155042852,0.2493389539068837,0.2612166123302599,0.2944103206217905,0.2056006015975329,0.2391080551079853,0.2448628449582892
2025-01-28,https://n.news.naver.com/mnews/article/057/0001869011,0.1852388716270069,0.2642704635441988,0.1641775548640041,0.2477513413561716,0.164295395973793,0.2202692669112465,0.2429317151397439,0.2649018517493976
2025-01-28,https://n.news.naver.com/mnews/article/057/0001869010,0.311745158968563,0.344843374696989,0.1571661537363126,0.2535361526068614,0.2023038952179536,0.2814068925708125,0.237447265584432,0.2843230073124324
2025-01-28,https://n.news.naver.com/mnews/article/469/0000846281,0.3157791671655098,0.3205549266343298,0.2890738269861742,0.2916952199721622,0.2831145311557201,0.2604525757137041,0.367028929422341,0.3055161336994432
2025-01-28,https://n.news.naver.com/mnews/article/009/0005435519,0.3866754470190689,0.231611999068292,0.2599337193204726,0.1238408294522677,0.3376819124857145,0.1971302175949101,0.3471782508609236,0.251657568481659
2025-01-28,https://n.news.naver.com/mnews/article/018/0005933018,0.2502689411839174,0.3912777146261354,0.147267708217341,0.3639405145996903,0.1845147170350703,0.3971094468189232,0.1710280808175989,0.3623625965850525
2025-01-28,https://n.news.naver.com/mnews/article/015/0005087321,0.2564859069949237,0.3837614104843181,0.2412236747694785,0.3428085906377993,0.2872896146640773,0.3673748340438168,0.2476626736220073,0.3416574622950049
2025-01-28,https://n.news.naver.com/mnews/article/015/0005087319,0.2071528981560762,0.389045108152069,0.0882422571687279,0.3922491394104469,0.1189502875705863,0.3988500783182883,0.1099739054036727,0.3762350140986726
2025-01-28,https://n.news.naver.com/mnews/article/215/0001196716,0.2727809766923429,0.364978006280208,0.1277159491089039,0.3374788136456641,0.1831567412281223,0.3488567165794462,0.1831098375395212,0.3523445964508067
2025-01-28,https://n.news.naver.com/mnews/article/011/0004444716,0.3245327114441025,0.3466335023483242,0.1325738905211777,0.2749471513913657,0.1820103947690594,0.319633514880381,0.1972297740672552,0.305684951201657
2025-01-28,https://n.news.naver.com/mnews/article/003/0013038228,0.1754975122410547,0.3049103086676415,0.1263784239824064,0.2609773064381888,0.1375744000949378,0.2883905325721905,0.1493263143301088,0.2945500227490228
2025-01-28,https://n.news.naver.com/mnews/article/014/0005301315,0.2294543459043359,0.4095474805863584,0.0773268505382087,0.4024872587795614,0.1790805447213865,0.4034845485343785,0.0953786501348643,0.3847853462053168
2025-01-28,https://n.news.naver.com/mnews/article/001/0015182722,0.2351533131201642,0.3828272161715393,0.11266521324233,0.3670997182902528,0.1588002988222282,0.3720569638403221,0.1378096132029178,0.3549389392378427
2025-01-28,https://n.news.naver.com/mnews/article/011/0004444708,0.3860722100021274,0.3483627523274655,0.3744012649692172,0.2592649340456064,0.311085737721578,0.2512381890924465,0.3336929514999286,0.2336395312445338
2025-01-28,https://n.news.naver.com/mnews/article/001/0015182687,0.2659237368091885,0.2243780082923921,0.1684391436715523,0.1513895629339389,0.1784797480595115,0.2222553072080769,0.2476619013997917,0.161329391811431
2025-01-28,https://n.news.naver.com/mnews/article/016/0002421497,0.1985411286188296,0.2548010697551799,0.3363137825339148,0.3036239045033301,0.3118587730637936,0.3531966061156508,0.3529856175213892,0.3612223432305834
2025-01-28,https://n.news.naver.com/mnews/article/648/0000032877,0.2423393135930903,0.2859732677824664,0.1731096758315295,0.2491363522159176,0.1896988012315489,0.1810341419100925,0.1731387575287065,0.2436199807929377
2025-01-28,https://n.news.naver.com/mnews/article/421/0008045752,0.3566273757502615,0.3524415090789661,0.2177500520796527,0.2729617534392249,0.2260699628116239,0.2601248444213523,0.2641411310940176,0.2518260779074472
2025-01-28,https://n.news.naver.com/mnews/article/018/0005932984,0.1707372059875879,0.3088279116599252,0.1840868115213242,0.2350950102062418,0.1953890163478596,0.2320722893968882,0.2630055980536754,0.253191259713579
2025-01-28,https://n.news.naver.com/mnews/article/011/0004444690,0.3387216787947235,0.3274120416927623,0.1443388414919476,0.2012333069291879,0.1875992418569855,0.2300085808886413,0.2634120311821135,0.3025205653824697
2025-01-28,https://n.news.naver.com/mnews/article/243/0000071930,0.1844497132040739,0.2768596349556245,0.2512345701014338,0.2999556469480905,0.2492855997349894,0.3069645720919544,0.3052611595659058,0.3259624175726925
2025-01-28,https://n.news.naver.com/mnews/article/018/0005932979,0.2203023958372664,0.2766621875947115,0.2401435107138907,0.2801366165411078,0.2354000058744189,0.2828878458903368,0.2870948804325586,0.3286081921615397
2025-01-28,https://n.news.naver.com/mnews/article/648/0000032876,0.4288515954965187,0.3003449209615452,0.2851818761136088,0.2062860196446732,0.4604994630349593,0.3282125189561367,0.3672563175804312,0.2621606690361781
2025-01-28,https://n.news.naver.com/mnews/article/003/0013038164,0.4838597248665509,0.3440817179969291,0.3282278329209031,0.2426048882645869,0.4692260281955371,0.3276045756935731,0.4400261011505499,0.2887042733529774
2025-01-28,https://n.news.naver.com/mnews/article/011/0004444684,0.2754986346510217,0.3296268969112361,0.3077289207314211,0.3473519143200372,0.2200836925880449,0.2932379615836863,0.3277954443340046,0.2929397074810217
2025-01-28,https://n.news.naver.com/mnews/article/008/0005146554,0.4393439478489789,0.3837861313268826,0.3851895762267031,0.2816306221825416,0.3865673835118799,0.2723772231152351,0.4103957854148441,0.3018284275787325
2025-01-28,https://n.news.naver.com/mnews/article/421/0008045630,0.3060149364849236,0.3688827090199962,0.2014163465874943,0.2975994109367216,0.2297932223193317,0.2992851194060729,0.279202464671703,0.317635321661854
2025-01-28,https://n.news.naver.com/mnews/article/018/0005932964,0.1883412427727877,0.2611363074987161,0.1941618425065809,0.3012066171053899,0.2665143297941585,0.2903903217615924,0.3074708222154477,0.3118926012848797
2025-01-28,https://n.news.naver.com/mnews/article/008/0005146547,0.2213123927094167,0.2489491547545009,0.2751211474441852,0.3094938335310944,0.3424099247048546,0.3481889022786653,0.2810031676035084,0.2766481038176632
2025-01-28,https://n.news.naver.com/mnews/article/003/0013038106,0.3002679993986947,0.2125839558838298,0.3211562331332768,0.1818835191537841,0.2746862217462082,0.1136509840773125,0.3597484095695093,0.2179167719696518
2025-01-28,https://n.news.naver.com/mnews/article/417/0001054639,0.2461974089831842,0.3854986596181097,0.1630783043698378,0.3201862966015383,0.17625321457988,0.3303988007201258,0.1719121072595036,0.3173910944808238
2025-01-29,https://n.news.naver.com/mnews/article/009/0005435793,0.2168854457429416,0.3875006130514553,0.2044427367008346,0.383164394762495,0.2725022140719171,0.3724789601253613,0.2257833888107924,0.3482098932180526
2025-01-29,https://n.news.naver.com/mnews/article/057/0001869087,0.1634720888006269,0.1015989054829462,0.1220301942332572,0.1121536223322231,0.3240108089922789,0.1896443681858668,0.1027656722515191,0.1219095724851023
2025-01-29,https://n.news.naver.com/mnews/article/003/0013038722,0.1719256878104966,0.1635878562546524,0.2234355420398912,0.1384989496565612,0.1587912640307464,0.1813929585577718,0.219907028536898,0.1499149709037448
2025-01-29,https://n.news.naver.com/mnews/article/057/0001869076,0.0241496486915836,0.1790852135883361,0.0616994892504913,0.0879239817222719,0.0,0.1526823109881117,0.0,0.1426320566321266
2025-01-29,https://n.news.naver.com/mnews/article/215/0001196769,0.4653116987789127,0.3638671302495753,0.3191454131880693,0.2319050064587021,0.3429074796049554,0.2510606186169517,0.4218853909187215,0.3202153657124537
2025-01-29,https://n.news.naver.com/mnews/article/009/0005435737,0.3567205391470969,0.3007534504269211,0.3171305909669556,0.2544960068265263,0.4743568835112757,0.3677104399140957,0.3622204070289959,0.2655602176707006
2025-01-29,https://n.news.naver.com/mnews/article/003/0013038677,0.5023854835262916,0.3224195736373878,0.3052034442410178,0.1810797622250159,0.4751120128460215,0.2992990058601247,0.4460258576096683,0.29914648293957
2025-01-29,https://n.news.naver.com/mnews/article/015/0005087433,0.2857057819565926,0.3030973543533314,0.3091758210315805,0.2329297257596836,0.2988931826495379,0.2636483781448819,0.3279253135531946,0.2470024197106794
2025-01-29,https://n.news.naver.com/mnews/article/018/0005933205,0.2022934619616127,0.1576121747077704,0.282004206221583,0.1948439525207597,0.2596983744678683,0.2045578326927971,0.2615666021793305,0.1870088701854123
2025-01-29,https://n.news.naver.com/mnews/article/018/0005933195,0.1209586016196135,0.1376094530557692,0.1976227251794274,0.1408590384649105,0.1823433432852615,0.1738747390638327,0.2140402349816306,0.193719945705645
2025-01-29,https://n.news.naver.com/mnews/article/648/0000032888,0.2457959209470667,0.2990316153635086,0.2289126398148672,0.2705358817345052,0.2644075593689989,0.2817664024921577,0.2599639254469336,0.272926763488124
2025-01-29,https://n.news.naver.com/mnews/article/082/0001309527,0.3084336236183616,0.2363432148012634,0.2596371343741336,0.1812891757222928,0.2498188150147946,0.1854588311583956,0.269333063974793,0.1872736306291302
2025-01-29,https://n.news.naver.com/mnews/article/648/0000032887,0.1566762034082844,0.1018207210282457,0.2612437754055896,0.1858444700487005,0.2164827356646749,0.1342607526346698,0.1780107587931635,0.1665461086369603
2025-01-29,https://n.news.naver.com/mnews/article/011/0004444835,0.3016400455542058,0.3081316875112126,0.2825249463936014,0.2334098794012428,0.2832288045921033,0.3215859816576208,0.2863490660651585,0.2909732630942513
2025-01-29,https://n.news.naver.com/mnews/article/243/0000071961,0.3815086888499224,0.3162269079137531,0.3673391814197421,0.2340864238068626,0.30399510082129,0.2001510296005161,0.3785834286962601,0.2647640662038615
2025-01-29,https://n.news.naver.com/mnews/article/003/0013038604,0.406364749874291,0.3016420380646298,0.3773192437184852,0.2592354237994809,0.3237897385722204,0.1693916750158632,0.3962114619776752,0.2494632637835188
2025-01-29,https://n.news.naver.com/mnews/article/243/0000071959,0.2995632293039439,0.1618580274187841,0.2569309940908652,0.1285258102764658,0.3166632694693609,0.2338141046520002,0.3341319402087678,0.2451862208809795
2025-01-29,https://n.news.naver.com/mnews/article/015/0005087414,0.3809142048549241,0.4448456045271145,0.2501334587854446,0.3624932721571958,0.3510079741418994,0.4506489874389066,0.3554892604496633,0.3786552256290738
2025-01-29,https://n.news.naver.com/mnews/article/011/0004444815,0.1958805200567274,0.366128986774112,0.1434266762991468,0.2451216085439483,0.3244437467674783,0.3490793769388404,0.2207322978085724,0.3056507878124695
2025-01-29,https://n.news.naver.com/mnews/article/003/0013038529,0.5493434081570302,0.4092748380648362,0.3549105916542013,0.2749961638638244,0.3776254675806583,0.2847256960330447,0.4025182470465382,0.3129588931132913
2025-01-29,https://n.news.naver.com/mnews/article/421/0008046232,0.4123648617504677,0.3852860164406433,0.2891268933132328,0.3220888805422514,0.3139146617125954,0.3373450338832439,0.365109853707997,0.3389754768895531
2025-01-29,https://n.news.naver.com/mnews/article/018/0005933147,0.1609180463964601,0.3994770241494083,0.1597833158110353,0.3606402564764981,0.183438785119086,0.3856280965167276,0.1533625572335141,0.4055187157512797
2025-01-29,https://n.news.naver.com/mnews/article/023/0003885093,0.2779674666476678,0.2246857842468178,0.2472869010422619,0.1329623046362774,0.2992325460459999,0.1574361344123785,0.3414174558323123,0.2509596490027627
2025-01-29,https://n.news.naver.com/mnews/article/018/0005933141,0.2463772479391883,0.376367323573252,0.2626720524390002,0.3104708300994978,0.2901493185925756,0.3040643704967853,0.4150089025647813,0.4350103644695575
2025-01-29,https://n.news.naver.com/mnews/article/469/0000846310,0.2464869079917024,0.2716559692048752,0.2975982810557035,0.2845235954395687,0.3362912774197306,0.244354299685502,0.4051760531146656,0.3222277718343105
2025-01-29,https://n.news.naver.com/mnews/article/421/0008046209,0.2154562346965995,0.3820277163356489,0.2291984980688101,0.324042314393914,0.2602023340318731,0.3529543445849694,0.2916315911427297,0.3691323239161301
2025-01-29,https://n.news.naver.com/mnews/article/009/0005435671,0.2257515324643665,0.3136013537943902,0.2136444203249921,0.3147132840111495,0.252916530632838,0.3095146524312278,0.2663787196232944,0.3770109953550864
2025-01-29,https://n.news.naver.com/mnews/article/119/0002918243,0.2487015799867685,0.3595794338316513,0.3467516941844134,0.4257689907767817,0.3316102944560723,0.4096319768582523,0.34114284733079,0.4121847246183519
2025-01-29,https://n.news.naver.com/mnews/article/421/0008046183,0.2345498414038836,0.1759823316659926,0.2290465064787288,0.1219346712633621,0.248411595746891,0.1287332898276273,0.3404141618743027,0.2522139214544832
2025-01-29,https://n.news.naver.com/mnews/article/018/0005933130,0.2642201247339403,0.3320767523471041,0.2730655814723721,0.3391076151288505,0.2812384303007901,0.3033022865717222,0.2668263532326509,0.3098005116928781
2025-01-29,https://n.news.naver.com/mnews/article/215/0001196746,0.2611341510390067,0.4353639346322721,0.3035792691934553,0.4395529613440975,0.2860378383951669,0.4266576312024471,0.3399941932942526,0.516039238728385
2025-01-29,https://n.news.naver.com/mnews/article/215/0001196745,0.1368557775020516,0.4065646220805689,0.2225086513401198,0.4883330008204726,0.2360196077469626,0.4558818509911247,0.2645776328373139,0.4566983992790383
2025-01-29,https://n.news.naver.com/mnews/article/119/0002918234,0.3084412717682836,0.3767288777605034,0.2775104432259356,0.3627680745999296,0.2925935379580037,0.3548813709431192,0.2943869386520831,0.3404535942556445
2025-01-29,https://n.news.naver.com/mnews/article/243/0000071951,0.3616655491831221,0.3480241136767486,0.2892464902389206,0.2946265108497548,0.3022821330292591,0.2890864095001659,0.355421582965549,0.3307026922066176
2025-01-29,https://n.news.naver.com/mnews/article/008/0005146657,0.2148540537687114,0.1296585845557736,0.1717836509002252,0.1553443164358396,0.3656491966316397,0.2881900376112034,0.1977834508412484,0.111141795130338
2025-01-30,https://n.news.naver.com/mnews/article/277/0005539521,0.0446034869608407,0.1336024373455633,0.1445486229943859,0.2428332237172112,0.1944173801057836,0.2148083731253883,0.1462854583806708,0.1643361106595164
2025-01-30,https://n.news.naver.com/mnews/article/277/0005539519,0.1603478278899851,0.2147523826914833,0.2549270633068785,0.3057474321932784,0.3057110521539491,0.2889571153069062,0.270075560887743,0.249991399783879
2025-01-30,https://n.news.naver.com/mnews/article/009/0005436140,0.0970450956470354,0.2189525339622434,0.1849062643609963,0.2966763920570607,0.2452270800767551,0.2573773866904195,0.318177260861208,0.2715298558670125
2025-01-30,https://n.news.naver.com/mnews/article/629/0000360322,0.1359076306228752,0.3421691758548612,0.1676201630400259,0.2698368721083492,0.1432752458542203,0.2846845158651072,0.2079475091365976,0.2921139860519242
2025-01-30,https://n.news.naver.com/mnews/article/020/0003612404,0.1961144963741184,0.3960048500407651,0.1305913482333473,0.3575221674836674,0.1259456286781288,0.3737735626603112,0.1745065636161792,0.3886811330599848
2025-01-30,https://n.news.naver.com/mnews/article/015/0005087714,0.3097614900748862,0.3294269227934855,0.2422484899093664,0.246264965535532,0.233814129391305,0.266481911756827,0.2831023695224108,0.2783637273596954
2025-01-30,https://n.news.naver.com/mnews/article/057/0001869186,0.0699188122228934,0.2256293546124698,0.0419042270256109,0.1787292987295644,0.109258219370638,0.2112894875355028,0.1584949835131529,0.2576558883408838
2025-01-30,https://n.news.naver.com/mnews/article/057/0001869180,0.1800524753786542,0.1806666523159266,0.210404256459854,0.1474596889110413,0.2134562087566652,0.1524493718675638,0.212663461907722,0.2007844028381452
2025-01-30,https://n.news.naver.com/mnews/article/057/0001869171,0.094725291171368,0.1599196754845963,0.1468339431755431,0.1310525957708979,0.0374763887297496,0.1196364135867613,0.0289525870993432,0.0664125897829595
2025-01-30,https://n.news.naver.com/mnews/article/003/0013039633,0.2041008546554711,0.1912696372776484,0.2522317884713743,0.1823766764453128,0.1938246945828533,0.1992553784293519,0.2517545500801192,0.1932411643642111
2025-01-30,https://n.news.naver.com/mnews/article/009/0005436111,0.3160101235907511,0.40408490387634,0.2080277359344538,0.3437747206900489,0.2192661043749348,0.3564790496351314,0.2687667659580237,0.3372869916374242
2025-01-30,https://n.news.naver.com/mnews/article/469/0000846427,0.3117877132291502,0.4162326245750721,0.262109325597518,0.3727679650167713,0.2798488168191874,0.3807583707337403,0.312495512522245,0.4057216025897068
2025-01-30,https://n.news.naver.com/mnews/article/014/0005301608,0.2995582516437566,0.2835209749310272,0.3229071485163682,0.2459574019812585,0.2584899890875763,0.2161437785466545,0.3510382104340089,0.2831088548142109
2025-01-30,https://n.news.naver.com/mnews/article/014/0005301604,0.2176720440978879,0.3114400830594492,0.273874539970931,0.3299007962295923,0.2779038140136606,0.3158059991184004,0.3793044988870302,0.4011353595665759
2025-01-30,https://n.news.naver.com/mnews/article/014/0005301585,0.2835514087696529,0.3348522857155218,0.3438158661130804,0.3070869244223419,0.33411193527639,0.3110929945629268,0.5041394920234245,0.4016884615270973
2025-01-30,https://n.news.naver.com/mnews/article/014/0005301584,0.4072917086574902,0.2670838476235792,0.4152456663932847,0.2574773059272797,0.3349318525625356,0.1504564551291415,0.3642039254232084,0.162710146296769
2025-01-30,https://n.news.naver.com/mnews/article/014/0005301583,0.1760509252645187,0.3871244146767679,0.2409536386220278,0.3921278802788396,0.2522864827428371,0.397519773558914,0.3250844956092311,0.4638778626484475
2025-01-30,https://n.news.naver.com/mnews/article/015/0005087663,0.2717444623335188,0.3134256169686118,0.2683854366249235,0.2516162369602261,0.2730240471405424,0.2357154017679234,0.3151114080268511,0.3058773968613954
2025-01-30,https://n.news.naver.com/mnews/article/014/0005301582,0.4568431187881837,0.3128761709878986,0.4152084459240391,0.259593826420768,0.337708541647445,0.1912742493267408,0.3955079603453909,0.2491140653628837
2025-01-30,https://n.news.naver.com/mnews/article/015/0005087662,0.3554755792251743,0.3040365308299828,0.2660302491069875,0.254146741120238,0.350522899987457,0.2818547671768306,0.3015631261655151,0.2465678556608731
2025-01-30,https://n.news.naver.com/mnews/article/015/0005087661,0.16555177274944,0.2698407978245289,0.2207619692614799,0.2626698554230073,0.2427204954071118,0.2361457424273937,0.3370150712947001,0.3255978560151272
2025-01-30,https://n.news.naver.com/mnews/article/014/0005301581,0.2949626321872578,0.2715113391847544,0.275971333379547,0.2659988578941596,0.2701646415313997,0.2546594792753793,0.3129942545201019,0.2888618418627546
2025-01-30,https://n.news.naver.com/mnews/article/015/0005087660,0.2461468940858739,0.3950339401779277,0.2387108990972461,0.4113943250575185,0.2653420049676083,0.4424865690261997,0.2145072976452782,0.3987215216599669
2025-01-30,https://n.news.naver.com/mnews/article/015/0005087659,0.3901382818330359,0.3492321738563806,0.2484678103116747,0.2890759606549573,0.2792149468621054,0.3115438903829589,0.3199703076664543,0.2728191776857378
2025-01-30,https://n.news.naver.com/mnews/article/015/0005087657,0.0619172853684298,0.3598523346031186,0.0759556947786482,0.4519929252443641,0.245829116396984,0.5076354553410252,0.0561412082514643,0.3996822977260739
2025-01-30,https://n.news.naver.com/mnews/article/015/0005087656,0.3614058490688657,0.3165199862839569,0.3147306433476314,0.2442042585513277,0.2776482473960141,0.2390023908710035,0.3640883773048918,0.2784766475375226
2025-01-30,https://n.news.naver.com/mnews/article/082/0001309619,0.2021246856296507,0.3610136035730241,0.1966591633696687,0.4022280630665729,0.2795537630610422,0.4288732653418126,0.2227833009827272,0.4065666870774359
2025-01-30,https://n.news.naver.com/mnews/article/015/0005087637,0.3427234604171775,0.3441096446122053,0.3184780550244034,0.2588945204657957,0.3333647389435018,0.2659350057387856,0.4307513867223236,0.3393269767206328
2025-01-30,https://n.news.naver.com/mnews/article/011/0004445054,0.1787206781907651,0.1738369601713484,0.2367224392269191,0.2205877677174497,0.1955798062684297,0.14200631393537,0.3373690435001243,0.2422681238932579
2025-01-30,https://n.news.naver.com/mnews/article/011/0004445035,0.2560590910339539,0.3842571004801671,0.2959759386822905,0.3593278549865505,0.3162131015003616,0.3744321732149922,0.4209809697963485,0.4508650447745315
2025-01-30,https://n.news.naver.com/mnews/article/011/0004445033,0.1627249361844019,0.352453016038962,0.2353778353236633,0.3870812918641506,0.267228849194791,0.3990589371169187,0.2624567399047116,0.4249371161025393
2025-01-30,https://n.news.naver.com/mnews/article/011/0004445030,0.4047151725332317,0.2805379539262974,0.2870261480622273,0.2031393842283317,0.382407185534781,0.265565425937167,0.4668142751702172,0.3387099818857456
2025-01-30,https://n.news.naver.com/mnews/article/011/0004445029,0.3283645587932559,0.2666005766707932,0.3408204909624899,0.2261683040459239,0.3113982449394341,0.2155102820395795,0.3152623829212101,0.2048904264843844
2025-01-30,https://n.news.naver.com/mnews/article/011/0004445028,0.2435826602497419,0.3607872728506563,0.2924122761902725,0.406134103137673,0.2959664510923731,0.3687623124769775,0.3638814549512471,0.4684980411685748
2025-01-30,https://n.news.naver.com/mnews/article/011/0004445026,0.1644456754156712,0.3057003219786734,0.2207138989114509,0.324300623874737,0.2137358457527407,0.3147940612940745,0.3049482054035615,0.4264704878098574
2025-01-31,https://n.news.naver.com/mnews/article/215/0001196955,0.1582941285191204,0.1658951664823624,0.2856628893249762,0.2792900690790815,0.2759711867669912,0.2397587619882899,0.3240847567883867,0.2193966227484712
2025-01-31,https://n.news.naver.com/mnews/article/029/0002932395,0.1139469482053285,0.3491574455613724,0.1669531983943802,0.3575914401967656,0.1288930986831806,0.3453511843968392,0.1604543215238088,0.3171094174070057
2025-01-31,https://n.news.naver.com/mnews/article/422/0000709760,0.0,0.2854066029334864,0.1408989143454599,0.3498758601415175,0.1467528256953147,0.3573044139155428,0.1893356846823381,0.412305582761496
2025-01-31,https://n.news.naver.com/mnews/article/009/0005436597,0.3495911451121469,0.304622174832682,0.3365498477239307,0.2591959939819757,0.3310129222057372,0.269934682678157,0.4333503507121696,0.3153969284723049
2025-01-31,https://n.news.naver.com/mnews/article/014/0005302021,0.0546318038361943,0.0849560603543988,0.0994191406436075,0.1248845636871835,0.1262837989635366,0.1417101644495541,0.1613204901043263,0.1398534513093894
2025-01-31,https://n.news.naver.com/mnews/article/009/0005436579,0.368964055139182,0.3199119321446441,0.330550878847495,0.2702067594936916,0.3418164360601705,0.2735882423554627,0.3964947643907781,0.2966221950265819
2025-01-31,https://n.news.naver.com/mnews/article/015/0005088095,0.3398013941906066,0.2355041538226005,0.3911599403622474,0.2765005783252886,0.3320719663746048,0.2246970493717028,0.3193730720429855,0.2104267476927378
2025-01-31,https://n.news.naver.com/mnews/article/009/0005436575,0.1671912214569564,0.3206085181062012,0.1745523797465433,0.243940021676051,0.2201575114960708,0.2574063278095855,0.1718222688134983,0.2572130297989744
2025-01-31,https://n.news.naver.com/mnews/article/057/0001869373,0.0381426495588834,0.2589948415088926,0.230420029858002,0.2963258132832398,0.1614542573861183,0.3031229292833128,0.0791288623737561,0.2693963061636661
2025-01-31,https://n.news.naver.com/mnews/article/057/0001869367,0.336313554334667,0.3846416385564601,0.2297422484898176,0.3428010376061743,0.2647832909689073,0.3347119707305614,0.2545211239257964,0.3225414978298834
2025-01-31,https://n.news.naver.com/mnews/article/009/0005436570,0.3153203400595019,0.4127958863696946,0.2030922032187128,0.3720054219412648,0.2060222723637417,0.3336006888906235,0.2123299158811549,0.3394967252593057
2025-01-31,https://n.news.naver.com/mnews/article/422/0000709727,0.2791802034561904,0.3345982794720304,0.2028783990247141,0.2890337603109713,0.2202127703122595,0.3015470241110652,0.2243479097614935,0.3004602770970147
2025-01-31,https://n.news.naver.com/mnews/article/011/0004445408,0.3308463949092973,0.3574708098234242,0.3110659298512979,0.2589445084325264,0.3060103890057266,0.2431087770471989,0.3957687060968256,0.3369967897158888
2025-01-31,https://n.news.naver.com/mnews/article/648/0000032926,0.3711467260932323,0.3504966684310749,0.2824301467366946,0.2788909225206599,0.3266289051084338,0.2865933627415916,0.3286654141936466,0.2792903606766106
2025-01-31,https://n.news.naver.com/mnews/article/008/0005147266,0.2718486547300017,0.2633414588318938,0.2404769138310117,0.2476472613945355,0.2646246919546515,0.2514713327453591,0.2696365892789906,0.2563575184370471
2025-01-31,https://n.news.naver.com/mnews/article/015/0005088034,0.4192150887169212,0.3630203235465334,0.3152128405663519,0.3082386349525823,0.3447867811007244,0.3243987851271742,0.3487114594037483,0.3239903831554369
2025-01-31,https://n.news.naver.com/mnews/article/009/0005436560,0.2358440736570757,0.3059185542912478,0.2760605801990052,0.3158897934148031,0.2681996873741174,0.3158875813229058,0.3203940061461515,0.3445595390633607
2025-01-31,https://n.news.naver.com/mnews/article/015/0005088026,0.2291169105466889,0.2952549402342326,0.2892445382346457,0.300414882146864,0.3076972300445432,0.3012901270107037,0.3644847536840244,0.3487350940164813
2025-01-31,https://n.news.naver.com/mnews/article/015/0005088023,0.2909973279680192,0.3068191129052504,0.3133045470064494,0.2909659481376821,0.3061749998038395,0.2642521849670686,0.321347224912538,0.2736970440378933
2025-01-31,https://n.news.naver.com/mnews/article/366/0001050455,0.2320947658270828,0.2450115269398555,0.1707313671640287,0.2010612241187147,0.1959987045511816,0.1992392120172053,0.1811547343602055,0.1986317275702677
2025-01-31,https://n.news.naver.com/mnews/article/029/0002932376,0.0715817409060491,0.2257658174168867,0.1584627349789276,0.2840170222672523,0.1724132195928511,0.3219319288013617,0.1681106511845251,0.347184531437521
2025-01-31,https://n.news.naver.com/mnews/article/277/0005539923,0.0811021842393228,0.0,0.1258730422389491,0.0529875557101136,0.079097047651892,0.0675053427934676,0.1165984840836574,0.0524164884233282
2025-01-31,https://n.news.naver.com/mnews/article/015/0005088019,0.2471693083091548,0.3241744912535583,0.3227541682161243,0.2905226375490292,0.3244414629767759,0.2633410534695619,0.3778174090254697,0.3211861277327149
2025-01-31,https://n.news.naver.com/mnews/article/011/0004445394,0.1000063819123138,0.3404436044079735,0.0894408103012519,0.3176939726877373,0.1943045498495422,0.3438256916077382,0.1657832767012221,0.3652018107844338
2025-01-31,https://n.news.naver.com/mnews/article/015/0005088017,0.139739808224884,0.3821094370871881,0.0433117833166318,0.364075933682623,0.0720068757373654,0.3670147049051754,0.0418741172357349,0.3684834631531708
2025-01-31,https://n.news.naver.com/mnews/article/015/0005088012,0.3204279810420985,0.352555641121733,0.2891656984326689,0.3252719243036847,0.2846223393580222,0.3173925089225632,0.3200845360242653,0.326911834741775
2025-01-31,https://n.news.naver.com/mnews/article/015/0005088009,0.1920960210359101,0.3278190611576166,0.2858805614631363,0.2766629680531577,0.3000213523453232,0.302875590478822,0.4076692108317652,0.3665213065996315
2025-02-01,https://n.news.naver.com/mnews/article/057/0001869458,0.167990988490913,0.245695898562922,0.1805896820117088,0.2443757601384858,0.217703339577605,0.2488489499250444,0.1953071992962032,0.2308820666000386
2025-02-01,https://n.news.naver.com/mnews/article/057/0001869457,0.2133344202610943,0.3212446235621171,0.1785341729668174,0.3280707429693164,0.2399356125892233,0.2926638026887225,0.2005057707903736,0.2681758796917878
2025-02-01,https://n.news.naver.com/mnews/article/015/0005088199,0.2521092831894875,0.3295494823178028,0.1967126427860626,0.2795771313735433,0.2645990918964734,0.3203229549567737,0.2297683785047924,0.3060745606921547
2025-02-01,https://n.news.naver.com/mnews/article/016/0002422381,0.3097881274581623,0.2849332037342065,0.2877508873402799,0.2459397879381739,0.2937202732763212,0.2300326984459532,0.3504442280698577,0.2672007433377735
2025-02-01,https://n.news.naver.com/mnews/article/015/0005088188,0.3082527567207119,0.2531857715601591,0.234387402500481,0.1187862254537315,0.2413197069014264,0.1830328005016409,0.2472701520757254,0.1603864765513933
2025-02-01,https://n.news.naver.com/mnews/article/009/0005436714,0.3803805106661685,0.3441830260686305,0.2869145049980397,0.2277570481739323,0.4143194238720496,0.3588717330275232,0.4530195245066595,0.3973855466570439
2025-02-01,https://n.news.naver.com/mnews/article/648/0000032936,0.4555458565855912,0.3274355173050016,0.2086721745746987,0.082223825780654,0.3126855299465387,0.2528607584383639,0.2657369642589277,0.1486462773671546
2025-02-01,https://n.news.naver.com/mnews/article/003/0013041527,0.2962269030748491,0.3599110177674429,0.2101684544660961,0.3166712358156039,0.2113952488216571,0.3420105274312144,0.285308596581438,0.3572025151983869
2025-02-01,https://n.news.naver.com/mnews/article/648/0000032935,0.2809716563478005,0.1966369773304608,0.3035432247765358,0.1688346530100303,0.2533852761360101,0.1749344207744255,0.2458742801600583,0.1925111759334436
2025-02-01,https://n.news.naver.com/mnews/article/417/0001055105,0.317529763343844,0.3224512814806825,0.2132596580831217,0.2503631403121897,0.2183264669903659,0.268069155991642,0.2741442341914225,0.2518604177856826
2025-02-01,https://n.news.naver.com/mnews/article/648/0000032934,0.4217792140163632,0.3318275626576331,0.2087193551501074,0.1721179187502911,0.2727519694131846,0.2333675773322393,0.3685098795045737,0.2874898188455907
2025-02-01,https://n.news.naver.com/mnews/article/031/0000905006,0.144582187197398,0.2357688159409544,0.2311917674887533,0.2660945341204269,0.2311719551552631,0.2669330066102618,0.270238978044042,0.293639726841955
2025-02-01,https://n.news.naver.com/mnews/article/018/0005934238,0.108357111024564,0.3877155732551887,0.1688996133742449,0.3821547788278681,0.1517899317805304,0.3670053110290315,0.1749783780790684,0.4320847294783278
2025-02-01,https://n.news.naver.com/mnews/article/648/0000032933,0.2215522098546838,0.175704840256749,0.2910714908624416,0.2094024588080429,0.3536669288836215,0.2713446435123289,0.2475057350784055,0.1910183299169582
2025-02-01,https://n.news.naver.com/mnews/article/003/0013041440,0.2494510477434407,0.3245485393331208,0.291653652915622,0.2725565499479591,0.2941505144987997,0.3193292198800627,0.4027035406517306,0.3667775262447864
2025-02-01,https://n.news.naver.com/mnews/article/015/0005088149,0.3653525276585651,0.3120233756510255,0.3069013938494923,0.2219325843881513,0.3246625779891833,0.237280689410712,0.3809705833202961,0.2676820627325176
2025-02-01,https://n.news.naver.com/mnews/article/215/0001196974,0.2482445941985693,0.3090896480725609,0.2854307618839823,0.319643654194536,0.3425337884268887,0.3053549052868275,0.3877936395620592,0.3333719642282104
2025-02-01,https://n.news.naver.com/mnews/article/018/0005934201,0.3356706169759331,0.4131085188459253,0.3157544928809487,0.328742100101228,0.3207088224597603,0.3252398784712141,0.509110392223274,0.4279064780350801
2025-02-01,https://n.news.naver.com/mnews/article/011/0004445477,0.2365730003433529,0.0644576572193981,0.1841743747316375,0.0164314801108941,0.2541160022224203,0.0,0.2406630676080478,0.0798158037870619
2025-02-01,https://n.news.naver.com/mnews/article/648/0000032930,0.1772350880012454,0.1837033746657801,0.1541629769425375,0.101009191228797,0.2358639844410607,0.155684007647907,0.2831826553158442,0.2380603092018837
2025-02-01,https://n.news.naver.com/mnews/article/003/0013041298,0.3488496384340545,0.2786090446885605,0.2573224871455971,0.1496120672847372,0.2758668568074495,0.2317536043677433,0.2776227620321326,0.1917902703667181
2025-02-01,https://n.news.naver.com/mnews/article/003/0013041297,0.3820476868052045,0.4106535625665709,0.2328986680820196,0.3540388921017144,0.252635780162316,0.3532515123501609,0.2916503910453873,0.349817144616338
2025-02-01,https://n.news.naver.com/mnews/article/243/0000072050,0.2143683599084639,0.2097081563643092,0.219793259840033,0.1719661621804046,0.2082254928828455,0.2016186904179011,0.3016758119813396,0.2350215466174265
2025-02-01,https://n.news.naver.com/mnews/article/011/0004445473,0.2599810337927912,0.3131767692713301,0.2644929213120029,0.3082322437145852,0.2869969388138628,0.3044618733260708,0.30368980266671,0.3015134193604442
2025-02-01,https://n.news.naver.com/mnews/article/011/0004445470,0.2372840760426854,0.3028699896592468,0.2273990338051982,0.269318769863057,0.2774027066051833,0.2578704824288478,0.284340478517356,0.26940623810272
2025-02-01,https://n.news.naver.com/mnews/article/018/0005934187,0.2276919213476056,0.3570521497638118,0.2188635430829344,0.3076604344877531,0.2660709929750461,0.3267856405327167,0.2744121734878961,0.3576184888120824
2025-02-01,https://n.news.naver.com/mnews/article/011/0004445468,0.1020336203991777,0.2329147825664354,0.1635521430134178,0.289633998516534,0.1711086205940985,0.2600391800244043,0.1671838399391626,0.2522887984283428
2025-02-01,https://n.news.naver.com/mnews/article/277/0005539983,0.0556118425745735,0.2023815944383579,0.1346168595750211,0.2781620921329641,0.1424371956566666,0.2527721910407774,0.1029185402949521,0.2278957921497897
2025-02-01,https://n.news.naver.com/mnews/article/001/0015185937,0.1119700662325538,0.2765254748280543,0.1779483228871997,0.2880717921792302,0.1610205759425663,0.3017602051672533,0.2186344913488347,0.3204914055496301
2025-02-01,https://n.news.naver.com/mnews/article/029/0002932416,0.4075114891772116,0.3240576198820119,0.303476352438627,0.2374683791637974,0.3247336256211772,0.2386068644311088,0.3569786345807323,0.2606349457773761
2025-02-01,https://n.news.naver.com/mnews/article/016/0002422306,0.4285765097271736,0.3285016340055681,0.3122655892025459,0.2386834594376722,0.3410596677385739,0.2424861481964934,0.3640631694971619,0.2600620768696162
2025-02-01,https://n.news.naver.com/mnews/article/018/0005934172,0.2323536814011292,0.3507424080411896,0.3079909337531577,0.3022784021740612,0.3290420582096351,0.2911788651295525,0.3655222298711046,0.3510970276025473
2025-02-01,https://n.news.naver.com/mnews/article/648/0000032929,0.256243869673304,0.3520835950678132,0.3218472535369095,0.4041547658796621,0.28772963528084,0.3521851862226963,0.2922598380291949,0.3154123717286013
2025-02-01,https://n.news.naver.com/mnews/article/001/0015185923,0.4220455624703511,0.3259716385544898,0.3106258463659871,0.2342614900408211,0.3342311799510151,0.24008796471104,0.3567798633263947,0.2582467550904427
2025-02-01,https://n.news.naver.com/mnews/article/029/0002932412,0.3440801754492633,0.3711326138827478,0.2791775832299973,0.2833276941062679,0.2378761612652658,0.2797589905372016,0.311952122844871,0.3155594170240015
2025-02-01,https://n.news.naver.com/mnews/article/243/0000072047,0.2398201408129931,0.3755980932392865,0.2256485726231824,0.3608227655007691,0.2240272621908535,0.3103935514149528,0.2983953206838591,0.4063430724429264
2025-02-02,https://n.news.naver.com/mnews/article/009/0005437110,0.3054192505204469,0.3202884183395933,0.25831265402717,0.2810143092103622,0.2405858223038004,0.2838979431672559,0.2971513638512726,0.3061601797669563
2025-02-02,https://n.news.naver.com/mnews/article/018/0005934620,0.1746478949686528,0.3953076062293686,0.2752203800166934,0.3808319098104836,0.3196454397258809,0.3484471913550516,0.3295614384465563,0.4578003783419178
2025-02-02,https://n.news.naver.com/mnews/article/009/0005437088,0.3532695059494487,0.2893470710243218,0.2501205307220355,0.2227618748817611,0.2595231688536091,0.1959897539234668,0.2949400833430998,0.2284502161109904
2025-02-02,https://n.news.naver.com/mnews/article/009/0005437086,0.3261350254384267,0.3285617723584805,0.2295260642149707,0.2545309559522605,0.2209050658773237,0.2547644020991939,0.2861552202592447,0.2618398853440413
2025-02-02,https://n.news.naver.com/mnews/article/021/0002687243,0.1975030025229846,0.2850196291224845,0.2526830725650381,0.2834055904565781,0.2608438376143811,0.2762933578870525,0.2856359050309385,0.2946646621658785
2025-02-02,https://n.news.naver.com/mnews/article/469/0000846746,0.1526945713771459,0.3321617771346015,0.2066304650708584,0.3885456962646438,0.2951443491908948,0.3576028089187862,0.3349234581973235,0.4009991363198062
2025-02-02,https://n.news.naver.com/mnews/article/009/0005437064,0.3969590341156978,0.3139856906681178,0.3004202658491226,0.1970877149004936,0.3129366656902874,0.2122936515203483,0.3421223950824467,0.2214730990146678
2025-02-02,https://n.news.naver.com/mnews/article/018/0005934592,0.2467011833732287,0.361733211350756,0.2801659852774197,0.3094496501488391,0.2474861024113143,0.296478169679579,0.3016759534717895,0.3614591915983704
2025-02-02,https://n.news.naver.com/mnews/article/014/0005302310,0.2261992626644949,0.3444941521110259,0.2471764161623188,0.3477135558458141,0.2609267595148143,0.3398224907958698,0.2726575453384706,0.358486472128786
2025-02-02,https://n.news.naver.com/mnews/article/014/0005302309,0.3508343105345796,0.3439405117749861,0.3871785157848717,0.2862657467902911,0.365432348058134,0.2874831657890229,0.4485152851246824,0.2999212088367106
2025-02-02,https://n.news.naver.com/mnews/article/014/0005302308,0.3676893238544945,0.3712686824846509,0.2809576903630048,0.3210319151598316,0.321370342310766,0.3290619177037517,0.3172256496615847,0.3258615097001062
2025-02-02,https://n.news.naver.com/mnews/article/014/0005302307,0.1431808728383747,0.2301074793485121,0.1975074270347548,0.1925236903086067,0.2722995802721982,0.201116047768623,0.3009494919283043,0.2710652080174566
2025-02-02,https://n.news.naver.com/mnews/article/014/0005302306,0.4096884423774516,0.3118275313728665,0.3143266806185555,0.2367559708581669,0.2824755578587632,0.2107846323691794,0.3922664442428188,0.2708819077511298
2025-02-02,https://n.news.naver.com/mnews/article/014/0005302305,0.347035612599659,0.2980532720564156,0.3391719531384736,0.2733856257989838,0.3191059922222319,0.2298196196946021,0.4511637720701047,0.280322279053702
2025-02-02,https://n.news.naver.com/mnews/article/014/0005302303,0.1682034948012153,0.2986921625610221,0.2416847201832699,0.3215681612508271,0.2444110728873643,0.3041244030702451,0.2842355384902985,0.363604262877963
2025-02-02,https://n.news.naver.com/mnews/article/015/0005088418,0.434300452034578,0.3211653485466502,0.2846470891578487,0.2272112107837521,0.3523153911800043,0.277249019776366,0.3749049303579722,0.3012578697006519
2025-02-02,https://n.news.naver.com/mnews/article/014/0005302302,0.3545067470228255,0.3293574779564871,0.3456227847492601,0.2926979284365897,0.3455015543513294,0.3350829025906751,0.3629239943679779,0.2935438468085572
2025-02-02,https://n.news.naver.com/mnews/article/015/0005088417,0.1602808602538219,0.1757893129157758,0.1938917746298443,0.2133237903984783,0.1653671144460666,0.1828321410991307,0.2549658388985073,0.213510002595101
2025-02-02,https://n.news.naver.com/mnews/article/015/0005088416,0.1656634883021493,0.2150029586205339,0.1868579201725905,0.2591217103041317,0.2689676558286297,0.3066697965772067,0.1599691834647879,0.246835635186564
2025-02-02,https://n.news.naver.com/mnews/article/015/0005088413,0.4689339153297036,0.3333019072593771,0.2929561406326626,0.2147497610154177,0.3242564371563929,0.2586644791012407,0.329705566017013,0.2274185066311037
2025-02-02,https://n.news.naver.com/mnews/article/015/0005088412,0.1450350394260613,0.3816456951471412,0.1763196019671969,0.4437415059602902,0.2181483560808759,0.4222206076418298,0.1258862788254509,0.392142385427435
2025-02-02,https://n.news.naver.com/mnews/article/015/0005088408,0.3634111444551514,0.3383451492525183,0.277713087707277,0.2203685729815308,0.3362448148662168,0.3040098863064585,0.314987329449772,0.2726518293175949
2025-02-02,https://n.news.naver.com/mnews/article/015/0005088407,0.4053583702312792,0.2865731931759327,0.2774029748121922,0.2040168109448737,0.3218308345637667,0.2233189086443059,0.4209099880288516,0.2395604317054209
2025-02-02,https://n.news.naver.com/mnews/article/015/0005088404,0.3971787846444484,0.2887145175500968,0.3633993274601982,0.2321432871479611,0.3559321981703969,0.226745674055892,0.3785389946953957,0.2260755392413354
2025-02-02,https://n.news.naver.com/mnews/article/014/0005302288,0.1641023910530399,0.3769625709160072,0.1766661699246886,0.3599703231404655,0.1820704110845873,0.359157487131812,0.1687114395090354,0.3949341203583763
2025-02-02,https://n.news.naver.com/mnews/article/648/0000032945,0.2192411271412855,0.3199300119477278,0.2589452254307669,0.2685629134230369,0.2282159440306924,0.2599425377227268,0.2869520060518,0.3172385514378605
2025-02-02,https://n.news.naver.com/mnews/article/011/0004445718,0.3706798751369094,0.3344464999565509,0.2904607849730767,0.2636459605678364,0.3221177416832975,0.2891928535919671,0.3327332583425555,0.2845897891822589
2025-02-02,https://n.news.naver.com/mnews/article/011/0004445716,0.1253362574966992,0.3078857560206928,0.1327924127090138,0.3728744227360729,0.2083294728805257,0.3408596519147069,0.2160932860892009,0.3731736870835723
2025-02-02,https://n.news.naver.com/mnews/article/011/0004445715,0.2794211532975836,0.2706494947993242,0.3138470497020411,0.2102016328191221,0.3073234323140377,0.2215839118799203,0.4494085021515815,0.3317651860836966
2025-02-02,https://n.news.naver.com/mnews/article/015/0005088390,0.3074473215543056,0.3099360915146574,0.2910220319824005,0.2680942169930056,0.2780741475988266,0.2394860460341155,0.3684007430674703,0.2832781219089822
2025-02-02,https://n.news.naver.com/mnews/article/011/0004445711,0.3981110080584364,0.2994711575135064,0.4120652219249265,0.2506688378742893,0.3985419375939643,0.2463242843148721,0.4459103978528541,0.2788863608160561
2025-02-02,https://n.news.naver.com/mnews/article/011/0004445710,0.147905964773721,0.423065851093373,0.2080116340566457,0.5140703969635441,0.2243048427571475,0.4968556220313865,0.121504454776851,0.4589993549360967
2025-02-02,https://n.news.naver.com/mnews/article/018/0005934584,0.3106237924833133,0.4649732791214954,0.3514067086937287,0.4005741085431986,0.2969755013180811,0.336415179375199,0.4468066738604567,0.4726149608420178
2025-02-02,https://n.news.naver.com/mnews/article/011/0004445701,0.2381873457193101,0.3027917818561312,0.2757718727174368,0.2470439823004005,0.2036461794520845,0.2306149493957814,0.2744084030973599,0.283954184833584
2025-02-03,https://n.news.naver.com/mnews/article/029/0002932898,0.0484777127668013,0.2892837770338909,0.0629755384120073,0.3147890731739584,0.1220930025949716,0.3036817610879987,0.0748096115821618,0.2863522315156974
2025-02-03,https://n.news.naver.com/mnews/article/018/0005935475,0.1380643676429419,0.2937655377597816,0.139231485597765,0.3253371219774946,0.1930812975505027,0.310419376697901,0.1522352787472709,0.2713099431050677
2025-02-03,https://n.news.naver.com/mnews/article/277/0005540813,0.2150832453759597,0.2893336854095879,0.3448964910167095,0.374281025770052,0.3580676047556247,0.3151613041925058,0.3077200014738688,0.2516397782961092
2025-02-03,https://n.news.naver.com/mnews/article/011/0004446216,0.1230337049692533,0.42169517167919,0.0842863542541555,0.4360579648204121,0.1146665651194048,0.4486486427137047,0.1047959426071727,0.4524074773450157
2025-02-03,https://n.news.naver.com/mnews/article/422/0000710457,0.1624363853543035,0.3198349035337324,0.1746020990429362,0.3412533232597282,0.2568977980334563,0.3298705509594168,0.2520759772976113,0.3444694165293582
2025-02-03,https://n.news.naver.com/mnews/article/015/0005088966,0.1617783458072798,0.3367903967338434,0.1768084251777483,0.2635270768233021,0.2079345423259098,0.2904647440903948,0.2491542462425214,0.3134419753391638
2025-02-03,https://n.news.naver.com/mnews/article/119/0002919340,0.1557518813521526,0.2464740322232003,0.1144440552150785,0.1725300009868309,0.1262406389809371,0.1735609608480322,0.1617664950858255,0.1782412086945007
2025-02-03,https://n.news.naver.com/mnews/article/015/0005088964,0.2197172872912869,0.4235160829121764,0.2343867189696929,0.4381520001538297,0.2294607385948466,0.4489822476328062,0.4045116576471579,0.5221023389750595
2025-02-03,https://n.news.naver.com/mnews/article/009/0005437712,0.1488130564276199,0.3793623312101762,0.1210323192046695,0.335661809965757,0.1581267152935917,0.3439432177768917,0.109015713754485,0.3484949781575567
2025-02-03,https://n.news.naver.com/mnews/article/057/0001869766,0.0468395408580732,0.172613926772275,0.0696836286282579,0.1788639663852593,0.1070996732510527,0.2411065781229293,0.0619746710426568,0.2591342029450167
2025-02-03,https://n.news.naver.com/mnews/article/648/0000032995,0.2268055319402633,0.3683439184384272,0.2354109090563141,0.3878706782486692,0.2213562734768445,0.3699427320277946,0.1995650779482723,0.3507610816546815
2025-02-03,https://n.news.naver.com/mnews/article/057/0001869764,0.3497369029387651,0.2780924909890428,0.1689066604836313,0.1853365785781353,0.2301095080428955,0.2001586675235777,0.2496604544873091,0.2375271746105084
2025-02-03,https://n.news.naver.com/mnews/article/011/0004446193,0.3468540247973594,0.2928372337539423,0.2303350960401082,0.2247676899894099,0.2988388952385897,0.266573708157068,0.3686155572318584,0.2816665883992241
2025-02-03,https://n.news.naver.com/mnews/article/057/0001869756,0.1072304416823344,0.3212253995112527,0.14272385622966,0.3316545143085313,0.1644648717187913,0.3038600143503087,0.1521849093109994,0.313634274099048
2025-02-03,https://n.news.naver.com/mnews/article/119/0002919334,0.1579850306715337,0.3815500048890791,0.1552381089420758,0.3674539530937544,0.1565367386420152,0.3859859494298359,0.2505196242303797,0.4029684213009631
2025-02-03,https://n.news.naver.com/mnews/article/648/0000032994,0.1950818565440675,0.3249793415073371,0.3695741949876433,0.3575833373171678,0.259428208098468,0.2692203431903121,0.1522282333395394,0.2184607638629336
2025-02-03,https://n.news.naver.com/mnews/article/021/0002687516,0.1355764398660985,0.3871416948101686,0.0955518697280675,0.3742347378554882,0.2287269187164072,0.3898223922120347,0.1162382755614207,0.3805964008777869
2025-02-03,https://n.news.naver.com/mnews/article/029/0002932881,0.14092903981182,0.3422213125107152,0.1271741492101983,0.3376516198562095,0.1552023438686653,0.3347646921267503,0.1453598297429894,0.3624603713210428
2025-02-03,https://n.news.naver.com/mnews/article/011/0004446183,0.2777917188494239,0.3132140453751499,0.2722551032504743,0.2631996623799845,0.2961611826728063,0.2759550732437116,0.2797970183713744,0.2944043210018342
2025-02-03,https://n.news.naver.com/mnews/article/031/0000905447,0.1991265435783213,0.3037756888262534,0.1776015427761051,0.2556558466054989,0.2053914445470322,0.2390436614533233,0.2530303331405778,0.2948439809553382
2025-02-03,https://n.news.naver.com/mnews/article/009/0005437701,0.1319988116600531,0.347867240046945,0.1713885186133117,0.3964180625898911,0.1749947001433027,0.3763202952368611,0.122633522724212,0.382280050860264
2025-02-03,https://n.news.naver.com/mnews/article/277/0005540786,0.3208872727921007,0.2688836196442506,0.3164205892034379,0.2442746913917199,0.2697208209481503,0.2745020187737664,0.3474839233938643,0.2811892407389907
2025-02-03,https://n.news.naver.com/mnews/article/009/0005437696,0.2197305643282608,0.3241637280179552,0.2188777914711953,0.3241095796302258,0.2532468131237411,0.3035007784541476,0.2756062859831,0.331267273432029
2025-02-03,https://n.news.naver.com/mnews/article/003/0013044480,0.1639548235358064,0.3100248056478353,0.169435702083626,0.3234058467675534,0.2098235421986397,0.326747905395731,0.2006971625493907,0.333348480889967
2025-02-03,https://n.news.naver.com/mnews/article/014/0005302965,0.1579541669633247,0.3214899324623648,0.1503401315436244,0.2574886873504585,0.1976383024744259,0.3072565201486734,0.2617002713082173,0.3104071463519651
2025-02-03,https://n.news.naver.com/mnews/article/014/0005302963,0.096569112234897,0.3735924262846168,0.0986394435683338,0.380007552603226,0.1081482953253027,0.3574350368690387,0.1131543117712418,0.39973504743393
2025-02-03,https://n.news.naver.com/mnews/article/014/0005302950,0.4744790318512973,0.3796247856428804,0.2962881642694839,0.1715976375272168,0.3592151131107542,0.2416470779966921,0.4055209710274498,0.3856047916140951
2025-02-03,https://n.news.naver.com/mnews/article/014/0005302945,0.2915485139101217,0.2442853816372508,0.2784920327881915,0.2471521629048286,0.3068742287588299,0.226527771040078,0.4115075400527632,0.2403666887820006
2025-02-03,https://n.news.naver.com/mnews/article/008/0005148104,0.2548330390965958,0.3162020449516733,0.2241962892314273,0.2771772029772332,0.2058451912724159,0.2609204093419747,0.2723018731410316,0.2982893805375217
2025-02-03,https://n.news.naver.com/mnews/article/015/0005088926,0.1850552871184507,0.3264260943333584,0.1962003059829934,0.343585281278404,0.2151797657007018,0.3088688092318895,0.1806839007764598,0.3158493397492525
2025-02-03,https://n.news.naver.com/mnews/article/018/0005935418,0.1528172141326691,0.2768353904653904,0.1351585253051963,0.1823883825747933,0.134649974626249,0.1965086526025188,0.1564620728695526,0.1874903984340754
2025-02-03,https://n.news.naver.com/mnews/article/015/0005088925,0.1430529351428801,0.2501986393666441,0.1878357467113919,0.3158866193957104,0.2638360308970801,0.302775017984687,0.2647765816655484,0.3012355109730046
2025-02-04,https://n.news.naver.com/mnews/article/277/0005541478,0.1568602699171749,0.2238210309436069,0.1903090502994639,0.2712647131704001,0.2609424589711008,0.2859528565341129,0.2153329466309392,0.2457272427287948
2025-02-04,https://n.news.naver.com/mnews/article/009/0005438405,0.3356597131410934,0.3333732651085366,0.261440670092208,0.2905581534695133,0.305623485714472,0.3228658270213383,0.3819723119493883,0.3367348526931326
2025-02-04,https://n.news.naver.com/mnews/article/014/0005303568,0.3951722875571359,0.1866352642809333,0.2460827171554571,0.1422666062345411,0.3141877474888703,0.1777197035373288,0.2649038504383608,0.0956312123866102
2025-02-04,https://n.news.naver.com/mnews/article/014/0005303567,0.3577931164960219,0.2107933683820993,0.4734595088534701,0.2317251014137377,0.4033630603529093,0.2164851987829175,0.566419978736048,0.306757768538478
2025-02-04,https://n.news.naver.com/mnews/article/014/0005303557,0.321487028482243,0.3122314275615925,0.3187013794365249,0.2548018066265438,0.244015995296232,0.21266070677279,0.3696161477098596,0.2954301140072199
2025-02-04,https://n.news.naver.com/mnews/article/057/0001869977,0.1875632556097227,0.2650863098814736,0.2445784997568415,0.2780696819913003,0.2947324009628222,0.2082687660756771,0.3539132827509521,0.2814736864541658
2025-02-04,https://n.news.naver.com/mnews/article/057/0001869976,0.1014777565778931,0.2414473641982649,0.1533819411014999,0.3015177174012929,0.2385433619432605,0.314909033666122,0.1281982661926146,0.3126773830663928
2025-02-04,https://n.news.naver.com/mnews/article/057/0001869975,0.3730403447165471,0.2649135454604533,0.218218291909515,0.1245657785662523,0.2824444720841738,0.1653692455475594,0.3121024471771954,0.23524193601161
2025-02-04,https://n.news.naver.com/mnews/article/011/0004446695,0.1259801466188243,0.2781823670822221,0.2195650106310305,0.3371852899372662,0.2575357665756812,0.2970750346132581,0.2731052114620713,0.3715494048225021
2025-02-04,https://n.news.naver.com/mnews/article/243/0000072201,0.0802342859640941,0.2860007045322181,0.2221708547257396,0.2819933779607818,0.2128214493360389,0.2631241411237278,0.3452593803214708,0.3861272957516686
2025-02-04,https://n.news.naver.com/mnews/article/648/0000033042,0.2247891679542638,0.2241320962352945,0.2479891726455801,0.1323764671122046,0.1659916382183805,0.2162638293760976,0.2061165313832673,0.1790337354112429
2025-02-04,https://n.news.naver.com/mnews/article/029/0002933171,0.3164942434395001,0.3166126182861089,0.2873183836199089,0.2991716399361502,0.3034223485176948,0.2790338295955929,0.3934877524410652,0.338741755070965
2025-02-04,https://n.news.naver.com/mnews/article/003/0013046962,0.2693180029889868,0.1832621432975734,0.1959775963333289,0.114851288663367,0.2566772603454407,0.214455102523309,0.2204829849373673,0.1162736749579431
2025-02-04,https://n.news.naver.com/mnews/article/648/0000033041,0.4037312651938473,0.2744087769135567,0.4572331784810096,0.2797651710161352,0.4335564505363014,0.2362864147589759,0.4373420376028084,0.2407414539357799
2025-02-04,https://n.news.naver.com/mnews/article/648/0000033040,0.0846134715954795,0.3259433952943412,0.1096012946745302,0.2345684201651092,0.0980540135323133,0.3043148924760341,0.2555797102563504,0.3404408023336466
2025-02-04,https://n.news.naver.com/mnews/article/008/0005148661,0.1721003324069069,0.3227042022187284,0.1717544322950618,0.3450952493156984,0.2455655855231448,0.3547917523922297,0.211991986178384,0.3368964880890485
2025-02-04,https://n.news.naver.com/mnews/article/011/0004446680,0.2959434737363116,0.3247726753665345,0.2947650027079556,0.2903003976891858,0.2160868122146804,0.2382130313269246,0.2624648769972356,0.268413102349085
2025-02-04,https://n.news.naver.com/mnews/article/018/0005936342,0.280073328035307,0.371410177722325,0.3303075648040737,0.3180118475457721,0.2797681933124881,0.3652666245014764,0.3194705699648026,0.3856329431305638
2025-02-04,https://n.news.naver.com/mnews/article/015/0005089483,0.3290111951094422,0.2920413868629148,0.3345686923399681,0.2524167756699479,0.2716219315577931,0.1908881557962947,0.3565079962812787,0.2420531981696014
2025-02-04,https://n.news.naver.com/mnews/article/648/0000033039,0.2873759898249539,0.3570741765185579,0.2385434114562281,0.2571030988011419,0.2736507184219441,0.2901357461493039,0.2943875838278005,0.286257239367742
2025-02-04,https://n.news.naver.com/mnews/article/366/0001051210,0.2874426663808673,0.2786905474118004,0.290246168669493,0.2332036139679476,0.2439958820208482,0.2009947553481074,0.2752764800004751,0.21043012949858
2025-02-04,https://n.news.naver.com/mnews/article/009/0005438328,0.4382209400952899,0.3691656679306415,0.41322903607743,0.3430827766918304,0.4249715313213131,0.3150527937833563,0.3983353527557231,0.2985596978835234
2025-02-04,https://n.news.naver.com/mnews/article/001/0015191870,0.3340529089056939,0.2978991457652929,0.3394069144013714,0.2457798668202689,0.2588695939543754,0.1857704285541276,0.3593461671870073,0.2616262033444272
2025-02-04,https://n.news.naver.com/mnews/article/029/0002933159,0.3562156361473929,0.2694777211352849,0.2686716443993665,0.2046571401113222,0.3428707764463297,0.2199086156932957,0.3684710814201782,0.2721783652028748
2025-02-04,https://n.news.naver.com/mnews/article/029/0002933158,0.4055576245761784,0.3255092612228219,0.3271939613901211,0.2404925272206967,0.3915440361447322,0.2736930425250515,0.5063265583259463,0.3585548367447379
2025-02-04,https://n.news.naver.com/mnews/article/008/0005148654,0.1866888805221875,0.3270356591414348,0.2412988282668642,0.3980030938447699,0.4357630988611736,0.4894363616245938,0.2944613659577926,0.3032760928883188
2025-02-04,https://n.news.naver.com/mnews/article/366/0001051205,0.2586406518688185,0.2207343172407712,0.2225235387845598,0.1279044594839818,0.2642247299415952,0.1833702024185666,0.3871099636092164,0.2853167928145018
2025-02-04,https://n.news.naver.com/mnews/article/015/0005089467,0.2291143214433053,0.3530426444432883,0.2287859860863481,0.3461353674542656,0.2082714388323812,0.3304730301525828,0.1682953511096479,0.2732658741610393
2025-02-04,https://n.news.naver.com/mnews/article/015/0005089464,0.3746618357166095,0.2391649276304842,0.3243176743887381,0.168340699565239,0.3240620209733398,0.1817810210732529,0.3583000871113102,0.1451667333242906
2025-02-04,https://n.news.naver.com/mnews/article/015/0005089462,0.2949545774211879,0.3569716294256255,0.2738365719451767,0.2967322422769894,0.270261654977705,0.2742872788108162,0.305822597484523,0.3159197372483036
2025-02-04,https://n.news.naver.com/mnews/article/018/0005936324,0.3962519264563732,0.3125145930627435,0.2872442646168424,0.1806853992179125,0.2305641819315253,0.1313683771374377,0.2982535730866334,0.1525008969936857
2025-02-04,https://n.news.naver.com/mnews/article/015/0005089458,0.1867299681938018,0.2348611475189804,0.239367457907189,0.2644137539931523,0.2827862441589113,0.2627395092685449,0.2279572080787803,0.2092471192607702
2025-02-05,https://n.news.naver.com/mnews/article/009/0005439095,0.131441250469437,0.3809657415542719,0.1996495352669106,0.4361893174411957,0.3037441278041411,0.4940822995053221,0.1818982145423784,0.4289372691040612
2025-02-05,https://n.news.naver.com/mnews/article/277/0005542133,0.1976967110673239,0.2905468816415148,0.2045842153877042,0.301777787016334,0.2626157594991461,0.3026713352268318,0.2234295837057688,0.2626948316262115
2025-02-05,https://n.news.naver.com/mnews/article/277/0005542131,0.1441017007114173,0.1915921354117064,0.2135035754939472,0.2424469805517251,0.2043922681585468,0.2356666852454996,0.170855245447204,0.2149995767195177
2025-02-05,https://n.news.naver.com/mnews/article/422/0000711145,0.1026436172372016,0.2954058883331042,0.1979461784926975,0.3074519411900454,0.2617734326899252,0.3265111041406369,0.2378368664902125,0.3607436982446907
2025-02-05,https://n.news.naver.com/mnews/article/469/0000847437,0.1452438191423325,0.3288302174764839,0.1460330108711059,0.27993880857486,0.1090890115516884,0.3170306472240934,0.2162539233169143,0.3328189269509798
2025-02-05,https://n.news.naver.com/mnews/article/009/0005439075,0.228141074358757,0.3857681257970483,0.2042425827772353,0.3626240947030088,0.2055853013915747,0.3507230205397523,0.2712870323274363,0.3883954761988161
2025-02-05,https://n.news.naver.com/mnews/article/011/0004447211,0.1983280436986468,0.3711814454243965,0.1368403046900903,0.2490671922245122,0.1399285222225904,0.2936989064751026,0.2347592224208096,0.3087549262732411
2025-02-05,https://n.news.naver.com/mnews/article/277/0005542126,0.2689492775591326,0.3485702393989911,0.2457089561377631,0.2924527013997938,0.3033761071781894,0.3483449840347928,0.3302425385377366,0.3458328642413856
2025-02-05,https://n.news.naver.com/mnews/article/011/0004447202,0.2692286266966881,0.2906610138614442,0.2197070294673979,0.208943980613549,0.2031507667303055,0.1967528100138607,0.2427774397864161,0.2228895920768143
2025-02-05,https://n.news.naver.com/mnews/article/057/0001870191,0.2536957261879022,0.3020334955487094,0.0921066163046345,0.2154299855081657,0.1484582270100731,0.2477107751719371,0.1614472895648023,0.3009096612327517
2025-02-05,https://n.news.naver.com/mnews/article/057/0001870190,0.122399384736687,0.1777624095338041,0.1612142838533111,0.206317872117715,0.2575257353487807,0.2427249677632859,0.1818804946735778,0.1389047470286535
2025-02-05,https://n.news.naver.com/mnews/article/057/0001870188,0.1280421654024604,0.2476408719497376,0.2671077325030603,0.2900020083934321,0.2114763318803452,0.2976936707077631,0.1742288616355778,0.3289481388394523
2025-02-05,https://n.news.naver.com/mnews/article/009/0005439051,0.1716245471041673,0.2274398979351758,0.1715648013392696,0.2233293724125279,0.2102167818826675,0.2301556602778688,0.3222872206083432,0.28778485854934
2025-02-05,https://n.news.naver.com/mnews/article/057/0001870168,0.1921580980310244,0.271015734156234,0.2225256876146124,0.3241413756850633,0.3612694178704474,0.3710169652239972,0.2465820544175478,0.2336118522782577
2025-02-05,https://n.news.naver.com/mnews/article/057/0001870167,0.1148030489503696,0.2271768782906049,0.1665200420308902,0.2261154372819994,0.2881168625913282,0.2300900540564395,0.208504407936006,0.1988224891724327
2025-02-05,https://n.news.naver.com/mnews/article/009/0005439050,0.2644896767658257,0.3260854913163331,0.2623628779352525,0.2904044702529996,0.2863537157157897,0.2787652214514756,0.3610405289046534,0.36733585874636
2025-02-05,https://n.news.naver.com/mnews/article/277/0005542110,0.1739769468462557,0.3532137872980734,0.1340993503692202,0.3115397347407629,0.0532687637634317,0.334237320963812,0.1583788448949386,0.3684130891719331
2025-02-05,https://n.news.naver.com/mnews/article/018/0005937251,0.2277063983099585,0.3514041522877708,0.2354049950309594,0.3017832714837187,0.2054223954641379,0.2837807948687738,0.2887376701175757,0.3359869785672621
2025-02-05,https://n.news.naver.com/mnews/article/018/0005937249,0.4022577167249475,0.3739278913658395,0.3266570918610784,0.3460145138895645,0.3736126707236196,0.3328362767359126,0.3639790102895961,0.344618117081438
2025-02-05,https://n.news.naver.com/mnews/article/011/0004447193,0.289894258170521,0.2405889761674846,0.2915282507875823,0.1755720047086961,0.3269305708989709,0.2146840477864046,0.3002014885248364,0.1696339829662189
2025-02-05,https://n.news.naver.com/mnews/article/008/0005149245,0.1476209725537847,0.3287498936409394,0.1550387372604358,0.2518048845205061,0.0933186039283843,0.2812761383407489,0.1898878463079357,0.2972638949581091
2025-02-05,https://n.news.naver.com/mnews/article/366/0001051552,0.143045380584163,0.3060868404788946,0.1743543809942195,0.2809977085757136,0.0761523556750143,0.2668851993005734,0.1714672868982255,0.3452405348432658
2025-02-05,https://n.news.naver.com/mnews/article/648/0000033098,0.2978450620609549,0.3928118871602607,0.2762842108682147,0.381099042343545,0.266095294514377,0.3585044017658502,0.2408339810465578,0.3552352306700024
2025-02-05,https://n.news.naver.com/mnews/article/243/0000072264,0.3927524902937013,0.271699670311826,0.3399440114821168,0.2309553710581526,0.3269810613112312,0.1776640938346165,0.3719017795235733,0.180455876165543
2025-02-05,https://n.news.naver.com/mnews/article/008/0005149242,0.3610802838544386,0.3320047466811883,0.2372396900739908,0.2399248899477305,0.2599560705329093,0.2701448135858093,0.2676116551759911,0.2764972155197903
2025-02-05,https://n.news.naver.com/mnews/article/648/0000033097,0.3147142722522085,0.25914802244692,0.3510291667088714,0.2454802272054894,0.3208430746162213,0.1835279626331078,0.3231462606754926,0.1825665010146878
2025-02-05,https://n.news.naver.com/mnews/article/417/0001056140,0.2204317330264065,0.3020142774543587,0.3336763680233314,0.4127177921864687,0.2915276286814744,0.3670739979372165,0.2592113882976581,0.3730870351714987
2025-02-05,https://n.news.naver.com/mnews/article/119/0002920259,0.3712914618850989,0.2978441198412444,0.4159829051901812,0.3180356930871639,0.2833154102079036,0.1502704533476375,0.4283783127512339,0.2756685354144614
2025-02-05,https://n.news.naver.com/mnews/article/243/0000072263,0.1864421545955373,0.3096220591619972,0.1585927719529297,0.2948125922241502,0.3465778831779276,0.3670702837560878,0.1759443598143361,0.2748335991172513
2025-02-06,https://n.news.naver.com/mnews/article/009/0005439850,0.4858020601231539,0.3270787122489315,0.3022123948230548,0.1865681971225903,0.3261929007474515,0.2339418824834284,0.4068564259193588,0.2846651256417213
2025-02-06,https://n.news.naver.com/mnews/article/009/0005439845,0.2884248395820938,0.2665467600355347,0.3002265827114748,0.2466736209256161,0.2768598384738122,0.2533445159904546,0.3255742414483193,0.2718223189935294
2025-02-06,https://n.news.naver.com/mnews/article/009/0005439842,0.2937091745543475,0.3103455942213017,0.3216685013981967,0.2584608480958296,0.2712612368415718,0.2177518014465232,0.3585712399622127,0.2786503954491205
2025-02-06,https://n.news.naver.com/mnews/article/277/0005542824,0.1475775902595417,0.2853026715866536,0.1538709179659342,0.3068281636231299,0.2191498289856732,0.2935995976599444,0.1707185896011956,0.3450208180604991
2025-02-06,https://n.news.naver.com/mnews/article/009/0005439832,0.2020952427419823,0.2825529383660369,0.2429524749684699,0.2034588571135626,0.2854662172749699,0.2391841278700732,0.3643276295581588,0.3107866714795522
2025-02-06,https://n.news.naver.com/mnews/article/008/0005149906,0.2155811763378413,0.3135882178122374,0.2208528437571854,0.2762572792916031,0.1546032340809391,0.2698314124006374,0.2633721033604037,0.3160731568384655
2025-02-06,https://n.news.naver.com/mnews/article/018/0005938286,0.2474957707084331,0.324198665348708,0.2234612099434567,0.2809448334775663,0.2536315066401464,0.2524048324648048,0.3412561844804009,0.3727795359587739
2025-02-06,https://n.news.naver.com/mnews/article/018/0005938280,0.0579265222678121,0.2450694286094008,0.0955627644954012,0.1512103789361279,0.0690877042845615,0.2202841738023047,0.2141129355373833,0.2375320274596428
2025-02-06,https://n.news.naver.com/mnews/article/009/0005439809,0.1247137114029191,0.2251225478035164,0.2110429714642882,0.1941784611414745,0.2433960967395204,0.2274116781100157,0.3167066993481117,0.3300745535165366
2025-02-06,https://n.news.naver.com/mnews/article/057/0001870404,0.2208058221476731,0.2307224920562363,0.2517040804525184,0.2242454479558726,0.2429504010795378,0.1846448480244815,0.2423059344559911,0.1785465999001042
2025-02-06,https://n.news.naver.com/mnews/article/057/0001870397,0.1452438390961549,0.2613183305591468,0.1916699168447306,0.2740045193036798,0.1409054625458719,0.1714522808339005,0.1252961444498765,0.1822964746051698
2025-02-06,https://n.news.naver.com/mnews/article/277/0005542804,0.2773736349903999,0.3401474699725303,0.2024510283921935,0.2899481887558722,0.3476368832798897,0.3739219092144724,0.2478571041336776,0.3085593632826645
2025-02-06,https://n.news.naver.com/mnews/article/009/0005439789,0.3440793963648774,0.3073571186362712,0.3200471489244247,0.2672058100794108,0.2916599452615697,0.2584265707170545,0.3770360104164248,0.2951885189628704
2025-02-06,https://n.news.naver.com/mnews/article/009/0005439788,0.3040101699305528,0.3166638015269037,0.3190050484605145,0.3155985413845909,0.2926008989760083,0.2725584477752491,0.3647835774492456,0.3230296218627369
2025-02-06,https://n.news.naver.com/mnews/article/243/0000072332,0.1974698370928706,0.1496303871266721,0.2935638388123321,0.1389189934979363,0.2347946897040986,0.1588269309705476,0.2721542434936632,0.1647672049034216
2025-02-06,https://n.news.naver.com/mnews/article/277/0005542796,0.1370873878783401,0.2480735096767833,0.258867480858491,0.2489823469068088,0.303942222785415,0.2503455583965658,0.2684356489676199,0.2666254338289502
2025-02-06,https://n.news.naver.com/mnews/article/018/0005938262,0.1580432633276665,0.3538517437226742,0.1919371066965639,0.3104924576525996,0.2269988967500282,0.3027296903150488,0.3525937186172105,0.4107379729407382
2025-02-06,https://n.news.naver.com/mnews/article/018/0005938260,0.1551275467255992,0.2814173007796566,0.1339727330410684,0.172023081692982,0.1389590152924515,0.1898678782887903,0.1825642536696378,0.1943722108075948
2025-02-06,https://n.news.naver.com/mnews/article/008/0005149885,0.2206233831323224,0.3199531099901507,0.3124166560980916,0.3221579492299709,0.291444609495577,0.2459190875907055,0.3999597439351249,0.3596432228784078
2025-02-06,https://n.news.naver.com/mnews/article/119/0002920758,0.3510184734176818,0.3271179007981767,0.2969329424425761,0.2819207932063375,0.3044436021042263,0.2885904240187601,0.4694524411578808,0.3586523797946616
2025-02-06,https://n.news.naver.com/mnews/article/003/0013052169,0.2191690792829864,0.2003061434002968,0.2282748204484539,0.1496222354420861,0.2905597835737682,0.229972996935689,0.2084443156686338,0.1282234903244858
2025-02-06,https://n.news.naver.com/mnews/article/119/0002920757,0.2870449082190808,0.1663413010488884,0.3640588348683825,0.1813231571872953,0.317456965703737,0.1271029986735,0.3954766707727129,0.1427249230595398
2025-02-06,https://n.news.naver.com/mnews/article/011/0004447691,0.3747039852624308,0.296408796204661,0.3707195004966209,0.2842435301510582,0.3417925450098135,0.2333198648012706,0.4225165668638209,0.3305665154031129
2025-02-06,https://n.news.naver.com/mnews/article/008/0005149879,0.4354614768587452,0.3356363588936069,0.2519637650810511,0.2185255933489258,0.2844707456015449,0.2638950660578093,0.3112886534390893,0.2830320695973565
2025-02-06,https://n.news.naver.com/mnews/article/014/0005304806,0.2178242106141948,0.3279546922166852,0.3065029301726381,0.297388598343102,0.2819259607085532,0.2618477855261206,0.3477167349405854,0.3727512616346874
2025-02-06,https://n.news.naver.com/mnews/article/014/0005304804,0.2444978250886136,0.3454495128013578,0.312613208031859,0.3426417280769777,0.3292563219243231,0.3309831904276946,0.3530090623626774,0.3706855501897826
2025-02-06,https://n.news.naver.com/mnews/article/014/0005304803,0.3529084553291732,0.2320174741485939,0.266764814200118,0.1250155204957557,0.3609966459185181,0.1940265231243404,0.4194928267127039,0.2876849533613302
2025-02-06,https://n.news.naver.com/mnews/article/014/0005304802,0.3512437158799507,0.2518207079739852,0.3025484351327038,0.1732391608283322,0.360119991863548,0.2115162692041929,0.4297586818299245,0.292244222676423
2025-02-06,https://n.news.naver.com/mnews/article/008/0005149875,0.3707474261292372,0.3267601081145004,0.2950987781222539,0.2571816275517166,0.3027474611117037,0.2715608377883358,0.4253627838701534,0.3355559412999622
2025-02-07,https://n.news.naver.com/mnews/article/003/0013054469,0.098025701074244,0.1660959833269857,0.1357501644693707,0.2242764397525383,0.1681662122157248,0.2039840635410035,0.130236580878096,0.1752487511905003
2025-02-07,https://n.news.naver.com/mnews/article/009/0005440486,0.4142148065995679,0.3458314513335861,0.3002750480370973,0.2525958846517834,0.3724722542209494,0.3096305917525317,0.3743535976382279,0.3012102912854514
2025-02-07,https://n.news.naver.com/mnews/article/015/0005091412,0.1413969549255397,0.2438691946745457,0.2050333754286222,0.1973818611068081,0.0938763742687422,0.1930942199202919,0.2500024098368664,0.258592205802151
2025-02-07,https://n.news.naver.com/mnews/article/015/0005091411,0.1456195224899526,0.2375341132120071,0.2131867827523464,0.1999424344406035,0.076809503798371,0.1832376341603624,0.2587997839924313,0.2565363506654357
2025-02-07,https://n.news.naver.com/mnews/article/215/0001197766,0.1710826180149384,0.1819213296133486,0.2393917467899625,0.2291207848971707,0.2564840711136614,0.2149808248855224,0.2718254426207564,0.1568231431513632
2025-02-07,https://n.news.naver.com/mnews/article/008/0005150389,0.1254894635512334,0.2271298871431756,0.1508582007493152,0.1581682041704273,0.0843402991205605,0.1561624530810329,0.2445714888995792,0.2369518943419894
2025-02-07,https://n.news.naver.com/mnews/article/215/0001197765,0.150057115559195,0.2501854751867007,0.233420263225812,0.216059671684234,0.1103704634346794,0.1743138835506935,0.2721503864922839,0.2705001567329501
2025-02-07,https://n.news.naver.com/mnews/article/018/0005938970,0.4284638386875048,0.3463457231081475,0.360345482070282,0.2358755223968238,0.4384779554560911,0.2952397514208041,0.3899277913082872,0.274527458379722
2025-02-07,https://n.news.naver.com/mnews/article/366/0001052243,0.1340745798570931,0.1007276175810032,0.090134904829619,0.0,0.1359076859110606,0.0384721316438897,0.2134424529694152,0.0396574902343058
2025-02-07,https://n.news.naver.com/mnews/article/009/0005440446,0.2171572289144596,0.339846413619826,0.2650926104439908,0.2758794981739785,0.2820125634519455,0.2749347860857733,0.3605434733184531,0.3645330841815338
2025-02-07,https://n.news.naver.com/mnews/article/417/0001056692,0.2702350282859369,0.2802188888630552,0.3412640260139838,0.2870918694994122,0.3329842414239158,0.2845548718575463,0.3557884589884342,0.2908974159827289
2025-02-07,https://n.news.naver.com/mnews/article/119/0002921117,0.1031559369524604,0.3722306689840472,0.0887890269451646,0.3862570653672184,0.076140034407985,0.3852534566991987,0.1907256876505769,0.457302715463805
2025-02-07,https://n.news.naver.com/mnews/article/469/0000847842,0.2839776890631063,0.2872324159243462,0.3283716682303373,0.2621402615968056,0.3045466670716882,0.2254995619211991,0.4247298718080821,0.2907775467032971
2025-02-07,https://n.news.naver.com/mnews/article/119/0002921114,0.1323743125786631,0.441003276012655,0.1417685483692242,0.4953315212403011,0.0963743170523571,0.4986774491432393,0.2137192499315033,0.538120958376588
2025-02-07,https://n.news.naver.com/mnews/article/421/0008062728,0.1607926884340706,0.2106257951644599,0.1563085341257595,0.1572224515527941,0.2296734782344086,0.2299523014275927,0.2573938273487761,0.2420377612835035
2025-02-07,https://n.news.naver.com/mnews/article/001/0015198845,0.2449763573825407,0.3812730498334366,0.280839734702103,0.3672915972179969,0.2735018833182988,0.3569384937850494,0.2719433323496594,0.3585376743439002
2025-02-07,https://n.news.naver.com/mnews/article/011/0004448115,0.3040944197882765,0.3024519032688524,0.2936635735465653,0.2425089030355794,0.3160784473068441,0.2320737515955499,0.4912476853621826,0.3479276542744299
2025-02-07,https://n.news.naver.com/mnews/article/018/0005938931,0.3217599606769356,0.2769245558181663,0.251109349905829,0.2119994206801666,0.2493834649156541,0.2151228273590592,0.2761630778316588,0.2826241299788922
2025-02-07,https://n.news.naver.com/mnews/article/008/0005150355,0.3215579789999364,0.2792013482945421,0.3005307724372051,0.2860817538529799,0.3301653539768425,0.2539477197256632,0.3346400084866539,0.2340806318216766
2025-02-07,https://n.news.naver.com/mnews/article/031/0000906888,0.1663004191797895,0.4148178939057337,0.2365791968419845,0.3641771393781413,0.1909856503461536,0.3495156253818037,0.345576365913299,0.4840243807873383
2025-02-07,https://n.news.naver.com/mnews/article/003/0013054211,0.308356195098473,0.2678005802742141,0.2396558792986201,0.1890047147522552,0.2578950390110189,0.197175273800306,0.3310545825195755,0.2393839153860797
2025-02-07,https://n.news.naver.com/mnews/article/648/0000033190,0.3259873648501999,0.2046949459962793,0.480304043033499,0.2886625029936949,0.3816942760601248,0.2092748101752262,0.3587507565576772,0.1884462807077043
2025-02-07,https://n.news.naver.com/mnews/article/018/0005938924,0.1652156723650861,0.3950994394050454,0.1475029487852959,0.4335547148231612,0.1668761984717927,0.4307817456740901,0.1920868591767873,0.4376070358182355
2025-02-07,https://n.news.naver.com/mnews/article/001/0015198832,0.2303814944850659,0.2083567300135556,0.3662813425219514,0.2643699163195187,0.3378551365940994,0.2437338449581182,0.3015404895274215,0.1797739452432704
2025-02-07,https://n.news.naver.com/mnews/article/018/0005938923,0.1757484523549399,0.3156819988574673,0.2349746169667831,0.304250560356672,0.2409369806179341,0.3337050762989787,0.3277201747022901,0.3823076643699393
2025-02-07,https://n.news.naver.com/mnews/article/031/0000906883,0.0655596642601994,0.3707699059239255,0.112603382151895,0.4094894245665731,0.1561632577626964,0.4120165679084094,0.2262490595625652,0.4912733928395003
2025-02-07,https://n.news.naver.com/mnews/article/018/0005938919,0.340289644047095,0.2950451244381575,0.3077425758627025,0.2397905948214169,0.3206304515839939,0.2705511176768803,0.3389044517833681,0.2673531544077909
2025-02-07,https://n.news.naver.com/mnews/article/011/0004448104,0.1133481221860423,0.2461305202949548,0.1905776008374185,0.1635290889790453,0.103192606928191,0.1784274122002717,0.266449394400246,0.2494457784618242
2025-02-07,https://n.news.naver.com/mnews/article/008/0005150342,0.15393702300886,0.3275825170622832,0.2232788994686745,0.3804556228674354,0.4348984531740211,0.4664296373361082,0.2319908374382057,0.2539305710872437
2025-02-07,https://n.news.naver.com/mnews/article/015/0005091322,0.2129360060214788,0.4640881712481987,0.2148251882315525,0.4139857790171302,0.3135804856151404,0.4380836356642856,0.3454440006495671,0.4994262982808766
2025-02-08,https://n.news.naver.com/mnews/article/009/0005440646,0.3222347745985459,0.2479980884760293,0.3237901135659716,0.2367272167976773,0.2608883735767168,0.1746014030819043,0.2875864356889053,0.1891377903022136
2025-02-08,https://n.news.naver.com/mnews/article/057/0001870726,0.1787969735080486,0.2739666213255247,0.1440808566375917,0.2982960992376269,0.3888600314278252,0.4041945059587598,0.2121017714591126,0.233225062485072
2025-02-08,https://n.news.naver.com/mnews/article/277/0005543516,0.2183724029985728,0.3582813569359195,0.1981056889464994,0.2912526136657864,0.2122900550367658,0.3518419854037209,0.2602940189745786,0.3535174244715041
2025-02-08,https://n.news.naver.com/mnews/article/015/0005091507,0.4982837147180826,0.3229124104177422,0.3362538159795002,0.2190730634821488,0.3971674507014787,0.2582821506387513,0.4233057737132422,0.2781112627784204
2025-02-08,https://n.news.naver.com/mnews/article/018/0005939173,0.0299105335366677,0.0643186783081324,0.0901567390504601,0.1696642855446492,0.0943243548401288,0.1472098322634155,0.0351272993775292,0.090711520551607
2025-02-08,https://n.news.naver.com/mnews/article/018/0005939161,0.0254069980890735,0.2250020358123311,0.0,0.1443935702177765,0.0,0.1014102771895721,0.0385299162070871,0.1018316010638736
2025-02-08,https://n.news.naver.com/mnews/article/018/0005939157,0.0258425943044019,0.2026270331529166,0.0,0.1383771887672521,0.0253650262409118,0.1340880223824632,0.0333099999332417,0.1106785397261158
2025-02-08,https://n.news.naver.com/mnews/article/018/0005939149,0.0,0.1234538269829231,0.0,0.1330039685374985,0.0243327430998731,0.0911351910426191,0.0219368427579348,0.0747444915629899
2025-02-08,https://n.news.naver.com/mnews/article/366/0001052335,0.058512255086477,0.3070980762725761,0.1755027690565963,0.2589434149261727,0.0863965037166948,0.2535587161873626,0.2551273374920125,0.3293841623605599
2025-02-08,https://n.news.naver.com/mnews/article/018/0005939143,0.0426249921726479,0.1587911247712607,0.0381892170653514,0.2088372355123148,0.0717732957541316,0.1189377248911274,0.1355679788184619,0.1554941863929115
2025-02-08,https://n.news.naver.com/mnews/article/648/0000033200,0.3459381397413963,0.242533799255569,0.3470616446126224,0.1895973777191025,0.2950853616511035,0.1447073505532792,0.3017803452501745,0.1607629100007635
2025-02-08,https://n.news.naver.com/mnews/article/003/0013054947,0.1969790192440112,0.4151397706322325,0.1895366870050337,0.367285603930901,0.2104410092542261,0.3822884888748413,0.2694406165358101,0.4119485834068213
2025-02-08,https://n.news.naver.com/mnews/article/648/0000033199,0.363992090889015,0.2488346499783245,0.2087278858271811,0.0765006681341374,0.310914993451199,0.1722129467432174,0.2749513268699619,0.1777435900813173
2025-02-08,https://n.news.naver.com/mnews/article/018/0005939124,0.0626984572684673,0.2359130484096264,0.0155468203566496,0.1457822796589778,0.0313838738816009,0.1848014178004645,0.0452149811079999,0.0809772532062663
2025-02-08,https://n.news.naver.com/mnews/article/018/0005939120,0.0224274184556518,0.1551734484467409,0.0,0.0653591808284392,0.0245758926892057,0.1019872622788589,0.0563462029757313,0.0462625163255043
2025-02-08,https://n.news.naver.com/mnews/article/018/0005939116,0.0519814004493557,0.1607533351181053,0.034893766845736,0.1549486387725915,0.1089466300562524,0.1791770281277903,0.0840867843076915,0.1490012554277857
2025-02-08,https://n.news.naver.com/mnews/article/018/0005939101,0.1115202223153683,0.0568411132930312,0.1017912084473682,0.0621870233521548,0.2158269200151811,0.1290842623806521,0.1110922849295509,0.0564624479210763
2025-02-08,https://n.news.naver.com/mnews/article/015/0005091473,0.2145951436202405,0.3472796013979045,0.2771861330857325,0.315722403882873,0.2899875117952099,0.3076924743862428,0.3830180531025178,0.3974306282115231
2025-02-08,https://n.news.naver.com/mnews/article/018/0005939095,0.0179419413424837,0.1250928844850432,0.0,0.1087311107445319,0.0,0.1159693361101718,0.0164377693129921,0.0352932795930698
2025-02-08,https://n.news.naver.com/mnews/article/215/0001197791,0.278078282373043,0.3844469662131952,0.3390699639918273,0.3300093040577573,0.3123020686284035,0.2905539834766356,0.4292306977351557,0.4015504091973136
2025-02-08,https://n.news.naver.com/mnews/article/018/0005939092,0.0138014921965098,0.1837566297110165,0.0,0.1253921547209062,0.0,0.084032681697115,0.0339056717081696,0.1095561648130771
2025-02-08,https://n.news.naver.com/mnews/article/648/0000033196,0.3285443772731539,0.2518399158118857,0.2259825634840745,0.1467910552758545,0.3633582292201103,0.2054545046559897,0.3662863342124892,0.2806505844281418
2025-02-08,https://n.news.naver.com/mnews/article/421/0008063165,0.4676263404345452,0.326666422068174,0.3304984185774394,0.2226018155527166,0.3751303792825942,0.2552977776496868,0.4222167105517543,0.2701691836197862
2025-02-08,https://n.news.naver.com/mnews/article/018/0005939074,0.4544721774832864,0.3031143301963328,0.2815185666141235,0.1942094498710077,0.3537344291187159,0.24190853469396,0.3309759672354981,0.2308342251713646
2025-02-08,https://n.news.naver.com/mnews/article/057/0001870657,0.4277992801826657,0.3618143110435454,0.3161318622004503,0.2713975609736139,0.2618432476153086,0.2490140219794781,0.3781750945148029,0.3060708267082689
2025-02-08,https://n.news.naver.com/mnews/article/018/0005939072,0.0230709341060654,0.1656856462457281,0.0859411773933548,0.134706198758616,0.0518780419012396,0.1680335002018038,0.0496142136507922,0.1223824769561967
2025-02-08,https://n.news.naver.com/mnews/article/018/0005939067,0.0440558637368025,0.0736637623375463,0.0223432496258647,0.2115285817252977,0.0513329566346974,0.0609150497779297,0.0223837750100711,0.041671847044631
2025-02-08,https://n.news.naver.com/mnews/article/011/0004448210,0.2825834832089516,0.2603457004650044,0.2968140937230584,0.2355732828638878,0.2985465196200479,0.2328939164387801,0.3343311143887604,0.2489597639476272
2025-02-08,https://n.news.naver.com/mnews/article/629/0000362767,0.0943124790587521,0.3201942833642788,0.1033215132671515,0.3163361918369505,0.1159187733035314,0.3101596488428598,0.1523856636948401,0.3001473677630126
2025-02-08,https://n.news.naver.com/mnews/article/018/0005939065,0.2473992086604222,0.2397186180489534,0.2196110443466484,0.1996148288676718,0.2103502378045303,0.2133820210644163,0.2445378018117957,0.1990246690299667
2025-02-09,https://n.news.naver.com/mnews/article/009/0005440993,0.1897550691686124,0.3446018075725703,0.2553638385434994,0.2919758902546971,0.3127957185252344,0.2885430164022983,0.3848127043330492,0.3990042627202004
2025-02-09,https://n.news.naver.com/mnews/article/014/0005305674,0.2128529411623068,0.3115126049799135,0.2482199900620388,0.275515208420524,0.154909926819365,0.2155466162634413,0.2922239641223056,0.3358459250626083
2025-02-09,https://n.news.naver.com/mnews/article/011/0004448495,0.3338364031443487,0.2730578725135403,0.3361436197071907,0.2380902811658128,0.4073345216441941,0.3147932811233129,0.3309454629077786,0.2250570895049294
2025-02-09,https://n.news.naver.com/mnews/article/057/0001870812,0.1604615369369357,0.3299552656816701,0.2274602488514807,0.3871290749726592,0.393985596694029,0.4381986531968166,0.2829731095813443,0.2901101366836832
2025-02-09,https://n.news.naver.com/mnews/article/057/0001870811,0.1735333256103043,0.2281059523378387,0.2647191019111652,0.317810914211609,0.3066712267113768,0.2321414306618618,0.3005039181365003,0.3420890951376542
2025-02-09,https://n.news.naver.com/mnews/article/008/0005150661,0.1208996823853922,0.31412266388024,0.0978966996991953,0.2590056486731897,0.2262192989123256,0.3347499375880924,0.242467134670405,0.3972772891434886
2025-02-09,https://n.news.naver.com/mnews/article/009/0005440963,0.2407015386126417,0.2354296234280879,0.2609794243326294,0.1902913433547021,0.2839022414007001,0.198248896693742,0.3955623063686611,0.2945861319014324
2025-02-09,https://n.news.naver.com/mnews/article/015/0005091843,0.2024672694965014,0.3266360102513653,0.2151859392596133,0.3051117376237535,0.2250616774067455,0.3049953286964357,0.2808164461504705,0.3346239045244633
2025-02-09,https://n.news.naver.com/mnews/article/015/0005091809,0.218386095165978,0.3493782271718001,0.2779207608505371,0.3157165182085607,0.290580614394223,0.3077963027878289,0.383157199667658,0.3970287821289922
2025-02-09,https://n.news.naver.com/mnews/article/015/0005091807,0.2659183949603335,0.3104782391545064,0.3058122184966778,0.2794233236952259,0.2914535559510342,0.2867643748044088,0.4036711481896919,0.3420506470740654
2025-02-09,https://n.news.naver.com/mnews/article/014/0005305609,0.2649637152210453,0.2683473968530658,0.2794402453445819,0.2485182688910164,0.2441671453819851,0.2523166382213367,0.2906517950359722,0.2605606180544514
2025-02-09,https://n.news.naver.com/mnews/article/014/0005305608,0.3982385741692569,0.3767786917130415,0.3426380752173651,0.3618248405168328,0.3386032445137908,0.3400356106949118,0.3746319861282071,0.3587098071633858
2025-02-09,https://n.news.naver.com/mnews/article/014/0005305607,0.3833482000628032,0.3639965938042969,0.4423417651873846,0.3250825581418542,0.4030863700693159,0.2915669932863423,0.4658021326451759,0.3049339996525049
2025-02-09,https://n.news.naver.com/mnews/article/014/0005305606,0.0632757737410329,0.1461189885019593,0.1347954407629212,0.1802012251994696,0.2187917982819603,0.1503043186761846,0.2552880927224523,0.2003152228180922
2025-02-09,https://n.news.naver.com/mnews/article/014/0005305605,0.1594706718688213,0.4065639771225803,0.1920121373769247,0.425234060499308,0.251548064000913,0.3864814981277225,0.3289428594815398,0.4955882193094746
2025-02-09,https://n.news.naver.com/mnews/article/014/0005305604,0.1591055804242749,0.3617673354823119,0.1594163278286062,0.3814949493300617,0.203539929874348,0.378921740142202,0.2295709587148118,0.4031309751706428
2025-02-09,https://n.news.naver.com/mnews/article/014/0005305603,0.1899793050448115,0.3971383556866475,0.1515565648008283,0.396133247742764,0.1999687654940675,0.3841879684118973,0.2030533649795364,0.3932691913818217
2025-02-09,https://n.news.naver.com/mnews/article/014/0005305602,0.2006100595469145,0.2513796421759424,0.299497108247409,0.2589747613453698,0.3195362954068249,0.2724468723204069,0.2887977353334353,0.2522585850041767
2025-02-09,https://n.news.naver.com/mnews/article/366/0001052548,0.2009491634889808,0.2767059013231126,0.2112169397715643,0.2590822116682876,0.2020440590198267,0.220787345583284,0.2476715516101441,0.2934350126668272
2025-02-09,https://n.news.naver.com/mnews/article/015/0005091766,0.2654019674654662,0.3063089633737609,0.2474237625015248,0.2950578084178239,0.3133319178280722,0.3168258655989471,0.2465341386307181,0.2733528579559794
2025-02-09,https://n.news.naver.com/mnews/article/011/0004448459,0.4522080212635812,0.3052677695922808,0.3263629809154704,0.2158198223605446,0.316093086192903,0.2025525572353758,0.3928290898880923,0.2643925668806117
2025-02-09,https://n.news.naver.com/mnews/article/029/0002934109,0.1519094392177223,0.3829424290951069,0.2430400641367018,0.341360909458322,0.2598954747751735,0.3282285635308674,0.3316433638087368,0.4210315213884851
2025-02-09,https://n.news.naver.com/mnews/article/011/0004448457,0.3352320251932199,0.3095586456603273,0.2867985091083336,0.3357757149927763,0.4361394230003283,0.3818525671578562,0.3010908141453835,0.2420439503718527
2025-02-09,https://n.news.naver.com/mnews/article/015/0005091761,0.1418219271691893,0.2003517326629806,0.1936841240713893,0.2369664223070899,0.208290114212277,0.2281636653795423,0.2436830998198856,0.2165802049632674
2025-02-09,https://n.news.naver.com/mnews/article/011/0004448453,0.4209766519166821,0.3415707772313213,0.2969810091629424,0.2738030670595072,0.3359701313437693,0.3063482480693195,0.3844589545014983,0.2963239230428284
2025-02-09,https://n.news.naver.com/mnews/article/011/0004448452,0.1612758912242625,0.3489452730414243,0.2281830258273962,0.3505258825572612,0.225934541935345,0.3240163416858112,0.3647068325178798,0.4647055654928678
2025-02-09,https://n.news.naver.com/mnews/article/469/0000848019,0.2138362805204965,0.3257343969499231,0.2140115015344329,0.3047315416267931,0.1997580738026145,0.2650171464539035,0.252375990471651,0.3386661405348475
2025-02-09,https://n.news.naver.com/mnews/article/015/0005091758,0.3698898709221516,0.2751333270899944,0.3353870356624182,0.2411652261301568,0.4263883723315091,0.3003474196875849,0.359491475879059,0.2613738819420902
2025-02-09,https://n.news.naver.com/mnews/article/009/0005440933,0.2636965552439629,0.2681040083474015,0.332549260294818,0.2345866900411118,0.3161614223588784,0.2079888465735323,0.4313321216482451,0.298256761878449
2025-02-09,https://n.news.naver.com/mnews/article/015/0005091757,0.3146526363410011,0.3689781929583219,0.2439000516556299,0.3451677882514959,0.3055503158661629,0.3432034894222512,0.2657138657923366,0.3391217025095043
2025-02-09,https://n.news.naver.com/mnews/article/009/0005440932,0.2603701338244473,0.3431547557622488,0.3229825360151312,0.2932572055917419,0.3345476422932404,0.3162595507921532,0.4406775026842354,0.4036370851427047
2025-02-09,https://n.news.naver.com/mnews/article/009/0005440931,0.2599683684138049,0.242543481006737,0.2711854143127004,0.1873833558816705,0.2834625597311966,0.1983425417646843,0.3998763864987016,0.28660479245493
2025-02-09,https://n.news.naver.com/mnews/article/015/0005091756,0.3286123318392659,0.3617963250230717,0.2979802868441394,0.2991201377724168,0.2777920421539123,0.300586578541867,0.2598071499491519,0.2856997092238462
2025-02-09,https://n.news.naver.com/mnews/article/014/0005305569,0.1533371844892513,0.4073493330831371,0.1927924235779755,0.4252316257173059,0.2510498620801731,0.3860041258380512,0.3287830447620746,0.5005862148852301
2025-02-10,https://n.news.naver.com/mnews/article/003/0013058706,0.083471403320978,0.1947925488259986,0.1251185933924724,0.1732621455848139,0.1989334377132634,0.1647263337130727,0.1510831832503973,0.1344978633399662
2025-02-10,https://n.news.naver.com/mnews/article/011/0004448926,0.1724939055272582,0.3053620637723836,0.1943667166492011,0.2679846376985243,0.2138223078119059,0.286181738108571,0.3084928869602795,0.3539286045678683
2025-02-10,https://n.news.naver.com/mnews/article/119/0002921854,0.3320980009768394,0.3694581485838029,0.3000977100113755,0.2984451338364783,0.2728464527794892,0.3292546523223726,0.4289585896137033,0.3957007380609818
2025-02-10,https://n.news.naver.com/mnews/article/011/0004448919,0.2339933550936809,0.2653063684622582,0.2894779219702427,0.2845807384473127,0.2136795582113334,0.2496310993079464,0.3251920059510436,0.3208298431072177
2025-02-10,https://n.news.naver.com/mnews/article/057/0001871007,0.1124277107375969,0.2394393512191469,0.3042368259440129,0.3172138442964226,0.1465983442713255,0.2473020516099356,0.0911688240481772,0.235299425525938
2025-02-10,https://n.news.naver.com/mnews/article/119/0002921841,0.3811279557082008,0.2730093370515638,0.3974595598946912,0.2516735821454464,0.403670466681675,0.2039783791672774,0.5400159912473551,0.3418243485183005
2025-02-10,https://n.news.naver.com/mnews/article/057/0001871003,0.2153533451294788,0.2594989752571366,0.2543110593938585,0.347314962468186,0.2366964366719194,0.2958710378745253,0.207730747874665,0.2420355686239302
2025-02-10,https://n.news.naver.com/mnews/article/018/0005940392,0.196794575493407,0.2014199052092736,0.245684873790023,0.1869400120334613,0.2380678449106455,0.188776365134145,0.2483584852570842,0.2212636102582489
2025-02-10,https://n.news.naver.com/mnews/article/018/0005940389,0.2980967347024765,0.317836422755658,0.3330218362533673,0.3148772571514077,0.28128500411584,0.2719346526473877,0.3695368572497778,0.2695244328907597
2025-02-10,https://n.news.naver.com/mnews/article/018/0005940383,0.0539144595418303,0.3766388002096103,0.0588629030790001,0.2454276690051917,0.0,0.2449738960981448,0.092211081421075,0.3217382914785766
2025-02-10,https://n.news.naver.com/mnews/article/018/0005940381,0.3257212011572895,0.2996343238353831,0.2400692958733749,0.2278283464378298,0.2642003994853106,0.2363754375133793,0.3032213191256067,0.2961573728846931
2025-02-10,https://n.news.naver.com/mnews/article/011/0004448897,0.1748449280475901,0.3236694821181753,0.2272932816767453,0.3217304763248663,0.2326905238023177,0.3111573156050466,0.3291051608508398,0.4044595548769741
2025-02-10,https://n.news.naver.com/mnews/article/003/0013058577,0.2343161916789128,0.2903599179081302,0.2415269913421631,0.2229712451043415,0.2347975151616146,0.266268184683796,0.34738021036325,0.3028055837580364
2025-02-10,https://n.news.naver.com/mnews/article/648/0000033248,0.2058968949811755,0.3143332065639926,0.3203221824236961,0.3713056651754072,0.2861276784333334,0.3604926853191405,0.2704377050368829,0.3280991217098372
2025-02-10,https://n.news.naver.com/mnews/article/014/0005306276,0.236067538669481,0.3772133918227207,0.1916604824757564,0.3634437860064591,0.2321946005812259,0.3326773478295163,0.2746269760588523,0.3668169583196471
2025-02-10,https://n.news.naver.com/mnews/article/014/0005306270,0.2376645218808671,0.3872998297138535,0.2212722153377326,0.3767845498499043,0.2592961639296382,0.3730645004529117,0.2635079945101713,0.38396006766473
2025-02-10,https://n.news.naver.com/mnews/article/001/0015203740,0.389364014690746,0.2157996242606732,0.3922728294418161,0.2271979575454764,0.3897206360447889,0.1369135450928501,0.3433983699364723,0.1249571674081269
2025-02-10,https://n.news.naver.com/mnews/article/008/0005151224,0.3858435325974005,0.2944938798055754,0.3650127493446317,0.2927998101190828,0.3447474462290904,0.2661904680234351,0.4569370852223224,0.3081928605614866
2025-02-10,https://n.news.naver.com/mnews/article/008/0005151223,0.2546777668909933,0.3075802838066942,0.23298831563006,0.2743011128384048,0.2206737100074154,0.2685362167065675,0.2638041186756481,0.3136035148938516
2025-02-10,https://n.news.naver.com/mnews/article/014/0005306249,0.2788643290978218,0.2595765200442756,0.2277679717923636,0.2457888977874391,0.2837907491177754,0.2238267855776386,0.3535567367196958,0.2633173227262845
2025-02-10,https://n.news.naver.com/mnews/article/014/0005306236,0.361098081351938,0.3434108500117137,0.3782584825386906,0.3198545678962428,0.336920420055096,0.3040526931379528,0.3850324225396427,0.288145517775882
2025-02-10,https://n.news.naver.com/mnews/article/014/0005306235,0.2050539764785944,0.36866519804403,0.2303875503078462,0.3164920812607505,0.2011036665547164,0.3027989833599559,0.3440713051985711,0.4360084060422473
2025-02-10,https://n.news.naver.com/mnews/article/014/0005306234,0.1290196326080387,0.2871321499646447,0.193289353516062,0.2952699475832811,0.2037468664665965,0.2853905391606599,0.2956680470857618,0.3875402417715755
2025-02-10,https://n.news.naver.com/mnews/article/014/0005306233,0.1532506093787559,0.4086694053164353,0.1509503994122804,0.4149080167572957,0.1505183536879383,0.3653669910208433,0.2198462553868143,0.456863011193196
2025-02-10,https://n.news.naver.com/mnews/article/014/0005306231,0.3346041291365934,0.3203031275007382,0.3800387137548385,0.2182965445744496,0.3118071000594439,0.187434478778382,0.4466038434830243,0.3041466862427665
2025-02-10,https://n.news.naver.com/mnews/article/018/0005940371,0.3788151686409554,0.3536515538704231,0.3218572463544891,0.3219760304531763,0.286069301499281,0.3728517646218841,0.2923443478345221,0.3528057430238822
2025-02-10,https://n.news.naver.com/mnews/article/001/0015203725,0.3739781812133108,0.2483896835537834,0.3977168902267908,0.2628327098044633,0.3166663366370526,0.2072854901799509,0.3784009810627393,0.2433801016725759
2025-02-10,https://n.news.naver.com/mnews/article/001/0015203724,0.0371998034233921,0.1383105311703024,0.0889588060760547,0.1431718883377964,0.0166283897717948,0.1146564270457304,0.1352710319271036,0.167599953732292
2025-02-11,https://n.news.naver.com/mnews/article/277/0005545072,0.1446403809529484,0.2380932393745687,0.1922671974310861,0.2985949551150777,0.2174882071755001,0.263241828804077,0.207576355361977,0.228964560847604
2025-02-11,https://n.news.naver.com/mnews/article/011/0004449397,0.3130134281347353,0.3204814330454523,0.3407279958549144,0.3359246066545885,0.2496125485754906,0.2450574808071157,0.3586981264713745,0.3177918249815886
2025-02-11,https://n.news.naver.com/mnews/article/469/0000848467,0.2318670159767812,0.2415292252072615,0.3018530172280988,0.2578704710413006,0.34889031400014,0.316480226633507,0.2869787432142628,0.2409416320878686
2025-02-11,https://n.news.naver.com/mnews/article/018/0005941500,0.3421151646405637,0.2511911968450199,0.353767710810166,0.25195527406129,0.3505804206731985,0.2469266086350104,0.2987802709068362,0.2002180641393892
2025-02-11,https://n.news.naver.com/mnews/article/277/0005545061,0.2018014005677479,0.2284102618217976,0.2091999337021089,0.2017488565108775,0.2537131088360477,0.1974499678245558,0.2223706474131386,0.2014531070902247
2025-02-11,https://n.news.naver.com/mnews/article/009/0005442270,0.2602649909062919,0.3213826146923257,0.2835775208053342,0.2975982716780631,0.2876580510590387,0.2761989419483511,0.3258172979304183,0.3243564354957062
2025-02-11,https://n.news.naver.com/mnews/article/018/0005941495,0.3984224332836898,0.2940959144922095,0.3473720966048415,0.2143628207798817,0.3727408834877524,0.2459739462961501,0.5078358114598084,0.2726333392326254
2025-02-11,https://n.news.naver.com/mnews/article/469/0000848464,0.1964762869334005,0.2452808934126215,0.2395346855101194,0.2131395664268553,0.2571021451720431,0.2077377881723345,0.2800174098015582,0.2259307706826938
2025-02-11,https://n.news.naver.com/mnews/article/001/0015206648,0.244010092502241,0.2713693742026108,0.2491874771856986,0.2369918480451405,0.2850073186693317,0.2328520756519946,0.2652013700249249,0.2565958713943907
2025-02-11,https://n.news.naver.com/mnews/article/057/0001871206,0.1359022748224775,0.0960177362895846,0.1567672052169512,0.1200471403867692,0.2948086747100027,0.1710486582203809,0.1598199403454578,0.0877488220588452
2025-02-11,https://n.news.naver.com/mnews/article/003/0013061158,0.3818347966492679,0.3059232373905182,0.3561302037931452,0.2101307584530734,0.3581119299228487,0.150215826799605,0.536877864804974,0.3091848815303027
2025-02-11,https://n.news.naver.com/mnews/article/057/0001871201,0.3005392737136031,0.3010140520749184,0.1031231510237586,0.1873859300369333,0.2666108886762691,0.2115476674134923,0.3075380800657344,0.3499627318551
2025-02-11,https://n.news.naver.com/mnews/article/057/0001871200,0.2416848842831723,0.3111380342518959,0.2734708042261599,0.3631766177989509,0.2763101056841653,0.3073163776152008,0.2175248641343134,0.2447436067385126
2025-02-11,https://n.news.naver.com/mnews/article/648/0000033304,0.3746182046799743,0.2429947950047465,0.2085143716674509,0.0981509852347721,0.3198536282100425,0.1904714154260805,0.3296226011898543,0.237662665740037
2025-02-11,https://n.news.naver.com/mnews/article/008/0005151881,0.0304128578244876,0.399957452447697,0.1217900866469541,0.286315484333588,0.0307077151686488,0.2968164011907458,0.0471160031262484,0.3555301821223285
2025-02-11,https://n.news.naver.com/mnews/article/018/0005941476,0.2225715961687449,0.3068795981226633,0.321900353547949,0.3221604618747529,0.2388038825428819,0.2446792859463254,0.3699327897197451,0.3287064436178453
2025-02-11,https://n.news.naver.com/mnews/article/009/0005442249,0.3091817322308741,0.2635993053750446,0.3612175452091082,0.2579598057240841,0.3528970778124509,0.217299108701591,0.4064846363280487,0.2294353513713806
2025-02-11,https://n.news.naver.com/mnews/article/023/0003887408,0.2111155915691402,0.3015279651610386,0.2382174218384513,0.2448424643750011,0.2764820666111011,0.2295200613385731,0.3307701112901576,0.2547493220280971
2025-02-11,https://n.news.naver.com/mnews/article/469/0000848448,0.285526585764647,0.2900192737024399,0.2546561028397505,0.2404271923248548,0.3670932435179114,0.2926208489032749,0.2977988442277484,0.2492254801987077
2025-02-11,https://n.news.naver.com/mnews/article/421/0008070089,0.0634519315709747,0.3524442177174378,0.143794835646131,0.3082048452471504,0.0966543769459082,0.3391829588333527,0.2752576468141933,0.3939645884851277
2025-02-11,https://n.news.naver.com/mnews/article/015/0005092939,0.3370238486264786,0.2356238164501404,0.3677530866446238,0.2596328991310056,0.3290401863910454,0.1923048361460316,0.3683826695377542,0.221051602666641
2025-02-11,https://n.news.naver.com/mnews/article/018/0005941447,0.2075165164220547,0.2714055196610903,0.2811995535749892,0.2540919411488028,0.2045969091632916,0.2024404408635108,0.2933684030006626,0.2899808749034031
2025-02-11,https://n.news.naver.com/mnews/article/018/0005941446,0.2770908154131171,0.2680057766350415,0.2593468641390214,0.2313215167586508,0.2441473181266229,0.1971251143354911,0.2753896310815206,0.2492946735445461
2025-02-11,https://n.news.naver.com/mnews/article/629/0000363718,0.3346869708817184,0.3308991948547013,0.3046468338679421,0.2487412257409043,0.3500027952887402,0.2593669024659015,0.4167041948393065,0.315371119662155
2025-02-11,https://n.news.naver.com/mnews/article/011/0004449352,0.1703797540405406,0.2728200659084135,0.2888314548749517,0.2631284538916632,0.2446950174953877,0.2425316972811204,0.3096110140850012,0.3483433047818039
2025-02-11,https://n.news.naver.com/mnews/article/001/0015206434,0.0281264928089475,0.1915978995011002,0.0579832017203631,0.1830120789378549,0.0754804586956412,0.2053028052379538,0.1012292305970551,0.1650177465894638
2025-02-11,https://n.news.naver.com/mnews/article/417/0001057373,0.3659124370261722,0.3083652880836604,0.3448372376450087,0.2717305544132716,0.3431973737021009,0.2627297079284177,0.4625545569711565,0.3349627974222346
2025-02-11,https://n.news.naver.com/mnews/article/243/0000072567,0.3932117425155192,0.3179413372942942,0.3197728922302773,0.2413262016687971,0.297983418416082,0.2344484286482995,0.3550660195414985,0.271518085080782
2025-02-12,https://n.news.naver.com/mnews/article/003/0013063841,0.0573085692670921,0.1382983960468867,0.0,0.2306457556300267,0.0,0.2137281802230096,0.0,0.2209369459014921
2025-02-12,https://n.news.naver.com/mnews/article/003/0013063830,0.2044066418303551,0.2805322839884983,0.2474570918862939,0.2886216218308896,0.2751793782672896,0.3376474280387123,0.264328128948233,0.3458157193980776
2025-02-12,https://n.news.naver.com/mnews/article/629/0000364111,0.1950999126723477,0.1569020419731956,0.2599612654388744,0.1824906969381959,0.2652526812293567,0.1569772644745217,0.3068083526318936,0.1360720862550114
2025-02-12,https://n.news.naver.com/mnews/article/215/0001198326,0.2252478809552162,0.2427483932339071,0.2935862596598935,0.2893846546020752,0.3240858904752965,0.2680164577970904,0.3338150525282501,0.1988927017897475
2025-02-12,https://n.news.naver.com/mnews/article/003/0013063806,0.4028474132176731,0.3037378911825931,0.3030200415528485,0.2370751528389369,0.3094482525066927,0.2511233276601691,0.2926041829078402,0.1883874424806703
2025-02-12,https://n.news.naver.com/mnews/article/020/0003614855,0.3993057274550012,0.2972377062456032,0.3404901453126537,0.2254494013473207,0.3587454320243489,0.2324914622764792,0.398855143937967,0.2524926486767065
2025-02-12,https://n.news.naver.com/mnews/article/119/0002922701,0.2820121556229818,0.2741820773705513,0.2603275436468119,0.2416935851526194,0.2688194380244129,0.248345806079118,0.3875855935785773,0.3138069854577051
2025-02-12,https://n.news.naver.com/mnews/article/009/0005442932,0.200048056333654,0.4216462322025139,0.2041171415342188,0.371543530949848,0.1645136846300978,0.3450957576295284,0.1729749653071876,0.3593134091195212
2025-02-12,https://n.news.naver.com/mnews/article/009/0005442931,0.4243814287016286,0.2696080521125232,0.2948240214330316,0.1950935385792514,0.3462356521175651,0.2294846761500338,0.3647614286466781,0.2311034597892769
2025-02-12,https://n.news.naver.com/mnews/article/018/0005942422,0.1305487367526842,0.2181160828301211,0.2263066205914942,0.2390533715958303,0.1800197197824535,0.2149672746901031,0.2794824415159131,0.2848079964246726
2025-02-12,https://n.news.naver.com/mnews/article/057/0001871412,0.2446778947298149,0.1541347087121354,0.2824115342944823,0.2209463923947448,0.2105607015509756,0.0596645495612012,0.2337618528453888,0.0993299977056794
2025-02-12,https://n.news.naver.com/mnews/article/003/0013063662,0.2498310379261552,0.1925466468132699,0.1988424918471431,0.1878844005463385,0.2858417711263006,0.2286377466683005,0.1997352640086637,0.1347924995450405
2025-02-12,https://n.news.naver.com/mnews/article/057/0001871408,0.1840404783484691,0.2855052418103448,0.1721522432213728,0.245581422827556,0.2775396134826849,0.2636811264946619,0.2456617266395316,0.2793599611029084
2025-02-12,https://n.news.naver.com/mnews/article/057/0001871407,0.308259848086219,0.2604830329577394,0.2440095704486507,0.2894021920970379,0.4548856573855564,0.3888251327239599,0.2261254162612886,0.2196616382009705
2025-02-12,https://n.news.naver.com/mnews/article/009/0005442913,0.0908754832327172,0.2815859228089607,0.158579871470605,0.2080369986879285,0.0963935802124365,0.2926670491783185,0.2770784427358977,0.3397019239614567
2025-02-12,https://n.news.naver.com/mnews/article/018/0005942404,0.3249679646075717,0.2700048105174895,0.3903156351503357,0.2512381516729799,0.3771408519368386,0.2822857665422457,0.364084252915678,0.2729620403902211
2025-02-12,https://n.news.naver.com/mnews/article/243/0000072636,0.4259775391137088,0.2989012161317111,0.3037064024808618,0.2434472280215579,0.2727969455324958,0.2233780003536208,0.3562662830945282,0.2768190788001439
2025-02-12,https://n.news.naver.com/mnews/article/018/0005942402,0.0771829979694651,0.2385342854810278,0.1010693859740725,0.1696802488110279,0.1055851105494105,0.2673855180921375,0.1196026820382397,0.2371274003116633
2025-02-12,https://n.news.naver.com/mnews/article/243/0000072635,0.4835633868641078,0.3261881006254132,0.3639915193401794,0.2289189708284584,0.4257048342172199,0.2627227572783746,0.4551810768133727,0.3103226820779834
2025-02-12,https://n.news.naver.com/mnews/article/057/0001871378,0.1133564627759536,0.1828472701412205,0.1992210226530837,0.2001909315928143,0.1917159982896288,0.1993387989634593,0.1989021582221242,0.2329366508989152
2025-02-12,https://n.news.naver.com/mnews/article/057/0001871376,0.1578517420113255,0.1967235539673121,0.2507731438989987,0.2478775121435045,0.2928020250062554,0.2160550012782809,0.2763972574590152,0.2322383267332917
2025-02-12,https://n.news.naver.com/mnews/article/057/0001871375,0.0598547638498544,0.1466813313471286,0.1915050243930802,0.202623070010806,0.179195178092299,0.2248805992885235,0.1444765952919477,0.2284146389463816
2025-02-12,https://n.news.naver.com/mnews/article/018/0005942399,0.4089894613613494,0.2702936538122073,0.313732562638177,0.1840916332461425,0.3654844202350809,0.1850780117413978,0.3366062178670778,0.1956497179060913
2025-02-12,https://n.news.naver.com/mnews/article/243/0000072632,0.2571782378389812,0.1836115608164941,0.1928852517088392,0.207674627425817,0.1833671494776343,0.1298921767982322,0.3513604686600793,0.260535770444234
2025-02-12,https://n.news.naver.com/mnews/article/014/0005307565,0.3482641685095637,0.2366593013190797,0.4829498095793589,0.1480422153302977,0.3583855101924043,0.1381433185473286,0.4071132783779818,0.1787455920995544
2025-02-12,https://n.news.naver.com/mnews/article/215/0001198315,0.1717927291201187,0.2944831265759186,0.259016846387775,0.3327251738641105,0.2941290069696825,0.3198333371525099,0.2809132469953589,0.3170673899250861
2025-02-12,https://n.news.naver.com/mnews/article/018/0005942385,0.2566563456109581,0.2842622858461228,0.3520102812516957,0.3222884863699762,0.3381621696425241,0.2905345945971581,0.353573929190292,0.2958698703493846
2025-02-12,https://n.news.naver.com/mnews/article/277/0005545692,0.3016555707418771,0.2496820874061259,0.3001162822436748,0.1993852418856208,0.3520632130033311,0.2715007391749202,0.293044299991532,0.2008068144035185
2025-02-12,https://n.news.naver.com/mnews/article/001/0015209136,0.196191364979941,0.1532968055939718,0.2065411986002581,0.1265451013103688,0.2458530618721977,0.2447555115083016,0.1698026128015805,0.152591088192663
2025-02-12,https://n.news.naver.com/mnews/article/008/0005152454,0.1704213241833878,0.2433272115957028,0.24041585062582,0.3010396145388037,0.2966231952140064,0.2857235911537741,0.320850972875873,0.2724459429274573
2025-02-13,https://n.news.naver.com/mnews/article/001/0015212533,0.1899801802808911,0.2369848873936163,0.2478543602995266,0.2900806610414515,0.2455395890842955,0.2295116432877375,0.2611268150922392,0.25023728704118
2025-02-13,https://n.news.naver.com/mnews/article/277/0005546409,0.1016137544980051,0.1709970072263136,0.1214293901698781,0.2268242919500561,0.189208184121709,0.187675363938477,0.1576738286226782,0.1695223204659538
2025-02-13,https://n.news.naver.com/mnews/article/277/0005546405,0.2908515351418043,0.3392469037324108,0.3050080187831655,0.3331696473593087,0.3521757155445071,0.3532457055358174,0.3251336089036368,0.2922533273554443
2025-02-13,https://n.news.naver.com/mnews/article/009/0005443581,0.2604372044514052,0.2321371308169119,0.2648161800142084,0.1990920530559703,0.242885933642058,0.1991151937956596,0.2355277603535372,0.2113474866109342
2025-02-13,https://n.news.naver.com/mnews/article/011/0004450354,0.1851930134061718,0.3195153634200673,0.2154073995965048,0.2493025406627339,0.1540347600429458,0.2539356156956167,0.237592198684588,0.3126872019918142
2025-02-13,https://n.news.naver.com/mnews/article/018/0005943471,0.1999290275301054,0.2169640585603711,0.2352683821325702,0.2438674775578872,0.2310187173568018,0.1566966381574321,0.2795056003994774,0.2384866352131197
2025-02-13,https://n.news.naver.com/mnews/article/003/0013066565,0.4192204706288832,0.3195144327647093,0.441053444331301,0.2420202584625319,0.3956404318107606,0.2166533249056939,0.5955177782255276,0.3164441825756161
2025-02-13,https://n.news.naver.com/mnews/article/277/0005546397,0.1899550669015693,0.2793918380870122,0.2552376843910257,0.2984235366808861,0.2928793688483882,0.3068330073592126,0.219221528844168,0.2654196976864373
2025-02-13,https://n.news.naver.com/mnews/article/003/0013066541,0.1342278978065481,0.25509275013298,0.1792252635714947,0.2177391841788706,0.1140715369046684,0.2087824935864345,0.2274694394044601,0.2589029862753086
2025-02-13,https://n.news.naver.com/mnews/article/018/0005943457,0.1775159019476469,0.3682645266910697,0.2402551974390875,0.4074401061534775,0.2844253076553836,0.3319562333705071,0.3873513481741244,0.4542939477017723
2025-02-13,https://n.news.naver.com/mnews/article/057/0001871627,0.3271753282860589,0.2569533726351908,0.4032113047236375,0.27679424856941,0.3165880052651665,0.135332374947203,0.2479136833043873,0.147663668141828
2025-02-13,https://n.news.naver.com/mnews/article/011/0004450343,0.427752609514733,0.3910184103688839,0.3793075446559353,0.3148321019167553,0.3203282772987131,0.3043370481330162,0.3440090253558601,0.2908534531658807
2025-02-13,https://n.news.naver.com/mnews/article/001/0015212198,0.4644121112466411,0.2608831516633713,0.3815549998463462,0.204929830402691,0.4803061745465554,0.2323953231472169,0.4735646184431056,0.2677724770015064
2025-02-13,https://n.news.naver.com/mnews/article/119/0002923156,0.2792390934261032,0.2273090029023625,0.2561696766617383,0.134106274381519,0.2233844941027663,0.2060037503536113,0.2677301286597481,0.2146007888299415
2025-02-13,https://n.news.naver.com/mnews/article/009/0005443558,0.3118063769786711,0.3199014786503549,0.2967575177797287,0.3105306192347101,0.3416161803466374,0.335193220634586,0.3408383235024464,0.3229193442985282
2025-02-13,https://n.news.naver.com/mnews/article/009/0005443556,0.2891408910302737,0.2951735074752628,0.3373860622719417,0.3345455096077953,0.2412061671686189,0.2904303597291489,0.3937291626969635,0.3186456291701379
2025-02-13,https://n.news.naver.com/mnews/article/015/0005094034,0.2400549616080044,0.2512194218040327,0.2536257773049605,0.2018488807265326,0.2199005719375129,0.2057437892597697,0.2107499261000108,0.2409815347849953
2025-02-13,https://n.news.naver.com/mnews/article/366/0001053847,0.3575000382388464,0.2660983941059797,0.280786774777293,0.1996955031298476,0.2728298202722087,0.2549070199609944,0.3516037931229655,0.2242579911601359
2025-02-13,https://n.news.naver.com/mnews/article/243/0000072715,0.4291231540620646,0.3144969599765463,0.2470127444135571,0.1733679485281387,0.3819470487118512,0.2835848287026887,0.3330049388212209,0.2602817696241618
2025-02-13,https://n.news.naver.com/mnews/article/119/0002923148,0.2395602017904826,0.2776557360199065,0.2920308689014333,0.2644894594446413,0.2262280598956931,0.2364130317732229,0.4553230715191853,0.3480990786670723
2025-02-13,https://n.news.naver.com/mnews/article/001/0015212128,0.191763377493993,0.2101292479841829,0.2055104445800551,0.2585727579668649,0.2184899260512229,0.1906276321461219,0.2550924577609875,0.2106467939600225
2025-02-13,https://n.news.naver.com/mnews/article/277/0005546379,0.2294161323068647,0.3014581140744253,0.219623611623908,0.2534252128833946,0.2250009636285554,0.266956520902683,0.3326402416702816,0.2998686939993381
2025-02-13,https://n.news.naver.com/mnews/article/014/0005308161,0.2426414209995698,0.3051507834571544,0.3265563550034089,0.250002855552521,0.30467352353388,0.2532845290986643,0.3941535284956763,0.3020414600078337
2025-02-13,https://n.news.naver.com/mnews/article/014/0005308160,0.3664800872705326,0.177852013639942,0.4172905364078196,0.1752520713727212,0.3762121871377503,0.1343570623124807,0.4400210759097839,0.0966294191061501
2025-02-13,https://n.news.naver.com/mnews/article/014/0005308159,0.2925213550852424,0.2293778925644305,0.3401559846098166,0.2022716989915543,0.3234702602451167,0.1739037656428673,0.3928640094879785,0.2565798403745741
2025-02-13,https://n.news.naver.com/mnews/article/014/0005308158,0.2337928165479119,0.2744005939113912,0.2823623685374729,0.2412753101575802,0.2894012697098115,0.2493129637796936,0.4093251729310941,0.3091921833262321
2025-02-13,https://n.news.naver.com/mnews/article/014/0005308157,0.3093554634843643,0.2430928125000809,0.4348294998914154,0.2453951883443936,0.3681087518607262,0.1497066556326337,0.4417814207146525,0.1869877861517846
2025-02-13,https://n.news.naver.com/mnews/article/014/0005308156,0.2365578334547818,0.3686627445750478,0.2513129371699914,0.3736793181507263,0.273954495900333,0.3594236612708759,0.2764981995121264,0.3872564657984091
2025-02-13,https://n.news.naver.com/mnews/article/014/0005308153,0.3528446243209737,0.2635973689845586,0.326367935819839,0.2198300969204732,0.3228178578297405,0.1740032165037518,0.4186044309322143,0.2663613551846731
2025-02-13,https://n.news.naver.com/mnews/article/469/0000848866,0.2394285429229011,0.301952822232604,0.2700077500068326,0.2024103957260377,0.2748885048774037,0.2464024039329411,0.4062826461353645,0.3178040343888339
2025-02-14,https://n.news.naver.com/mnews/article/003/0013068934,0.0521075999624728,0.3021600402371501,0.1612234488719075,0.381688906555422,0.2571422818913229,0.428775414238812,0.0609658028653306,0.354341019396089
2025-02-14,https://n.news.naver.com/mnews/article/011/0004450804,0.2812526314784525,0.2634103339975765,0.2801434473374955,0.197710636959793,0.264510305522424,0.1822919597835792,0.3095314443760502,0.2331004858497397
2025-02-14,https://n.news.naver.com/mnews/article/009/0005444134,0.2993938792282377,0.3676906725648582,0.2400769838062121,0.3572809429086527,0.2792925454815948,0.3503176652384711,0.3144542276110799,0.3979230059302479
2025-02-14,https://n.news.naver.com/mnews/article/016/0002429233,0.4960064371733588,0.3740315360183959,0.3639724030636366,0.2473940672657371,0.4098221066573037,0.251386520515799,0.4143520937694773,0.3065620505182486
2025-02-14,https://n.news.naver.com/mnews/article/011/0004450801,0.1901533880175142,0.3530325352108872,0.3003546137621867,0.4014767504980456,0.2276144778274821,0.3142096069693146,0.2825943863779073,0.3406193025222683
2025-02-14,https://n.news.naver.com/mnews/article/011/0004450800,0.1554122760562461,0.2190871227812839,0.1293071459314763,0.1515811740106279,0.1870016138795064,0.1939577018567999,0.176189108452774,0.1818141018165017
2025-02-14,https://n.news.naver.com/mnews/article/011/0004450799,0.2248079637709383,0.3709656907900147,0.3947082914374485,0.4841959928288524,0.2520146206757709,0.3432089625129848,0.3348789016901192,0.3893970590021752
2025-02-14,https://n.news.naver.com/mnews/article/011/0004450795,0.1384279427707565,0.1192203913597834,0.1289728371378063,0.1004035149083891,0.1077945127294322,0.0402597170118936,0.2182226834302708,0.1047545232309906
2025-02-14,https://n.news.naver.com/mnews/article/421/0008077902,0.2127009530427513,0.2667214521581745,0.251327459889122,0.2570560547717709,0.2876088626595576,0.2534436112619892,0.2864032855721526,0.2543113396903146
2025-02-14,https://n.news.naver.com/mnews/article/057/0001871825,0.2269965328328488,0.2640425352575335,0.2420327878151663,0.2584967365303882,0.2781544048891622,0.2131991067233125,0.2350380201629223,0.2289908229887496
2025-02-14,https://n.news.naver.com/mnews/article/057/0001871822,0.1294457898153045,0.2182809963010332,0.2085072776602795,0.2782205263813848,0.2741376946650506,0.2936473305447817,0.2083260785704722,0.263056915390679
2025-02-14,https://n.news.naver.com/mnews/article/057/0001871821,0.2967027449048462,0.2015171423029978,0.1519621072405642,0.0150453223188931,0.2508930467147743,0.0912684706829295,0.2342841317150836,0.1606549265928133
2025-02-14,https://n.news.naver.com/mnews/article/057/0001871820,0.0208119306480624,0.1021860717545528,0.0442019107532386,0.1032124619629424,0.0183202896990451,0.0342449533131951,0.0135194312636224,0.0468730232402911
2025-02-14,https://n.news.naver.com/mnews/article/277/0005546918,0.4243440593806984,0.2916924395859185,0.2728230420757202,0.1412021125227844,0.3518340578709205,0.2660978641385151,0.4097419469021126,0.3175615201492076
2025-02-14,https://n.news.naver.com/mnews/article/277/0005546917,0.3216084191927665,0.2377948417167561,0.3337438523143534,0.1528671107069593,0.2242373041654732,0.161156418833607,0.3323591969235266,0.2069129180303794
2025-02-14,https://n.news.naver.com/mnews/article/277/0005546916,0.3006197087169335,0.252422594336454,0.2857314977261133,0.223369003324332,0.2161473762745224,0.1895531021697878,0.3724146060713713,0.2625103817107235
2025-02-14,https://n.news.naver.com/mnews/article/018/0005944167,0.3649201812210253,0.2680290859865096,0.3788435012219192,0.2418879695598805,0.3185968642714421,0.1933098618769976,0.3755989468803644,0.2149983871717476
2025-02-14,https://n.news.naver.com/mnews/article/031/0000908891,0.3352568186386488,0.2958461784219246,0.3612585304715391,0.237121137379125,0.3453171981580896,0.2166993387829927,0.4499889061342159,0.2864268644242141
2025-02-14,https://n.news.naver.com/mnews/article/009/0005444104,0.3605861216692217,0.2965077993615529,0.3702032930730393,0.312086916217059,0.3981361402774546,0.3426048899789994,0.3606560657243354,0.2739195459776849
2025-02-14,https://n.news.naver.com/mnews/article/003/0013068735,0.2939062733018998,0.2023250055292612,0.3381140549953632,0.191296572949899,0.3303925206588339,0.1586036531852143,0.4227989625026341,0.2579697141100172
2025-02-14,https://n.news.naver.com/mnews/article/011/0004450778,0.3651650491835073,0.3283492250912599,0.3121438552631669,0.2235015309475966,0.3944482887414973,0.2804214707545882,0.3357385985711995,0.2298949306019558
2025-02-14,https://n.news.naver.com/mnews/article/008/0005153563,0.2345517721050086,0.1941254702836284,0.2648012640048525,0.1733371438722657,0.2846975575319576,0.1967639125916878,0.2924442252357807,0.1944217815779719
2025-02-14,https://n.news.naver.com/mnews/article/009/0005444096,0.3764618709866754,0.3508308009000779,0.2785270144869198,0.2434609309304138,0.2606463457266578,0.2526981597049909,0.2909317436218173,0.2630559581057384
2025-02-14,https://n.news.naver.com/mnews/article/001/0015214605,0.4398715090411355,0.3354880191740836,0.2543884533783139,0.2068948121875496,0.3540091388943057,0.3023281547313204,0.2872956379064617,0.2262047590954015
2025-02-14,https://n.news.naver.com/mnews/article/018/0005944151,0.3370632432836137,0.2593235451081205,0.3670832285056574,0.2466209900632766,0.3415712229806644,0.2114532858914405,0.3652307602497738,0.2444702603721673
2025-02-14,https://n.news.naver.com/mnews/article/008/0005153562,0.149082495108182,0.2833887604029197,0.0790398627408176,0.2460936644821795,0.2676550500772346,0.3279758021950726,0.0806485196682877,0.2196837139528973
2025-02-14,https://n.news.naver.com/mnews/article/215/0001198587,0.2142936301317687,0.2727587833445115,0.2813987782429708,0.3159974979067725,0.3399254512670278,0.3333031863478038,0.2623372483168387,0.2443953365861016
2025-02-14,https://n.news.naver.com/mnews/article/243/0000072768,0.316051200888235,0.332110374014206,0.2769470684772821,0.2935583644058296,0.3074034218260911,0.2863479474257231,0.3910471114610612,0.3262647173430171
2025-02-14,https://n.news.naver.com/mnews/article/015/0005094414,0.2419210445951705,0.3217347479195163,0.2697838892674161,0.3119452442643859,0.3244107393113906,0.2908952529267092,0.3552829185068396,0.3338956413512116
2025-02-14,https://n.news.naver.com/mnews/article/277/0005546897,0.174511671795617,0.2238635474522127,0.1639603577644634,0.0911592603338915,0.2109833044276512,0.2137590845232011,0.255364827955345,0.1497896126756034
2025-02-14,https://n.news.naver.com/mnews/article/015/0005094409,0.2194915144442445,0.3144868010875655,0.2276579636518826,0.3164365219859533,0.321144414744492,0.2789604652211844,0.3648767961574885,0.3520675718887899
2025-02-14,https://n.news.naver.com/mnews/article/015/0005094401,0.1797138683136686,0.3033337257276412,0.1630248583851088,0.2631153694646345,0.1759309836205376,0.2834621284595307,0.2271888932019489,0.3105572164652821
2025-02-14,https://n.news.naver.com/mnews/article/015/0005094399,0.3100355738914264,0.2038823933330137,0.3427434601375898,0.1621219054511885,0.3328939228570626,0.1655715283032494,0.4107410092378192,0.2344022364705267
2025-02-15,https://n.news.naver.com/mnews/article/015/0005094613,0.2947694256653152,0.322762881704643,0.3184953021515156,0.3013147410136434,0.3325501951350947,0.3173043440546882,0.3261682053594317,0.3003184985586639
2025-02-15,https://n.news.naver.com/mnews/article/018/0005944372,0.1860418195416994,0.1891396966471339,0.2323234328178974,0.1943989860166994,0.2109424602611409,0.173023862491585,0.2820261808231961,0.2153272952266674
2025-02-15,https://n.news.naver.com/mnews/article/057/0001871917,0.0656757412322245,0.2132581311103828,0.1265400838399157,0.2527659363555873,0.2883791845003955,0.3201204412526994,0.1414685066092408,0.1981580864889792
2025-02-15,https://n.news.naver.com/mnews/article/057/0001871904,0.2501767716332064,0.3599638411656227,0.3098601556253564,0.4081650621808603,0.241201975207036,0.2902100214834973,0.1783757359926987,0.2720588805259439
2025-02-15,https://n.news.naver.com/mnews/article/009/0005444270,0.2429280700581667,0.2581348230555711,0.2839161983302101,0.2786515420105929,0.2921167612278637,0.253500892620097,0.3077953387779049,0.2997081471324772
2025-02-15,https://n.news.naver.com/mnews/article/011/0004450898,0.2977075013063801,0.1945167013192813,0.2822139849850194,0.2686779350584218,0.3302705604592778,0.1973257188150781,0.2599317389191078,0.114223693356191
2025-02-15,https://n.news.naver.com/mnews/article/277/0005547003,0.2197020520198631,0.350552428483277,0.2338692333565501,0.3110980515422989,0.30998319612346,0.271850049666543,0.3275484937128106,0.3528550240567659
2025-02-15,https://n.news.naver.com/mnews/article/015/0005094525,0.3212165963687063,0.288851399955261,0.2713520662529371,0.2421857503154568,0.3178211943934196,0.2677995908985279,0.3048156662277808,0.2401795298154499
2025-02-15,https://n.news.naver.com/mnews/article/011/0004450890,0.5106252341274735,0.3536185867606657,0.4207064739036203,0.2851608387961416,0.4155244448110674,0.2918728167570917,0.4540161198463103,0.3034200630965176
2025-02-15,https://n.news.naver.com/mnews/article/648/0000033460,0.4118099985830485,0.2860441910759869,0.3364244186453223,0.2029985692763788,0.3625203850654091,0.2206444307411042,0.3857918045988666,0.2681113085454
2025-02-15,https://n.news.naver.com/mnews/article/648/0000033459,0.3867761644158579,0.2519197777053502,0.2057846086487184,0.0807163399374495,0.2866627446416938,0.1920921194794451,0.2280736681603988,0.1554531539155852
2025-02-15,https://n.news.naver.com/mnews/article/015/0005094510,0.2623501818903156,0.2362797864998305,0.1565640705350929,0.1626836014493421,0.207651598974261,0.1914717111094218,0.2275168743798821,0.181688555277612
2025-02-15,https://n.news.naver.com/mnews/article/018/0005944317,0.2528025402214061,0.3279617768884443,0.3185643664184107,0.2791650896590278,0.2606486702881289,0.2716786886610755,0.4007140550855799,0.3808799131460272
2025-02-15,https://n.news.naver.com/mnews/article/648/0000033457,0.2212855601163946,0.1916208678670147,0.2006734979949319,0.1516745927209333,0.2553315278335661,0.1928134029332389,0.3223688403250187,0.2202746479148701
2025-02-15,https://n.news.naver.com/mnews/article/215/0001198619,0.4152032751852455,0.4015671290850749,0.3440697535429985,0.3513767058108479,0.3295121132063202,0.3166518490722986,0.358551018196054,0.3362771552104991
2025-02-15,https://n.news.naver.com/mnews/article/016/0002429279,0.2382745766903394,0.3318886311736957,0.2577642558889109,0.3188809059062593,0.3548519995631832,0.2743064275315645,0.3867879774463614,0.3261024977401501
2025-02-15,https://n.news.naver.com/mnews/article/009/0005444202,0.2308861239815277,0.3578381508708858,0.2363371916196403,0.3176560431364488,0.2923262416953702,0.3251480840530868,0.3634048095251191,0.3616089696955156
2025-02-15,https://n.news.naver.com/mnews/article/018/0005944298,0.3120190565888274,0.2710077320264559,0.3841348544223641,0.2628087797994735,0.3652063132563827,0.2409076511141208,0.4222360268356391,0.2673910319053193
2025-02-15,https://n.news.naver.com/mnews/article/277/0005546972,0.1193299913169387,0.3084596560875862,0.0801931824779278,0.3225152178549859,0.1707152690237897,0.3283515615142344,0.2015491713708795,0.3570416191016728
2025-02-15,https://n.news.naver.com/mnews/article/421/0008078234,0.336377859254284,0.3504881154667468,0.2927582640714813,0.2407765192347199,0.3026138006853621,0.247618758438627,0.354020364713015,0.2794703555036198
2025-02-15,https://n.news.naver.com/mnews/article/003/0013069099,0.2351600913142394,0.2637620152499239,0.2258621788951709,0.2483225862601732,0.2655612120887243,0.2554771796592746,0.3576836565519301,0.3216587076270442
2025-02-15,https://n.news.naver.com/mnews/article/421/0008078225,0.3462628673066251,0.2819264326956349,0.2662088920869995,0.1894026080199704,0.3144491389450243,0.1885873318571695,0.3098633321233871,0.1781312896446499
2025-02-15,https://n.news.naver.com/mnews/article/366/0001054181,0.205566223290478,0.3183292882352928,0.2160362770121681,0.247758897967415,0.1907072406403687,0.2657458998946428,0.2878061335591601,0.3103675747711873
2025-02-15,https://n.news.naver.com/mnews/article/011/0004450857,0.3690792081856462,0.3029756302442487,0.2966717538288848,0.2191415552051513,0.2770509700231329,0.1955989027657796,0.2875627548806508,0.18089634229149
2025-02-15,https://n.news.naver.com/mnews/article/011/0004450856,0.2503691003774584,0.2979045669935253,0.2592026648207711,0.2655830792270494,0.2682209921657244,0.2413555349831444,0.3366204546398865,0.2862304641744602
2025-02-15,https://n.news.naver.com/mnews/article/011/0004450854,0.3668549268263346,0.3611984479605052,0.2577560288253401,0.2490914783211021,0.3119332100723468,0.2594032492870305,0.3244219196551685,0.2972296631434733
2025-02-15,https://n.news.naver.com/mnews/article/421/0008078213,0.3007109965068085,0.2918929447302095,0.2154613888659922,0.2325094824326463,0.2319824391958489,0.2200805663451908,0.243810900152709,0.2274503625760759
2025-02-15,https://n.news.naver.com/mnews/article/008/0005153637,0.2688031931828321,0.2596322463609282,0.2535410167167107,0.2841596019985459,0.423232842864911,0.3529345551577001,0.2403298583583462,0.2018187192779465
2025-02-15,https://n.news.naver.com/mnews/article/277/0005546958,0.1928478824300953,0.3267340538839401,0.2962444743433429,0.3973156968067787,0.2412281863266306,0.2960655236105362,0.1881973032664824,0.2512974413092311
2025-02-15,https://n.news.naver.com/mnews/article/366/0001054180,0.1314198812761675,0.3231197395385206,0.143883439358825,0.3255524354128542,0.1293206081186286,0.3251449960057744,0.1273706559096276,0.3407104506499676
2025-02-15,https://n.news.naver.com/mnews/article/421/0008078206,0.3233816523029227,0.2703082106855243,0.2887865051465963,0.1831934591794418,0.2735425074440829,0.15262131177993,0.285324362265347,0.2057493716212613
2025-02-15,https://n.news.naver.com/mnews/article/018/0005944264,0.4850295448763998,0.3828572139755614,0.3535003529775999,0.2345098864998662,0.4065271527327684,0.2976492197082282,0.4243513114594985,0.3466679044618317
2025-02-15,https://n.news.naver.com/mnews/article/016/0002429257,0.1347840423995572,0.2875992053478545,0.2249518309524348,0.3448220722176331,0.2715234234654027,0.31275555289834,0.3392921358653016,0.3853055648658171
2025-02-15,https://n.news.naver.com/mnews/article/648/0000033454,0.2646664105742772,0.2946788534403218,0.3180345998917291,0.2787611894420133,0.3360767426564292,0.2773936221103038,0.4279457626949936,0.3147679752567178
2025-02-15,https://n.news.naver.com/mnews/article/001/0015215052,0.1956363411344951,0.2925007306901746,0.2115243745719453,0.2762336050448393,0.1806103598029388,0.2865750592383714,0.2249717797412129,0.316577108961053
2025-02-16,https://n.news.naver.com/mnews/article/009/0005444709,0.3490106048952675,0.356704004545091,0.3951939858578964,0.3253418091038939,0.3460935588707563,0.287727732394494,0.3777767784357851,0.2827240556833047
2025-02-16,https://n.news.naver.com/mnews/article/009/0005444708,0.3482801449627439,0.308217592263762,0.4179440432584925,0.3184232565567285,0.3403887790323205,0.2312579058343937,0.3516965079418285,0.1722657061391732
2025-02-16,https://n.news.naver.com/mnews/article/057/0001872004,0.3613770167541759,0.2527944714313673,0.213592573757866,0.1153828075334918,0.4149798408858006,0.2885889027739302,0.3237769394861514,0.2189649091012911
2025-02-16,https://n.news.naver.com/mnews/article/009/0005444663,0.2385519552550074,0.2428541864989536,0.2982723209904211,0.225454132142527,0.2840579478568019,0.2512946115857918,0.3936925645063326,0.2736701085256625
2025-02-16,https://n.news.naver.com/mnews/article/029/0002935683,0.2626301231059399,0.3184134787451596,0.2287820492692475,0.1870329525274621,0.2480109307303734,0.2567203679811924,0.3669616661904925,0.3189260376630908
2025-02-16,https://n.news.naver.com/mnews/article/029/0002935684,0.1737534833805444,0.3240486395388438,0.2158691681123353,0.3485899720863114,0.2468754650180416,0.3142373478123675,0.2969764129767454,0.3969576459076778
2025-02-16,https://n.news.naver.com/mnews/article/029/0002935681,0.2239325340399047,0.2923167304467948,0.2609215816914499,0.2833167793455311,0.2525100090638326,0.2784461751163521,0.2827905865678486,0.2943701484196423
2025-02-16,https://n.news.naver.com/mnews/article/029/0002935661,0.310075665412797,0.4029975519585209,0.3360272320742756,0.3803412557497115,0.2945731515867174,0.3493372867650368,0.4305223279208092,0.4040142806468132
2025-02-16,https://n.news.naver.com/mnews/article/009/0005444621,0.3025676020018725,0.3382568635830296,0.3457828489071071,0.2673456525821056,0.3134357601839687,0.2395366154044701,0.4488983212641916,0.351490873753989
2025-02-16,https://n.news.naver.com/mnews/article/014/0005308929,0.1319163035333007,0.2205779337991796,0.1803653099159387,0.1912730844585869,0.2651879303791533,0.2038388247404639,0.2730835843028047,0.2660358707387389
2025-02-16,https://n.news.naver.com/mnews/article/014/0005308928,0.3173525790885464,0.3798166417541213,0.3925207518047686,0.3150014768041149,0.4034557202252158,0.3335752310118304,0.4571124800912913,0.3827233416138811
2025-02-16,https://n.news.naver.com/mnews/article/014/0005308927,0.1914449185637811,0.3015517631619488,0.2863433884763425,0.3096871752651056,0.2792106216294621,0.2907974532121282,0.3057844006322572,0.3042200459073805
2025-02-16,https://n.news.naver.com/mnews/article/014/0005308926,0.3120401689531114,0.3372308288373518,0.3186554965125978,0.3440285342784859,0.343262503531814,0.299958910621347,0.347333791395135,0.3115321794529692
2025-02-16,https://n.news.naver.com/mnews/article/009/0005444619,0.3183638977155545,0.3138357931709643,0.3664726551944246,0.2406277862531395,0.315671727100158,0.1794171134321301,0.4648545970862984,0.3197895883205042
2025-02-16,https://n.news.naver.com/mnews/article/015/0005094880,0.14366520185506,0.2485501024167885,0.237633162862325,0.2340263180086217,0.227307530755588,0.2213748790611434,0.346226258537297,0.3564866945835875
2025-02-16,https://n.news.naver.com/mnews/article/015/0005094879,0.28702234213673,0.3017021316915197,0.2847331760416385,0.2965663375966288,0.3264857230982401,0.3042372888178009,0.2924255572328701,0.257719190064547
2025-02-16,https://n.news.naver.com/mnews/article/015/0005094878,0.173242349835849,0.2907179984505367,0.1789856578062693,0.3381117698735273,0.2571827400963516,0.3599467025809919,0.1870731915025072,0.2273592015843067
2025-02-16,https://n.news.naver.com/mnews/article/015/0005094876,0.1775996623908555,0.3164513482232103,0.2789097268586318,0.3684160473694084,0.2374617843844257,0.3100261521122122,0.2150494631081144,0.3093350783805322
2025-02-16,https://n.news.naver.com/mnews/article/015/0005094875,0.150668321098991,0.2093195052613823,0.2183831311888062,0.2731741158515613,0.2265055263082503,0.2672331958898313,0.242662999635122,0.2699059403381135
2025-02-16,https://n.news.naver.com/mnews/article/015/0005094874,0.2735996007112427,0.2436569230911751,0.2884137643035514,0.2189221860975041,0.3522937698655535,0.2688815895096981,0.306531792753739,0.2465372792412588
2025-02-16,https://n.news.naver.com/mnews/article/014/0005308922,0.120093288200211,0.242931977523712,0.2192505767451087,0.2064943745022201,0.1548239536187912,0.2303404745221158,0.3299684043222667,0.2931889551818524
2025-02-16,https://n.news.naver.com/mnews/article/014/0005308921,0.2502286645037403,0.2890564120277855,0.3061988670552145,0.364816705705674,0.288239019835209,0.3152249222195086,0.2613350778833487,0.3175416043098685
2025-02-16,https://n.news.naver.com/mnews/article/014/0005308920,0.2418862159795139,0.3830463741584868,0.1962046461100126,0.3491140249227568,0.2230953796741004,0.3383364542643733,0.2273916421323654,0.3532667749663454
2025-02-16,https://n.news.naver.com/mnews/article/014/0005308919,0.3091383211930592,0.2591679948414767,0.3548070828247753,0.1507914329562236,0.3266313232707891,0.1748030038758816,0.3763988658359025,0.1769715618302676
2025-02-16,https://n.news.naver.com/mnews/article/014/0005308918,0.3733043934261658,0.2785941914610347,0.3773075360381416,0.2772251055166973,0.3597845002812742,0.1958599073170319,0.3694816131181641,0.2035630288667028
2025-02-16,https://n.news.naver.com/mnews/article/015/0005094859,0.2868159683130873,0.2882021151677495,0.3977618878497202,0.2667155993246519,0.3758334093258292,0.2951631342924702,0.3892775004482212,0.273304278123222
2025-02-16,https://n.news.naver.com/mnews/article/018/0005944644,0.2521633134890342,0.3168082055411306,0.3165413423272702,0.344668794035966,0.3383882752620999,0.3403346132804727,0.317458405786217,0.3223222855704061
2025-02-16,https://n.news.naver.com/mnews/article/018/0005944643,0.1920694067958367,0.3152759456384184,0.2793808631568358,0.3502291375569776,0.3010644463548997,0.3633923795626519,0.2836223302268413,0.360618921220292
2025-02-16,https://n.news.naver.com/mnews/article/015/0005094858,0.3631789581152339,0.3951098136505779,0.1940218007629482,0.2367107156836459,0.2607779755458011,0.2978174110501684,0.266220980428378,0.3448238452448401
2025-02-16,https://n.news.naver.com/mnews/article/015/0005094855,0.4373226523594901,0.2738191311073353,0.4540647063897625,0.2118312746376719,0.3671484519105872,0.1710580985924402,0.4201592566309008,0.1976141571970718
2025-02-16,https://n.news.naver.com/mnews/article/009/0005444606,0.3700256102905068,0.3160138730309756,0.297296764164341,0.2523865115752087,0.2989726176379287,0.2447591763122227,0.318532588014961,0.2373533886823601
2025-02-16,https://n.news.naver.com/mnews/article/011/0004451146,0.3543715285709853,0.2556133456838975,0.3804292718489331,0.2243958504451758,0.3354602993681442,0.1638369421045619,0.297507538811851,0.1439617921051032
2025-02-16,https://n.news.naver.com/mnews/article/009/0005444584,0.3183638977155545,0.3138357931709643,0.3664726551944246,0.2406277862531395,0.315671727100158,0.1794171134321301,0.4648545970862984,0.3197895883205042
2025-02-16,https://n.news.naver.com/mnews/article/011/0004451141,0.3265871410911691,0.3213080890716286,0.3631416687026305,0.2906162515564688,0.3328973002032616,0.2165861011952415,0.4395051178248305,0.3171948193056325
2025-02-17,https://n.news.naver.com/mnews/article/015/0005095139,0.2721318243281017,0.276776936804267,0.2713244170362102,0.2394769463510222,0.2642639458705705,0.2156291635441574,0.4021638894755989,0.2949802006876233
2025-02-17,https://n.news.naver.com/mnews/article/277/0005547457,0.3132104412200423,0.3122557931645003,0.3110951596140353,0.2770089747449759,0.3141103126474693,0.2628301881995715,0.4527540380648861,0.3363891002029639
2025-02-17,https://n.news.naver.com/mnews/article/014/0005309209,0.4084069430524505,0.2841023116900321,0.3612180965546334,0.2359662626170421,0.4177855750611325,0.2504349747504683,0.3761862604457054,0.2277127086779303
2025-02-17,https://n.news.naver.com/mnews/article/016/0002429741,0.2793657639361926,0.276721642448436,0.2724381314626242,0.25017372846735,0.2716212638669615,0.212479979566412,0.4111499249817473,0.3085753467131555
2025-02-17,https://n.news.naver.com/mnews/article/029/0002935762,0.3208942706594123,0.3274400343258382,0.3575422313076377,0.2259608211245733,0.3105476819903942,0.2092013290951387,0.4472594179541747,0.2855287915140024
2025-02-17,https://n.news.naver.com/mnews/article/029/0002935761,0.2916346791968291,0.254724152948933,0.2904344764342844,0.2535221937780796,0.2632201325025325,0.1916388685021885,0.4399853463150192,0.2933581651922525
2025-02-17,https://n.news.naver.com/mnews/article/014/0005309206,0.4557829290782194,0.2440091266900158,0.2843257748614409,0.1888955846472921,0.4368430679413672,0.2406179333358122,0.2835911897682805,0.1216918630937276
2025-02-17,https://n.news.naver.com/mnews/article/011/0004451343,0.3240476544405796,0.2352415453705239,0.2757043217109867,0.2221511226079503,0.2900356470385002,0.2321751529736389,0.2875761577827012,0.1860528769501233
2025-02-17,https://n.news.naver.com/mnews/article/016/0002429736,0.1115052271605453,0.3541972073938746,0.2240443698317048,0.380038851394076,0.1523655706715898,0.355748419520268,0.1240883940723988,0.3237335902435845
2025-02-17,https://n.news.naver.com/mnews/article/008/0005154067,0.417177576536515,0.2769988625814673,0.3435799988716071,0.2172419944797746,0.4299148359985789,0.2797250293952422,0.385869272554421,0.2116173439573898
2025-02-17,https://n.news.naver.com/mnews/article/003/0013070941,0.2487348273921944,0.2013448410492544,0.2127875228766025,0.1216553145882472,0.2733873997495509,0.1909217409346651,0.357710567962776,0.2615458880672857
2025-02-17,https://n.news.naver.com/mnews/article/018/0005945006,0.1729945124649862,0.3387303125092044,0.2486852675631242,0.3744565803547752,0.2804127307465577,0.3374807697476017,0.2981316203716467,0.3726344271227663
2025-02-17,https://n.news.naver.com/mnews/article/003/0013070939,0.2396941259255645,0.2109908502281527,0.2425991502437936,0.2629964609532478,0.2045246298381811,0.2515409983530402,0.3132742820184616,0.2854686360686697
2025-02-17,https://n.news.naver.com/mnews/article/003/0013070935,0.311510795708345,0.2523335793373447,0.3063764116351214,0.1592701228713502,0.3003000200472329,0.1557970720668466,0.3981054341699678,0.2579735421167745
2025-02-17,https://n.news.naver.com/mnews/article/008/0005154066,0.3084442303739287,0.319248090906324,0.214445782348381,0.1510820969930115,0.3453805838321426,0.1761409784306946,0.3814263671321213,0.3435780867256365
2025-02-17,https://n.news.naver.com/mnews/article/016/0002429727,0.2993191674862851,0.2509993165673091,0.2813094402847711,0.1360469707124323,0.2705777869063686,0.1700231619528804,0.4283268494279267,0.2978676428865557
2025-02-17,https://n.news.naver.com/mnews/article/011/0004451338,0.2620788229591571,0.2888580880176611,0.2944895867929071,0.2261049281581065,0.2845676349136041,0.264821404955292,0.36812132204577,0.2644985524904722
2025-02-17,https://n.news.naver.com/mnews/article/417/0001058429,0.2965243470786949,0.2250214336450106,0.4195430949376349,0.2837596365138818,0.3035565050414856,0.1283553298880629,0.2901201464750309,0.1495032695240393
2025-02-17,https://n.news.naver.com/mnews/article/014/0005309199,0.2678176563268057,0.1558842777488822,0.211725308358648,0.1363489063959549,0.2400503345360197,0.137652607019263,0.3609699987876814,0.210401928237678
2025-02-17,https://n.news.naver.com/mnews/article/008/0005154062,0.450914200340532,0.2459466478501825,0.2915623777747906,0.207126104618205,0.4369174090378948,0.2472706387361915,0.2891245239163401,0.1390050226975771
2025-02-17,https://n.news.naver.com/mnews/article/417/0001058426,0.3942652497625451,0.308445795953826,0.2394296891660727,0.1164763477821124,0.2908988883783954,0.1380193958454721,0.293297208601493,0.1413821794350861
2025-02-17,https://n.news.naver.com/mnews/article/008/0005154061,0.435189659028896,0.2976144711434094,0.4760357388647047,0.2339599674163121,0.4311721915828599,0.2439102450687368,0.4314927030886505,0.2366023090924346
2025-02-17,https://n.news.naver.com/mnews/article/277/0005547440,0.3295129178275472,0.3094014459217903,0.371125483880152,0.2211732954084083,0.3458951882431393,0.2912830155786338,0.487703131197554,0.3173054019585158
2025-02-17,https://n.news.naver.com/mnews/article/016/0002429723,0.4083892250557025,0.2682051164909437,0.3482146630690581,0.3039567292504285,0.4699255381379301,0.33868682694574,0.3117466703010373,0.1796069787110342
2025-02-17,https://n.news.naver.com/mnews/article/001/0015217071,0.387725029048385,0.244771449393588,0.2702778279584411,0.1513742145596979,0.361073130663381,0.2018539350809368,0.401188127553257,0.300533527881947
2025-02-17,https://n.news.naver.com/mnews/article/009/0005444807,0.3760607124360973,0.2287340472333446,0.3417250524119423,0.2008649661134173,0.3814250802009217,0.2381943459455957,0.367638045458866,0.1852746933377545
2025-02-17,https://n.news.naver.com/mnews/article/003/0013070875,0.1342211916024125,0.3253963756414361,0.2479242381572417,0.3785316226227986,0.2004272822000267,0.3270150160871172,0.1903641991647304,0.3089720168341923
2025-02-17,https://n.news.naver.com/mnews/article/009/0005444803,0.3804582529195037,0.2392329045361454,0.2427526003754917,0.1448268442682188,0.3444191823397929,0.1743830669751594,0.3966154520543497,0.2686969069948072
2025-02-17,https://n.news.naver.com/mnews/article/003/0013070870,0.4016119084279212,0.2534868007562468,0.3359000830189279,0.1866427909645457,0.4065963945557248,0.2521065675110659,0.3710125889874162,0.1964604793749197
2025-02-17,https://n.news.naver.com/mnews/article/003/0013070869,0.3283544538738655,0.2530253695953715,0.2169889749562463,0.2152460559977278,0.3067257285535731,0.2127322503507817,0.321062901471322,0.279232837650749
2025-02-17,https://n.news.naver.com/mnews/article/277/0005547430,0.2517200292571067,0.1502622178468014,0.2062338717854575,0.1048861196677924,0.2028604738437135,0.1352811007259291,0.3088862836577171,0.1830221706946221
2025-02-17,https://n.news.naver.com/mnews/article/015/0005095125,0.3570339938734753,0.2267515121428475,0.3112687916303346,0.1873320083579314,0.3508006786168091,0.1488169757593928,0.3247381425668126,0.135897145138576
2025-02-17,https://n.news.naver.com/mnews/article/011/0004451322,0.3120386066670918,0.2462843882416081,0.4552842565342163,0.3016718319309177,0.343120498741828,0.1481847251258953,0.3266220375568652,0.1366118948180559
2025-02-18,https://n.news.naver.com/mnews/article/277/0005548548,0.1172074374217332,0.1797935924181678,0.1759914719969695,0.2367952838372025,0.1869367565738019,0.2109785362422513,0.2621547583178871,0.2175052077186045
2025-02-18,https://n.news.naver.com/mnews/article/021/0002691087,0.274237131216792,0.3770334017565164,0.1921842227830123,0.2659824702742643,0.1547115456470557,0.2884535237372578,0.219365738274946,0.3280093198015952
2025-02-18,https://n.news.naver.com/mnews/article/421/0008084241,0.2118635261869361,0.2512045838221856,0.215806224501341,0.1941090429288961,0.179898198458777,0.158775053509801,0.2116728363785736,0.1659370774822233
2025-02-18,https://n.news.naver.com/mnews/article/277/0005548529,0.3554905616449395,0.2889340853333247,0.2808860394856078,0.2409402220572263,0.2820145261254419,0.2270038698841795,0.3186013726686942,0.2572520566624094
2025-02-18,https://n.news.naver.com/mnews/article/057/0001872427,0.1740502211920025,0.2412992778627208,0.2278139990745426,0.2622435678959025,0.2897540955616793,0.24656316370298,0.3508918995128882,0.3212215637534146
2025-02-18,https://n.news.naver.com/mnews/article/648/0000033550,0.3660449688378551,0.3335619736809212,0.3607648718582236,0.3449604623537704,0.3992227084859348,0.3270615776526416,0.3678001729745894,0.2996600584907692
2025-02-18,https://n.news.naver.com/mnews/article/009/0005445970,0.2031452904946839,0.2269331122163281,0.2777547313426229,0.1825773541526715,0.2945179225553828,0.1435332628376902,0.4077047881331681,0.2959416524097769
2025-02-18,https://n.news.naver.com/mnews/article/057/0001872420,0.2832602243445073,0.2821174544107839,0.2007463956260718,0.2551167792959294,0.396929810210449,0.3528951122588681,0.2498912417201875,0.263790964309595
2025-02-18,https://n.news.naver.com/mnews/article/057/0001872418,0.1441145635762328,0.2372229258557752,0.1181607130156147,0.1935920359617503,0.2303394543116944,0.2245747337057134,0.0854400796241459,0.1845518241397546
2025-02-18,https://n.news.naver.com/mnews/article/057/0001872409,0.1129241813827956,0.2400928379343418,0.1426267555186825,0.2605884217096378,0.1849688008605866,0.2398195833311785,0.1583166957492937,0.2480835305524531
2025-02-18,https://n.news.naver.com/mnews/article/018/0005946446,0.4725305588371097,0.3306936587814242,0.3576426468498829,0.2561059959513387,0.3308972776942996,0.2395999761679163,0.4070731117921157,0.2806110190296497
2025-02-18,https://n.news.naver.com/mnews/article/015/0005095994,0.3444263058675,0.1901932990908345,0.1486334100763229,0.0495032032765622,0.2336867147881295,0.1146873299378934,0.2195386285242247,0.0925308622034386
2025-02-18,https://n.news.naver.com/mnews/article/015/0005095992,0.0518143666260725,0.2941491234180509,0.1476828232294674,0.28543759736586,0.1011773119937188,0.3454223086813221,0.2944791590632304,0.396290575877825
2025-02-18,https://n.news.naver.com/mnews/article/366/0001054897,0.1406836252062593,0.3200145106777817,0.1783201837118522,0.2724114467111391,0.2147937534527158,0.3141656250377272,0.2723525155944396,0.3531231545739966
2025-02-18,https://n.news.naver.com/mnews/article/008/0005155084,0.1797534739556358,0.3328583697228574,0.1840200496953552,0.2536692484111468,0.1744697847785192,0.3124362754632321,0.3079209454657518,0.3334957521774346
2025-02-18,https://n.news.naver.com/mnews/article/018/0005946435,0.2931756268057519,0.3452378398723987,0.4189105089594575,0.3564954952764205,0.3621203852992674,0.2912073448852855,0.3946182110043351,0.3464162441285208
2025-02-18,https://n.news.naver.com/mnews/article/648/0000033548,0.2570201170671741,0.2042551914503113,0.2357750932523259,0.1312927113694877,0.2673001366199899,0.1204068735227422,0.3697793218802227,0.2103973773407733
2025-02-18,https://n.news.naver.com/mnews/article/366/0001054894,0.2685764301527931,0.2488617163634296,0.2528212191663758,0.2550128192371004,0.2572579149726982,0.267738521454829,0.316979936207145,0.3305307742916009
2025-02-18,https://n.news.naver.com/mnews/article/003/0013074969,0.2724680332256618,0.1778591251448019,0.1898558908202905,0.1298443795495378,0.3058589455056361,0.1917562194100524,0.2483459603664353,0.1277461881773202
2025-02-18,https://n.news.naver.com/mnews/article/009/0005445955,0.3051601169798993,0.254205208304172,0.2850006002314752,0.2251923998964488,0.2743178027038969,0.1935266202906296,0.3453122136701848,0.2315432691576146
2025-02-18,https://n.news.naver.com/mnews/article/009/0005445954,0.2375245203972351,0.303070576914884,0.2997704671782092,0.2645379741977131,0.2840823930741041,0.2538972264528865,0.3829804495520733,0.3251656535785662
2025-02-18,https://n.news.naver.com/mnews/article/008/0005155078,0.2979161838107407,0.3473071251948771,0.3362383051036079,0.3286903538238492,0.3296637657311393,0.3873169129456182,0.3681648924176796,0.3271096476904055
2025-02-18,https://n.news.naver.com/mnews/article/011/0004452070,0.2358243396964293,0.3040351678427763,0.2392190956274082,0.2744677652445456,0.2727680342666603,0.2833305195328648,0.3294755446377866,0.2862589306514965
2025-02-18,https://n.news.naver.com/mnews/article/029/0002936261,0.249940639413547,0.3348751548023161,0.2442925785651375,0.3118386038247351,0.238567109625677,0.3311398037843174,0.3480158909951383,0.370088394055747
2025-02-18,https://n.news.naver.com/mnews/article/018/0005946413,0.2785927661635384,0.3482126015973028,0.30855706836265,0.3057180290153644,0.3146444625426247,0.2704980163929894,0.4109719716394414,0.3574806619369282
2025-02-18,https://n.news.naver.com/mnews/article/018/0005946411,0.4006685534941186,0.3424622794398714,0.3521913015317798,0.3013873188603618,0.348072479380394,0.2930451390565345,0.3946203243176172,0.298968804011459
2025-02-18,https://n.news.naver.com/mnews/article/014/0005310206,0.4039120709299565,0.3716162367959442,0.4044796809582195,0.2634035117762996,0.4164746458711634,0.2494299671663991,0.4394827568300609,0.2679354992002645
2025-02-18,https://n.news.naver.com/mnews/article/014/0005310204,0.2804728238952384,0.3270768489921553,0.3490373156166893,0.2380716506483228,0.3505985080319079,0.2590327346596791,0.4494323568808728,0.3418196246995827
2025-02-18,https://n.news.naver.com/mnews/article/014/0005310203,0.3557854215153602,0.352365156018068,0.3856430887385941,0.3112610931215357,0.3006537201048196,0.2888512665944527,0.4212786232494284,0.3484111082409006
2025-02-18,https://n.news.naver.com/mnews/article/014/0005310202,0.3250713198036365,0.2370372225476062,0.3023538885509902,0.1647574553404392,0.3211385697366622,0.1713404203510419,0.4078273353802442,0.2569538296176105
2025-02-18,https://n.news.naver.com/mnews/article/014/0005310201,0.3211858381066194,0.2646196897337075,0.3206806671225866,0.1443528462049229,0.3184070438653384,0.1095508215715412,0.4316685916065685,0.2861283289843748
2025-02-18,https://n.news.naver.com/mnews/article/421/0008084134,0.3532810329783374,0.250321883299745,0.3042771251216081,0.1930598599453175,0.3297657678191688,0.2275423075408475,0.4476373152983487,0.3118649108968348
2025-02-19,https://n.news.naver.com/mnews/article/003/0013077492,0.1842771912035522,0.4070497242908595,0.260355389734236,0.3286767712469675,0.1196208583448611,0.3063944181008752,0.2053871387167162,0.3421356930467957
2025-02-19,https://n.news.naver.com/mnews/article/421/0008086656,0.2205615777022938,0.4184999107197616,0.2419123004939319,0.3363254602822546,0.1536557215603727,0.2978392927599792,0.1997406567225935,0.3553393077162878
2025-02-19,https://n.news.naver.com/mnews/article/015/0005096567,0.1001887887800302,0.3559008241465149,0.0863742518717423,0.2593212248447934,0.0628356037344747,0.3064252549665924,0.1464313879030531,0.3162978193551339
2025-02-19,https://n.news.naver.com/mnews/article/421/0008086651,0.2518492654072208,0.4315247254205561,0.2898473877612254,0.352753160021597,0.1721034437605179,0.3052872947393237,0.2113556328748632,0.365759447292621
2025-02-19,https://n.news.naver.com/mnews/article/011/0004452573,0.2293221380560441,0.2779598455669351,0.2256259484163825,0.2567548468119757,0.1819810131416229,0.2191202905032442,0.1951619344471571,0.2217894578250722
2025-02-19,https://n.news.naver.com/mnews/article/011/0004452571,0.3173283698333791,0.2585756874328497,0.3595303853740841,0.2086395775062181,0.3556460338257066,0.2054531951941224,0.4169118104912029,0.2360048332664135
2025-02-19,https://n.news.naver.com/mnews/article/011/0004452570,0.2530035835372904,0.3330107192502905,0.3077553796982966,0.2978700366086764,0.2970997065774488,0.3026856110672591,0.3780745379803825,0.3801696758327781
2025-02-19,https://n.news.naver.com/mnews/article/009/0005446640,0.2153455133560694,0.3424468892813574,0.2765546682472234,0.3081812889770404,0.2991909956005462,0.3367595255991873,0.372180604918923,0.3843552265497628
2025-02-19,https://n.news.naver.com/mnews/article/009/0005446634,0.1691679558036321,0.2355494499040859,0.2735636726659926,0.2454692674669568,0.2369263747774522,0.2279663108632124,0.2878690525782654,0.2672377122671018
2025-02-19,https://n.news.naver.com/mnews/article/057/0001872643,0.1479545941737453,0.1942879536166989,0.2940198323875612,0.2595640382921126,0.2335985268675841,0.2351907228178992,0.2229205658377478,0.2805835595439584
2025-02-19,https://n.news.naver.com/mnews/article/057/0001872640,0.0767443175344981,0.2237756391584563,0.0671972259129349,0.194405095926313,0.1170800466208098,0.2149196204393103,0.0792801775905293,0.2217762362436178
2025-02-19,https://n.news.naver.com/mnews/article/003/0013077452,0.2623546733639228,0.4468427704964001,0.2565774035753949,0.4100030021571967,0.2300210143321071,0.369451964518793,0.2860482913707999,0.3943325834084312
2025-02-19,https://n.news.naver.com/mnews/article/011/0004452551,0.3819128445151759,0.3749538639647397,0.313697174051331,0.3060140557267586,0.35223654256118,0.3425862739979115,0.3489989531636028,0.3070064807955517
2025-02-19,https://n.news.naver.com/mnews/article/119/0002925189,0.4712286842637153,0.3471475184151452,0.4070795798172846,0.2761982053565502,0.4485881548525974,0.2709928913320444,0.5908253875902114,0.3934705476867519
2025-02-19,https://n.news.naver.com/mnews/article/057/0001872632,0.2059052683583905,0.3790639550555356,0.15886259897313,0.3303597233423873,0.156321585509207,0.3088460953134964,0.181640242333072,0.2923087167264473
2025-02-19,https://n.news.naver.com/mnews/article/119/0002925187,0.3679777530194614,0.3248802140555721,0.3449248187264503,0.2426228285996578,0.3785483197510178,0.2615893976730788,0.4895734884518817,0.352407543239281
2025-02-19,https://n.news.naver.com/mnews/article/277/0005549130,0.1219111813077088,0.3729940548882922,0.125553032522147,0.279057755128799,0.0473346815145913,0.3295036767114738,0.1609935903527537,0.3320184352347889
2025-02-19,https://n.news.naver.com/mnews/article/057/0001872627,0.2714017764054794,0.2640647727578984,0.2397934593913727,0.265212951442433,0.2599013456884365,0.2196199379720933,0.2547826974052166,0.2260905830281565
2025-02-19,https://n.news.naver.com/mnews/article/011/0004452547,0.2779124363370748,0.2506958398508137,0.3523802792676984,0.3023893883796955,0.2942108849575188,0.2418532759414339,0.3184844644125621,0.2520119689124493
2025-02-19,https://n.news.naver.com/mnews/article/648/0000033603,0.2883879808194919,0.442428002286551,0.2442609195188483,0.4284680736056932,0.2698200412215966,0.3780066168609691,0.2308983035091862,0.3233186497260542
2025-02-19,https://n.news.naver.com/mnews/article/014/0005310853,0.2158651558879277,0.256704561813753,0.3332486816882881,0.3047186025949492,0.1861748558812189,0.1661800785952958,0.3333164740069309,0.2308022661343843
2025-02-19,https://n.news.naver.com/mnews/article/018/0005947328,0.1942384606764941,0.1997562631625468,0.2638046884081179,0.2327817073907571,0.2032353898761925,0.1798504635222335,0.293938490149854,0.2987021262833659
2025-02-19,https://n.news.naver.com/mnews/article/014/0005310852,0.3569511326669662,0.3318218793148212,0.311992046741398,0.2818277291082952,0.2977314934003024,0.2499888542369936,0.3592783201070086,0.2726391631079711
2025-02-19,https://n.news.naver.com/mnews/article/366/0001055226,0.3147003572706287,0.3700763178794226,0.21248153775205,0.2992980297800914,0.2309273247828991,0.3093130204342202,0.2200167081633179,0.3066978548003159
2025-02-19,https://n.news.naver.com/mnews/article/008/0005155651,0.3268352578656673,0.2236181246652408,0.34336658112734,0.1901827802594221,0.3618973668790209,0.2266540902698174,0.4335388709783837,0.2849003916167698
2025-02-19,https://n.news.naver.com/mnews/article/469/0000849822,0.2805020275125329,0.3249292048374257,0.3622745243547647,0.3220375631800615,0.3453942787121642,0.2960510434389481,0.3535946441666812,0.2764583510509601
2025-02-19,https://n.news.naver.com/mnews/article/029/0002936543,0.1838563427816961,0.3324867899704288,0.3359842000722761,0.4271643894482138,0.254113590934323,0.3394116363556589,0.2497653704745039,0.4332605383690431
2025-02-19,https://n.news.naver.com/mnews/article/009/0005446613,0.2111259937082714,0.2243548575772625,0.2490309370383963,0.1308041389338897,0.2622568367719058,0.2379108632563957,0.3046488108391696,0.2419701145390263
2025-02-19,https://n.news.naver.com/mnews/article/014/0005310842,0.100622006329571,0.362291534573561,0.0862603083994808,0.2718423671240451,0.0268981988511234,0.3262209015296249,0.1384115616634469,0.3241415097768425
2025-02-19,https://n.news.naver.com/mnews/article/018/0005947308,0.2687021373046264,0.328427456332206,0.2269513092899846,0.2837980048622857,0.2670529815617922,0.3041501351029886,0.3915268369462873,0.3777659597857029
2025-02-19,https://n.news.naver.com/mnews/article/648/0000033600,0.3493073484082363,0.3029529865089604,0.3596870486917345,0.2576975430529397,0.3540888590986904,0.2604384257960332,0.499777850696399,0.3497459759496593
2025-02-19,https://n.news.naver.com/mnews/article/014/0005310808,0.3884233517944224,0.30752829996673,0.3698486011901599,0.2711011717153544,0.3211120181422983,0.220071864671618,0.4503864149482712,0.2982886775169204
2025-02-19,https://n.news.naver.com/mnews/article/014/0005310797,0.2777184972824887,0.2822548805072035,0.3504901522644669,0.2279324816584974,0.3564332965448971,0.2448288309761958,0.377504330577007,0.2698632339625291
2025-02-19,https://n.news.naver.com/mnews/article/014/0005310796,0.293857189648635,0.3498817963069048,0.2550332378627568,0.2538552910266404,0.2661195890717396,0.2673043657851015,0.3212736032364063,0.2821849559563534
2025-02-20,https://n.news.naver.com/mnews/article/020/0003616523,0.2994427691770943,0.2506267689825004,0.3685094982241221,0.1822261931827206,0.3179171767038123,0.1819460118676095,0.3858152498435698,0.1918609872769398
2025-02-20,https://n.news.naver.com/mnews/article/020/0003616510,0.2508756485870724,0.3491180115343262,0.3054202480977052,0.2837900035651587,0.3051968119597431,0.2330720036277048,0.4114553916405304,0.3233352945217272
2025-02-20,https://n.news.naver.com/mnews/article/277/0005549158,0.0220355522230343,0.1381478742042679,0.0331015847252499,0.1504772598974496,0.0233337628146674,0.1248189558375444,0.0501021090696792,0.138811825019245
2025-02-20,https://n.news.naver.com/mnews/article/001/0015223104,0.2097279300181703,0.2905872469769125,0.2293668454728828,0.3063569619339357,0.2252411657645873,0.2876043485771713,0.2201700884666587,0.273534026186132
2025-02-20,https://n.news.naver.com/mnews/article/277/0005549155,0.1485832128987809,0.2573296444002932,0.1901438680482529,0.2977250175153142,0.2096470007658395,0.2732324396106467,0.2316652991134837,0.2840278222628906
2025-02-20,https://n.news.naver.com/mnews/article/011/0004452581,0.2107945557696676,0.2991036287158702,0.2119132366095902,0.2473647835952847,0.223015212406849,0.2765447469696156,0.2840586550189826,0.2651464363259596
2025-02-20,https://n.news.naver.com/mnews/article/009/0005446669,0.2455592414977998,0.2924533006541358,0.2719231373370118,0.2672571220983474,0.2650058677719328,0.253609466320793,0.3286093952151934,0.2937824239144956
